t,flight_t,mode,scenario,x,y,z,xd,yd,zd,vx,vy,vz,vxd,vyd,vzd,pos_err,vel_err,att_err_deg,wx,wy,wz,wspx,wspy,wspz,thrust_norm,taux_norm,tauy_norm,tauz_norm,armed,nav_state,failsafe,preflight_ok
0,0,torque,figure8,0.007483656518,0.002147530438,0.01527190208,0,0,-0,-0.00169514562,-0.004159424454,-0.005217323545,0,0,-0,0.01714199507,0.006884387804,0.1234444748,0.0004251153732,-0.0007032795111,-0.0006624478265,2.090311654,-0.5811495441,-0.0009863899645,0.5962359121,0.2956965107,-0.08247303029,-0.0004815463398,0,255,0,0
0.0100312233,0,torque,figure8,0.007439630106,0.002340948209,0.01516254246,0,0,-0,-0.001690677949,-0.003902984783,-0.005336278584,0,0,-0,0.01705083073,0.00682404215,0.1210799436,0.0007939143106,-0.001516637043,-0.0002999595599,1.571403162,-0.4314932722,-0.001024916465,0.596166129,0.1610356881,-0.04357183287,-0.0003285021518,0,0,0,0
0.01999974251,0,torque,figure8,0.0073965583,0.002533442341,0.01503385603,0,0,-0,-0.001751615084,-0.003613498062,-0.005389114376,0,0,-0,0.01694533069,0.006720720006,0.1187924656,0.0002059926483,-0.000460385927,-0.0001768236398,1.181626608,-0.3185551057,-0.0009802086553,0.5961060918,0.06889786473,-0.0170483766,0.0004872480364,0,0,0,0
0.03001284599,0,torque,figure8,0.007326751947,0.002722775796,0.01488950849,0,0,-0,-0.001840915647,-0.003374669468,-0.005430395249,0,0,-0,0.01681642843,0.006653311732,0.1164063083,-8.244247147e-05,-0.0003814451338,0.000342754036,0.8885918872,-0.2340371499,-0.0008870815639,0.5960433026,0.007607720049,0.0005642659565,0.0006624181529,0,0,0,0
0.03999400139,0,torque,figure8,0.007191129494,0.003098274348,0.01460786164,0,0,-0,-0.001892794156,-0.002874470549,-0.005562134087,0,0,-0,0.01657411443,0.006540839874,0.116767355,-0.0003364783479,-3.264440238e-06,-0.00045250525,0.6689012211,-0.1650761715,-0.0008602571205,0.595907806,-0.03176637416,0.01308504701,0.00237772408,0,0,0,0
0.05001759529,0,torque,figure8,0.007125428878,0.003284714418,0.01447021961,0,0,-0,-0.001956071472,-0.002648185939,-0.005630633328,0,0,-0,0.01646050853,0.00652250995,0.1169993155,0.0005877620424,0.0007084714598,1.684597237e-06,0.5042128682,-0.1182693783,-0.0007149063357,0.595840548,-0.05567503233,0.01951671873,0.002436394631,0,0,0,0
0.05999612808,0,torque,figure8,0.007040703669,0.003470986616,0.01432561874,0,0,-0,-0.001945767901,-0.002419399098,-0.005676959641,0,0,-0,0.01633531783,0.006470500405,0.1192888903,-0.0001474340243,-0.0002614457626,-0.0004384267959,0.3811983949,-0.08284124992,-0.0005797260363,0.5957763832,-0.06855458391,0.02325080763,0.003163446061,0,0,0,0
0.07001614571,0,torque,figure8,0.006957840174,0.003656403627,0.01418286562,0,0,-0,-0.002031102777,-0.002246056683,-0.005818246864,0,0,-0,0.0162152553,0.006559126899,0.120260803,-0.0002469017345,-9.799192776e-05,4.971825547e-05,0.2879069981,-0.05648248301,-0.0004681520893,0.5956888045,-0.07438447664,0.02466956118,0.002840144173,0,0,0,0
0.08001327515,0,torque,figure8,0.006876298692,0.003840317717,0.01405851543,0,0,-0,-0.002070527524,-0.002045600675,-0.005870165303,0,0,-0,0.01611438426,0.006552129962,0.1226596113,-0.0001949950383,0.0007872835849,-0.0002399657824,0.2183781821,-0.03628314636,-0.0003686984671,0.5956305559,-0.075208135,0.02472928336,0.003234891204,0,0,0,0
0.09002327919,0,torque,figure8,0.006718800869,0.004205678124,0.01381477714,0,0,-0,-0.002056211,-0.001585235936,-0.005981959403,0,0,-0,0.01592727475,0.006521105347,0.1326728136,-0.001274716109,-0.0006698937505,0.0003746337024,0.1664399963,-0.01557155122,-0.0003332306506,0.5955138031,-0.07267193248,0.02545241429,0.002844658409,0,0,0,0
0.100020647,0,torque,figure8,0.006621649023,0.004394773394,0.01367934048,0,0,-0,-0.002091038041,-0.001368578058,-0.006048629992,0,0,-0,0.01582038637,0.006544568035,0.137066465,-0.0001713743259,-0.0005979152047,3.58987495e-06,0.1271012358,-0.004416184714,-0.0002672016608,0.5954477829,-0.06861206307,0.02400283563,0.003148524238,0,0,0,0
0.1100318432,0,torque,figure8,0.006433078554,0.004768913146,0.01341313124,0,0,-0,-0.002155500464,-0.000995891518,-0.006222353317,0,0,-0,0.01562175156,0.006660004727,0.1461251297,-0.0003601226781,0.0002609395597,-0.0006848224439,0.09648629216,0.008480927905,-0.000203694894,0.5953072027,-0.06353039676,0.02319564599,0.003910889216,0,0,0,0
0.1200056076,0,torque,figure8,0.006341545843,0.004954144824,0.01328255236,0,0,-0,-0.00223020697,-0.000781853334,-0.006266636308,0,0,-0,0.01553013045,0.006697450887,0.1510438358,-0.0003225394466,0.0005817810306,0.0002286737581,0.07412778158,0.01435880646,-0.0001652965895,0.5952486205,-0.05777817202,0.02116331695,0.002779080217,0,0,0,0
0.1300234795,0,torque,figure8,0.00623763632,0.005144345108,0.01314038038,0,0,-0,-0.002200681716,-0.0005742312642,-0.00641694013,0,0,-0,0.01542860947,0.00680807331,0.15700967,0.001029470121,0.0001355172863,-0.0001378380257,0.05813685811,0.01895165741,-0.0001267080076,0.5951589688,-0.05190385765,0.01932160443,0.002939947124,0,0,0,0
0.1400167942,0,torque,figure8,0.006136397831,0.005333321635,0.01300093532,0,0,-0,-0.002167497063,-0.0003655928303,-0.00647636503,0,0,-0,0.01533375417,0.006839225514,0.1631370604,0.00141936203,0.0003261612728,0.0005034382339,0.04615292124,0.02265444316,-0.0001135541445,0.5950933514,-0.04610465057,0.0175390561,0.002057239968,0,0,0,0
0.1501700878,0,torque,figure8,0.006037454121,0.005520735867,0.01286326349,0,0,-0,-0.002206771635,-0.0002276725136,-0.006566859316,0,0,-0,0.01524443913,0.006931472939,0.1682306805,-0.0002342727239,2.667546141e-05,0.0007168310112,0.03643492897,0.02499288807,-0.0001133160786,0.5950204826,-0.04052937031,0.01582519356,0.001587520918,0,0,0,0
0.1600065231,0,torque,figure8,0.005824059248,0.005901324563,0.01257805526,0,0,-0,-0.002321118955,0.000154538051,-0.006658431143,0,0,-0,0.01506495177,0.007053097227,0.1806943654,-0.0001131192694,-0.0001483143133,0.0002386445121,0.02735531129,0.03250757782,-9.453625251e-05,0.5948938224,-0.0360307337,0.01558239886,0.001969837114,0,0,0,0
0.1700603962,0,torque,figure8,0.005710036959,0.006094717886,0.0124309361,0,0,-0,-0.002371952171,0.0003633241868,-0.006751261652,0,0,-0,0.01497592336,0.00716503283,0.187414513,0.0008248233353,-0.0002278766624,-7.178440865e-05,0.02183375446,0.03405300965,-8.176087223e-05,0.5948169323,-0.03160428745,0.01410337793,0.002066377741,0,0,0,0
0.1800119877,0,torque,figure8,0.005598142277,0.006286723074,0.01228551567,0,0,-0,-0.002414604649,0.0005447868607,-0.0068201432,0,0,-0,0.01489281636,0.007255443585,0.1942352856,0.0004134849587,-0.0007498540799,0.0003164857626,0.01769429754,0.03525079813,-8.324612935e-05,0.5947467211,-0.02743849297,0.0128546627,0.001456358913,0,0,0,0
0.1900606155,0,torque,figure8,0.005488552619,0.006477156654,0.01214191318,0,0,-0,-0.002442826284,0.0007063621306,-0.006900552195,0,0,-0,0.01481566143,0.007354180328,0.2006772432,-0.0002744519734,0.0002566551266,0.0007487162366,0.01471424272,0.03608888955,-9.939564259e-05,0.594674257,-0.02364176255,0.0115305082,0.0008032449448,0,0,0,0
0.2000193596,0,torque,figure8,0.005358415656,0.006677779835,0.01197329164,0,0,-0,-0.002499352908,0.0009338659002,-0.007015465293,0,0,-0,0.01471954736,0.00750570608,0.2085972893,0.0001333708642,-0.0005529622431,0.0001783273474,0.01191358649,0.0379171945,-0.0001005628974,0.5945839621,-0.02055502627,0.0108792737,0.00121041858,0,0,0,0
0.2100157738,0,torque,figure8,0.005105340388,0.007075039204,0.01164196432,0,0,-0,-0.002587778727,0.001353716594,-0.007221104577,0,0,-0,0.01454840243,0.007789319525,0.2241484576,-0.0002334847813,0.0004397800949,3.483923138e-05,0.008333561649,0.04436350874,-8.558313779e-05,0.5944116599,-0.01804939094,0.011166096,0.00126530277,0,0,0,0
0.2200157642,0,torque,figure8,0.004982434213,0.007271705661,0.01147943735,0,0,-0,-0.002642925363,0.001555469469,-0.007305111736,0,0,-0,0.01447341825,0.007922701384,0.2313534061,-8.764717495e-05,0.001242697472,0.0003530606627,0.006961456156,0.0445612161,-9.638369248e-05,0.5943314378,-0.01552752868,0.01009689207,0.0007705483368,0,0,0,0
0.2300195694,0,torque,figure8,0.004830302205,0.007471198682,0.01132109761,0,0,-0,-0.002736998955,0.001770352013,-0.007371544838,0,0,-0,0.01439853744,0.008060085783,0.2395532731,-5.14277308e-05,-0.0007332513924,-0.0003746345465,0.005080492744,0.04533476016,-8.706593777e-05,0.594257147,-0.013506387,0.009691855764,0.001379266632,0,0,0,0
0.2400169373,0,torque,figure8,0.004534048028,0.00786662288,0.01101145148,0,0,-0,-0.002850410761,0.002185144927,-0.007400501985,0,0,-0,0.01427212005,0.008226003251,0.2562930395,-0.000364753505,-0.0004083326785,-0.0007289267378,0.001958350915,0.051143834,-5.527007775e-05,0.594137463,-0.0120482657,0.01021759661,0.001678369164,0,0,0,0
0.2500171661,0,torque,figure8,0.004389868118,0.008062380366,0.0108602345,0,0,-0,-0.002913246863,0.002420905512,-0.00742367981,0,0,-0,0.01422032393,0.008334195384,0.2650401797,-1.999051347e-05,8.935465303e-06,-3.193640077e-05,0.001413312439,0.05125006013,-5.804666842e-05,0.5940767297,-0.01035261456,0.009442084255,0.0008450912909,0,0,0,0
0.2600266933,0,torque,figure8,0.004225621,0.008258131333,0.01071059704,0,0,-0,-0.003032272682,0.002608637325,-0.007473236416,0,0,-0,0.01416931526,0.008476374746,0.2727251173,-0.0009904319886,0.0004901404609,-0.0004642169224,5.916699327e-05,0.05119197335,-4.900776478e-05,0.5940098865,-0.0089313107,0.00873648128,0.001184419097,0,0,0,0
0.2700352669,0,torque,figure8,0.004064127337,0.008451989852,0.01056280732,0,0,-0,-0.003065349301,0.002765437355,-0.007549312431,0,0,-0,0.01412537299,0.008604424925,0.2804562101,-0.0003577708267,-0.0004314023536,-0.0002950151975,-0.0002511911064,0.05103546629,-4.526553881e-05,0.5939369773,-0.007707634543,0.008300508848,0.0009169445898,0,0,0,0
0.280025959,0,torque,figure8,0.003749081399,0.008835477754,0.0102737546,0,0,-0,-0.003275995143,0.00311403512,-0.007573972456,0,0,-0,0.01405956301,0.00882011438,0.2960233295,0.0004422518541,-5.485958536e-05,-0.0001814346906,-0.004002937567,0.05606111184,-6.992764054e-05,0.5938258651,-0.007487452226,0.008949357916,0.0007190400955,0,0,0,0
0.2900192738,0,torque,figure8,0.003583821468,0.009016336873,0.01012188196,0,0,-0,-0.003344571916,0.003290029475,-0.007689396851,0,0,-0,0.01402107704,0.009007623393,0.3039465287,-3.088770973e-05,-0.000298963656,0.0003307430597,-0.004141042953,0.05554989642,-8.391669602e-05,0.5937415007,-0.006372011402,0.008393576873,0.0001091063627,0,0,0,0
0.3000180721,0,torque,figure8,0.003421270754,0.009196189232,0.00997158885,0,0,-0,-0.003412606427,0.003448372474,-0.007780156098,0,0,-0,0.01398955232,0.009168859485,0.3117177983,-0.001178097562,-0.0004698057892,0.0002876293729,-0.004295817895,0.05523225823,-9.606807327e-05,0.5936639569,-0.005332938471,0.007956493852,7.75659009e-05,0,0,0,0
0.3101079464,0,torque,figure8,0.003104323288,0.009552262723,0.009674727917,0,0,-0,-0.003534080693,0.003754449543,-0.007823779248,0,0,-0,0.01394571284,0.009370012777,0.3279510389,-8.312688442e-05,-0.002083469182,0.0003122727794,-0.006724920122,0.05946106352,-0.0001302464685,0.5935451358,-0.005252516902,0.008807542429,-1.823249239e-05,0,0,0,0
0.3200137615,0,torque,figure8,0.002937275451,0.009730314836,0.009531319141,0,0,-0,-0.003621961921,0.003959855996,-0.007825704291,0,0,-0,0.01393386732,0.009488978624,0.336540945,0.0004106714041,-0.0001575696369,2.827036587e-05,-0.006930274611,0.05943936049,-0.0001355885756,0.5934926123,-0.004653532701,0.008181462901,0.0002088476749,0,0,0,0
0.3300251961,0,torque,figure8,0.002772557316,0.00990740303,0.009389966726,0,0,-0,-0.003776859026,0.004133701324,-0.007865457796,0,0,-0,0.01392893334,0.009654925017,0.3447632837,0.0005740582128,-0.0002654009149,-4.12132249e-05,-0.007923678068,0.05940040007,-0.0001395932526,0.5934312362,-0.004290706832,0.00789645488,0.000229355794,0,0,0,0
0.340018034,0,torque,figure8,0.002610310446,0.01008365955,0.009250342846,0,0,-0,-0.003812858136,0.004311524797,-0.007959124632,0,0,-0,0.01393064081,0.009822158528,0.3528134882,0.0002050068288,0.0001092157399,0.0003834496893,-0.007577453162,0.05951777157,-0.0001549375813,0.5933568323,-0.003623785341,0.007629554424,-0.0002557619098,0,0,0,0
0.350086689,0,torque,figure8,0.002292990685,0.01043303031,0.008975356817,0,0,-0,-0.004004021641,0.00462265918,-0.008146442473,0,0,-0,0.01395216678,0.01018654466,0.3684573726,0.000301692111,-0.0006844853633,-0.0003679601359,-0.01064943147,0.06388519627,-0.0001539867235,0.593209562,-0.003886529666,0.008528473195,0.0004826427631,0,0,0,0
0.3600482941,0,torque,figure8,0.002140150405,0.01059886254,0.008843183517,0,0,-0,-0.004080326762,0.004770498723,-0.008183242753,0,0,-0,0.0139684654,0.01031368928,0.3761183064,-0.0002730160486,-0.0004130279412,0.0007249054033,-0.01036112588,0.06323076829,-0.0001791647572,0.5931522625,-0.003303250735,0.008081164378,-0.0006809771089,0,0,0,0
0.3700416088,0,torque,figure8,0.001989651704,0.01076392643,0.008712589741,0,0,-0,-0.004124560393,0.004930189345,-0.008257993497,0,0,-0,0.01399035547,0.01046485652,0.3833166009,-0.0006752848276,0.000952655857,-0.0005874306662,-0.009871624616,0.06296489561,-0.0001670567337,0.5930859557,-0.002775008272,0.00763198877,0.0006344193817,0,0,0,0
0.3800315857,0,torque,figure8,0.001841282588,0.01092803106,0.008598595858,0,0,-0,-0.00422843406,0.005057741422,-0.008241818286,0,0,-0,0.0140266901,0.01055405001,0.3904099225,-5.304637671e-05,0.0001651365601,-0.0003450095246,-0.01027194909,0.06273538383,-0.0001620723672,0.5930486927,-0.002655995159,0.007530648465,0.0003669334698,0,0,0,0
0.3900611401,0,torque,figure8,0.001694576,0.01109118108,0.008486092091,0,0,-0,-0.004353415687,0.005199653096,-0.008273619227,0,0,-0,0.01406768085,0.01069772852,0.3979538133,0.0007090163417,-2.455628237e-05,0.0007177718217,-0.01093632094,0.0629352042,-0.0001869314584,0.592999795,-0.002650125575,0.007473448487,-0.0007545902181,0,0,0,0
0.4000270367,0,torque,figure8,0.001443478046,0.01139589492,0.0082706213,0,0,-0,-0.004433888011,0.005495996214,-0.008281201124,0,0,-0,0.01415461856,0.01088318103,0.4123951217,2.823465729e-05,-0.0003455723636,5.591932495e-05,-0.01209796949,0.06693702513,-0.0002151379281,0.5929196592,-0.002587708626,0.008317301183,-0.0001167706844,0,0,0,0
0.4100458622,0,torque,figure8,0.001320732059,0.01154703647,0.008165150881,0,0,-0,-0.004469834268,0.005588304717,-0.008264169097,0,0,-0,0.01420380489,0.01093183694,0.418416677,-0.0004526501871,-6.782534911e-05,0.001024836558,-0.01142723884,0.0659382606,-0.0002473959753,0.5928857089,-0.002151831478,0.007878824195,-0.001142331629,0,0,0,0
0.4200234413,0,torque,figure8,0.001199680381,0.01169736031,0.008061110973,0,0,-0,-0.004521096125,0.005729378667,-0.008270876482,0,0,-0,0.01425654171,0.0110305706,0.4255755917,-0.0002697446907,-0.000519568217,0.0005128391786,-0.01111083223,0.0659148013,-0.0002648571306,0.5928462347,-0.001936920407,0.007813185204,-0.000647261818,0,0,0,0
0.4300911427,0,torque,figure8,0.001104499097,0.01183005609,0.007952213287,0,0,-0,-0.004548932891,0.005843460094,-0.008274735883,0,0,-0,0.01429712703,0.01110450675,0.4320343957,-0.0003056924324,-0.00135812792,0.0004602966073,-0.01043085675,0.06556426992,-0.0002807523062,0.5928057031,-0.001642398018,0.007745338539,-0.0006163817721,0,0,0,0
0.4400365353,0,torque,figure8,0.0009178362088,0.01209365297,0.007745206356,0,0,-0,-0.004604353104,0.00601861719,-0.008243435062,0,0,-0,0.01439052073,0.01119723368,0.4436131162,6.290228339e-05,-0.001184033928,-6.381196727e-05,-0.01123447973,0.06809021152,-0.0002797385323,0.5927384694,-0.001777438087,0.008211301402,-9.310840277e-05,0,0,0,0
0.4500982761,0,torque,figure8,0.0008266672376,0.0122247152,0.007644027472,0,0,-0,-0.004575775936,0.006167432759,-0.008260441013,0,0,-0,0.01444154412,0.01127873388,0.4498743565,0.00120934716,-0.0001162483386,0.0005664121127,-0.01012672252,0.06792640081,-0.0002981248498,0.5926974439,-0.001580191375,0.007915142655,-0.0007603885494,0,0,0,0
0.46002841,0,torque,figure8,0.0007602064288,0.01235423982,0.007544845343,0,0,-0,-0.004569218028,0.006263619289,-0.008282397874,0,0,-0,0.01449585619,0.01134498984,0.4548416545,-0.0002665255452,0.0003092656261,-0.0001780291495,-0.009232612479,0.06742286839,-0.0002948904715,0.5926559155,-0.001108065751,0.007657261922,-5.042832417e-06,0,0,0,0
0.4700484276,0,torque,figure8,0.0006947607035,0.01248286199,0.007446557283,0,0,-0,-0.004561527632,0.006371758878,-0.008371255361,0,0,-0,0.01455182982,0.01146668051,0.4600276156,5.097498615e-06,0.0002956503304,-0.001000917517,-0.008552469125,0.06729412983,-0.000267723748,0.5925977452,-0.0009603512351,0.007572916052,0.0008461581093,0,0,0,0
0.4800209999,0,torque,figure8,0.0005671433173,0.01273974497,0.007251679897,0,0,-0,-0.004512827378,0.006669193972,-0.008501854725,0,0,-0,0.01467002436,0.01171005094,0.4713829127,-0.0005707377568,0.0007998485235,-0.000247936754,-0.008026495552,0.07101298508,-0.0002415555182,0.5924939885,-0.000751050757,0.008314361113,8.962801509e-05,0,0,0,0
0.4902448654,0,torque,figure8,0.0005288311513,0.01286311168,0.007160425186,0,0,-0,-0.004499880597,0.006808849517,-0.008543150499,0,0,-0,0.014731293,0.01181502339,0.4767671899,-0.0001393727871,0.0004566497519,-1.419380806e-05,-0.007241890994,0.07064011613,-0.0002401372592,0.5924504349,-0.0006366167238,0.008169673493,-0.0001513024115,0,0,0,0
0.5000152588,0,torque,figure8,0.0004912334261,0.01298645418,0.007072329521,0,0,-0,-0.004448511638,0.006914000958,-0.008550088853,0,0,-0,0.01479551105,0.01186156332,0.4817324353,0.0003192244621,-0.0003070490202,-0.0007718662964,-0.006290569403,0.07026613159,-0.0002163916727,0.5924167131,-0.0004977594474,0.008104015974,0.0006340005343,0,0,0,0
0.5100097656,0,torque,figure8,0.000419093878,0.01323248353,0.006899565458,0,0,-0,-0.004306368995,0.007128417958,-0.008570005186,0,0,-0,0.01492910793,0.01195006884,0.4909699177,0.0008236800204,0.0003244229883,0.0007027730462,-0.004829226503,0.07272424722,-0.0002260146548,0.5923490357,-0.0002640253274,0.008518261754,-0.0008823426737,0,0,0,0
0.5200304985,0,torque,figure8,0.000415849383,0.01334718615,0.006808131933,0,0,-0,-0.004243112635,0.007213891484,-0.008556666784,0,0,-0,0.01498902829,0.0119691596,0.4950287365,0.00022599964,8.932143828e-06,0.0004806445504,-0.00387682902,0.0718184533,-0.0002366438507,0.5923192687,-2.234212973e-05,0.008255742175,-0.0006634586821,0,0,0,0
0.5301892757,0,torque,figure8,0.0004129002045,0.01346147992,0.006717830896,0,0,-0,-0.004207182676,0.007265003398,-0.008572649211,0,0,-0,0.01505028837,0.01199879056,0.4987044241,0.0001508181449,-0.0003951733524,-0.0005203890614,-0.003419143452,0.07093832618,-0.0002181920955,0.5922824661,1.994641551e-05,0.00804674605,0.0003696072899,0,0,0,0
0.5400152206,0,torque,figure8,0.0004098343197,0.01357555669,0.006628811359,0,0,-0,-0.004232722335,0.007324589882,-0.008534993045,0,0,-0,0.01511306864,0.01201714032,0.5026361958,0.0005812135059,-0.0001964379626,-0.0005662842887,-0.003687483966,0.07058213902,-0.000198649534,0.5922597306,-0.0001697482114,0.007900607562,0.0004307844176,0,0,0,0
0.5500259399,0,torque,figure8,0.0004066379333,0.01368900109,0.006541132927,0,0,-0,-0.004191476386,0.007336549927,-0.008527211845,0,0,-0,0.01517697352,0.01200444838,0.5054364575,-0.000441957236,-0.0002050557086,7.736930274e-05,-0.003195396389,0.06983142392,-0.0001966945639,0.5922299196,2.915069167e-05,0.007709486722,-0.0002219369699,0,0,0,0
0.5600292683,0,torque,figure8,0.0004655423691,0.01388218813,0.00637871027,0,0,-0,-0.004068905022,0.007472941186,-0.00856545195,0,0,-0,0.01528462697,0.01207343386,0.5117209086,0.0008397916681,0.0006526639918,0.0004202486598,-0.0009109625785,0.07150040764,-0.0002091404768,0.5921613619,0.0003112798964,0.007971143977,-0.0005863522324,0,0,0,0
0.5700590611,0,torque,figure8,0.0004949585418,0.01397892181,0.006298720837,0,0,-0,-0.003938686103,0.007540871855,-0.008574899286,0,0,-0,0.01534044077,0.01207919262,0.5146914348,0.0006150360568,-6.063133242e-06,-0.0009636265459,0.000409259055,0.07101234929,-0.0001766491942,0.5921299805,0.0005522729888,0.007922463333,0.0008459978432,0,0,0,0
0.5800316334,0,torque,figure8,0.0005244411877,0.01407583803,0.006219446659,0,0,-0,-0.003857327625,0.007620419841,-0.008606798016,0,0,-0,0.0153975898,0.01212545863,0.5183752661,-6.962577027e-05,-0.0007626534789,-0.0003199400089,0.001062058301,0.07097201852,-0.0001621852543,0.5920931306,0.0006905308131,0.008001275288,0.0002014643638,0,0,0,0
0.5900638103,0,torque,figure8,0.0005847001448,0.01417043991,0.006129801273,0,0,-0,-0.003742788453,0.007743429858,-0.008658016101,0,0,-0,0.01545049207,0.01220370494,0.5222467163,0.0002177601127,0.0001189985633,-2.321240027e-05,0.002408052612,0.07134522486,-0.0001558046975,0.592047661,0.0008536810877,0.007952653864,-9.705308822e-05,0,0,0,0
0.6000244617,0,torque,figure8,0.0007041875506,0.01436156966,0.00595331192,0,0,-0,-0.003493850818,0.007960793562,-0.00870499108,0,0,-0,0.01556253469,0.01230276787,0.5293758557,-8.207205974e-05,-1.427029656e-05,0.0004904338275,0.006066023075,0.07374980156,-0.0001608981228,0.5919718204,0.001606278266,0.008513358407,-0.0006285526228,0,0,0,0
0.6100344658,0,torque,figure8,0.0007634933572,0.01445788518,0.00586643815,0,0,-0,-0.003395498265,0.008079775609,-0.008684394881,0,0,-0,0.01562141039,0.01233818855,0.5336744341,0.0002516757813,-0.0005791650037,0.0005004348932,0.006410445034,0.07381133035,-0.0001682270666,0.5919455308,0.001469468491,0.008544110263,-0.0006431684558,0,0,0,0
0.6200358868,0,torque,figure8,0.0008221035823,0.01455495693,0.005785673857,0,0,-0,-0.00334575912,0.008214353584,-0.00866528973,0,0,-0,0.01568428027,0.01239987722,0.538161658,0.0002183895122,-5.364870958e-05,-0.0007135646883,0.006299742499,0.07418731155,-0.0001413588513,0.5919210943,0.001300686776,0.008505271193,0.0006152625601,0,0,0,0
0.6300401688,0,torque,figure8,0.0009075570852,0.01463554986,0.005706250668,0,0,-0,-0.003195594996,0.008309577592,-0.008659771644,0,0,-0,0.01573481097,0.01241984509,0.5410800659,9.846567264e-05,0.0004411434347,-0.0008478274685,0.007645236868,0.07381037394,-0.0001107003489,0.5918937349,0.001500769205,0.00830358084,0.0007750920675,0,0,0,0
0.6400208473,0,torque,figure8,0.000992232468,0.01471701823,0.005627900362,0,0,-0,-0.003100997536,0.008409501053,-0.008630761877,0,0,-0,0.01578760316,0.01244290739,0.544394615,-0.0006335171638,8.839097427e-05,0.0006426449399,0.008297371776,0.07375537243,-0.000120728054,0.5918727028,0.001617345992,0.008310054689,-0.0007485148823,0,0,0,0
0.6500711441,0,torque,figure8,0.001159500564,0.01488171332,0.005474954844,0,0,-0,-0.002868501004,0.008536291309,-0.00855948776,0,0,-0,0.01589921266,0.01242422625,0.5497773832,0.000460770505,-0.0001340740419,-0.000229720652,0.01156754416,0.07488952477,-0.0001050969804,0.591835367,0.002077253984,0.008577891518,0.0001477156041,0,0,0,0
0.660022974,0,torque,figure8,0.001264662249,0.01493328344,0.005400210619,0,0,-0,-0.002743270947,0.008597712032,-0.008523723111,0,0,-0,0.01592999057,0.01241370385,0.5519971968,0.0006845596945,-0.0005539488047,-0.0006071320386,0.01212083534,0.07400565956,-8.03018087e-05,0.5918173374,0.002008821139,0.008389223323,0.0005503500588,0,0,0,0
0.6700263023,0,torque,figure8,0.001472116914,0.01503924653,0.005268543959,0,0,-0,-0.002482154639,0.00868854858,-0.008517893963,0,0,-0,0.01600323779,0.0124179904,0.5557093729,0.0006070290692,-0.0002512547944,0.000197761794,0.01559830473,0.07411066089,-1.223388823e-05,0.5917711122,0.002655587302,0.008353522979,-0.0002220931773,0,0,0,0
0.6800169945,0,torque,figure8,0.001574587193,0.01509374008,0.0052113235,0,0,-0,-0.002311741002,0.00870887097,-0.008509518579,0,0,-0,0.01604550426,0.01239356633,0.5570746878,-0.0002543443115,-4.615980288e-05,0.0008423758554,0.01607674977,0.07310201179,-2.585188213e-05,0.5917525185,0.002687934665,0.008080297492,-0.0008867719209,0,0,0,0
0.6900599003,0,torque,figure8,0.001682273578,0.01512011047,0.005157977343,0,0,-0,-0.002161485376,0.008703802712,-0.008518974297,0,0,-0,0.01606401305,0.0123693623,0.5574992305,0.0007360665477,-0.0003830665373,-0.000585766742,0.01635390945,0.0717796059,1.084771449e-07,0.5917308021,0.002441044536,0.007834923143,0.0005854235237,0,0,0,0
0.7000286579,0,torque,figure8,0.001788986265,0.01514762919,0.005104899406,0,0,-0,-0.002054326236,0.008722121827,-0.008481168188,0,0,-0,0.01608449999,0.01233798522,0.5586839822,4.648160939e-06,-0.0009799548425,2.57838883e-06,0.01635214941,0.07111452399,9.944633587e-06,0.5917211366,0.002392557424,0.007799116673,-6.02109662e-06,0,0,0,0
0.7100572586,0,torque,figure8,0.001998784952,0.01520589553,0.005000144243,0,0,-0,-0.001853106311,0.008680162951,-0.008402670734,0,0,-0,0.0161312071,0.01222227914,0.558920238,0.0003268142464,-0.0001116089188,-0.0003745569556,0.0188439615,0.07008930689,3.939968439e-05,0.5917031393,0.002779336867,0.007492134554,0.0003969660869,0,0,0,0
0.720025301,0,torque,figure8,0.002116692252,0.01520562079,0.004945486784,0,0,-0,-0.001759337145,0.008674913086,-0.008431917056,0,0,-0,0.01612913913,0.01222483577,0.5587385519,-0.0006320839748,1.722753586e-05,0.0007994382759,0.01864797132,0.06919002428,2.608760872e-05,0.5916759484,0.002712478045,0.007329086407,-0.0008070486756,0,0,0,0
0.7301239967,0,torque,figure8,0.002233148785,0.01520699449,0.004890799522,0,0,-0,-0.001633843407,0.008680329658,-0.008433175273,0,0,-0,0.01612946232,0.01221212563,0.5591893478,-0.0005231705727,-0.000881718297,-0.0001771039242,0.01895037415,0.06863182378,4.132548226e-05,0.5916558069,0.002638671724,0.007395928168,0.0001975081854,0,0,0,0
0.7400426865,0,torque,figure8,0.002348512411,0.01520963293,0.004866272211,0,0,-0,-0.001512714662,0.008624211885,-0.008391976357,0,0,-0,0.01614091229,0.0121280915,0.5576290818,-6.807765021e-05,0.001093299827,0.0001947805576,0.01923896031,0.06745985708,4.543597238e-05,0.5916574551,0.002531517489,0.006926137483,-0.0001768286927,0,0,0,0
0.7500436306,0,torque,figure8,0.002462783596,0.01521357615,0.004841417074,0,0,-0,-0.001369084232,0.00860494934,-0.008347047493,0,0,-0,0.01615417969,0.01206618194,0.5573603366,0.0005517809768,-0.0001040517745,0.0007387967198,0.01982659751,0.06695908408,3.464727293e-05,0.5916598741,0.002485567262,0.007066197272,-0.0007401722129,0,0,0,0
0.7600319386,0,torque,figure8,0.002732115798,0.01520893537,0.004759073257,0,0,-0,-0.001190354116,0.008603133261,-0.008287454955,0,0,-0,0.01616864094,0.01200469718,0.556528685,0.001380126341,0.001189361908,-0.0004331556265,0.02277508403,0.06625911153,4.482425942e-05,0.5916452929,0.002957733203,0.006817321861,0.0004589296959,0,0,0,0
0.77014184,0,torque,figure8,0.002864061622,0.01520861778,0.004718005657,0,0,-0,-0.001075928332,0.008560264483,-0.008307940327,0,0,-0,0.01617913722,0.01197737961,0.5557318271,0.001620163326,2.824765261e-06,2.141408004e-05,0.02274468795,0.06566962228,5.415544627e-05,0.5916252713,0.00279052482,0.006933996949,2.211323211e-06,0,0,0,0
0.7800314426,0,torque,figure8,0.002994466107,0.01520974655,0.004676669836,0,0,-0,-0.0009382403223,0.008571991697,-0.008302032016,0,0,-0,0.01619180219,0.01197009073,0.5564525157,-2.072331154e-05,-0.0005608934443,0.0003122710332,0.02329454525,0.06575996444,5.616206582e-05,0.5916117989,0.003033806613,0.007112457501,-0.0002915941879,0,0,0,0
0.7900686264,0,torque,figure8,0.003144227667,0.01520829089,0.004627615213,0,0,-0,-0.0008018608205,0.008566464297,-0.008301013149,0,0,-0,0.01620472468,0.01195550545,0.5569681836,0.0002846941061,-0.0007761557354,0.0009074899717,0.02405282165,0.0655944669,4.062153918e-05,0.5915942863,0.003058285674,0.00716765929,-0.000908635998,0,0,0,0
0.8000307083,0,torque,figure8,0.003438128391,0.0152095817,0.004562437534,0,0,-0,-0.0005661076284,0.008569588885,-0.008272184059,0,0,-0,0.01624709016,0.01192423417,0.5577620227,-0.0003660682123,-0.0001463825756,0.0006105141947,0.02789717027,0.06515756192,2.529957467e-05,0.5915780478,0.003909414422,0.007046450124,-0.0006205069697,0,0,0,0
0.8100800514,0,torque,figure8,0.003582381643,0.01521238498,0.004529505968,0,0,-0,-0.0004447077517,0.008567533456,-0.008262714371,0,0,-0,0.01627164833,0.01191103872,0.5586537292,0.0004120645171,-0.0009273122996,-0.0002198549773,0.02785454924,0.06518290368,4.170469106e-05,0.591568508,0.003631329261,0.007216634554,0.0002387880637,0,0,0,0
0.8200221062,0,torque,figure8,0.003731518751,0.01520875376,0.004499673843,0,0,-0,-0.0003862098383,0.008600667119,-0.008237814531,0,0,-0,0.01629347991,0.01191562928,0.5592956737,0.0004191802582,0.0005553466617,-0.0001808470115,0.02746184666,0.06544641612,5.752249975e-05,0.5915640654,0.003409945316,0.007120134489,0.0002169644562,0,0,0,0
0.8300526142,0,torque,figure8,0.003878619988,0.0152071109,0.004469573498,0,0,-0,-0.0002461685217,0.008666454814,-0.008228329942,0,0,-0,0.01631799627,0.01195296832,0.5611735454,0.0007666091551,-0.0002553710656,-0.0001383984199,0.02813235173,0.06595459853,7.160423948e-05,0.5915555804,0.003414964354,0.007386187081,0.000186062192,0,0,0,0
0.8400194645,0,torque,figure8,0.004167275503,0.0152081633,0.004408448935,0,0,-0,-2.191194653e-05,0.008631088771,-0.008186700754,0,0,-0,0.01637341864,0.01189614403,0.5615084442,0.0004051775904,0.000259165914,0.0002674105926,0.0315214087,0.06494993824,5.783263647e-05,0.5915440835,0.004136386584,0.007112880291,-0.000242608026,0,0,0,0
0.8500406742,0,torque,figure8,0.004305586684,0.01519629732,0.004381418228,0,0,-0,5.3894335e-05,0.008615637198,-0.008178508841,0,0,-0,0.01639092293,0.0118793988,0.5618377044,-0.0002031444455,-0.0005421559326,0.0005143639864,0.0308820762,0.06463459984,5.1601365e-05,0.5915363675,0.003926307263,0.007187396961,-0.0004982229632,0,0,0,0
0.8600440025,0,torque,figure8,0.004441625439,0.01518591587,0.004367351532,0,0,-0,8.65621405e-05,0.008606792428,-0.008129248396,0,0,-0,0.01641383065,0.01183930101,0.5618681664,0.0004104677937,-2.040116487e-05,-0.0007087825797,0.03004418043,0.06446655114,7.859543337e-05,0.5915437916,0.003541096388,0.007111921485,0.0007701506966,0,0,0,0
0.8701598644,0,torque,figure8,0.004708126653,0.01516926568,0.004336684942,0,0,-0,0.0002715634473,0.0085609667,-0.008195199072,0,0,-0,0.01646450467,0.01185433192,0.5621296608,-0.0002760831849,0.0002906713635,-0.0003936648136,0.03276010175,0.06348912569,0.0001039508507,0.5915160146,0.004175780819,0.006883955622,0.0004622157126,0,0,0,0
0.8800289631,0,torque,figure8,0.004838562571,0.01516295969,0.004319787025,0,0,-0,0.0003679535876,0.008585207164,-0.008165779524,0,0,-0,0.0164920464,0.01185416075,0.5631259845,7.83564974e-05,0.0002237027365,-0.0003931644314,0.03254726567,0.06381250971,0.0001214487481,0.5915173836,0.003962476735,0.007017313386,0.0004791591871,0,0,0,0
0.8900351524,0,torque,figure8,0.004962354433,0.01515219081,0.004315644503,0,0,-0,0.0004338683793,0.008593723178,-0.008136302233,0,0,-0,0.0165178278,0.01184228584,0.5637259147,0.0009771566838,-0.0003299886012,0.000101670048,0.03203360881,0.06388930046,0.000123888803,0.5915233779,0.00363388764,0.007144717876,-2.062295316e-05,0,0,0,0
0.9000174999,0,torque,figure8,0.005084584001,0.01514294092,0.004310488701,0,0,-0,0.0005794003955,0.00858121179,-0.008141242899,0,0,-0,0.01654514935,0.01184283482,0.564722866,0.0007545499247,-0.00112144521,0.0003730854951,0.03256665769,0.06369347278,0.0001163810597,0.5915202425,0.003726720452,0.007231618047,-0.0003039065867,0,0,0,0
0.9100458622,0,torque,figure8,0.005205159541,0.01513517182,0.004304349422,0,0,-0,0.0006449183566,0.008567946963,-0.008093271405,0,0,-0,0.0165739113,0.01180367218,0.5652393445,0.0003802599676,-0.0005690968246,0.0004473280569,0.03228543829,0.0635904114,0.0001069770353,0.5915301847,0.003653741716,0.007152973737,-0.0003844436024,0,0,0,0
0.9200246334,0,torque,figure8,0.005423518829,0.01513408683,0.004267305136,0,0,-0,0.0007847717497,0.008507100865,-0.008061653003,0,0,-0,0.01663325085,0.01174635607,0.565459355,0.001006493811,0.0003622433287,-0.0002345165994,0.03409773181,0.06284171762,0.0001156111537,0.5915248455,0.003945626764,0.006874031345,0.0003124867444,0,0,0,0
0.9300518036,0,torque,figure8,0.005521669053,0.01514082961,0.004253476858,0,0,-0,0.0008719236939,0.008482607082,-0.008022268303,0,0,-0,0.01666810174,0.01170776078,0.5660821869,0.000322415086,-0.0002513153013,0.0001275232498,0.03369256046,0.06293413743,0.0001127321144,0.5915298326,0.003875910575,0.007015996664,-5.606922256e-05,0,0,0,0
0.9400279522,0,torque,figure8,0.005618587136,0.01514857076,0.004238963127,0,0,-0,0.0009730795864,0.008459447883,-0.008027052507,0,0,-0,0.01670378777,0.01170225253,0.5671920685,0.0004925781977,-0.001112794154,-3.902482422e-05,0.0336371257,0.06304671607,0.0001136130132,0.5915233369,0.003787220343,0.007184939595,0.000115366909,0,0,0,0
0.9500851631,0,torque,figure8,0.005714246538,0.01515752543,0.004223525524,0,0,-0,0.001055620611,0.008483938873,-0.008007551543,0,0,-0,0.01674041094,0.01171377119,0.5691490668,0.0006444561877,-0.001256480813,-0.0002015930513,0.03353552836,0.06366102162,0.0001204848715,0.5915226543,0.003702560567,0.007359354553,0.0002907260041,0,0,0,0
0.9600286484,0,torque,figure8,0.005887641571,0.01519585587,0.004202961922,0,0,-0,0.001137746731,0.008504360914,-0.007899149321,0,0,-0,0.01682983208,0.0116625547,0.5726014447,-0.0003103564668,-0.001023544464,0.0008559127455,0.03462712745,0.06442563838,0.0001063614738,0.5915426102,0.004056929511,0.007494100678,-0.000792697357,0,0,0,0
0.9700396061,0,torque,figure8,0.005971901584,0.01521635707,0.004191845655,0,0,-0,0.00111906731,0.008488974534,-0.007865984924,0,0,-0,0.01687520966,0.01162706838,0.573329765,1.08954473e-05,-0.0004304384929,0.001027171849,0.03336209639,0.06458586704,7.563841786e-05,0.5915469813,0.003674017057,0.007435839821,-0.0009862698452,0,0,0,0
0.9800407887,0,torque,figure8,0.006054440513,0.01523781382,0.004173099995,0,0,-0,0.001162491157,0.008493220434,-0.007866915315,0,0,-0,0.01691927845,0.01163505632,0.574653355,3.224218017e-05,-0.0001870538108,0.001347482903,0.03310938785,0.06485334347,3.613336526e-05,0.591539953,0.003598709451,0.007451597618,-0.001339244899,0,0,0,0
0.9900979996,0,torque,figure8,0.006132089533,0.01527348254,0.004150211811,0,0,-0,0.00120681012,0.008515064605,-0.007763066329,0,0,-0,0.01697368696,0.01158567714,0.5766479179,-0.001131484401,0.000121811303,0.000507529825,0.03304081529,0.06540628328,2.03806997e-05,0.5915579792,0.003734722442,0.007520963248,-0.0004918139844,0,0,0,0
1.000041008,0,torque,figure8,0.006282759365,0.01534723584,0.004103422165,0,0,-0,0.00126364606,0.008582906798,-0.00783575885,0,0,-0,0.01708358237,0.01169026121,0.5805557196,0.0007262149593,5.561608486e-05,0.0001845792431,0.03419057372,0.06673369465,-1.029993768e-06,0.5915226142,0.003738068536,0.007813222055,-0.0001719949082,0,0,0,0
1.010087252,0,torque,figure8,0.006356052123,0.01538544055,0.004078686237,0,0,-0,0.001279451884,0.008594471961,-0.007866702043,0,0,-0,0.01713904493,0.01172121779,0.582542544,-0.0006779187243,-0.0005402129609,0.0007020244957,0.03370758646,0.06693927898,-2.559038845e-05,0.5915057682,0.003799546892,0.007893911377,-0.0007174840026,0,0,0,0
1.020040512,0,torque,figure8,0.006431858987,0.01542148646,0.004051834345,0,0,-0,0.001294953981,0.008665243164,-0.007894251496,0,0,-0,0.0171932666,0.01179332657,0.5854478925,-0.0006364757428,-0.000281112385,-0.0004424843355,0.03351494038,0.06770523845,-1.681750233e-05,0.5914890209,0.00373755453,0.007986989671,0.0004578106969,0,0,0,0
1.030052185,0,torque,figure8,0.006578034256,0.01549689006,0.003993749619,0,0,-0,0.001231743023,0.00871779304,-0.007874226198,0,0,-0,0.01730243255,0.0118118815,0.5882525303,0.0002436390641,0.0001073014282,-0.0005120151327,0.03349186571,0.06858956881,2.45321483e-05,0.5914730943,0.003611571226,0.008086700328,0.0005623123827,0,0,0,0
1.040052176,0,torque,figure8,0.006648508832,0.01553564798,0.003962934017,0,0,-0,0.001260472462,0.008714972995,-0.007845120504,0,0,-0,0.01735695463,0.01179344991,0.5896239137,0.0002241063339,0.0001055731336,0.0006458686548,0.033427443,0.06830603647,-7.627742218e-07,0.591469318,0.003601145652,0.007959886725,-0.0006405621571,0,0,0,0
1.050083876,0,torque,figure8,0.006746159866,0.01557624154,0.003923118114,0,0,-0,0.001337248366,0.008717976511,-0.007824874483,0,0,-0,0.01742184919,0.01179067463,0.5917971082,-0.0001045022873,-0.0001819049212,-0.0001958359062,0.0343174702,0.0681248036,-2.147322352e-06,0.5914600158,0.003851380348,0.007910865561,0.0002104516962,0,0,0,0
1.060057163,0,torque,figure8,0.006841954775,0.01561768167,0.003883302212,0,0,-0,0.001329594175,0.008770771325,-0.007817087695,0,0,-0,0.01748726285,0.01182375196,0.5941951829,0.0005072029307,0.0001089911602,0.0007940313662,0.03424093922,0.06862177696,-2.626629853e-05,0.591447569,0.003734204913,0.007948000445,-0.0008133051166,0,0,0,0
1.07007122,0,torque,figure8,0.007028361317,0.01570271514,0.003802746534,0,0,-0,0.001265932922,0.008867270313,-0.007853079587,0,0,-0,0.01761913752,0.01191225957,0.5992511153,5.20727408e-05,-0.0004897184554,0.0006287760916,0.03494437321,0.07008946806,-5.463567598e-05,0.5914091945,0.003950807166,0.008319937043,-0.0006588470391,0,0,0,0
1.080043077,0,torque,figure8,0.007134125568,0.01575655304,0.003756344318,0,0,-0,0.001342429896,0.008922100067,-0.007868186571,0,0,-0,0.01769957157,0.01197139706,0.6026643697,-0.0003107118246,0.0001774765406,-0.0001301362936,0.03594861108,0.07034934116,-5.118077429e-05,0.5913885427,0.004205122448,0.008223538022,0.0001145605096,0,0,0,0
1.090139866,0,torque,figure8,0.007238369435,0.01581104845,0.003710001707,0,0,-0,0.001433540019,0.008909554221,-0.007842861116,0,0,-0,0.01778053311,0.01195598862,0.6051063601,0.0001053041779,-0.0001885181991,0.0002696089505,0.03685311528,0.06990780531,-5.996138602e-05,0.5913781587,0.004311382578,0.008116058546,-0.0003067362254,0,0,0,0
1.100059032,0,torque,figure8,0.007341015153,0.01586589776,0.003667801619,0,0,-0,0.001479005441,0.008931374177,-0.007811572868,0,0,-0,0.01786253017,0.01195732296,0.6079220663,8.317984611e-05,-0.0002360560029,-0.0007444259245,0.0372350099,0.07002267672,-3.840839948e-05,0.591370779,0.004351121604,0.008108093802,0.000739848377,0,0,0,0
1.110324144,0,torque,figure8,0.007442085072,0.01592164859,0.003625392914,0,0,-0,0.001560107339,0.009021800943,-0.007846107706,0,0,-0,0.0179451107,0.01205770431,0.611734255,0.0009286479908,0.0005066107842,0.0002842142421,0.03795136191,0.070775629,-4.333340993e-05,0.5913466773,0.004347984534,0.008140165871,-0.0003076747969,0,0,0,0
1.120064974,0,torque,figure8,0.007656850386,0.0160414204,0.003520458937,0,0,-0,0.001613889006,0.009150168858,-0.007868551649,0,0,-0,0.01812037962,0.01217556294,0.6190494393,-0.0003423625021,-8.898124361e-05,-4.231899948e-05,0.04014387081,0.07265769624,-3.230718009e-05,0.5913029055,0.004973306225,0.008613426097,4.316925668e-05,0,0,0,0
1.130060196,0,torque,figure8,0.007761408109,0.01610229537,0.003467768431,0,0,-0,0.001670028549,0.009181293659,-0.007925085723,0,0,-0,0.01820848126,0.01224304424,0.6221741675,0.0006099560997,-8.499225078e-05,-0.0006451373338,0.0402654978,0.07251429638,-1.282811438e-05,0.5912694709,0.004778028173,0.008503516802,0.0006653270523,0,0,0,0
1.140040636,0,torque,figure8,0.007864678279,0.01616387255,0.00341463089,0,0,-0,0.00177281315,0.009218455292,-0.007964731194,0,0,-0,0.01829709388,0.01231095965,0.6256175632,0.000578110863,0.0001652923238,-0.0004226076708,0.04094575124,0.07246820833,6.113219271e-07,0.5912401671,0.004861517273,0.008397646869,0.000444526253,0,0,0,0
1.15005064,0,torque,figure8,0.007966714911,0.01622612588,0.00336137414,0,0,-0,0.001848909655,0.009255698882,-0.007969003171,0,0,-0,0.01838625964,0.01235279079,0.6292103236,-0.0001433866273,-0.0002221025061,0.0005302732461,0.04133188845,0.07254082438,-1.178021929e-05,0.5912197542,0.004970048523,0.008417792267,-0.00053727876,0,0,0,0
1.160037518,0,torque,figure8,0.008172203787,0.01636503637,0.003237336874,0,0,-0,0.002013311256,0.009425312281,-0.008011396043,0,0,-0,0.01857632041,0.01253285284,0.6380059516,0.0009654706228,0.0008139034617,-0.0005217729486,0.04425571857,0.07478430711,1.386621444e-05,0.5911640427,0.00540604645,0.008741944769,0.0005666960643,0,0,0,0
1.170080662,0,torque,figure8,0.008273310959,0.01643574052,0.003175288439,0,0,-0,0.002070096321,0.009481676854,-0.008055279031,0,0,-0,0.01867253858,0.0126124944,0.6419653619,0.0005837579374,-0.0003070668899,0.0002240008907,0.04398936582,0.07484943579,1.050702549e-05,0.5911304046,0.005281606398,0.008832423163,-0.0001999766366,0,0,0,0
1.180032253,0,torque,figure8,0.008372945711,0.01650716737,0.003113001585,0,0,-0,0.00209763716,0.009546799585,-0.00810373947,0,0,-0,0.01876921877,0.01269693102,0.6460763578,9.194828453e-05,-0.0005022516125,-0.001187973074,0.04362978724,0.0751341303,4.729515563e-05,0.5910954966,0.005172864547,0.008852730437,0.001263474939,0,0,0,0
1.190049887,0,torque,figure8,0.008473410271,0.01659902558,0.003044217825,0,0,-0,0.002229938749,0.009627471678,-0.008095173165,0,0,-0,0.01888368592,0.0127746885,0.6514868634,0.0001084296964,-0.0002029072348,-0.0005639569717,0.04459231255,0.07571724458,6.800926661e-05,0.5910727048,0.005316585427,0.008878671983,0.000643692128,0,0,0,0
1.200055361,0,torque,figure8,0.008671456017,0.01678447984,0.002907454967,0,0,-0,0.002336162841,0.009791336954,-0.008134482428,0,0,-0,0.01911455486,0.01294209181,0.6618037732,-0.0002864159469,0.0001743060129,0.0001631645573,0.04676480446,0.07832051938,9.829049984e-05,0.5910130415,0.005780639157,0.00934629629,-5.738407005e-05,0,0,0,0
1.21023798,0,torque,figure8,0.008768751286,0.01687807217,0.002839267254,0,0,-0,0.002382727806,0.009918561205,-0.008178979158,0,0,-0,0.01923075032,0.01307482116,0.6671351328,0.0006116058212,0.0005814743345,-0.0006045111804,0.04643031237,0.07898155753,0.0001200426205,0.5909770444,0.005471966187,0.009336413972,0.000739716467,0,0,0,0
1.220060587,0,torque,figure8,0.008861794136,0.01697996818,0.002765119076,0,0,-0,0.002446472878,0.01005692128,-0.008216248825,0,0,-0,0.01935191458,0.01321490219,0.6733270478,0.0002941338171,-0.0002394493349,-0.001007041661,0.0465136401,0.07993036542,0.000153968076,0.5909406697,0.005452388528,0.009568489616,0.001175774118,0,0,0,0
1.230093241,0,torque,figure8,0.008954151534,0.01708260924,0.002691239119,0,0,-0,0.002543773036,0.01017637737,-0.008259057067,0,0,-0,0.01947396046,0.01335071014,0.6795682319,-0.0005671761464,-4.549732694e-05,-0.000251292513,0.04703261861,0.08051810549,0.0001652597251,0.5909029743,0.005615602965,0.009569893696,0.0004133091776,0,0,0,0
1.240060568,0,torque,figure8,0.009137042798,0.01728965715,0.002543956041,0,0,-0,0.002709608991,0.01036384981,-0.008379074745,0,0,-0,0.01972028163,0.01360000946,0.6909425945,-0.0009191912832,0.000170975487,-0.000245408999,0.04980494169,0.08300061729,0.0002017999887,0.5908190453,0.006213163412,0.01000783122,0.0004490610556,0,0,0,0
1.250067711,0,torque,figure8,0.009236821905,0.01739195175,0.00247451663,0,0,-0,0.002774556633,0.01048287097,-0.008391549811,0,0,-0,0.0198474708,0.01371155923,0.6970229708,-6.546584336e-05,-0.0003412806254,1.417422573e-05,0.04967840459,0.08322669635,0.0002037822735,0.5907906453,0.005951535359,0.00999698764,0.0001773822647,0,0,0,0
1.260051966,0,torque,figure8,0.009335882962,0.01749482937,0.002405762672,0,0,-0,0.002876147861,0.01056319475,-0.008322425187,0,0,-0,0.01997537132,0.01375194789,0.7024572101,0.0001369110396,0.0001242567814,0.0002801344381,0.05003797173,0.08306546618,0.000198289457,0.5907832168,0.005914912093,0.009779372689,-0.0001073472083,0,0,0,0
1.270077229,0,torque,figure8,0.009532565251,0.01770071499,0.002268224955,0,0,-0,0.003046966158,0.01069498248,-0.008382081054,0,0,-0,0.02023190441,0.01392572928,0.713005335,-0.0003567242529,7.188519521e-05,0.0007443648065,0.05273322573,0.08476783972,0.0001838878781,0.5907181281,0.006506159013,0.01007978299,-0.0005825850798,0,0,0,0
1.280036211,0,torque,figure8,0.009634477086,0.01780511998,0.002216130495,0,0,-0,0.003190659918,0.01077755354,-0.008425916545,0,0,-0,0.02036557587,0.01404749233,0.7189226471,-8.802292723e-05,0.000158167255,-0.0004540534865,0.05327310165,0.08454294257,0.0002013818341,0.5906880878,0.006469677717,0.009905926107,0.0006393513341,0,0,0,0
1.29005146,0,torque,figure8,0.009736172855,0.01790987514,0.002163618803,0,0,-0,0.00332778343,0.01082983892,-0.008446258493,0,0,-0,0.02049970575,0.01413148386,0.724336552,0.0006616805331,-0.0003509604139,-0.000897559803,0.05369976028,0.08419555673,0.0002314856329,0.5906638502,0.006352798419,0.009808534482,0.001100712521,0,0,0,0
1.300050259,0,torque,figure8,0.009837608784,0.01801495254,0.002111136913,0,0,-0,0.003470346332,0.01089939941,-0.008423241787,0,0,-0,0.02063429089,0.01420532341,0.7302649056,-0.0001066546392,-0.0003538088058,-0.0004358708684,0.05429833276,0.08420691014,0.0002506055844,0.5906505914,0.006494955869,0.009743271183,0.0006397138374,0,0,0,0
1.310094833,0,torque,figure8,0.009938908741,0.01812047325,0.002058655024,0,0,-0,0.003583763726,0.01096033677,-0.008432897739,0,0,-0,0.02076948527,0.01428587095,0.7356108898,0.0005602744059,-0.0001340801973,-0.0002407258435,0.05456616738,0.08425660911,0.000264570762,0.5906290809,0.006368196466,0.009668144527,0.0004471709685,0,0,0,0
1.32005477,0,torque,figure8,0.01005048305,0.01821055636,0.002032309771,0,0,-0,0.00366842025,0.01101123821,-0.008442455903,0,0,-0,0.02089896781,0.01435199414,0.7403889781,-0.0009069094667,0.0005724275252,-0.0005391854211,0.05481582889,0.0840731286,0.0002864613932,0.5906170586,0.006541057497,0.00948373759,0.0007638586111,0,0,0,0
1.330044508,0,torque,figure8,0.01027204376,0.01839262247,0.001977801323,0,0,-0,0.003853809787,0.01115163229,-0.008425908163,0,0,-0,0.02115928029,0.01449850617,0.750947753,0.0003115708532,-0.000517041597,0.0005965301534,0.057763896,0.08599681567,0.0002931085446,0.5906013666,0.006970311043,0.01003410145,-0.0003755760176,0,0,0,0
1.340050936,0,torque,figure8,0.01038166508,0.01848464273,0.001944065094,0,0,-0,0.003915337846,0.0111885136,-0.008392413147,0,0,-0,0.02128944282,0.01452395626,0.7554237769,0.0008577459375,-0.0007572424365,-0.0005183770554,0.05727319149,0.0856249181,0.0003163482424,0.5905975729,0.006663809544,0.009914404454,0.0007670313227,0,0,0,0
1.350060701,0,torque,figure8,0.01059417054,0.0186699871,0.001920640469,0,0,-0,0.004182676785,0.01124868728,-0.008320872672,0,0,-0,0.02155211654,0.01460358424,0.765001301,-0.0006823497242,0.0001241020072,-0.0002198725124,0.06080308853,0.08643126509,0.0003586609865,0.5906071293,0.007579810975,0.009932967326,0.0004985745663,0,0,0,0
1.360045671,0,torque,figure8,0.01070031151,0.01876363531,0.0019082129,0,0,-0,0.004327110946,0.01135127619,-0.008221506141,0,0,-0,0.02168437117,0.01466862378,0.77135573,-0.0003661119554,-0.0002501923591,-0.0004013601865,0.0609906854,0.08674088379,0.0003838028771,0.5906277301,0.007428883695,0.01000181764,0.0007004554659,0,0,0,0
1.370064497,0,torque,figure8,0.01080641896,0.01885791682,0.001895576715,0,0,-0,0.004430001136,0.01140554063,-0.008144848049,0,0,-0,0.02181726217,0.01469863316,0.7760039152,0.0008225177298,0.0004949956201,-0.0002560297726,0.06076115609,0.08659289732,0.0004025377236,0.5906425852,0.007088376397,0.009815042238,0.0005613920025,0,0,0,0
1.380061865,0,torque,figure8,0.0109046679,0.01893335767,0.001908779144,0,0,-0,0.004558047745,0.01149772853,-0.0081090983,0,0,-0,0.02193233349,0.01478955834,0.7811763408,0.001038725022,-3.48620888e-05,-0.0002252847626,0.06090059875,0.08672420985,0.0004213698252,0.5906564046,0.006995943719,0.009881450323,0.0005415206427,0,0,0,0
1.39006424,0,torque,figure8,0.01100315712,0.0190098919,0.001920908689,0,0,-0,0.004701272584,0.01154908445,-0.008038095199,0,0,-0,0.0220484772,0.01483557515,0.7855981955,0.0005369671271,0.0007182286936,0.0004996907082,0.06129797419,0.08643240247,0.0004205440663,0.5906788095,0.0070739497,0.009678625631,-0.0002020714049,0,0,0,0
1.400066614,0,torque,figure8,0.0112007549,0.01916533895,0.001963943243,0,0,-0,0.004941352643,0.01164582185,-0.007911286317,0,0,-0,0.02228506676,0.01492081043,0.7949609701,3.564783037e-05,3.771943739e-05,0.0002823022078,0.06433071448,0.08752838892,0.0004738149892,0.5907264383,0.00774357356,0.01000622445,6.652560922e-05,0,0,0,0
1.410089016,0,torque,figure8,0.01129984111,0.01924411021,0.001983493567,0,0,-0,0.00502589019,0.01162115671,-0.007873723283,0,0,-0,0.02240438425,0.01490994211,0.7980440494,0.0005359177594,-0.0001744612382,-0.0005290847621,0.06367640833,0.08657276404,0.0004968606544,0.5907430166,0.007402437267,0.009776947314,0.0008943251892,0,0,0,0
1.420043945,0,torque,figure8,0.01137679536,0.01930179819,0.002032101154,0,0,-0,0.005120348651,0.0115929544,-0.007809356321,0,0,-0,0.02249711807,0.01488625568,0.8003689116,0.0007163097616,-4.716461626e-05,-0.001637703856,0.06308691637,0.08557879884,0.0005509630756,0.5907769352,0.007155946605,0.009517379586,0.002049864966,0,0,0,0
1.430062771,0,torque,figure8,0.01153246406,0.01941940002,0.002124220133,0,0,-0,0.00528529007,0.01160428673,-0.007669936866,0,0,-0,0.02268530661,0.01488024506,0.806141731,8.639263797e-06,-0.0001722722518,0.001231766306,0.06464529443,0.08582286292,0.0005654737388,0.5908456069,0.007547185522,0.009600509829,-0.0008585265468,0,0,0,0
1.440047979,0,torque,figure8,0.01161074452,0.01947957836,0.002167731524,0,0,-0,0.005336861126,0.01164233778,-0.007625042927,0,0,-0,0.02278074673,0.01490528078,0.809341538,-0.0001294989197,0.0001772086543,-9.976995352e-05,0.06383282795,0.08584406276,0.0005837046023,0.5908727244,0.007297574343,0.009561773066,0.0005139423179,0,0,0,0
1.450113773,0,torque,figure8,0.0116848154,0.01951738633,0.002243459225,0,0,-0,0.005426629912,0.01171079092,-0.007591063622,0,0,-0,0.02285817992,0.01497381658,0.8132138432,-0.0004041038337,-0.0005769691779,-0.0004868081596,0.06366936558,0.08592843399,0.0006124894357,0.5909086915,0.007244862747,0.009688929452,0.0009302232372,0,0,0,0
1.460044146,0,torque,figure8,0.01175966393,0.01955643669,0.002309769392,0,0,-0,0.005536858458,0.01166567579,-0.007515824866,0,0,-0,0.02293641093,0.01494096438,0.8155645293,0.0001325975318,-0.001447595423,0.0003425285977,0.06376229703,0.08490162446,0.0006134673463,0.5909517022,0.007152030733,0.009572120095,7.082025272e-05,0,0,0,0
1.470138788,0,torque,figure8,0.01183531899,0.0195965264,0.002374023199,0,0,-0,0.005642817821,0.01168015506,-0.007455104031,0,0,-0,0.02301596421,0.01496148359,0.8182577373,0.0004588112934,3.989667312e-05,-0.0004519964859,0.06394272281,0.08468902203,0.0006424468899,0.5909903744,0.007116500826,0.009339215942,0.0009024969626,0,0,0,0
1.480060577,0,torque,figure8,0.01200331561,0.0196601022,0.002516180277,0,0,-0,0.00582927186,0.0116495816,-0.007304421626,0,0,-0,0.02317175797,0.0149347828,0.8226835674,-0.0004356853606,-3.06428301e-05,-0.0009235826437,0.06631372446,0.08413043272,0.0006955302163,0.5910800312,0.007748423525,0.009250153918,0.001413947807,0,0,0,0
1.490086794,0,torque,figure8,0.01209572982,0.01968369633,0.002593934536,0,0,-0,0.005967828911,0.01160632912,-0.007212312426,0,0,-0,0.02324829193,0.01491104651,0.8249266072,-0.0005985200987,-0.0001866889361,-0.0005850940361,0.06676621617,0.08324509427,0.0007276330269,0.5911315131,0.007798198366,0.009105166157,0.001084078827,0,0,0,0
1.500061512,0,torque,figure8,0.01218879782,0.01970820501,0.002669721842,0,0,-0,0.006063422188,0.01154218428,-0.007145771291,0,0,-0,0.02332611309,0.01486772188,0.8265121946,-8.554726082e-05,-0.0006137900054,-0.0003017034323,0.06679030628,0.08241763494,0.0007515744833,0.5911757999,0.007662609472,0.009021635329,0.0008064628488,0,0,0,0
1.510084152,0,torque,figure8,0.01228245441,0.01973397471,0.002743393183,0,0,-0,0.006169693079,0.01156959124,-0.007043526974,0,0,-0,0.02340544061,0.01488394526,0.8300592312,-0.0003956655564,-0.001312760287,0.000214792075,0.06716276808,0.08275439691,0.0007684028873,0.5912283085,0.007732611517,0.009248728103,0.0003029460991,0,0,0,0
1.52005434,0,torque,figure8,0.01250399556,0.0197514277,0.002883523703,0,0,-0,0.006422825623,0.01149918605,-0.00687025534,0,0,-0,0.02355384278,0.01485544941,0.8336466363,-1.673766747e-05,0.0008254544227,-0.0007977780188,0.07065413478,0.0813875566,0.0008346434982,0.5913230643,0.008419216289,0.008686707554,0.001367011701,0,0,0,0
1.530100346,0,torque,figure8,0.01261568535,0.01976217143,0.002951145172,0,0,-0,0.006579944864,0.01148346718,-0.006765855011,0,0,-0,0.02363066217,0.01486413425,0.836104851,0.0001279028074,0.0005011312314,0.000108687891,0.07118362913,0.08108480803,0.0008572612104,0.5913740606,0.008405697492,0.008732445846,0.0004644352746,0,0,0,0
1.540063143,0,torque,figure8,0.01272820495,0.01977441274,0.003016978502,0,0,-0,0.006740705576,0.01148173958,-0.006699167658,0,0,-0,0.02370942343,0.01490457322,0.8392763518,0.0002200310846,-0.0005792384036,-0.00028746319,0.07184254197,0.08104327122,0.0008916749696,0.5914147889,0.008438891125,0.008933923647,0.0008981088928,0,0,0,0
1.550115108,0,torque,figure8,0.01284477767,0.01977238432,0.00308021903,0,0,-0,0.006928037386,0.01146022789,-0.006635929924,0,0,-0,0.02377862999,0.01494557096,0.8417841563,0.0001716650877,0.000538563123,0.0003095031425,0.07278368306,0.08051335721,0.000906108606,0.5914537675,0.008559607587,0.008710519578,0.0003010818556,0,0,0,0
1.560071468,0,torque,figure8,0.01308042556,0.01977260411,0.003202050924,0,0,-0,0.007203124464,0.0113368053,-0.006493380759,0,0,-0,0.02392292909,0.01491885217,0.8450757162,0.0001332422398,-0.000196345005,0.0007954245666,0.07615806569,0.07865520774,0.0009339095238,0.5915340818,0.009220488632,0.008457666622,-0.0001976264358,0,0,0,0
1.570090294,0,torque,figure8,0.01319927722,0.01977427304,0.003260225058,0,0,-0,0.007357394323,0.01127505116,-0.006478751544,0,0,-0,0.02399733028,0.01494095885,0.8472529434,-0.0007008587709,4.672550494e-05,0.0001249473135,0.07628105466,0.0782112614,0.0009593538158,0.5915588442,0.00921058787,0.008404828633,0.0005089212997,0,0,0,0
1.580067873,0,torque,figure8,0.01333940122,0.0197631605,0.003288596869,0,0,-0,0.007566791493,0.01124523673,-0.006369315553,0,0,-0,0.02406942058,0.0149759762,0.8503114246,-0.0003699297085,0.0004264982708,-0.0002356682526,0.0774150222,0.07785592435,0.0009952498768,0.591596879,0.009291833427,0.008350915096,0.0009077690055,0,0,0,0
1.590218306,0,torque,figure8,0.01348049939,0.01975360885,0.003316521645,0,0,-0,0.007793333847,0.01122149546,-0.006286240183,0,0,-0,0.02414390694,0.01503910996,0.8538484952,2.49436971e-06,-0.0001286457555,-0.0005379326176,0.07863663645,0.07762068472,0.00104755002,0.5916280512,0.009385061463,0.008449702599,0.001258664287,0,0,0,0
1.600070715,0,torque,figure8,0.01376524661,0.01973808929,0.00337049365,0,0,-0,0.008106024005,0.01105921157,-0.006153808907,0,0,-0,0.02429885616,0.01502940949,0.8574657624,-0.0002818662033,3.374847438e-06,-0.000313283148,0.08256548036,0.07539292334,0.001106000937,0.5916812568,0.01018737134,0.007999558204,0.001043227558,0,0,0,0
1.610066414,0,torque,figure8,0.01392258331,0.01973510347,0.003381639719,0,0,-0,0.00831270311,0.0109745888,-0.006067974959,0,0,-0,0.0243874583,0.01504536316,0.8603909318,-0.0005927921156,0.0003309260646,0.0004610674514,0.08316583724,0.07494257447,0.001128483178,0.5917070507,0.01017563595,0.007951458771,0.0002790183364,0,0,0,0
1.62007618,0,torque,figure8,0.01408108138,0.01973295212,0.00339230895,0,0,-0,0.008564251475,0.01087549608,-0.006074473262,0,0,-0,0.02447803121,0.01511694558,0.8636929966,0.0002701100602,-0.0001999383385,0.000639772159,0.08429918207,0.07436145881,0.001148496507,0.5917092624,0.01014284516,0.007985476973,0.0001141810308,0,0,0,0
1.630078554,0,torque,figure8,0.01440065447,0.01973190159,0.003421396017,0,0,-0,0.008912035264,0.01082898956,-0.006055913866,0,0,-0,0.02466642942,0.01527630453,0.871241174,0.0001390396064,0.0001077194975,-0.00015160568,0.08862222605,0.07400067487,0.001226574994,0.5917244686,0.01097471067,0.00795377117,0.0009811457205,0,0,0,0
1.640073538,0,torque,figure8,0.0145739289,0.01973688416,0.003404825926,0,0,-0,0.009147062898,0.01075116731,-0.005974276457,0,0,-0,0.02476967581,0.01532802458,0.8751967883,0.0006677815109,-0.0005199592561,-0.0003080373572,0.08913191993,0.07377981327,0.001275063518,0.5917391559,0.01079751124,0.008070624365,0.00118347737,0,0,0,0
1.650230169,0,torque,figure8,0.0147481896,0.0197423026,0.003388255835,0,0,-0,0.009326545522,0.01064628083,-0.005998325069,0,0,-0,0.02487464343,0.01537230141,0.8781969979,-0.0001739396976,0.0005988065386,-0.0001573802438,0.08920334049,0.07328947804,0.001322463229,0.5917270596,0.01073390717,0.007877358776,0.00107068906,0,0,0,0
1.660077095,0,torque,figure8,0.01492303517,0.0197486449,0.003371357918,0,0,-0,0.00953625422,0.0106565496,-0.005962865427,0,0,-0,0.02498143327,0.01549380386,0.8836412984,-0.0003731579927,-0.0002242149785,0.0005998548004,0.09005289328,0.07400898705,0.001357475107,0.5917298624,0.01078831218,0.008229269795,0.0003474551386,0,0,0,0
1.670132399,0,torque,figure8,0.01509894244,0.01975566521,0.00335457921,0,0,-0,0.009721204638,0.01059573703,-0.005924656056,0,0,-0,0.02509018877,0.01555226711,0.8878696148,-0.0005354520981,-0.0001261121361,-0.0003138932225,0.09057404369,0.07381891883,0.001409679289,0.5917334094,0.01077156089,0.008215459364,0.001319865365,0,0,0,0
1.680060863,0,torque,figure8,0.01547322236,0.0197649505,0.003301560879,0,0,-0,0.01015362423,0.0104896808,-0.005904041696,0,0,-0,0.02531746794,0.01574760924,0.8977953186,-0.0005623420002,-0.0001455647871,-0.0006926963688,0.09651471328,0.07255904251,0.001488020257,0.591719283,0.01197708375,0.007976325735,0.001741490569,0,0,0,0
1.690088511,0,torque,figure8,0.01567145996,0.01976724528,0.003265947104,0,0,-0,0.01036019623,0.01043688599,-0.005870210007,0,0,-0,0.02543629402,0.01583419151,0.9026012785,4.99953785e-05,0.0002108203917,-0.0006786828744,0.0967419867,0.07247368759,0.001554814419,0.591714928,0.01170950149,0.007966187788,0.001786505965,0,0,0,0
1.700066566,0,torque,figure8,0.015870234,0.01977048069,0.003236472607,0,0,-0,0.01057019923,0.01038373914,-0.005795489997,0,0,-0,0.02555799266,0.01591033798,0.9077828739,-0.000601328793,3.743189518e-05,9.460471483e-05,0.09727825253,0.0723376144,0.001598697255,0.5917231169,0.01172149188,0.008010191733,0.001036862647,0,0,0,0
1.710087776,0,torque,figure8,0.01606984437,0.0197744593,0.003207117319,0,0,-0,0.01081728842,0.0103236232,-0.005817859434,0,0,-0,0.02568179784,0.01604488744,0.9131997137,0.0005343926605,-0.0003181114735,-0.0008379307692,0.09829020079,0.07209672278,0.001666451661,0.5917067704,0.01161904668,0.008048187406,0.002038014282,0,0,0,0
1.720065832,0,torque,figure8,0.01652606204,0.01979711093,0.003121644258,0,0,-0,0.01136906445,0.01020609308,-0.005888813641,0,0,-0,0.02597654693,0.01637370113,0.9264958721,0.0006592149148,-0.0003186737013,0.0001039822164,0.1059397014,0.0707881455,0.001765074023,0.5916576661,0.01317102752,0.007792152404,0.001125912279,0,0,0,0
1.730066299,0,torque,figure8,0.01698496751,0.01982199587,0.003035992384,0,0,-0,0.01193300355,0.01004833914,-0.005894174799,0,0,-0,0.0262796098,0.01667654011,0.939459795,0.0009372432833,0.0004242613504,0.0008092915523,0.1124129409,0.06922595994,0.001824866567,0.5916251764,0.01430981979,0.007395563944,0.0004294111693,0,0,0,0
1.740085125,0,torque,figure8,0.01698496751,0.01982199587,0.003035992384,0,0,-0,0.01193300355,0.01004833914,-0.005894174799,0,0,-0,0.0262796098,0.01667654011,0.939459795,0.0009372432833,0.0004242613504,0.0008092915523,0.106118545,0.0705408188,0.001843335133,0.5916251764,0.01251635164,0.00776956634,0.0004906296276,0,0,0,0
1.75024724,0,torque,figure8,0.01723718084,0.0198452305,0.002994120121,0,0,-0,0.01224883273,0.01002094429,-0.005903901998,0,0,-0,0.0264559697,0.01689110081,0.9483061879,-0.0005925546284,-0.0004904160742,0.0003681864473,0.1080138064,0.07083735576,0.001883772302,0.5916073822,0.01296976746,0.008006047574,0.0009789620063,0,0,0,0
1.760061026,0,torque,figure8,0.01774360612,0.0198934488,0.002927005291,0,0,-0,0.01282371022,0.009972928092,-0.005873532966,0,0,-0,0.02681701369,0.01727440963,0.9641149934,0.001062652445,0.0009040104342,2.399127152e-05,0.116060137,0.07034033604,0.001971532132,0.5915907082,0.01439224176,0.007734548251,0.001389626587,0,0,0,0
1.770088434,0,torque,figure8,0.0179977119,0.01991873421,0.002893328667,0,0,-0,0.01312036812,0.009960881434,-0.005897207186,0,0,-0,0.02700083252,0.01749686461,0.9727992932,-0.0003350728366,0.001081044786,-0.0007253717631,0.1164810051,0.07065086541,0.00204679168,0.5915724142,0.0143584487,0.007819222641,0.002223543266,0,0,0,0
1.780072451,0,torque,figure8,0.01825756207,0.01993959397,0.002866506577,0,0,-0,0.01342746336,0.009943064302,-0.005914198235,0,0,-0,0.02718718155,0.01772396797,0.9818369519,-0.0003109998361,0.0002960134298,0.0008968920447,0.117365759,0.07073315695,0.002071943585,0.5915582551,0.01427517859,0.007970060172,0.0005947375308,0,0,0,0
1.790123701,0,torque,figure8,0.01851815544,0.01996112801,0.002839207649,0,0,-0,0.01375735458,0.00990426261,-0.005930464715,0,0,-0,0.02737571574,0.01795911007,0.9913821418,-0.0004318871943,-0.0007564520347,0.0007381401956,0.118620876,0.07056832741,0.002101075562,0.5915440387,0.01432397061,0.00809085889,0.0007731848563,0,0,0,0
1.800068855,0,torque,figure8,0.01877968758,0.01998324506,0.00281137228,0,0,-0,0.01407600194,0.009871944785,-0.005954618566,0,0,-0,0.02756647535,0.01819468622,1.000869914,0.0002044155553,-0.001218445483,0.0002350610011,0.1198913812,0.07050313069,0.002143918392,0.5915276433,0.01429246799,0.008148540619,0.001315842706,0,0,0,0
1.81007576,0,torque,figure8,0.01929050684,0.02002399042,0.002765983343,0,0,-0,0.01476881281,0.009846051224,-0.005956294946,0,0,-0,0.02794162684,0.01872271364,1.020866211,-0.0009223421221,0.0004248090263,-0.0005753521109,0.1285609928,0.06980195224,0.002245841628,0.5915104158,0.01618336636,0.007781785409,0.002204310999,0,0,0,0
1.820070505,0,torque,figure8,0.01954033412,0.0200427901,0.002738326788,0,0,-0,0.01511910558,0.009809517302,-0.005897526164,0,0,-0,0.02812537157,0.01896298494,1.030594314,-0.0004244527663,-8.252094995e-05,0.0001251310314,0.1287256682,0.06960801703,0.002289911208,0.5915151143,0.01579645039,0.007832282379,0.001523561742,0,0,0,0
1.830071449,0,torque,figure8,0.01979154162,0.02006231062,0.002710551023,0,0,-0,0.01539954171,0.009789563715,-0.005887435749,0,0,-0,0.02831163213,0.0191740278,1.039162834,0.0005293686409,0.000444523117,0.0005861730315,0.1285176004,0.06963765392,0.002322551918,0.5915075231,0.01532207867,0.007789757711,0.001087807971,0,0,0,0
1.84006238,0,torque,figure8,0.02004368044,0.02008252963,0.002682298422,0,0,-0,0.01567954384,0.009749266319,-0.005929066334,0,0,-0,0.02850003241,0.01939201166,1.047862479,0.0006175119197,-0.0007128137513,-0.0001065868055,0.1287116463,0.06947752781,0.002370296052,0.591486595,0.01511605919,0.007930784449,0.001824280297,0,0,0,0
1.850056648,0,torque,figure8,0.02053911611,0.02010514215,0.002674341202,0,0,-0,0.01609307528,0.009650097229,-0.005927723367,0,0,-0,0.02886562198,0.01967865221,1.062699772,-0.0001197538877,0.0005927904276,-0.0001007881656,0.1338086986,0.06815493121,0.002444698791,0.5914837746,0.01616539362,0.007466289515,0.001844886195,0,0,0,0
1.860054731,0,torque,figure8,0.02078785002,0.02011744305,0.002668887377,0,0,-0,0.01633901335,0.009597839788,-0.005949156359,0,0,-0,0.02905114771,0.01986137828,1.070921649,-4.813558553e-05,-0.0006982160849,0.0007805033238,0.1332587015,0.06799793774,0.002467499519,0.5914761852,0.01576027956,0.007650158937,0.0009654598323,0,0,0,0
1.870093346,0,torque,figure8,0.02103710361,0.02013034001,0.002662301064,0,0,-0,0.01660311781,0.009495118633,-0.005965660792,0,0,-0,0.02923829961,0.02003521668,1.079064758,-0.001227189321,0.0004904854577,-0.0003722519614,0.1333696595,0.0672254305,0.002515015923,0.5914694038,0.01573251828,0.007345619172,0.002166008275,0,0,0,0
1.880069256,0,torque,figure8,0.02149248496,0.02013915591,0.002728313208,0,0,-0,0.01698744483,0.009407606907,-0.005935670342,0,0,-0,0.02957965861,0.02030538185,1.093349136,-0.000581916247,-0.0006565836375,-0.0009094847483,0.1378348831,0.06617754339,0.002603526007,0.5915005663,0.01646520856,0.007321885504,0.002755436601,0,0,0,0
1.890090942,0,torque,figure8,0.02172171324,0.02014483325,0.002758920193,0,0,-0,0.0172125157,0.009370947257,-0.005857149139,0,0,-0,0.02975329853,0.02045462161,1.101023221,-0.0002319605555,-0.0002532259969,-0.0008121528663,0.1370618352,0.06631180772,0.00266994355,0.5915314006,0.01600782186,0.007351579724,0.002724257314,0,0,0,0
1.900084257,0,torque,figure8,0.02195188403,0.02015124448,0.002788126469,0,0,-0,0.01738841273,0.009313644841,-0.005838816054,0,0,-0,0.02992877404,0.02057164676,1.107812336,0.0002041435655,-0.0009774592472,-0.0004481024516,0.136268551,0.06625111693,0.002721234325,0.5915464746,0.01559191825,0.007480203403,0.002397796271,0,0,0,0
1.910205364,0,torque,figure8,0.02216589078,0.02014344372,0.002841711044,0,0,-0,0.01758808829,0.009219957516,-0.005828748457,0,0,-0,0.03008588308,0.02069596035,1.11365728,0.00107846607,-0.0007628072635,-7.613829803e-05,0.1358225086,0.0655859264,0.002752532317,0.5915683666,0.01524627371,0.007333790202,0.002033164939,0,0,0,0
1.920099735,0,torque,figure8,0.02259709872,0.02012974396,0.002942085266,0,0,-0,0.01791316271,0.009068274871,-0.005768388044,0,0,-0,0.03040544899,0.02088993317,1.124987521,0.000581299013,-0.0006080401363,0.0006168248365,0.1399409202,0.06380278397,0.002799174772,0.5916198597,0.01616346466,0.006948069671,0.001318172381,0,0,0,0
1.93009901,0,torque,figure8,0.02281398885,0.02012403496,0.002989470959,0,0,-0,0.018110862,0.00902484823,-0.005688241217,0,0,-0,0.03056782306,0.02101921255,1.131534439,0.0003992143029,-5.2974141e-05,-0.0004008765973,0.1394584316,0.06398772428,0.002850761222,0.5916572685,0.01592158451,0.006987347448,0.002418155286,0,0,0,0
1.940062523,0,torque,figure8,0.02303173952,0.02011927776,0.003058820963,0,0,-0,0.01826698706,0.008990480565,-0.005599685013,0,0,-0,0.03073439032,0.02111558735,1.137649912,-0.0004568218137,0.001135930303,-0.0003101629554,0.1390046491,0.06413521875,0.002899270624,0.5917047576,0.0158139895,0.006919049704,0.002385024265,0,0,0,0
1.950295925,0,torque,figure8,0.02324842662,0.02011014149,0.003143846989,0,0,-0,0.01844251156,0.008893651888,-0.005507767666,0,0,-0,0.03089969101,0.02120280126,1.143699135,-0.001080610906,0.0005802329979,-0.0007264723536,0.1389693873,0.06350465741,0.002946366035,0.5917587025,0.01579789741,0.00690452467,0.00283571421,0,0,0,0
1.960081816,0,torque,figure8,0.02368517034,0.02009374835,0.003305822611,0,0,-0,0.01889953203,0.008735940792,-0.005445177201,0,0,-0,0.03123578844,0.02152112747,1.157505224,-0.0005896891817,0.0008600295987,0.00025280306,0.1451783018,0.06143437801,0.002965578698,0.5918330105,0.01707598557,0.006447071976,0.001802201386,0,0,0,0
1.970096588,0,torque,figure8,0.02390511148,0.02008637413,0.003382474184,0,0,-0,0.01907065138,0.00865288265,-0.005467020441,0,0,-0,0.03140633554,0.02164371583,1.163634188,-1.36749577e-05,-0.0004318424035,-3.144171933e-05,0.1445078717,0.06138549185,0.002998389034,0.5918551231,0.01666053766,0.006698331809,0.002132466021,0,0,0,0
1.980096817,0,torque,figure8,0.02410918474,0.02007639408,0.003465414047,0,0,-0,0.01923617534,0.00856795907,-0.005459253211,0,0,-0,0.03156459223,0.02175416765,1.169114603,0.000343833206,-0.0001576145878,-0.0001000256379,0.143965547,0.06121869646,0.003030272849,0.5918870703,0.01635267951,0.006689347428,0.002239775731,0,0,0,0
1.990104675,0,torque,figure8,0.02451990731,0.0200584922,0.003635764122,0,0,-0,0.01955063082,0.008459606208,-0.00538527593,0,0,-0,0.03188710938,0.02197255788,1.180586402,-0.0004123442632,0.0004161992983,0.0006274433108,0.1479924307,0.06009612367,0.003027817431,0.5919673907,0.01727033105,0.006422305307,0.001480341515,0,0,0,0
2.00006485,0,torque,figure8,0.02472650632,0.02005058154,0.003723055124,0,0,-0,0.01971729845,0.00837006513,-0.005344881676,0,0,-0,0.03205131939,0.02207708333,1.186176876,4.260148489e-05,0.0001497231278,-0.0006035114056,0.1473410051,0.05995742388,0.00306977231,0.5920091869,0.01689657608,0.006500765128,0.002779721097,0,0,0,0
2.01012373,0,torque,figure8,0.02492005564,0.0200465899,0.00380346179,0,0,-0,0.01990242116,0.008350535296,-0.005272151437,0,0,-0,0.03220778262,0.02221786193,1.192745607,-0.0002139363933,-0.0002254575957,-0.0006466484047,0.1471676822,0.06056243042,0.003121938359,0.5920566462,0.01677279377,0.00675220987,0.00289633462,0,0,0,0
2.020081758,0,torque,figure8,0.02511474118,0.02004344948,0.003881245852,0,0,-0,0.02005142532,0.008298867382,-0.005242681596,0,0,-0,0.03236594137,0.02232524507,1.19833154,8.3192288e-05,-0.0002010356984,-0.0003976666194,2.01064279,0.9975295689,0.09612453224,0.5920922281,0.2810451299,0.1400829768,0.09728799689,1,0,0,0
2.030079842,0.009998083115,torque,figure8,0.02550521307,0.02003932744,0.004028320312,0,0,-6.649304768e-05,0.020265406,0.008204771206,-0.005259215832,0,0,-0.01328635008,0.03269339435,0.0232903378,1.20126732,0.0006989223766,0.0004941988154,-0.0007309922948,1.544558382,0.7608042694,0.07313611969,0.5955341954,0.1597516505,0.07835120051,0.0302360142,1,0,0,0
2.040095806,0.02001404762,torque,figure8,0.02568699047,0.02003555559,0.004096150398,0,0,-0.0002658537172,0.02040068805,0.008089669049,-0.005218293983,0,0,-0.02650736923,0.03286749225,0.03057540749,1.198944853,0.0004207915044,0.000146963037,-0.0002941403945,1.19163285,0.5833293828,0.05575341255,0.5989935842,0.07644793792,0.03643139548,-0.01447594746,1,0,0,0
2.050093651,0.03001189232,torque,figure8,0.02586978301,0.02003201842,0.004161626101,0,0,-0.0005964710282,0.02055992559,0.007985216565,-0.005200365093,0,0,-0.03961553923,0.03306307493,0.04087637991,1.197285591,-0.0002567000629,0.0006006322801,0.0005291201524,0.927241423,0.4501169632,0.04267250395,0.6024651819,0.02111262156,0.008419402213,-0.04299357745,1,0,0,0
2.060075998,0.03999423981,torque,figure8,0.02605351061,0.02002874576,0.004229903221,0,0,-0.001056882093,0.02068036608,0.00789831765,-0.005258430261,0,0,-0.05261474676,0.03328492407,0.05227505787,1.195622202,-0.0001746883063,-0.00149099424,0.0001732244273,0.7286056761,0.3503954369,0.03283043854,0.605937836,-0.01457922335,-0.009177065216,-0.0589217804,1,0,0,0
2.070116758,0.05003499985,torque,figure8,0.02623789571,0.02002583817,0.004295349121,0,0,-0.001650443372,0.02075071447,0.007841283455,-0.005230620969,0,0,-0.06560066593,0.03353824405,0.06431656245,1.193405533,-0.0008978685946,-3.064676275e-05,-0.0001556314237,0.57915131,0.2757553621,0.02544853064,0.6094761036,-0.03612698444,-0.02012212376,-0.06640575078,1,0,0,0
2.080076456,0.05999469757,torque,figure8,0.02657516859,0.02001621574,0.004370361567,0,0,-0.002367584308,0.02092528902,0.007772780955,-0.005217286758,0,0,-0.07839321288,0.03394537366,0.07650490186,1.195519958,-0.0005520009436,-0.001081414404,-0.0001882601646,0.469936825,0.2192549426,0.01991628905,0.6130098761,-0.0475094706,-0.02602282665,-0.06912396591,1,0,0,0
2.090092659,0.0700109005,torque,figure8,0.026745148,0.02001257055,0.004404842854,0,0,-0.003216845568,0.02102905512,0.007743568625,-0.005272899289,0,0,-0.09116941125,0.03426216654,0.08877158769,1.193443406,0.0002711106208,-0.0008979449049,0.0007152142352,0.3853705322,0.1774718346,0.0157246438,0.6165552985,-0.05302183639,-0.02853747865,-0.06899793086,1,0,0,0
2.100084066,0.08000230789,torque,figure8,0.02691569366,0.02001004852,0.004437178373,0,0,-0.004191054429,0.02110327221,0.00773520302,-0.00526088709,0,0,-0.1038251353,0.03463095448,0.1010944731,1.191157275,7.503668894e-05,-0.0007633813657,0.000221419381,0.321647747,0.1462744206,0.01258740409,0.6201317947,-0.05397875227,-0.02881662269,-0.06518268754,1,0,0,0
2.110141277,0.09005951881,torque,figure8,0.02706918865,0.02000912838,0.004444807768,0,0,-0.00529893021,0.02123605646,0.007632221095,-0.005221630447,0,0,-0.1164745953,0.03504349615,0.1135184703,1.188500699,-0.0002483966236,0.0001907675178,0.0008412804455,0.2740790769,0.1217888734,0.0102039562,0.6237530895,-0.05189858672,-0.02802969203,-0.06126187078,1,0,0,0
2.120089769,0.1000080109,torque,figure8,0.02737979963,0.02000938728,0.004434168339,0,0,-0.00651955107,0.02143411897,0.007576706354,-0.005215819925,0,0,-0.1288988579,0.03563724143,0.1257550072,1.190135386,0.0006362886052,-0.001006183564,-0.0008247331716,0.2409643236,0.1035892873,0.008447707766,0.6273430395,-0.0476774756,-0.02600272185,-0.05440447725,1,0,0,0
2.130177736,0.1100959778,torque,figure8,0.02753644437,0.02001087554,0.004427313805,0,0,-0.007883047767,0.02149363048,0.007570599671,-0.005234212615,0,0,-0.1414074707,0.03619718097,0.1380668184,1.187448975,-0.0001393813727,-0.0009782512207,0.0001589955646,0.2130393935,0.09064793235,0.007117153851,0.6310013232,-0.04308564099,-0.02344484895,-0.04983219175,1,0,0,0
2.14007926,0.1199975014,torque,figure8,0.02765480801,0.02002470568,0.004399061203,0,0,-0.009343616215,0.0215115808,0.007572215516,-0.005331935827,0,0,-0.153596935,0.036805413,0.1500086549,1.183861883,-0.0003947107471,-0.0009587546811,0.0008089282783,0.1912744735,0.08119580441,0.006101179045,0.6345859723,-0.0382636646,-0.02066936495,-0.04501807929,1,0,0,0
2.150089502,0.1300077438,torque,figure8,0.02777438425,0.02003947832,0.004369914532,0,0,-0.01094246932,0.02153402008,0.007596995682,-0.005332970526,0,0,-0.1658316525,0.03751621264,0.1621149446,1.180321122,-0.0001240502315,-0.00101110735,0.0003166659153,0.1748741316,0.07427270057,0.005342534335,0.6382564085,-0.03327168843,-0.0178376655,-0.03925700398,1,0,0,0
2.160075188,0.1399934292,torque,figure8,0.02801743895,0.0200721696,0.004309386015,0,0,-0.01265897886,0.02166171931,0.007609612308,-0.005463850219,0,0,-0.1779476121,0.03841606805,0.1740051275,1.180595002,0.0002675153082,-0.0009945802158,-0.0001408229,0.1649654458,0.06893745173,0.004781510793,0.6418950792,-0.02778905567,-0.01517665118,-0.03392232581,1,0,0,0
2.170157909,0.1500761509,torque,figure8,0.02808254398,0.02010364644,0.004260897636,0,0,-0.01451447215,0.02167797275,0.007659635972,-0.005484707654,0,0,-0.1900913785,0.03931030892,0.1860328666,1.175868502,0.0003555458679,0.0002756518952,-0.0005344371893,0.1543728541,0.06543102179,0.004375591773,0.6456234947,-0.02337133926,-0.01272950679,-0.0289817059,1,0,0,0
2.180082083,0.1600003242,torque,figure8,0.0281497892,0.02013582177,0.004213422537,0,0,-0.01645991734,0.02169768699,0.007655906491,-0.005510303192,0,0,-0.2019559418,0.04031437624,0.1977885018,1.170757507,0.0006251338054,-0.000158929266,8.971781062e-05,0.1462953521,0.0622988785,0.004036528771,0.6493128974,-0.01922717874,-0.01040564521,-0.02558863316,1,0,0,0
2.190106869,0.1700251102,torque,figure8,0.02828989737,0.02020152844,0.004117101431,0,0,-0.01854418432,0.02167729288,0.007616964635,-0.005641385913,0,0,-0.2138519078,0.04149643257,0.2094744486,1.166173266,0.0009327006992,-5.742936264e-05,-0.0001010202395,0.1405572978,0.05995244489,0.003750259054,0.6530161656,-0.01527740103,-0.008360039558,-0.02180425502,1,0,0,0
2.200066805,0.1799850464,torque,figure8,0.02836225554,0.02023515478,0.00406780839,0,0,-0.0207326266,0.02161039971,0.0076179225,-0.00568265561,0,0,-0.2255824543,0.04276611514,0.2210903969,1.160120591,0.0001031188222,0.0002061639971,-0.0005767636467,0.1349531686,0.05821272247,0.003567675875,0.6567549512,-0.01182600713,-0.006535869297,-0.01810085815,1,0,0,0
2.21014595,0.1900641918,torque,figure8,0.02837173827,0.02027176134,0.004001677036,0,0,-0.02306575292,0.02147369832,0.007585809566,-0.005709173158,0,0,-0.2373636349,0.04414233348,0.2327712479,1.151471495,0.0001031244537,0.001035536756,-0.0004039707419,0.1291799862,0.05667632602,0.003421462603,0.6605566834,-0.009099348775,-0.005041419741,-0.01544490806,1,0,0,0
2.220080614,0.1999988556,torque,figure8,0.02838313207,0.02030884847,0.003935366869,0,0,-0.02548119665,0.02136597969,0.007614329923,-0.005782966502,0,0,-0.2488875665,0.04564412034,0.2441604588,1.14393705,0.0002647151705,0.0001271207148,-0.0006204142119,0.1249593423,0.05606374372,0.003314741463,0.6643109493,-0.006536529191,-0.003360485279,-0.01271924188,1,0,0,0
2.230131388,0.2100496292,torque,figure8,0.02839660272,0.02034668624,0.003868609667,0,0,-0.02804092486,0.02129267715,0.007627248298,-0.005875518546,0,0,-0.2604569071,0.04731356128,0.2555841083,1.136897918,0.0001925296674,-0.0003534062416,0.0004262943985,0.1219167694,0.05542224695,0.003198459413,0.6681240402,-0.004115191134,-0.001990362215,-0.01163635734,1,0,0,0
2.240094423,0.2200126648,torque,figure8,0.0283901412,0.02042310312,0.003699481487,0,0,-0.03069262785,0.02108656056,0.00759794144,-0.005927906372,0,0,-0.2718366319,0.04905018291,0.2668516855,1.127652341,-0.0001442389184,0.0002413950861,-0.0003305386635,0.1180056735,0.05513195173,0.003094294697,0.6718955276,-0.00226023875,-0.0008976732922,-0.00899667904,1,0,0,0
2.250106812,0.230025053,torque,figure8,0.02837040648,0.02046148479,0.003607720137,0,0,-0.03347124241,0.02096762881,0.007584268693,-0.005943824071,0,0,-0.2831838374,0.05097452096,0.2781351965,1.11926634,0.0001218606994,-0.0005258792662,0.0005562463775,0.1154109001,0.05453275506,0.002997790779,0.6757419695,-0.0005175677958,0.0001360176801,-0.008308311897,1,0,0,0
2.26009798,0.240016222,torque,figure8,0.02835275047,0.02050058916,0.003516584635,0,0,-0.0363567759,0.02079927735,0.007629944012,-0.005971624982,0,0,-0.2944181685,0.05304750226,0.2892961017,1.111132573,-0.0007600345416,-0.0002160926961,-0.0003148716933,0.1129216953,0.0546251697,0.002945300997,0.679595663,0.001100383316,0.001028922902,-0.006007238192,1,0,0,0
2.27012372,0.2500419617,torque,figure8,0.0283368919,0.02054040693,0.00342553854,0,0,-0.03936467445,0.02064641006,0.007644397207,-0.006106399,0,0,-0.3056021789,0.05528010571,0.3003039014,1.102843358,-0.0001208543472,-0.0002951012866,-0.0004772223474,0.1109441836,0.05440445728,0.00289875976,0.6834538854,0.00236343332,0.001765683567,-0.00464055792,1,0,0,0
2.280087709,0.2600059509,torque,figure8,0.02827396058,0.02060937323,0.003241509199,0,0,-0.04246469903,0.02050265297,0.00762057025,-0.006232342217,0,0,-0.3166287815,0.05756058184,0.3111661636,1.093651151,-0.0002070940391,-7.158121298e-05,0.0002685452637,0.1087640837,0.05426002736,0.002800376371,0.687274203,0.003453301164,0.00236513627,-0.004409925934,1,0,0,0
2.290119886,0.2700381279,torque,figure8,0.028246345,0.02064476721,0.003149777651,0,0,-0.04569649149,0.02037993819,0.007630469278,-0.006315244362,0,0,-0.3276416859,0.06008344554,0.3220624907,1.085712082,-0.0005164839095,-0.0001929529826,3.090521932e-05,0.1074740373,0.05397159415,0.002747170259,0.6911830146,0.004577168717,0.002884186255,-0.003303962018,1,0,0,0
2.30009079,0.2800090313,torque,figure8,0.02822083421,0.02068086155,0.003052681684,0,0,-0.04901757556,0.02026179433,0.007628915366,-0.006461476907,0,0,-0.3384986828,0.06273296747,0.3327423128,1.077794307,-0.0004212488711,0.0002315282909,8.398202772e-05,0.106350778,0.05361363441,0.002694501834,0.6950666638,0.00549867247,0.003232625627,-0.002627035918,1,0,0,0
2.310200214,0.2901184559,torque,figure8,0.02818229049,0.02072948031,0.002963066101,0,0,-0.05249486435,0.02014342695,0.007643000688,-0.006509751547,0,0,-0.3494162885,0.06557083881,0.343582692,1.069826584,-6.776058581e-05,-0.0004064312088,0.0005133011146,0.1051463183,0.05361081762,0.002636793143,0.6990498111,0.006210342276,0.00374287968,-0.002435762569,1,0,0,0
2.320104122,0.3000223637,torque,figure8,0.02814586647,0.02077901736,0.002873629332,0,0,-0.05600805119,0.01996798441,0.007721989416,-0.006572690792,0,0,-0.3600238544,0.06849094584,0.3540989615,1.061642466,8.082188288e-05,0.0005456560175,-0.0006060636952,0.1035866572,0.05419546538,0.002618424241,0.7029637515,0.006734336469,0.004103884791,-0.0007200935156,1,0,0,0
2.330104828,0.3100230694,torque,figure8,0.02807962336,0.02087980323,0.002694487572,0,0,-0.05966173549,0.01978413947,0.00773263257,-0.006684352644,0,0,-0.3706466243,0.07150335646,0.3645815971,1.052973944,-0.0003411938669,-2.81481698e-06,0.0003678360081,0.1017956187,0.05471969573,0.002524801217,0.7068875682,0.007184247673,0.004588277475,-0.001279338892,1,0,0,0
2.340100765,0.3200190067,torque,figure8,0.02803468704,0.02094792016,0.00261053443,0,0,-0.06341939286,0.01968016103,0.007720920723,-0.006776978727,0,0,-0.3811754913,0.07473091953,0.3749948901,1.045101045,0.0005863327533,-0.0001924058306,-7.457205356e-05,0.1010251386,0.05443577681,0.002480615179,0.7108645703,0.007588937914,0.0047877292,-0.0004597535806,1,0,0,0
2.350101233,0.330019474,torque,figure8,0.02799214423,0.02101627178,0.002526432276,0,0,-0.06728362623,0.01955284178,0.007783320732,-0.006798917428,0,0,-0.3916202528,0.07809409764,0.3853963595,1.037765336,0.0002204842458,-0.0001791466493,0.001034352696,0.1001279866,0.05485926609,0.0024128659,0.7148766756,0.008051226757,0.005089747266,-0.001275820051,1,0,0,0
2.360080957,0.3399991989,torque,figure8,0.02791361138,0.0211545527,0.002389520407,0,0,-0.07124352985,0.01929567568,0.007913067937,-0.006938091014,0,0,-0.4019547295,0.08153840132,0.3955667889,1.028790465,0.0008776860195,0.0001606194273,0.000570903183,0.09778140255,0.05673493089,0.002341848209,0.7188467994,0.007976014178,0.005632445842,-0.0005060192732,1,0,0,0
2.370107651,0.3500258923,torque,figure8,0.02786324918,0.02124037221,0.002328366041,0,0,-0.07532548852,0.01920979843,0.007991620339,-0.007021011785,0,0,-0.4122486896,0.08519175544,0.4057614486,1.021950256,0.0009208457777,0.0005410864251,-0.0003840655554,0.09743529498,0.0569403567,0.00231255305,0.7228924646,0.008393846128,0.005734928188,0.0006923959665,1,0,0,0
2.380102634,0.3600208759,torque,figure8,0.02781539038,0.02132626809,0.002266526222,0,0,-0.07949681821,0.01906314865,0.008016257547,-0.007058845367,0,0,-0.4224211541,0.08895926116,0.4158767985,1.014710353,-0.0006605488015,0.0002823238901,0.0002487287857,0.09651231198,0.05672192593,0.002257784104,0.7269507254,0.008828312378,0.005809178603,0.000207915412,1,0,0,0
2.390081882,0.370000124,torque,figure8,0.02772687934,0.02149736322,0.00214099884,0,0,-0.08376257214,0.01883421652,0.008024136536,-0.007154080085,0,0,-0.4324890134,0.09279191759,0.4258273359,1.005800009,0.000242851951,-0.0001133507903,0.0006109409151,0.09448230548,0.05744189276,0.002136017977,0.7309792312,0.008623747133,0.00610948727,-5.221346937e-05,1,0,0,0
2.400073528,0.3799917698,torque,figure8,0.02766718902,0.02158481441,0.002072870731,0,0,-0.08813383974,0.01869607531,0.008047310635,-0.007157237269,0,0,-0.4424806952,0.0967916741,0.435799054,0.9986106672,-1.395347317e-05,-0.0006383355358,-8.350394637e-05,0.09371599572,0.05719548426,0.002092348517,0.7350705963,0.008842182978,0.00617457077,0.0007619724714,1,0,0,0
2.410107851,0.3900260925,torque,figure8,0.02761005051,0.02167208306,0.002004623413,0,0,-0.0926238046,0.01855237596,0.008070561104,-0.00720032258,0,0,-0.4524257443,0.1009283581,0.4456848671,0.9918128148,-0.0009029787034,-0.0006192901055,7.901791832e-05,0.09296588639,0.05701888847,0.002045714855,0.739182884,0.009107321347,0.006176976219,0.0006822683312,1,0,0,0
2.420075893,0.3999941349,torque,figure8,0.02755538747,0.02175932564,0.001928567886,0,0,-0.09718247422,0.01840438694,0.008094161749,-0.007313420996,0,0,-0.4622164874,0.1051464041,0.4553471607,0.9845213172,0.0003120853507,6.004735769e-05,-0.0003046122438,0.09213392079,0.05687750299,0.002011829253,0.7432604914,0.009028424723,0.006094810743,0.001151074343,1,0,0,0
2.430139542,0.4100577831,torque,figure8,0.02750279754,0.02184570022,0.001851290464,0,0,-0.1018834208,0.01818003692,0.007922462188,-0.007540441584,0,0,-0.4720115395,0.1095195362,0.4648942675,0.9743717807,0.0007440192276,0.001043732045,2.487980237e-05,0.09052439698,0.05517079517,0.001950745358,0.747361505,0.008858773526,0.005615501617,0.0008200212799,1,0,0,0
2.440088511,0.420006752,torque,figure8,0.02733470872,0.02203474008,0.001678556204,0,0,-0.1066272518,0.01736263372,0.007270508911,-0.008698779158,0,0,-0.4816064819,0.1138545744,0.4732821745,0.9493027596,0.002766723046,0.006475284696,0.0007521672524,0.08259769088,0.05122545317,0.001770464926,0.7511574456,0.007040444581,0.004063821118,-6.130606931e-05,1,0,0,0
2.45026803,0.4301862717,torque,figure8,0.02725170739,0.02212419733,0.0015835464,0,0,-0.1115793567,0.01683411375,0.006740333978,-0.009697488509,0,0,-0.4913327052,0.1184819746,0.4819764532,0.9285766047,0.005961380433,0.009445494972,0.001579889446,0.07929463777,0.04759685277,0.00164929138,0.7551307743,0.006237762054,0.003008810217,-0.0009824405878,1,0,0,0
2.460084915,0.4400031567,torque,figure8,0.02716914751,0.02221046202,0.001477837563,0,0,-0.1164483951,0.01648857445,0.00662478758,-0.0114362007,0,0,-0.5006251965,0.1230368382,0.4895116286,0.9110952848,0.01018245332,0.01497494243,0.001729806652,0.07796974298,0.04746260134,0.001574348081,0.7587730842,0.005760479283,0.002460538285,-0.001092963761,1,0,0,0
2.470128775,0.4500470161,torque,figure8,0.02708791383,0.02229540236,0.001357018948,0,0,-0.1215239793,0.01620474085,0.006525459699,-0.01350296754,0,0,-0.5100438808,0.1277911568,0.4968481194,0.8892167336,0.01873055287,0.02382571809,0.001464276807,0.07669581048,0.04670143738,0.001505161423,0.7624346298,0.004695531641,0.001310678375,-0.0008029011256,1,0,0,0
2.480089426,0.4600076675,torque,figure8,0.02687428892,0.02248348296,0.001055270433,0,0,-0.1266505002,0.01595062762,0.006502677221,-0.01954425126,0,0,-0.5192959771,0.1324254442,0.5000484924,0.8396339773,0.03558884934,0.04337973148,0.002862516092,0.07239607289,0.04500705187,0.001277870188,0.765004816,0.002004782232,-0.001274652226,-0.00232494335,1,0,0,0
2.490098238,0.4700164795,torque,figure8,0.02677235566,0.02257638425,0.0008642077446,0,0,-0.1318941908,0.01574180089,0.006451128982,-0.02331719361,0,0,-0.5285039767,0.1372998345,0.5054731517,0.8024356666,0.04618750513,0.05189970136,0.003047228558,0.06998768277,0.04251661753,0.00115916989,0.7682187783,0.0004919337766,-0.002689272772,-0.002564595778,1,0,0,0
2.500038385,0.4799566269,torque,figure8,0.02667293139,0.02266800962,0.0006404817104,0,0,-0.1371926835,0.01549853384,0.006358844228,-0.02775865607,0,0,-0.5375606742,0.1422085277,0.5100771874,0.7599060983,0.05494788289,0.05884225667,0.00241883425,0.0666259753,0.03928182693,0.001054362079,0.7712334923,-0.000964917316,-0.004017680536,-0.001978055831,1,0,0,0
2.510209799,0.4901280403,torque,figure8,0.02656252868,0.02275894582,0.0003704726696,0,0,-0.1427071822,0.01530017424,0.00621741917,-0.03276732191,0,0,-0.5467371667,0.1472913876,0.5142351145,0.7132246059,0.06333124638,0.06366728991,0.00188643299,0.06295184385,0.03535591518,0.00096087648,0.7741965924,-0.002412638281,-0.00517470473,-0.001483746944,1,0,0,0
2.520079136,0.4999973774,torque,figure8,0.02634895593,0.02293378673,-0.0002999603748,0,0,-0.1481466911,0.01470461022,0.005751271266,-0.04440595955,0,0,-0.5555532243,0.151917352,0.5113910725,0.6145937259,0.07239819318,0.06742529571,0.0008012601756,0.05122039524,0.026747741,0.0008168452753,0.7752212281,-0.005315222791,-0.006785071822,-0.0005125093827,1,0,0,0
2.530106068,0.5100243092,torque,figure8,0.0262446925,0.02301759645,-0.0007072389126,0,0,-0.1537617203,0.01432928164,0.005490300711,-0.05076614022,0,0,-0.5644213918,0.156984929,0.5138844123,0.5612025962,0.07496280968,0.06444086134,0.001866795705,0.04600139512,0.02227633123,0.0007205618288,0.7777490958,-0.006188819902,-0.006927851659,-0.001643181042,1,0,0,0
2.540090799,0.5200090408,torque,figure8,0.02614378557,0.02310409956,-0.001169085503,0,0,-0.1594410337,0.01386974007,0.005184637848,-0.05767752975,0,0,-0.5731634311,0.1620719178,0.5156985211,0.5074848924,0.07595025003,0.05940306559,0.001760579878,0.04011185194,0.0180197352,0.0006276466315,0.7801079547,-0.006998728961,-0.006750466526,-0.001581782288,1,0,0,0
2.550109148,0.5300273895,torque,figure8,0.02604341134,0.02318724059,-0.001687675714,0,0,-0.165226751,0.01341977809,0.004784548655,-0.06507564336,0,0,-0.5818458377,0.1672152401,0.5169665523,0.4552814188,0.07502834499,0.05249453336,0.0009264393593,0.03446088086,0.01356291236,0.0005566175601,0.7823453701,-0.00748798347,-0.00638566952,-0.0007594436369,1,0,0,0
2.56009531,0.5400135517,torque,figure8,0.02584304474,0.02334152907,-0.002909392118,0,0,-0.171080001,0.01232464984,0.003904263722,-0.08097395301,0,0,-0.590411564,0.1717382999,0.5096016285,0.3609802279,0.06928698719,0.0336390771,0.001253715134,0.01990418571,0.006267535727,0.0003970006284,0.7821689833,-0.008891588039,-0.004793180171,-0.001221715203,1,0,0,0
2.57008791,0.5500061512,torque,figure8,0.0257281065,0.02342708036,-0.003636419773,0,0,-0.1770222024,0.01167998277,0.00342989224,-0.08922609687,0,0,-0.5988940832,0.1768428488,0.5098133408,0.3144901527,0.06666054577,0.0216530934,0.0009926079074,0.01425184208,0.004031444397,0.00033459741,0.7841177249,-0.009094184116,-0.003329394265,-0.000946317924,1,0,0,0
2.580093384,0.5600116253,torque,figure8,0.02561228722,0.02350795083,-0.004430234432,0,0,-0.1830565414,0.01103621256,0.002943735803,-0.09790115058,0,0,-0.6072986024,0.1819779398,0.5095254925,0.2731225976,0.05930392444,0.008722368628,8.568749763e-05,0.009161824349,0.002548060809,0.000296879812,0.7859478435,-0.008554156479,-0.001643117279,3.704535125e-06,1,0,0,0
2.59010148,0.570019722,torque,figure8,0.0253761746,0.02365519851,-0.006226539612,0,0,-0.189176141,0.009613798931,0.001939699519,-0.1160414442,0,0,-0.6156163033,0.1862097616,0.4996711192,0.2087595171,0.0447569564,-0.01706118509,-0.0007015299634,-0.004378751344,0.0009608227923,0.0002165152114,0.7850223801,-0.008681310461,0.001655497835,0.0007874064563,1,0,0,0
2.600102663,0.5800209045,torque,figure8,0.02524055727,0.02373369038,-0.007276445627,0,0,-0.1953742261,0.008905746043,0.001453412464,-0.1254729778,0,0,-0.6238393173,0.19126199,0.4984480245,0.1852869234,0.03532842547,-0.02743549831,0.0004492920125,-0.007350263089,0.002182124798,0.0001855279251,0.7865794159,-0.007412663462,0.003396723786,-0.0003411290106,1,0,0,0
2.610125303,0.5900435448,torque,figure8,0.02510316111,0.02380736731,-0.008401095867,0,0,-0.2016676673,0.008115908131,0.0009752695914,-0.1351762712,0,0,-0.6319907776,0.1963388068,0.4968817494,0.1700757625,0.02493217401,-0.03614457324,0.0004013861471,-0.01050213034,0.003956137709,0.0001502000851,0.7880563177,-0.006157173103,0.00495049747,-0.0002709175181,1,0,0,0
2.620070696,0.5999889374,torque,figure8,0.02496365458,0.02387619391,-0.009602457285,0,0,-0.20799292,0.007337736432,0.0005059905816,-0.1450511664,0,0,-0.6399911498,0.2013753519,0.4949946319,0.1644976021,0.01436252799,-0.04227392003,-1.374630119e-05,-0.01299646442,0.006035534485,0.0001287533129,0.7894348021,-0.004818131489,0.006148931578,0.0001697377267,1,0,0,0
2.630090237,0.6100084782,torque,figure8,0.02482177317,0.0239404887,-0.01088133454,0,0,-0.2144453454,0.006518526003,8.496256487e-05,-0.1549851298,0,0,-0.6479622627,0.2064644616,0.4930202348,0.1683202336,0.003039687872,-0.04777304083,0.0001311529195,-0.01512089056,0.008754610817,0.0001044596227,0.7908085409,-0.003378884354,0.007354071422,3.154172385e-05,1,0,0,0
2.640079975,0.6199982166,torque,figure8,0.02451572381,0.02408691682,-0.01381531358,0,0,-0.2209576452,0.004942730069,-0.0005958535476,-0.1754472256,0,0,-0.6558208272,0.2099741552,0.4803993992,0.1996310826,-0.0185708981,-0.05005200952,0.0003888631472,-0.02191874937,0.01476944359,5.076848038e-05,0.7889036737,-0.001748058592,0.008486662637,-0.0002611042063,1,0,0,0
2.650107384,0.6300256252,torque,figure8,0.02435911819,0.02415475249,-0.01540160179,0,0,-0.2275730052,0.00414482411,-0.000834507111,-0.1858967692,0,0,-0.6636198166,0.2149267855,0.4777417566,0.21828873,-0.02882481925,-0.04746499285,0.0003178706102,-0.02069179268,0.01869626151,2.787845305e-05,0.7900503633,0.0002036939804,0.008777274754,-0.0001966957072,1,0,0,0
2.660077095,0.6399953365,torque,figure8,0.02420003898,0.0242198091,-0.01706045866,0,0,-0.234227388,0.003330850974,-0.001020650612,-0.1966521889,0,0,-0.6712853239,0.2198493035,0.4746459198,0.2362660591,-0.0369854942,-0.04054621235,0.0002837481443,-0.0194452485,0.02231852554,3.435093152e-06,0.7910735524,0.001750730125,0.00839026734,-0.0001892955272,1,0,0,0
2.670107841,0.650026083,torque,figure8,0.02401165292,0.02428252436,-0.01889264584,0,0,-0.2409991892,0.002529451624,-0.001219488448,-0.2076447606,0,0,-0.6789085957,0.224716526,0.4712722012,0.2514158361,-0.04445540532,-0.03171469644,-0.00194369175,-0.01813900285,0.02502677643,3.889552593e-05,0.792005743,0.003125096174,0.007544231436,0.002083817663,1,0,0,0
2.680070639,0.6599888802,torque,figure8,0.02362940088,0.02440110408,-0.02280807495,0,0,-0.2478003674,0.001079915557,-0.00147788343,-0.2297982275,0,0,-0.6863916971,0.2275418514,0.4565971384,0.2752311973,-0.05495564267,-0.008451273665,-0.001231097383,-0.01933002338,0.02913123328,2.721246648e-05,0.7893269345,0.003935059657,0.004957241315,0.001277944259,1,0,0,0
2.690082312,0.6700005531,torque,figure8,0.02343655005,0.02445726655,-0.02489173412,0,0,-0.254709569,0.0004577521468,-0.001638768241,-0.2408760637,0,0,-0.6938226303,0.2323008114,0.4529497624,0.2783639419,-0.05747292563,0.005812899675,-0.0004410898837,-0.01506805142,0.02909494192,1.558133195e-05,0.7901485373,0.005263835878,0.002889459117,0.0004234380762,1,0,0,0
2.700105906,0.680024147,torque,figure8,0.02321522683,0.02450874634,-0.02716445923,0,0,-0.2617010792,-0.0002159708965,-0.001753387391,-0.2521320879,0,0,-0.7011731558,0.2369536906,0.449044543,0.2769381981,-0.05981725454,0.02037533373,-7.192906196e-05,-0.0119144381,0.02858064447,-1.029095002e-05,0.7908661879,0.006217443194,0.0007680189001,-1.12481475e-05,1,0,0,0
2.710145473,0.690063715,torque,figure8,0.02299569175,0.02455848083,-0.02952089906,0,0,-0.2687771372,-0.0007824556669,-0.001883923193,-0.2635080814,0,0,-0.708445873,0.2416101577,0.4449424679,0.2715782811,-0.05983288959,0.03436096385,-0.0007685264573,-0.00826944284,0.02693329069,-1.944138749e-05,0.7915344199,0.006907684629,-0.001444075358,0.0006576181504,1,0,0,0
2.720105886,0.700024128,torque,figure8,0.02277627587,0.02460636199,-0.03195941448,0,0,-0.275869117,-0.001320818556,-0.002012699377,-0.2749558985,0,0,-0.715572713,0.246203523,0.440623391,0.2623003751,-0.05821763352,0.04929105937,-0.0008551012143,-0.004952469207,0.02438215367,-3.055377853e-05,0.79212381,0.007254413898,-0.003895354004,0.0007035461189,1,0,0,0
2.730223417,0.7101416588,torque,figure8,0.02233801782,0.02469488233,-0.03709062934,0,0,-0.2831451876,-0.002241478767,-0.002469306579,-0.2976264656,0,0,-0.7227216892,0.2482975431,0.4251083049,0.240108835,-0.05030507967,0.07217826694,-0.000249366567,-0.003481388693,0.01640922582,-0.0001198418361,0.7889643813,0.005953001745,-0.008166195947,-9.676585361e-05,1,0,0,0
2.740113258,0.7200314999,torque,figure8,0.02210005,0.0247367695,-0.0398863554,0,0,-0.2903269826,-0.002637255937,-0.002758430783,-0.3090763092,0,0,-0.7296218395,0.2526278444,0.4205628456,0.22868623,-0.04528257623,0.07939147204,0.001357317902,4.951054989e-05,0.01084535504,-0.0001965776527,0.7893989838,0.005974468513,-0.009989800244,-0.00178641769,1,0,0,0
2.750092506,0.7300107479,torque,figure8,0.02162926085,0.02480998076,-0.04572796822,0,0,-0.2976424343,-0.003283220343,-0.003510401584,-0.3320107162,0,0,-0.7364962452,0.2540556204,0.4045140858,0.2205846564,-0.0321845077,0.08608728647,-0.0001811770053,0.0009684393918,-0.001406136546,-0.0003009908856,0.7858590794,0.004031048959,-0.01265766662,-0.0003709180783,1,0,0,0
2.760072708,0.7399909496,torque,figure8,0.02139653638,0.02484050952,-0.04877486825,0,0,-0.3050267545,-0.003611940425,-0.003982936032,-0.3435780704,0,0,-0.7432827748,0.2583406508,0.3997408669,0.2230852648,-0.0257972125,0.08579157293,0.0003162930661,0.003550013714,-0.008173901427,-0.0003459198172,0.7862165804,0.00374090379,-0.01356016816,-0.0008673915728,1,0,0,0
2.770128489,0.75004673,torque,figure8,0.02115607634,0.02486310899,-0.05200219154,0,0,-0.3125350483,-0.003909565508,-0.004509333987,-0.3551635742,0,0,-0.7500311524,0.2625702252,0.3949126778,0.230735778,-0.0184855964,0.08068372309,0.0007259246195,0.005302167662,-0.0148040733,-0.0004018844655,0.7865390481,0.003120092325,-0.01374553586,-0.001274490988,1,0,0,0
2.780067921,0.7599861622,torque,figure8,0.02092065476,0.0248802565,-0.05531576276,0,0,-0.3200227153,-0.004104289226,-0.005101015791,-0.3666300774,0,0,-0.7566131199,0.2666954661,0.3900379969,0.2421978185,-0.009602631442,0.07235134393,-3.775483492e-05,0.00685504328,-0.02129344925,-0.0004311341694,0.7868106057,0.002249873715,-0.01346767705,-0.0004529935253,1,0,0,0
2.790081501,0.7699997425,torque,figure8,0.02068788558,0.02489185333,-0.05871123075,0,0,-0.3276319516,-0.00432105409,-0.005737235304,-0.378051579,0,0,-0.7631553885,0.2708614906,0.3851707822,0.2536538117,-0.002769842744,0.05925685167,-0.0002243502677,0.007363877294,-0.02701974958,-0.0004589070314,0.7870977922,0.00143660339,-0.01238799242,-0.0002232919239,1,0,0,0
2.800076485,0.7799947262,torque,figure8,0.02021137439,0.02488070168,-0.06584611535,0,0,-0.3352919413,-0.00482586259,-0.007203006186,-0.4005417824,0,0,-0.7695966247,0.2713459085,0.3691566726,0.2672948763,0.009113366716,0.02473031543,-0.0006464826874,0.002214401944,-0.03817084911,-0.0005214627805,0.7832152053,-0.001292651777,-0.009417705844,0.0001725479464,1,0,0,0
2.810084581,0.7900028229,torque,figure8,0.0199677553,0.02485721372,-0.06958127022,0,0,-0.3430260423,-0.005049345549,-0.008034958504,-0.4115596116,0,0,-0.7759573371,0.2752973587,0.3645212735,0.2660808015,0.01574623212,0.004386947025,-0.0008240567404,0.001568085523,-0.04102792099,-0.0005186123422,0.7834814688,-0.00216128591,-0.006857546709,0.0004522328134,1,0,0,0
2.820084095,0.8000023365,torque,figure8,0.01972649992,0.02482663281,-0.07339340448,0,0,-0.3508166425,-0.005304775201,-0.008881942369,-0.4225539863,0,0,-0.782223676,0.2792295641,0.3598184476,0.2569182307,0.02056176215,-0.01793339476,-0.0006518033915,7.60144293e-05,-0.04248237627,-0.0005185918692,0.7837228257,-0.002960340547,-0.003833677263,0.0003595670753,1,0,0,0
2.830085754,0.8100039959,torque,figure8,0.01948730089,0.0247892309,-0.07728299499,0,0,-0.3586711504,-0.005560348742,-0.009647550061,-0.4335682988,0,0,-0.7884024508,0.2831493508,0.3550088282,0.23849947,0.02396750823,-0.04076411948,-0.001023961115,-0.001719857116,-0.0418137576,-0.0005027911328,0.7839326651,-0.00361730957,-0.0003974468186,0.0008254072043,1,0,0,0
2.840086699,0.82000494,torque,figure8,0.01901857927,0.0246682521,-0.08548352122,0,0,-0.3665864433,-0.006149452645,-0.01101193577,-0.4550921619,0,0,-0.7944918749,0.282823411,0.3396339848,0.1726462793,0.02775915712,-0.08559152484,-0.0006707459106,-0.010006559,-0.03914577292,-0.0005387970336,0.7799167253,-0.005615383964,0.005900036911,0.0005445203463,1,0,0,0
2.850106955,0.8300251961,torque,figure8,0.01878799126,0.02459934726,-0.08969298005,0,0,-0.3745776508,-0.006488003302,-0.01166018937,-0.4655846655,0,0,-0.8005038943,0.2865613236,0.33518494,0.1264282486,0.0295194909,-0.1069334522,-0.00102205365,-0.01203025672,-0.03314980359,-0.0005057478165,0.7801509391,-0.005971281963,0.009969538932,0.001005957224,1,0,0,0
2.860077381,0.8399956226,torque,figure8,0.01855842024,0.02452554926,-0.09397429228,0,0,-0.3825884701,-0.006837389432,-0.01220298838,-0.4760324061,0,0,-0.8063974319,0.290248275,0.3306610245,0.07311841431,0.02818610892,-0.1236338243,-0.0004453537404,-0.0142025287,-0.02572506746,-0.0004915423013,0.7803472871,-0.005953697829,0.01353968256,0.0004756922732,1,0,0,0
2.870091677,0.8500099182,torque,figure8,0.0183307752,0.02440705523,-0.09841275215,0,0,-0.390693241,-0.007206047885,-0.01275877189,-0.4865023196,0,0,-0.8122279527,0.2938700492,0.3260550589,0.02165822621,0.02609563805,-0.1397082657,-0.0005160418805,-0.01657979925,-0.01827057407,-0.0004763802614,0.7804984286,-0.005901494512,0.01686488778,0.0005965035522,1,0,0,0
2.880089283,0.8600075245,torque,figure8,0.01810382307,0.02428526245,-0.1029211879,0,0,-0.3988423029,-0.007579143159,-0.01318788622,-0.4968438148,0,0,-0.8179598361,0.2974673573,0.3214760689,0.0569289343,0.0221540276,-0.1471572369,0.0003350034822,-0.01875832637,-0.009626373685,-0.0004889750601,0.7806470513,-0.005573316859,0.0191558332,-0.0002716391403,1,0,0,0
2.890085459,0.8700037003,torque,figure8,0.01765057445,0.02403724566,-0.1121454239,0,0,-0.4070470475,-0.008467137814,-0.01352048665,-0.5171507597,0,0,-0.8236020721,0.2964056335,0.3068662622,0.1895166127,0.01249432284,-0.145661518,-0.0001729156938,-0.0271901291,0.007822460361,-0.0004906419787,0.7765541651,-0.005802746392,0.02118440957,0.0002972761516,1,0,0,0
2.900105715,0.8800239563,torque,figure8,0.01742343046,0.02387671918,-0.1169247627,0,0,-0.4153277155,-0.008921202272,-0.01361494511,-0.5272952914,0,0,-0.8291687579,0.2998632953,0.3023119983,0.2492130625,0.005867038388,-0.1336053014,0.0002215038839,-0.02790145651,0.01730444555,-0.0004986405015,0.7766578847,-0.004755315629,0.02088925036,-0.0001686161934,1,0,0,0
2.910247087,0.890165329,torque,figure8,0.01719579473,0.02371702902,-0.121771425,0,0,-0.4237648095,-0.009447172284,-0.01363163535,-0.5373417139,0,0,-0.8347118551,0.3034109376,0.2978322874,0.3024658714,-0.0002758240735,-0.1175734252,0.0008354889578,-0.02896273887,0.02596904633,-0.000531761014,0.7768124444,-0.003926168541,0.01988250952,-0.0008770492214,1,0,0,0
2.920090914,0.9000091553,torque,figure8,0.01674199849,0.02340448275,-0.1316651106,0,0,-0.4320076905,-0.01048007421,-0.01338162459,-0.5572543144,0,0,-0.8400048828,0.3017179637,0.2832609817,0.3802360994,-0.01421025861,-0.06938399374,0.001323728124,-0.03478424045,0.03860783504,-0.000624393533,0.7725005401,-0.003240322446,0.01486201089,-0.001520149267,1,0,0,0
2.930090666,0.9100089073,torque,figure8,0.01652335189,0.02321705781,-0.1367903948,0,0,-0.4404340478,-0.01092022471,-0.01312872116,-0.5672177076,0,0,-0.8452935602,0.3049779024,0.2785997029,0.3993589609,-0.02026154101,-0.03935872018,-0.0003210812865,-0.03285673251,0.04328895916,-0.0006395318664,0.7725088746,-0.001775782905,0.0113366826,1.644594793e-05,1,0,0,0
2.940069437,0.9199876785,torque,figure8,0.01630419865,0.0230336003,-0.1419804096,0,0,-0.4488950022,-0.01136928331,-0.01285300963,-0.576941371,0,0,-0.8504825364,0.3082092484,0.2740788749,0.4040424022,-0.02636972256,-0.007729053032,-0.0007660792908,-0.03116023842,0.04583131912,-0.0006541116975,0.7725431511,-0.0004622861846,0.007259875222,0.0003485951849,1,0,0,0
2.950093269,0.9300115108,torque,figure8,0.01586494036,0.02267815545,-0.1525548697,0,0,-0.4574458487,-0.01216262206,-0.01236923318,-0.5956439972,0,0,-0.8556058321,0.3061445805,0.2605399833,0.3647587639,-0.03862021863,0.06251660734,-0.0007545840344,-0.03184355458,0.0435658019,-0.000730055487,0.7683702433,0.0008504402012,-0.002810040265,7.739335745e-05,1,0,0,0
2.960088968,0.9400072098,torque,figure8,0.01565016434,0.02249263227,-0.1579985321,0,0,-0.4660233901,-0.01253082231,-0.01223437116,-0.6046287417,0,0,-0.8606258111,0.3092412639,0.256595403,0.3196350251,-0.04329602048,0.09470140189,0.0004278047127,-0.02843103345,0.03807751546,-0.000794671769,0.7685034252,0.002259313929,-0.008201208244,-0.001266293718,1,0,0,0
2.970090151,0.9500083923,torque,figure8,0.01543541811,0.02230960689,-0.1634986401,0,0,-0.4746554122,-0.01283374801,-0.01220159139,-0.6133941412,0,0,-0.8655596584,0.3123371696,0.2527865345,0.2590565133,-0.04802119732,0.1245216206,-0.001275309711,-0.02484439238,0.03008631186,-0.0008173755523,0.7686701243,0.003619842779,-0.0136063263,0.0003846778612,1,0,0,0
2.980074406,0.9599926472,torque,figure8,0.01522105094,0.02212841995,-0.1690541506,0,0,-0.4833216001,-0.01314710733,-0.01220529899,-0.6220176816,0,0,-0.8703964706,0.3154130264,0.249025779,0.1868946068,-0.05032958463,0.1491873264,-0.0001814199641,-0.02172689677,0.02063150181,-0.0008713686688,0.7688401521,0.004468005197,-0.01841004968,-0.0008126430992,1,0,0,0
2.990105391,0.970023632,torque,figure8,0.01500947308,0.0219493825,-0.1746643484,0,0,-0.4920765337,-0.01333269197,-0.01233184617,-0.6305403709,0,0,-0.8751666886,0.3185240259,0.2452995524,0.1028190692,-0.05166143924,0.1720582843,-0.0006546033546,-0.01791248685,0.009019512932,-0.0009120368332,0.7690302519,0.005295383378,-0.02326629817,-0.0003804298057,1,0,0,0
3.000085354,0.9800035954,torque,figure8,0.01459734514,0.02158462815,-0.1861054599,0,0,-0.5008339781,-0.01357262302,-0.01298661251,-0.6472218037,0,0,-0.8798238841,0.3158053495,0.2333593709,0.09571708275,-0.05249803886,0.1953742653,-9.027531632e-05,-0.01437661652,-0.01938125024,-0.001044982505,0.76500862,0.005607409472,-0.03060051175,-0.001170093013,1,0,0,0
3.010117769,0.9900360107,torque,figure8,0.01439697668,0.02139692381,-0.1919332445,0,0,-0.5096838482,-0.01357910316,-0.01347114611,-0.6553139091,0,0,-0.8844163243,0.3187954634,0.2298995008,0.1956514297,-0.05154877529,0.1944535822,-0.000246296695,-0.009572146051,-0.03374517603,-0.001091811514,0.7652119966,0.006332740624,-0.03236457568,-0.0009697149418,1,0,0,0
3.02007556,0.9999938011,torque,figure8,0.01419924572,0.02120617963,-0.1978109181,0,0,-0.5185130084,-0.01354370825,-0.01413272973,-0.6633684635,0,0,-0.8888861338,0.3217159483,0.2263656018,0.2931968344,-0.04843125865,0.1818675995,-0.0008420327795,-0.005370110424,-0.04837191968,-0.001118636604,0.76536599,0.006577656495,-0.03256464404,-0.0002995029937,1,0,0,0
3.030115366,1.010033607,torque,figure8,0.01381172799,0.02079395391,-0.2097879946,0,0,-0.5274595029,-0.01344782487,-0.01591603272,-0.6792878509,0,0,-0.8933035263,0.3186508113,0.2150276109,0.4634533962,-0.04124691337,0.1338518113,-2.027742812e-05,-0.001906752189,-0.07924345008,-0.001269437288,0.7613356824,0.005793896595,-0.0306264062,-0.00125470484,1,0,0,0
3.040083408,1.02000165,torque,figure8,0.01362264529,0.02057049237,-0.2158850431,0,0,-0.5363854809,-0.01329379063,-0.01699969359,-0.6870618463,0,0,-0.8976007039,0.3214486774,0.2116419737,0.5292272606,-0.03664063662,0.09686494619,-0.0006626645336,0.001853682213,-0.08968808343,-0.001290871447,0.7614705967,0.005788109667,-0.02663656441,-0.0004872760185,1,0,0,0
3.050091743,1.030009985,torque,figure8,0.01343731489,0.02033989877,-0.2220291495,0,0,-0.5453901899,-0.01311897766,-0.01812492684,-0.6946755052,0,0,-0.9018263937,0.3242786384,0.2083557322,0.5751434559,-0.03122901171,0.05181251466,9.320945537e-05,0.004951130843,-0.0973586396,-0.001330017065,0.7616412782,0.005510663785,-0.0211301744,-0.001172034227,1,0,0,0
3.060094118,1.04001236,torque,figure8,0.01325699221,0.02010123804,-0.2282195091,0,0,-0.5544313454,-0.01289151981,-0.0192365814,-0.702121675,0,0,-0.9059606092,0.3270993271,0.2051500632,0.598525921,-0.02409954928,0.002499431605,-0.0004853813152,0.007698998941,-0.1017331001,-0.001346585822,0.7618304862,0.004928686072,-0.01457003389,-0.0004883513674,1,0,0,0
3.070173264,1.050091505,torque,figure8,0.01307645626,0.01981898025,-0.2345204949,0,0,-0.5635832713,-0.01262591593,-0.02040758915,-0.7093731761,0,0,-0.9100365983,0.3299183179,0.2020932766,0.5988558357,-0.01843443699,-0.05183335394,-0.0005071847118,0.009928450039,-0.1035146031,-0.001365454332,0.7620575578,0.004447834111,-0.00704961581,-0.0004057763205,1,0,0,0
3.080099106,1.060017347,torque,figure8,0.01290045865,0.01952991635,-0.2408584952,0,0,-0.5726357066,-0.01234952733,-0.02148769796,-0.7163944244,0,0,-0.9139623402,0.3326018001,0.1991163311,0.5741388681,-0.0118557075,-0.1046105698,-0.0006924085319,0.01163024909,-0.101353376,-0.001384051999,0.7622590128,0.003746355441,0.0008114238329,-0.0001730310243,1,0,0,0
3.090105057,1.070023298,torque,figure8,0.01256183069,0.01893366873,-0.2536555529,0,0,-0.5818001986,-0.01177542377,-0.02342753671,-0.7298288345,0,0,-0.9178311271,0.3289303755,0.1898219484,0.4498898488,0.00379210175,-0.2102881074,-0.001711409888,0.01220977669,-0.09420294039,-0.001424126984,0.7585325421,0.001574584145,0.01562810957,0.0008933226975,1,0,0,0
3.100111246,1.080029488,torque,figure8,0.01237955783,0.01859469526,-0.2601633668,0,0,-0.5910031759,-0.01154252514,-0.02423788048,-0.7364183664,0,0,-0.9216110083,0.3315931173,0.1871283499,0.3553622991,0.008942101151,-0.2558981776,-0.0009023163584,0.01200491772,-0.07938855261,-0.001425345187,0.7588052007,0.0007634389045,0.02455900737,0.0001089795597,1,0,0,0
3.11010623,1.090024471,torque,figure8,0.01220140327,0.01825300232,-0.2667092681,0,0,-0.6002331616,-0.01135850046,-0.02480579168,-0.7430388331,0,0,-0.925297807,0.3342457687,0.1842896535,0.2442085699,0.01447366364,-0.2956491709,-0.0006598464097,0.0112081548,-0.06106795756,-0.001435796253,0.759041355,-0.0001927150842,0.03307606274,-0.0001114726063,1,0,0,0
3.120110989,1.10002923,torque,figure8,0.01185767259,0.01756761037,-0.2799182534,0,0,-0.6095086332,-0.01101064868,-0.02532902732,-0.7564983964,0,0,-0.9288992814,0.330271167,0.1745991385,0.1347466424,0.02587359585,-0.348726511,-0.001448494033,0.008029743337,-0.02560787965,-0.001425423738,0.7551219845,-0.002302265387,0.04481600009,0.0007526477652,1,0,0,0
3.130105495,1.110023737,torque,figure8,0.01167209819,0.01719595864,-0.2866071463,0,0,-0.6188101324,-0.01097013801,-0.02519804612,-0.7632238865,0,0,-0.9324082286,0.3328524641,0.1714019459,0.2581667057,0.03100803681,-0.3595007658,-0.001088743214,0.005615597341,0.0008319249719,-0.001410350664,0.7552472016,-0.003431206447,0.05049197366,0.0004278479285,1,0,0,0
3.140098333,1.120016575,torque,figure8,0.01148971729,0.01682940312,-0.2933295965,0,0,-0.6281446964,-0.01091635972,-0.02486654371,-0.7699495554,0,0,-0.9358278207,0.3354346337,0.168086617,0.4090177775,0.03443865106,-0.3549781144,-0.001534194453,0.003393093855,0.02694724656,-0.001392163348,0.7553435065,-0.004230152617,0.05374831857,0.0008788417846,1,0,0,0
3.150103331,1.130021572,torque,figure8,0.01113247965,0.01611945592,-0.306892693,0,0,-0.6375244078,-0.01107667759,-0.02329458483,-0.7829642296,0,0,-0.9391626502,0.3312115634,0.1583138562,0.706999739,0.03849968687,-0.3050025403,-0.0006676545599,-0.003840485214,0.07422393634,-0.001401335729,0.7513356845,-0.005988641604,0.0533588661,4.584284733e-05,1,0,0,0
3.160133362,1.140051603,torque,figure8,0.01093712728,0.01575100981,-0.3137483001,0,0,-0.6469606314,-0.01121900789,-0.02220877074,-0.789247334,0,0,-0.9424165119,0.3337636481,0.1551769722,0.8336040015,0.03883788735,-0.2572717071,-2.887968731e-05,-0.006884792745,0.09701213033,-0.001426539414,0.7514798856,-0.006438327465,0.04992286547,-0.0006911243996,1,0,0,0
3.170146942,1.150065184,torque,figure8,0.01074365061,0.01539541967,-0.3206406236,0,0,-0.6564134873,-0.01139225997,-0.02095995843,-0.7954122424,0,0,-0.945575833,0.3362972806,0.1520467277,0.9338362557,0.03760899603,-0.1925742477,0.0005896119983,-0.009868776666,0.115847168,-0.001481990202,0.751624859,-0.006649878234,0.04344607303,-0.001453471047,1,0,0,0
3.180090189,1.16000843,torque,figure8,0.01055136602,0.01505383011,-0.3275689483,0,0,-0.6658308122,-0.01164926961,-0.01954352297,-0.8014361858,0,0,-0.9486247701,0.3387610333,0.1489366782,1.002189439,0.03380564228,-0.1158894077,-0.0005273640272,-0.01309621176,0.1303632181,-0.001506573516,0.7517568262,-0.006567328775,0.03466482265,-0.0004230929308,1,0,0,0
3.190097094,1.170015335,torque,figure8,0.01035982557,0.0147272246,-0.3345323801,0,0,-0.6753385929,-0.01193427667,-0.01805734448,-0.8073106408,0,0,-0.9516044982,0.3412815433,0.1459082312,1.033724296,0.0304288771,-0.03188070282,-0.0003303360136,-0.01610390547,0.1393167828,-0.001545169466,0.7519370493,-0.006501173921,0.02401061474,-0.0007591059797,1,0,0,0
3.200114489,1.18003273,torque,figure8,0.009953854606,0.01410792302,-0.3485791087,0,0,-0.6848857592,-0.01256631501,-0.01502870768,-0.8182820082,0,0,-0.9544981983,0.3367495744,0.1376176761,0.9770250172,0.01900746487,0.1467060596,0.0003945981152,-0.0237238782,0.1439511009,-0.001634680845,0.7482728446,-0.006241860146,0.0003759312567,-0.001784144635,1,0,0,0
3.210134983,1.190053225,torque,figure8,0.009751833044,0.01382058021,-0.3556482792,0,0,-0.6944644332,-0.01287108846,-0.01370106451,-0.8234173059,0,0,-0.957303554,0.3392381065,0.1351995247,0.8845900097,0.01402191725,0.2376668006,-0.001290169777,-0.02515494532,0.1326869065,-0.001674969739,0.7486108071,-0.005596251652,-0.01443874182,-0.0002692734153,1,0,0,0
3.220096588,1.20001483,torque,figure8,0.009550467134,0.01354626939,-0.3627462387,0,0,-0.7040142365,-0.01315453183,-0.012577191,-0.8284057975,0,0,-0.9600039545,0.3416702491,0.1328506769,0.7512236724,0.006589430384,0.3223880231,-0.0007908729604,-0.02620616028,0.1150811009,-0.001734268787,0.7489437915,-0.004578756059,-0.02917716496,-0.0009575340032,1,0,0,0
3.230101824,1.210020065,torque,figure8,0.009329373017,0.01327754185,-0.3698948026,0,0,-0.7136325005,-0.01337365992,-0.01164776552,-0.8333461285,0,0,-0.9626273944,0.3441205244,0.1304920341,0.5803772068,-0.0002624551125,0.4013227224,-0.0006097787409,-0.02672632695,0.09170093223,-0.001804046928,0.7492770226,-0.003579710902,-0.04379344027,-0.001306992138,1,0,0,0
3.24012351,1.220041752,torque,figure8,0.008892239071,0.0127663957,-0.3842753172,0,0,-0.7232924454,-0.01374550629,-0.01071381569,-0.8432167768,0,0,-0.9651659464,0.3393739324,0.123188168,0.1764271626,-0.01800083928,0.5119240284,-0.0003358471149,-0.02965558863,0.03444305209,-0.001973279036,0.7457431554,-0.001765405571,-0.06677966741,-0.002047619719,1,0,0,0
3.250097036,1.230015278,torque,figure8,0.008676460013,0.01251810417,-0.3915080428,0,0,-0.7329307829,-0.01389734354,-0.01081517991,-0.848175168,0,0,-0.9676036666,0.3417623024,0.1207198018,0.178528026,-0.0240615271,0.5339315534,7.72212079e-05,-0.02849321883,-0.003453778506,-0.002074617355,0.7459752662,-0.0005960617546,-0.07551013117,-0.002554747461,1,0,0,0
3.260162115,1.240080357,torque,figure8,0.008462870494,0.01227030065,-0.3987770677,0,0,-0.7426817949,-0.01396343857,-0.01133885421,-0.8532052636,0,0,-0.969974124,0.3442276019,0.1181461552,0.4012595754,-0.030511057,0.5299569964,0.000140017466,-0.0267431458,-0.0428190638,-0.00217046836,0.7461851278,0.0006901128739,-0.08067032841,-0.002638558224,1,0,0,0
3.270155668,1.25007391,torque,figure8,0.008226866834,0.01203662809,-0.4060938954,0,0,-0.7523866721,-0.01395037584,-0.01221148204,-0.858260572,0,0,-0.9722386442,0.3465995513,0.1154761197,0.6412538948,-0.03655228019,0.5042212605,-0.0005495032528,-0.02474110282,-0.08149957448,-0.002241022905,0.7463139215,0.00190506548,-0.08253037767,-0.001916925359,1,0,0,0
3.280094147,1.260012388,torque,figure8,0.007766447961,0.011548643,-0.420815587,0,0,-0.7620600711,-0.01381896436,-0.01512083504,-0.8682849407,0,0,-0.9744026428,0.341528164,0.1080766863,1.071078024,-0.04902756587,0.3809343874,-0.001267583808,-0.02339254748,-0.1561623582,-0.002414103147,0.742409218,0.003498883912,-0.07638794389,-0.001455451782,1,0,0,0
3.290117264,1.270035505,torque,figure8,0.007542795967,0.0112886494,-0.4282192588,0,0,-0.7718371892,-0.01359513961,-0.01694043353,-0.8730427623,0,0,-0.9764961472,0.3438860414,0.105709077,1.233812781,-0.05222471058,0.2879340947,-0.0005063108983,-0.01910115349,-0.1835835933,-0.002448894061,0.7425511243,0.004769154813,-0.0667718391,-0.002004354372,1,0,0,0
3.300086975,1.280005217,torque,figure8,0.007299952675,0.01103239972,-0.4356741905,0,0,-0.7815825859,-0.01337902062,-0.01900367811,-0.8777300715,0,0,-0.978489909,0.3461612646,0.1034054294,1.349972882,-0.05460442603,0.1774483472,-0.001556103816,-0.01562991551,-0.2049926445,-0.002458350441,0.742664327,0.005662864184,-0.05391121445,-0.0007643633278,1,0,0,0
3.310140848,1.29005909,torque,figure8,0.006831253413,0.01047439687,-0.4506413341,0,0,-0.7914299318,-0.0128203854,-0.02339906618,-0.8865004182,0,0,-0.9804110285,0.3410179576,0.09762725702,1.414888575,-0.05620909482,-0.07884277403,-0.002116193762,-0.01125573198,-0.2359541118,-0.002497658954,0.7390559823,0.006255570408,-0.02367437209,-0.0001002491108,1,0,0,0
3.32011199,1.300030231,torque,figure8,0.006606343668,0.0101726288,-0.4581503272,0,0,-0.8012148793,-0.01244183537,-0.02547566406,-0.8903928399,0,0,-0.9822275963,0.3432789144,0.09611155606,1.354030754,-0.05737263709,-0.2141867578,-0.002274217084,-0.006202097141,-0.2286965129,-0.002436207606,0.7393743287,0.007316797027,-0.002669711496,0.0003350508287,1,0,0,0
3.33010149,1.310019732,torque,figure8,0.006366170943,0.009865844622,-0.4656980634,0,0,-0.8110355631,-0.01206778642,-0.02740371972,-0.8940596581,0,0,-0.9839588878,0.3455370483,0.0947547721,1.229407388,-0.05483100191,-0.3495894372,-0.00300548994,-0.001891064011,-0.2125434312,-0.002359060782,0.7397446609,0.00764541273,0.01936287252,0.001313480469,1,0,0,0
3.340110779,1.32002902,torque,figure8,0.006131514907,0.00954354275,-0.4732649922,0,0,-0.8208926025,-0.0116604697,-0.02907307819,-0.8976626396,0,0,-0.9856046429,0.3478126365,0.09335419844,1.044514682,-0.0522602126,-0.4751618803,-0.002319162479,0.00243420437,-0.1875579546,-0.002296678101,0.7401268971,0.007949809628,0.04105868587,0.0007665057981,1,0,0,0
3.350157976,1.330076218,torque,figure8,0.005683774594,0.00887208432,-0.4884544015,0,0,-0.830803091,-0.01082968153,-0.03121319041,-0.9046694636,0,0,-0.9871670703,0.3425107945,0.08886731888,0.5145953597,-0.04444097728,-0.6922706962,-0.002210143488,0.008873077601,-0.1262264225,-0.002268265325,0.736930397,0.007702310975,0.07870159111,0.0006937607052,1,0,0,0
3.36013341,1.340051651,torque,figure8,0.005446881987,0.008539315313,-0.4961022735,0,0,-0.8406578783,-0.01050858945,-0.03150712699,-0.9083058238,0,0,-0.988629567,0.3447044434,0.08691969407,0.2145548658,-0.03568606451,-0.7601943612,-0.002776537556,0.01196921366,-0.07324738193,-0.002213300797,0.7372038751,0.006904758797,0.09663397152,0.001388195837,1,0,0,0
3.370131016,1.350049257,torque,figure8,0.005216525402,0.00820819661,-0.503769815,0,0,-0.8505487649,-0.01020912826,-0.03120217286,-0.9120278358,0,0,-0.9900065666,0.3469153019,0.08460782667,0.2546657652,-0.03020695783,-0.795268476,-0.003377898829,0.01487576723,-0.01619712434,-0.002141669869,0.7374126187,0.006545366936,0.1102057491,0.00204383606,1,0,0,0
3.380110979,1.360029221,torque,figure8,0.004992578644,0.007883551531,-0.5114507079,0,0,-0.8604354846,-0.009937128052,-0.03034401685,-0.9158326387,0,0,-0.9912925248,0.3491095109,0.08193717278,0.5964822653,-0.02447381243,-0.7942136526,-0.002153203357,0.01748636085,0.0423057246,-0.002109779375,0.7375397906,0.006091456562,0.1186107367,0.0007694216932,1,0,0,0
3.390091419,1.370009661,torque,figure8,0.004774525296,0.007569476496,-0.5191524029,0,0,-0.8703350696,-0.009694925509,-0.02896104939,-0.9194488525,0,0,-0.9924900052,0.3512966816,0.07916908452,0.9552787447,-0.01670760475,-0.7668896914,-0.002405284205,0.01965865958,0.1004894778,-0.002077769713,0.7376590613,0.005292550442,0.1230406395,0.0009784887982,1,0,0,0
3.400109529,1.380027771,torque,figure8,0.004306084476,0.007009037305,-0.5346599221,0,0,-0.8802835933,-0.009372379631,-0.02449434437,-0.9270350933,0,0,-0.9936029619,0.3457215513,0.07154785486,1.612517629,0.0005261520855,-0.6138068438,-0.002476629801,0.02127946333,0.2092322598,-0.002025458977,0.7338127185,0.00307281265,0.1171864995,0.001023718388,1,0,0,0
3.410115719,1.39003396,torque,figure8,0.00408115983,0.006763222162,-0.5424456,0,0,-0.890230963,-0.009325086139,-0.02149421349,-0.9307808876,0,0,-0.9946255423,0.3478750576,0.06800807581,1.874804553,0.007853624411,-0.4869278669,-0.002414601389,0.02134478164,0.2558767934,-0.001982226812,0.7338010185,0.001988385395,0.1056582145,0.0009567424384,1,0,0,0
3.420087099,1.400005341,torque,figure8,0.003860503668,0.006544429343,-0.5502526164,0,0,-0.900153465,-0.009319790639,-0.01813241467,-0.9345553517,0,0,-0.9955560303,0.349983338,0.06431738288,2.071708247,0.014107164,-0.3303155601,-0.001530963578,0.02100089893,0.2935530655,-0.00195862778,0.7337575355,0.00100726454,0.08862834819,3.958457596e-05,1,0,0,0
3.430063486,1.409981728,torque,figure8,0.003606928047,0.006344739813,-0.5580975413,0,0,-0.9100897934,-0.009400635958,-0.01455995813,-0.9382014275,0,0,-0.9963985381,0.352067907,0.06072287888,2.191163442,0.02114245482,-0.1530101299,-0.002212542575,0.01931954712,0.3200032908,-0.001892493994,0.7337459525,-0.0003348176525,0.06703383653,0.0008072115942,1,0,0,0
3.440085888,1.420004129,torque,figure8,0.003357438371,0.006175851449,-0.5659476519,0,0,-0.9200799695,-0.00946377404,-0.01088414621,-0.9415031672,0,0,-0.9971558492,0.3542020778,0.05749129218,2.224409701,0.02797229402,0.04005417973,-0.0017611105,0.01767623179,0.3337817295,-0.001861576103,0.733858698,-0.001571018763,0.04139954211,0.000316480579,1,0,0,0
3.450083256,1.430001497,torque,figure8,0.002869411837,0.005929207429,-0.5816943049,0,0,-0.9300523088,-0.009665155783,-0.003872449044,-0.9469220638,0,0,-0.9978223154,0.3484202748,0.05195427515,2.01065967,0.03825261071,0.4448113143,-0.002343747998,0.01261281912,0.3367532703,-0.001748499474,0.7306656935,-0.003786958194,-0.01272786052,0.0008551646153,1,0,0,0
3.46007514,1.439993382,torque,figure8,0.002589827403,0.005865802988,-0.5896046162,0,0,-0.9400253921,-0.009747697972,-0.0007565086125,-0.9493198395,0,0,-0.998399647,0.350479436,0.05004415477,1.76282958,0.04272942245,0.6403509378,-0.002793978434,0.009517085224,0.3039419528,-0.001719731969,0.7310561882,-0.004886217188,-0.04612901348,0.001192596829,1,0,0,0
3.470090866,1.450009108,torque,figure8,0.002314362908,0.005826673936,-0.597525835,0,0,-0.950027616,-0.009863059968,0.001868725871,-0.9516652822,0,0,-0.9988892936,0.35255753,0.04827918122,1.42394672,0.04549626634,0.8242082596,-0.002048049355,0.005747903586,0.2575980828,-0.001706510181,0.7314608115,-0.00585255341,-0.07948187911,0.0002876977562,1,0,0,0
3.48008132,1.459999561,torque,figure8,0.001778524253,0.005809630733,-0.6134013534,0,0,-0.9600090431,-0.009975421242,0.005160184111,-0.956528306,0,0,-0.9992888733,0.3466609374,0.04421088829,0.5027918472,0.04498700052,1.129212856,-0.002465853933,-0.002738445273,0.1466177907,-0.00169913558,0.728394146,-0.007114452605,-0.1361438396,0.000197915089,1,0,0,0
3.490095854,1.470014095,torque,figure8,0.001483781729,0.005846273154,-0.6213672757,0,0,-0.9700180897,-0.009932203218,0.005674452521,-0.959043622,0,0,-0.9996003758,0.3487029833,0.04213903592,0.06469892483,0.04500150308,1.240661263,-0.002082670573,-0.006313019617,0.0608155878,-0.001721108982,0.7286034911,-0.007557855745,-0.1650951022,-0.0003633097388,1,0,0,0
3.500087738,1.48000598,torque,figure8,0.001194526907,0.005883969367,-0.629342854,0,0,-0.9800071637,-0.009891264141,0.005269620102,-0.9619618058,0,0,-0.9998223285,0.3507157054,0.03948449291,0.6587485654,0.0453732647,1.29768157,-0.002060350263,-0.01056795689,-0.03152991991,-0.00174423189,0.7286013784,-0.008197710199,-0.1868588689,-0.000594042188,1,0,0,0
3.51009202,1.490010262,torque,figure8,0.000634105585,0.005933492444,-0.6453425884,0,0,-0.9900104092,-0.009512265213,0.001696842955,-0.9680515528,0,0,-0.9999556467,0.3447194731,0.03333517176,1.884709507,0.0389541164,1.258550763,-0.002166091697,-0.01984038487,-0.2159625353,-0.001847599368,0.7245732273,-0.008750125008,-0.2072536625,-0.00112630643,1,0,0,0
3.520129681,1.500047922,torque,figure8,0.0003637005866,0.005929939449,-0.6533708572,0,0,-1.000047922,-0.009256675839,-0.001555295428,-0.9715639949,0,0,-0.999999999,0.346727968,0.02994513851,2.458403433,0.03287627175,1.143936872,-0.001748345559,-0.02292167987,-0.310886914,-0.00186592767,0.724145533,-0.008188825871,-0.2047158351,-0.001374633974,1,0,0,0
3.530123472,1.510041714,torque,figure8,7.290662325e-05,0.005934572313,-0.6614463925,0,0,-1.010041564,-0.00892477762,-0.005660060793,-0.9751571417,0,0,-0.999955184,0.348645691,0.02695609108,2.966702171,0.02531617694,0.9732267857,-0.001684147283,-0.02581708659,-0.3972987799,-0.001874600852,0.7236130949,-0.007432073015,-0.1928232562,-0.001217706118,1,0,0,0
3.540103197,1.520021439,torque,figure8,-0.0002099890116,0.005903271027,-0.6695440412,0,0,-1.02002025,-0.008536453359,-0.01046684571,-0.9789415002,0,0,-0.9998218409,0.3505259839,0.02486794167,3.381277292,0.0188112054,0.7439703345,-0.001587354229,-0.02832608133,-0.4712161547,-0.001852110502,0.7230114971,-0.006777588873,-0.1707493739,-0.0009661921713,1,0,0,0
3.550099611,1.530017853,torque,figure8,-0.0004906335962,0.005827244371,-0.6776645184,0,0,-1.030013846,-0.008028017357,-0.01578789949,-0.9826421142,0,0,-0.9995995238,0.3523978518,0.02452061529,3.681635491,0.01087421272,0.475496918,-0.002025539288,-0.02972277617,-0.5291972677,-0.001758099081,0.7224636259,-0.005719399061,-0.140766504,3.39912172e-05,1,0,0,0
3.56010747,1.540025711,torque,figure8,-0.001050655963,0.005591632333,-0.6939860582,0,0,-1.040016211,-0.007114321925,-0.02716217749,-0.9890297055,0,0,-0.9992879744,0.3460769236,0.02989363717,3.874748055,-0.01078859158,-0.1464737952,-0.002926090267,-0.03557021033,-0.610880166,-0.001850167409,0.7183330134,-0.003866747314,-0.06843689985,0.00132975318,1,0,0,0
3.570119381,1.550037622,torque,figure8,-0.00132993469,0.00542993471,-0.7021786571,0,0,-1.050019062,-0.006656562444,-0.03272078559,-0.99160254,0,0,-0.9988872162,0.3478853264,0.0341763974,3.740390096,-0.01959084347,-0.4846868813,-0.002809014171,-0.03491786091,-0.5984017742,-0.001725148687,0.718353904,-0.002321247062,-0.01704116569,0.001970779009,1,0,0,0
3.58011651,1.560034752,torque,figure8,-0.001600630814,0.005224201363,-0.7103825808,0,0,-1.060002696,-0.0062248623,-0.03788903356,-0.9936576486,0,0,-0.998398146,0.3496628082,0.03868850076,3.446401087,-0.03115702048,-0.8214399815,-0.002528208308,-0.03357707464,-0.5632777288,-0.001586727852,0.7185929756,-0.0003374281391,0.03687989307,0.002322077581,1,0,0,0
3.590127468,1.57004571,torque,figure8,-0.001863100333,0.004978244193,-0.7185944319,0,0,-1.069994795,-0.005818269681,-0.04247675836,-0.9953173399,0,0,-0.9978193771,0.3514405631,0.04294633224,2.992349051,-0.04275191203,-1.152582884,-0.003722485853,-0.03135372531,-0.5048253789,-0.001394930154,0.7189990511,0.001758745021,0.09289089646,0.004121741867,1,0,0,0
3.600128889,1.580047131,torque,figure8,-0.00237262575,0.004381989595,-0.7350490093,0,0,-1.079971145,-0.005217071623,-0.0488964431,-0.9985356927,0,0,-0.9971522031,0.3449581287,0.0491934348,1.657088555,-0.05689702928,-1.700670123,-0.004059762694,-0.02925242108,-0.3559386155,-0.001027322028,0.7163643323,0.003748248933,0.187115724,0.005922890407,1,0,0,0
3.610127449,1.590045691,torque,figure8,-0.002617612015,0.004053393379,-0.7432845235,0,0,-1.089937526,-0.005079836119,-0.05028048903,-0.9999214411,0,0,-0.9963963438,0.3466865818,0.05065924025,0.8144163518,-0.06388778985,-1.898636103,-0.002491753316,-0.02477998725,-0.2262799373,-0.0008157479299,0.7166797824,0.005555097288,0.235398144,0.004631395136,1,0,0,0
3.620138645,1.600056887,torque,figure8,-0.002859560773,0.003715169616,-0.7515082955,0,0,-1.099908486,-0.005035025068,-0.05028703809,-1.001612067,0,0,-0.9955504975,0.3484317322,0.05090069061,0.1255827508,-0.07107254118,-2.020954847,-0.002337286016,-0.01983672602,-0.08465646098,-0.0006252812737,0.7167413283,0.007410992612,0.2739326251,0.004563561615,1,0,0,0
3.630164385,1.610082626,torque,figure8,-0.003104786854,0.003340918804,-0.7597449422,0,0,-1.109884996,-0.005102471448,-0.04889059067,-1.003196955,0,0,-0.9946141402,0.3501697575,0.04989979736,1.077270363,-0.07697982341,-2.073820114,-0.002466058126,-0.01471785951,0.06437084054,-0.0004813972481,0.7166052952,0.009042319538,0.3030500339,0.004700957542,1,0,0,0
3.640118837,1.620037079,torque,figure8,-0.003346034558,0.002984197345,-0.7679911256,0,0,-1.119780841,-0.005187397357,-0.04594925418,-1.005589247,0,0,-0.9935960443,0.3518182849,0.04777112053,2.049701787,-0.07857725024,-2.036838531,-0.001622498152,-0.008589374018,0.2169388109,-0.0004071649704,0.7160009492,0.01023029173,0.3196385507,0.003504979856,1,0,0,0
3.650141478,1.630059719,torque,figure8,-0.003820020705,0.002371967537,-0.7845315337,0,0,-1.129733789,-0.005716590676,-0.03560565785,-1.011282802,0,0,-0.9924819864,0.3452315393,0.04066832836,3.833627413,-0.07810507715,-1.67520833,-0.0006890275981,0.0008207236177,0.5064964179,-0.0001864449469,0.7107353316,0.01132551262,0.3105728779,0.002835341697,1,0,0,0
3.660151958,1.6400702,torque,figure8,-0.00406205235,0.002099246019,-0.7928335071,0,0,-1.13966307,-0.006201142911,-0.02852202393,-1.014943242,0,0,-0.9912801507,0.3468597016,0.03757528331,4.568865245,-0.07810260355,-1.372489214,-0.001001268975,0.006506661509,0.6321919207,-0.0001184521917,0.709414478,0.01212785506,0.2849623873,0.00292613973,1,0,0,0
3.670236349,1.650154591,torque,figure8,-0.004304041155,0.001888034167,-0.8011597991,0,0,-1.149653043,-0.00674657058,-0.02047296241,-1.018651843,0,0,-0.9899793773,0.3485249354,0.03587155834,5.148180775,-0.07675013691,-0.9964446425,-0.0002660733007,0.01216289683,0.7365330396,-7.081343814e-05,0.7081317822,0.01270070763,0.2458082714,0.001999501998,1,0,0,0
3.680155754,1.660073996,torque,figure8,-0.004787701182,0.001676390995,-0.8178690076,0,0,-1.159466338,-0.007724604104,-0.002311551245,-1.02673924,0,0,-0.988611696,0.3416349936,0.03897078865,5.730019186,-0.06371989101,-0.0856571123,0.001219432219,0.02294420675,0.902986907,9.422717727e-05,0.7025691949,0.01239020926,0.1466342385,0.0009187718301,1,0,0,0
3.690130234,1.670048475,torque,figure8,-0.005045740865,0.001687590498,-0.8262714744,0,0,-1.169320001,-0.008178140968,0.00705362577,-1.03063798,0,0,-0.9871482294,0.3430897824,0.04481064599,5.681945985,-0.05600644276,0.4302802682,0.00145383738,0.02845370131,0.9104643603,2.955201611e-05,0.7018010315,0.01208675846,0.07208492255,0.000341473143,1,0,0,0
3.700121164,1.680039406,torque,figure8,-0.005302526988,0.001773175085,-0.8346968293,0,0,-1.179174838,-0.008518811315,0.01598686725,-1.033724308,0,0,-0.9855936944,0.3445233803,0.05142670551,5.390305608,-0.04623261839,0.9509385228,0.001287834253,0.0336600632,0.8825342488,-0.0001378246292,0.701498403,0.01144838028,-0.007634369575,0.0002697416565,1,0,0,0
3.710157633,1.690075874,torque,figure8,-0.005810040515,0.002145255916,-0.8515949845,0,0,-1.189058508,-0.008951988071,0.03120151535,-1.038094521,0,0,-0.9839427387,0.3375203529,0.06313547445,4.072865807,-0.02523546107,1.959556818,0.002229457023,0.0412640003,0.7737836816,-8.039628491e-05,0.6988003022,0.009647443972,-0.158957007,0.0006263524354,1,0,0,0
3.720113039,1.700031281,torque,figure8,-0.006088468246,0.002450206317,-0.8600733876,0,0,-1.198845539,-0.008949662559,0.03677632287,-1.039345741,0,0,-0.9822166608,0.3388357177,0.06852974696,3.083139557,-0.01477979217,2.376032591,0.001546617947,0.04341402155,0.6244167203,-0.0001678620424,0.6992870377,0.008318636132,-0.2429218406,0.001229905015,1,0,0,0
3.730204821,1.710123062,torque,figure8,-0.006361466367,0.002793291351,-0.8685542941,0,0,-1.208748649,-0.008748104796,0.04065959528,-1.040010452,0,0,-0.9803770217,0.340265293,0.07270404439,1.909045202,-0.003836750053,2.734779835,0.001667646924,0.04503017197,0.4467685694,-0.0002409543586,0.6998020152,0.006890732718,-0.3214889884,0.001108771448,1,0,0,0
3.740134001,1.720052242,torque,figure8,-0.006627480965,0.0031596974,-0.8770231605,0,0,-1.218473637,-0.008338225074,0.04255208373,-1.040676117,0,0,-0.9784786714,0.3415294057,0.07582036704,0.6347882756,0.009336091578,2.990978956,0.001406963333,0.04581032246,0.2459435106,-0.0002926239428,0.6999581852,0.005043685588,-0.3879055266,0.00135905444,1,0,0,0
3.750120401,1.730038643,torque,figure8,-0.006884820759,0.003532861592,-0.88549155,0,0,-1.228235216,-0.007704280782,0.04231725261,-1.040930867,0,0,-0.9764809879,0.3428310112,0.07748479045,0.9464269679,0.02095056884,3.152186155,0.001430256874,0.04585220964,0.02655032732,-0.0003301702368,0.6998032791,0.003337780214,-0.4427470181,0.001398230834,1,0,0,0
3.760106564,1.740024805,torque,figure8,-0.007403455675,0.00438298611,-0.9024772048,0,0,-1.23797617,-0.005748294294,0.03506617993,-1.04392457,0,0,-0.974394708,0.3356092629,0.0780838113,3.876223883,0.04558516666,3.078607559,0.001835318748,0.04466843932,-0.4120591552,-0.0001507213219,0.6943792347,-9.779308751e-05,-0.4928619308,0.002201354544,1,0,0,0
3.770179033,1.750097275,torque,figure8,-0.007642503362,0.004743661266,-0.9109861255,0,0,-1.247779757,-0.004466538318,0.02796484716,-1.046153784,0,0,-0.9722006014,0.3369137283,0.07918999828,5.278904759,0.05762442201,2.838110924,0.001700731576,0.04133880862,-0.6443766556,-0.0002444284142,0.6923556866,-0.002420732673,-0.492355356,0.001780201769,1,0,0,0
3.780104637,1.760022879,torque,figure8,-0.007866124623,0.005036853254,-0.9195148349,0,0,-1.257418339,-0.003001797479,0.01859464496,-1.050047278,0,0,-0.9699502678,0.3380325785,0.08228184924,6.545172571,0.06842778623,2.455018282,0.002300290391,0.03709240931,-0.8614795806,-0.0003937121992,0.6896097686,-0.004656441204,-0.4693780734,0.0005246697145,1,0,0,0
3.790106773,1.770025015,torque,figure8,-0.008072866127,0.005245835055,-0.9280728698,0,0,-1.267108204,-0.001337876078,0.007354356814,-1.054421782,0,0,-0.9675939962,0.3391720036,0.08714895844,7.615191638,0.07866317779,1.954843402,0.00238842098,0.03253914094,-1.052155075,-0.0004962519463,0.6867145211,-0.006789522533,-0.4255985074,0.0001426676916,1,0,0,0
3.800116301,1.780034542,torque,figure8,-0.008451598696,0.005505768582,-0.9452847838,0,0,-1.27678119,0.002177377231,-0.0184059795,-1.060496092,0,0,-0.9651469579,0.331649831,0.09713381697,8.972101454,0.09028667212,0.7018120885,0.002782414434,0.02306221926,-1.364113986,-0.0005569052689,0.6795131091,-0.009588399155,-0.3006151856,0.0003327120705,1,0,0,0
3.810138226,1.790056467,torque,figure8,-0.008613438345,0.005472014658,-0.9539106488,0,0,-1.286441171,0.003932497464,-0.03202490881,-1.061779976,0,0,-0.9626076649,0.3326870637,0.1042890531,9.182380872,0.09512177855,-0.022111509,0.003603176912,0.01659678717,-1.417863338,-0.0006473670541,0.6785404239,-0.01125645046,-0.2020481935,-0.0008114413678,1,0,0,0
3.820093155,1.800011396,torque,figure8,-0.00875757169,0.005326671526,-0.9625405669,0,0,-1.296010941,0.005562875886,-0.04551985487,-1.062636852,0,0,-0.9599969609,0.3336278744,0.1124186376,9.048151252,0.0964711979,-0.7750599384,0.003486409085,0.009446086661,-1.423769056,-0.0007775781085,0.6782864919,-0.01253943614,-0.09340722438,-0.001056952514,1,0,0,0
3.830109835,1.810028076,torque,figure8,-0.008896335959,0.005076431669,-0.9711695313,0,0,-1.305613395,0.007033370901,-0.0584195964,-1.063392758,0,0,-0.957281152,0.3346006772,0.1213342102,8.556904052,0.09408871084,-1.538333178,0.003135551466,0.001909019301,-1.37719745,-0.000913125367,0.6786978865,-0.01334411437,0.02360470014,-0.0009657652899,1,0,0,0
3.840098858,1.820017099,torque,figure8,-0.009130738676,0.004281981383,-0.9884312749,0,0,-1.315161803,0.009326353669,-0.08020465821,-1.064244986,0,0,-0.9544840249,0.3268861323,0.1362616474,6.542848689,0.08407129347,-2.93962574,0.003433377482,-0.01354250465,-1.213119959,-0.002161938164,0.678251372,-0.01426081961,0.2341997461,-0.0003269799304,1,0,0,0
3.850111961,1.830030203,torque,figure8,-0.009230386466,0.003764588851,-0.9970569015,0,0,-1.324704741,0.01009967458,-0.08811291307,-1.063834071,0,0,-0.9515911401,0.3277994492,0.1430537118,5.055724852,0.0741057992,-3.550330877,0.003608140163,-0.02017670476,-0.9891224912,-0.002760031513,0.6797828918,-0.01373200915,0.3580119194,-0.0008067695327,1,0,0,0
3.860099316,1.840017557,torque,figure8,-0.00931147486,0.003125730436,-1.005654812,0,0,-1.33419384,0.01060599554,-0.09348376095,-1.063068032,0,0,-0.9486169159,0.3286858179,0.1481578845,3.306846023,0.06267540157,-4.040360928,0.003640145762,-0.02567423864,-0.7264940575,-0.003326266159,0.6810942718,-0.01277818741,0.4683763715,-0.001209850662,1,0,0,0
3.870106936,1.850025177,torque,figure8,-0.009386555292,0.002453542314,-1.014240503,0,0,-1.343671954,0.0107472837,-0.09606226534,-1.061483979,0,0,-0.9455477224,0.3295742833,0.1509459458,1.348772353,0.05860183761,-4.420965195,0.002450001426,-0.03117557398,-0.4291021414,-0.003811541593,0.6820051482,-0.01284262631,0.55,7.48497886e-05,1,0,0,0
3.880099058,1.8600173,torque,figure8,-0.009531821124,0.001104979892,-1.031373501,0,0,-1.353104303,0.009785935283,-0.09167984873,-1.060201883,0,0,-0.942394464,0.3218738662,0.149597952,2.996321771,0.03231427073,-4.664955616,0.003280174453,-0.04323907175,0.1810527901,-0.00430286738,0.6779902353,-0.01109782131,0.55,0.001930703461,1,0,0,0
3.890111923,1.870030165,torque,figure8,-0.009599281475,0.0003385484451,-1.039923191,0,0,-1.362524181,0.008806009777,-0.08464882523,-1.060211539,0,0,-0.9391456343,0.3227439536,0.1479862249,5.157497079,0.01080185547,-4.507790089,0.002961385529,-0.04521371526,0.5340429027,-0.004811411766,0.67563224,-0.008109041815,0.55,0.001041299256,1,0,0,0
3.900094509,1.880012751,torque,figure8,-0.009669286199,-0.0003508743539,-1.048476696,0,0,-1.371882747,0.00751903234,-0.07419548929,-1.06186533,0,0,-0.9358179153,0.3235507566,0.146456332,7.214306035,-0.002010795753,-4.150681973,0.00373188057,-0.0457752243,0.8759419126,-0.005426926332,0.6720036364,-0.006178089546,0.55,-0.001400330049,1,0,0,0
3.910109997,1.890028238,torque,figure8,-0.009838297963,-0.001415685983,-1.065615416,0,0,-1.381238329,0.003983284812,-0.04492924362,-1.064802527,0,0,-0.9323902104,0.3157793849,0.1398839705,10.70209387,-0.02677888609,-2.991170406,0.003313612891,-0.04831533043,1.496061437,-0.006130953478,0.6611384423,-0.003223444725,0.55,-0.0009708740504,1,0,0,0
3.920119047,1.900037289,torque,figure8,-0.009940949269,-0.00188375311,-1.074151278,0,0,-1.390553155,0.001948747667,-0.02774015255,-1.063210011,0,0,-0.9288756301,0.3165636101,0.1371825042,12.01770008,-0.04032271355,-2.270970821,0.003642265452,-0.045894356,1.724537594,-0.006814085933,0.6578614684,-0.0007362356884,0.55,-0.003197204011,1,0,0,0
3.930103779,1.91002202,torque,figure8,-0.01005742978,-0.002205649624,-1.082665682,0,0,-1.399809857,-0.000177307229,-0.009467656724,-1.059924483,0,0,-0.9252808635,0.3173112736,0.1349761917,13.00007644,-0.0512387827,-1.498160481,0.004150481429,-0.04267895353,1.904446736,-0.007510447065,0.6555305415,0.001439838847,0.4839028522,-0.005443816058,1,0,0,0
3.940107346,1.920025587,torque,figure8,-0.01018839702,-0.002374452073,-1.091147423,0,0,-1.409047581,-0.002344540553,0.009485737421,-1.055489898,0,0,-0.9215904472,0.3180722434,0.1342554987,13.62639564,-0.06054518372,-0.6903141737,0.003781695617,-0.0387052553,2.031901063,-0.008215108669,0.6542856719,0.003460234871,0.3842772344,-0.006586939992,1,0,0,0
3.950117826,1.930036068,torque,figure8,-0.01033384446,-0.002386457752,-1.099588633,0,0,-1.418254289,-0.004487547558,0.02866545133,-1.05019629,0,0,-0.9178084357,0.3188420989,0.1355300342,13.87816431,-0.0686647743,0.1407623738,0.00367679284,-0.03392377545,2.104188731,-0.008939481752,0.6542425733,0.005396280458,0.2736397261,-0.00780331354,1,0,0,0
3.960114479,1.940032721,torque,figure8,-0.01065118425,-0.001991418889,-1.116237402,0,0,-1.427410053,-0.008464314044,0.06566165388,-1.03848052,0,0,-0.9139427577,0.3113612569,0.1410416665,13.2031141,-0.07624109089,1.840552092,0.003553028684,-0.02506097608,2.188740365,-0.01004999461,0.6554921778,0.007583956767,0.05913640575,-0.008516661083,1,0,0,0
3.970114708,1.950032949,torque,figure8,-0.01079882402,-0.001551391557,-1.124490499,0,0,-1.436529984,-0.01005691104,0.08263472468,-1.032729149,0,0,-0.9099868197,0.3122301414,0.1483081877,12.25421221,-0.0771888122,2.697412491,0.003490549512,-0.01651474331,2.053755962,-0.01107717388,0.6587713066,0.009234993781,-0.0897691812,-0.009961022533,1,0,0,0
3.980110645,1.960028887,torque,figure8,-0.01095579471,-0.0009784081485,-1.132715225,0,0,-1.445606022,-0.01137254294,0.0979167819,-1.027987719,0,0,-0.9059437437,0.3130840739,0.1568813651,10.91119767,-0.07284644246,3.503098011,0.002167348284,-0.007473397716,1.86551717,-0.01290991651,0.6625005504,0.01007825547,-0.2365670054,-0.009961185115,1,0,0,0
3.990120649,1.970038891,torque,figure8,-0.01113394275,-0.000200135968,-1.140849352,0,0,-1.454653887,-0.01246100105,0.1110886857,-1.023779154,0,0,-0.9018059738,0.3140020558,0.1654491743,9.196289107,-0.06710153818,4.248692989,0.001493242919,0.0004580667921,1.625014335,-0.01450258303,0.6664531457,0.01042013333,-0.3801825045,-0.009777542905,1,0,0,0
4.00012064,1.980038881,torque,figure8,-0.01150159724,0.001617206493,-1.157019138,0,0,-1.4636509,-0.01357824635,0.1281053424,-1.015233397,0,0,-0.89758341,0.3068516565,0.1744616493,4.845274536,-0.07285554707,5.329730511,-0.00104054797,0.0158600642,1.11049096,-0.01688235569,0.6713555848,0.01330367766,-0.55,-0.004294137841,1,0,0,0
4.010138988,1.99005723,torque,figure8,-0.01168445218,0.002603076631,-1.165050507,0,0,-1.472621641,-0.01345500816,0.1314285249,-1.010456324,0,0,-0.8932639606,0.3078040042,0.1766027869,2.347491066,-0.06449923664,5.641967297,-0.001023698132,0.02345290112,0.7057449272,-0.01798350871,0.6736883502,0.01307092849,-0.55,-0.00426153037,1,0,0,0
4.020159483,2.000077724,torque,figure8,-0.0118916994,0.003779045772,-1.172983408,0,0,-1.481550569,-0.01286798995,0.1311295182,-1.007083178,0,0,-0.888854342,0.3088193425,0.1770270975,0.4778418036,-0.04654277116,5.74309063,-0.002344264183,0.02985752113,0.2887820849,-0.01898918324,0.6743382842,0.0112537846,-0.55,-0.003257449318,1,0,0,0
4.030121803,2.010040045,torque,figure8,-0.01208887156,0.004934573546,-1.180898428,0,0,-1.490383415,-0.01181104127,0.1268536299,-1.00553596,0,0,-0.8843818457,0.3097603076,0.1758114433,2.945685138,-0.03522276878,5.625065804,-0.002894424368,0.03526388842,-0.1330922294,-0.02001756784,0.6730415634,0.01025743165,-0.55,-0.003000026569,1,0,0,0
4.040138721,2.020056963,torque,figure8,-0.01246297546,0.007033153903,-1.196708918,0,0,-1.499219302,-0.008383481763,0.1067236736,-1.003917575,0,0,-0.8797958912,0.3028486809,0.163909785,7.80611273,-0.03784638271,4.738702297,-0.003096880391,0.04670917898,-0.904249076,-0.02197490449,0.6643207446,0.01232149622,-0.55,-0.00212253224,1,0,0,0
4.050144196,2.030062437,torque,figure8,-0.01262093242,0.007931675762,-1.204601288,0,0,-1.507998789,-0.006088446826,0.09188055247,-1.001726866,0,0,-0.875126139,0.3037634661,0.1565466356,9.897243879,-0.02906009741,4.067713261,-0.004098584875,0.04987961844,-1.267464908,-0.02350806326,0.6601706829,0.01124510477,-0.55,-0.00407173262,1,0,0,0
4.060159683,2.040077925,torque,figure8,-0.01277863979,0.00887999963,-1.212395906,0,0,-1.516739824,-0.003560396144,0.0748372823,-0.9980766773,0,0,-0.8703625934,0.3047414778,0.1480681683,11.68398322,-0.01642453857,3.322247505,-0.004641123582,0.05184063991,-1.580783897,-0.02508288577,0.6562362395,0.0095188025,-0.55,-0.006545244879,1,0,0,0
4.070111752,2.050029993,torque,figure8,-0.01301877759,0.010314974,-1.227884054,0,0,-1.525377812,0.002009528922,0.03585564345,-0.9872547984,0,0,-0.8655408919,0.2979570831,0.1269013019,14.24695946,-4.150298537e-06,1.712215304,-0.004237376619,0.0563332938,-2.116111574,-0.02792519655,0.6484467206,0.008087907327,-0.55,-0.01040785589,1,0,0,0
4.080112934,2.060031176,torque,figure8,-0.01309920289,0.01078197453,-1.235561132,0,0,-1.534009645,0.004948114045,0.01497571915,-0.9805056453,0,0,-0.8606067033,0.298930351,0.1209318498,14.98714098,0.01019468997,0.8744499683,-0.004742359743,0.05486816035,-2.252989126,-0.02983208371,0.6470031477,0.006185731449,-0.4556249845,-0.01350994165,1,0,0,0
4.090091467,2.070009708,torque,figure8,-0.0131548224,0.01114206947,-1.243109941,0,0,-1.542572306,0.007855916396,-0.00615257863,-0.973164916,0,0,-0.855595081,0.2999581689,0.1179925241,15.34419733,0.01860840991,0.02608703449,-0.005456841085,0.05246795472,-2.334837788,-0.03181461001,0.6468164038,0.004466322592,-0.3404866626,-0.01625224346,1,0,0,0
4.100105524,2.080023766,torque,figure8,-0.01318409853,0.01132687088,-1.250614643,0,0,-1.551114731,0.01076370012,-0.02716968767,-0.9655150175,0,0,-0.8504766362,0.3010023607,0.1186923685,15.3091093,0.02392193116,-0.8316043019,-0.004885202739,0.04985803612,-2.360286152,-0.03381985109,0.6479118732,0.003246010615,-0.2168620938,-0.01997417386,1,0,0,0
4.110111237,2.090029478,torque,figure8,-0.01322143711,0.01130221598,-1.258063078,0,0,-1.559598399,0.01333486289,-0.04767755792,-0.9579122663,0,0,-0.8452734289,0.3020365809,0.1230385134,14.87272387,0.02903146297,-1.695401073,-0.004696553573,0.04398945278,-2.328552161,-0.03642865494,0.6502230896,0.001399708634,-0.08526152551,-0.02413651345,1,0,0,0
4.120106697,2.100024939,torque,figure8,-0.01320171822,0.01069268025,-1.272749424,0,0,-1.568020948,0.01808846183,-0.08534388989,-0.9455469251,0,0,-0.8399866991,0.295759855,0.1369442707,12.80695042,0.030715039,-3.368195057,-0.007599413395,0.03057054597,-2.227452154,-0.04579062641,0.6556927152,-0.0005505432978,0.1499283181,-0.02909165761,1,0,0,0
4.130126953,2.110045195,torque,figure8,-0.01314887777,0.01013286132,-1.280005693,0,0,-1.576410905,0.02003133297,-0.1014243737,-0.9407282472,0,0,-0.8345977158,0.2968696976,0.148161559,11.1860699,0.03453137353,-4.15820694,-0.008363780566,0.02156626377,-1.983945162,-0.05054265451,0.6599925896,-0.002430457127,0.3057535158,-0.03108551398,1,0,0,0
4.140165091,2.120083332,torque,figure8,-0.01308102068,0.009452120401,-1.287228584,0,0,-1.584761241,0.02152578905,-0.1145949215,-0.9357454181,0,0,-0.8291096272,0.2979700283,0.1580080615,9.20872949,0.03797595575,-4.846126556,-0.01063638926,0.0120485406,-1.68766798,-0.05513720251,0.6644656323,-0.00420830709,0.4520241712,-0.03069921804,1,0,0,0
4.150212526,2.130130768,torque,figure8,-0.01300196443,0.008675453253,-1.294415474,0,0,-1.593063696,0.022570692,-0.1245350838,-0.9303612113,0,0,-0.8235267624,0.2990569759,0.1656261534,6.92784035,0.03058662452,-5.419147968,-0.01215960924,0.003097577481,-1.343410439,-0.05957265191,0.6686558307,-0.004319013527,0.55,-0.03118742327,1,0,0,0
4.160139322,2.140057564,torque,figure8,-0.0127836531,0.006563745905,-1.30852437,0,0,-1.601210936,0.02342751995,-0.1335899681,-0.9211260676,0,0,-0.8179228067,0.2930391272,0.1704289921,1.956576892,0.01375448052,-6.038164139,-0.01795449294,-0.01073709668,-0.6633924765,-0.06753013536,0.6720491158,-0.003469884659,0.55,-0.02817686474,1,0,0,0
4.170130253,2.150048494,torque,figure8,-0.01267269999,0.005486569367,-1.315537691,0,0,-1.609354202,0.02310228534,-0.132169798,-0.917260468,0,0,-0.8121942022,0.2941408541,0.1704156428,1.663966848,0.02814434841,-6.056586742,-0.0212755166,-0.01710041239,-0.2066450476,-0.07112341922,0.6721083136,-0.006012162735,0.55,-0.02574250906,1,0,0,0
4.180112123,2.160030365,torque,figure8,-0.01255628094,0.004452270921,-1.322538614,0,0,-1.617432486,0.02227666043,-0.126414299,-0.9162569642,0,0,-0.8063821855,0.2951946451,0.1689653562,4.111393243,0.04410897195,-5.83480072,-0.0250909254,-0.02305492293,0.2473809468,-0.07452441805,0.669818904,-0.008669358966,0.55,-0.0240814538,1,0,0,0
4.190150023,2.170068264,torque,figure8,-0.01243688446,0.003235863289,-1.329454899,0,0,-1.625497162,0.02084481716,-0.1169172004,-0.9161307812,0,0,-0.8004482318,0.2963210561,0.1657908031,6.653781079,0.05080930516,-5.400483131,-0.02845047042,-0.03000949333,0.6786892795,-0.07753656204,0.6659373052,-0.01036503423,0.55,-0.02263556178,1,0,0,0
4.20010519,2.180023432,torque,figure8,-0.01223894861,0.001115455525,-1.343270063,0,0,-1.633436098,0.01698978618,-0.08841268718,-0.9096050858,0,0,-0.7944747254,0.2904261757,0.1461521672,11.14425321,0.07017684728,-4.133154869,-0.03560474515,-0.04132538446,1.441481056,-0.0831152151,0.6557469238,-0.01441777979,0.55,-0.02165081717,1,0,0,0
4.210190296,2.190108538,torque,figure8,-0.0121653555,0.0002559540735,-1.350135088,0,0,-1.641417567,0.01459251251,-0.07053736597,-0.9035547376,0,0,-0.788333425,0.291536523,0.1358838191,12.97260328,0.0918193832,-3.389019966,-0.03826155514,-0.0462637893,1.757652004,-0.08613771389,0.6516059387,-0.01795948054,0.55,-0.02453427008,1,0,0,0
4.220140457,2.200058699,torque,figure8,-0.0121153798,-0.0006360313273,-1.356873751,0,0,-1.6492311,0.01197377499,-0.05104283616,-0.8961388469,0,0,-0.7821856971,0.292608965,0.1254354924,14.47276715,0.1087930351,-2.60704422,-0.04062095284,-0.05182143058,2.022056088,-0.08917031252,0.6480957956,-0.02104062574,0.55,-0.02765122504,1,0,0,0
4.230226278,2.21014452,torque,figure8,-0.01208646037,-0.001357062487,-1.363559008,0,0,-1.657088283,0.009140168317,-0.03031720221,-0.8877286911,0,0,-0.7758643382,0.2937811419,0.1162596614,15.62793396,0.1223072559,-1.79812777,-0.0430059582,-0.05784028479,2.23136447,-0.09218454013,0.6454816496,-0.02378316727,0.55,-0.03044775365,1,0,0,0
4.240133286,2.220051527,torque,figure8,-0.01209625974,-0.002257074695,-1.376744032,0,0,-1.664743654,0.00304342038,0.0133223962,-0.8693156242,0,0,-0.7695670215,0.2882623743,0.1006803476,16.84749022,0.1492194682,-0.1327719837,-0.04632756114,-0.07215059266,2.597225746,-0.09881179334,0.6425250093,-0.02994487364,0.4041187401,-0.04080559809,1,0,0,0
4.250113726,2.230031967,torque,figure8,-0.01210573316,-0.00247038994,-1.383176088,0,0,-1.672392247,-1.797261939e-05,0.03530610353,-0.8598022461,0,0,-0.763134812,0.2894799445,0.1029131386,16.88546003,0.1562630683,0.7155781984,-0.04878004268,-0.07745245096,2.613902934,-0.1024814527,0.6436081344,-0.03165693775,0.2759745388,-0.04330050359,1,0,0,0
4.260113478,2.240031719,torque,figure8,-0.01213770546,-0.002500012051,-1.389542103,0,0,-1.679990814,-0.002971049631,0.05668922886,-0.8502198458,0,0,-0.7566013576,0.2907129645,0.1094847804,16.53124476,0.1652114838,1.568153977,-0.0512721017,-0.08017614473,2.577141668,-0.1083770334,0.6460529125,-0.03332661154,0.1416308626,-0.04678429585,1,0,0,0
4.270122051,2.250040293,torque,figure8,-0.01226404309,-0.002037904924,-1.402065039,0,0,-1.687530219,-0.008525656536,0.0960880518,-0.8322427869,0,0,-0.7499731375,0.2857357678,0.1267828685,14.62543901,0.1765064001,3.25619936,-0.05777052417,-0.08665135824,2.486848507,-0.1212795864,0.6533347279,-0.0362754804,-0.09670987457,-0.0572548109,1,0,0,0
4.280116081,2.260034323,torque,figure8,-0.01237306371,-0.001517381752,-1.408151865,0,0,-1.69499203,-0.01105663553,0.1132905185,-0.8250356317,0,0,-0.7432657014,0.2871109112,0.1401546013,13.09924948,0.1805983335,4.037023544,-0.05960100517,-0.08981619611,2.246318797,-0.1268940072,0.6583858389,-0.03750796012,-0.2528561745,-0.05728529409,1,0,0,0
4.290127277,2.270045519,torque,figure8,-0.01249764487,-0.0008611334488,-1.414195776,0,0,-1.702399005,-0.01326302812,0.1279945076,-0.8184735775,0,0,-0.7364577328,0.2884753609,0.152594563,11.22229702,0.1830828041,4.752471924,-0.06449873,-0.09281195926,1.95769858,-0.1324117369,0.6636095424,-0.03862754652,-0.4031314746,-0.05370725039,1,0,0,0
4.300124168,2.28004241,torque,figure8,-0.01263488829,-9.218102059e-05,-1.420198679,0,0,-1.709726942,-0.01513733901,0.1395376176,-0.8118619323,0,0,-0.729570595,0.2898038367,0.1627014134,9.061616223,0.172528401,5.324574471,-0.06877654046,-0.09586302397,1.622965767,-0.1375299307,0.6686334198,-0.03798260127,-0.5371369338,-0.0493904053,1,0,0,0
4.310171127,2.290089369,torque,figure8,-0.01278155949,0.0007623201236,-1.426158667,0,0,-1.717021762,-0.01658280194,0.1476035863,-0.8048558831,0,0,-0.7225594619,0.2911447918,0.16980727,6.700947549,0.1480911225,5.775066376,-0.07370575517,-0.09772973277,1.246416704,-0.1421669511,0.6730446094,-0.03527112322,-0.55,-0.04330398735,1,0,0,0
4.320114851,2.300033092,torque,figure8,-0.01313110068,0.002783446107,-1.437875032,0,0,-1.724171827,-0.018125467,0.1524206549,-0.7953699827,0,0,-0.7155320226,0.286611284,0.1730164399,2.624802603,0.07423590124,6.109658241,-0.08502453566,-0.09906926443,0.5168657126,-0.1514564224,0.6760642563,-0.02633143993,-0.55,-0.03625609196,1,0,0,0
4.330178022,2.310096264,torque,figure8,-0.01332091074,0.003885341808,-1.443657875,0,0,-1.73133619,-0.01811366156,0.1489517689,-0.7918099165,0,0,-0.7083306859,0.2880127696,0.1717076473,3.213095732,0.02880345285,5.97388649,-0.09217339009,-0.09583784211,0.06050435406,-0.1544435584,0.6753038946,-0.01986148444,-0.55,-0.02656337741,1,0,0,0
4.340112686,2.320030928,torque,figure8,-0.01350345928,0.004946094472,-1.449403048,0,0,-1.738337537,-0.01752686687,0.1415593326,-0.786455512,0,0,-0.7011330123,0.2892921468,0.166211205,5.306404345,-0.03367484733,5.619972706,-0.09841736406,-0.08970931731,-0.3838988963,-0.1568275555,0.6734368636,-0.01042091704,-0.55,-0.01834266193,1,0,0,0
4.350069046,2.329987288,torque,figure8,-0.01367434673,0.005936631467,-1.455109835,0,0,-1.745281995,-0.01643117145,0.1308811456,-0.7790100574,0,0,-0.6938316011,0.2905548377,0.1570198302,7.585041762,-0.1118430495,5.084990025,-0.1045207009,-0.07978054151,-0.799820474,-0.1587804824,0.6708527869,0.001908720492,-0.55,-0.0117607814,1,0,0,0
4.36011529,2.340033531,torque,figure8,-0.0140074743,0.007935396396,-1.46615696,0,0,-1.752215015,-0.0129063921,0.1018228605,-0.7599346638,0,0,-0.6863749629,0.2865107174,0.1262754904,11.61730585,-0.2602092028,3.739077568,-0.1138223708,-0.05175590527,-1.512999849,-0.1630860137,0.6642102525,0.02649661262,-0.55,-0.01082499155,1,0,0,0
4.370115519,2.35003376,torque,figure8,-0.01414255984,0.008741479367,-1.471578598,0,0,-1.759041437,-0.01052433718,0.08425974101,-0.7488695383,0,0,-0.6788633808,0.2879432401,0.1100514776,13.22916756,-0.3215816021,2.992311001,-0.117661342,-0.03067184306,-1.79446953,-0.1649717138,0.6614126152,0.03853281328,-0.55,-0.01124972865,1,0,0,0
4.38010931,2.360027552,torque,figure8,-0.01425290108,0.00939849671,-1.476926088,0,0,-1.765787976,-0.007770256605,0.06488183141,-0.738032937,0,0,-0.6712678268,0.2893659746,0.09342167241,14.52612369,-0.3728842735,2.204505444,-0.1190241352,-0.007674633564,-2.028402428,-0.1671771846,0.65895024,0.04944522113,-0.55,-0.01567158948,1,0,0,0
4.390121698,2.37003994,torque,figure8,-0.01438217331,0.009944681078,-1.482129812,0,0,-1.772470503,-0.004631576128,0.04429214448,-0.7274911404,0,0,-0.6635691125,0.2908667403,0.07790552748,15.4803614,-0.4107037783,1.387677073,-0.1213883683,0.01697093656,-2.209390768,-0.1696670511,0.6571807247,0.05869363705,-0.5151588211,-0.01950387178,1,0,0,0
4.400112629,2.38003087,torque,figure8,-0.01454785001,0.0105199879,-1.4923172,0,0,-1.77906143,0.002373804571,0.0009940316668,-0.7075535059,0,0,-0.6557980743,0.2873056976,0.05181937622,16.32292199,-0.4388795495,-0.30056867,-0.1223493963,0.05596108724,-2.517695532,-0.1844139012,0.65619532,0.06895629498,-0.3328088795,-0.0440374676,1,0,0,0
4.410099745,2.390017986,torque,figure8,-0.01458290964,0.01054426655,-1.497314453,0,0,-1.785571802,0.00602972554,-0.02051957883,-0.6978465915,0,0,-0.6479413263,0.2888185281,0.05429499242,16.17096581,-0.4389427006,-1.159129858,-0.1230126545,0.07565153761,-2.504207833,-0.1919605903,0.6577447858,0.07226250598,-0.1992267581,-0.0498559663,1,0,0,0
4.420109749,2.40002799,torque,figure8,-0.01457923558,0.01035159454,-1.502161026,0,0,-1.792017914,0.009726043791,-0.04125707224,-0.6880602837,0,0,-0.6399776074,0.2904078595,0.06409903038,15.62873269,-0.43265149,-2.015753508,-0.1241790205,0.09444418856,-2.437256525,-0.1995836576,0.6606136407,0.07457929863,-0.06047425958,-0.05446242737,1,0,0,0
4.430119514,2.410037756,torque,figure8,-0.01454474311,0.009997144341,-1.506945372,0,0,-1.798383711,0.01338946074,-0.06066787988,-0.6783624887,0,0,-0.6319250145,0.2919722561,0.07756486523,14.68873338,-0.4211014509,-2.876987219,-0.1255022287,0.1121951702,-2.312586468,-0.2072627025,0.6646263186,0.07605709667,0.08533861295,-0.05835780131,1,0,0,0
4.44011426,2.420032501,torque,figure8,-0.01438798103,0.008853877895,-1.516352654,0,0,-1.804659089,0.02038313821,-0.0940887332,-0.6631875038,0,0,-0.623795643,0.2888009801,0.1040186557,11.72198881,-0.3731555045,-4.435451508,-0.1302344054,0.1436167811,-2.038729645,-0.2245529645,0.6736607302,0.07533170152,0.32965075,-0.0758526636,1,0,0,0
4.450146914,2.430065155,torque,figure8,-0.01425055228,0.007910693996,-1.520891905,0,0,-1.810876108,0.02351560444,-0.1071722806,-0.6574351192,0,0,-0.6155461366,0.2904418965,0.1174460226,9.803823914,-0.3384078443,-5.088445187,-0.1349623501,0.1551707774,-1.716162949,-0.2319791159,0.6780813158,0.07260599917,0.4770033599,-0.07176003055,1,0,0,0
4.46015048,2.440068722,torque,figure8,-0.01409239136,0.006871862803,-1.52537632,0,0,-1.816992251,0.02626641095,-0.1169203967,-0.6523894668,0,0,-0.6072314659,0.2920371021,0.1280607221,7.72820712,-0.2950040102,-5.601052284,-0.1388301253,0.1645960359,-1.352942588,-0.2389777001,0.6817821157,0.0683483347,0.55,-0.06825675161,1,0,0,0
4.470148087,2.450066328,torque,figure8,-0.0137259569,0.004643166438,-1.534281731,0,0,-1.823021203,0.03020885773,-0.1252366155,-0.6440401077,0,0,-0.5988328766,0.2891028254,0.1365301384,4.367608695,-0.1798807383,-6.172669888,-0.1522814035,0.1783201616,-0.6453322935,-0.2549251209,0.6852186732,0.05608133585,0.55,-0.06925505301,1,0,0,0
4.480136156,2.460054398,torque,figure8,-0.01349297911,0.003264462575,-1.538608313,0,0,-1.828960115,0.03137863427,-0.1233229861,-0.6424783468,0,0,-0.5903535794,0.2906834815,0.13751425,4.532862053,-0.0937217623,-6.077642918,-0.1614150852,0.1768907116,-0.1848210636,-0.2600048988,0.6839778608,0.04394874915,0.55,-0.05555965209,1,0,0,0
4.490136147,2.470054388,torque,figure8,-0.01325648092,0.001925531542,-1.542931557,0,0,-1.834820828,0.03186250106,-0.117521219,-0.6380842328,0,0,-0.5817753263,0.2921964899,0.1341534525,6.050830589,0.005035275593,-5.750282764,-0.1679985076,0.1706844458,0.2635292363,-0.2641705331,0.6818531357,0.02907903789,0.55,-0.04503243273,1,0,0,0
4.500130892,2.480049133,torque,figure8,-0.01302153058,0.0006545875804,-1.547221661,0,0,-1.840592308,0.03174008057,-0.1084894016,-0.6296979785,0,0,-0.5731127539,0.2936602213,0.1264091398,8.0474717,0.1088580415,-5.259831429,-0.1773566902,0.159628669,0.6852084354,-0.2675810242,0.6794154691,0.01276952109,0.55,-0.03337079771,1,0,0,0
4.510075092,2.489993334,torque,figure8,-0.01279283036,-0.0005251768162,-1.551449537,0,0,-1.846248238,0.03102631867,-0.09686083347,-0.6181587577,0,0,-0.5644058662,0.2950766104,0.1150392405,10.07135686,0.2216322273,-4.669698715,-0.1853877306,0.1427295736,1.070015426,-0.2704631582,0.6768354897,-0.005840937227,0.55,-0.02486162508,1,0,0,0
4.520121813,2.500040054,torque,figure8,-0.01230573468,-0.002969563706,-1.559432745,0,0,-1.851874104,0.02810390852,-0.06746291369,-0.590747416,0,0,-0.555519951,0.2927152159,0.08112982614,13.56868414,0.4290572405,-3.285517931,-0.1982731521,0.1022432569,1.714828287,-0.2777856234,0.6720078085,-0.04053515006,0.55,-0.02730649499,1,0,0,0
4.530098677,2.510016918,torque,figure8,-0.01180223934,-0.004787691869,-1.567034483,0,0,-1.857372063,0.02347686514,-0.03124226071,-0.561845243,0,0,-0.5466070333,0.2906168009,0.04194573977,15.97106451,0.5964255929,-1.754360318,-0.2069083899,0.04569057451,2.21008397,-0.2860395829,0.6688033576,-0.07254778383,0.55,-0.04239745668,1,0,0,0
4.540110588,2.52002883,torque,figure8,-0.01180223934,-0.004787691869,-1.567034483,0,0,-1.862799498,0.02347686514,-0.03124226071,-0.561845243,0,0,-0.5375738608,0.2960391177,0.04600371771,15.97079293,0.5964255929,-1.754360318,-0.2069083899,0.03357671723,2.118716573,-0.2835410968,0.6684913089,-0.07606248109,0.5469029236,-0.02506059848,1,0,0,0
4.550116062,2.530034304,torque,figure8,-0.01155552454,-0.005585056264,-1.570612669,0,0,-1.868132647,0.0204656627,-0.01152903866,-0.5481960177,0,0,-0.5284574815,0.2977966762,0.03068178445,16.68555225,0.6575476527,-0.9488630891,-0.2102538794,-0.00402335381,2.26741637,-0.2867647273,0.6678018723,-0.0908837742,0.4512013299,-0.02770729479,1,0,0,0
4.560113192,2.540031433,torque,figure8,-0.01115029305,-0.006652875803,-1.577519655,0,0,-1.873369804,0.01316552237,0.02955795079,-0.5238474607,0,0,-0.5192598303,0.2961349359,0.03268103101,17.064998,0.7225350142,0.7186461687,-0.2153123021,-0.07723649468,2.502704727,-0.2964043715,0.6696795882,-0.1115623418,0.2620997808,-0.05040532567,1,0,0,0
4.570125103,2.550043344,torque,figure8,-0.01099682786,-0.006920388434,-1.580862999,0,0,-1.878522105,0.00900503248,0.04986158758,-0.5128487945,0,0,-0.5099595443,0.2979425537,0.05075052998,16.70520801,0.7309117317,1.567476392,-0.2173530459,-0.119986563,2.461692856,-0.3000435992,0.6720830465,-0.1200859945,0.1279785369,-0.04998677854,1,0,0,0
4.580123186,2.560041428,torque,figure8,-0.01087817084,-0.007016389165,-1.58411622,0,0,-1.883573924,0.004714651965,0.06919679046,-0.5019816756,0,0,-0.5005831874,0.2997373525,0.06937131628,15.97039304,0.7224373817,2.417346478,-0.2186569571,-0.1609579064,2.366473346,-0.3039869763,0.6757058215,-0.1258487812,-0.01212206977,-0.0505060467,1,0,0,0
4.590108156,2.570026398,torque,figure8,-0.01080274396,-0.006916292012,-1.58722353,0,0,-1.888525113,0.0003137321037,0.08718781918,-0.4923630357,0,0,-0.4911304481,0.3015744991,0.08719709579,14.87246838,0.7043457627,3.25026679,-0.220052585,-0.2002057309,2.216503623,-0.3081662996,0.6800873516,-0.1299472593,-0.1558277621,-0.05162047552,1,0,0,0
4.600115299,2.580033541,torque,figure8,-0.01073321234,-0.00625241315,-1.59331131,0,0,-1.893392153,-0.008578278124,0.1173880026,-0.4794481099,0,0,-0.4815678004,0.3003378211,0.1177201049,11.76409337,0.601266861,4.679822445,-0.2272057086,-0.2710230878,1.886234267,-0.3200570669,0.6895179588,-0.1281373232,-0.3897639114,-0.07066888745,1,0,0,0
4.610126257,2.590044498,torque,figure8,-0.01074937638,-0.005744410679,-1.596318245,0,0,-1.898164852,-0.01276894286,0.1283649802,-0.4749650955,0,0,-0.4719124406,0.3020925713,0.1290346184,9.899790136,0.5180552602,5.255207539,-0.2308289856,-0.2984061819,1.548190079,-0.3231051033,0.6932687216,-0.1209870123,-0.5269716016,-0.06210843153,1,0,0,0
4.620107651,2.600025892,torque,figure8,-0.0108378781,-0.005017851014,-1.599206924,0,0,-1.902826782,-0.01667900011,0.1359980106,-0.4717183411,0,0,-0.4621969051,0.3038546636,0.1373473905,8.036269649,0.4242095053,5.659871101,-0.2356578261,-0.3208887723,1.178072443,-0.3256393581,0.6959381684,-0.1116239867,-0.55,-0.05353177742,1,0,0,0
4.630208254,2.610126495,torque,figure8,-0.01109002624,-0.003436074592,-1.604966879,0,0,-1.907445219,-0.02286155522,0.1397560537,-0.4653428495,0,0,-0.4522751841,0.3027010758,0.1422152212,5.695669867,0.2004909217,5.975631237,-0.2469789088,-0.3548321614,0.4574551264,-0.3330571066,0.6981647874,-0.08764597449,-0.55,-0.05806880969,1,0,0,0
4.640179873,2.620098114,torque,figure8,-0.01124349982,-0.002644461114,-1.607828856,0,0,-1.911905928,-0.0249525588,0.1356879473,-0.4606802762,0,0,-0.4423912067,0.3042963613,0.139170181,6.106989384,0.04742003232,5.80171299,-0.2551411688,-0.3510225201,0.01012142737,-0.3322030957,0.6969051808,-0.06495877388,-0.55,-0.03670061397,1,0,0,0
4.650141001,2.630059242,torque,figure8,-0.01145224553,-0.001724714995,-1.610533714,0,0,-1.916263101,-0.02628959902,0.1283631325,-0.452891767,0,0,-0.4324293818,0.3059486667,0.1326157834,7.426299764,-0.1228282973,5.442560673,-0.2629157007,-0.3367674529,-0.4161168344,-0.3303873862,0.6950241687,-0.03818530501,-0.55,-0.01699593677,1,0,0,0
4.660128355,2.640046597,torque,figure8,-0.01166427974,-0.0008721313206,-1.613183975,0,0,-1.920531681,-0.02682820149,0.1182542443,-0.4416192174,0,0,-0.4223527812,0.3075702009,0.1227803496,9.122853992,-0.2832093537,4.928454876,-0.2703751624,-0.3120040103,-0.8116793335,-0.3277560794,0.6928689167,-0.01106442023,-0.55,0.0007476588929,1,0,0,0
4.670122147,2.650040388,torque,figure8,-0.01187323593,-0.0001071742809,-1.615755796,0,0,-1.924701833,-0.02659555711,0.1057753339,-0.427957952,0,0,-0.4121809359,0.3091741239,0.1102028093,23.83423061,-0.4256470501,4.314366341,-0.2775430083,-0.05232528067,-1.13318414,-1.310767631,0.6908002581,0.02980220974,-0.55,-0.55,1,0,0,0
4.680111408,2.66002965,torque,figure8,-0.01205752417,0.0005546467146,-1.618234396,0,0,-1.928768066,-0.02163427137,0.09184291214,-0.4132994115,0,0,-0.401924983,0.3107681635,0.09503967504,24.58724318,-0.5568512678,3.635149956,-0.283367455,0.02087762721,-1.44189381,-1.303725229,0.6883580457,0.0607221738,-0.55,-0.55,1,0,0,0
4.690116405,2.670034647,torque,figure8,-0.012329638,0.001762402011,-1.622689962,0,0,-1.932737567,-0.008669844829,0.05944804475,-0.3852312863,0,0,-0.3915639666,0.3102976688,0.06040975975,25.91153359,-0.7705686092,2.130437374,-0.2879517376,0.1500194704,-1.95971377,-1.295138991,0.684971309,0.1097486787,-0.55,-0.55,1,0,0,0
4.700121403,2.680039644,torque,figure8,-0.01237805281,0.002159537748,-1.624773502,0,0,-1.936602962,-0.0006062446046,0.04116462916,-0.373724997,0,0,-0.3811139725,0.3120825075,0.04182691937,26.37548003,-0.8277135491,1.318776608,-0.2889799774,0.2219674308,-2.112044039,-1.290582408,0.6830464736,0.1306845815,-0.4955504738,-0.55,1,0,0,0
4.710115194,2.690033436,torque,figure8,-0.0123602571,0.002405853244,-1.626792431,0,0,-1.940359206,0.008119425736,0.02209948935,-0.3633410335,0,0,-0.3705868541,0.313819513,0.02463360347,26.65352467,-0.8620532155,0.4790193737,-0.2907469869,0.2870146598,-2.21573234,-1.287639754,0.6818471027,0.1471061909,-0.386732051,-0.55,1,0,0,0
4.720120192,2.700038433,torque,figure8,-0.0121176783,0.002482025418,-1.630432606,0,0,-1.944013835,0.02549955063,-0.01417118125,-0.3375971317,0,0,-0.3599590041,0.3138250882,0.03675735021,26.56815591,-0.9423527718,-1.153251648,-0.3113770187,0.3879340286,-2.360289519,-1.290592314,0.6856925487,0.1753085499,-0.1880374431,-0.55,1,0,0,0
4.730123043,2.710041285,torque,figure8,-0.01163883973,0.001997960499,-1.633698225,0,0,-1.947560938,0.04152822122,-0.04583356157,-0.3065541387,0,0,-0.3492444843,0.3140847926,0.07515167419,25.6968243,-1.064602137,-2.659299135,-0.3394803107,0.4765521144,-2.260284974,-1.3002533,0.6954425142,0.2085735829,0.03280576268,-0.55,1,0,0,0
4.740120411,2.720038652,torque,figure8,-0.01163883973,0.001997960499,-1.633698225,0,0,-1.950998564,0.04152822122,-0.04583356157,-0.3065541387,0,0,-0.3384469718,0.3175200145,0.06958779585,25.69772247,-1.064602137,-2.659299135,-0.3394803107,0.4851957572,-2.090629095,-1.292950349,0.6939892092,0.2108372231,0.08726559535,-0.55,1,0,0,0
4.750083923,2.730002165,torque,figure8,-0.01129627973,0.001473339624,-1.635066271,0,0,-1.954316709,0.04889563099,-0.05971805379,-0.2913730145,0,0,-0.3275976331,0.3194536258,0.08525990661,25.11160283,-1.121719837,-3.358829975,-0.3585925698,0.5220110859,-1.914176775,-1.300507402,0.6992584823,0.2262455392,0.2147735424,-0.55,1,0,0,0
4.760123491,2.740041733,torque,figure8,-0.01090953872,0.0008417771314,-1.636337757,0,0,-1.957550398,0.0557802394,-0.07178337127,-0.2777259648,0,0,-0.3165762226,0.3213989532,0.09886167121,24.45028196,-1.166754842,-3.959575415,-0.3906024992,0.5563953713,-1.693402505,-1.307696853,0.7044390279,0.2399022279,0.3331453276,-0.55,1,0,0,0
4.770129204,2.750047445,torque,figure8,-0.01002198365,-0.0006771546905,-1.6386621,0,0,-1.960662644,0.06816708297,-0.08903112262,-0.2556180954,0,0,-0.3055028376,0.3221571809,0.1227264417,23.18913567,-1.179114103,-4.772100449,-0.4589777589,0.6224014421,-1.254306139,-1.325430401,0.714429648,0.2565152254,0.4961018825,-0.55,1,0,0,0
4.780152559,2.760070801,torque,figure8,-0.009487696923,-0.001692220685,-1.639595747,0,0,-1.963668841,0.07336938381,-0.0935023725,-0.2446107417,0,0,-0.2943207009,0.3242163633,0.1288287242,22.72432867,-1.113991261,-4.963326931,-0.4916720986,0.6509667864,-0.914470565,-1.326204686,0.7175507285,0.2534731147,0.55,-0.55,1,0,0,0
4.790122271,2.770040512,torque,figure8,-0.008931994438,-0.002732076216,-1.640462637,0,0,-1.966547322,0.07765825838,-0.09504133463,-0.2326700538,0,0,-0.2831098212,0.326218434,0.1326945007,22.44075888,-1.003791094,-5.009804249,-0.522791028,0.6736464652,-0.5656440785,-1.324631238,0.7198668676,0.2428417749,0.55,-0.507942006,1,0,0,0
4.800135374,2.780053616,torque,figure8,-0.007784343325,-0.004796487745,-1.641935587,0,0,-1.969325387,0.08338456601,-0.08997727185,-0.2011919767,0,0,-0.2717612183,0.3275174553,0.1415235428,22.46118795,-0.6673296094,-4.708612919,-0.5639176369,0.7071722578,0.05951162093,-1.321644576,0.7250070302,0.2037922786,0.55,-0.4565930795,1,0,0,0
4.810136318,2.79005456,torque,figure8,-0.007139673457,-0.005945422221,-1.642344475,0,0,-1.971986206,0.08588259667,-0.08359324187,-0.1813587546,0,0,-0.2603374369,0.3297726394,0.1435314695,22.72278059,-0.4415961206,-4.377632141,-0.5828974843,0.7076673165,0.3963165386,-1.312645955,0.7263227876,0.1717101073,0.55,-0.4107609587,1,0,0,0
4.820123196,2.800041437,torque,figure8,-0.006486847531,-0.007029438391,-1.642592907,0,0,-1.974528831,0.08749163896,-0.07563175261,-0.1574367583,0,0,-0.2488410052,0.3320737113,0.1474099225,22.88625599,-0.1916320473,-3.938376665,-0.599657774,0.6900407468,0.7030421956,-1.290894233,0.7280802834,0.1328539826,0.55,-0.3611667086,1,0,0,0
4.830147028,2.810065269,torque,figure8,-0.005184320733,-0.008959856816,-1.642539024,0,0,-1.976964967,0.08802589774,-0.05606509373,-0.102294378,0,0,-0.2372128843,0.3345861132,0.1705721453,23.2928622,0.3388976753,-2.863688946,-0.6290473342,0.6357312709,1.199259319,-1.250291358,0.7348336763,0.05069506979,0.55,-0.294287954,1,0,0,0
4.840142727,2.820060968,torque,figure8,-0.004547732882,-0.009789600037,-1.64220953,0,0,-1.979277752,0.08714885265,-0.0449206531,-0.0731761232,0,0,-0.2255284621,0.3372410187,0.1811740124,23.43204132,0.6057267189,-2.268681526,-0.6436448693,0.5694083702,1.389299723,-1.226414875,0.7378531463,-9.113411992e-08,0.5235872506,-0.2502734445,1,0,0,0
4.850151777,2.830070019,torque,figure8,-0.003903285367,-0.01066970639,-1.641517878,0,0,-1.981476154,0.08559347689,-0.0333558768,-0.0437608622,0,0,-0.2137394423,0.3401480676,0.1932138077,23.47151982,0.8698024154,-1.648737788,-0.6575533152,0.4918011347,1.533526738,-1.203078782,0.7414966326,-0.05164998076,0.4536939134,-0.2127074543,1,0,0,0
4.860119343,2.840037584,torque,figure8,-0.00328276027,-0.01144574489,-1.640620947,0,0,-1.983547738,0.08335121721,-0.02120982669,-0.01499693654,0,0,-0.2019107878,0.3431334513,0.2057524483,23.39107572,1.121299386,-1.007886171,-0.671733737,0.4055827692,1.636536468,-1.180744352,0.7456398292,-0.1023728328,0.3754027545,-0.1804958622,1,0,0,0
4.870129585,2.850047827,torque,figure8,-0.002691658912,-0.0121147437,-1.639522552,0,0,-1.985509086,0.08040765673,-0.00884362869,0.01338495687,0,0,-0.1899426069,0.3462090311,0.2188280128,23.16646863,1.364040732,-0.3559557498,-0.6860043406,0.3095884636,1.696224956,-1.159269646,0.7504511211,-0.1530108175,0.289753903,-0.1528867157,1,0,0,0
4.880153656,2.860071898,torque,figure8,-0.001553612528,-0.01314110868,-1.636573792,0,0,-1.987352643,0.07250577211,0.01667157374,0.06442447007,0,0,-0.1778686372,0.351028354,0.2534580403,22.16710367,1.775147796,0.9811560512,-0.7130919099,0.1102219841,1.748926101,-1.115286518,0.7635241698,-0.2419144957,0.1182485792,-0.1205870163,1,0,0,0
4.890137911,2.870056152,torque,figure8,-0.001042518881,-0.01351388171,-1.634755373,0,0,-1.989068124,0.06729519367,0.02885804512,0.08668596298,0,0,-0.1657538397,0.3545719074,0.2628446002,21.39899967,1.939697027,1.662777424,-0.7278216481,-0.01885017687,1.664437945,-1.090229549,0.7692486722,-0.286704918,0.006350159295,-0.0959361223,1,0,0,0
4.900111914,2.880030155,torque,figure8,-0.0005853073671,-0.01378182508,-1.632806063,0,0,-1.990660631,0.06109013408,0.04051657394,0.1043211371,0,0,-0.1535630092,0.3581203339,0.2681004106,20.51888765,2.056343079,2.314151049,-0.74335742,-0.1516237739,1.542121553,-1.065512404,0.7742714341,-0.3248429515,-0.1049068758,-0.07250813791,1,0,0,0
4.910128355,2.890046597,torque,figure8,-0.0001894533052,-0.0139519088,-1.630758286,0,0,-1.992137101,0.05403313786,0.05107466504,0.1185520142,0,0,-0.1412313153,0.3616480883,0.2702139517,19.56608372,2.132611275,2.925541401,-0.7588821054,-0.2866400545,1.3795975,-1.04104354,0.7786072574,-0.3572244552,-0.215054816,-0.05100919656,1,0,0,0
4.920138836,2.900057077,torque,figure8,0.0004053933953,-0.01400507335,-1.626080751,0,0,-1.993488836,0.03657978773,0.06743909419,0.1263345033,0,0,-0.1288178578,0.367675138,0.2664373091,17.70759425,2.074956656,3.88911581,-0.7836193442,-0.5620880159,1.025250824,-0.9961930122,0.7840775795,-0.3941676371,-0.3887021088,-0.05165180292,1,0,0,0
4.930125952,2.910044193,torque,figure8,0.0005789492279,-0.0139413774,-1.623795271,0,0,-1.994713143,0.02650346793,0.07176096737,0.1218106821,0,0,-0.1163446102,0.3711802324,0.2501399879,16.94808721,1.928269148,4.210525513,-0.7928546667,-0.6901079354,0.7441233885,-0.9711551496,0.7823463889,-0.3924517962,-0.4776356209,-0.03021707554,1,0,0,0
4.940126657,2.920044899,torque,figure8,0.0006641180371,-0.01385038998,-1.621578932,0,0,-1.995813845,0.01619050279,0.07253621519,0.1165013835,0,0,-0.1037655488,0.3744917154,0.2324675383,16.39104843,1.710513353,4.369699001,-0.8035315275,-0.8069733762,0.4404386545,-0.9447509487,0.7794116968,-0.3784334452,-0.5463126363,-0.002348386919,1,0,0,0
4.950155973,2.930074215,torque,figure8,0.0006622991641,-0.01368122175,-1.619190693,0,0,-1.99679091,0.006065523718,0.06993088126,0.1122334003,0,0,-0.09106121768,0.3778485652,0.2150716635,16.07521885,1.438448668,4.378688335,-0.8125060797,-0.9063533456,0.1252369409,-0.9170198984,0.7757611211,-0.3532501443,-0.55,0.02887858935,1,0,0,0
4.960197449,2.94011569,torque,figure8,0.0004197767994,-0.01344775967,-1.614487648,0,0,-1.997641062,-0.01096161269,0.05663817376,0.124990128,0,0,-0.07825191056,0.3833895627,0.2112708354,16.01234011,0.7979604602,3.968138933,-0.8279594779,-1.072182248,-0.4655238561,-0.8576310393,0.7740915486,-0.2887154008,-0.55,0.06557359815,1,0,0,0
4.970178604,2.950096846,torque,figure8,0.0001983687544,-0.01342100743,-1.612057447,0,0,-1.998358195,-0.01792955771,0.04699805379,0.1400260627,0,0,-0.06543072813,0.3865338666,0.2115248898,16.20681259,0.4529306889,3.588264942,-0.8342746496,-1.08146894,-0.7591870602,-0.820422765,0.7731542225,-0.2345881288,-0.55,0.1291984576,1,0,0,0
4.98017621,2.960094452,torque,figure8,-9.13709373e-05,-0.01339292061,-1.609340668,0,0,-1.998947779,-0.02407651767,0.0357096605,0.156754002,0,0,-0.05249964067,0.3898372482,0.2136397564,16.45263161,0.141164273,3.08523035,-0.8372977972,-1.071918575,-1.019156101,-0.7819886454,0.7725221462,-0.1825892716,-0.55,0.1895760404,1,0,0,0
4.990160465,2.970078707,torque,figure8,-0.0004292170925,-0.01345887966,-1.606523514,0,0,-1.999407113,-0.02935588174,0.02296819538,0.1743150502,0,0,-0.03949715377,0.3931142938,0.2170367812,16.66761156,-0.128558591,2.484567642,-0.8404936194,-1.046504785,-1.241551084,-0.7423715115,0.7722345035,-0.1344629038,-0.5244902403,0.2499562843,1,0,0,0
5.000168085,2.980086327,torque,figure8,-0.001222768216,-0.01390894316,-1.600571871,0,0,-1.9997368,-0.03800070658,-0.005222114269,0.2119064033,0,0,-0.02637531814,0.399409057,0.241349338,16.72542667,-0.6085585356,1.138997674,-0.8487184048,-1.012780874,-1.590185309,-0.6684202566,0.7770166792,-0.05828661442,-0.3908687158,0.3354016375,1,0,0,0
5.010201454,2.990119696,torque,figure8,-0.001709884964,-0.01426589489,-1.59728694,0,0,-1.999935063,-0.04138922319,-0.01992188394,0.2312860787,0,0,-0.01313035226,0.4029043936,0.2486952774,16.46433478,-0.8334332705,0.4256834686,-0.8486847281,-0.9346195252,-1.667376958,-0.6268583402,0.7792894349,-0.007193931922,-0.2975267393,0.3911915254,1,0,0,0
5.020214319,3.000132561,torque,figure8,-0.002225932432,-0.01474534068,-1.593888521,0,0,-2,-0.04404326156,-0.03493868187,0.2492136359,0,0,0,0.4063851782,0.2554759415,15.96440003,-1.019408226,-0.3162925243,-0.8475559354,-0.8502826983,-1.700609567,-0.585111513,0.7822259156,0.0381138596,-0.1948273008,0.4407595272,1,0,0,0
5.030200243,3.010118484,torque,figure8,-0.003299587639,-0.01605269872,-1.586785316,0,0,-2,-0.04755282775,-0.0638338998,0.2822425961,0,0,0,0.4135395399,0.2932523167,14.17427318,-1.273034215,-1.826390028,-0.8307848573,-0.7172728256,-1.689090607,-0.5074033151,0.7969650315,0.09822323951,0.0103607542,0.503498396,1,0,0,0
5.040125847,3.020044088,torque,figure8,-0.003920392133,-0.01688772254,-1.582984209,0,0,-2,-0.04852347076,-0.07700995356,0.296146214,0,0,0,0.417376011,0.3098187216,12.89440888,-1.318567991,-2.515002966,-0.8165383935,-0.6102842331,-1.556803555,-0.4668998654,0.8049190215,0.1263799712,0.131606705,0.5287670819,1,0,0,0
5.050127745,3.030045986,torque,figure8,-0.00453996798,-0.01781969145,-1.579118729,0,0,-2,-0.04897165671,-0.08878552169,0.3073640466,0,0,0,0.4212827997,0.3236568386,11.39692035,-1.330122471,-3.129068613,-0.7987011671,-0.5069756654,-1.383359711,-0.4273824098,0.8125878206,0.1473739798,0.2465203079,0.5431154286,1,0,0,0
5.060152769,3.040071011,torque,figure8,-0.005153577775,-0.01883477531,-1.57520628,0,0,-2,-0.04901269078,-0.09863942116,0.3164747655,0,0,0,0.425242299,0.3350943994,9.732364616,-1.31053555,-3.646731853,-0.7719875574,-0.408228436,-1.171346774,-0.3891466149,0.8197386022,0.1614871972,0.3520806567,0.5422079471,1,0,0,0
5.070218563,3.050136805,torque,figure8,-0.005757906009,-0.01991582476,-1.571266651,0,0,-2,-0.04872936755,-0.1062235013,0.3226127923,0,0,0,0.4292342926,0.3431282518,7.994487008,-1.268231034,-4.012051105,-0.7388247252,-0.31478641,-0.9281367162,-0.3524847864,0.8257383455,0.1697443971,0.4395163239,0.529028462,1,0,0,0
5.080152988,3.06007123,torque,figure8,-0.007117128931,-0.0223753266,-1.563137531,0,0,-2,-0.04738219827,-0.1130975187,0.3269396424,0,0,0,0.4374930003,0.3491785378,4.929196103,-1.17841208,-4.291653156,-0.6665346026,-0.1661227871,-0.4424392531,-0.2841567184,0.8333800754,0.174700069,0.5398822166,0.4910738523,1,0,0,0
5.090150356,3.070068598,torque,figure8,-0.007770508062,-0.02361410111,-1.559112072,0,0,-2,-0.04630990699,-0.1119237542,0.327380687,0,0,0,0.4415882377,0.34906969,4.207540289,-1.134282708,-4.258472443,-0.6289007664,-0.07907858493,-0.1337409616,-0.2528150007,0.8352072057,0.1791203381,0.55,0.4643868301,1,0,0,0
5.100147486,3.080065727,torque,figure8,-0.008402697742,-0.02482349984,-1.555108786,0,0,-2,-0.0450992994,-0.1078311503,0.32987234,0,0,0,0.4456624329,0.3499675191,4.496068765,-1.088737249,-4.108368397,-0.5940468907,0.002446671909,0.1723485599,-0.224415795,0.8364770778,0.1816372721,0.55,0.440286831,1,0,0,0
5.110138416,3.090056658,torque,figure8,-0.009012158029,-0.02598035149,-1.551110268,0,0,-2,-0.04368329793,-0.1010282636,0.334418714,0,0,0,0.4497312414,0.3520664949,5.546054444,-1.052379012,-3.863429546,-0.5655865073,0.08006356514,0.4686590383,-0.1972724411,0.8372899911,0.184422688,0.55,0.4241260557,1,0,0,0
5.120158672,3.100076914,torque,figure8,-0.01031639706,-0.02827860601,-1.542784214,0,0,-2,-0.04037832096,-0.08047104627,0.3492468596,0,0,0,0.4582056117,0.360665173,8.272740788,-0.9582137465,-3.000453711,-0.5360403061,0.2196515545,0.9925825326,-0.1455057512,0.8384692334,0.1851034556,0.55,0.4259590303,1,0,0,0
5.130150557,3.110068798,torque,figure8,-0.01092642173,-0.02926990576,-1.538570166,0,0,-2,-0.03836157918,-0.06734260917,0.3591724634,0,0,0,0.4624863307,0.3674391055,9.48296723,-0.8779832721,-2.386987686,-0.5280171633,0.2825136895,1.205700499,-0.1205180807,0.839407714,0.1782207459,0.5067958484,0.4384369302,1,0,0,0
5.14013958,3.120057821,torque,figure8,-0.01150630135,-0.03013869189,-1.534304142,0,0,-2,-0.03608074784,-0.05302966759,0.3705995679,0,0,0,0.4668119192,0.3761090344,10.45313498,-0.7822642922,-1.709264517,-0.5228632689,0.3388488138,1.375797814,-0.09585755056,0.8410403823,0.1681621055,0.4327196281,0.4555192476,1,0,0,0
5.150179148,3.130097389,torque,figure8,-0.01210065559,-0.0309501458,-1.529886723,0,0,-2,-0.03363963589,-0.03797135502,0.3835833669,0,0,0,0.4712863578,0.3869233105,11.13587905,-0.6805822253,-0.9917367101,-0.5175739527,0.3870324465,1.498466696,-0.0712806933,0.8437376895,0.1559965814,0.3461101128,0.4742426496,1,0,0,0
5.16023159,3.140149832,torque,figure8,-0.01318728924,-0.03217046708,-1.520820856,0,0,-2,-0.02815972269,-0.007281078491,0.4125265479,0,0,0,0.4804388572,0.413550646,11.54574559,-0.4655987024,0.5022509098,-0.5106518269,0.4778700873,1.652763332,-0.02503313361,0.8526973973,0.132684905,0.1637772371,0.5189573435,1,0,0,0
5.170507908,3.150426149,torque,figure8,-0.0136784967,-0.03257653862,-1.516159058,0,0,-2,-0.02505867742,0.007770643104,0.4275341928,0,0,0,0.4851292505,0.4283384249,11.24971706,-0.354280889,1.26243794,-0.5003372431,0.5020119334,1.610108248,-0.003371433899,0.8589215948,0.1153258516,0.0451435329,0.5314410171,1,0,0,0
5.180229187,3.160147429,torque,figure8,-0.01415767521,-0.03283892944,-1.511379957,0,0,-2,-0.02165889181,0.02253635228,0.4401468337,0,0,0,0.4899269142,0.4412552889,10.6393924,-0.2587244213,1.986653209,-0.4828886986,0.5228559378,1.529576411,0.01796749297,0.865522978,0.1007262338,-0.07140925043,0.537039337,1,0,0,0
5.190247059,3.1701653,torque,figure8,-0.01459755935,-0.03297252581,-1.506539345,0,0,-2,-0.0179939121,0.03643421829,0.4511283934,0,0,0,0.4947764085,0.4529548106,9.741839151,-0.1791537553,2.661384583,-0.4642391205,0.5383137012,1.402342778,0.03900772972,0.8724589051,0.08819264929,-0.1867242729,0.5407396877,1,0,0,0
5.200144053,3.180062294,torque,figure8,-0.01534940582,-0.03288854286,-1.496759892,0,0,-2,-0.009197607636,0.06048156694,0.4610770643,0,0,0,0.5045471904,0.4651179153,7.32272224,0.008164514787,3.712536573,-0.4116325676,0.5812915595,1.110388779,0.08102933318,0.8841573585,0.06767647467,-0.364688178,0.5449436559,1,0,0,0
5.210164785,3.190083027,torque,figure8,-0.01565109752,-0.03258898109,-1.491824389,0,0,-2,-0.004096409306,0.0696664378,0.4596251249,0,0,0,0.5094599598,0.4648929432,6.007357472,0.1467256993,4.006040096,-0.3845019042,0.5752681683,0.8645112783,0.09917326041,0.8880474921,0.04555296796,-0.4439689083,0.5280765419,1,0,0,0
5.220155954,3.200074196,torque,figure8,-0.01590230502,-0.03221536428,-1.486939907,0,0,-2,0.001228944981,0.07614069432,0.4562383294,0,0,0,0.5143164123,0.4625498123,4.828002652,0.3027787507,4.14695406,-0.3608284295,0.5608091434,0.6024933735,0.116107909,0.8908090452,0.0207792451,-0.5026098787,0.5116718123,1,0,0,0
5.230166197,3.210084438,torque,figure8,-0.01625219919,-0.03133649752,-1.477352381,0,0,-2,0.01161418576,0.08034934103,0.4513725638,0,0,0,0.5238383758,0.4586154133,3.980756436,0.6199949384,4.09361124,-0.3154404461,0.5287917376,0.1111406452,0.1497127502,0.894319422,-0.02378189882,-0.55,0.4980854481,1,0,0,0
5.240158558,3.220076799,torque,figure8,-0.0163057372,-0.03072436713,-1.472513199,0,0,-2,0.01606688648,0.07844121754,0.4563873708,0,0,0,0.5286323762,0.4633579628,4.610320911,0.7838484645,3.850006104,-0.2948948443,0.4725618086,-0.1682469236,0.1622662871,0.8967339033,-0.05537502895,-0.55,0.4728777296,1,0,0,0
5.250171185,3.230089426,torque,figure8,-0.01632116921,-0.03012859263,-1.467643261,0,0,-2,0.01984062791,0.07438105345,0.4665434957,0,0,0,0.5334583491,0.4728520117,5.601587035,0.9475678205,3.473023176,-0.276687175,0.4054885126,-0.4245043076,0.1737130245,0.8998106326,-0.08772401357,-0.5483717003,0.4499961269,1,0,0,0
5.260165453,3.240083694,torque,figure8,-0.01630438678,-0.02956498042,-1.462704897,0,0,-2,0.02293437347,0.06852883101,0.480805099,0,0,0,0.5383548541,0.4862054395,6.660804456,1.106299281,2.987278461,-0.2591073513,0.3284847192,-0.6501949528,0.1840177742,0.9,-0.1200984113,-0.5111233188,0.4290534921,1,0,0,0
5.270189285,3.250107527,torque,figure8,-0.01626090147,-0.02904633805,-1.457669258,0,0,-2,0.02546619065,0.06133223698,0.4979146421,0,0,0,0.5433513967,0.5023237611,7.630303212,1.262422919,2.427738667,-0.2415756285,0.2429236192,-0.8392874865,0.1935829321,0.9,-0.1527052278,-0.4575043509,0.4110181867,1,0,0,0
5.280166626,3.260084867,torque,figure8,-0.01597852632,-0.02788728103,-1.447110653,0,0,-2,0.02852815948,0.04418054596,0.5345321298,0,0,0,0.5538227549,0.5371129995,9.03168718,1.55905211,1.179849863,-0.2116055191,0.06563799991,-1.104144948,0.2149317808,0.9,-0.2133776895,-0.3192935416,0.4020528809,1,0,0,0
5.290181875,3.270100117,torque,figure8,-0.01582214236,-0.02741054073,-1.441653728,0,0,-2,0.02895867825,0.03456073627,0.5529825091,0,0,0,0.5592425564,0.5548177223,9.416903688,1.68487978,0.5178830624,-0.1951845288,-0.04836279746,-1.166831151,0.2236701069,0.9,-0.2455695887,-0.2320746995,0.3902664026,1,0,0,0
5.300159693,3.280077934,torque,figure8,-0.01566816308,-0.02700702846,-1.436084509,0,0,-2,0.02840153314,0.02464110963,0.570446074,0,0,0,0.5647792064,0.571683964,9.589015562,1.787527084,-0.1560001969,-0.1793158799,-0.1687053269,-1.187199492,0.2324100958,0.9,-0.2751008904,-0.137809617,0.3819685132,1,0,0,0
5.310173035,3.290091276,torque,figure8,-0.01543577574,-0.02660725079,-1.430338144,0,0,-2,0.02700866386,0.01472708955,0.5871571302,0,0,0,0.5704917517,0.5879624569,9.566407996,1.873941541,-0.8327491879,-0.1617264152,-0.2923906213,-1.163612771,0.2417566686,0.9,-0.3024256334,-0.037509688,0.3752952254,1,0,0,0
5.320156813,3.300075054,torque,figure8,-0.01503001712,-0.02603007108,-1.418566942,0,0,-2,0.02065197006,-0.003756824415,0.6145398617,0,0,0,0.5822094698,0.6148982511,9.17723513,1.958636165,-1.994674206,-0.104832828,-0.5522373495,-1.036184452,0.263617138,0.9,-0.3478169919,0.1373810541,0.3640177784,1,0,0,0
5.330152273,3.310070515,torque,figure8,-0.01487672329,-0.02584185265,-1.412573338,0,0,-2,0.01555719692,-0.01166347414,0.6253378391,0,0,0,0.5881829664,0.6256400531,8.974241458,1.953260183,-2.461276054,-0.07222256064,-0.6862029284,-0.8916218348,0.2724965128,0.9,-0.3641160371,0.2252701591,0.3418404733,1,0,0,0
5.340147257,3.320065498,torque,figure8,-0.01469350979,-0.02573507838,-1.406459808,0,0,-2,0.00894391723,-0.01839824952,0.6319895387,0,0,0,0.594279524,0.6323205407,8.88689443,1.893168688,-2.822875977,-0.03707082197,-0.8194619969,-0.7226814924,0.2808882465,0.9,-0.3729277969,0.3005249624,0.3167655607,1,0,0,0
5.350150824,3.330069065,torque,figure8,-0.01457216684,-0.0256724488,-1.400334597,0,0,-2,0.0007638418465,-0.0234993659,0.6352953315,0,0,0,0.6003915545,0.6357302587,8.987140296,1.775555253,-3.078075647,-0.009642050602,-0.9492734791,-0.5330333611,0.2888941658,0.9,-0.3733081571,0.3630238937,0.2983581285,1,0,0,0
5.36014533,3.340063572,torque,figure8,-0.01455757022,-0.02561716549,-1.388088226,0,0,-2,-0.01880937815,-0.02725788206,0.6459317803,0,0,0,0.6126207479,0.6467802175,9.784303231,1.342008471,-3.202228546,0.03644004464,-1.200961017,-0.1460724085,0.3066221788,0.9,-0.3501417981,0.4291178106,0.290445579,1,0,0,0
5.370143175,3.350061417,torque,figure8,-0.01467361953,-0.02558609284,-1.381916046,0,0,-2,-0.02932118624,-0.02601358667,0.6558143497,0,0,0,0.6187873118,0.6569847029,10.38996942,1.057250738,-3.096029997,0.05742687359,-1.278360143,0.07310375638,0.3107618521,0.9,-0.3176206268,0.4455697898,0.2583185776,1,0,0,0
5.380141258,3.3600595,torque,figure8,-0.01483687572,-0.02562906221,-1.375558853,0,0,-2,-0.03957393393,-0.02314767987,0.6717565656,0,0,0,0.6251429657,0.6733192369,11.03510141,0.7371169925,-2.886495113,0.07780510932,-1.332581198,0.2790860666,0.3142967308,0.9,-0.2769406957,0.4447041606,0.2240506109,1,0,0,0
5.390153408,3.37007165,torque,figure8,-0.01541353483,-0.02560271695,-1.362451315,0,0,-2,-0.05909126997,-0.01354792714,0.716778338,0,0,0,0.6382486992,0.7193375496,12.14012179,0.036707744,-2.2233634,0.1174568534,-1.417224474,0.6283176762,0.3212980386,0.9,-0.1920257499,0.3990091074,0.1781815041,1,0,0,0
5.40016222,3.380080462,torque,figure8,-0.01581969485,-0.02551667579,-1.355633497,0,0,-2,-0.06805959344,-0.007493873592,0.7450470924,0,0,0,0.6450655419,0.7481867657,12.48282164,-0.3251599669,-1.78824532,0.137468338,-1.39107808,0.7646047795,0.3197429734,0.9,-0.1326523931,0.3552540921,0.1344986754,1,0,0,0
5.410164356,3.390082598,torque,figure8,-0.0163173154,-0.02545634843,-1.348512173,0,0,-2,-0.07654294372,-0.0009339456446,0.7755250931,0,0,0,0.6521891364,0.7792938242,12.63084704,-0.6890799403,-1.309150577,0.1553557813,-1.346317993,0.8687329063,0.3171663333,0.9,-0.07154036651,0.3006884668,0.09672000807,1,0,0,0
5.420143604,3.400061846,torque,figure8,-0.01688425802,-0.02533517778,-1.341177464,0,0,-2,-0.08466169983,0.006031738129,0.8067438006,0,0,0,0.6595256507,0.8111963666,12.55904324,-1.044330478,-0.7932580709,0.1734536886,-1.284082215,0.9400714972,0.3135872281,0.9,-0.01029075802,0.2365797385,0.06227853957,1,0,0,0
5.430150747,3.410068989,torque,figure8,-0.01751660369,-0.02515074983,-1.333616972,0,0,-2,-0.09220637381,0.01324221119,0.8383454084,0,0,0,0.6670874993,0.8435048283,12.24995061,-1.388237834,-0.2522039711,0.1905235052,-1.203352009,0.9770459934,0.3092266754,0.9,0.05115168959,0.1644590716,0.03204941917,1,0,0,0
5.440155745,3.420073986,torque,figure8,-0.01901606843,-0.02462044917,-1.317768097,0,0,-2,-0.106901139,0.02886710688,0.8913594484,0,0,0,0.6829408078,0.8982109049,10.91865007,-1.985565186,0.858620286,0.2218364179,-1.040943598,0.9807857518,0.298446825,0.9,0.1533330513,0.01372532264,-0.01479134884,1,0,0,0
5.450105667,3.430023909,torque,figure8,-0.01987721585,-0.02426575683,-1.309544325,0,0,-2,-0.1134688035,0.03680010512,0.9121339321,0,0,0,0.6911678305,0.9199009334,9.911530731,-2.226624012,1.412490845,0.2352290601,-0.9096491098,0.9105599191,0.2904531753,0.9,0.2070462795,-0.07496973391,-0.03792709674,1,0,0,0
5.460156679,3.440074921,torque,figure8,-0.02079046518,-0.02384228818,-1.301204681,0,0,-2,-0.1193982139,0.04458284006,0.9267522097,0,0,0,0.6995109688,0.935474864,8.713337463,-2.427164078,1.952198863,0.2454978675,-0.7697524849,0.8080854488,0.2819944809,0.9,0.2551854293,-0.1651895982,-0.05611415772,1,0,0,0
5.470164299,3.450082541,torque,figure8,-0.02174915001,-0.02335369214,-1.292791605,0,0,-2,-0.1243075356,0.05164833367,0.9371131659,0,0,0,0.7079280574,0.9467317463,7.360704316,-2.59513998,2.483319998,0.2554024756,-0.6204940989,0.6714457204,0.2731026481,0.9,0.2994086833,-0.2581746914,-0.07282416855,1,0,0,0
5.480165243,3.460083485,torque,figure8,-0.02389701456,-0.02211038023,-1.275682211,0,0,-2,-0.1301364154,0.06246694177,0.9208212495,0,0,0,0.7250490989,0.9320672609,4.752371681,-2.686869621,3.282503366,0.2573045492,-0.3418891788,0.3476730734,0.2544644135,0.9,0.3451660444,-0.4070221311,-0.08788094737,1,0,0,0
5.490142584,3.470060825,torque,figure8,-0.0249909088,-0.0214348454,-1.267364025,0,0,-2,-0.1299219877,0.0644832924,0.8975383043,0,0,0,0.7333753949,0.909182504,4.087863396,-2.60653615,3.4804914,0.2574055195,-0.176775177,0.1232128405,0.2453124752,0.9,0.3566832916,-0.4666206945,-0.09159520854,1,0,0,0
5.500134706,3.480052948,torque,figure8,-0.02607429028,-0.02075267397,-1.259253979,0,0,-2,-0.1274978071,0.06343778968,0.8760873675,0,0,0,0.7414952529,0.8875861195,4.324622518,-2.46664381,3.524318695,0.2533100843,-0.0144712724,-0.1144837889,0.2364608849,0.9,0.3589233328,-0.5062378938,-0.08924961995,1,0,0,0
5.510137796,3.490056038,torque,figure8,-0.02718648873,-0.0199981872,-1.251137018,0,0,-2,-0.1231929138,0.05966381356,0.8581235409,0,0,0,0.7496231041,0.8689719651,5.320304629,-2.277710915,3.447569132,0.2482529283,0.1400282379,-0.3544068299,0.2279651042,0.9,0.3527122302,-0.5287896814,-0.08493542201,1,0,0,0
5.520133018,3.50005126,torque,figure8,-0.02825759351,-0.01928307302,-1.24316144,0,0,-2,-0.117532298,0.0536672771,0.8491225839,0,0,0,0.7576113348,0.8588964898,6.648687511,-2.055217505,3.252621174,0.2416973859,0.2833979899,-0.5874456603,0.2182258566,0.9,0.3397699501,-0.5332766617,-0.0797569163,1,0,0,0
5.530219316,3.510137558,torque,figure8,-0.030245414,-0.01802995056,-1.227341175,0,0,-2,-0.1039117873,0.03706463054,0.8550395966,0,0,0,0.7734607449,0.8621276924,9.320983962,-1.562595725,2.505851507,0.232426092,0.5261990259,-0.9935175229,0.1996100068,0.9,0.3018108419,-0.4839049367,-0.07401455925,1,0,0,0
5.54013586,3.520054102,torque,figure8,-0.0311709065,-0.01742080413,-1.219279528,0,0,-2,-0.0963075757,0.02726635151,0.8657820225,0,0,0,0.7815366695,0.8715486868,10.4113661,-1.301271319,1.988017321,0.2338659465,0.6209679946,-1.148578156,0.1900622074,0.9,0.2751119502,-0.4302260517,-0.0822691629,1,0,0,0
5.55011797,3.530036211,torque,figure8,-0.0320328027,-0.01689595729,-1.211147785,0,0,-2,-0.08829961717,0.01685371064,0.8800053,0,0,0,0.7896830951,0.8845847602,11.25087423,-1.026589036,1.406631351,0.2380195707,0.69838649,-1.266886299,0.1803102969,0.9,0.2440121352,-0.3624422929,-0.09562636361,1,0,0,0
5.560141087,3.540059328,torque,figure8,-0.03355754539,-0.01611449197,-1.194586515,0,0,-2,-0.07172096521,-0.00494173076,0.9145592451,0,0,0,0.8062733202,0.917380472,12.05240679,-0.4845101237,0.1176269203,0.2472114712,0.8232103909,-1.415929781,0.1595642559,0.9,0.1834377666,-0.2041959104,-0.1287775735,1,0,0,0
5.57014823,3.550066471,torque,figure8,-0.0341864787,-0.0158111807,-1.186082602,0,0,-2,-0.06315348297,-0.01586497389,0.9329043031,0,0,0,0.8147884635,0.9351740472,11.98436407,-0.2287481725,-0.5616821647,0.246443823,0.8462198197,-1.404284271,0.1477357804,0.9,0.1463334589,-0.1037617442,-0.1453906722,1,0,0,0
5.580151558,3.560069799,torque,figure8,-0.0347490944,-0.01560198702,-1.177467346,0,0,-2,-0.05435249209,-0.02675041929,0.9495440722,0,0,0,0.8234141656,0.9514744995,11.60901763,0.00882294029,-1.234920382,0.2442005575,0.8570581427,-1.354231505,0.1353984055,0.9,0.1108008246,-0.0001132542956,-0.1615958317,1,0,0,0
5.590202093,3.570120335,torque,figure8,-0.0352410078,-0.01548321452,-1.168751955,0,0,-2,-0.04547928646,-0.03712438792,0.9650664926,0,0,0,0.832138793,0.9668505162,10.93245013,0.2317777723,-1.89862299,0.2401921153,0.8554891485,-1.263822473,0.1220819327,0.9,0.07619243411,0.1068195668,-0.1768686494,1,0,0,0
5.600140333,3.580058575,torque,figure8,-0.03592976183,-0.01555291656,-1.151176453,0,0,-2,-0.0259832833,-0.05673457682,0.9743902683,0,0,0,0.8497259885,0.9763863673,8.834076541,0.6378512383,-3.05706358,0.2209154963,0.8595876329,-1.025779666,0.09307187859,0.9,0.02193865543,0.2937039737,-0.2088076616,1,0,0,0
5.610136271,3.590054512,torque,figure8,-0.03611837327,-0.01572966203,-1.142428637,0,0,-2,-0.01550571062,-0.06480321288,0.9663754702,0,0,0,0.8584757437,0.9686699297,7.529887552,0.8270156384,-3.49802351,0.2066531926,0.8229480055,-0.8257692192,0.07845926709,0.9,-0.01206833006,0.3840942833,-0.2122811735,1,0,0,0
5.620136023,3.600054264,torque,figure8,-0.03622572869,-0.01596597396,-1.133794069,0,0,-2,-0.00529436674,-0.07043568045,0.9529875517,0,0,0,0.8671101027,0.9556016372,6.182682112,1.006244063,-3.792073011,0.1883147508,0.7766801832,-0.6008329099,0.06433551392,0.9,-0.04489894074,0.4565224633,-0.2082174053,1,0,0,0
5.630158663,3.610076904,torque,figure8,-0.03625676781,-0.01624067686,-1.125302792,0,0,-2,0.004054883495,-0.07323086262,0.9370753169,0,0,0,0.8755989488,0.9399411422,4.955193151,1.171356559,-3.964712143,0.1686307639,0.7186743075,-0.3562869619,0.0508105697,0.9,-0.07671900343,0.5141520638,-0.1997917814,1,0,0,0
5.640138626,3.620056868,torque,figure8,-0.03622079641,-0.01652993448,-1.116954327,0,0,-2,0.01185815874,-0.07293517143,0.9244753122,0,0,0,0.8839427844,0.9274237209,4.125441072,1.321480632,-4.003844738,0.1495135278,0.6472543697,-0.09883116958,0.03813420858,0.9,-0.1079499018,0.55,-0.1880082392,1,0,0,0
5.650136471,3.630054712,torque,figure8,-0.03576636314,-0.01726173051,-1.100357056,0,0,-2,0.02250682376,-0.064371638,0.9172263145,0,0,0,0.9005190877,0.9197577817,4.62996486,1.566395879,-3.614434481,0.1085871309,0.5060623983,0.3855172952,0.01224355148,0.9,-0.1563529041,0.55,-0.1742146081,1,0,0,0
5.66014266,3.640060902,torque,figure8,-0.03549464419,-0.01756168343,-1.092098713,0,0,-2,0.02546313405,-0.05698012561,0.9224913716,0,0,0,0.9087645622,0.9246001496,5.624368343,1.667802453,-3.245078325,0.08729775995,0.3941048702,0.6190223986,0.003093082724,0.9,-0.1870744601,0.5418957609,-0.1455028295,1,0,0,0
5.670096159,3.6500144,torque,figure8,-0.03520930931,-0.01779932715,-1.083802223,0,0,-2,0.02709633857,-0.04826551303,0.932299614,0,0,0,0.9170468242,0.9339412945,6.709054187,1.7574898,-2.787573576,0.06670618057,0.2774217098,0.8241426337,-0.005044757549,0.9,-0.2159606705,0.5043271671,-0.1186302274,1,0,0,0
5.680141449,3.66005969,torque,figure8,-0.03439309821,-0.01828608662,-1.066870451,0,0,-2,0.02710212953,-0.02699004672,0.9544875622,0,0,0,0.9339421938,0.9552536283,8.56748201,1.879307151,-1.625865102,0.04044860601,0.06108811402,1.144812652,-0.0241849585,0.9,-0.258814323,0.3851945539,-0.1078036733,1,0,0,0
5.690134525,3.670052767,torque,figure8,-0.03400425613,-0.01839248836,-1.058308125,0,0,-2,0.02533737011,-0.01493182033,0.9656686783,0,0,0,0.9424850988,0.9661164204,9.189369701,1.902438164,-0.9373124838,0.03150463104,-0.06824493485,1.235098614,-0.03084123383,0.9,-0.2796774058,0.2978242737,-0.09458904921,1,0,0,0
5.700134277,3.680052519,torque,figure8,-0.03364018723,-0.01840032265,-1.049677134,0,0,-2,0.02246081829,-0.002542142523,0.9774659276,0,0,0,0.9510960964,0.9777272577,9.557544543,1.885674834,-0.2086360157,0.02528925799,-0.1955975216,1.28133884,-0.03762370637,0.9,-0.2940744036,0.1991842229,-0.08797731535,1,0,0,0
5.710135698,3.69005394,torque,figure8,-0.03320747986,-0.0183920376,-1.040943623,0,0,-2,0.01870009303,0.009567773901,0.9900832176,0,0,0,0.9598073446,0.9903060202,9.65936933,1.83629632,0.5368358493,0.01825461164,-0.3182575718,1.279822997,-0.04480119362,0.9,-0.3027192639,0.09198038953,-0.08400523839,1,0,0,0
5.720127106,3.700045347,torque,figure8,-0.03281189129,-0.01828572713,-1.032131672,0,0,-2,0.01398271509,0.02122817934,1.002062321,0,0,0,0.9685969691,1.00238468,9.517487492,1.758104086,1.258645892,0.009963512421,-0.4363486523,1.233227273,-0.05237240504,0.9,-0.3064979807,-0.01742406503,-0.08172536878,1,0,0,0
5.730069399,3.70998764,torque,figure8,-0.032175228,-0.01780230738,-1.014315128,0,0,-2,0.001654098858,0.04196475819,1.021744847,0,0,0,0.9863705357,1.022607603,8.675079461,1.491711736,2.563529015,-0.005024332087,-0.6535233511,1.057568899,-0.07288488024,0.9,-0.2974754617,-0.2183025719,-0.1052206383,1,0,0,0
5.740149498,3.720067739,torque,figure8,-0.03187015653,-0.01743893512,-1.005330563,0,0,-2,-0.006074924953,0.05056608841,1.025449514,0,0,0,0.9953326645,1.026713466,8.109935147,1.293570161,3.111862421,-0.01328099426,-0.7472934642,0.8800052258,-0.081180499,0.9,-0.2808882218,-0.3217306451,-0.1031194499,1,0,0,0
5.7501688,3.730087042,torque,figure8,-0.03163867816,-0.01701184362,-0.9963548779,0,0,-2,-0.01474316977,0.05734389648,1.025249481,0,0,0,1.004287777,1.026957731,7.581775563,1.051170111,3.571950674,-0.02090280689,-0.8291144561,0.6726359149,-0.08970935892,0.9,-0.2567773267,-0.4155934685,-0.1033432168,1,0,0,0
5.760149956,3.740068197,torque,figure8,-0.0314203985,-0.016039446,-0.9785502553,0,0,-2,-0.03414155543,0.06309447438,1.013634086,0,0,0,1.022058749,1.016169581,7.145265053,0.4460335076,4.125991821,-0.04035498574,-0.9646449924,0.2255957105,-0.1117449108,0.9,-0.1930377754,-0.548008757,-0.1294452965,1,0,0,0
5.770097971,3.750016212,torque,figure8,-0.03138735518,-0.01547984127,-0.9696962237,0,0,-2,-0.04329348356,0.06150335819,1.011834264,0,0,0,1.030897989,1.014625826,7.406189996,0.109876968,4.15245533,-0.0531020239,-0.9830244018,-0.04775811311,-0.1190171696,0.9,-0.1462554568,-0.55,-0.113992625,1,0,0,0
5.780145884,3.760064125,torque,figure8,-0.03142999113,-0.01494279876,-0.9608672261,0,0,-2,-0.05128705874,0.05740350112,1.016861677,0,0,0,1.039715371,1.019771148,7.949781018,-0.2310349047,4.000935555,-0.06497323513,-0.9759007667,-0.3151061166,-0.1253182512,0.9,-0.09534391797,-0.55,-0.09589254991,1,0,0,0
5.790169001,3.770087242,torque,figure8,-0.03169983253,-0.01400144491,-0.9430432916,0,0,-2,-0.06407406926,0.04350340366,1.042561173,0,0,0,1.057524659,1.045433801,9.42285133,-0.8947020769,3.343363523,-0.09413281083,-0.92330164,-0.7837426723,-0.1393365384,0.9,0.002844119949,-0.55,-0.07788704677,1,0,0,0
5.800138474,3.780056715,torque,figure8,-0.03193632886,-0.01354374457,-0.9338976741,0,0,-2,-0.06881118566,0.03480539471,1.06355083,0,0,0,1.066666551,1.066342704,10.12386219,-1.20530498,2.853953838,-0.1072960123,-0.8428161844,-0.9836481782,-0.1415415224,0.9,0.06022349861,-0.5315981256,-0.04892059214,1,0,0,0
5.810133934,3.790052176,torque,figure8,-0.03221213818,-0.01316126157,-0.9245941043,0,0,-2,-0.07259260863,0.02511941083,1.086612821,0,0,0,1.075968718,1.089324604,10.69270604,-1.48970449,2.284088135,-0.1194408685,-0.746822971,-1.147954316,-0.1431262692,0.9,0.1151420543,-0.4719332156,-0.02406027083,1,0,0,0
5.820144415,3.800062656,torque,figure8,-0.03251951188,-0.01286243554,-0.9151262641,0,0,-2,-0.07545929402,0.01432502083,1.109131455,0,0,0,1.085437232,1.111787703,11.08168093,-1.731524587,1.652066708,-0.1308446229,-0.6382832173,-1.275044966,-0.1442703584,0.9,0.164997087,-0.3985159646,-0.003484672043,1,0,0,0
5.830131531,3.810049772,torque,figure8,-0.0328508392,-0.01265622862,-0.9055072665,0,0,-2,-0.07736361772,0.002424392616,1.129095316,0,0,0,1.095058766,1.131745218,11.25329943,-1.916547418,0.9578815699,-0.1391774416,-0.520301545,-1.36259468,-0.1451561327,0.9,0.2075646695,-0.3112601736,0.01079048008,1,0,0,0
5.840151548,3.82006979,torque,figure8,-0.03370000049,-0.01245816052,-0.8858126998,0,0,-2,-0.07808476686,-0.02381436899,1.15848124,0,0,0,1.114766449,1.161354011,10.83220882,-2.120949507,-0.5699985623,-0.1504805237,-0.2858903086,-1.4357586,-0.1494701583,0.9,0.2656086422,-0.1105392297,0.01289185275,1,0,0,0
5.85014677,3.830065012,torque,figure8,-0.03412395716,-0.01252273284,-0.8758414388,0,0,-2,-0.07673424482,-0.037112616,1.169091821,0,0,0,1.124746075,1.172195025,10.20563943,-2.155440807,-1.372528076,-0.1525936574,-0.1492405743,-1.378721505,-0.1500785419,0.9,0.2895421244,0.01226937111,0.01758427849,1,0,0,0
5.860151291,3.840069532,torque,figure8,-0.03453542292,-0.01269442029,-0.8658148646,0,0,-2,-0.07415010035,-0.04981888831,1.176947474,0,0,0,1.134781814,1.180332799,9.31605154,-2.132837534,-2.154578924,-0.1533673257,-0.01334135317,-1.274518134,-0.1508421898,0.9,0.3049400997,0.1377024934,0.01830111076,1,0,0,0
5.870125294,3.850043535,torque,figure8,-0.03585818037,-0.01383622549,-0.8353722692,0,0,-2,-0.05928821489,-0.07836319506,1.178526044,0,0,0,1.165261774,1.182615541,5.785349648,-1.74389565,-4.054208279,-0.1492976993,0.3531395807,-0.7841044021,-0.1609764134,0.9,0.2992330416,0.4562126127,-0.03006729239,1,0,0,0
5.880133629,3.86005187,torque,figure8,-0.03585818037,-0.01383622549,-0.8353722692,0,0,-2,-0.05928821489,-0.07836319506,1.178526044,0,0,0,1.165261774,1.182615541,5.785349648,-1.74389565,-4.054208279,-0.1492976993,0.3525033087,-0.721952562,-0.1578589111,0.9,0.2978393515,0.4758704539,-0.005919920425,1,0,0,0
5.890049219,3.869967461,torque,figure8,-0.03648890555,-0.01487444621,-0.8153948188,0,0,-2,-0.04384316504,-0.08398356289,1.155574203,0,0,0,1.185260362,1.159451249,4.850553591,-1.228129983,-4.632716656,-0.1463592649,0.5583124686,-0.2063511175,-0.1650697704,0.9,0.2545362189,0.55,-0.03974317344,1,0,0,0
5.900139093,3.880057335,torque,figure8,-0.03648890555,-0.01487444621,-0.8153948188,0,0,-2,-0.04384316504,-0.08398356289,1.155574203,0,0,0,1.185260362,1.159451249,4.850553591,-1.228129983,-4.632716656,-0.1463592649,0.5454529027,-0.1632014733,-0.1617751979,0.9,0.2494900541,0.55,-0.01458730674,1,0,0,0
5.910072327,3.889990568,torque,figure8,-0.03717080504,-0.01662256941,-0.7856933475,0,0,-2,-0.0222288873,-0.0676080361,1.157720804,0,0,0,1.214989146,1.159906216,8.068039797,-0.2985122204,-3.926649809,-0.1558288783,0.7289851913,0.6466862149,-0.1732940515,0.9,0.1476611576,0.55,-0.04846503877,1,0,0,0
5.920138121,3.900056362,torque,figure8,-0.03717080504,-0.01662256941,-0.7856933475,0,0,-2,-0.0222288873,-0.0676080361,1.157720804,0,0,0,1.214989146,1.159906216,8.068039797,-0.2985122204,-3.926649809,-0.1558288783,0.7004431604,0.660104806,-0.1688390646,0.9,0.1379304367,0.55,-0.01830672085,1,0,0,0
5.93015933,3.910077572,torque,figure8,-0.03729215637,-0.0170865003,-0.7757348418,0,0,-2,-0.01626585238,-0.05774071068,1.169192553,0,0,0,1.224952175,1.170730453,9.325463101,-0.007094037719,-3.413411856,-0.1597552449,0.7085342055,0.9003509302,-0.1687079044,0.9,0.09636110288,0.55,-0.006821139087,1,0,0,0
5.940152168,3.92007041,torque,figure8,-0.03738822788,-0.01757519133,-0.7656206489,0,0,-2,-0.010894957,-0.04658557102,1.183978796,0,0,0,1.235070504,1.184945022,10.40734517,0.2661094964,-2.825788021,-0.1655953079,0.6991249527,1.102481958,-0.1686906344,0.9,0.05508173465,0.5419730105,0.00627293075,1,0,0,0
5.950108051,3.930026293,torque,figure8,-0.03745952249,-0.01825428754,-0.7450259328,0,0,-2,-0.001730700955,-0.02124775387,1.218673468,0,0,0,1.255665698,1.218859911,11.81333107,0.7564707994,-1.489286661,-0.1758864522,0.6589757112,1.401803353,-0.1708075428,0.9,-0.01800313104,0.3952617358,0.01436854666,1,0,0,0
5.960145473,3.940063715,torque,figure8,-0.03744351491,-0.01842943393,-0.7345359921,0,0,-2,0.002028293908,-0.00725482963,1.235569715,0,0,0,1.266151972,1.235592679,12.07361848,0.9560470581,-0.7564278841,-0.1815017462,0.6021301866,1.474111119,-0.1689158143,0.9,-0.05617328024,0.2990574167,0.03206900984,1,0,0,0
5.970146656,3.950064898,torque,figure8,-0.03735693917,-0.01856325194,-0.7239127159,0,0,-2,0.005254060961,0.007251146715,1.251079798,0,0,0,1.276768927,1.251111843,12.01176265,1.124536872,0.003794779768,-0.1847570837,0.5372396745,1.502042973,-0.1667071333,0.9,-0.09049012806,0.1936247589,0.04582566747,1,0,0,0
5.980147123,3.960065365,torque,figure8,-0.03724700585,-0.01857466437,-0.7131953835,0,0,-2,0.007952434011,0.02213168144,1.263893247,0,0,0,1.287477564,1.264112017,11.61306666,1.246057034,0.8003416061,-0.1853710115,0.4664435065,1.484074314,-0.1641719081,0.9,-0.1185631142,0.07757471478,0.05620016132,1,0,0,0
5.990201235,3.970119476,torque,figure8,-0.03697513789,-0.01823521405,-0.6915513873,0,0,-2,0.01163959317,0.05092084408,1.281813145,0,0,0,1.309097955,1.282876982,9.772838208,1.39745152,2.419812918,-0.1863645166,0.3333135542,1.34315924,-0.1601461288,0.9,-0.1567491841,-0.1627524406,0.06754799781,1,0,0,0
6.000130653,3.980048895,torque,figure8,-0.0367506668,-0.01789656468,-0.680657804,0,0,-2,0.01269746106,0.06423833221,1.282627225,0,0,0,1.319975276,1.284297624,8.389258901,1.409863234,3.134080887,-0.1828799546,0.2486803607,1.172717006,-0.1568450265,0.9,-0.1714187409,-0.2881293419,0.07315741144,1,0,0,0
6.010066032,3.989984274,torque,figure8,-0.03652176261,-0.01745344698,-0.6698006988,0,0,-2,0.01326460578,0.07595472038,1.277021289,0,0,0,1.33081503,1.279346881,6.775502487,1.380779624,3.733267069,-0.1785849184,0.166215509,0.9642473672,-0.1535705652,0.9,-0.1793478358,-0.4012705327,0.07527384363,1,0,0,0
6.02014637,4.000064611,torque,figure8,-0.03629243746,-0.01692147367,-0.6590279341,0,0,-2,0.01329492312,0.0854286477,1.263877749,0,0,0,1.341569811,1.266831391,5.040451949,1.327226996,4.184743881,-0.1721229702,0.08622237087,0.7234847085,-0.1504792321,0.9,-0.1829769584,-0.4971611844,0.07229916124,1,0,0,0
6.030156136,4.010074377,torque,figure8,-0.03606689349,-0.01632227935,-0.6483985186,0,0,-2,0.01281870436,0.09178603441,1.245880246,0,0,0,1.352181128,1.24932245,3.390380087,1.249297023,4.518681526,-0.1635881066,0.009763292334,0.4550637342,-0.1476905362,0.9,-0.1823199267,-0.55,0.06521646953,1,0,0,0
6.040143013,4.020061255,torque,figure8,-0.0354924649,-0.01487933192,-0.6275480986,0,0,-2,0.01092260238,0.09263586253,1.212004423,0,0,0,1.372991381,1.215588511,3.230472343,1.006812692,4.655901909,-0.1491051614,-0.1151542684,-0.09914861788,-0.1432970058,0.9,-0.1635215281,-0.55,0.050255376,1,0,0,0
6.050121069,4.03003931,torque,figure8,-0.0349673219,-0.01353750471,-0.6071941257,0,0,-2,0.0085978508,0.07929948717,1.19537282,0,0,0,1.393310511,1.198031097,6.583785094,0.7491509318,4.04011631,-0.1338149607,-0.218677754,-0.6574661254,-0.1391647977,0.9,-0.1398812834,-0.55,0.03275117646,1,0,0,0
6.060141802,4.040060043,torque,figure8,-0.0349673219,-0.01353750471,-0.6071941257,0,0,-2,0.0085978508,0.07929948717,1.19537282,0,0,0,1.393310511,1.198031097,6.583785094,0.7491509318,4.04011631,-0.1338149607,-0.222301409,-0.6721844932,-0.1389790409,0.9,-0.1399312093,-0.55,0.03355268673,1,0,0,0
6.070135117,4.050053358,torque,figure8,-0.03437006846,-0.01228459924,-0.5868809819,0,0,-2,0.006470435765,0.05732206628,1.20324254,0,0,0,1.413590313,1.204624546,9.575896234,0.5029111505,2.919833899,-0.1235333979,-0.2978085772,-1.131329184,-0.1348404054,0.9,-0.1139223997,-0.55,0.02412906616,1,0,0,0
6.080151558,4.060069799,torque,figure8,-0.03437006846,-0.01228459924,-0.5868809819,0,0,-2,0.006470435765,0.05732206628,1.20324254,0,0,0,1.413590313,1.204624546,9.575896234,0.5029111505,2.919833899,-0.1235333979,-0.2962882983,-1.122081445,-0.1349789689,0.9,-0.1125463268,-0.55,0.02434353234,1,0,0,0
6.09006691,4.069985151,torque,figure8,-0.03382422403,-0.01143346541,-0.566388905,0,0,-2,0.004398528952,0.03022335656,1.223847628,0,0,0,1.434055638,1.224228661,11.48247681,0.282055974,1.541441679,-0.1177261621,-0.348462828,-1.438072526,-0.1303321359,0.9,-0.08731063688,-0.4056922802,0.02327883626,1,0,0,0
6.1001513,4.080069542,torque,figure8,-0.0335495472,-0.01111529768,-0.556050241,0,0,-2,0.003385162679,0.01565914415,1.236189604,0,0,0,1.444382231,1.236293414,11.953444,0.1773767918,0.8007056713,-0.1178919375,-0.3628780938,-1.514739738,-0.127933819,0.9,-0.07301850006,-0.3087690486,0.0265775817,1,0,0,0
6.110101223,4.090019464,torque,figure8,-0.03328751773,-0.01091774367,-0.5456249118,0,0,-2,0.002360330662,0.0008611974772,1.249224663,0,0,0,1.454796946,1.249227189,12.08115987,0.07404202223,0.03633295,-0.1171891391,-0.3719373967,-1.546119048,-0.1253362901,0.9,-0.0582972643,-0.2030111154,0.02947430228,1,0,0,0
6.120148659,4.1000669,torque,figure8,-0.03280317783,-0.01088552829,-0.5245044827,0,0,-2,9.064259939e-05,-0.028384462,1.275069833,0,0,0,1.475900256,1.275385732,11.27141092,-0.1181610301,-1.541356087,-0.1169735864,-0.3824106259,-1.505090504,-0.1186995493,0.9,-0.03173408441,0.02020149385,0.04059544987,1,0,0,0
6.130089283,4.110007524,torque,figure8,-0.03257935494,-0.01107141562,-0.5138705373,0,0,-2,-0.001129535493,-0.04211003333,1.286478043,0,0,0,1.486527756,1.287167543,10.32618068,-0.2091591507,-2.340229511,-0.1159599423,-0.3751706637,-1.382527564,-0.1154460753,0.9,-0.01644046451,0.1519882187,0.04371081588,1,0,0,0
6.140148401,4.120066643,torque,figure8,-0.03237067908,-0.01136806794,-0.5031959414,0,0,-2,-0.002573313192,-0.05541405082,1.291043878,0,0,0,1.497197209,1.292235131,9.056537059,-0.2895902693,-3.082815409,-0.1155398861,-0.3651156509,-1.21791666,-0.1118733015,0.9,-0.002621688887,0.2799262497,0.04785218456,1,0,0,0
6.150078058,4.1299963,torque,figure8,-0.03200541064,-0.01225870289,-0.4818924665,0,0,-2,-0.00633167848,-0.07748115063,1.280364633,0,0,0,1.518494355,1.2827225,5.753889265,-0.4402841032,-4.309939384,-0.1097441167,-0.3452985427,-0.8153186069,-0.1030832174,0.9,0.02080082993,0.4983455626,0.05832327516,1,0,0,0
6.160152435,4.140070677,torque,figure8,-0.03185495734,-0.01282135956,-0.4714012742,0,0,-2,-0.0089274887,-0.0848460719,1.259672165,0,0,0,1.528984366,1.262557927,4.006656444,-0.51684165,-4.641694546,-0.1049015298,-0.3233372572,-0.5338257355,-0.09940837104,0.9,0.03501504331,0.55,0.0563568045,1,0,0,0
6.170192957,4.150111198,torque,figure8,-0.03174323961,-0.01356579736,-0.4611198902,0,0,-2,-0.01177081466,-0.08842334896,1.234323621,0,0,0,1.539267247,1.237542743,2.720178708,-0.5810661316,-4.78839922,-0.09994005412,-0.2973655192,-0.2363927234,-0.09569749443,0.9,0.04767932282,0.55,0.05409100474,1,0,0,0
6.180148363,4.160066605,torque,figure8,-0.03165782988,-0.01431979053,-0.4510430694,0,0,-2,-0.01460357197,-0.08760922402,1.211502671,0,0,0,1.549346587,1.214754034,2.850450898,-0.6280934215,-4.71702528,-0.09392431378,-0.2663934954,0.0673125963,-0.09215015775,0.9,0.05839627234,0.55,0.04942136224,1,0,0,0
6.190186024,4.170104265,torque,figure8,-0.03159829974,-0.01504970714,-0.4411461949,0,0,-2,-0.01735906862,-0.08286957443,1.191777468,0,0,0,1.559246655,1.19478125,4.209232818,-0.6660951376,-4.481573105,-0.08737178892,-0.2310211482,0.3645575583,-0.08887382345,0.9,0.06829353649,0.55,0.04310656306,1,0,0,0
6.200154066,4.180072308,torque,figure8,-0.03158401325,-0.01649668068,-0.4217110276,0,0,-2,-0.02221180126,-0.06461616606,1.173727989,0,0,0,1.578691157,1.175715104,7.447113163,-0.7319829464,-3.562973976,-0.07468532026,-0.1573102487,0.8834538042,-0.08183095364,0.9,0.08550449482,0.55,0.03591060934,1,0,0,0
6.210086584,4.190004826,torque,figure8,-0.03168230876,-0.01774374209,-0.4023896456,0,0,-2,-0.02583664656,-0.0390557982,1.176731944,0,0,0,1.598022983,1.177663346,9.879090809,-0.7522022128,-2.20220232,-0.06377695501,-0.06871676786,1.271606743,-0.07661759637,0.9,0.09887165755,0.4803711778,0.02644954269,1,0,0,0
6.220146179,4.200064421,torque,figure8,-0.03168230876,-0.01774374209,-0.4023896456,0,0,-2,-0.02583664656,-0.0390557982,1.176731944,0,0,0,1.598022983,1.177663346,9.879090809,-0.7522022128,-2.20220232,-0.06377695501,-0.0613953817,1.250996343,-0.0778889429,0.9,0.1007748989,0.4718232901,0.01889131117,1,0,0,0
6.230157375,4.210075617,torque,figure8,-0.03175493702,-0.01819528267,-0.3927047253,0,0,-2,-0.02721927315,-0.02444975264,1.181679726,0,0,0,1.607711897,1.182246021,10.63373586,-0.7491936684,-1.442576408,-0.05963854492,-0.01282227392,1.374999455,-0.07634319418,0.9,0.1063621539,0.3800326422,0.01395843846,1,0,0,0
6.240157843,4.220076084,torque,figure8,-0.03196236864,-0.01898612827,-0.3732853532,0,0,-2,-0.02880389243,0.005714992527,1.196137667,0,0,0,1.627139394,1.196498075,11.09697012,-0.7172495127,0.1542480439,-0.0544436425,0.08149735968,1.501809158,-0.07200437715,0.9,0.1131887757,0.175335147,0.01580220274,1,0,0,0
6.250157833,4.230076075,torque,figure8,-0.03207559884,-0.01918883249,-0.3634921908,0,0,-2,-0.02895176783,0.02063551918,1.204720497,0,0,0,1.636934594,1.205244998,10.78746169,-0.6875299215,0.9714439511,-0.0517664142,0.1287390567,1.467561786,-0.07002792477,0.9,0.1145856288,0.05262474966,0.01491652837,1,0,0,0
6.260169506,4.240087748,torque,figure8,-0.03219019622,-0.01926625893,-0.3536390662,0,0,-2,-0.02860947885,0.03506534547,1.21257782,0,0,0,1.646788305,1.213422041,10.1203382,-0.6416057944,1.777567387,-0.0506223999,0.1740006122,1.385185561,-0.06779136432,0.9,0.1133679099,-0.07400510079,0.01665531281,1,0,0,0
6.270138502,4.250056744,torque,figure8,-0.03231649846,-0.01927012578,-0.3438082933,0,0,-2,-0.02767964266,0.04847472534,1.2194314,0,0,0,1.656619046,1.220708361,9.10524631,-0.5778681636,2.564785242,-0.05052082241,0.2163989663,1.254061394,-0.06525296303,0.9,0.1092314843,-0.2036380991,0.02028767467,1,0,0,0
6.280157328,4.260075569,torque,figure8,-0.03253860772,-0.01895451359,-0.3241345286,0,0,-2,-0.02353077009,0.07263024151,1.21118331,0,0,0,1.676288493,1.213587186,6.263580123,-0.3982130289,3.852110147,-0.0487306267,0.2960936553,0.9121908911,-0.05867872705,0.9,0.09447168954,-0.4227567126,0.03655040793,1,0,0,0
6.29013443,4.270052671,torque,figure8,-0.03262036666,-0.01865330711,-0.31441468,0,0,-2,-0.02014124766,0.08182766289,1.196641803,0,0,0,1.686004124,1.199605369,4.631020599,-0.2804101706,4.323129177,-0.04606128484,0.3240542018,0.6568131111,-0.05587264948,0.9,0.08086669702,-0.5243504478,0.03773716822,1,0,0,0
6.300171375,4.280089617,torque,figure8,-0.03267016262,-0.01823369227,-0.3049230576,0,0,-2,-0.01572410762,0.08786091208,1.174231768,0,0,0,1.695489796,1.177619222,3.192934163,-0.1399368197,4.607020855,-0.0440617986,0.345167374,0.3780047593,-0.05297055662,0.9,0.0634229142,-0.55,0.03942554113,1,0,0,0
6.310175657,4.290093899,torque,figure8,-0.03268284723,-0.01777530462,-0.2956354618,0,0,-2,-0.01049344521,0.08995194733,1.146952629,0,0,0,1.704770544,1.150522402,2.692454331,0.006080107298,4.711546898,-0.04188908264,0.3579082997,0.08372652582,-0.05002009933,0.9,0.0442862468,-0.55,0.04066456514,1,0,0,0
6.32016325,4.300081491,torque,figure8,-0.03258306161,-0.0168721322,-0.2776213884,0,0,-2,0.0002809957659,0.08236369491,1.112116456,0,0,0,1.7227694,1.115162261,5.206369389,0.2883318365,4.37242794,-0.03310938925,0.3655007601,-0.483925652,-0.04245136709,0.9,0.007513993055,-0.55,0.04763575052,1,0,0,0
6.330193281,4.310111523,torque,figure8,-0.03244042024,-0.01638016291,-0.2688035369,0,0,-2,0.005370416213,0.07417861372,1.106744647,0,0,0,1.73157786,1.109240741,6.846813994,0.4316877723,3.955510616,-0.02803934179,0.3428798663,-0.7558222292,-0.04033157188,0.9,-0.01659256441,-0.55,0.03788800885,1,0,0,0
6.340175867,4.320094109,torque,figure8,-0.0322605595,-0.01595990919,-0.2600033283,0,0,-2,0.01008543931,0.06384371966,1.10797894,0,0,0,1.740368892,1.109862635,8.344980219,0.5639011264,3.407717943,-0.02101060748,0.3111968283,-0.994888804,-0.03875742878,0.9,-0.03999814871,-0.55,0.02570553017,1,0,0,0
6.350110292,4.330028534,torque,figure8,-0.03180165216,-0.01539240126,-0.2422907352,0,0,-2,0.01850293949,0.03864894435,1.12229979,0,0,0,1.758064314,1.1231175,10.58285044,0.7873308659,2.062988758,-0.00949188415,0.2397755683,-1.364128903,-0.03408259662,0.9,-0.07921385807,-0.4706358788,0.01822262044,1,0,0,0
6.360160589,4.340078831,torque,figure8,-0.03147782758,-0.01520392112,-0.2334158421,0,0,-2,0.02213361673,0.02453938872,1.131868839,0,0,0,1.766929993,1.132351159,11.24540123,0.8756857514,1.320729613,-0.005498044658,0.184215061,-1.471791403,-0.03357928169,0.9,-0.09969411841,-0.3773703447,0.00778601408,1,0,0,0
6.370156527,4.350074768,torque,figure8,-0.03112939559,-0.01513153501,-0.2244641185,0,0,-2,0.02535856888,0.009529900737,1.141334414,0,0,0,1.775873213,1.141655868,11.57321965,0.9408078194,0.5385507345,-0.001517404802,0.1249908313,-1.534660701,-0.03320648425,0.9,-0.1170082195,-0.2730946046,-0.001012437724,1,0,0,0
6.380143881,4.360062122,torque,figure8,-0.03076025285,-0.01518115588,-0.2154709101,0,0,-2,0.0280162394,-0.005977788009,1.150062919,0,0,0,1.784858743,1.150419645,11.54867964,0.9780439138,-0.2744042277,0.0005180237931,0.06298973089,-1.549912508,-0.03283240461,0.9,-0.1305214581,-0.1586581976,-0.006571644693,1,0,0,0
6.390163422,4.370081663,torque,figure8,-0.03037512302,-0.01535469107,-0.2064089179,0,0,-2,0.03004338779,-0.02142927796,1.158343434,0,0,0,1.793913985,1.158931116,11.16031919,0.9982638955,-1.106004715,0.002819481306,-0.0009140165354,-1.514903275,-0.03236676734,0.9,-0.1416961008,-0.03537240449,-0.01099517338,1,0,0,0
6.400154352,4.380072594,torque,figure8,-0.02951379493,-0.0161051508,-0.1882857084,0,0,-2,0.03210562095,-0.05096735433,1.167389631,0,0,0,1.812026245,1.168942682,9.341543715,0.9573536515,-2.692806005,0.005040448625,-0.1220946628,-1.341556673,-0.02885741632,0.9,-0.1507081715,0.2044894368,-0.004677990385,1,0,0,0
6.410203934,4.390122175,torque,figure8,-0.02908235416,-0.01664834842,-0.1791885197,0,0,-2,0.0319175832,-0.06402245164,1.167446733,0,0,0,1.82111982,1.169636473,7.971459331,0.8997403383,-3.409505606,0.005404830445,-0.184704233,-1.152330191,-0.02815884947,0.9,-0.1506930384,0.3327855655,-0.006395833319,1,0,0,0
6.42019105,4.400109291,torque,figure8,-0.02866085619,-0.01728997193,-0.1701186299,0,0,-2,0.0306622982,-0.07563541085,1.159707904,0,0,0,1.830187481,1.162576154,6.388302745,0.8058586717,-4.010457993,0.00458219368,-0.2435694955,-0.9268798444,-0.02719275796,0.9,-0.1450527546,0.4481682873,-0.00508152958,1,0,0,0
6.430193186,4.410111427,torque,figure8,-0.0282573197,-0.01801421307,-0.1611325145,0,0,-2,0.02828587219,-0.08478182554,1.14630723,0,0,0,1.839172808,1.149786204,4.718764147,0.6818756461,-4.49891901,0.003220957937,-0.2965839257,-0.6671094403,-0.02610876897,0.9,-0.1343779939,0.55,-0.001888223264,1,0,0,0
6.440186262,4.420104504,torque,figure8,-0.02751796879,-0.01986255497,-0.1437022686,0,0,-2,0.02050308697,-0.09251430631,1.109911561,0,0,0,1.856607936,1.113949257,2.955949757,0.3966379166,-4.910374165,0.003053426743,-0.3827607537,-0.1160033484,-0.02107849262,0.9,-0.1063488701,0.55,0.01525701436,1,0,0,0
6.45016098,4.430079222,torque,figure8,-0.02720727958,-0.02079492249,-0.1352071166,0,0,-2,0.01537954621,-0.09027139097,1.091565967,0,0,0,1.865107279,1.095400253,4.009803263,0.228850767,-4.801954746,0.003423643997,-0.407691832,0.1986927457,-0.01980116283,0.9,-0.08547203567,0.55,0.01403073564,1,0,0,0
6.460155487,4.440073729,torque,figure8,-0.02694264427,-0.02169118822,-0.1268263459,0,0,-2,0.009948560037,-0.08450583369,1.080550432,0,0,0,1.873492982,1.083895496,5.630483674,0.05466538295,-4.504938602,0.004522057716,-0.4204330507,0.5000840396,-0.01865769449,0.9,-0.0620775055,0.55,0.01117181946,1,0,0,0
6.470150471,4.450068712,torque,figure8,-0.02674742602,-0.02271983773,-0.1185188293,0,0,-2,0.004649807233,-0.07613717765,1.076573491,0,0,0,1.881808442,1.079272427,7.289352808,-0.1066801473,-4.047630787,0.005467512645,-0.4210992566,0.7741503884,-0.01766906035,0.9,-0.0388434759,0.55,0.007651098782,1,0,0,0
6.480166435,4.460084677,torque,figure8,-0.02648994885,-0.02451045811,-0.1018717885,0,0,-2,-0.005510948598,-0.05350778252,1.084544778,0,0,0,1.898471276,1.085877907,10.03892546,-0.388238579,-2.797804356,0.01120278798,-0.4029626853,1.21537009,-0.01470681126,0.9,0.002094861045,0.55,0.005096541581,1,0,0,0
6.490194321,4.470112562,torque,figure8,-0.02642489038,-0.02524892054,-0.09346592426,0,0,-2,-0.01032104529,-0.04016238824,1.093149185,0,0,0,1.906884361,1.093935411,10.99140293,-0.5174565911,-2.076816082,0.01474459004,-0.3723705241,1.370175067,-0.01485361979,0.9,0.02528902267,0.4707546238,-0.00454362025,1,0,0,0
6.50018096,4.480099201,torque,figure8,-0.02643973753,-0.02601497434,-0.08506116271,0,0,-2,-0.01485455688,-0.02588467486,1.102435946,0,0,0,1.915298042,1.10283983,11.61743442,-0.6279566884,-1.316850901,0.01653291844,-0.3351706166,1.479020088,-0.01562019014,0.9,0.04641351993,0.3757842177,-0.01154587811,1,0,0,0
6.510194302,4.490112543,torque,figure8,-0.02649150789,-0.02665273659,-0.07657426596,0,0,-2,-0.01907880791,-0.01095760614,1.112204909,0,0,0,1.923792796,1.112422505,11.89909205,-0.72012043,-0.5292900801,0.01992745139,-0.2922894517,1.540973753,-0.01651487938,0.9,0.06545772473,0.2709654637,-0.01928048063,1,0,0,0
6.520168066,4.500086308,torque,figure8,-0.02669343539,-0.02752825059,-0.05936396122,0,0,-2,-0.02625340596,0.02007381991,1.128993511,0,0,0,1.941014832,1.129477113,11.37243995,-0.8407395482,1.121100187,0.02270158753,-0.2029311737,1.554744204,-0.01742806758,0.9,0.09309843522,0.04453921908,-0.02302002536,1,0,0,0
6.530179024,4.510097265,torque,figure8,-0.0268815551,-0.02781294473,-0.05073189735,0,0,-2,-0.0289665591,0.03525620699,1.135389328,0,0,0,1.949651844,1.136305851,10.54002372,-0.86547333,1.970869422,0.02274255082,-0.1469769121,1.45900485,-0.01881810635,0.9,0.1044342439,-0.09067199806,-0.02750697252,1,0,0,0
6.54016614,4.520084381,torque,figure8,-0.02708932199,-0.02796719782,-0.04205605388,0,0,-2,-0.03108650446,0.0497646369,1.13808763,0,0,0,1.958331048,1.139599203,9.342834963,-0.8681325912,2.780355215,0.02197687887,-0.09072155944,1.315897714,-0.02013485657,0.9,0.1124202878,-0.2252562037,-0.02973127068,1,0,0,0
6.550144196,4.530062437,torque,figure8,-0.02731157094,-0.02799956501,-0.03336319327,0,0,-2,-0.03248728812,0.06289163232,1.138089418,0,0,0,1.967025731,1.140288694,7.802295141,-0.8508456349,3.537968159,0.02222570591,-0.03489007786,1.1255381,-0.02136979174,0.9,0.1173805737,-0.3578472303,-0.03173544333,1,0,0,0
6.560161352,4.540079594,torque,figure8,-0.02754159831,-0.02792463079,-0.02469921112,0,0,-2,-0.03308913857,0.07440122217,1.130159616,0,0,0,1.97569014,1.133089225,5.974209991,-0.8116692901,4.186311722,0.01948061213,0.01929123256,0.8935830353,-0.02236785632,0.9,0.1188113457,-0.479648579,-0.02933875219,1,0,0,0
6.570151567,4.550069809,torque,figure8,-0.02810169756,-0.02740048058,-0.007860690355,0,0,-2,-0.03114689328,0.08965346962,1.084593773,0,0,0,1.992525915,1.088738502,2.032460237,-0.6700828671,4.839479923,0.01435418427,0.1168627568,0.3848024609,-0.02342314197,0.9,0.1111822981,-0.55,-0.01775053114,1,0,0,0
6.580190659,4.5601089,torque,figure8,-0.02835911326,-0.02706482448,0.0002683401108,0,0,-2,-0.02845920809,0.09118444473,1.059013605,0,0,0,2.000652438,1.06331291,1.429200596,-0.5705524087,4.846449375,0.011281888,0.1604588821,0.07696257365,-0.02410225275,0.9,0.1026355828,-0.55,-0.01443422135,1,0,0,0
6.590189219,4.57010746,torque,figure8,-0.02859041654,-0.02672517672,0.008208602667,0,0,-2,-0.02493265644,0.08858487755,1.035516381,0,0,0,2.008589913,1.039597563,3.08574613,-0.4572617114,4.696053982,0.009356607683,0.1971289791,-0.2293388712,-0.0246398378,0.9,0.09121401655,-0.55,-0.01241184211,1,0,0,0
6.600179434,4.580097675,torque,figure8,-0.02899530344,-0.02591282129,0.02368977666,0,0,-2,-0.01647774316,0.0735790804,1.009930134,0,0,0,2.024063367,1.01274097,6.852987367,-0.2374735922,3.947035074,0.003145015566,0.2525420838,-0.7769125612,-0.02437685516,0.9,0.06785224018,-0.55,-0.0006603739987,1,0,0,0
6.61012578,4.590044022,torque,figure8,-0.02914245613,-0.02560919896,0.03134614229,0,0,-2,-0.0119616352,0.06255564839,1.007117748,0,0,0,2.031716581,1.00912955,8.455189452,-0.1367491186,3.390059233,0.002458220115,0.26564583,-1.015319824,-0.02497018381,0.9,0.05465661858,-0.55,-0.00308570917,1,0,0,0
6.620173931,4.600092173,torque,figure8,-0.02925151214,-0.02539576404,0.03898487985,0,0,-2,-0.007391910534,0.04995613918,1.009085536,0,0,0,2.039352823,1.010348393,9.783231027,-0.03658921272,2.750288963,0.001118725166,0.2718993012,-1.21364686,-0.02563963764,0.9,0.04070002852,-0.5452862997,-0.005079468788,1,0,0,0
6.63017416,4.610092402,torque,figure8,-0.02931295894,-0.02517827041,0.0466273725,0,0,-2,-0.002754999325,0.03622639552,1.014257073,0,0,0,2.046992134,1.014907559,10.7981804,0.05820681527,2.043222427,0.000767079473,0.2723037892,-1.36806006,-0.0263376918,0.9,0.02689984694,-0.4642167435,-0.007880484273,1,0,0,0
6.64015913,4.620077372,torque,figure8,-0.0293200817,-0.02508420125,0.06209383905,0,0,-2,0.006405758671,0.006400579121,1.029071689,0,0,0,2.06245482,1.02911153,11.79930458,0.2270254791,0.5041211843,0.004195665941,0.2644252528,-1.565191116,-0.02813834505,0.9,0.002967359294,-0.2757229795,-0.01429885883,1,0,0,0
6.650179625,4.630097866,torque,figure8,-0.02926786616,-0.02521650493,0.06993348897,0,0,-2,0.01073052082,-0.0089713661,1.037429094,0,0,0,2.070293972,1.037523376,11.75498233,0.3024636507,-0.3021992743,0.004881769419,0.2460800173,-1.571611421,-0.03002432754,0.9,-0.01081741347,-0.1597065912,-0.02039703019,1,0,0,0
6.660206795,4.640125036,torque,figure8,-0.02913868614,-0.02543890662,0.07777889073,0,0,-2,0.01490087248,-0.02414695174,1.04551518,0,0,0,2.078138908,1.04590014,11.33261221,0.36471048,-1.126677752,0.004958675709,0.2245091419,-1.529654188,-0.03196432525,0.9,-0.02289086528,-0.03554322884,-0.02535159111,1,0,0,0
6.670223475,4.650141716,torque,figure8,-0.02897698246,-0.02577987313,0.08569265902,0,0,-2,0.01880450733,-0.03889654204,1.052010655,0,0,0,2.086053244,1.052897416,10.53052072,0.4143964946,-1.952712059,0.005137352273,0.1996980759,-1.439109507,-0.03412157126,0.9,-0.03345598227,0.09438821806,-0.03021892077,1,0,0,0
6.680185318,4.660103559,torque,figure8,-0.02856448479,-0.02680392005,0.101574108,0,0,-2,0.02583947219,-0.06682190299,1.046797156,0,0,0,2.101939131,1.049245982,7.892315201,0.4680454731,-3.427188873,0.004432168324,0.1521715719,-1.169434509,-0.03841763357,0.9,-0.04618424601,0.3302576356,-0.03742717334,1,0,0,0
6.69019866,4.670116901,torque,figure8,-0.02831882425,-0.02747073025,0.1094476432,0,0,-2,0.02877716534,-0.07833973318,1.035351038,0,0,0,2.109816569,1.0387093,6.124330507,0.4801325202,-4.043889999,0.002537876368,0.1202904273,-0.9385221158,-0.04095396997,0.9,-0.05241764085,0.4494438765,-0.03933424042,1,0,0,0
6.700176716,4.680094957,torque,figure8,-0.02800238319,-0.02810233459,0.1255749613,0,0,-2,0.01425611041,0.130864054,0.5411447883,0,0,0,2.125945152,0.5569257753,1.013630844,0.5494776368,-4.646066666,-0.09213976562,0.0551138096,0.5818417993,-0.04540167945,0.9,-0.06417779589,0.55,-0.007532427367,1,0,0,0
6.710180521,4.690098763,torque,figure8,-0.02793464437,-0.02748890407,0.127207458,0,0,-2,-0.01278465707,0.063641496,-0.01250546332,0,0,0,2.12756846,0.06610653586,1.183946629,0.03917989135,-1.323804975,-0.05628578365,-0.1226863011,0.28749283,-0.04607051136,0.9,-0.035031928,0.2490977834,0.03580853775,1,0,0,0
6.720160246,4.700078487,torque,figure8,-0.02797681093,-0.02713278309,0.1265496761,0,0,-2,-0.01296707802,0.06512500346,-0.03351930156,0,0,0,2.126906771,0.07438383403,1.209849873,-0.02858715318,0.01171070524,-0.00442028651,-0.1010544293,0.2511469541,-0.04772468124,0.9,-0.01833898836,0.04591383739,-0.03034926283,1,0,0,0
6.730106115,4.710024357,torque,figure8,-0.02800544724,-0.02668517269,0.124899745,0,0,-2,-0.01332366001,0.06797400117,-0.05237835273,0,0,0,2.125251827,0.0868416754,0.881499898,-0.1095685586,1.05117166,-0.006736018229,-0.07557906842,0.1473553415,-0.05130569826,0.9,-0.000371512694,-0.119393747,-0.03652577555,1,0,0,0
6.740169764,4.720088005,torque,figure8,-0.02800544724,-0.02668517269,0.124899745,0,0,-2,-0.01332366001,0.06797400117,-0.05237835273,0,0,0,2.125251827,0.0868416754,0.881499898,-0.1095685586,1.05117166,-0.006736018229,-0.06345092126,0.1172410183,-0.0510672842,0.9,0.003659425229,-0.1287310913,-0.03449761221,1,0,0,0
6.750181675,4.730099916,torque,figure8,-0.02798555233,-0.02685049921,0.1228808612,0,0,-2,-0.006323794369,0.002962259343,-0.08788321912,0,0,0,2.1232351,0.08816022663,1.279936151,-0.03463491797,0.8603491187,-0.3760374486,-0.05126032198,-0.304306222,-0.03705394368,0.9,-0.005820338046,-0.1882375588,0.352262389,1,0,0,0
6.760169268,4.740087509,torque,figure8,-0.02790836245,-0.02714731172,0.1209902167,0,0,-2,-0.005546766333,-0.003531393362,-0.1128603369,0,0,0,2.121347532,0.1130517271,1.7140749,-0.05120719224,1.039677739,-0.4238723218,-0.04023743707,-0.3533887068,-0.02683771843,0.9,-0.00153845407,-0.2129878516,0.408386298,1,0,0,0
6.770138025,4.750056267,torque,figure8,-0.02782812156,-0.02747140825,0.1189092696,0,0,-2,-0.004918905441,-0.006145093124,-0.1413699538,0,0,0,2.119270057,0.1415889177,2.232572151,-0.08422858268,1.168531537,-0.4314230978,-0.02794392724,-0.3962663193,-0.01628890712,0.9,0.005157041561,-0.2293444779,0.4240302081,1,0,0,0
6.780171871,4.760090113,torque,figure8,-0.02765476145,-0.02818401903,0.1140933186,0,0,-2,-0.002804899821,-0.01495763566,-0.2024237663,0,0,0,2.114462032,0.2029950233,3.310498765,-0.1298524886,1.042729497,-0.4300217628,-0.004082684819,-0.5365470646,0.003944580854,0.9,0.01580484662,-0.2262458693,0.4379135313,1,0,0,0
6.790174961,4.770093203,torque,figure8,-0.02755210362,-0.02860177867,0.1107075214,0,0,-2,-0.0014512731,-0.02059911378,-0.2253444493,0,0,0,2.111081102,0.2262886442,3.759299583,-0.1246574,0.8417958617,-0.4194010794,0.009592162154,-0.5814362062,0.01397673505,0.9,0.01780733998,-0.1994251495,0.4358054318,1,0,0,0
6.800180435,4.780098677,torque,figure8,-0.02744050883,-0.0290588215,0.1072036922,0,0,-2,0.0001068062047,-0.02662927471,-0.2416960299,0,0,0,2.10758269,0.2431585914,4.094028595,-0.09359980375,0.5725644827,-0.4059608877,0.02149000653,-0.615609937,0.0237788876,0.9,0.01600691585,-0.1626277985,0.4307279272,1,0,0,0
6.810215473,4.790133715,torque,figure8,-0.02731879242,-0.02955697849,0.103626743,0,0,-2,0.0016920669,-0.0326936245,-0.2529495358,0,0,0,2.104011741,0.2550592164,4.290279725,-0.04478729516,0.2607142627,-0.3885804117,0.02997956854,-0.6338831671,0.03319725133,0.9,0.01120630762,-0.1184597847,0.4210824041,1,0,0,0
6.820194006,4.800112247,torque,figure8,-0.02718669176,-0.0300961975,0.1000120342,0,0,-2,0.003303484991,-0.03868437186,-0.2603058517,0,0,0,2.100403638,0.2631853531,4.333877502,0.01690854318,-0.0796468854,-0.3716397583,0.03458547808,-0.6340023639,0.04224171595,0.9,0.004033355307,-0.06853715505,0.4112945236,1,0,0,0
6.830127239,4.810045481,torque,figure8,-0.02693862654,-0.03127426654,0.09123757482,0,0,-2,0.006430698559,-0.04992957041,-0.2711723447,0,0,0,2.091644894,0.2758056497,3.949288189,0.1620267928,-0.780803442,-0.335034281,0.03215204557,-0.6021228871,0.0590813801,0.9,-0.01453096587,0.03261784891,0.3877239756,1,0,0,0
6.840180635,4.820098877,torque,figure8,-0.02679820731,-0.03191838786,0.08686369658,0,0,-2,0.007815745659,-0.05480583385,-0.2764771879,0,0,0,2.087279812,0.2819652474,3.539114864,0.2343322486,-1.111832857,-0.3145137727,0.02200838021,-0.534897565,0.06671805518,0.9,-0.02566603248,0.09014523397,0.3722824692,1,0,0,0
6.850182533,4.830100775,torque,figure8,-0.02663895115,-0.03262611479,0.08228820562,0,0,-2,0.009013254195,-0.05913938582,-0.2831019163,0,0,0,2.082714159,0.2893534184,3.017264739,0.3007434309,-1.409925938,-0.2917787731,0.007499780673,-0.4518417302,0.07377281022,0.9,-0.03666755411,0.1441887138,0.3539467236,1,0,0,0
6.860182762,4.840101004,torque,figure8,-0.02638625167,-0.0344414264,0.07222411036,0,0,-2,0.01025936939,-0.06532052904,-0.3011206388,0,0,0,2.07267827,0.3082947702,1.90459475,0.3849247098,-1.839069486,-0.2413279414,-0.03054087079,-0.2725343232,0.08602306473,0.9,-0.05306948626,0.2249831242,0.3118861304,1,0,0,0
6.870185614,4.850103855,torque,figure8,-0.02625650913,-0.03535529226,0.06721954048,0,0,-2,0.01028530393,-0.06635327637,-0.3121023476,0,0,0,2.067688572,0.3192435123,1.616508143,0.3999679387,-1.930773258,-0.2170187533,-0.05508476641,-0.1467023656,0.09114843466,0.9,-0.05892527416,0.2556536807,0.2902208123,1,0,0,0
6.880184174,4.860102415,torque,figure8,-0.02612867579,-0.03626001999,0.06220820546,0,0,-2,0.009852310643,-0.06577979773,-0.3235632181,0,0,0,2.062692459,0.330328936,1.77343409,0.3938738108,-1.928501725,-0.1920612454,-0.0800250515,-0.01809854872,0.09559551728,0.9,-0.06195149602,0.2729706655,0.2673960832,1,0,0,0
6.890188932,4.870107174,torque,figure8,-0.02602336556,-0.03725630417,0.05710205436,0,0,-2,0.008955883794,-0.063909702,-0.332937628,0,0,0,2.057603973,0.3391343716,2.2714363,0.3666820228,-1.841104031,-0.1686304212,-0.1043959528,0.1064086659,0.09942619867,0.9,-0.06197741644,0.2772279764,0.2458791911,1,0,0,0
6.900187016,4.880105257,torque,figure8,-0.02583856508,-0.03914619237,0.04694463313,0,0,-2,0.006295674015,-0.05660122633,-0.3415199518,0,0,0,2.047481963,0.3462357749,3.458663609,0.2468013912,-1.402578354,-0.1239733621,-0.1441753515,0.3150716726,0.1055181411,0.9,-0.05167437584,0.2422730333,0.2045004108,1,0,0,0
6.910190344,4.890108585,torque,figure8,-0.02576296031,-0.04002480954,0.04192914069,0,0,-2,0.004653306212,-0.05164893717,-0.3409906626,0,0,0,2.042483863,0.3449114349,3.941363866,0.1597954929,-1.093871474,-0.1038667783,-0.1565407428,0.4015877988,0.1075051169,0.9,-0.04141894431,0.2100010866,0.1846298522,1,0,0,0
6.920205832,4.900124073,torque,figure8,-0.02572616376,-0.04090586305,0.03694844246,0,0,-2,0.002881396096,-0.04619399831,-0.3378162682,0,0,0,2.037521554,0.3409721675,4.285654687,0.05983642489,-0.7408055663,-0.08411876857,-0.1634059484,0.4658081478,0.1089777498,0.9,-0.02856967574,0.1682524339,0.1650717832,1,0,0,0
6.930204153,4.910122395,torque,figure8,-0.02570255287,-0.04173228145,0.03205491602,0,0,-2,0.001021346427,-0.04037886858,-0.3334035277,0,0,0,2.032645908,0.3358413442,4.469953113,-0.04778952897,-0.3607066274,-0.06371907145,-0.1641822106,0.5065149823,0.1099829521,0.9,-0.01377950897,0.1195150479,0.1447590608,1,0,0,0
6.940185785,4.920104027,torque,figure8,-0.02569466643,-0.0432164222,0.02253872156,0,0,-2,-0.002509720158,-0.02844320051,-0.3239302933,0,0,0,2.023163551,0.3251863301,4.322352804,-0.2626002729,0.4292705059,-0.02405972406,-0.1504724647,0.5239573853,0.110617142,0.9,0.01721525418,0.01234734855,0.1050379342,1,0,0,0
6.950190306,4.930108547,torque,figure8,-0.02572643571,-0.04388716072,0.01790349185,0,0,-2,-0.004020009656,-0.02254866064,-0.3223445714,0,0,0,2.018544633,0.3231572763,4.002266748,-0.3570787311,0.7991324067,-0.004778868984,-0.1311873804,0.4887719828,0.1100934701,0.9,0.03331788518,-0.04546466928,0.08501861025,1,0,0,0
6.960184097,4.940102339,torque,figure8,-0.02576772496,-0.04450450093,0.01331886649,0,0,-2,-0.005294759758,-0.01708183251,-0.3228664696,0,0,0,2.013975542,0.3233613779,3.542395692,-0.4382454157,1.139904022,0.01395840757,-0.1070229661,0.4314297692,0.1091530042,0.9,0.04816938431,-0.1017961777,0.06537775761,1,0,0,0
6.970186472,4.950104713,torque,figure8,-0.02581563219,-0.04507203773,0.008751928806,0,0,-2,-0.006238739938,-0.0119431233,-0.3315609097,0,0,0,2.009423362,0.3318345927,2.984396929,-0.4965046346,1.429354787,0.02849298529,-0.07905846237,0.3554570992,0.107856841,0.9,0.06024643089,-0.1529955623,0.04982562014,1,0,0,0
6.980182409,4.960100651,torque,figure8,-0.02594269812,-0.04604689404,-0.0006343722343,0,0,-2,-0.006725264248,-0.004073620774,-0.3772943914,0,0,0,2.000064062,0.3773763126,1.917192865,-0.500474453,1.712635994,0.05849132687,-0.02357189943,0.1815005556,0.1042920238,0.9,0.06790790682,-0.2131254803,0.01733560602,1,0,0,0
6.990103245,4.970021486,torque,figure8,-0.02601290308,-0.04647348076,-0.005552411079,0,0,-2,-0.006134511437,-0.002276611514,-0.40409711,0,0,0,1.99515855,0.4041500829,1.674912196,-0.4784947634,1.723582149,0.06913375109,0.007598838623,0.0702031293,0.1020035457,0.9,0.06929823271,-0.2306554908,0.004927922317,1,0,0,0
7.000172615,4.980090857,torque,figure8,-0.02607454918,-0.04688575119,-0.01064437628,0,0,-2,-0.005052063148,-0.001926251221,-0.4305337965,0,0,0,1.990078881,0.4305677458,1.793631051,-0.4414542913,1.658510804,0.08047220856,0.03738493246,-0.04108595525,0.09943262915,0.9,0.06828038808,-0.2372009187,-0.008403823985,1,0,0,0
7.010149956,4.990068197,torque,figure8,-0.02612371929,-0.04729542509,-0.01590511203,0,0,-2,-0.003456554143,-0.003088233294,-0.4557330608,0,0,0,1.984830429,0.4557566321,2.173756155,-0.3947296441,1.516729832,0.0872336328,0.0654671098,-0.1481049537,0.09669971423,0.9,0.0655544302,-0.2322709493,-0.01721605065,1,0,0,0
7.020172119,5.000090361,torque,figure8,-0.02621769533,-0.04801280424,-0.02680388093,6.224989462e-13,7.469987348e-13,-2,0.0008767378749,-0.009066946805,-0.501013577,2.066694146e-08,2.480032972e-08,0,1.973954285,0.5010963809,3.032796858,-0.2875575125,0.9699789286,0.09366898984,0.1143199138,-0.3226901313,0.09098537069,0.9,0.05712777833,-0.1798704875,-0.02814667221,1,0,0,0
7.030183315,5.010101557,torque,figure8,-0.02623319998,-0.04840851203,-0.03245833516,8.66787022e-07,1.04013368e-06,-2,0.003474120051,-0.01335326396,-0.5219236612,0.0002571313174,0.0003085522653,0,1.968311945,0.5221123465,3.423284533,-0.2336426079,0.6073175669,0.09498225898,0.04175254778,-0.4749062533,0.08400407964,0.9,0.0308218876,-0.1581838167,-0.05101408014,1,0,0,0
7.040182352,5.020100594,torque,figure8,-0.02622538246,-0.04883598536,-0.03824210167,6.806359114e-06,8.167296814e-06,-2,0.006361267064,-0.01805455983,-0.5419180393,0.001013551171,0.001216178405,0,1.962541192,0.5422869358,3.678253971,-0.1748778075,0.2114515603,0.0950249806,-0.01842491131,-0.5876347782,0.07764264152,0.9,0.00872481794,-0.123100518,-0.06087787797,1,0,0,0
7.050168037,5.030086279,torque,figure8,-0.02618318982,-0.04967216775,-0.05025139451,2.274723049e-05,2.729417489e-05,-2,0.0123730991,-0.02739697136,-0.5854815841,0.002260494369,0.002712178339,0,1.950557975,0.5863424861,3.568135016,-0.0479231216,-0.5963771939,0.09040370584,-0.05780810124,-0.6631739838,0.06995122361,0.9,-0.01736426185,-0.02593686597,-0.04814710802,1,0,0,0
7.060167551,5.040085793,torque,figure8,-0.02618318982,-0.04967216775,-0.05025139451,5.361910062e-05,6.433245272e-05,-2,0.0123730991,-0.02739697136,-0.5854815841,0.003994565612,0.004792176611,0,1.950559334,0.5864256358,3.703936152,-0.0479231216,-0.5963771939,0.09040370584,-0.1228019905,-0.6973076875,0.06889524077,0.9,-0.02907335273,-0.02735732273,-0.04595622525,1,0,0,0
7.070180416,5.050098658,torque,figure8,-0.02603277005,-0.05063268542,-0.06287321448,0.0001043137363,0.0001251446744,-2,0.01848548278,-0.03451084346,-0.6346883774,0.006210784346,0.007449777512,0,1.937967927,0.6361923438,2.946494631,0.06583462656,-1.332171202,0.07973439991,-0.162197205,-0.6629110962,0.06674903291,0.9,-0.05020189653,0.07624297005,-0.0060322863,1,0,0,0
7.080192566,5.060110807,torque,figure8,-0.02591858618,-0.0511434339,-0.06944078207,0.0001795676976,0.0002154024087,-2,0.02133122273,-0.0364892669,-0.6607263088,0.008900025875,0.01067350141,0,1.931418582,0.6625240498,2.445906185,0.09852996469,-1.65101552,0.07189675421,-0.212698362,-0.6160294664,0.06815962341,0.9,-0.06181285096,0.1286431115,0.02399507763,1,0,0,0
7.090182304,5.070100546,torque,figure8,-0.02578705736,-0.05163886398,-0.07628178596,0.0002838163544,0.0003404101836,-2,0.02396399714,-0.0368639268,-0.6892181635,0.01204789972,0.01444545307,0,1.924596919,0.6912281264,1.878379544,0.1140882447,-1.924253702,0.0654681325,-0.2617205173,-0.5448411757,0.07137075382,0.9,-0.07023397785,0.1781370757,0.05404149064,1,0,0,0
7.10018754,5.080105782,torque,figure8,-0.02545869723,-0.05259326845,-0.09060698748,0.0004220434605,0.0005061231388,-2,0.02847827971,-0.03177340329,-0.7534675002,0.01565890742,0.01877026804,0,1.910306529,0.755269669,1.194589979,0.08850615472,-2.242820263,0.05612260103,-0.3077422897,-0.327220667,0.0793498306,0.9,-0.07135296498,0.2514497068,0.09607564488,1,0,0,0
7.110141754,5.090059996,torque,figure8,-0.02526764944,-0.05301903561,-0.09811243415,0.0005976589686,0.0007166018724,-2,0.03025136515,-0.02605572157,-0.7858448029,0.0196996752,0.02360712367,0,1.902822337,0.7874832002,1.688703046,0.03437523916,-2.262464285,0.05844862759,-0.3529930837,-0.2092555047,0.08570921019,0.9,-0.06934014077,0.2725270976,0.11011727,1,0,0,0
7.120170116,5.100088358,torque,figure8,-0.02506844886,-0.05339303613,-0.1059961021,0.000817487547,0.0009799902212,-2,0.03173177689,-0.0183952339,-0.8153446913,0.02421555158,0.02900931719,0,1.894961021,0.8167561758,2.388561639,-0.04065962508,-2.176263094,0.06179922447,-0.3928983551,-0.09061939525,0.0923217421,0.9,-0.06341438462,0.2784801855,0.1170636195,1,0,0,0
7.130158663,5.110076904,torque,figure8,-0.02485639602,-0.05369668081,-0.1140575707,0.001083651961,0.001298787321,-2,0.03295083717,-0.009213688783,-0.8383365273,0.02915046754,0.0349086799,0,1.886922424,0.8395054254,3.093405951,-0.1256395578,-1.989948034,0.06839013845,-0.4258921597,0.02227644619,0.09861694709,0.9,-0.05500124881,0.2693162349,0.1139284415,1,0,0,0
7.140160322,5.120078564,torque,figure8,-0.02463333495,-0.05391956121,-0.1222412586,0.001401710288,0.001679597298,-2,0.0340126045,0.001049439306,-0.8544582725,0.03452174807,0.0413247533,0,1.878762087,0.8554070958,3.710408216,-0.2194120586,-1.712720633,0.07811307907,-0.4513873987,0.1216686069,0.1040384573,0.9,-0.04420900723,0.2451897728,0.1002607872,1,0,0,0
7.150127411,5.130045652,torque,figure8,-0.02415277436,-0.05410888419,-0.1389769912,0.001774218566,0.002125417669,-2,0.0360510461,0.02347578108,-0.8719417453,0.04029534996,0.04821560974,0,1.862052938,0.8723029751,4.667503199,-0.4273137152,-0.9989184737,0.1011370942,-0.4373299643,0.3158839638,0.1066060724,0.9,-0.01171719136,0.1757946095,0.04699023798,1,0,0,0
7.160179615,5.140097857,torque,figure8,-0.0238947738,-0.05406749994,-0.147452265,0.002210296066,0.002647086065,-2,0.03727256879,0.03516642749,-0.8749863505,0.04653663968,0.05565783004,0,1.853599506,0.8752752905,4.803815675,-0.53437078,-0.5868015289,0.1146943942,-0.4413157319,0.3420116988,0.1077236564,0.9,0.003779192382,0.1206613322,0.01462239495,1,0,0,0
7.170116425,5.150034666,torque,figure8,-0.02302128449,-0.05332190171,-0.1729464233,0.002705060368,0.003238676874,-2,0.0434166044,0.07129537314,-0.8821689487,0.05311214814,0.06349082316,0,1.828109875,0.8822567475,4.439692253,-0.8305495381,0.7194259167,0.1461550295,-0.316940003,0.4195550305,0.0922725979,0.9,0.0651694368,-0.04033417689,-0.09030495321,1,0,0,0
7.180182457,5.160100698,torque,figure8,-0.02302128449,-0.05332190171,-0.1729464233,0.00327491011,0.003919697437,-2,0.0434166044,0.07129537314,-0.8821689487,0.06017736117,0.07189820466,0,1.82813918,0.8823283631,4.221097888,-0.8305495381,0.7194259167,0.1461550295,-0.3687899098,0.3180891397,0.0964700761,0.9,0.0571092936,-0.06511349961,-0.09372747766,1,0,0,0
7.190103769,5.170022011,torque,figure8,-0.02267806418,-0.05285015702,-0.1815809608,0.003908114155,0.004676017371,-2,0.04715165496,0.08435665071,-0.8972458839,0.06753195332,0.08063996232,0,1.819522984,0.8974850119,3.60107904,-0.8887052536,1.103182316,0.149378866,-0.348043857,0.2383594623,0.09075010868,0.9,0.06887171164,-0.1301116609,-0.1239116575,1,0,0,0
7.200183868,5.18010211,torque,figure8,-0.02229912765,-0.05227002129,-0.1903354824,0.004628143024,0.005535541786,-2,0.05210743099,0.0975542739,-0.920542419,0.07539445114,0.08997404121,0,1.810787737,0.9208681178,2.837012767,-0.9175750017,1.434516907,0.1506601572,-0.3255876721,0.1344465981,0.08368991508,0.9,0.07662857448,-0.1907811093,-0.1512009325,1,0,0,0
7.21016717,5.190085411,torque,figure8,-0.02136486582,-0.05072009563,-0.208511591,0.005421285396,0.006481757029,-2,0.06560330838,0.1209496781,-0.9792817235,0.08356184589,0.0996574863,0,1.792601537,0.979677784,1.559076707,-0.9499366879,1.799181938,0.1352555454,-0.21640631,-0.04530003815,0.0641356127,0.9,0.0983760806,-0.2600322075,-0.1697089659,1,0,0,0
7.220175982,5.200094223,torque,figure8,-0.02079287358,-0.04977433011,-0.2179639339,0.006300174658,0.007529582586,-2,0.07370938361,0.1300061345,-1.006939173,0.09212284268,0.109793656,0,1.783163008,1.007310328,1.328121104,-0.9543671608,1.792611003,0.1211501807,-0.189911284,-0.205872605,0.05537799051,0.9,0.1020643296,-0.2836212919,-0.1705267706,1,0,0,0
7.230167866,5.210086107,torque,figure8,-0.02015344612,-0.048763033,-0.227581501,0.007264876176,0.008678922193,-2,0.0823944509,0.1370495111,-1.029422879,0.1010343459,0.1203294908,0,1.773561016,1.029727376,1.792439647,-0.958435297,1.677365541,0.104671441,-0.1603898527,-0.3634371067,0.04655789537,0.9,0.1062499492,-0.290755149,-0.1643505434,1,0,0,0
7.240211248,5.22012949,torque,figure8,-0.01944242604,-0.04770100117,-0.237326622,0.008326093647,0.009942332367,-2,0.09158372879,0.1424378753,-1.047639251,0.1103519193,0.1313284877,0,1.763834256,1.047866243,2.541174397,-0.9581122398,1.485179424,0.08758120984,-0.1293696343,-0.511988092,0.03807436401,0.9,0.1100611382,-0.285114044,-0.1534447864,1,0,0,0
7.250159025,5.230077267,torque,figure8,-0.01858698018,-0.04648499563,-0.2472757101,0.009471202818,0.01130458213,-2,0.1012638211,0.146534875,-1.061105728,0.1199294434,0.1426160965,0,1.753901175,1.061277121,3.30940626,-0.9562851191,1.231177926,0.06835329533,-0.09468811436,-0.6440714935,0.03023091536,0.9,0.1143676527,-0.2677988453,-0.1360698338,1,0,0,0
7.260217428,5.24013567,torque,figure8,-0.01664315537,-0.04398119822,-0.2673060894,0.01072765348,0.01279809597,-2,0.1213547811,0.1515922695,-1.075204611,0.1299588646,0.1544162177,0,1.733840026,1.075242745,4.501252585,-0.9421465993,0.5420356989,0.03099640273,0.05365529395,-0.7849967659,0.01558230135,0.9,0.1365096041,-0.1885258033,-0.0875554046,1,0,0,0
7.270173311,5.250091553,torque,figure8,-0.01554909069,-0.0427054204,-0.2773381472,0.01207231855,0.01439513773,-2,0.1320748627,0.1533873528,-1.079091311,0.1402207424,0.1664683196,0,1.723829248,1.079201336,4.916091017,-0.9322747588,0.1359421015,0.01303545386,0.08137798863,-0.8544928691,0.01074444235,0.9,0.1368238266,-0.1411654633,-0.06326182446,1,0,0,0
7.280201912,5.260120153,torque,figure8,-0.01426364109,-0.04131701216,-0.2874585986,0.01353174613,0.01612697792,-2,0.143399328,0.1552821994,-1.082204103,0.1508867916,0.1789717475,0,1.713729981,1.082489251,5.17808336,-0.9169671535,-0.2940610051,-0.003770148614,0.1123041123,-0.8935117369,0.007040966241,0.9,0.1374902552,-0.08568596104,-0.03658591448,1,0,0,0
7.290209532,5.270127773,torque,figure8,-0.01288673747,-0.0399155952,-0.2975797653,0.01509636894,0.01798196704,-2,0.155873999,0.1575461328,-1.088856816,0.1618524937,0.1918013143,0,1.703634303,1.089411918,5.289393811,-0.8806282282,-0.7283141613,-0.01638602279,0.1448820457,-0.9058980015,0.004057417967,0.9,0.1359280093,-0.02604644781,-0.01189881895,1,0,0,0
7.300214529,5.280132771,torque,figure8,-0.009817791171,-0.0370500274,-0.3179689646,0.01677185665,0.01996652609,-2,0.1844342351,0.1649818569,-1.114692092,0.1731293954,0.2049680567,0,1.683207147,1.11546634,5.171543989,-0.7130368352,-1.523506641,-0.03585844859,0.3077690286,-0.8040340427,-0.003709529006,0.9,0.1414288036,0.0987477458,0.01338936249,1,0,0,0
7.310169458,5.2900877,torque,figure8,-0.007968924008,-0.03552654386,-0.3283829689,0.01855246296,0.02207353824,-2,0.2007208318,0.1710693687,-1.135392189,0.1846541719,0.218395644,0,1.672819372,1.136491679,4.977211871,-0.5920716524,-1.849162936,-0.04228598252,0.3201082123,-0.741695379,-0.003593094679,0.9,0.1233178402,0.152986767,0.03751563209,1,0,0,0
7.320201874,5.300120115,torque,figure8,-0.005992666818,-0.03394956142,-0.3389486074,0.02046450567,0.0243337884,-2,0.2181717455,0.1793479025,-1.160956621,0.1965682919,0.2322460953,0,1.662284169,1.162361908,4.747555501,-0.4515511394,-2.097101212,-0.04508792609,0.3282757329,-0.6580081648,-0.002321394427,0.9,0.1027759425,0.1994008027,0.05890673825,1,0,0,0
7.330200911,5.310119152,torque,figure8,-0.003879465628,-0.03230072185,-0.3496733904,0.02249058533,0.02672632327,-2,0.2362944633,0.1899908632,-1.189339638,0.2087346098,0.2463570261,0,1.65159241,1.190993478,4.536752907,-0.3059871793,-2.239010096,-0.04676119238,0.3309118499,-0.556626987,8.67093632e-05,0.8955463857,0.08145185359,0.2336029649,0.07836693028,1,0,0,0
7.340180159,5.3200984,torque,figure8,0.0007655340014,-0.02871352993,-0.3717182279,0.02463536519,0.02925627626,-2,0.2724448144,0.2178608924,-1.246450901,0.2211598881,0.2607337323,0,1.629488201,1.248241993,4.695996867,-0.003315654816,-2.192989826,-0.04606837034,0.4434816437,-0.2645670702,-0.005727790933,0.8727737398,0.06382060408,0.2700097991,0.04796572901,1,0,0,0
7.350150824,5.330069065,torque,figure8,0.003460072214,-0.02677056938,-0.3831176162,0.02690351272,0.03192875068,-2,0.2898631692,0.2344745398,-1.272170663,0.2338494447,0.2753796624,0,1.618117378,1.274060031,4.737405541,0.1402078867,-2.033079863,-0.04134264216,0.3989945321,-0.1525634745,0.001309009306,0.8624673887,0.03274854149,0.262937026,0.07152249613,1,0,0,0
7.360177755,5.340095997,torque,figure8,0.006282588467,-0.0246917326,-0.3946810365,0.02931341199,0.0347649467,-2,0.3065800369,0.2524941564,-1.295433283,0.2468802826,0.2903805031,0,1.606584729,1.297361486,4.8039121,0.2638761401,-1.795046926,-0.03523584828,0.3490175808,-0.04794623784,0.00943605628,0.8526780898,0.004945592078,0.2440870263,0.0893628902,1,0,0,0
7.370187998,5.350106239,torque,figure8,0.01228560507,-0.02008850314,-0.4182203412,0.0318509529,0.03774777438,-2,0.3373613656,0.2915008068,-1.333939672,0.2601516587,0.3056170647,0,1.582957588,1.336246854,5.31593509,0.4600212574,-1.1196841,-0.02260216698,0.386936902,0.2165832572,0.005549579674,0.8333387171,-0.009029402573,0.1937027726,0.0378851504,1,0,0,0
7.380194426,5.360112667,torque,figure8,0.01567100547,-0.01759457029,-0.4302226901,0.03452157945,0.04088315372,-2,0.351656884,0.3116363287,-1.349527836,0.2736722999,0.3210964481,0,1.570979246,1.351812291,5.199404415,0.5334652662,-0.7034344673,-0.01444914937,0.2995244327,0.251781802,0.01617763759,0.825527121,-0.03752538446,0.1373243379,0.05743519763,1,0,0,0
7.390213251,5.370131493,torque,figure8,0.01915403642,-0.01494088117,-0.4423078299,0.0373323038,0.04417879709,-2,0.3650467694,0.3316392899,-1.362308145,0.2874568829,0.336832304,0,1.558919652,1.364525793,4.945178138,0.5796856284,-0.2691505253,-0.00520393718,0.2136886267,0.2631812788,0.02646047308,0.818578697,-0.0601684254,0.07589400051,0.06583728024,1,0,0,0
7.400192976,5.380111217,torque,figure8,0.02272915281,-0.01212980598,-0.4544563293,0.04027055388,0.04761944223,-2,0.3776192367,0.3513217568,-1.372941732,0.301426047,0.3527310905,0,1.546797631,1.375055049,4.538161308,0.6028978229,0.1753823757,0.004514239728,0.1296969815,0.2490939075,0.03525509271,0.8123205074,-0.0779247915,0.01014537063,0.06403078884,1,0,0,0
7.410212755,5.390130997,torque,figure8,0.02639154159,-0.009163057432,-0.4666633606,0.04336201163,0.05123459649,-2,0.3898328543,0.3709812462,-1.384972215,0.3156830631,0.3689071499,0,1.534619537,1.386957292,3.970769694,0.6072285175,0.5986351371,0.01293231919,0.04619717364,0.2073721022,0.04264114976,0.8058228567,-0.09196796599,-0.05604949675,0.05605525625,1,0,0,0
7.420209646,5.400127888,torque,figure8,0.03445747122,-0.002771856962,-0.4915603995,0.04658989694,0.05500403539,-2,0.4145364761,0.4094164371,-1.417124748,0.3301314149,0.3852476223,0,1.509594408,1.419841857,2.908101565,0.5590848923,1.292320967,0.02806697786,0.04914921006,0.1816602943,0.0324726115,0.7891294091,-0.07453277581,-0.1462404533,-0.008124943918,1,0,0,0
7.430212736,5.410130978,torque,figure8,0.0386140272,0.0006451074732,-0.5041672587,0.04996544465,0.05894027498,-2,0.4264966547,0.4271208644,-1.434850335,0.344805018,0.4017877256,0,1.49701128,1.437397223,1.975890157,0.5125995874,1.536847949,0.03657282889,-0.05037672185,0.04237504903,0.0396146973,0.7810477286,-0.08659141762,-0.2050718124,-0.0119361064,1,0,0,0
7.440201283,5.420119524,torque,figure8,0.04285020381,0.004196594004,-0.5168874264,0.05348359335,0.06303677908,-2,0.4381272197,0.4433946609,-1.452623963,0.3596656275,0.4184811188,0,1.484317399,1.454954736,1.035071558,0.4471491873,1.707038164,0.04376944155,-0.1414434506,-0.1091134658,0.04457362002,0.7727548994,-0.09315568332,-0.2536329239,-0.02102634268,1,0,0,0
7.450210094,5.430128336,torque,figure8,0.04744238034,0.007889443077,-0.5298377872,0.05715878066,0.06730968456,-2,0.4499124885,0.4579722583,-1.470406055,0.3747576375,0.4353742757,0,1.471394612,1.472498859,0.6777139663,0.3662141562,1.789322138,0.04749897867,-0.2191351285,-0.2715677763,0.04711972827,0.7641658464,-0.09399893058,-0.2904185719,-0.03051813252,1,0,0,0
7.460223198,5.440141439,torque,figure8,0.05684658885,0.01558462065,-0.5560632944,0.06098767148,0.07175439359,-2,0.4728174508,0.4819032848,-1.504106402,0.3900501095,0.4524289574,0,1.445034741,1.506670249,2.125570322,0.1709962785,1.614160299,0.04663144797,-0.1917120141,-0.4673183544,0.03612460156,0.7456062917,-0.05351004994,-0.2868076705,-0.04681796309,1,0,0,0
7.470211029,5.450129271,torque,figure8,0.06165667996,0.0195593033,-0.56932652,0.06496037894,0.0763587278,-2,0.4839919508,0.4915014207,-1.519390225,0.4054897136,0.469582472,0,1.43180435,1.521574743,3.01189203,0.05658581108,1.383156776,0.04360662028,-0.2698825796,-0.6390525271,0.04037844265,0.73712265,-0.05288508883,-0.2827320046,-0.03723185028,1,0,0,0
7.480223894,5.460142136,torque,figure8,0.06684032828,0.02364017628,-0.5827926397,0.06909873191,0.08114723552,-2,0.4954047501,0.4996877909,-1.53323245,0.4211466163,0.4869093251,0,1.418375431,1.535082834,3.795496633,-0.0690035373,1.065266132,0.0399874635,-0.3271624376,-0.7899866496,0.04326964351,0.7289071691,-0.04552890787,-0.261941958,-0.02639216443,1,0,0,0
7.490215302,5.470133543,torque,figure8,0.07209143788,0.02777763456,-0.5963290334,0.07338534279,0.08609901652,-2,0.5066598654,0.5067193508,-1.544608593,0.4369406407,0.5043172788,0,1.404882643,1.546183122,4.422793849,-0.1937158257,0.6813848615,0.0358276628,-0.3701576442,-0.9135446526,0.04675387919,0.7213759357,-0.03518954908,-0.2266651848,-0.01143815852,1,0,0,0
7.50022316,5.480141401,torque,figure8,0.08279786259,0.0361950025,-0.6235333085,0.0778380292,0.09123385303,-2,0.5292594433,0.5189982057,-1.561647773,0.4529239908,0.5218604158,0,1.377575562,1.563514969,4.703696334,-0.4203794897,-0.2059935927,0.02341524139,-0.2517972977,-0.9669552954,0.04084215217,0.7071926672,0.02319683778,-0.1067095942,0.00363944971,1,0,0,0
7.510217428,5.49013567,torque,figure8,0.08855326474,0.0404728651,-0.6372687221,0.08244508659,0.09653741117,-2,0.541146338,0.5249633193,-1.568150163,0.4690411799,0.5394742755,0,1.363897752,1.569874089,4.717857265,-0.5189313293,-0.6753563881,0.01985599101,-0.2781542188,-1.005916321,0.04688985186,0.7014114345,0.02976702028,-0.04761262756,0.02814590767,1,0,0,0
7.520213366,5.500131607,torque,figure8,0.09437897801,0.04479429126,-0.6510223746,0.08721477864,0.1020183597,-2,0.553257525,0.5313555598,-1.573742628,0.4853089591,0.5571737486,0,1.350209818,1.575420403,4.518509351,-0.6091080308,-1.147991776,0.01407627016,-0.2891006085,-1.00635513,0.05443227548,0.6960684368,0.0388350859,0.01837011202,0.05732545516,1,0,0,0
7.530192137,5.510110378,torque,figure8,0.1002750844,0.04916542023,-0.6647869945,0.09213917779,0.1076667257,-2,0.5655081868,0.5386448503,-1.578096151,0.5016887809,0.5749135158,0,1.336518749,1.579802455,4.107724525,-0.6833423376,-1.592637062,0.01107143983,-0.2876543647,-0.9668713272,0.06255312367,0.6911912567,0.04843864424,0.08689296443,0.08468513602,1,0,0,0
7.54020977,5.520128012,torque,figure8,0.1125751212,0.05803626403,-0.6923751235,0.09724783359,0.1135154519,-2,0.5910384655,0.5563772917,-1.58180356,0.5182654773,0.5927815871,0,1.308891013,1.583895099,2.6036808,-0.7432626486,-2.25878787,0.01000754256,-0.06722787115,-0.7014686658,0.05443974836,0.6812164032,0.1004598957,0.2218015955,0.04035715557,1,0,0,0
7.550225019,5.530143261,torque,figure8,0.1189823598,0.06255400926,-0.7061740756,0.1025219093,0.1195419656,-2,0.6042659879,0.5673363805,-1.581686974,0.5349639141,0.6106928869,0,1.295184966,1.583798045,2.010537888,-0.7495695949,-2.46585393,0.01426526438,-0.06700926469,-0.585542434,0.06618520959,0.6771848962,0.09649129266,0.2666524949,0.06868677146,1,0,0,0
7.560194254,5.540112495,torque,figure8,0.1254698634,0.06715893745,-0.7199383974,0.1079384333,0.1257191291,-2,0.6176365614,0.5798221827,-1.580201745,0.5517028858,0.6285573259,0,1.281520329,1.582327374,1.71346752,-0.7501606941,-2.58995676,0.01871141978,-0.05515164546,-0.4470146268,0.07747634823,0.6732721834,0.09514964315,0.303677238,0.0907540411,1,0,0,0
7.570178032,5.550096273,torque,figure8,0.138958022,0.07659341395,-0.747394979,0.1135306529,0.1320839169,-2,0.6458220482,0.6099988818,-1.575851321,0.5685759803,0.6464715816,0,1.254091339,1.578164947,3.193124543,-0.6748763323,-2.502398968,0.02694056556,0.2041637141,-0.02035071622,0.05864247361,0.662936111,0.1345449433,0.3598971185,-0.0244335776,1,0,0,0
7.580212355,5.560130596,torque,figure8,0.145966351,0.0814486593,-0.7610788941,0.119321445,0.1386612111,-2,0.6605884433,0.6276121736,-1.573232293,0.5856375141,0.6644887412,0,1.240527603,1.575448308,3.973007333,-0.6101152897,-2.268242836,0.03501141071,0.1967268006,0.1104479323,0.07464260247,0.6584200288,0.1171407671,0.3421581257,0.01152594499,1,0,0,0
7.590203524,5.570121765,torque,figure8,0.153067708,0.08644348383,-0.7747121453,0.1252579131,0.1453898564,-2,0.6754879951,0.6466719508,-1.570003152,0.6027207108,0.6824289085,0,1.227020125,1.572095269,4.704920663,-0.5518138409,-1.935596824,0.04415933043,0.1980813786,0.2352853588,0.08894124509,0.6539310262,0.1042551522,0.3110112757,0.03341263345,1,0,0,0
7.600208521,5.580126762,torque,figure8,0.1602609605,0.09159173816,-0.788289845,0.1313740768,0.1523073841,-2,0.6904241443,0.6670289636,-1.565933466,0.6199150089,0.7003827628,0,1.213574201,1.567874878,5.325852331,-0.4991470277,-1.537071228,0.05256007239,0.2038294732,0.3471892942,0.1019217015,0.6496310476,0.09436898535,0.2696857195,0.046419758,1,0,0,0
7.61019969,5.590117931,torque,figure8,0.1675495505,0.09689944237,-0.8018053174,0.1376538646,0.159394503,-2,0.705470264,0.6881494522,-1.560944438,0.6371653332,0.7182891163,0,1.200195768,1.562728864,5.791909702,-0.4358380735,-1.08981514,0.05655092373,0.2125291107,0.4384048592,0.1126866283,0.6456418806,0.08468051327,0.2190137722,0.0545881916,1,0,0,0
7.620198965,5.600117207,torque,figure8,0.1829686612,0.107750766,-0.8285776973,0.1441116758,0.1666663337,-2,0.7369983792,0.730371058,-1.54815495,0.6545019417,0.7361757799,0,1.173546386,1.55036225,6.681984639,-0.2444994897,-0.06741809845,0.06083967164,0.4813280771,0.7079654469,0.07901004917,0.6366539511,0.1151542433,0.1299277796,-0.07658985329,1,0,0,0
7.630203009,5.61012125,torque,figure8,0.1908286959,0.1134171337,-0.841840446,0.1507463745,0.1741203945,-2,0.7525414824,0.7510051727,-1.53970933,0.6719116412,0.7540252359,0,1.16044174,1.54182201,6.539398626,-0.1428575218,0.448741734,0.06524875015,0.4433648744,0.6671246166,0.09844593011,0.6342796867,0.08711614732,0.04405241921,-0.03331879427,1,0,0,0
7.64021039,5.620128632,torque,figure8,0.1987878531,0.1192381009,-0.8550069928,0.1575578346,0.1817553218,-2,0.7679038048,0.7708830237,-1.530030608,0.6893844739,0.7718234359,0,1.147439455,1.532044331,6.202331609,-0.04725397006,0.94836694,0.06850290298,0.4100832394,0.601342929,0.1148816551,0.6324954531,0.06323022352,-0.04074383834,-0.005488749259,1,0,0,0
7.650201559,5.630119801,torque,figure8,0.2071161121,0.125127241,-0.8680130839,0.1645329469,0.1895552283,-2,0.7837461233,0.7892342806,-1.519327521,0.7068786751,0.7895243668,0,1.134618292,1.521270786,5.704950493,0.04388355836,1.407855511,0.06384085119,0.3883347343,0.5031019305,0.126554844,0.6311995325,0.0443027469,-0.1233189513,0.01343731122,1,0,0,0
7.660206795,5.640125036,torque,figure8,0.224071905,0.1372914463,-0.8936893344,0.1716932538,0.1975429533,-2,0.8149476647,0.8218354583,-1.495576501,0.7244397265,0.8071703891,0,1.109187566,1.498384404,5.048573871,0.2347493321,2.109729528,0.0524177514,0.6073957374,0.4463514379,0.1088596668,0.6273913468,0.06931995425,-0.2134729705,-0.01683628843,1,0,0,0
7.670164824,5.650083065,torque,figure8,0.2417057604,0.1498575658,-0.9188054204,0.178994416,0.2056678536,-2,0.845823884,0.8481847644,-1.470919251,0.7419524224,0.8246426814,0,1.084448809,1.474770136,4.636207079,0.4146914184,2.424484491,0.04936937615,0.7679741412,0.2657851602,0.1093022113,0.6239494162,0.08028831255,-0.2742705149,0.006334042912,1,0,0,0
7.680185556,5.660103798,torque,figure8,0.2417057604,0.1498575658,-0.9188054204,0.1865177374,0.2140190493,-2,0.845823884,0.8481847644,-1.470919251,0.7596026394,0.8421227097,0,1.08450179,1.473456581,4.232264421,0.4146914184,2.424484491,0.04936937615,0.4077516146,-0.0003773450448,0.1569273814,0.6258456504,-0.01112045775,-0.3418912867,0.06721194546,1,0,0,0
7.69019866,5.670116901,torque,figure8,0.2508144379,0.1562450826,-0.9311198592,0.1942121024,0.2225382898,-2,0.8613409996,0.858749032,-1.459029794,0.7772592146,0.8594758176,0,1.072428724,1.461450722,4.313336345,0.4911082983,2.405078888,0.04701023921,0.3586606605,-0.2014263175,0.1710987475,0.6247207343,-0.03016267193,-0.3696517565,0.07894034594,1,0,0,0
7.700196743,5.680114985,torque,figure8,0.2600189447,0.1627003849,-0.9433245063,0.2020713923,0.2312175057,-2,0.8766479492,0.8677088618,-1.447359204,0.7949015655,0.8766785479,0,1.060478955,1.44969362,4.718524689,0.5629774332,2.269354105,0.04564813152,0.309074644,-0.3951206752,0.1845305061,0.6233565987,-0.04780776079,-0.3787231854,0.09006970381,1,0,0,0
7.710186481,5.690104723,torque,figure8,0.2789866626,0.1757211089,-0.9672853351,0.2101003218,0.2400605912,-2,0.9071404934,0.8810551763,-1.425366998,0.8125339821,0.8937319018,0,1.037007462,1.428559474,5.920654072,0.7064094543,1.729516149,0.05136120319,0.4906710451,-0.5747480004,0.1840069346,0.6185148977,-0.0177120299,-0.3158828202,0.08095616793,1,0,0,0
7.720184803,5.700103045,torque,figure8,0.288749665,0.1822609454,-0.9790580869,0.2183125129,0.2490811323,-2,0.9223928452,0.885787487,-1.415584922,0.8301789069,0.9106539293,0,1.025548009,1.418803165,6.523960127,0.7733244896,1.321632981,0.05725981295,0.3902714383,-0.7526524883,0.2043839592,0.6166340085,-0.05030279915,-0.2886632192,0.09789547648,1,0,0,0
7.730181217,5.710099459,torque,figure8,0.3085426092,0.1954114735,-1.002342463,0.2266994625,0.2582683213,-2,0.9515858889,0.8931843042,-1.397237182,0.8478104015,0.9274159721,0,1.002980481,1.4015038,7.187406508,0.8886825442,0.3342245817,0.07118844986,0.5189562204,-0.8351866058,0.2145952054,0.6117904224,-0.03075160663,-0.1558379573,0.06079630063,1,0,0,0
7.740190029,5.720108271,torque,figure8,0.3085426092,0.1954114735,-1.002342463,0.235273312,0.2676339465,-2,0.9515858889,0.8931843042,-1.397237182,0.8654462557,0.9440310768,0,1.002948173,1.40081304,7.384563428,0.8886825442,0.3342245817,0.07118844986,0.1621220115,-1.005350828,0.2450924122,0.613064847,-0.1184263888,-0.1921276271,0.1460299094,1,0,0,0
7.750166178,5.730084419,torque,figure8,0.3292357028,0.2084896415,-1.025079012,0.2439947143,0.2771336138,-2,0.9798758626,0.8987727761,-1.377912521,0.8829997512,0.9604144011,0,0.9810448277,1.382688536,7.304601284,0.978453517,-0.7495883703,0.08779493719,0.3267214378,-0.9465682396,0.2476576225,0.6096547366,-0.08241362442,-0.0244594521,0.07427794824,1,0,0,0
7.760195732,5.740113974,torque,figure8,0.3397026062,0.2150435597,-1.036311626,0.2529391743,0.2868479548,-2,0.9929260015,0.9019395113,-1.366877556,0.9006148416,0.9766962071,0,0.9702468993,1.372029215,7.123093373,1.005943298,-1.253462195,0.09553842992,0.2104912456,-0.9387591765,0.2676916643,0.6093156852,-0.1116522257,0.04583336166,0.1032226743,1,0,0,0
7.770111084,5.750029325,torque,figure8,0.3720366657,0.2345605344,-1.069099903,0.2619552638,0.2966112326,-2,1.029803395,0.9152827263,-1.329708934,0.9179901819,0.9925958693,0,0.9394377013,1.336639579,5.64576636,0.9802243114,-2.348583937,0.1267815828,0.5582325459,-0.4324755218,0.2316738416,0.6074293071,-0.01816821085,0.2840448655,-0.2264147136,1,0,0,0
7.780201197,5.760119438,torque,figure8,0.3720366657,0.2345605344,-1.069099903,0.2713068969,0.3067073832,-2,1.029803395,0.9152827263,-1.329708934,0.9356243556,1.008564545,0,0.9391094955,1.336299756,5.857256448,0.9802243114,-2.348583937,0.1267815828,0.1529295101,-0.6034298735,0.2944031517,0.6087091864,-0.119856532,0.2459675993,0.07223009031,1,0,0,0
7.790263176,5.770181417,torque,figure8,0.3830350935,0.2410792708,-1.079763174,0.280809372,0.3169347241,-2,1.041130424,0.9219615459,-1.31599915,0.9531542865,1.024266171,0,0.9289994423,1.322898258,5.636235655,0.9277101755,-2.509993315,0.1386373192,0.05420798997,-0.4734944972,0.3156428804,0.6090935129,-0.1320489436,0.2868293746,0.1080530063,1,0,0,0
7.80020237,5.780120611,torque,figure8,0.3940964937,0.2476415336,-1.090308905,0.2903687595,0.3271912404,-2,1.051864147,0.9298375845,-1.301372051,0.970409016,1.039547983,0,0.9190350851,1.308526089,5.589175528,0.8510328531,-2.587282896,0.1491039097,-0.02521380834,-0.3209200092,0.334944818,0.6094848296,-0.1354590925,0.3199250658,0.1342557292,1,0,0,0
7.810212612,5.790130854,torque,figure8,0.4054328799,0.2541060448,-1.100595713,0.3001694845,0.337673409,-2,1.062626362,0.9388418794,-1.286759257,0.9877182413,1.054699839,0,0.9093909824,1.294134336,5.749671717,0.7602199912,-2.565441132,0.1588975638,-0.08582283479,-0.1624766163,0.3519191194,0.6096892789,-0.1320729223,0.3396056879,0.1496467827,1,0,0,0
7.820197821,5.800116062,torque,figure8,0.4282815158,0.2672415078,-1.120822668,0.3101179455,0.3482792329,-2,1.083096027,0.9615799785,-1.258142352,1.004908103,1.069564845,0,0.8907763598,1.265186255,6.518632799,0.5398318768,-2.151225805,0.1807843745,0.09649553468,0.305007785,0.3193126855,0.6078351346,-0.05412143116,0.3612077336,-0.06671159781,1,0,0,0
7.830143929,5.81006217,torque,figure8,0.4397892058,0.2739355862,-1.130761385,0.3201976813,0.3589898144,-2,1.092794418,0.9749242067,-1.243569613,1.021947944,1.084114829,0,0.8815396329,1.250362826,7.048613379,0.3950265944,-1.8124547,0.197112456,0.01354682335,0.421751298,0.3448837856,0.6074423573,-0.05383466256,0.3257791398,-0.0006874415906,1,0,0,0
7.840195417,5.820113659,torque,figure8,0.4515342712,0.2805754542,-1.140442371,0.3305559468,0.3699595561,-2,1.102823734,0.98851794,-1.228475451,1.039077203,1.098548926,0,0.8726193841,1.235039422,7.521297189,0.2202923596,-1.405663133,0.2127179205,-0.03851035053,0.5166168278,0.3658137659,0.6072661928,-0.04106377531,0.278375331,0.03969626296,1,0,0,0
7.850197077,5.830115318,torque,figure8,0.4633358121,0.2873135805,-1.150005817,0.3410332727,0.3810175337,-2,1.112825632,1.003085732,-1.213927031,1.056023397,1.112632502,0,0.8638451553,1.220182701,7.928235412,0.06166247278,-0.9474771619,0.2136078328,-0.06941748368,0.5950069488,0.3855970402,0.6070238671,-0.0252896824,0.2229884974,0.07832668763,1,0,0,0
7.860202074,5.840120316,torque,figure8,0.4871135354,0.3011124432,-1.168799639,0.3516831501,0.3922186996,-2,1.133192062,1.034031749,-1.186745167,1.07287009,1.126432983,0,0.8470748372,1.19186443,8.395958525,-0.1051988304,0.1075417027,0.2142713964,0.1727006483,0.8712670118,0.3459562685,0.6051158502,0.05371182104,0.1326892427,-0.06109042782,1,0,0,0
7.870210648,5.850128889,torque,figure8,0.4990905225,0.3081768751,-1.17802906,0.3625049194,0.4035605374,-2,1.143317103,1.049109101,-1.172150612,1.089610402,1.139941154,0,0.8386834299,1.176890789,8.403974825,-0.1583650857,0.6344788671,0.2201137841,0.1185306709,0.8210514112,0.3766117301,0.6054931887,0.04493930395,0.04288858841,0.01899813266,1,0,0,0
7.880205154,5.860123396,torque,figure8,0.5112769604,0.3152199984,-1.187003851,0.373478082,0.4150198262,-2,1.153860211,1.06304872,-1.156718016,1.106207865,1.15312458,0,0.8306089784,1.161198077,8.29363571,-0.2059447169,1.125902772,0.22588934,0.090557652,0.744499757,0.4000275158,0.6063545353,0.04305516185,-0.04330683171,0.06562369616,1,0,0,0
7.890194654,5.870112896,torque,figure8,0.5235240459,0.322358489,-1.195857763,0.3846108816,0.4266034748,-2,1.164327145,1.075968742,-1.140681505,1.122670772,1.165987146,0,0.8226837917,1.144985966,8.136905827,-0.2422022969,1.557433844,0.2261741459,0.07507710133,0.6455753515,0.4208116754,0.6075184411,0.04327700284,-0.1221003305,0.0996629201,1,0,0,0
7.900218964,5.880137205,torque,figure8,0.5481991768,0.3368863463,-1.213182211,0.3959471263,0.4383550323,-2,1.185279727,1.098104954,-1.10667789,1.139057069,1.178569863,0,0.8078111254,1.110561609,7.865252704,-0.2587287426,2.223190069,0.2238925695,0.3415398336,0.6005403401,0.3991891757,0.6092573966,0.1054035124,-0.2034271005,0.05913426961,1,0,0,0
7.91012454,5.890042782,torque,figure8,0.573351562,0.3515468836,-1.229704857,0.4073097694,0.4500896759,-2,1.207077265,1.114205122,-1.072865367,1.155110497,1.190675526,0,0.7941254097,1.076841847,7.961265688,-0.1746717691,2.533242702,0.2356757075,0.5760677835,0.4292997454,0.4016325019,0.6109432399,0.1418954207,-0.261237256,0.07635539539,1,0,0,0
7.920221806,5.900140047,torque,figure8,0.573351562,0.3515468836,-1.229704857,0.4190552197,0.4621731005,-2,1.207077265,1.114205122,-1.072865367,1.171325492,1.202671235,0,0.7933474199,1.077100059,7.988713345,-0.1746717691,2.533242702,0.2356757075,0.213208324,0.1584271913,0.4602437007,0.6120168295,0.0500584292,-0.3321124527,0.1473730371,1,0,0,0
7.930153131,5.910071373,torque,figure8,0.6116576791,0.3738240004,-1.25346446,0.4307665953,0.474174372,-2,1.240558863,1.127981305,-1.027754903,1.187120231,1.214122488,0,0.7746657945,1.032742045,9.08758605,0.09566555917,2.233545542,0.2566250861,0.7478277206,-0.01255800365,0.4429339563,0.6117985467,0.1355950615,-0.2829769339,0.1113807872,1,0,0,0
7.940223455,5.920141697,torque,figure8,0.6116576791,0.3738240004,-1.25346446,0.4428012437,0.4864579395,-2,1.240558863,1.127981305,-1.027754903,1.202973264,1.225373985,0,0.7736370027,1.033043151,9.16264033,0.09566555917,2.233545542,0.2566250861,0.3600618458,-0.2634673828,0.4834509547,0.6126616747,0.03597887939,-0.3469870272,0.142104332,1,0,0,0
7.950229406,5.930147648,torque,figure8,0.6246221066,0.3812833428,-1.261068821,0.454916237,0.4987733742,-2,1.25189364,1.129973888,-1.014757037,1.218555652,1.236186378,0,0.767217881,1.020844924,9.691314506,0.2421896011,1.919365287,0.2695796788,0.3202289605,-0.4425714782,0.4985336084,0.6125757487,0.005879703091,-0.3315926717,0.1304313836,1,0,0,0
7.960210323,5.940128565,torque,figure8,0.6376498342,0.3887466788,-1.26858139,0.4671553833,0.5111639251,-2,1.263012648,1.130967379,-1.002211332,1.233924014,1.246599165,0,0.76093858,1.009279155,10.17184921,0.4052309692,1.525150418,0.2823164761,0.2819937841,-0.588293629,0.5105037209,0.6124459268,-0.0247694554,-0.298359144,0.1170836476,1,0,0,0
7.970216513,5.950134754,torque,figure8,0.6507385969,0.3962076306,-1.276004076,0.4795785874,0.5236882744,-2,1.273816347,1.131121278,-0.9896589518,1.249148921,1.256657047,0,0.7547961058,0.9978940585,10.56023146,0.5693185329,1.080421925,0.2955897152,0.2414992428,-0.6987054719,0.5204545543,0.612488345,-0.0549419103,-0.2517516238,0.103714537,1,0,0,0
7.980206728,5.960124969,torque,figure8,0.6773084402,0.4110540748,-1.290254354,0.4921329986,0.5362910948,-2,1.294750094,1.129808903,-0.9647324681,1.26416052,1.266310438,0,0.744119034,0.9748215869,10.81886609,0.8694902658,0.09911346436,0.3188760579,0.433692157,-0.6818411701,0.5158745053,0.6128240884,-0.04681111532,-0.10211213,0.02385656482,1,0,0,0
7.990214109,5.970132351,torque,figure8,0.6906735301,0.418460995,-1.297252655,0.5048583627,0.5490102817,-2,1.304467916,1.129181981,-0.9523407221,1.27900175,1.275583838,0,0.7385284176,0.963864555,10.80282295,0.9895600677,-0.3991598785,0.3308423758,0.3277932826,-0.7061238719,0.5259283782,0.6137274325,-0.08925948239,-0.03865807737,0.01946212644,1,0,0,0
8.000210762,5.980129004,torque,figure8,0.7040861249,0.4258600473,-1.304163933,0.5177173586,0.5618064739,-2,1.313595891,1.128849626,-0.9397941828,1.293624264,1.284443735,0,0.7330774723,0.9527966723,10.65997772,1.09131372,-0.8891428113,0.3393392265,0.2319848334,-0.6839326263,0.5339245914,0.6149152659,-0.1243423659,0.03187257312,0.01928554079,1,0,0,0
8.010169744,5.990087986,torque,figure8,0.7176642418,0.4331981838,-1.310822487,0.5306722165,0.5746404867,-2,1.322389722,1.128952861,-0.9266857505,1.307983421,1.292862116,0,0.7279681224,0.9411802514,10.4218016,1.168927073,-1.338931441,0.343095094,0.1490757104,-0.6189658166,0.5399933697,0.6164659118,-0.1512118134,0.1038874362,0.02260428239,1,0,0,0
8.020221472,6.000139713,torque,figure8,0.7449321747,0.4478955567,-1.323857307,0.543891641,0.587676933,-2,1.338046312,1.132140994,-0.8980968595,1.322258762,1.30093884,0,0.719114087,0.9139583845,9.743916796,1.250563502,-1.967178106,0.3494173586,0.2607764488,-0.2741246725,0.5163735906,0.6197107486,-0.1282216291,0.2494250293,-0.1219735041,1,0,0,0
8.030172348,6.01009059,torque,figure8,0.7586120367,0.4552717507,-1.330223083,0.5571186695,0.6006604461,-2,1.344857812,1.135644317,-0.8833566904,1.336168961,1.308512126,0,0.7143798483,0.9001543302,9.557902636,1.246462345,-2.141972542,0.3508519232,0.1320670047,-0.1403485984,0.5242098139,0.6214760513,-0.1564061356,0.289921129,-0.08188835928,1,0,0,0
8.04020071,6.020118952,torque,figure8,0.7724155188,0.4625715911,-1.336324215,0.5705875895,0.613819149,-2,1.351377249,1.140156388,-0.868172884,1.349957422,1.315712571,0,0.709983017,0.8857460954,9.489309361,1.204682708,-2.230308056,0.352124691,0.02486840073,0.01233512467,0.5304251836,0.6231692731,-0.1719534098,0.321844191,-0.04865303463,1,0,0,0
8.050204515,6.030122757,torque,figure8,0.7862401009,0.4699159563,-1.342303038,0.5841601159,0.6270153841,-2,1.35732305,1.146345139,-0.8538287878,1.363475393,1.322457055,0,0.7057491373,0.8718238682,9.57749478,1.138580084,-2.209707975,0.3448468149,-0.06717643375,0.1806041011,0.5362555747,0.6243550713,-0.1790330339,0.3417766781,-0.01264315877,1,0,0,0
8.060193539,6.04011178,torque,figure8,0.8000819087,0.4773201644,-1.348190069,0.5978463125,0.6402572322,-2,1.362798572,1.15430367,-0.8405067325,1.3767309,1.328748513,0,0.7016437203,0.8585317003,9.803523083,1.081078172,-2.051470518,0.3362417817,-0.1480783555,0.3543067318,0.5406778397,0.6249746814,-0.1835712993,0.3437309023,0.01710048078,1,0,0,0
8.070142269,6.050060511,torque,figure8,0.827881515,0.4922280908,-1.359552383,0.6116076859,0.6535059154,-2,1.372322559,1.174118757,-0.8154649734,1.389685617,1.334568535,0,0.6949518368,0.8312813783,10.38076915,0.9463022351,-1.456141591,0.3261952996,-0.05145205388,0.8142263173,0.4909123302,0.6248658591,-0.1309225568,0.340062462,-0.1436595369,1,0,0,0
8.080205679,6.06012392,torque,figure8,0.8418325782,0.4997539818,-1.365039349,0.6256575211,0.6669639285,-2,1.376377583,1.185707092,-0.8035463691,1.402532002,1.339996841,0,0.6912784174,0.8186428692,10.76335947,0.8362343311,-1.047468781,0.325316608,-0.1592254001,0.9131285668,0.5040449553,0.6247771279,-0.1372825281,0.290069883,-0.06880836756,1,0,0,0
8.090203047,6.070121288,torque,figure8,0.8557857275,0.5073848367,-1.370453119,0.6397418492,0.6803854002,-2,1.379897594,1.198115706,-0.7920234203,1.415031003,1.34492691,0,0.687701554,0.8062809585,11.08446104,0.6955344677,-0.5843113065,0.3289141655,-0.2455030938,0.9986481156,0.5139178716,0.6246581513,-0.13308375,0.2328121061,-0.01955613429,1,0,0,0
8.100216866,6.080135107,torque,figure8,0.8697363138,0.5151259303,-1.375795126,0.6539732766,0.6938760304,-2,1.38294363,1.211047173,-0.7805843949,1.42728125,1.349397331,0,0.6842053868,0.7939890355,11.30519265,0.5297574997,-0.07864729315,0.334367007,-0.3139747027,1.062301075,0.5212766154,0.624697674,-0.1206402985,0.167980154,0.01230194513,1,0,0,0
8.110233784,6.090152025,torque,figure8,0.8977068067,0.5306912661,-1.386012554,0.6683304604,0.707413255,-2,1.388365865,1.236294031,-0.7572629452,1.439259203,1.353395434,0,0.6788407422,0.7679518466,11.23596376,0.1861765832,0.971226275,0.3364106417,-0.1878425262,1.269593577,0.4764227825,0.6256558881,-0.03566078608,0.0685891608,-0.07788225385,1,0,0,0
8.120239019,6.100157261,torque,figure8,0.9116790891,0.5386402607,-1.391011715,0.682789266,0.7209722818,-2,1.390787482,1.248105049,-0.7451387048,1.450941174,1.356910787,0,0.6756495011,0.7554395043,11.07456557,0.03672415763,1.478773117,0.3343402743,-0.2528789394,1.193528894,0.4937430831,0.6268134051,-0.02950842479,-0.02285685638,-0.00515865531,1,0,0,0
8.130259752,6.110177994,torque,figure8,0.939592123,0.5548431277,-1.400773287,0.6973861783,0.7345851448,-2,1.395474195,1.268596172,-0.719635725,1.462352393,1.359947709,0,0.6708528648,0.728487044,10.35908161,-0.2245138586,2.366435051,0.340637207,-0.1040740606,1.170427787,0.4693855941,0.6299635553,0.04326583442,-0.1358311689,-0.01176819604,1,0,0,0
8.140219688,6.12013793,torque,figure8,0.9535496831,0.5630275607,-1.405390263,0.7120063847,0.7481431589,-2,1.397862554,1.27667737,-0.7063543797,1.473401701,1.362481641,0,0.6679608443,0.7155452783,10.01938029,-0.3381902874,2.708785295,0.3411026597,-0.1557228319,0.9778517906,0.490252536,0.6319222355,0.04367130592,-0.2235854541,0.05063685305,1,0,0,0
8.150213242,6.130131483,torque,figure8,0.9674960375,0.5712862611,-1.409925222,0.7267850562,0.7617698577,-2,1.400266171,1.283121228,-0.6933705807,1.484188831,1.364534061,0,0.6651421053,0.7031598854,9.73749722,-0.4276859164,2.936228991,0.3420028389,-0.1849911695,0.7799572631,0.5054123603,0.6337321996,0.04681973954,-0.2918934517,0.08480187657,1,0,0,0
8.160229206,6.140147448,torque,figure8,0.9814322591,0.5796056986,-1.414377689,0.7417035027,0.7754452125,-2,1.402716756,1.28788507,-0.6801367998,1.494692975,1.366094194,0,0.6624020551,0.690769396,9.562384269,-0.4971372783,3.07854867,0.3431991637,-0.1961694849,0.5797354667,0.5159470128,0.6354427145,0.05185052909,-0.3454521869,0.1012762914,1,0,0,0
8.170206308,6.15012455,torque,figure8,0.9953574538,0.5879734159,-1.418754816,0.7566671101,0.7890805544,-2,1.405252337,1.290868282,-0.6679111719,1.504844506,1.367149586,0,0.6597447425,0.6795901492,9.53093485,-0.5383144021,3.11992836,0.347317487,-0.1927321278,0.3789649915,0.523049002,0.6366767614,0.05646995002,-0.3827656181,0.1037177435,1,0,0,0
8.180213451,6.160131693,torque,figure8,1.02319479,0.6048536301,-1.427046061,0.771775925,0.8027650135,-2,1.410945177,1.291689277,-0.6467942595,1.514707846,1.367704245,0,0.6562442975,0.6594602194,9.80497556,-0.4964565337,2.805510521,0.3572829962,0.03409191697,0.1366599904,0.5193001102,0.6377106541,0.09770746461,-0.3601891568,0.1204698331,1,0,0,0
8.190215826,6.170134068,torque,figure8,1.03710103,0.6133131981,-1.431109428,0.7869745529,0.8164459605,-2,1.414081931,1.289623022,-0.6382826567,1.524241421,1.367750592,0,0.6538062835,0.6524138106,10.11961828,-0.4233136177,2.481934309,0.3650788069,0.01546765081,-0.06583973386,0.525648061,0.6375163226,0.07707198172,-0.3499059649,0.09980081016,1,0,0,0
8.200205803,6.180124044,torque,figure8,1.051000476,0.6217699647,-1.435131073,0.8022478777,0.8301078646,-2,1.417334318,1.286177754,-0.6305097938,1.533432796,1.367286368,0,0.6514287684,0.6462198262,10.43309441,-0.3214157224,2.069972515,0.3728861213,0.007793443861,-0.2329154712,0.5283228224,0.6371410199,0.05638737584,-0.3195570869,0.07489213163,1,0,0,0
8.210217953,6.190136194,torque,figure8,1.064900279,0.6302627325,-1.438988447,0.8176455473,0.8437928639,-2,1.420614362,1.281676173,-0.6216474771,1.542307317,1.366305884,0,0.6492025738,0.6390750732,10.68317126,-0.1980505288,1.601608992,0.3823431134,0.005811863114,-0.359006974,0.5282879566,0.6372105752,0.03518014525,-0.2733360968,0.04727985914,1,0,0,0
8.220196724,6.200114965,torque,figure8,1.092678905,0.6471861005,-1.446536541,0.8330785906,0.8574198957,-2,1.427217841,1.270734787,-0.5990176797,1.550810413,1.364812331,0,0.6464614235,0.6188278343,10.81494847,0.1127863526,0.5724806786,0.4017727673,0.2000561296,-0.4127893612,0.5252871606,0.6393089977,0.03255520976,-0.1302186791,0.009440423417,1,0,0,0
8.230209112,6.210127354,torque,figure8,1.10656476,0.6556020379,-1.450212955,0.8486471655,0.8710752528,-2,1.430465221,1.2647264,-0.587993741,1.558993279,1.362792748,0,0.6443725524,0.6098139961,10.68025296,0.2653088272,0.04109507799,0.40675053,0.1534379574,-0.4414600878,0.5197233525,0.6407791191,-0.004448257324,-0.06259847766,-0.02738875755,1,0,0,0
8.240220785,6.220139027,torque,figure8,1.120440006,0.6640012264,-1.453733921,0.864294776,0.8847067921,-2,1.433404684,1.258839488,-0.5775446892,1.566820299,1.360248782,0,0.6424390669,0.6013663104,10.40046398,0.4031907916,-0.4906155765,0.411842823,0.1128596396,-0.4230737054,0.513174959,0.6424517152,-0.03594935771,0.01316064124,-0.05850879367,1,0,0,0
8.250212908,6.230131149,torque,figure8,1.134304166,0.6723770499,-1.457197189,0.8799881678,0.8982836926,-2,1.436051011,1.253598571,-0.5673869252,1.574272046,1.35718432,0,0.6405820239,0.5930961009,9.995668696,0.5276878476,-0.9753513336,0.4124604464,0.07633448687,-0.3590341272,0.5056110354,0.6442850214,-0.06293301528,0.0898645897,-0.08065784376,1,0,0,0
8.260212183,6.240130424,torque,figure8,1.148154378,0.6807360053,-1.460602283,0.8957655086,0.9118370221,-2,1.438329935,1.249159336,-0.5570019484,1.581363379,1.35358987,0,0.6387939557,0.5844788046,9.518487769,0.6354733706,-1.365254641,0.4118006825,0.0411174702,-0.2566100974,0.4971988633,0.6462827422,-0.08579532233,0.1592318249,-0.09799320823,1,0,0,0
8.270207405,6.250125647,torque,figure8,1.175797343,0.6973888278,-1.467135429,0.911605468,0.9253462916,-2,1.441702604,1.243476033,-0.5351427197,1.588080505,1.349467155,0,0.6369510208,0.5648347886,8.559298374,0.7968130112,-1.945052028,0.4075730741,0.1492177817,0.07903885433,0.4716972423,0.6504930469,-0.0793095536,0.2929858571,-0.1850987381,1,0,0,0
8.280202866,6.260121107,torque,figure8,1.189582944,0.7057029009,-1.470258713,0.9275110678,0.9388120198,-2,1.442650914,1.242494822,-0.5235649943,1.594420899,1.34481286,0,0.6353324807,0.5546380914,8.229973332,0.8477401733,-2.146311522,0.4039590359,0.0718967183,0.2487341264,0.4599224454,0.6524752611,-0.1049895953,0.3431313624,-0.1888261191,1,0,0,0
8.290212393,6.270130634,torque,figure8,1.203340173,0.7140399814,-1.473310232,0.943500648,0.9522474071,-2,1.443108201,1.243037462,-0.5127769113,1.600386932,1.339617768,0,0.6337676766,0.5449812064,8.098547397,0.8843140602,-2.265499592,0.3965239823,0.003967481684,0.4408061265,0.4480481823,0.6539299816,-0.124432324,0.3855432363,-0.1865998498,1,0,0,0
8.300204992,6.280123234,torque,figure8,1.217072248,0.7224057913,-1.476304293,0.9595208174,0.9656055325,-2,1.443066597,1.245222092,-0.5030999184,1.605954769,1.333896778,0,0.6322468249,0.5361951926,8.206889712,0.8991014957,-2.243849993,0.3861923516,-0.05607348921,0.645579005,0.4358842956,0.6547206036,-0.1373281934,0.4103692379,-0.179946955,1,0,0,0
8.310216904,6.290135145,torque,figure8,1.24445951,0.7390515208,-1.481966019,0.9756257778,0.9789294553,-2,1.441420436,1.254172325,-0.4863160253,1.611138974,1.32762775,0,0.6310088785,0.5202916087,8.929784814,0.8943258524,-1.868078589,0.3549382985,-0.003832086899,1.112516011,0.3917399842,0.6549498186,-0.1154459683,0.4319952972,-0.254047847,1,0,0,0
8.320214748,6.30013299,torque,figure8,1.258088112,0.7474832535,-1.484742641,0.9917579124,0.9921693385,-2,1.439697266,1.261006832,-0.4795975685,1.615916523,1.320830181,0,0.6295182292,0.5144374475,9.502806492,0.902043879,-1.502722025,0.3394147456,-0.09103144487,1.279151574,0.382786764,0.6542108168,-0.1338769319,0.3993482796,-0.2137917282,1,0,0,0
8.330209732,6.310127974,torque,figure8,1.285194874,0.7644851208,-1.490108728,1.007931159,1.005334815,-2,1.434652328,1.277399898,-0.4654042721,1.620288411,1.313497056,0,0.6283890926,0.5023593301,10.41285086,0.9180826545,-0.5442959666,0.3054438829,-0.08642410337,1.645850087,0.3366604887,0.653392033,-0.1238648966,0.3265977483,-0.2574776199,1,0,0,0
8.340221882,6.320140123,torque,figure8,1.298665643,0.7730673552,-1.492691278,1.024173943,1.018446722,-2,1.43148315,1.285994768,-0.4559510648,1.624257199,1.305611987,0,0.6268324067,0.4954170394,10.78401983,0.9275112152,-0.00211775885,0.2873215675,-0.1882222186,1.707017598,0.3326973683,0.6537523295,-0.1448970449,0.2502685469,-0.1985288025,1,0,0,0
8.350224972,6.330143213,torque,figure8,1.312075615,0.7817499638,-1.495217323,1.040439635,1.031465226,-2,1.427802324,1.29462707,-0.4454433918,1.627806713,1.297194653,0,0.6252594409,0.4882910642,11.01344247,0.9411400557,0.5513818264,0.2701828182,-0.2782850356,1.744349907,0.3269894778,0.6547157736,-0.1620129599,0.1713251751,-0.1572646617,1,0,0,0
8.360221148,6.340139389,torque,figure8,1.325420141,0.7905320525,-1.497680187,1.056727457,1.044387926,-2,1.423509836,1.302929997,-0.434302628,1.630933495,1.288244443,0,0.62366959,0.4815174061,11.08651226,0.9557417631,1.118040442,0.253046006,-0.3611061082,1.751880425,0.3197631015,0.6562356767,-0.1763137381,0.08796335167,-0.1278637705,1,0,0,0
8.370215654,6.350133896,torque,figure8,1.338672996,0.7993223667,-1.500001192,1.073041687,1.057216333,-2,1.418373704,1.31052506,-0.4242829382,1.63363457,1.27875748,0,0.6221479712,0.4768253676,11.00810884,0.9600954652,1.665153146,0.2366006523,-0.4407004246,1.725582477,0.3115676358,0.6579005668,-0.1876378362,0.00368908387,-0.1061877882,1,0,0,0
8.380221844,6.360140085,torque,figure8,1.364938974,0.8171676397,-1.504514217,1.089399879,1.069962057,-2,1.405587792,1.322888732,-0.4093452692,1.635907797,1.268720629,0,0.6207519403,0.4728054965,10.32120308,0.8802081347,2.599928379,0.2023176253,-0.4833499008,1.682750667,0.2739376628,0.6612452915,-0.1710115518,-0.1195315778,-0.1143239252,1,0,0,0
8.390166521,6.370084763,torque,figure8,1.377939343,0.8262028694,-1.506721735,1.105677898,1.082527262,-2,1.398070455,1.326823354,-0.4026077986,1.63773476,1.258211891,0,0.6189926783,0.4735393875,9.96814462,0.7968803048,2.958509445,0.1895372272,-0.5742441604,1.531738777,0.2712323307,0.6627848913,-0.1747698712,-0.1989938685,-0.07595061503,1,0,0,0
8.400216103,6.380134344,torque,figure8,1.390844345,0.8352950215,-1.508897543,1.122143873,1.095116146,-2,1.390033007,1.328879833,-0.3956492841,1.639138175,1.247052712,0,0.617161716,0.4746445181,9.609368079,0.6887202263,3.237030268,0.1760104001,-0.6506302876,1.363607685,0.2675340258,0.6644131325,-0.1715335575,-0.267215261,-0.04275465367,1,0,0,0
8.410225868,6.39014411,torque,figure8,1.403597832,0.8443796635,-1.510984421,1.138556393,1.107540976,-2,1.381267667,1.328909993,-0.3890992999,1.640088568,1.235399567,0,0.6153349311,0.4765823368,9.294780682,0.5561967492,3.420962572,0.1627288014,-0.7145868339,1.18253344,0.2634154904,0.6658923204,-0.1624130199,-0.3220398717,-0.01334618587,1,0,0,0
8.420227289,6.400145531,torque,figure8,1.428788304,0.8626059294,-1.515081167,1.154962481,1.119836271,-2,1.362481356,1.322320461,-0.3772285879,1.640587258,1.223220949,0,0.6134283206,0.479025066,8.8554316,0.2037325054,3.40947175,0.1372408271,-0.7246367307,0.8684190585,0.2496287827,0.6681548682,-0.108971288,-0.3556008581,0.0448258045,1,0,0,0
8.43021369,6.410131931,torque,figure8,1.441219926,0.8717114925,-1.517095327,1.171346639,1.131988911,-2,1.352601051,1.315693617,-0.3721226454,1.640630676,1.210528326,0,0.6113696492,0.4821784591,8.853658284,0.01608166099,3.228241205,0.1292618662,-0.7604858889,0.656282145,0.2511357829,0.6687444613,-0.09025476495,-0.3651762653,0.07463169614,1,0,0,0
8.440214872,6.420133114,torque,figure8,1.453468561,0.8807676435,-1.519047737,1.187753189,1.144029846,-2,1.342505932,1.306938052,-0.3675347567,1.640214205,1.197285533,0,0.6092837806,0.4855261974,8.917749211,-0.1633085459,2.933557749,0.1225468367,-0.7774508597,0.463846229,0.252651952,0.6691232178,-0.06912726108,-0.3539900933,0.09840629742,1,0,0,0
8.450196266,6.430114508,torque,figure8,1.489552379,0.9076104164,-1.524858952,1.204120812,1.155912266,-2,1.313108563,1.270432234,-0.3567172289,1.639334939,1.183540658,0,0.6073582168,0.4911425207,9.198607297,-0.5372955203,1.538989782,0.1239989549,-0.6335980912,0.06323324453,0.2662979656,0.6691190363,0.008562855074,-0.2115365625,0.1672938299,1,0,0,0
8.460211754,6.440129995,torque,figure8,1.489552379,0.9076104164,-1.524858952,1.220533173,1.167694732,-2,1.313108563,1.270432234,-0.3567172289,1.637982478,1.169220514,0,0.6047926917,0.4929848418,9.101256835,-0.5372955203,1.538989782,0.1239989549,-0.6999456778,0.05966749708,0.2602810011,0.6694626371,-0.00729250116,-0.2144786998,0.1337448029,1,0,0,0
8.470183611,6.450101852,torque,figure8,1.512851238,0.9250482917,-1.528627634,1.236858225,1.179280767,-2,1.29463923,1.241026163,-0.3502619565,1.636163419,1.154439345,0,0.6024933216,0.4968093069,8.842951707,-0.629845798,0.4036438763,0.1342827678,-0.586852207,-0.07811346508,0.2723921666,0.6702084754,0.02344718771,-0.07710942063,0.1466836364,1,0,0,0
8.480202675,6.460120916,torque,figure8,1.512851238,0.9250482917,-1.528627634,1.253239896,1.190770586,-2,1.29463923,1.241026163,-0.3502619565,1.6338564,1.139064822,0,0.6001652223,0.4981443984,8.708498137,-0.629845798,0.4036438763,0.1342827678,-0.6348765451,-0.04206920807,0.2646327216,0.6706585869,0.01214842798,-0.06888136369,0.1186594788,1,0,0,0
8.490245104,6.470163345,torque,figure8,1.524350286,0.9336368442,-1.530503511,1.269634138,1.202129993,-2,1.286088228,1.226064563,-0.3465947211,1.63105733,1.123130841,0,0.5978259276,0.4997268582,8.297776537,-0.6401581764,-0.1566171646,0.1446333528,-0.5794152412,-0.03225855866,0.2682445169,0.6717717874,0.02217141388,0.01144382387,0.1101068199,1,0,0,0
8.50021863,6.480136871,torque,figure8,1.546923637,0.9504522085,-1.534166336,1.285885646,1.213250508,-2,1.270227909,1.197621584,-0.3373953998,1.627790825,1.106790399,0,0.5951510577,0.4999371946,7.305441659,-0.6176159382,-1.102547407,0.1664183289,-0.4259837123,0.04451908989,0.2788602931,0.6744748209,0.04468440567,0.1517666748,0.09387186523,1,0,0,0
8.510220766,6.490139008,torque,figure8,1.558016658,0.9586807489,-1.535947084,1.302148604,1.224236684,-2,1.262779117,1.18472147,-0.3324321806,1.62402355,1.08989013,0,0.5927339405,0.5000016786,6.675268624,-0.5908880234,-1.457526207,0.176587671,-0.3700707192,0.1664926529,0.2771531695,0.6762245404,0.04757921511,0.2208640217,0.06687848594,1,0,0,0
8.520225286,6.500143528,torque,figure8,1.569025993,0.9668433666,-1.537706852,1.318375263,1.235053823,-2,1.255714536,1.172943592,-0.3269565105,1.619758814,1.07247546,0,0.5903199069,0.4995224136,6.117563301,-0.554774344,-1.730980992,0.1885929853,-0.3084165323,0.3153354022,0.2752917925,0.6779949235,0.05047905272,0.2819446822,0.0388053204,1,0,0,0
8.530150652,6.510068893,torque,figure8,1.579954624,0.9749493599,-1.539436102,1.334428917,1.24561072,-2,1.24887991,1.162492037,-0.3220446706,1.615032907,1.054697855,0,0.5879281836,0.4994000128,5.736999642,-0.5146869421,-1.904804468,0.1986349672,-0.2432416104,0.4858137245,0.272621879,0.6794180385,0.05368201352,0.3318285461,0.01314556815,1,0,0,0
8.540219784,6.520138025,torque,figure8,1.601248741,0.9906757474,-1.542817116,1.350664633,1.256137693,-2,1.235267758,1.145539641,-0.3152459562,1.60973065,1.036157103,0,0.5850458354,0.5015645621,5.671352223,-0.4281896651,-1.804056525,0.2165680379,-0.09349719751,0.7827205236,0.2669777302,0.6804076728,0.06652415983,0.3585192883,-0.02668895913,1,0,0,0
8.550147295,6.530065536,torque,figure8,1.611781836,0.9985010028,-1.544502735,1.366617213,1.266331367,-2,1.228669047,1.139056325,-0.3130488098,1.603998107,1.017382665,0,0.5825088448,0.5036625254,5.97984815,-0.3759244084,-1.556904674,0.2215233892,-0.04258774188,0.9613869003,0.2605784164,0.680466918,0.06453784808,0.3503167,-0.04003948073,1,0,0,0
8.560219288,6.540137529,torque,figure8,1.622240782,1.006313562,-1.5461905,1.38274122,1.276480428,-2,1.222237945,1.133726358,-0.3108790815,1.597665779,0.9978377023,0,0.5799079562,0.5060213329,6.404914805,-0.3190895915,-1.223787427,0.2261051834,0.01020350742,1.125488719,0.2547892723,0.680428371,0.06296066021,0.3273425437,-0.04766123855,1,0,0,0
8.570223808,6.55014205,torque,figure8,1.632478118,1.01390481,-1.547845125,1.398691473,1.286364151,-2,1.215722084,1.129110217,-0.3092773855,1.590857017,0.9779324497,0,0.5773511224,0.5091497188,6.838091728,-0.2520438433,-0.8181186318,0.2269816399,0.06029553553,1.265030727,0.2497186587,0.6802731389,0.05997167393,0.2900437095,-0.04672740528,1,0,0,0
8.580211163,6.560129404,torque,figure8,1.652755857,1.029087543,-1.551190376,1.414543822,1.296029864,-2,1.203166962,1.121468425,-0.3077604771,1.583540249,0.9575778822,0,0.573962764,0.5160043205,7.109464192,-0.06742643565,0.2126021981,0.2234591991,0.1763830171,1.418946091,0.2419766298,0.6798945444,0.05652888267,0.1704843311,-0.02519798419,1,0,0,0
8.590224504,6.570142746,torque,figure8,1.662791371,1.036689639,-1.552882195,1.430361435,1.305514242,-2,1.196924686,1.117639303,-0.306633532,1.575679328,0.9366904803,0,0.5711433043,0.5198285086,7.12284445,0.03252803162,0.7712302208,0.2183032185,0.2041860331,1.456474312,0.239812593,0.6803559994,0.04460738318,0.09560111314,-0.004556535311,1,0,0,0
8.60021925,6.580137491,torque,figure8,1.672622085,1.044088483,-1.554561853,1.446068539,1.31477006,-2,1.190554619,1.113161683,-0.3047954738,1.567304903,0.9153679961,0,0.5683398344,0.5234151317,6.935337124,0.1267404556,1.321017623,0.2150412053,0.2275201902,1.452631606,0.239205545,0.6813404581,0.03336724639,0.0159142075,0.01785825567,1,0,0,0
8.610219717,6.590137959,torque,figure8,1.682385564,1.051488757,-1.556242704,1.461698209,1.323815535,-2,1.184145331,1.107855558,-0.3024342358,1.55839391,0.8935649689,0,0.5654956413,0.5267342045,6.556982192,0.2149853259,1.835796356,0.2113361061,0.2488153453,1.412341207,0.2401735952,0.6827653599,0.0231956001,-0.06370845567,0.04375042183,1,0,0,0
8.62022686,6.600145102,torque,figure8,1.701708317,1.06625402,-1.559584379,1.477246429,1.332646468,-2,1.171105504,1.093306661,-0.2953335047,1.548940865,0.8712841791,0,0.5615282671,0.5284651565,5.078722187,0.3749381006,2.676907301,0.2058854699,0.2906054683,1.192705198,0.2464138834,0.6861032398,0.0111732638,-0.2105504775,0.111936606,1,0,0,0
8.630239725,6.610157967,torque,figure8,1.711156487,1.073420286,-1.561224222,1.492706159,1.341256996,-2,1.164207458,1.083328485,-0.2912850678,1.538942091,0.8485328495,0,0.5585528015,0.5295300048,4.406124044,0.4464430511,2.971404791,0.2070062757,0.2846441434,1.04681337,0.2503458151,0.6880975325,-0.002440484725,-0.2750393554,0.1268043337,1,0,0,0
8.640217543,6.620135784,torque,figure8,1.720534444,1.080539465,-1.562846899,1.508009485,1.349608523,-2,1.157054663,1.071323037,-0.2868782878,1.528437173,0.82541177,0,0.5555788421,0.5298079579,3.831958508,0.5098292232,3.157059193,0.2107540369,0.2780204665,0.8812577163,0.2551083241,0.6900072101,-0.01423504509,-0.3263109947,0.1369627811,1,0,0,0
8.650219917,6.630138159,torque,figure8,1.72984314,1.087589741,-1.564439774,1.523242548,1.357746831,-2,1.149690866,1.057033062,-0.2832147181,1.517360778,0.8017899024,0,0.5526132181,0.5296610342,3.519503485,0.5770688653,3.205788136,0.2192402631,0.2711283392,0.7053606108,0.2605006702,0.6914707849,-0.0259179544,-0.3591455049,0.1379388151,1,0,0,0
8.660215855,6.640134096,torque,figure8,1.748235345,1.101418018,-1.567597389,1.538352382,1.365641663,-2,1.133968234,1.021752954,-0.2767750025,1.505742381,0.7777458228,0,0.5484861077,0.5237937554,4.205115218,0.7464100718,2.902986288,0.2400642037,0.2378623492,0.2740013129,0.2705906915,0.6918369904,-0.05238454889,-0.3815181062,0.1362486681,1,0,0,0
8.670204639,6.650122881,torque,figure8,1.757219911,1.108024001,-1.569135427,1.553332638,1.373288606,-2,1.125724554,1.001360178,-0.2717879117,1.493580639,0.7532889361,0,0.5455085796,0.5203134718,4.814072229,0.8386769295,2.598224401,0.2530153394,0.2079313817,0.116143699,0.2721263977,0.6926797504,-0.07158521417,-0.360070204,0.1024471446,1,0,0,0
8.680230141,6.660148382,torque,figure8,1.766125798,1.114501357,-1.570641994,1.568243017,1.38071588,-2,1.117169738,0.9797457457,-0.264996469,1.480816444,0.7283169685,0,0.542564341,0.5154400891,5.422348886,0.929063499,2.211577415,0.2659482658,0.1755979795,-0.02162153296,0.2726121891,0.6939004535,-0.09025161544,-0.3241616865,0.06611819454,1,0,0,0
8.690228462,6.670146704,torque,figure8,1.783690929,1.127033114,-1.573506355,1.582982728,1.387871586,-2,1.099099755,0.933819592,-0.2466399968,1.467527185,0.7029957144,0,0.5387182189,0.499849699,6.774780852,1.096614122,1.270872593,0.2905158997,0.07344065205,-0.357296864,0.2695473496,0.6957591431,-0.1283688567,-0.2491077151,0.01380317058,1,0,0,0
8.700214624,6.680132866,torque,figure8,1.792235017,1.132929802,-1.57483077,1.597569086,1.394763836,-2,1.089008451,0.9094736576,-0.2371213138,1.453693112,0.6772970258,0,0.5359298087,0.4930795151,7.023432073,1.15968895,0.7355958819,0.2988082469,0.02325704133,-0.3918854278,0.2630738221,0.6979305635,-0.1456846746,-0.1737232841,-0.03663166826,1,0,0,0
8.710226536,6.690144777,torque,figure8,1.80068481,1.138665795,-1.576102257,1.612051542,1.401414216,-2,1.077802181,0.883985579,-0.2296286374,1.439257538,0.6511301778,0,0.5332059067,0.4874432521,7.087737922,1.18748486,0.176499486,0.3039570153,-0.02731418915,-0.3949640298,0.2551494148,0.6998708098,-0.1577691609,-0.09173299007,-0.08288000735,1,0,0,0
8.720226526,6.700144768,torque,figure8,1.809040308,1.144226193,-1.577333212,1.626369644,1.407793189,-2,1.065778971,0.858037889,-0.2232445776,1.424270653,0.624600661,0,0.5305500413,0.4825426064,6.968745387,1.186679125,-0.3894252777,0.3074393272,-0.07483253068,-0.3635318183,0.2463546128,0.701835492,-0.1649874889,-0.004869852114,-0.1254085535,1,0,0,0
8.730210781,6.710129023,torque,figure8,1.825293303,1.154652715,-1.579649687,1.640512857,1.413895527,-2,1.038870811,0.8068756461,-0.2124450952,1.408737657,0.5977282807,0,0.5272997577,0.4750547571,6.789479004,1.088168263,-1.390918016,0.3025645912,-0.2282034619,-0.3839756584,0.2228854778,0.7037429356,-0.1766514006,0.1192731644,-0.163686203,1,0,0,0
8.740203142,6.720121384,torque,figure8,1.825293303,1.154652715,-1.579649687,1.654509421,1.419732305,-2,1.038870811,0.8068756461,-0.2124450952,1.392619311,0.570457564,0,0.5254795039,0.4755674806,6.318054362,1.088168263,-1.390918016,0.3025645912,-0.1514611861,-0.1633948921,0.2250663569,0.7059908948,-0.1608892963,0.174124366,-0.198365631,1,0,0,0
8.750206947,6.730125189,torque,figure8,1.840935469,1.164255142,-1.581811428,1.668357796,1.425300948,-2,1.008461833,0.759352088,-0.2029774189,1.375905812,0.5427867748,0,0.52231183,0.4723509771,5.975344307,0.8809736371,-2.094553709,0.2800607681,-0.2993858266,-0.06984545994,0.195542804,0.7079221483,-0.1581257506,0.2700056078,-0.2104368454,1,0,0,0
8.760208368,6.74012661,torque,figure8,1.84855926,1.168838501,-1.582861662,1.682032836,1.430589742,-2,0.9921472073,0.7376369238,-0.199221462,1.358616817,0.5147623495,0,0.5198549368,0.4729294258,5.736846906,0.7562920451,-2.289443493,0.2652939856,-0.3128113531,0.1363776609,0.1820016806,0.7096507343,-0.1408271612,0.3322614545,-0.2247274441,1,0,0,0
8.770208597,6.750126839,torque,figure8,1.855898619,1.173050284,-1.58382082,1.695530455,1.435595907,-2,0.9747596979,0.7170372605,-0.1973142177,1.340747982,0.4863900303,0,0.5175454203,0.4754770967,5.736752103,0.6300574541,-2.350579739,0.2456356138,-0.3213423453,0.3461343707,0.1682403479,0.7107099366,-0.1229961645,0.3741135573,-0.2268260758,1,0,0,0
8.780218601,6.760136843,torque,figure8,1.87013793,1.181131482,-1.585765123,1.708859387,1.440321098,-2,0.9380655885,0.6804034114,-0.1964733452,1.322276438,0.4576473525,0,0.5145683226,0.4856336209,6.532581624,0.3998998702,-2.14209342,0.2011026293,-0.4299180029,0.5821123654,0.1384279468,0.7094294782,-0.111480765,0.3688801655,-0.1865983555,1,0,0,0
8.790210962,6.770129204,torque,figure8,1.877039194,1.185018778,-1.586748123,1.721977485,1.444749337,-2,0.9197182655,0.6648674607,-0.1941215396,1.303251025,0.4286227273,0,0.5121339771,0.4905019098,7.022469782,0.3137627244,-1.890757322,0.1782520562,-0.3993028367,0.803960191,0.1282568185,0.7101374692,-0.09043056724,0.3709554186,-0.1718040503,1,0,0,0
8.800220728,6.780138969,torque,figure8,1.883613229,1.188560486,-1.587634087,1.734924878,1.448892878,-2,0.9014819264,0.6508491635,-0.1898031533,1.283602659,0.3992238589,0,0.5098301939,0.4953350229,7.555798987,0.2554319501,-1.550002813,0.1554293782,-0.3680886024,0.9934816893,0.1197663644,0.711345555,-0.07430252044,0.3529084328,-0.1487205522,1,0,0,0
8.810228109,6.790146351,torque,figure8,1.890043974,1.192039371,-1.588493347,1.747669619,1.452739682,-2,0.8835238814,0.6382396817,-0.1835819781,1.263366554,0.3695178316,0,0.507516339,0.5001941935,8.047866016,0.2151819766,-1.142187953,0.1352955997,-0.3331700511,1.151785434,0.1131116881,0.7131619124,-0.06076928,0.3192497006,-0.1208396458,1,0,0,0
8.820217133,6.800135374,torque,figure8,1.902480602,1.198839068,-1.590093613,1.760186065,1.456281442,-2,0.8478415012,0.6154890656,-0.1686675996,1.242574632,0.3395628952,0,0.5045270628,0.5102923231,8.556970205,0.1659044027,-0.1826214492,0.09939655662,-0.4064927544,1.220559607,0.09645546731,0.7162593825,-0.07002382288,0.1873619575,-0.06510093573,1,0,0,0
8.830220222,6.810138464,torque,figure8,1.90826726,1.201907158,-1.590743065,1.772509031,1.45952686,-2,0.8297245502,0.6042615175,-0.1611025631,1.221157635,0.3092720663,0,0.5022842286,0.5159386322,8.60077335,0.1498577744,0.3431822062,0.08630181104,-0.3540251734,1.289915052,0.09584973981,0.7193699801,-0.05536032571,0.1254765819,-0.02747300876,1,0,0,0
8.840217352,6.820135593,torque,figure8,1.9139148,1.204929948,-1.591348886,1.784607622,1.462466187,-2,0.8115406036,0.5928313136,-0.1535785347,1.199155647,0.278715872,0,0.5000409915,0.5220156119,8.449033791,0.1393784881,0.8856739402,0.07336018234,-0.3045965168,1.315837934,0.09744888413,0.722911212,-0.04334790537,0.05386863392,0.01772236103,1,0,0,0
8.850237131,6.830155373,torque,figure8,1.919421911,1.207902789,-1.591915369,1.79650991,1.465104281,-2,0.7930316925,0.5805769563,-0.14744398,1.176502199,0.2478166235,0,0.4977881414,0.5286953716,8.10163404,0.1275467426,1.412243366,0.06388761103,-0.2570871182,1.301459273,0.1016189571,0.7265143273,-0.03255212437,-0.0218319749,0.06605082035,1,0,0,0
8.860247135,6.840165377,torque,figure8,1.929739356,1.213440657,-1.592896461,1.808170915,1.467429325,-2,0.7545211911,0.5516607761,-0.1400320977,1.153267513,0.2166844384,0,0.4949973943,0.5392742941,6.882438969,0.0745562017,2.292199373,0.05316990986,-0.3410812182,1.028861353,0.09526656706,0.7306953068,-0.04590868002,-0.1892129904,0.08310841811,1,0,0,0
8.870229244,6.850147486,torque,figure8,1.934550285,1.21598208,-1.593329668,1.81956481,1.469436294,-2,0.7350929379,0.5345540047,-0.1374145299,1.129495206,0.1853879338,0,0.4927894655,0.544382997,6.154153228,0.05117393658,2.615126371,0.05311364681,-0.2765125609,0.9244317977,0.107099737,0.7337365923,-0.02885626816,-0.2469917229,0.1376804079,1,0,0,0
8.880244732,6.860162973,torque,figure8,1.939217329,1.218424201,-1.593759537,1.830755283,1.471134786,-2,0.7157595754,0.5156010389,-0.1348322034,1.105037089,0.1537457912,0,0.4905690258,0.5483210066,5.412014453,0.03424415737,2.856532335,0.05337533727,-0.2152884605,0.7899776583,0.1216724884,0.7366525029,-0.01485784563,-0.2984872904,0.192174544,1,0,0,0
8.890233517,6.870151758,torque,figure8,1.947858691,1.222779274,-1.594586372,1.841668908,1.472511948,-2,0.6765195131,0.4702279568,-0.1329241991,1.080037587,0.1219587274,0,0.4878553967,0.5493515581,4.787338915,0.01625907607,2.969474077,0.06817823648,-0.2962075882,0.3071010195,0.1182439142,0.7373864854,-0.03319544595,-0.3908968566,0.1366074961,1,0,0,0
8.900237799,6.88015604,torque,figure8,1.951835632,1.224652171,-1.594977379,1.852346127,1.473571893,-2,0.6571406722,0.4441037774,-0.1317510456,1.054390487,0.08990417176,0,0.4856979653,0.5482910853,4.760302992,0.03137534484,2.811375141,0.08171670139,-0.2204917194,0.1551775921,0.1387798366,0.7387143378,-0.0191548743,-0.3857158507,0.1817576937,1,0,0,0
8.910239458,6.8901577,torque,figure8,1.955678821,1.226357222,-1.595358849,1.862761014,1.474309961,-2,0.6390233636,0.417365551,-0.1261247993,1.02813953,0.05765126826,0,0.4835790948,0.5447138893,4.970665733,0.07769150287,2.536960125,0.09887380153,-0.1523762494,0.00220235514,0.1599257159,0.7409046748,-0.01224576635,-0.3659443426,0.2107094226,1,0,0,0
8.920238018,6.90015626,torque,figure8,1.959397316,1.227889776,-1.595696211,1.872907186,1.474724382,-2,0.6219745874,0.3902951777,-0.1167019159,1.001285031,0.02521340739,0,0.4815282121,0.5392406224,5.320202422,0.1495765597,2.186753988,0.1172865108,-0.09243428215,-0.1407425049,0.1804819314,0.7439023957,-0.01134645005,-0.334985263,0.2250162885,1,0,0,0
8.930371046,6.910289288,torque,figure8,1.96299839,1.229246974,-1.595960379,1.88291271,1.47481252,-2,0.6057758331,0.3631107211,-0.1038636193,0.9734439827,-0.007847439774,0,0.4795457947,0.5325199309,5.695032146,0.2373033762,1.78419888,0.1356687099,-0.03916345418,-0.2633084065,0.1998753035,0.7477866194,-0.01451511827,-0.2939776328,0.2266752161,1,0,0,0
8.940256357,6.920174599,torque,figure8,1.969352484,1.231180072,-1.59602356,1.892398753,1.474574828,-2,0.574646771,0.3085404932,-0.07016842067,0.9456755909,-0.04026932386,0,0.477870117,0.5140566904,6.934242381,0.4423773885,0.8281932473,0.1699627191,-0.1759122655,-0.6625062009,0.1794627606,0.753570733,-0.0744022092,-0.2351224377,0.07613475546,1,0,0,0
8.950251818,6.930170059,torque,figure8,1.972375154,1.23188138,-1.59585309,1.901708346,1.474007815,-2,0.5593236089,0.2812190652,-0.05140110105,0.9169860571,-0.07321034423,0,0.476396613,0.5061469217,7.008321049,0.5518525839,0.3166195154,0.1867435127,-0.1267199115,-0.6644071654,0.1961150713,0.7593713253,-0.07757175146,-0.1544891763,0.07815143349,1,0,0,0
8.960234165,6.940152407,torque,figure8,1.975294709,1.232404709,-1.595547199,1.910716455,1.473112192,-2,0.5438914299,0.2539610267,-0.03209932894,0.8877191189,-0.1062543378,0,0.4750710593,0.4990019593,6.927041065,0.6667649746,-0.1999157816,0.2018108368,-0.09286105933,-0.6439327432,0.2083685386,0.7656400848,-0.08550023363,-0.07264996527,0.06240142228,1,0,0,0
8.970242262,6.950160503,torque,figure8,1.977833509,1.232594371,-1.595059395,1.919451426,1.471882443,-2,0.5267691016,0.2249866575,-0.01680704765,0.8577586023,-0.1395177367,0,0.4739663943,0.492645897,6.699544817,0.7602781057,-0.7080867887,0.2113703936,-0.07661196941,-0.6003845567,0.2147263783,0.771138024,-0.0947255682,0.009060487433,0.03290340721,1,0,0,0
8.980220318,6.960138559,torque,figure8,1.982532144,1.232364535,-1.593890429,1.927858598,1.470324365,-2,0.4865131676,0.1622288376,-0.003016116796,0.8272709359,-0.1728024324,0,0.4738555274,0.4778816856,6.564007232,0.8053305745,-1.652742147,0.2279779911,-0.2843999514,-0.6783423727,0.1737745834,0.773905751,-0.1442301287,0.1103923081,-0.09043383622,1,0,0,0
8.990185261,6.970103502,torque,figure8,1.984663844,1.231930733,-1.593276501,1.935948045,1.468436322,-2,0.4641255438,0.1307380944,-0.001134752878,0.7962074967,-0.2061514108,0,0.4730033063,0.4730478304,6.044811751,0.7854521275,-2.02155447,0.235917747,-0.2496943538,-0.500240574,0.1774270193,0.7763831663,-0.1304202095,0.1981723733,-0.1142037447,1,0,0,0
9.000217915,6.980136156,torque,figure8,1.986376882,1.231087327,-1.592584848,1.943776635,1.466199243,-2,0.4402516186,0.09992993623,-0.001369927311,0.7643104338,-0.2398230712,0,0.4723129259,0.4695190076,5.573573426,0.7438983917,-2.280222416,0.2401245236,-0.2244748439,-0.3131904307,0.1754159824,0.7782808548,-0.1173050774,0.2681096708,-0.1448926395,1,0,0,0
9.0102036,6.990121841,torque,figure8,1.989290237,1.228812575,-1.591270447,1.951247703,1.463636766,-2,0.388848424,0.04208033532,-0.007937869057,0.7319416736,-0.2734197436,0,0.4729159361,0.4661719506,5.770521156,0.6077052355,-2.430622339,0.2286435813,-0.4371480358,-0.1765268445,0.1290123037,0.7755757358,-0.1430416939,0.2927155348,-0.1926543008,1,0,0,0
9.020224571,7.000142813,torque,figure8,1.989290237,1.228812575,-1.591270447,1.958417141,1.46072763,-2,0.388848424,0.04208033532,-0.007937869057,0.6992545792,-0.3068918049,0,0.4709539134,0.467115131,20.96948018,0.6077052355,-2.430622339,0.2286435813,-8.024574976,-4.53787541,-0.7489026044,0.6942506542,-0.55,-0.55,-0.4311724431,1,0,0,0
9.0301404,7.010058641,torque,figure8,1.991172194,1.225631595,-1.590058088,1.96533131,1.457626417,-2,0.3343422115,-0.008974954486,-0.01707782783,0.6953152168,-0.3186117317,0,0.4717432774,0.4758866426,21.71393565,0.4363790452,-2.181500673,0.203448832,-7.178374293,-3.661638322,-0.4044798156,0.6886625132,-0.55,-0.4668678281,0.1813384222,1,0,0,0
9.040220499,7.020138741,torque,figure8,1.991682529,1.223715425,-1.5894804,1.972319913,1.45435484,-2,0.3065316081,-0.03161237016,-0.0210109055,0.6912964036,-0.3304998024,0,0.4712704031,0.4876670003,22.13787744,0.3657017052,-1.892411113,0.1881592423,-6.294912553,-2.883832014,-0.277555662,0.6860309048,-0.55,-0.2784057276,0.1583524055,1,0,0,0
9.05020237,7.030120611,torque,figure8,1.992009997,1.221672416,-1.588924646,1.979200424,1.450997191,-2,0.281218648,-0.05108483508,-0.01600942761,0.6873027359,-0.3422452249,0,0.4708894604,0.4999349566,22.51914138,0.2616325617,-1.693958282,0.1703937501,-5.617532319,-2.278057852,-0.2001246942,0.6857199607,-0.55,-0.1381661611,0.103617351,1,0,0,0
9.06021595,7.040134192,torque,figure8,1.992181659,1.219529748,-1.588294029,1.986062668,1.447511212,-2,0.2595541179,-0.06718337536,0.001267327694,0.683282448,-0.3540002054,0,0.4706535843,0.5116748946,22.75355399,0.06887096167,-1.821457028,0.1530724615,-5.072480199,-1.785618713,-0.1456909598,0.6890267004,-0.55,0.004880485229,0.1168612266,1,0,0,0
9.070166349,7.050084591,torque,figure8,1.991475701,1.214623213,-1.586398125,1.992841668,1.443930772,-2,0.2186497301,-0.09488725662,0.0463883467,0.679273783,-0.3656525393,0,0.4729168361,0.5363210187,22.82491698,-0.4912104011,-2.521818399,0.1524829417,-4.791862719,-1.370386915,-0.03666215586,0.7000515881,-0.55,0.1828844745,0.3321953104,1,0,0,0
9.080224752,7.060142994,torque,figure8,1.990927696,1.212077022,-1.585221767,1.999653641,1.440193778,-2,0.1974593103,-0.1072650552,0.06613896787,0.6752077657,-0.3774015428,0,0.473449447,0.5528034656,22.68240828,-0.8556740284,-2.881624222,0.1592218727,-4.4132127,-0.9451331171,-0.01435417526,0.7061343837,-0.4041721257,0.320062422,0.2429625477,1,0,0,0
9.090217352,7.070135593,torque,figure8,1.989088178,1.206686616,-1.582462549,2.006380482,1.436364365,-2,0.1528232694,-0.1279838234,0.09562762827,0.671154651,-0.3890430601,0,0.4768526136,0.5881870362,22.04457563,-1.748382807,-3.334213734,0.1785020828,-4.207356964,-0.4741830322,0.06393574066,0.7178080732,-0.2387734108,0.4518766738,0.2510403389,1,0,0,0
9.100242615,7.080160856,torque,figure8,1.987799525,1.203871846,-1.58090806,2.013088544,1.432405692,-2,0.1321461797,-0.1349496692,0.1126069948,0.6670746505,-0.4006910095,0,0.4780222876,0.6078217371,21.54042414,-2.246895552,-3.326668501,0.1929453313,-3.872234671,-0.08443268794,0.06265855064,0.7253844719,-0.09898133737,0.5173433863,0.06560351484,1,0,0,0
9.110213518,7.09013176,torque,figure8,1.986394763,1.201054931,-1.579217434,2.019719594,1.42835282,-2,0.1138463169,-0.1394836605,0.1340420246,0.6630033062,-0.4122434475,0,0.4794088471,0.6276452538,20.89251493,-2.726387024,-3.163626194,0.2094110399,-3.548690497,0.2589574204,0.05896582357,0.7347574932,0.02686342927,0.5475445103,-0.09586048764,1,0,0,0
9.120226383,7.100144625,torque,figure8,1.984890699,1.198252201,-1.577360153,2.026337632,1.424167141,-2,0.09761892259,-0.1420904845,0.158525601,0.6589013959,-0.4238110942,0,0.4810195925,0.6477151249,20.11480902,-3.181094885,-2.889888287,0.2264130116,-3.22997254,0.5586049079,0.05396471217,0.7455003394,0.1412363216,0.55,-0.2215416941,1,0,0,0
9.130244493,7.110162735,torque,figure8,1.982981324,1.195383191,-1.575263023,2.032917966,1.419863525,-2,0.0824233368,-0.1431255639,0.1823050827,0.6547839494,-0.4353503566,0,0.4829975027,0.6680023529,19.24225416,-3.587289095,-2.509849548,0.2337259948,-2.92562665,0.8168783012,0.0484818501,0.7565617816,0.2405267977,0.5310407323,-0.2996334459,1,0,0,0
9.140201092,7.120119333,torque,figure8,1.9789505,1.189779282,-1.570612907,2.03941696,1.415471968,-2,0.05600624532,-0.1407679021,0.2217135578,0.650678599,-0.4467837032,0,0.4888421592,0.7045834091,17.10202654,-4.121259689,-1.392814875,0.2444095612,-2.495442978,1.088628294,0.06632621912,0.7779418832,0.3586052928,0.4027761988,-0.3434659017,1,0,0,0
9.150243998,7.130162239,torque,figure8,1.97685504,1.187063575,-1.568083763,2.045930815,1.410927203,-2,0.04597984627,-0.1380039752,0.2410172075,0.6465244296,-0.458279812,0,0.4913634322,0.7220247244,15.94870074,-4.216952324,-0.7429693937,0.2358928919,-2.158538173,1.237036837,0.05313105559,0.7887822119,0.4174929972,0.3285221829,-0.3620456573,1,0,0,0
9.160242319,7.140160561,torque,figure8,1.974437952,1.184405565,-1.565315723,2.052374244,1.406288113,-2,0.03787077218,-0.1346484125,0.2614556551,0.6423755853,-0.4696876959,0,0.4942229769,0.7389427922,14.71221619,-4.192409515,-0.05974200368,0.2261181176,-1.83853764,1.328683142,0.04294861789,0.8000197941,0.4543886816,0.2401220467,-0.3530931626,1,0,0,0
9.17017293,7.150091171,torque,figure8,1.969587684,1.179291129,-1.559296131,2.058732912,1.401567723,-2,0.02840183862,-0.1282939911,0.3101519644,0.6382419657,-0.480980679,0,0.5015711872,0.7697318503,11.76646922,-3.878631115,1.264675021,0.1958939433,-1.328519548,1.265154561,0.04213910706,0.8245715519,0.4698748538,0.03611162482,-0.2994778968,1,0,0,0
9.180246115,7.160164356,torque,figure8,1.969587684,1.179291129,-1.559296131,2.065140868,1.396665185,-2,0.02840183862,-0.1282939911,0.3101519644,0.6340359784,-0.4923965398,0,0.5006014295,0.7717237967,11.94964641,-3.878631115,1.264675021,0.1958939433,-1.231114034,1.347300568,0.03096422347,0.8244124267,0.483533518,0.04430572203,-0.2745342207,1,0,0,0
9.190266848,7.170185089,torque,figure8,1.964817762,1.17441988,-1.552533627,2.071473355,1.391674278,-2,0.02639606968,-0.1240823716,0.3653215468,0.6298389658,-0.5037128045,0,0.5087249203,0.8010757936,8.625406834,-3.297679186,2.424918652,0.1617007703,-0.7573471911,1.100818213,0.03185391717,0.8497359294,0.457201435,-0.1622927006,-0.1830831942,1,0,0,0
9.200251818,7.180170059,torque,figure8,1.962305069,1.17215395,-1.548708439,2.077741347,1.386588596,-2,0.02759923413,-0.1230611354,0.3892888129,0.6256441931,-0.5149479332,0,0.5128077854,0.8141122865,6.961100424,-2.940451622,2.890918732,0.1439315081,-0.5237966308,0.9684775994,0.03020093672,0.8608430269,0.4314453413,-0.250081445,-0.1168775325,1,0,0,0
9.210243464,7.190161705,torque,figure8,1.959852099,1.169927239,-1.544732332,2.083971539,1.381387425,-2,0.03075279295,-0.1234514788,0.4081882536,0.6214339719,-0.5261489462,0,0.5170973745,0.8232175629,5.280076155,-2.549055099,3.234614134,0.1252342314,-0.3215756586,0.8077728572,0.03152368844,0.8700206259,0.3958394136,-0.3239168554,-0.05050012937,1,0,0,0
9.220234394,7.200152636,torque,figure8,1.95517838,1.165539742,-1.536434889,2.09015916,1.376074934,-2,0.04192271456,-0.1292096823,0.4388713241,0.6172114905,-0.5373066155,0,0.5267233528,0.8307275857,1.802052537,-1.688018322,3.727337599,0.09030984342,-0.013251283,0.3432681674,0.03873090792,0.8839675439,0.309277803,-0.4623252618,0.06969530786,1,0,0,0
9.23017478,7.210093021,torque,figure8,1.952871442,1.163491488,-1.531991005,2.096273548,1.370678902,-2,0.0494732298,-0.135190621,0.4496074617,0.6129979894,-0.5483647253,0,0.5315291227,0.8309150767,1.086601257,-1.259316087,3.784025908,0.07809193432,0.1008147565,0.1320323981,0.04424118254,0.8886386229,0.2557773698,-0.499562722,0.11777733,1,0,0,0
9.240251303,7.220169544,torque,figure8,1.950669527,1.161417842,-1.527492285,2.102428865,1.365097003,-2,0.05825864151,-0.1436655521,0.4583168626,0.6087142646,-0.5595294807,0,0.5364509653,0.8282502922,2.206794483,-0.840325892,3.679773569,0.06653782725,0.186648442,-0.0854380646,0.05144779238,0.8919662276,0.2004120247,-0.5151407052,0.1561370462,1,0,0,0
9.250236511,7.230154753,torque,figure8,1.946596384,1.1571275,-1.518289804,2.108485759,1.359454937,-2,0.07592052221,-0.1655666679,0.4865566194,0.6044570128,-0.5705476687,0,0.5469819688,0.8246804088,5.157681768,-0.05361424387,3.058544874,0.07690177113,0.3044735851,-0.5970958569,0.06921996216,0.8988694271,0.1032618587,-0.50554233,0.2184841555,1,0,0,0
9.260231972,7.240150213,torque,figure8,1.944703341,1.155056834,-1.513336182,2.114506236,1.35369712,-2,0.08373112231,-0.1776246727,0.5079318881,0.6001831672,-0.5815310205,0,0.552388141,0.8293719644,6.280231427,0.3072124124,2.578636646,0.09045479447,0.3073937484,-0.7541397299,0.07570820406,0.9,0.04533057318,-0.4564018676,0.1996830504,1,0,0,0
9.270201206,7.250119448,torque,figure8,1.941210032,1.150692105,-1.502906084,2.120468305,1.347845291,-2,0.0970159471,-0.20276393,0.5618131757,0.5959084403,-0.5924386791,0,0.5640082165,0.8463889025,7.98683622,0.9614636302,1.434529781,0.1223535836,0.2866586084,-1.102421365,0.09483872869,0.9,-0.05056240055,-0.3511347847,0.2076385311,1,0,0,0
9.280227184,7.260145426,torque,figure8,1.941210032,1.150692105,-1.502906084,2.126421268,1.341850723,-2,0.0970159471,-0.20276393,0.5618131757,0.5915972868,-0.6033603207,0,0.5638680523,0.8489535995,7.785527079,0.9614636302,1.434529781,0.1223535836,0.2380062455,-0.9537809562,0.08465580691,0.9,-0.06990902302,-0.3134115287,0.1227657768,1,0,0,0
9.290149927,7.270068169,torque,figure8,1.936731935,1.14377141,-1.485527039,2.132270318,1.335810305,-2,0.1139518395,-0.2450169027,0.637930572,0.5873186671,-0.6141211376,0,0.5829207703,0.8759392128,8.580508167,1.712411523,-0.4004703164,0.1764324456,0.08948914611,-1.299076877,0.118125285,0.9,-0.1889255647,-0.1288384414,0.1496134287,1,0,0,0
9.300228357,7.280146599,torque,figure8,1.936731935,1.14377141,-1.485527039,2.138167618,1.329566061,-2,0.1139518395,-0.2450169027,0.637930572,0.5829609295,-0.6250006501,0,0.582905151,0.8782440375,8.383994065,1.712411523,-0.4004703164,0.1764324456,0.03511900446,-1.121683428,0.1014782998,0.9,-0.2084365717,-0.08196819541,0.04401542174,1,0,0,0
9.310229063,7.290147305,torque,figure8,1.935410023,1.141315579,-1.479394674,2.143975967,1.323261843,-2,0.1192948967,-0.2614800036,0.6527986526,0.5786249458,-0.6357454338,0,0.5896050384,0.8815921887,8.121474967,1.842588663,-0.976403594,0.1891806722,-0.07415420991,-1.074501662,0.1014623316,0.9,-0.2456948703,0.006002854001,-0.002370161816,1,0,0,0
9.320221901,7.300140142,torque,figure8,1.934158325,1.138750315,-1.473187685,2.149736377,1.316855513,-2,0.1240749881,-0.2786266208,0.6626835465,0.5742806684,-0.6464303231,0,0.5964281792,0.8815408107,7.721952063,1.920930862,-1.541053653,0.2025935054,-0.1918689853,-0.9958008498,0.1005037407,0.9,-0.2762508225,0.09580447073,-0.04651717765,1,0,0,0
9.33022809,7.310146332,torque,figure8,1.933073044,1.136121273,-1.466801405,2.155460925,1.310333898,-2,0.1284058988,-0.2966738343,0.663762629,0.5699189508,-0.6570770977,0,0.6034129184,0.8748743424,7.25654774,1.932484269,-2.048324108,0.2094910294,-0.31549615,-0.8866093591,0.09871364577,0.9,-0.2977447683,0.1811641477,-0.08025834459,1,0,0,0
9.340228558,7.320146799,torque,figure8,1.931069851,1.130489111,-1.454283476,2.161138536,1.303709835,-2,0.1343190521,-0.3334884942,0.6382972002,0.5655481822,-0.667664541,0,0.6170441992,0.8396758355,6.648788718,1.689616442,-2.718457937,0.2190652043,-0.5472044047,-0.7310866315,0.1057246191,0.9,-0.2971885908,0.2803989309,-0.07120467158,1,0,0,0
9.350187063,7.330105305,torque,figure8,1.930132747,1.1274966,-1.448250294,2.166748831,1.29700862,-2,0.1353010535,-0.3495636284,0.6201267242,0.5611843717,-0.6781538153,0,0.6238182708,0.8209173319,6.51878953,1.490962744,-2.869900942,0.2176931947,-0.6688365017,-0.5244592806,0.09909372211,0.9,-0.2889392563,0.3347958765,-0.1045946117,1,0,0,0
9.360235929,7.340154171,torque,figure8,1.929322481,1.124403,-1.442255259,2.172365926,1.290140993,-2,0.1350612938,-0.3633082807,0.6017268896,0.5567695418,-0.6886830449,0,0.630569897,0.8036055209,6.62461534,1.257995009,-2.895963192,0.2136670798,-0.7744077661,-0.3125065205,0.0930085316,0.9,-0.2724098139,0.3708944662,-0.1277791907,1,0,0,0
9.370191813,7.350110054,torque,figure8,1.928530216,1.121232748,-1.436426163,2.177887238,1.283232847,-2,0.1336992979,-0.3740169108,0.5880673528,0.5523843351,-0.6990592989,0,0.6372114456,0.7916899177,6.931733166,0.9943835139,-2.799687862,0.2082146108,-0.8590226525,-0.1033488156,0.08751666064,0.9,-0.2475074941,0.3883227479,-0.1439621464,1,0,0,0
9.380233526,7.360151768,torque,figure8,1.92774725,1.118008852,-1.430710316,2.183411869,1.276160784,-2,0.1314275414,-0.3820296526,0.5796177983,0.5479500922,-0.7094681525,0,0.6437912518,0.7852794399,7.365506873,0.7184996605,-2.58626461,0.2025687993,-0.9216012366,0.09562504934,0.08253236706,0.9,-0.2168591656,0.3868973032,-0.1555330418,1,0,0,0
9.390244961,7.370163202,torque,figure8,1.926268935,1.111422777,-1.419399738,2.188875459,1.269006284,-2,0.1256831586,-0.3919009566,0.5739535093,0.5435180817,-0.7197879356,0,0.6564231958,0.7819964992,8.201842179,0.1928390563,-1.917091846,0.1837086529,-0.9952204256,0.32677193,0.08504108194,0.9,-0.1527562277,0.3169385117,-0.1296413161,1,0,0,0
9.400242329,7.38016057,torque,figure8,1.925568223,1.108089328,-1.413750887,2.194287041,1.261759029,-2,0.1226058528,-0.3945064247,0.5756871104,0.5390812904,-0.7300349064,0,0.6629571649,0.785777832,8.526473537,-0.04264542088,-1.477742672,0.1729084849,-0.9961645247,0.4768274269,0.07887788319,0.9,-0.1173553376,0.2785374157,-0.1381377838,1,0,0,0
9.410238504,7.390156746,torque,figure8,1.924865723,1.104758143,-1.408107519,2.199653574,1.254410508,-2,0.1196340844,-0.3961922824,0.578566432,0.5346341193,-0.7402215647,0,0.6695079553,0.7907719597,8.716206741,-0.255543232,-0.9923571944,0.1586292982,-0.9832954171,0.5906067061,0.07348035243,0.9,-0.08349776612,0.2271648462,-0.1365831891,1,0,0,0
9.42023468,7.400152922,torque,figure8,1.923491955,1.09807837,-1.3968153,2.204975598,1.246960458,-2,0.114602387,-0.3982555866,0.5847356319,0.5301761303,-0.7503483112,0,0.6820782212,0.7991161256,8.476012494,-0.5911231637,0.08324775845,0.1331993639,-0.9389503685,0.6205297146,0.07188230097,0.9,-0.02951818347,0.07588970063,-0.1124181131,1,0,0,0
9.430174351,7.410092592,torque,figure8,1.922825456,1.094733596,-1.391179562,2.2102233,1.239452449,-2,0.1126756147,-0.3993923366,0.5840537548,0.5257327036,-0.7603575987,0,0.6886242759,0.8012682869,8.140085325,-0.7192149162,0.6192259789,0.1193754002,-0.8964479366,0.6374392532,0.06584490402,0.9,-0.004160178943,0.004864190523,-0.1065111283,1,0,0,0
9.440248013,7.420166254,torque,figure8,1.922167897,1.091394901,-1.385587454,2.215496626,1.231742029,-2,0.1113185734,-0.401147604,0.579859376,0.5212186463,-0.7704397286,0,0.6951559796,0.800394677,7.646788997,-0.8246070147,1.115621209,0.1053103283,-0.8497127191,0.6172509236,0.06073972954,0.9,0.01786844633,-0.06654294095,-0.09541232971,1,0,0,0
9.450248241,7.430166483,torque,figure8,1.921524405,1.088054419,-1.38007164,2.220686481,1.223987672,-2,0.1106776819,-0.4041195512,0.5699398518,0.5167269005,-0.7803857287,0,0.701631647,0.7945335983,7.029461142,-0.9120106697,1.539881468,0.09222192317,-0.8011189225,0.5635822597,0.05648052756,0.9,0.03686057041,-0.1329056066,-0.08222663063,1,0,0,0
9.460247993,7.440166235,torque,figure8,1.920307398,1.081341267,-1.36954546,2.225831121,1.216134544,-2,0.112232171,-0.4153212607,0.5311357379,0.5122249054,-0.7902680453,0,0.7134331787,0.7633377044,5.580506065,-1.045755148,2.074677944,0.06287754327,-0.7118956867,0.312207984,0.0537629143,0.9,0.06432857482,-0.2447875658,-0.05216053438,1,0,0,0
9.470248699,7.450166941,torque,figure8,1.919750452,1.077936053,-1.364615917,2.230931175,1.208182153,-2,0.1147707403,-0.4240540564,0.5058008432,0.5077121076,-0.8000872871,0,0.7193819717,0.7427236375,4.958878798,-1.083092809,2.176096439,0.05031058937,-0.6495495674,0.2040572226,0.05156663035,0.9,0.07799219299,-0.272460139,-0.03458508513,1,0,0,0
9.48024869,7.460166931,torque,figure8,1.919239759,1.074466705,-1.359914064,2.235985686,1.200132465,-2,0.1184135973,-0.434794724,0.4791805446,0.5031893509,-0.8098410179,0,0.7251412757,0.7199486769,4.475389103,-1.104472995,2.184793234,0.03700491786,-0.5827398697,0.08261513783,0.05111731825,0.9,0.08991022586,-0.2898160097,-0.01298209955,1,0,0,0
9.490247488,7.47016573,torque,figure8,1.918787003,1.070913911,-1.355464697,2.240994324,1.191986544,-2,0.1230650842,-0.4474785328,0.4536257088,0.4986569457,-0.8195280011,0,0.7306859086,0.6966106064,4.192063124,-1.108457446,2.094817162,0.02768251114,-0.5110451748,-0.04613299579,0.05240862813,0.9,0.1001599286,-0.2950032317,0.007419756662,1,0,0,0
9.500230074,7.480148315,torque,figure8,1.918045759,1.063655138,-1.347318888,2.245949582,1.183757538,-2,0.1351622641,-0.4770177603,0.4097106159,0.4941218186,-0.8291330738,0,0.740228436,0.648613864,4.34965061,-1.044335365,1.570484757,0.01237461343,-0.3666707993,-0.3772062464,0.06169048014,0.9,0.1103564327,-0.275315779,0.0452670008,1,0,0,0
9.510241508,7.49015975,torque,figure8,1.917785525,1.0598557,-1.343509674,2.250873641,1.175408787,-2,0.1423781216,-0.4931897819,0.3923160136,0.4895635712,-0.8386986874,0,0.7451709581,0.627555571,4.508089475,-0.979221344,1.187436342,0.008809580468,-0.2868634674,-0.4559128944,0.06597996574,0.9,0.1125887554,-0.2296397188,0.06120903113,1,0,0,0
9.520241499,7.50015974,torque,figure8,1.917605996,1.055934191,-1.339843035,2.255746465,1.166974318,-2,0.1502194703,-0.5099123716,0.3777208328,0.485000615,-0.848185394,0,0.7499840702,0.6076019092,4.622624168,-0.8980872035,0.7481225133,0.007413894869,-0.2092736456,-0.5153251176,0.07110621744,0.9,0.1121256385,-0.1743628214,0.07306884996,1,0,0,0
9.53025341,7.510171652,torque,figure8,1.917497277,1.051968932,-1.336381197,2.260579338,1.158435101,-2,0.1583765894,-0.526409924,0.3663454056,0.4804223806,-0.857614584,0,0.7546060306,0.5895922104,4.62216014,-0.8037489057,0.275236696,0.008367141709,-0.1359865169,-0.546859779,0.07630129943,0.9,0.1089930368,-0.11085705,0.07901313336,1,0,0,0
9.540254354,7.520172596,torque,figure8,1.917538881,1.043671966,-1.329698801,2.265361107,1.149811336,-2,0.1752868295,-0.5580489039,0.3524754941,0.4758394255,-0.8669639278,0,0.7625939705,0.5567758336,4.345665595,-0.565513432,-0.6988017559,0.01670617796,0.006291504329,-0.6513555084,0.08997950235,0.9,0.0979400433,-0.0001899715075,0.08070161111,1,0,0,0
9.550251961,7.530170202,torque,figure8,1.917693019,1.039348006,-1.326448917,2.27009542,1.141097344,-2,0.1842516661,-0.5729177594,0.3462785482,0.4712483673,-0.8762399496,0,0.7669494384,0.5424760737,3.842446453,-0.4357854724,-1.153834939,0.02435902692,0.05531195397,-0.5682782303,0.09179583342,0.9,0.08493481675,0.08067141417,0.0642707287,1,0,0,0
9.560263634,7.540181875,torque,figure8,1.917953968,1.034948349,-1.323413372,2.27479035,1.132278513,-2,0.1935503185,-0.5868047476,0.3393496573,0.4666412911,-0.8854579317,0,0.7710867848,0.5281388014,3.17553206,-0.3010635674,-1.566280484,0.03322624788,0.09679194004,-0.4610457017,0.09292250249,0.9,0.07023717821,0.1572059473,0.0449907463,1,0,0,0
9.570248365,7.550166607,torque,figure8,1.918768167,1.025842071,-1.317648411,2.279426661,1.123391855,-2,0.21443744,-0.6128120422,0.3069302142,0.462037179,-0.8945795097,0,0.7779422861,0.484669674,1.794895834,-0.02742049284,-2.084844351,0.0553224422,0.1809425772,-0.330801713,0.09636533954,0.9,0.04593234224,0.2375525888,0.008050496956,1,0,0,0
9.580242395,7.560160637,torque,figure8,1.918768167,1.025842071,-1.317648411,2.284021207,1.114406079,-2,0.21443744,-0.6128120422,0.3069302142,0.4574194387,-0.9036372417,0,0.7790103066,0.4876737688,1.643244019,-0.02742049284,-2.084844351,0.0553224422,0.1412599681,-0.1693137101,0.09088874144,0.9,0.0328546398,0.2783645399,-0.001683470568,1,0,0,0
9.590242863,7.570161104,torque,figure8,1.920030594,1.016353965,-1.312775373,2.288572472,1.105324268,-2,0.2367518246,-0.6334063411,0.2569675446,0.4527894635,-0.9126276304,0,0.7848671978,0.4366567402,1.415047973,0.2291125208,-2.166531563,0.07188547403,0.1956096817,0.01393580866,0.0906625123,0.9,0.008004965739,0.3036450439,-0.03023958593,1,0,0,0
9.600260019,7.580178261,torque,figure8,1.920834422,1.011496425,-1.310752869,2.293084868,1.096137539,-2,0.2476636767,-0.6409312487,0.2295564413,0.4481425687,-0.9215589079,0,0.7879061626,0.4142943748,2.125948078,0.3441996872,-2.036482811,0.07816109806,0.1862486207,0.1940599342,0.08670199835,0.9,-0.01195820438,0.3142727306,-0.04471768859,1,0,0,0
9.610289574,7.590207815,torque,figure8,1.921739578,1.006590843,-1.308972359,2.297556168,1.086850184,-2,0.2579106987,-0.6465193033,0.2036318481,0.4434807998,-0.9304261977,0,0.7906951828,0.3956075286,2.944563918,0.4507500529,-1.815193892,0.08128856868,0.1712692071,0.3604717091,0.08276468377,0.9,-0.03079498742,0.3086712077,-0.05358286132,1,0,0,0
9.620281219,7.600199461,torque,figure8,1.922739625,1.001652002,-1.307389736,2.301964033,1.077509876,-2,0.2672970295,-0.6503251195,0.1806102991,0.4388276683,-0.939184592,0,0.7932682686,0.3814218597,3.696582243,0.5443540215,-1.487313628,0.08409459889,0.151187863,0.5057579467,0.0788631939,0.8967798035,-0.04792781903,0.2839574859,-0.05946086652,1,0,0,0
9.630285501,7.610203743,torque,figure8,1.925139189,0.9916371107,-1.305076361,2.306330846,1.068070459,-2,0.2837862074,-0.6544074416,0.1432124525,0.4341597639,-0.947877972,0,0.7962838696,0.3595093396,4.536802148,0.6874191165,-0.6356806755,0.08042315394,0.1350861248,0.6166054424,0.07386770689,0.8869341216,-0.06561024494,0.1742937895,-0.04670985819,1,0,0,0
9.640283346,7.620201588,torque,figure8,1.926453114,0.9866176248,-1.304116488,2.310648152,1.058550613,-2,0.2907101512,-0.6554835439,0.1289438009,0.4294860724,-0.9564889891,0,0.7981441256,0.3556536773,4.773634709,0.7342211008,-0.1409925967,0.07740840316,0.09235052631,0.6860556608,0.07009121915,0.8834538377,-0.08027324066,0.116356697,-0.04135876915,1,0,0,0
9.650279999,7.63019824,torque,figure8,1.929358602,0.9765364528,-1.302686214,2.314918181,1.048946211,-2,0.302757293,-0.6579902768,0.1024134085,0.4248042463,-0.9650215517,0,0.8000911685,0.3459077461,4.420906283,0.771748662,0.8893411756,0.0656253621,0.04287149639,0.6213718829,0.06807895109,0.8775102639,-0.08914212341,-0.04018479838,-0.001569307299,1,0,0,0
9.660270452,7.640188694,torque,figure8,1.930940747,0.9714676142,-1.302232265,2.31913876,1.039262937,-2,0.3083275557,-0.6604634523,0.08426234871,0.4201167348,-0.9734707821,0,0.8013574198,0.342885626,4.085003586,0.7501466274,1.354713202,0.06107917801,-0.01271902814,0.5936071979,0.06534408634,0.8735565057,-0.09669867563,-0.1069038082,0.004026862262,1,0,0,0
9.670278549,7.650196791,torque,figure8,1.93257916,0.9663771987,-1.301939964,2.323319795,1.029478321,-2,0.3136897087,-0.6645494699,0.06086498871,0.4154124317,-0.9818560246,0,0.8024635876,0.3387263038,3.646348226,0.7003704309,1.736663699,0.05492908508,-0.06589962202,0.5323036941,0.06295808998,0.8682734387,-0.09933523672,-0.1674369788,0.009522647236,1,0,0,0
9.68029952,7.660217762,torque,figure8,1.934271455,0.9612512589,-1.301843643,2.327458995,1.019597435,-2,0.3187552989,-0.6704586148,0.03427498043,0.410693635,-0.9901722414,0,0.8033822357,0.3344312111,3.182049469,0.6317807436,2.056086779,0.04813429341,-0.1148988375,0.4401419004,0.06096073455,0.8620555368,-0.09820046319,-0.2242243355,0.01514815048,1,0,0,0
9.69026041,7.670178652,torque,figure8,1.936105609,0.9560984969,-1.302155733,2.331526474,1.009693599,-2,0.3237240613,-0.6786337495,0.005176345818,0.4059948535,-0.9983587817,0,0.8038760578,0.3301808202,2.820367969,0.5478470922,2.286292315,0.04661132768,-0.1568494281,0.320609362,0.05943340468,0.854875531,-0.09326590079,-0.2729751419,0.01573564202,1,0,0,0
9.700258017,7.680176258,torque,figure8,1.939925313,0.9455556273,-1.303479195,2.335561842,0.9996716631,-2,0.3330208957,-0.7020759583,-0.05590131134,0.4012705498,-1.006494818,0,0.802868632,0.3169444967,3.075369103,0.3539556265,2.316228867,0.04408916458,-0.2021761694,-0.05470410638,0.06340148962,0.8382312196,-0.07154198836,-0.3357690591,0.03775073502,1,0,0,0
9.710253239,7.69017148,torque,figure8,1.941905022,0.9401313663,-1.304479361,2.339548991,0.9895712118,-2,0.3373354077,-0.7167657614,-0.08250173926,0.3965392537,-1.014547457,0,0.8026917122,0.3146197234,3.608553796,0.2540594935,2.153316021,0.04304467514,-0.226547053,-0.1915910906,0.0621046027,0.8305557556,-0.06185687389,-0.3302233352,0.03025103716,1,0,0,0
9.720271349,7.70018959,torque,figure8,1.943928838,0.9345867038,-1.305670261,2.343497778,0.9793672785,-2,0.3414633274,-0.7328817844,-0.1057455391,0.3917890737,-1.022536153,0,0.8023430836,0.3124331177,4.207104091,0.15290685,1.90063262,0.04393997043,-0.2402002275,-0.324906659,0.06152672303,0.8234890119,-0.04991075184,-0.3123298557,0.02362618791,1,0,0,0
9.730231047,7.710149288,torque,figure8,1.948241591,0.9232330322,-1.308944464,2.347376329,0.9691439189,-2,0.349581778,-0.7676939964,-0.1404277682,0.3870586973,-1.030395872,0,0.7993585567,0.3002278348,5.423236485,-0.02118208632,1.148988724,0.04863885418,-0.2237385409,-0.6810501211,0.07087862864,0.8112785628,-0.02150215961,-0.2686171374,0.03810347524,1,0,0,0
9.740275145,7.720193386,torque,figure8,1.948241591,0.9232330322,-1.308944464,2.351239994,0.9587550658,-2,0.349581778,-0.7676939964,-0.1404277682,0.3822803613,-1.038238348,0,0.8007666834,0.3065671237,5.203350219,-0.02118208632,1.148988724,0.04863885418,-0.2387979584,-0.5150211774,0.06017104686,0.8119460257,-0.02531853911,-0.2260692385,0.00446201931,1,0,0,0
9.750265837,7.730184078,torque,figure8,1.952720284,0.9113103151,-1.312619209,2.355035464,0.9483437288,-2,0.3577374816,-0.8041985631,-0.1640325785,0.3775196846,-1.04595496,0,0.7973213462,0.2928210683,5.769218501,-0.1461972445,0.1394738555,0.05373826623,-0.1938190802,-0.7905477329,0.07109024793,0.8030289068,0.0008406878215,-0.1395823406,0.01876174002,1,0,0,0
9.760259151,7.740177393,torque,figure8,1.955063581,0.9051693082,-1.314800501,2.358784312,0.9378529563,-2,0.3620651066,-0.8226078749,-0.175311327,0.3727501248,-1.053589002,0,0.7959629404,0.2901732446,5.615004321,-0.1927859038,-0.3989622593,0.05572054908,-0.1731524021,-0.7765811908,0.0694343636,0.7993549025,0.01010280979,-0.05712586377,0.003272278171,1,0,0,0
9.770258665,7.750176907,torque,figure8,1.957451582,0.8988803625,-1.317059755,2.362487739,0.9272797418,-2,0.3666026294,-0.8408802152,-0.1880912781,0.3679700612,-1.061142473,0,0.7945238769,0.2896474768,5.236332101,-0.2241894603,-0.9257007837,0.05712189525,-0.1491511125,-0.7331940265,0.0675370246,0.7955585793,0.01766014982,0.02634486147,-0.01074757751,1,0,0,0
9.780268431,7.760186672,torque,figure8,1.962366104,0.8858731389,-1.32187438,2.366147054,0.9166204701,-2,0.3762518764,-0.8753455281,-0.2184448093,0.3631776349,-1.068617612,0,0.7898346725,0.291964328,4.069572589,-0.2755469084,-1.902537942,0.05707009882,-0.07785787037,-0.7298012756,0.07103445187,0.786654766,0.036641084,0.148695179,-0.02080968435,1,0,0,0
9.790251493,7.770169735,torque,figure8,1.964916945,0.8791637421,-1.324651003,2.36974879,0.9059155397,-2,0.381385237,-0.8904236555,-0.2351500392,0.3583906539,-1.07598643,0,0.7878456384,0.300429418,3.103888028,-0.2867048979,-2.285228014,0.05591589212,-0.04921989464,-0.5555191193,0.0652180594,0.7820525549,0.04115445437,0.2352981321,-0.03990300473,1,0,0,0
9.800250292,7.780168533,torque,figure8,1.967517257,0.8723407388,-1.327541351,2.373308266,0.895120433,-2,0.3865262866,-0.9034867883,-0.2518574595,0.3535888776,-1.083279799,0,0.7857390738,0.311195404,2.075181834,-0.2868640721,-2.572605371,0.0559615083,-0.0176577033,-0.3636076814,0.05963124122,0.7772426477,0.04474754945,0.3084226856,-0.05577722239,1,0,0,0
9.810184956,7.790103197,torque,figure8,1.975626826,0.85132128,-1.337106466,2.376797324,0.8843227759,-2,0.4022808671,-0.928841114,-0.3034677804,0.348810811,-1.090439505,0,0.7755351084,0.3479450828,2.162376838,-0.2059996575,-2.675346613,0.04681567475,0.1270181575,-0.07973009186,0.05268141103,0.7597842705,0.05968677698,0.3380448572,-0.07346011718,1,0,0,0
9.820283175,7.800201416,torque,figure8,1.975626826,0.85132128,-1.337106466,2.38029514,0.8732749088,-2,0.4022808671,-0.928841114,-0.3034677804,0.3439469389,-1.09762774,0,0.7769596149,0.3521142799,2.387483144,-0.2059996575,-2.675346613,0.04681567475,0.0907541493,0.1443051065,0.04636503714,0.7599707882,0.04805102,0.3952271722,-0.07378024122,1,0,0,0
9.830211163,7.810129404,torque,figure8,1.981292129,0.8370187879,-1.344253302,2.383686075,0.8623429589,-2,0.4121635556,-0.9340256453,-0.3284618556,0.3391581351,-1.10460642,0,0.7697830438,0.3772463158,4.301056467,-0.07405535132,-2.10277009,0.03476825729,0.1754804478,0.4113125178,0.03839141011,0.7493033578,0.04520767683,0.3461280247,-0.06613699615,1,0,0,0
9.840275526,7.820193768,torque,figure8,1.981292129,0.8370187879,-1.344253302,2.387075028,0.8511905747,-2,0.4121635556,-0.9340256453,-0.3284618556,0.3342966411,-1.111590946,0,0.7712744864,0.3814182519,4.557405796,-0.07405535132,-2.10277009,0.03476825729,0.139350635,0.5841674669,0.03551592621,0.749360533,0.03383319286,0.38585023,-0.06107002791,1,0,0,0
9.850286245,7.830204487,torque,figure8,1.987148762,0.8226034641,-1.35174942,2.390397346,0.8400283534,-2,0.4209118187,-0.9327195883,-0.3387946784,0.329454257,-1.118447771,0,0.7636372577,0.3970406497,5.882588614,0.08676693588,-1.18492496,0.01902398467,0.2154970313,0.7563319053,0.02989385349,0.7423034508,0.02715831345,0.272929699,-0.03628792057,1,0,0,0
9.860259533,7.840177774,torque,figure8,1.990143776,0.8153703213,-1.355579376,2.393659003,0.8288400625,-2,0.4249219298,-0.9307001233,-0.3403008878,0.3246233309,-1.125188678,0,0.7604498095,0.4045865807,6.338033366,0.1738646477,-0.6512948275,0.01155080274,0.2229145212,0.8727757688,0.02733389843,0.740020132,0.01447426439,0.2164835401,-0.01687687974,1,0,0,0
9.870258331,7.850176573,torque,figure8,1.993178248,0.8081570864,-1.359391451,2.396880605,0.8175561199,-2,0.4286804497,-0.9283352494,-0.3403668106,0.3197734842,-1.131855827,0,0.7572603568,0.4112552957,6.539919339,0.2593033016,-0.08463539928,0.004267355893,0.2257876938,0.9443056065,0.02605666523,0.7384609,0.001698266443,0.147529231,0.004572054992,1,0,0,0
9.880264282,7.860182524,torque,figure8,1.996249557,0.8009653687,-1.363176584,2.400055935,0.8061978289,-2,0.4321861565,-0.9259026051,-0.3394103348,0.3149136875,-1.138435988,0,0.7540762778,0.4172800574,6.471770383,0.3410843015,0.5075886846,-0.001868895255,0.2237159848,0.9709288078,0.02598893767,0.7375750381,-0.0110443495,0.06777034267,0.02681388905,1,0,0,0
9.89028883,7.870207071,torque,figure8,1.999373436,0.7937806845,-1.367070913,2.403188372,0.7947528667,-2,0.4356373549,-0.9239413738,-0.3399162889,0.3100384561,-1.144935799,0,0.7507773812,0.4244487044,6.136563121,0.4137422144,1.088362098,-0.004922141787,0.2170556303,0.9548292639,0.0269998504,0.7366603114,-0.02296082193,-0.01675348092,0.0467752288,1,0,0,0
9.900243044,7.880161285,torque,figure8,2.005724669,0.7794462442,-1.37485671,2.40625044,0.7833241899,-2,0.4421718121,-0.9231176376,-0.347769022,0.3051911869,-1.151297791,0,0.7424554296,0.4379191325,4.507210005,0.5303203464,2.065515757,-0.00949465204,0.2232366744,0.7155163694,0.03370661373,0.7336934599,-0.0343595339,-0.1921081282,0.1014325017,1,0,0,0
9.910238028,7.890156269,torque,figure8,2.008950949,0.7722753286,-1.378775597,2.409276472,0.7717854499,-2,0.4452049732,-0.9249923229,-0.3534767032,0.3003179036,-1.157592868,0,0.7390402724,0.4472594953,3.541360915,0.5735283494,2.429320812,-0.007520403713,0.1924805597,0.6032322192,0.0370076691,0.7317862818,-0.04725729415,-0.2576042577,0.1097220408,1,0,0,0
9.92024684,7.900165081,torque,figure8,2.012207508,0.7651605606,-1.382812262,2.412257851,0.760168165,-2,0.4480015934,-0.9286599159,-0.3597749472,0.29543179,-1.163802789,0,0.7355174404,0.4560786428,2.485386029,0.6023088098,2.667120695,-0.003176749451,0.1609410998,0.4623428804,0.04056438586,0.7294950803,-0.05749833726,-0.310046686,0.111705889,1,0,0,0
9.930279016,7.910197258,torque,figure8,2.015492678,0.7580085397,-1.386876106,2.415197083,0.7484618631,-2,0.4506193101,-0.9345817566,-0.3668539524,0.2905282561,-1.169932443,0,0.73196698,0.4643284542,1.498278763,0.6232261658,2.768299341,0.004588152748,0.1287017226,0.2988284525,0.04409785065,0.7266773488,-0.06611858871,-0.3471559427,0.1065876291,1,0,0,0
9.940259218,7.92017746,torque,figure8,2.022142887,0.7435193062,-1.395112038,2.418072247,0.7367556657,-2,0.4552728534,-0.9529892802,-0.3822189569,0.2856442513,-1.175935705,0,0.7229766606,0.4738884911,2.043391285,0.690777421,2.525817871,0.02670864388,0.0881422424,-0.1685554978,0.05737903284,0.7190898336,-0.07808432599,-0.3882582716,0.117110773,1,0,0,0
9.950237274,7.930155516,torque,figure8,2.02546978,0.7362810373,-1.39934206,2.420898036,0.7249925635,-2,0.4570750594,-0.9649842381,-0.388548553,0.2807555371,-1.181842834,0,0.7192224246,0.4786295045,3.0214896,0.7230854034,2.235089302,0.03904685378,0.04024838001,-0.3158878453,0.05819811383,0.7152965653,-0.09111085857,-0.3647685813,0.08702766151,1,0,0,0
9.960263252,7.940181494,torque,figure8,2.028816462,0.72893852,-1.403590918,2.423688236,0.7131140792,-2,0.4585062265,-0.97843045,-0.3930957913,0.2758376425,-1.187682336,0,0.7154564452,0.4813298916,3.928477528,0.7476859689,1.850785136,0.05012829602,-0.006934331176,-0.4522845708,0.05860061827,0.7117748459,-0.1022263317,-0.3277019854,0.05916433836,1,0,0,0
9.970240116,7.950158358,torque,figure8,2.038943291,0.7062057257,-1.416278362,2.426415795,0.701236146,-2,0.4602889419,-1.023105621,-0.3927046061,0.2709382655,-1.19339724,0,0.7006358461,0.4680489522,6.144836093,0.8098644018,0.3138282895,0.08414962888,-0.1118039013,-1.05721355,0.0820174072,0.70367287,-0.121282859,-0.2288695554,0.08202096472,1,0,0,0
9.980258226,7.960176468,torque,figure8,2.038943291,0.7062057257,-1.416278362,2.429105419,0.68925222,-2,0.4602889419,-1.023105621,-0.3927046061,0.2660131385,-1.199038955,0,0.7023139313,0.4721361385,5.880063915,0.8098644018,0.3138282895,0.08414962888,-0.1374498746,-0.8098816161,0.06358269495,0.7043374035,-0.1287127763,-0.1613457714,0.001165918979,1,0,0,0
9.990183115,7.970101357,torque,figure8,2.045584679,0.6906738877,-1.424649477,2.431721334,0.6773245535,-2,0.4587138593,-1.054561615,-0.3934277296,0.26112851,-1.204532056,0,0.6930425282,0.4650983572,6.198834627,0.775144577,-0.8529498577,0.09462244064,-0.2344629631,-0.986851284,0.07066594268,0.7000573857,-0.1370391421,-0.03889762254,0.003335668812,1,0,0,0
10.00024343,7.980161667,torque,figure8,2.045584679,0.6906738877,-1.424649477,2.43432344,0.6651789894,-2,0.4587138593,-1.054561615,-0.3934277296,0.2561719171,-1.210002024,0,0.6948352603,0.4690099547,5.941282093,0.775144577,-0.8529498577,0.09462244064,-0.2464070349,-0.7485050208,0.05358568861,0.7007006536,-0.1403088277,0.02391731507,-0.06455819348,1,0,0,0
10.01020861,7.990126848,torque,figure8,2.052209854,0.6746313572,-1.432962894,2.436851755,0.6530945091,-2,0.4546908736,-1.083772659,-0.3957636058,0.2512570168,-1.215322478,0,0.6855248405,0.4640253448,5.518555109,0.6539153457,-1.878480434,0.09601838887,-0.341346093,-0.7949975721,0.05961129733,0.697036185,-0.1365600171,0.1403384232,-0.04365654824,1,0,0,0
10.02027321,8.00019145,torque,figure8,2.055411816,0.6664941907,-1.43710494,2.439355555,0.6408361465,-2,0.4517330229,-1.096245289,-0.3967166543,0.2462879534,-1.220596787,0,0.6818518745,0.4637403105,5.062303341,0.5632872581,-2.258390427,0.0935081467,-0.3858948304,-0.6287509579,0.0522923723,0.6957156419,-0.1302430802,0.224484546,-0.06664020557,1,0,0,0
10.03016877,8.010087013,torque,figure8,2.058596373,0.6582581401,-1.441233635,2.44176852,0.6287323992,-2,0.4482706487,-1.107055783,-0.3976604044,0.2413974213,-1.225684875,0,0.6781685003,0.4636843655,4.677812795,0.4593259096,-2.509541512,0.08812194318,-0.4230263221,-0.4503612032,0.04589257607,0.6943098513,-0.1207136572,0.2896831174,-0.0794945977,1,0,0,0
10.04025578,8.020174026,torque,figure8,2.061759233,0.6499372125,-1.445348024,2.444178336,0.6163431609,-2,0.4443179965,-1.116056561,-0.3982240856,0.2364073459,-1.230771343,0,0.6745455835,0.4636472171,4.477392143,0.3481830955,-2.661087751,0.0806575045,-0.451900297,-0.2570017408,0.0398629216,0.6928376691,-0.1087227303,0.3415101031,-0.08590850079,1,0,0,0
10.05019021,8.030108452,torque,figure8,2.064895868,0.6415467262,-1.449448109,2.446502475,0.6040916823,-2,0.4399178624,-1.123152852,-0.3993690908,0.2314879947,-1.235681724,0,0.6709201651,0.4643290078,4.553375175,0.2325401306,-2.701314926,0.07350099832,-0.4735155156,-0.05909406267,0.03438339231,0.6909857713,-0.09505440627,0.3769304732,-0.08832002808,1,0,0,0
10.06029463,8.04021287,torque,figure8,2.070855379,0.624622643,-1.457636118,2.448816228,0.5915810309,-2,0.4300101101,-1.131723881,-0.4035235941,0.2264797211,-1.240574797,0,0.6618948043,0.4648703391,5.33509554,-0.0050977231,-2.382073641,0.05837964267,-0.5141433279,0.1603509603,0.03584128166,0.6859859647,-0.06884663463,0.3502585906,-0.0524161008,1,0,0,0
10.07018781,8.050106049,torque,figure8,2.073787928,0.6161159873,-1.461732149,2.451032558,0.5792845148,-2,0.4247861803,-1.133401394,-0.4068887234,0.2215716111,-1.245266178,0,0.6583330065,0.4683677234,5.878030887,-0.1062950268,-2.054020643,0.05011520162,-0.5106170781,0.3684919076,0.02914491665,0.6831055107,-0.05287177247,0.3396887889,-0.05742321846,1,0,0,0
10.08025026,8.060168505,torque,figure8,2.076687098,0.6075975299,-1.465838194,2.453236977,0.566730495,-2,0.4194552004,-1.133577466,-0.410602212,0.2165750166,-1.249936559,0,0.6548196403,0.4725399285,6.392442606,-0.1903517544,-1.629305243,0.0415792428,-0.5004727534,0.5475962893,0.02343496829,0.6801458893,-0.03845573523,0.3091018639,-0.05678307051,1,0,0,0
10.09019613,8.070114374,torque,figure8,2.07941556,0.5990357399,-1.469952583,2.455366426,0.5542762505,-2,0.4140352309,-1.132700682,-0.4137580991,0.2116319501,-1.254452091,0,0.6513775629,0.4764307487,6.79305714,-0.269059062,-1.142625332,0.03537653759,-0.4868801249,0.6884415992,0.01893099137,0.6774515675,-0.02467566978,0.2625014463,-0.05362666062,1,0,0,0
10.10025859,8.08017683,torque,figure8,2.084779024,0.5819388032,-1.478187084,2.457470784,0.5416308246,-2,0.4038815796,-1.128928542,-0.4173667729,0.2066266266,-1.258918266,0,0.6425049415,0.4795850997,6.876377313,-0.3981275856,-0.0738240853,0.02326361835,-0.4673198477,0.7285608319,0.0201202889,0.6734794567,-0.005335808419,0.1116429514,-0.0285301165,1,0,0,0
10.11029863,8.090216875,torque,figure8,2.087418079,0.573410213,-1.482291222,2.459520236,0.5289692889,-2,0.3992840648,-1.126876473,-0.4175247848,0.2016282286,-1.263271589,0,0.6391067123,0.4816621254,6.686522755,-0.4436128139,0.4717500806,0.01733269356,-0.4293245475,0.7720995721,0.01685608357,0.6723750656,0.008350320436,0.04398472785,-0.02361537493,1,0,0,0
10.12026978,8.100188017,torque,figure8,2.089865685,0.5649027228,-1.486361742,2.461505934,0.5163518982,-2,0.394795537,-1.125049472,-0.4167754948,0.19666006,-1.267492951,0,0.6358442556,0.4829592375,6.27953582,-0.4788706899,1.011204243,0.01229355764,-0.3925854714,0.7689069669,0.01497445976,0.6717845543,0.01961159711,-0.03091421143,-0.01515192546,1,0,0,0
10.13029504,8.11021328,torque,figure8,2.092291594,0.5564041138,-1.49040699,2.463452447,0.5036241027,-2,0.390810132,-1.124034166,-0.4152266383,0.1916609338,-1.271634318,0,0.6326382413,0.4835900837,5.666092933,-0.5032220483,1.499689579,0.008533800021,-0.3518954523,0.720891134,0.01483035112,0.6715990468,0.02973032143,-0.1061549451,-0.003896166056,1,0,0,0
10.14024067,8.120158911,torque,figure8,2.097093582,0.5394009948,-1.498395443,2.465333957,0.4909568904,-2,0.3843154609,-1.125435352,-0.4093895555,0.1866976615,-1.275640497,0,0.6241433625,0.4787631861,3.845034155,-0.5184670687,2.206776857,0.002825059462,-0.2922578918,0.4036742848,0.02091829863,0.6718480335,0.03911449363,-0.2573571475,0.01816568634,1,0,0,0
10.15017462,8.130092859,torque,figure8,2.099302769,0.5309458971,-1.502331972,2.467163963,0.4782652904,-2,0.3815212846,-1.128139734,-0.4056235254,0.1817364863,-1.279539946,0,0.6211043156,0.4768295649,2.964984709,-0.5137630701,2.416888475,0.0006892137462,-0.246774584,0.2793556805,0.02246262092,0.6720390902,0.04563987836,-0.3019908969,0.02939704028,1,0,0,0
10.16023159,8.140149832,torque,figure8,2.10150528,0.5224590898,-1.506220818,2.468966411,0.4653775771,-2,0.379185468,-1.132412314,-0.4012124538,0.1767101718,-1.283383499,0,0.618145503,0.4740885753,2.258564732,-0.4983848333,2.535022259,-0.001124443719,-0.2016079399,0.1324253746,0.02540487589,0.6721441605,0.05027698733,-0.3378558463,0.04186409273,1,0,0,0
10.17023039,8.15014863,torque,figure8,2.107954025,0.4967839718,-1.517609358,2.470708302,0.4525266143,-2,0.3751111031,-1.156009078,-0.3919203877,0.1717093437,-1.287100589,0,0.6051860131,0.4606070455,3.731366299,-0.38549155,2.123045206,0.00649482524,-0.1222886733,-0.6352021502,0.03924850627,0.6687504646,0.0436285632,-0.4105556367,0.04831892532,1,0,0,0
10.18024158,8.160159826,torque,figure8,2.107954025,0.4967839718,-1.517609358,2.47240224,0.439623004,-2,0.3751111031,-1.156009078,-0.3919203877,0.1666988322,-1.290717865,0,0.6072813262,0.4638789953,3.461096843,-0.38549155,2.123045206,0.00649482524,-0.09674572398,-0.4314754892,0.03694330699,0.6692170298,0.04878437562,-0.357683109,0.05184129831,1,0,0,0
10.19017696,8.170095205,torque,figure8,2.110009193,0.4881447554,-1.521326303,2.47403374,0.4267818284,-2,0.3743982017,-1.167115927,-0.3899526298,0.1617229214,-1.294204153,0,0.6044896914,0.462001348,4.21466997,-0.3179371357,1.749886513,0.009907822125,-0.06176987891,-0.5681464298,0.04100770774,0.6676643124,0.04416365728,-0.323349807,0.05295984458,1,0,0,0
10.20025182,8.180170059,torque,figure8,2.112073898,0.4794059396,-1.525014639,2.475637643,0.413725545,-2,0.3739962578,-1.179347277,-0.3879736662,0.1566738571,-1.297633712,0,0.60175045,0.4601567909,4.846571789,-0.2381548285,1.297276497,0.01470632572,-0.03094589504,-0.6824293907,0.04507851804,0.6661152588,0.03717101211,-0.274859926,0.05045830884,1,0,0,0
10.2101984,8.190116644,torque,figure8,2.118061304,0.4527543485,-1.535885572,2.477171209,0.4008021165,-2,0.373560369,-1.219189763,-0.3802048862,0.1516859161,-1.30091495,0,0.5891189694,0.4477309845,6.061342991,0.03846319392,-0.3161432147,0.03273235634,-0.007495036681,-1.22155124,0.0571744535,0.6619027657,0.0009190991861,-0.1619191913,0.04023478678,1,0,0,0
10.22024775,8.200165987,torque,figure8,2.118061304,0.4527543485,-1.535885572,2.478670218,0.3877125611,-2,0.373560369,-1.219189763,-0.3802048862,0.1466433588,-1.304124214,0,0.5913302165,0.4508447027,5.790695857,0.03846319392,-0.3161432147,0.03273235634,0.009893725431,-0.9519138974,0.05403646552,0.6624480398,0.003395852072,-0.08827393132,0.02570713956,1,0,0,0
10.23017812,8.210096359,torque,figure8,2.122027874,0.4344986677,-1.542912006,2.480101688,0.3747468103,-2,0.3731570542,-1.244281888,-0.3712092638,0.1416575523,-1.307190694,0,0.583709324,0.4419794733,5.313619532,0.2086462677,-1.391002536,0.0449937433,0.005952327829,-1.06292904,0.05938383809,0.6622563407,-0.02126245047,0.02922974223,0.01454496287,1,0,0,0
10.24028587,8.220204115,torque,figure8,2.122027874,0.4344986677,-1.542912006,2.481507868,0.3615187224,-2,0.3731570542,-1.244281888,-0.3712092638,0.1365797814,-1.310204722,0,0.586072839,0.4450965553,5.043292498,0.2086462677,-1.391002536,0.0449937433,0.02118998127,-0.8107678985,0.05603156365,0.6627472483,-0.01943520145,0.09542325928,-0.004475089137,1,0,0,0
10.25020957,8.230127811,torque,figure8,2.12402916,0.4252156615,-1.546349525,2.482838497,0.3485024024,-2,0.372623086,-1.25536418,-0.3659916222,0.1315917256,-1.313058385,0,0.5834619248,0.442011997,4.338282615,0.2852792144,-1.865095854,0.05004629865,0.01777722925,-0.7227968976,0.05640825145,0.663386993,-0.0310887311,0.1732630282,-0.01782739234,1,0,0,0
10.2602644,8.240182638,torque,figure8,2.127830744,0.4064938128,-1.552965641,2.484136209,0.3352857386,-2,0.3702489138,-1.273167014,-0.3542831242,0.1265350824,-1.315842929,0,0.5760762906,0.4321275245,2.784590748,0.3847898841,-2.519082785,0.05615907907,-0.02175244171,-0.6425345105,0.05792468526,0.6647436684,-0.05157413613,0.2562600003,-0.02270814851,1,0,0,0
10.27026415,8.25018239,torque,figure8,2.129737616,0.3970263302,-1.55619216,2.485376374,0.3221142349,-2,0.3684847057,-1.279607058,-0.348628819,0.1215035672,-1.318505351,0,0.5736341582,0.4290160992,1.918696259,0.4099193513,-2.680016041,0.05772453547,-0.03787248078,-0.433469017,0.05581543294,0.6653841061,-0.05774079242,0.3152178544,-0.03623656449,1,0,0,0
10.28026628,8.260184526,torque,figure8,2.131644011,0.3875061572,-1.559363842,2.48656649,0.3089134918,-2,0.3663251698,-1.284301996,-0.3428510427,0.1164683911,-1.321061576,0,0.5712328746,0.4258245109,1.568813345,0.4271716774,-2.730002165,0.05620803311,-0.05617408524,-0.222765697,0.05351343439,0.6658077704,-0.06299454375,0.3563340461,-0.04442994768,1,0,0,0
10.29020262,8.270120859,torque,figure8,2.133458853,0.3779558837,-1.562441111,2.487698898,0.2957748073,-2,0.3636534512,-1.28723371,-0.3377699256,0.1114640048,-1.323494988,0,0.5689442156,0.4230873666,2.083906364,0.433413595,-2.670375586,0.05690335855,-0.07819969626,-0.01528571757,0.05094106214,0.6657948033,-0.06739238254,0.3797882364,-0.05241852611,1,0,0,0
10.30025482,8.280173063,torque,figure8,2.13706398,0.3587963283,-1.568468809,2.488793901,0.2824588428,-2,0.3569861948,-1.28797698,-0.3299182951,0.1063989931,-1.325849076,0,0.5619257227,0.416022022,3.797821995,0.4061954916,-2.18768239,0.05220577866,-0.1447824064,0.2029842873,0.05113824743,0.6644776657,-0.07425911131,0.3311068306,-0.03343125075,1,0,0,0
10.31022644,8.290144682,torque,figure8,2.140531301,0.3396365643,-1.574325085,2.489829812,0.2692267842,-2,0.3486441374,-1.283149004,-0.3256121278,0.1013724348,-1.328077076,0,0.5551271205,0.411321145,5.167121953,0.3512941003,-1.330494642,0.04523500428,-0.2130909719,0.3944481899,0.05160092056,0.6621738891,-0.07744807731,0.2337301475,-0.01426375789,1,0,0,0
10.32024288,8.300161123,torque,figure8,2.140531301,0.3396365643,-1.574325085,2.490819907,0.2559134187,-2,0.3486441374,-1.283149004,-0.3256121278,0.09632122716,-1.330207405,0,0.557593764,0.4146137985,5.350992423,0.3512941003,-1.330494642,0.04523500428,-0.1799559756,0.5741621092,0.04461068138,0.6621511425,-0.0697000524,0.2753725529,-0.04247550728,1,0,0,0
10.3302412,8.310159445,torque,figure8,2.143833637,0.3205528855,-1.580105066,2.491757743,0.2426033959,-2,0.3391290307,-1.274975657,-0.3207583725,0.09127720555,-1.332226073,0,0.550853031,0.4093825483,5.933289121,0.2855460644,-0.2692891359,0.0389021039,-0.2504040686,0.6388099884,0.04613390179,0.6606313002,-0.07248552201,0.1290097872,-0.02027275083,1,0,0,0
10.34025621,8.320174456,torque,figure8,2.143833637,0.3205528855,-1.580105066,2.492646577,0.2292514632,-2,0.3391290307,-1.274975657,-0.3207583725,0.08622291209,-1.334139967,0,0.5534601814,0.4127321818,6.117756281,0.2855460644,-0.2692891359,0.0389021039,-0.2137422537,0.7785208656,0.04027926095,0.6605904639,-0.06378620894,0.1581625332,-0.03853417394,1,0,0,0
10.3502264,8.330144644,torque,figure8,2.148469448,0.2921487689,-1.588443756,2.493481145,0.2159407858,-2,0.3238061666,-1.263089418,-0.3077671826,0.0811894997,-1.335937632,0,0.5424198281,0.3986105217,5.235185788,0.1376107186,1.30604291,0.02845417336,-0.3271448412,0.5466831694,0.04691260795,0.6617768031,-0.06466753061,-0.1089139936,-0.004343799892,1,0,0,0
10.36025047,8.340168715,torque,figure8,2.148469448,0.2921487689,-1.588443756,2.494269624,0.2025406465,-2,0.3238061666,-1.263089418,-0.3077671826,0.07612723751,-1.337636573,0,0.5449641448,0.4020233437,5.390782121,0.1376107186,1.30604291,0.02845417336,-0.2795510335,0.6780747527,0.04148543091,0.6617964605,-0.05255832621,-0.08126001223,-0.01288328756,1,0,0,0
10.3702383,8.350156546,torque,figure8,2.149941444,0.2827266455,-1.591121197,2.495004774,0.1891725553,-2,0.3186806142,-1.260630608,-0.3022643328,0.07108173597,-1.339221092,0,0.5431417358,0.3985541313,4.803984302,0.08204252273,1.773074627,0.02488164976,-0.285266408,0.5994690185,0.04156262948,0.6628978631,-0.04509307344,-0.1588869802,-0.004693036432,1,0,0,0
10.38024855,8.360166788,torque,figure8,2.152741909,0.2639830709,-1.596243382,2.495691004,0.1757591317,-2,0.3086488247,-1.259316325,-0.2899363339,0.06602347234,-1.340700589,0,0.5370446461,0.3867215248,3.320898607,-0.03125345334,2.521190166,0.01725284383,-0.3278835025,0.2363698622,0.04563000129,0.6652876789,-0.03829529847,-0.3223139843,0.008483802444,1,0,0,0
10.39020801,8.370126247,torque,figure8,2.154073238,0.2546381652,-1.598686934,2.496323495,0.1623995969,-2,0.3038500547,-1.261155009,-0.2841148674,0.06098954019,-1.342064589,0,0.5354394168,0.3824249567,2.886134499,-0.08844668418,2.733644009,0.01608888246,-0.3168123289,0.08114085695,0.04622312231,0.6661630479,-0.02714842742,-0.3719672671,0.01380335238,1,0,0,0
10.40024495,8.380163193,torque,figure8,2.155379534,0.2452645302,-1.601080656,2.496910179,0.1489229254,-2,0.2992427647,-1.264663458,-0.2781087756,0.05591520419,-1.343330112,0,0.5339115374,0.3778111105,2.945093817,-0.1446857601,2.81549263,0.01413404383,-0.3031033852,-0.0936498258,0.04757512869,0.66677182,-0.01625679721,-0.4066641192,0.02137522982,1,0,0,0
10.41016603,8.390084267,torque,figure8,2.156665802,0.2358473241,-1.603426218,2.497440033,0.1355898886,-2,0.2949406207,-1.270273089,-0.2732624412,0.05089832745,-1.344473302,0,0.5323996565,0.373811014,3.518027255,-0.1958114356,2.76433301,0.01393663883,-0.2869939572,-0.2834393384,0.04979564071,0.66673186,-0.006102935339,-0.4256831618,0.027962478,1,0,0,0
10.42024684,8.400165081,torque,figure8,2.159006596,0.2170660198,-1.607924223,2.497927431,0.1220311083,-2,0.2868522406,-1.287558794,-0.2684475482,0.04579963479,-1.345525106,0,0.5268988345,0.3654183058,5.46312122,-0.267693609,2.149538279,0.01493932586,-0.2973295412,-0.7803761008,0.0542432703,0.6642299683,-0.001072728762,-0.4212807717,0.02012565042,1,0,0,0
10.4302268,8.410145044,torque,figure8,2.16015625,0.2075422853,-1.61014986,2.498359318,0.1085980753,-2,0.2833152413,-1.29876399,-0.2674285471,0.04075102202,-1.346457289,0,0.5255039515,0.364184128,6.221838849,-0.2868978679,1.655015707,0.01484419592,-0.267507205,-0.9062745635,0.05675660756,0.6626858892,0.007520443416,-0.36424879,0.02669569515,1,0,0,0
10.44027233,8.420190573,torque,figure8,2.161295176,0.197914362,-1.612365723,2.498743155,0.09506794624,-2,0.2800883055,-1.311147571,-0.2663461268,0.0356684117,-1.347285897,0,0.5241267567,0.3633005951,6.789667823,-0.2925510406,1.083296776,0.01763293706,-0.2376461192,-1.008409659,0.05963742929,0.6613036687,0.01372196789,-0.2945355336,0.02932592429,1,0,0,0
10.4502728,8.43019104,torque,figure8,2.16232276,0.1883124113,-1.614509821,2.499074553,0.081590789,-2,0.2769832611,-1.324077487,-0.265171349,0.03060787627,-1.348001404,0,0.5228708759,0.3627520205,7.116135896,-0.2904882431,0.4619240165,0.01935461536,-0.2104955786,-1.077481148,0.06218533092,0.6602597766,0.01784609433,-0.2141323313,0.02997058069,1,0,0,0
10.46025229,8.440170527,torque,figure8,2.164361954,0.1687577963,-1.618766069,2.499354803,0.06813531724,-2,0.2715411186,-1.350188732,-0.2621308267,0.02555733977,-1.348606554,0,0.5173822593,0.359476137,7.169289423,-0.2690270841,-0.8735847473,0.02297737636,-0.2013390008,-1.292942066,0.06655218309,0.6590995481,0.0131079366,-0.07542720541,0.02381923558,1,0,0,0
10.47023392,8.450152159,torque,figure8,2.166293621,0.1488534361,-1.622909069,2.499584693,0.05467145431,-2,0.2665297687,-1.372883558,-0.255666256,0.02050520175,-1.349103012,0,0.5120065962,0.3556105122,6.061981166,-0.2259072065,-2.117275715,0.02814081497,-0.1843611245,-1.291277705,0.07016491803,0.6604896571,0.007823260478,0.0881667245,0.02155113628,1,0,0,0
10.48025656,8.460174799,torque,figure8,2.166293621,0.1488534361,-1.622909069,2.499764786,0.04114783935,-2,0.2665297687,-1.372883558,-0.255666256,0.01543189168,-1.349491961,0,0.5147825594,0.3591135546,5.824772846,-0.2259072065,-2.117275715,0.02814081497,-0.1284911031,-1.021105031,0.06935971552,0.6608616697,0.02099453945,0.1621129279,0.01295889042,1,0,0,0
10.4902637,8.470181942,torque,figure8,2.167212963,0.1388034374,-1.624916077,2.499893868,0.027641794,-2,0.2640681863,-1.382021904,-0.2513133585,0.01036611282,-1.34977076,0,0.5135381632,0.3585572235,4.770189655,-0.2011668235,-2.644717932,0.03126073629,-0.100839557,-0.865252712,0.07024076325,0.6623183348,0.02150012787,0.2605523881,0.004101936309,1,0,0,0
10.50028253,8.480200768,torque,figure8,2.169047356,0.1184844673,-1.628831863,2.499972317,0.0141177358,-2,0.2591331005,-1.394212604,-0.2408791035,0.005294209548,-1.349940206,0,0.5081038579,0.3527278984,2.472766775,-0.1467045546,-3.339369059,0.03558469191,-0.09171077693,-0.653701994,0.07163008388,0.6651021454,0.01227375626,0.3703685597,-0.001048017676,1,0,0,0
10.51018548,8.490103722,torque,figure8,2.169961691,0.1082501188,-1.630736351,2.499999922,0.0007489561684,-2,0.2566314638,-1.396901488,-0.2361218631,0.0002808585719,-1.349999832,0,0.5067912553,0.3516659387,1.481856087,-0.1224811375,-3.473719597,0.03602740169,-0.06187134601,-0.3789365195,0.07042481942,0.6660112193,0.01403844933,0.4360441501,-0.01153105249,1,0,0,0
10.52026868,8.50018692,torque,figure8,2.170806408,0.09801389277,-1.632570028,2.499977019,-0.01286320418,-2,0.2538838089,-1.397242785,-0.2322501987,-0.004823745909,-1.34995036,0,0.5056202188,0.3508651124,1.79002675,-0.09649896622,-3.438353539,0.03755616397,-0.03724847776,-0.1038786449,0.06859432236,0.6662343369,0.01413708768,0.4750400043,-0.02143065678,1,0,0,0
10.53024387,8.510162115,torque,figure8,2.173299313,0.06734240055,-1.637969255,2.499903714,-0.02632852291,-2,0.2445838451,-1.384851456,-0.2279656231,-0.009873576364,-1.349792027,0,0.4964986778,0.3434327711,5.054886671,-0.02140162513,-2.406723976,0.0376595296,-0.06195730892,0.318870025,0.07037595318,0.6630582588,-0.004431808682,0.3709650903,0.001555960633,1,0,0,0
10.54025912,8.520177364,torque,figure8,2.173299313,0.06734240055,-1.637969255,2.499779439,-0.03984577388,-2,0.2445838451,-1.384851456,-0.2279656231,-0.01494348358,-1.34952361,0,0.4991441054,0.3472330865,5.241380651,-0.02140162513,-2.406723976,0.0376595296,-0.01224979184,0.5051277025,0.06504221828,0.662925577,0.006634515854,0.4156563695,-0.02280053304,1,0,0,0
10.55023527,8.530153513,torque,figure8,2.174762011,0.04708623141,-1.641460419,2.499605172,-0.05330703503,-2,0.2377236038,-1.368078947,-0.225784421,-0.0199932957,-1.349147239,0,0.4941179199,0.3431545055,6.680594215,0.04032033309,-1.191334844,0.03440861776,-0.02643535096,0.745416568,0.06553488843,0.6605130442,-0.005913268904,0.2760342859,-0.005053599261,1,0,0,0
10.56026006,8.540178299,torque,figure8,2.174762011,0.04708623141,-1.641460419,2.49937931,-0.06682959424,-2,0.2377236038,-1.368078947,-0.225784421,-0.02506732146,-1.348659476,0,0.4968941917,0.3470083443,6.872202973,0.04032033309,-1.191334844,0.03440861776,0.01841204608,0.8739870067,0.06101272253,0.6603254642,0.003554383065,0.3022461651,-0.02052762045,1,0,0,0
10.57026649,8.550184727,torque,figure8,2.176189184,0.02707920037,-1.644874334,2.499103138,-0.08032196539,-2,0.2306707203,-1.34862411,-0.2217163742,-0.03013154656,-1.348063125,0,0.4918563512,0.3423102214,7.15336805,0.1034694836,0.1848343611,0.03134927526,-0.007887305613,0.9475805314,0.0629710361,0.6597732759,-0.01122740892,0.1157601939,0.001939269254,1,0,0,0
10.58024335,8.560161591,torque,figure8,2.176811218,0.01721946336,-1.646535873,2.498777334,-0.09376798895,-2,0.2269821912,-1.339032054,-0.2189769596,-0.03518020131,-1.347359687,0,0.4908332538,0.3416860816,6.931863862,0.1307191849,0.8546518683,0.0293561276,-0.003273144191,0.9677135675,0.06255406412,0.6602495864,-0.01381817039,0.02492003763,0.008916041807,1,0,0,0
10.59016299,8.570081234,torque,figure8,2.178025484,-0.00232079532,-1.649785995,2.498403465,-0.1071294023,-2,0.2196643502,-1.32257998,-0.211273402,-0.04019919761,-1.346552586,0,0.4860830626,0.3357680742,5.46413255,0.1693580747,2.045851707,0.02551688068,-0.04415584575,0.7790501127,0.06626252114,0.6628947623,-0.02698030691,-0.1712662725,0.02634440575,1,0,0,0
10.60024309,8.580161333,torque,figure8,2.178025484,-0.00232079532,-1.649785995,2.497972551,-0.1206981911,-2,0.2196643502,-1.32257998,-0.211273402,-0.04529855786,-1.345622487,0,0.4889061082,0.3396656446,5.640248668,0.1693580747,2.045851707,0.02551688068,0.002484110412,0.8559746279,0.06372824697,0.6627968312,-0.01683697205,-0.1590345007,0.02832784989,1,0,0,0
10.61024189,8.590160131,torque,figure8,2.179620743,-0.03109941073,-1.654373646,2.497494336,-0.1341477303,-2,0.2088751197,-1.30959928,-0.1981073618,-0.05035586884,-1.344590478,0,0.4807495753,0.328133534,2.233749844,0.1871374995,2.921359062,0.02901339717,-0.09675848139,0.2518916809,0.07117166076,0.6671059207,-0.03879110189,-0.3747370719,0.03148281081,1,0,0,0
10.62022734,8.600145578,torque,figure8,2.179620743,-0.03109941073,-1.654373646,2.496966298,-0.1475684693,-2,0.2088751197,-1.30959928,-0.1981073618,-0.0554054094,-1.34345118,0,0.4834571541,0.3320190897,2.319604865,0.1871374995,2.921359062,0.02901339717,-0.04437937729,0.3440467202,0.07046549676,0.667166638,-0.02670316397,-0.3557816115,0.04283475922,1,0,0,0
10.63024044,8.610158682,torque,figure8,2.180593252,-0.05018597096,-1.657243729,2.496386172,-0.1610144108,-2,0.2019465119,-1.310694337,-0.188861385,-0.06046781216,-1.342199773,0,0.4790511171,0.3248422582,2.028110859,0.1919218004,2.787103891,0.033800181,-0.1003137236,-0.1269938481,0.07481917258,0.6685012939,-0.03807674248,-0.4112677726,0.03748411724,1,0,0,0
10.64025974,8.620177984,torque,figure8,2.180593252,-0.05018597096,-1.657243729,2.495754955,-0.1744555877,-2,0.2019465119,-1.310694337,-0.188861385,-0.06553212009,-1.340838488,0,0.4819249923,0.3288192682,1.864083827,0.1919218004,2.787103891,0.033800181,-0.04990088328,-0.02261542007,0.07537229779,0.6686672743,-0.02678873167,-0.387415322,0.04992156766,1,0,0,0
10.65016747,8.630085707,torque,figure8,2.181813002,-0.07854583859,-1.661327839,2.495080878,-0.1877331316,-2,0.1916231513,-1.325714946,-0.1806116253,-0.07053871979,-1.33938515,0,0.4740859205,0.3186475801,4.922789671,0.2059281021,1.756421566,0.04652223364,-0.1692138686,-0.7659410857,0.07961700705,0.6668943053,-0.0528843811,-0.3710228564,0.02432831007,1,0,0,0
10.66025472,8.640172958,torque,figure8,2.181813002,-0.07854583859,-1.661327839,2.494343633,-0.2012359247,-2,0.1916231513,-1.325714946,-0.1806116253,-0.07563459859,-1.337796069,0,0.4768931595,0.3227897421,4.717225232,0.2059281021,1.756421566,0.04652223364,-0.1101751351,-0.6088085791,0.08102921487,0.6671795277,-0.03881754358,-0.3292967286,0.03419774057,1,0,0,0
10.67017722,8.650095463,torque,figure8,2.182203054,-0.08813221008,-1.662662983,2.493568286,-0.2145020115,-2,0.1882270277,-1.33373785,-0.1792635471,-0.08064573044,-1.336125368,0,0.4761448279,0.3231620021,5.389228613,0.2171018273,1.225167274,0.05068007484,-0.1181438684,-0.7372151719,0.08314940819,0.6663018925,-0.04141059717,-0.2733829671,0.03088329031,1,0,0,0
10.68025398,8.660172224,torque,figure8,2.182520151,-0.09761265665,-1.6639781,2.492730004,-0.2279568222,-2,0.184742108,-1.342368841,-0.1778645813,-0.08573312007,-1.334319642,0,0.475531778,0.3238169975,5.825676301,0.229631722,0.6451416612,0.05591003597,-0.1274124406,-0.8254008299,0.08480460882,0.6656401897,-0.04449148462,-0.2040491382,0.02451505273,1,0,0,0
10.6902566,8.670174837,torque,figure8,2.182828903,-0.1071824804,-1.665264368,2.4918472,-0.2412940879,-2,0.1811921,-1.351299882,-0.1755883992,-0.0907813318,-1.332418666,0,0.4748959616,0.3242797155,6.015710623,0.2342775911,0.0463301912,0.05888186395,-0.1375134871,-0.8780402953,0.0862903646,0.6654818635,-0.04667562968,-0.1272116009,0.01947502192,1,0,0,0
10.70025897,8.680177212,torque,figure8,2.183416367,-0.1265893281,-1.667775393,2.490913932,-0.2546114816,-2,0.1736972779,-1.368435383,-0.1686677337,-0.09582758399,-1.330409758,0,0.470444061,0.3202161827,5.83931392,0.2264705449,-1.124273181,0.06539637595,-0.2081895237,-1.014177782,0.08857645676,0.6664161904,-0.05977195661,0.001273301208,0.01714146007,1,0,0,0
10.71018672,8.690104961,torque,figure8,2.183629036,-0.1362782866,-1.668959856,2.489937726,-0.2678091177,-2,0.1696900129,-1.375755191,-0.1643356234,-0.1008342679,-1.328309228,0,0.4698009684,0.3200635923,5.301330353,0.215970993,-1.650917411,0.06710933894,-0.2100342033,-0.9119989042,0.08909723624,0.6676774903,-0.05713446844,0.0968128803,0.01067504068,1,0,0,0
10.72026467,8.700182915,torque,figure8,2.183829069,-0.1460419893,-1.670111179,2.488895921,-0.2811845566,-2,0.1655174941,-1.381891966,-0.1594043672,-0.1059146425,-1.326068455,0,0.4692077702,0.3196895703,4.578792034,0.2026289403,-2.118667841,0.07069273293,-0.2119246729,-0.7790781421,0.08917553888,0.6692277528,-0.05453422778,0.1864867086,0.0009313774882,1,0,0,0
10.73025155,8.710169792,torque,figure8,2.184182644,-0.1657461673,-1.672304392,2.487813034,-0.2944163034,-2,0.15635629,-1.389392972,-0.1493038237,-0.1109469565,-1.323740315,0,0.4648998058,0.3131340426,3.147029395,0.1385624707,-2.759910345,0.07474760711,-0.2745847873,-0.6023950094,0.09204644468,0.6720863237,-0.05838115646,0.2891649391,0.0122172097,1,0,0,0
10.74025464,8.720172882,torque,figure8,2.184182644,-0.1657461673,-1.672304392,2.486678021,-0.3076456867,-2,0.15635629,-1.389392972,-0.1493038237,-0.1159851935,-1.321301194,0,0.4679992931,0.3179591256,2.965839061,0.1385624707,-2.759910345,0.07474760711,-0.2066349278,-0.4147722678,0.08702032406,0.672232288,-0.04195603167,0.3387391183,-0.02403200483,1,0,0,0
10.75026321,8.730181456,torque,figure8,2.184333563,-0.1854345351,-1.674247265,2.485491958,-0.3208573671,-2,0.146268338,-1.389475942,-0.1396707892,-0.1210238403,-1.318753558,0,0.4638432566,0.3097655461,2.675815324,0.04759950191,-2.941000938,0.07404424995,-0.266129957,-0.1597104628,0.08924446505,0.6741159951,-0.04274444387,0.3866940784,-0.004208990804,1,0,0,0
10.76024723,8.740165472,torque,figure8,2.184376478,-0.1952941716,-1.675172806,2.484258573,-0.334010694,-2,0.1409801096,-1.386624098,-0.1354103982,-0.1260476784,-1.316105563,0,0.463340318,0.3075917411,3.294214604,0.003923831508,-2.838912725,0.07471238822,-0.2532018204,0.07144793087,0.08675827354,0.6744880609,-0.03314775218,0.4096353447,-0.01669000047,1,0,0,0
10.77019167,8.750109911,torque,figure8,2.184392452,-0.2149652541,-1.676955462,2.482980229,-0.3470850732,-2,0.1299234927,-1.375175595,-0.1303204,-0.1310490725,-1.313362433,0,0.4593126178,0.2981793981,5.010840015,-0.08198878914,-2.279732943,0.07269179076,-0.2892894982,0.3700156872,0.08907198951,0.6736563303,-0.029745349,0.3676495181,0.0018639805,1,0,0,0
10.78025246,8.760170698,torque,figure8,2.184319019,-0.2247069031,-1.67779398,2.48163633,-0.3602841244,-2,0.1242276058,-1.366925001,-0.1293259263,-0.1361063112,-1.310480154,0,0.4589068377,0.2961164709,5.813570405,-0.1187704131,-1.834968925,0.07094804198,-0.2621563715,0.5687460226,0.08479546345,0.6727207705,-0.01786674658,0.3382347739,-0.01268578056,1,0,0,0
10.79016709,8.770085335,torque,figure8,2.184220076,-0.2343962044,-1.67863369,2.48026219,-0.3732625431,-2,0.1184584945,-1.357343197,-0.129264608,-0.1410873558,-1.30753463,0,0.4584769341,0.2942010887,6.439645743,-0.1482037306,-1.298834085,0.06852131337,-0.2380636373,0.727584985,0.08092218097,0.6716574236,-0.008343067411,0.2883058749,-0.02113269513,1,0,0,0
10.80026197,8.780180216,torque,figure8,2.184094906,-0.2440238446,-1.679479122,2.478812344,-0.3864463628,-2,0.1126939803,-1.34687376,-0.1293712854,-0.1461560679,-1.304428595,0,0.4581224455,0.2924754161,6.837303686,-0.1730536371,-0.7016288042,0.06648604572,-0.2140629958,0.8433166875,0.07739184126,0.6708004881,7.424999586e-06,0.2219905347,-0.02561771341,1,0,0,0
10.81023264,8.790150881,torque,figure8,2.183432102,-0.2723955512,-1.681958437,2.477330125,-0.3994366495,-2,0.0965668112,-1.315181494,-0.1244637519,-0.1511594499,-1.301255084,0,0.4512936118,0.2775850696,6.222569902,-0.2377308905,1.131312609,0.063993752,-0.2701206889,0.8037968249,0.08168974375,0.6719517901,-0.006925838371,-0.04192929603,-0.01091617028,1,0,0,0
10.82025099,8.80016923,torque,figure8,2.183432102,-0.2723955512,-1.681958437,2.475790587,-0.4124566635,-2,0.0965668112,-1.315181494,-0.1244637519,-0.1561836951,-1.297960861,0,0.4541376823,0.2822597991,6.326322262,-0.2377308905,1.131312609,0.063993752,-0.1857009172,0.863371076,0.07403481748,0.6718572587,0.01415278158,-0.03288400615,-0.02069549586,1,0,0,0
10.83021736,8.810135603,torque,figure8,2.183145046,-0.2817083597,-1.682747126,2.474209108,-0.4253758605,-2,0.09168154746,-1.305838704,-0.1213804558,-0.1611787249,-1.294579026,0,0.4538810693,0.2807103716,5.671107007,-0.2519126236,1.675314307,0.06095342338,-0.1550868408,0.8007609372,0.07201611518,0.6731807668,0.02172933465,-0.1188855729,-0.01500710413,1,0,0,0
10.84024692,8.820165157,torque,figure8,2.18283987,-0.290969044,-1.683513403,2.472567363,-0.4383424053,-2,0.08705125749,-1.297766328,-0.1176089942,-0.1662021473,-1.291070605,0,0.4536790646,0.2793098553,4.78964412,-0.2581745088,2.163900137,0.05844624713,-0.1258880169,0.6941467186,0.07096943931,0.6748266341,0.02746063388,-0.2037503978,-0.006669941046,1,0,0,0
10.85020447,8.830122709,torque,figure8,2.182443142,-0.3000786602,-1.684222937,2.470887579,-0.4511805335,-2,0.08272323757,-1.291152239,-0.1137616038,-0.1711861574,-1.287483306,0,0.4535935662,0.2782537411,3.735939945,-0.2589301169,2.562005043,0.05587503314,-0.09899144615,0.5510127754,0.07078118619,0.6764868973,0.03159604547,-0.2810124149,0.003366588491,1,0,0,0
10.86025548,8.840173721,torque,figure8,2.181615591,-0.3182327449,-1.685580015,2.469141717,-0.4641024077,-2,0.07506044954,-1.283458948,-0.1062597334,-0.1762134608,-1.283757475,0,0.4503433787,0.272818251,1.678438598,-0.2517773807,2.93097496,0.05259556696,-0.1050787173,0.1415930522,0.07247986316,0.6790117581,0.02546649292,-0.3937237602,0.005271525493,1,0,0,0
10.87022233,8.850140572,torque,figure8,2.181188822,-0.3273080289,-1.686228752,2.467360596,-0.476878583,-2,0.07175265998,-1.282692313,-0.1033619866,-0.1811951088,-1.279959109,0,0.4502421912,0.273264971,1.648410283,-0.2398795784,2.91361022,0.0507261157,-0.06981290026,-0.05606700347,0.07305451875,0.6795206916,0.03025111124,-0.4189573811,0.01575133518,1,0,0,0
10.88025546,8.860173702,torque,figure8,2.180684805,-0.3362447321,-1.686836004,2.4655175,-0.4897009638,-2,0.06872501969,-1.283779025,-0.1008300036,-0.1862062036,-1.276031466,0,0.4502778779,0.2742565276,2.499562117,-0.2159920484,2.76842761,0.05070265383,-0.03913690088,-0.2538330219,0.07416629674,0.6795719973,0.03194733398,-0.4260230372,0.0231307943,1,0,0,0
10.89023423,8.870152473,torque,figure8,2.179156303,-0.3633417487,-1.688656807,2.46363454,-0.5024142701,-2,0.06117842719,-1.29835999,-0.1018025652,-0.1911863836,-1.272021902,0,0.4440761386,0.2733961501,5.640989112,-0.1209517792,1.514873981,0.05298274755,-0.0803866061,-0.949526673,0.0715342853,0.6759193747,0.005195012986,-0.3673263299,-0.005809763381,1,0,0,0
10.90026522,8.880183458,torque,figure8,2.179156303,-0.3633417487,-1.688656807,2.461691659,-0.5151532553,-2,0.06117842719,-1.29835999,-0.1018025652,-0.1961887367,-1.267887956,0,0.4469983721,0.2784423893,5.504593649,-0.1209517792,1.514873981,0.05298274755,-0.006936912139,-0.8079589403,0.07596470311,0.6761119076,0.02237145446,-0.3273118131,0.01914879907,1,0,0,0
10.91018438,8.890102625,torque,figure8,2.178007364,-0.3814263046,-1.689870834,2.459721114,-0.5277089524,-2,0.05700624734,-1.313558817,-0.1021120027,-0.2011313966,-1.263698477,0,0.4437807443,0.2820424751,6.49508993,-0.02416569926,0.2689241767,0.05867413804,-0.0236070044,-1.104888372,0.07442935297,0.6743475516,0.002833281624,-0.2069559222,0.00211841065,1,0,0,0
10.92024922,8.900167465,torque,figure8,2.178007364,-0.3814263046,-1.689870834,2.457671537,-0.5404060517,-2,0.05700624734,-1.313558817,-0.1021120027,-0.2061425483,-1.259344533,0,0.4468408091,0.2874253614,6.366615122,-0.02416569926,0.2689241767,0.05867413804,0.04122010382,-0.9541762055,0.07853726125,0.6745477804,0.01712227103,-0.1648326738,0.01473936018,1,0,0,0
10.93023276,8.910151005,torque,figure8,2.177440405,-0.3905971944,-1.69047451,2.455588709,-0.5529567843,-2,0.055072207,-1.32137239,-0.1013043374,-0.2111090442,-1.254923672,0,0.4466913301,0.29245591,6.370760759,0.02923266031,-0.3882525861,0.06194335222,0.05348364069,-0.9897222361,0.07872214874,0.6745444398,0.01062667232,-0.07849833866,0.005396844231,1,0,0,0
10.9402554,8.920173645,torque,figure8,2.176271439,-0.4090485871,-1.691649437,2.453447871,-0.5655117661,-2,0.05101618171,-1.335478902,-0.09765576571,-0.2160907052,-1.250383588,0,0.4431563727,0.2968567836,5.640156805,0.1224537343,-1.631555676,0.06769637764,0.01573107808,-1.050150842,0.07514968442,0.6759794679,-0.01226876993,0.07155647074,-0.01298761408,1,0,0,0
10.9502387,8.930156946,torque,figure8,2.175067186,-0.4276494384,-1.692758083,2.451265821,-0.5779717274,-2,0.04629692435,-1.344655871,-0.09193700552,-0.2210484435,-1.245760183,0,0.439636295,0.2995101266,3.91920762,0.1964560896,-2.605068922,0.07035350055,-0.02602323649,-0.9126463469,0.07286392008,0.6787879362,-0.03160500885,0.2182847791,-0.01455799934,1,0,0,0
10.96025681,8.940175056,torque,figure8,2.175067186,-0.4276494384,-1.692758083,2.449026432,-0.5904282286,-2,0.04629692435,-1.344655871,-0.09193700552,-0.2260189833,-1.241019561,0,0.4426603644,0.3055304427,3.795725287,0.1964560896,-2.605068922,0.07035350055,0.038869861,-0.7349932597,0.0726758358,0.6788982797,-0.01701041347,0.2679168049,-0.03477586897,1,0,0,0
10.97024369,8.950161934,torque,figure8,2.173164129,-0.4557167292,-1.694261551,2.446744484,-0.6027981225,-2,0.03706257045,-1.344080329,-0.0846157074,-0.2309694549,-1.236193303,0,0.4358384406,0.301065765,1.349477887,0.2555298507,-3.133489132,0.0679147467,-0.07807735142,-0.3842142378,0.07079858384,0.6815836526,-0.04955545982,0.3674887508,-0.005592269869,1,0,0,0
10.98025918,8.960177422,torque,figure8,2.173164129,-0.4557167292,-1.694261551,2.444406371,-0.6151545448,-2,0.03706257045,-1.344080329,-0.0846157074,-0.2359294235,-1.231252922,0,0.4387126278,0.3072693777,1.28919103,0.2555298507,-3.133489132,0.0679147467,-0.007728052512,-0.2219194102,0.06602571291,0.6816056881,-0.0332237776,0.4112712335,-0.04444388295,1,0,0,0
10.99020839,8.970126629,torque,figure8,2.172501087,-0.4650644362,-1.69474268,2.442034569,-0.6273797105,-2,0.03327984735,-1.33949852,-0.08384401351,-0.2408518234,-1.226246185,0,0.4383794905,0.3082273234,2.095925297,0.2562191784,-2.97222662,0.06449533999,-0.01073045854,0.007811846232,0.06282644733,0.681356662,-0.03351511495,0.4239477839,-0.04861183252,1,0,0,0
11.00027156,8.9801898,torque,figure8,2.171826363,-0.4743914008,-1.695222378,2.439585805,-0.6396937366,-2,0.02914621308,-1.332970262,-0.08294373751,-0.2458256958,-1.221082085,0,0.4380746286,0.308233967,3.207728516,0.2592068911,-2.700597286,0.06147882715,-0.01572781698,0.2237199767,0.05954881113,0.6808041507,-0.03454383506,0.4177579996,-0.05085583917,1,0,0,0
11.01019359,8.990111828,torque,figure8,2.169616222,-0.5019943118,-1.69664979,2.437122407,-0.6517836807,-2,0.01470753271,-1.302783489,-0.08610869199,-0.2507248709,-1.21589235,0,0.4312977669,0.2922655261,5.720711481,0.2736398578,-1.257266402,0.0471656099,-0.1594632887,0.5908633827,0.06454636245,0.6771056285,-0.06473946032,0.2604832737,0.009221253033,1,0,0,0
11.02025819,9.00017643,torque,figure8,2.169616222,-0.5019943118,-1.69664979,2.434573974,-0.6639942466,-2,0.01470753271,-1.302783489,-0.08610869199,-0.2556893374,-1.210528987,0,0.4341289427,0.2983958233,5.783508908,0.2736398578,-1.257266402,0.0471656099,-0.0816395356,0.6650482861,0.05520555035,0.6770448259,-0.04600774783,0.2754113328,-0.02802437245,1,0,0,0
11.03025055,9.010168791,torque,figure8,2.168027163,-0.5200530887,-1.697678804,2.43199443,-0.6760632758,-2,0.003918613307,-1.278071046,-0.08780577034,-0.2606129822,-1.205105863,0,0.4305995842,0.2881158381,6.263354851,0.2738503218,0.02534385398,0.03661717847,-0.1611490063,0.7859059559,0.05711028931,0.6755959313,-0.06077496525,0.1133934904,-0.002124348088,1,0,0,0
11.04027319,9.020191431,torque,figure8,2.168027163,-0.5200530887,-1.697678804,2.429357673,-0.68811395,-2,0.003918613307,-1.278071046,-0.08780577034,-0.2655462534,-1.1995684,0,0.4335160828,0.2940813376,6.31981728,0.2738503218,0.02534385398,0.03661717847,-0.08731006945,0.8245698564,0.04894844927,0.67554485,-0.04347224597,0.1177658492,-0.02379361138,1,0,0,0
11.05026507,9.030183315,torque,figure8,2.167165756,-0.528901875,-1.698180676,2.426679817,-0.7000719138,-2,-0.001698151114,-1.265787363,-0.08750364929,-0.2704590093,-1.193950772,0,0.4332916277,0.29163296,6.158615568,0.2734100521,0.6733929515,0.03251845762,-0.1020418376,0.8343087474,0.0476839334,0.6756362885,-0.04581099037,0.02753518026,-0.01479505728,1,0,0,0
11.06026816,9.040186405,torque,figure8,2.165364265,-0.5463867188,-1.699173689,2.423949815,-0.7119865792,-2,-0.01293544285,-1.243722796,-0.08418622613,-0.2753717976,-1.188230129,0,0.4298677352,0.2811398177,5.021946091,0.2446127385,1.81702888,0.02494331636,-0.1924326696,0.6971803532,0.05119970019,0.6773846465,-0.05956832838,-0.1515168629,0.00392440761,1,0,0,0
11.07019401,9.050112247,torque,figure8,2.163433075,-0.5635130405,-1.700080872,2.421192347,-0.723752198,-2,-0.02426636964,-1.227220178,-0.07847139984,-0.2802411326,-1.18245847,0,0.4266941688,0.2714487988,3.272668245,0.1844317466,2.617497921,0.02069293335,-0.2729796672,0.4063050528,0.05226103751,0.679968177,-0.0660366982,-0.3051562782,0.001798279325,1,0,0,0
11.08027339,9.060191631,torque,figure8,2.163433075,-0.5635130405,-1.700080872,2.418342794,-0.7356407083,-2,-0.02426636964,-1.227220178,-0.07847139984,-0.2851800687,-1.176500967,0,0.4296025866,0.277139238,3.247311331,0.1844317466,2.617497921,0.02069293335,-0.1867734934,0.4245434096,0.04833893709,0.6800177524,-0.04488931974,-0.304637602,0.01429154131,1,0,0,0
11.0902462,9.070164442,torque,figure8,2.160290718,-0.5888249278,-1.701268435,2.415474404,-0.7473439408,-2,-0.04081864655,-1.2167027,-0.07080879062,-0.2900610097,-1.170511169,0,0.4236596974,0.2631906113,2.905262635,0.0595856607,2.787235737,0.01944506727,-0.343272908,-0.2075356825,0.0505329321,0.6817018842,-0.06092329081,-0.4219787389,-0.008632134742,1,0,0,0
11.10026503,9.080183268,torque,figure8,2.160290718,-0.5888249278,-1.701268435,2.412543794,-0.7590405478,-2,-0.04081864655,-1.2167027,-0.07080879062,-0.294958589,-1.164398786,0,0.4264334883,0.2689548189,2.750698669,0.0595856607,2.787235737,0.01944506727,-0.2467320968,-0.1617488752,0.05036008259,0.6818220104,-0.03659390697,-0.4111955966,0.01883612918,1,0,0,0
11.11025763,9.090175867,torque,figure8,2.15800643,-0.6054109931,-1.701957226,2.40957201,-0.7706450662,-2,-0.05123894289,-1.219158053,-0.06917459518,-0.2998373763,-1.158208102,0,0.4235764813,0.2651437389,4.658988247,-0.02942385711,2.22909832,0.02029738575,-0.3099194689,-0.5920126977,0.05114267835,0.6805277142,-0.03830252389,-0.3998328381,0.008188558557,1,0,0,0
11.12028766,9.100205898,torque,figure8,2.15800643,-0.6054109931,-1.701957226,2.406540099,-0.7822303732,-2,-0.05123894289,-1.219158053,-0.06917459518,-0.3047283423,-1.151900026,0,0.4264546553,0.27122987,4.529230071,-0.02942385711,2.22909832,0.02029738575,-0.2201785449,-0.5261201095,0.05278623195,0.6806804457,-0.01662250113,-0.3820446333,0.03298973642,1,0,0,0
11.13028336,9.110201597,torque,figure8,2.155629158,-0.6221907735,-1.702667713,2.403469791,-0.7937126109,-2,-0.06107316911,-1.228125691,-0.0711729601,-0.3095963908,-1.14552016,0,0.4233806902,0.271390965,6.161853534,-0.09724732488,1.257653356,0.02353037335,-0.2798965633,-0.9057717697,0.05411408306,0.6781602155,-0.02234339808,-0.30996157,0.01936000887,1,0,0,0
11.14027023,9.120188475,torque,figure8,2.155629158,-0.6221907735,-1.702667713,2.400353629,-0.8051205655,-2,-0.06107316911,-1.228125691,-0.0711729601,-0.3144538876,-1.139053339,0,0.4263330438,0.2778511521,6.051679179,-0.09724732488,1.257653356,0.02353037335,-0.1938479806,-0.8167450756,0.05630467888,0.6783266951,-0.001978345001,-0.284522479,0.03618921918,1,0,0,0
11.15024805,9.130166292,torque,figure8,2.151839733,-0.6473281384,-1.703771353,2.39719188,-0.8164532164,-2,-0.07475163043,-1.246384621,-0.07453797758,-0.3193006354,-1.132500489,0,0.420181365,0.2798744743,6.744103548,-0.1422274858,-0.6332746148,0.03102986887,-0.3090441694,-1.185384052,0.05706246159,0.6763247778,-0.02576183539,-0.09722313687,0.02114988536,1,0,0,0
11.16026807,9.14018631,torque,figure8,2.151839733,-0.6473281384,-1.703771353,2.393968124,-0.8277675388,-2,-0.07475163043,-1.246384621,-0.07453797758,-0.3241614038,-1.12582802,0,0.4230082108,0.2868711194,6.643450654,-0.1422274858,-0.6332746148,0.03102986887,-0.2116344761,-1.04927978,0.05823355391,0.6764822071,-0.001718602635,-0.05662047359,0.01911683548,1,0,0,0
11.17017698,9.150095224,torque,figure8,2.147840261,-0.6728283763,-1.704905272,2.390732248,-0.8388902082,-2,-0.08754348755,-1.259529591,-0.07167119533,-0.3289617944,-1.119139494,0,0.4167180675,0.2883208947,4.907674648,-0.1286177486,-2.331902742,0.03964817151,-0.3093481444,-1.035379587,0.06235956021,0.6791067852,-0.02961245899,0.1579642304,0.03933293961,1,0,0,0
11.180264,9.160182238,torque,figure8,2.147840261,-0.6728283763,-1.704905272,2.387389388,-0.8501442594,-2,-0.08754348755,-1.259529591,-0.07167119533,-0.3338417466,-1.112239335,0,0.4194110218,0.2957938676,4.800377285,-0.1286177486,-2.331902742,0.03964817151,-0.2067670451,-0.8811155198,0.05953824752,0.6792259723,-0.00421870788,0.2034195689,0.007631558968,1,0,0,0
11.19024825,9.170166492,torque,figure8,2.145070314,-0.6899801493,-1.705606222,2.384032142,-0.8612146686,-2,-0.09607618302,-1.260354638,-0.06611273438,-0.3386652125,-1.105319198,0,0.4160429209,0.2953918053,2.812996584,-0.125956282,-2.95707798,0.0449815765,-0.2367283455,-0.6376701577,0.06200215411,0.6820838532,-0.01377839199,0.3170972986,0.01767113266,1,0,0,0
11.20028663,9.180204868,torque,figure8,2.145070314,-0.6899801493,-1.705606222,2.380608181,-0.8722749801,-2,-0.09607618302,-1.260354638,-0.06611273438,-0.3435079323,-1.098271574,0,0.4187805969,0.3030912136,2.685763913,-0.125956282,-2.95707798,0.0449815765,-0.1457023453,-0.5138108675,0.05677327975,0.6821698549,0.007565241625,0.3515133339,-0.0222806407,1,0,0,0
11.21025443,9.190172672,torque,figure8,2.140701771,-0.7155191898,-1.706506968,2.377160224,-0.8831870892,-2,-0.1098156348,-1.245933056,-0.05964229256,-0.3483096712,-1.091184796,0,0.4125085268,0.29048861,2.627274919,-0.1139438152,-2.942583799,0.04896840081,-0.2372822438,-0.04706753797,0.06428671685,0.6835849076,-0.01900289807,0.3995226954,0.02555212812,1,0,0,0
11.22027874,9.200196981,torque,figure8,2.140701771,-0.7155191898,-1.706506968,2.373644486,-0.8940893716,-2,-0.1098156348,-1.245933056,-0.05964229256,-0.3531315624,-1.083969279,0,0.4150756299,0.2983154515,2.573661637,-0.1139438152,-2.942583799,0.04896840081,-0.1411104866,0.04972286766,0.05409346313,0.6836267989,0.003999186755,0.4247571764,-0.03043300857,1,0,0,0
11.23019934,9.210117579,torque,figure8,2.139200211,-0.7239821553,-1.706799507,2.370117569,-0.9048072135,-2,-0.1147257164,-1.236699343,-0.05942347646,-0.3578964917,-1.076741549,0,0.4147132227,0.2970684621,3.595145638,-0.1051648483,-2.652915716,0.04633956775,-0.1194037407,0.2642131367,0.05079420153,0.6829136274,0.006151835043,0.4160961215,-0.03693052938,1,0,0,0
11.24027181,9.220190048,torque,figure8,2.137653351,-0.7323499322,-1.707090378,2.366488333,-0.9156153342,-2,-0.1197536886,-1.225573897,-0.05983139575,-0.3627270685,-1.069315357,0,0.414424545,0.2950128651,4.57843043,-0.09304314852,-2.240995646,0.0444091484,-0.09948906085,0.4564156759,0.04742180904,0.681846006,0.007363778025,0.3860252695,-0.04136310075,1,0,0,0
11.25025511,9.230173349,torque,figure8,2.132857323,-0.7570028305,-1.708026171,2.362843251,-0.9262535293,-2,-0.1349752992,-1.184597611,-0.06163341179,-0.3675075286,-1.061868195,0,0.4083969188,0.2700600393,6.305442484,-0.03735870868,-0.4986336231,0.03541595116,-0.1950683001,0.7913206994,0.05732591319,0.6789265001,-0.02414709328,0.1908084086,0.01415364666,1,0,0,0
11.26026917,9.240187407,torque,figure8,2.132857323,-0.7570028305,-1.708026171,2.359139031,-0.9368493756,-2,-0.1349752992,-1.184597611,-0.06163341179,-0.3722952645,-1.05431197,0,0.4108490091,0.277657688,6.307861352,-0.03735870868,-0.4986336231,0.03541595116,-0.1003506665,0.7993417745,0.04492130973,0.6789465826,-0.001396426742,0.1879020477,-0.0243944753,1,0,0,0
11.27024746,9.250165701,torque,figure8,2.129530668,-0.7728869915,-1.708658695,2.355400389,-0.9473316918,-2,-0.1450589001,-1.155618906,-0.06042763591,-0.3770583826,-1.046697549,0,0.4078331033,0.2633232254,6.103356332,0.01499876473,0.776458621,0.02896822803,-0.1449887755,0.8478127517,0.04816692608,0.6791681489,-0.01944381922,0.0193055024,-0.003451114786,1,0,0,0
11.28026843,9.260186672,torque,figure8,2.129530668,-0.7728869915,-1.708658695,2.351597962,-0.957781948,-2,-0.1450589001,-1.155618906,-0.06042763591,-0.3818342211,-1.038965606,0,0.4103410579,0.2707804356,6.101681978,0.01499876473,0.776458621,0.02896822803,-0.05947056145,0.8330324235,0.03836761039,0.6792011041,0.0002246565264,0.01036252802,-0.02176453016,1,0,0,0
11.29024816,9.270166397,torque,figure8,2.124346495,-0.7960963249,-1.709559441,2.347763661,-0.9681117667,-2,-0.1593167335,-1.1189183,-0.05257684365,-0.3865826856,-1.031181498,0,0.4047965674,0.2492225589,4.038521905,0.0469497405,2.172277451,0.0211531762,-0.1803133916,0.6192687979,0.04754297465,0.6828978383,-0.03228698199,-0.2078108496,0.00303603847,1,0,0,0
11.30027223,9.280190468,torque,figure8,2.124346495,-0.7960963249,-1.709559441,2.343864656,-0.9784088655,-2,-0.1593167335,-1.1189183,-0.05257684365,-0.3913444016,-1.02327906,0,0.4071631176,0.2564137817,4.012549117,0.0469497405,2.172277451,0.0211531762,-0.08787104388,0.5922842522,0.04046956804,0.6829545549,-0.01022518803,-0.2192735748,0.004632165879,1,0,0,0
11.31025338,9.290171623,torque,figure8,2.120765209,-0.8109990358,-1.710017681,2.339934958,-0.9885827594,-2,-0.1682486385,-1.101689696,-0.0455468595,-0.3960778199,-1.015327703,0,0.4045504949,0.2478690103,2.055454007,0.05402916297,2.668987513,0.01552319806,-0.1448892676,0.2857093274,0.04402149609,0.6857754924,-0.0244498482,-0.3307985209,0.01324770562,1,0,0,0
11.32027364,9.300191879,torque,figure8,2.120765209,-0.8109990358,-1.710017681,2.335942382,-0.9987162653,-2,-0.1682486385,-1.101689696,-0.0455468595,-0.4008217436,-1.007262784,0,0.4069750845,0.2551101869,1.975864872,0.05402916297,2.668987513,0.01552319806,-0.06000877885,0.2688153958,0.04025667051,0.6858502149,-0.004987026183,-0.3375667718,0.02607181405,1,0,0,0
11.33028436,9.310202599,torque,figure8,2.117093563,-0.8257869482,-1.710392475,2.33190618,-1.008759019,-2,-0.1766828448,-1.091740727,-0.04108856991,-0.4055530144,-0.9991237386,0,0.4043460865,0.2502952891,1.809266048,0.04918579012,2.672883272,0.01469879784,-0.1238173597,-0.111887466,0.04456404276,0.6869279505,-0.01968319457,-0.3921799563,0.02548901191,1,0,0,0
11.34027362,9.32019186,torque,figure8,2.11523366,-0.8330048323,-1.710541248,2.327831459,-1.018698627,-2,-0.1807161868,-1.089521646,-0.04073520005,-0.4102659404,-0.9909212974,0,0.4043097553,0.2531293637,2.716798661,0.0498835966,2.452238798,0.015281789,-0.1093628094,-0.3031506378,0.04548103842,0.6865849623,-0.01634257924,-0.3888799789,0.03139430307,1,0,0,0
11.35024595,9.330164194,torque,figure8,2.111452103,-0.8475059867,-1.710868597,2.323716724,-1.028539263,-2,-0.1884989291,-1.090098143,-0.04286578298,-0.4149626109,-0.9826528673,0,0.4017789005,0.2542985681,4.568609342,0.06701745093,1.649631739,0.0203334745,-0.1668713032,-0.659635701,0.04734147059,0.6846221123,-0.03155916493,-0.3311437543,0.02013912926,1,0,0,0
11.36026335,9.340181589,torque,figure8,2.111452103,-0.8475059867,-1.710868597,2.319536285,-1.038340951,-2,-0.1884989291,-1.090098143,-0.04286578298,-0.4196720905,-0.9742673845,0,0.4041212423,0.262097826,4.518115297,0.06701745093,1.649631739,0.0203334745,-0.07837477339,-0.6218179832,0.04837734474,0.6847185609,-0.01091719651,-0.3187277382,0.03660204651,1,0,0,0
11.37027621,9.350194454,torque,figure8,2.109531641,-0.8548116684,-1.711053371,2.315310633,-1.048053866,-2,-0.1922667623,-1.092319608,-0.04432082176,-0.4243709182,-0.9658065573,0,0.4039525896,0.2680340023,5.176595155,0.08180396259,1.137581825,0.02508646622,-0.07610141538,-0.7551312919,0.04995101959,0.6837199954,-0.01329835666,-0.2666054489,0.03207953434,1,0,0,0
11.38028383,9.360202074,torque,figure8,2.105671406,-0.8691999316,-1.711429119,2.311040226,-1.05767665,-2,-0.1997779459,-1.098548174,-0.04773887619,-0.4290586757,-0.9572717927,0,0.4012143803,0.273509907,5.796062232,0.1092125177,-0.04846163094,0.03196220845,-0.1461126906,-0.9538288842,0.05131169688,0.6821998131,-0.0332174241,-0.1365445079,0.01973316888,1,0,0,0
11.3902297,9.370147943,torque,figure8,2.103710651,-0.8764777184,-1.711640358,2.306749732,-1.06715505,-2,-0.2035930455,-1.101721168,-0.04833741114,-0.433708887,-0.9487127496,0,0.4009164454,0.2805376656,5.688082257,0.1242014021,-0.6592817903,0.03720213473,-0.1355409914,-0.9545502305,0.05213943606,0.6822354753,-0.03216589439,-0.04775817638,0.01374180559,1,0,0,0
11.40028834,9.380206585,torque,figure8,2.101728678,-0.8838084936,-1.711857557,2.302363595,-1.076653953,-2,-0.2074747235,-1.104412198,-0.04810163379,-0.4384029886,-0.9399793485,0,0.4005868298,0.2875409411,5.314529078,0.1377995312,-1.256183267,0.04105665907,-0.128296171,-0.914536803,0.05251971038,0.682783918,-0.03201628632,0.044316707,0.006387689808,1,0,0,0
11.41019511,9.390113354,torque,figure8,2.099766731,-0.8910366297,-1.712051153,2.297997573,-1.085923192,-2,-0.2114773542,-1.106014848,-0.04735156894,-0.4430174361,-0.9313025095,0,0.4002384007,0.2939002922,4.690750344,0.1437539756,-1.80542922,0.04334983602,-0.124399471,-0.8330528941,0.05233753665,0.6836875494,-0.03175693699,0.1351387855,-0.001704903742,1,0,0,0
11.42026663,9.40018487,torque,figure8,2.095768213,-0.9055979252,-1.712423325,2.29351213,-1.095258081,-2,-0.219948262,-1.104972959,-0.04395540059,-0.4476995948,-0.9224054887,0,0.3972077236,0.2951840576,3.001662368,0.1308258027,-2.625642776,0.04926190525,-0.195352394,-0.6299963677,0.05450859144,0.6859403853,-0.04543422857,0.2719507353,0.007913397733,1,0,0,0
11.43025184,9.410170078,torque,figure8,2.091679811,-0.9201089144,-1.712741613,2.289018618,-1.104424142,-2,-0.2292918712,-1.096553922,-0.03949946165,-0.452332552,-0.9135098932,0,0.3942487646,0.2912258044,1.924169514,0.0980995819,-3.003504992,0.05089814961,-0.2543074592,-0.2949404568,0.05853106095,0.6875963864,-0.05254047118,0.3700225046,0.02833298812,1,0,0,0
11.44026566,9.420183897,torque,figure8,2.091679811,-0.9201089144,-1.712741613,2.284465817,-1.113526888,-2,-0.2292918712,-1.096553922,-0.03949946165,-0.4569696118,-0.9045147176,0,0.3963512799,0.3004603417,1.771990041,0.0980995819,-3.003504992,0.05089814961,-0.1550281466,-0.2250060355,0.04923003917,0.6877213311,-0.02861733498,0.3907258833,-0.02943284838,1,0,0,0
11.45023179,9.430150032,torque,figure8,2.089598179,-0.927296102,-1.712878227,2.279888638,-1.12249649,-2,-0.2344464958,-1.089214921,-0.03814243898,-0.461575378,-0.8954894302,0,0.3959198942,0.3009517247,2.282773369,0.06723254919,-2.99049592,0.052474536,-0.1492275752,-0.01398637707,0.04651068639,0.687836254,-0.02343488949,0.4203019948,-0.04055002247,1,0,0,0
11.46026802,9.440186262,torque,figure8,2.085326433,-0.941542387,-1.713141918,2.275232925,-1.131437915,-2,-0.2456178218,-1.068225026,-0.03738406673,-0.466204156,-0.8863278612,0,0.3929533642,0.2883443738,4.363864748,-0.01352926251,-2.512912512,0.05225797743,-0.2128780804,0.3638468528,0.0505947864,0.6864031054,-0.0271593149,0.4054905346,-0.009496904818,1,0,0,0
11.47019172,9.450109959,torque,figure8,2.083154202,-0.9484984875,-1.713276863,2.270583786,-1.140188321,-2,-0.2515133619,-1.054702759,-0.03842975572,-0.4707716833,-0.8771979141,0,0.3925366204,0.2847086713,5.296834344,-0.04035779834,-2.096409798,0.04929591343,-0.1902333114,0.5483578216,0.0461116539,0.6851022311,-0.01777464626,0.3743199774,-0.0228796772,1,0,0,0
11.48026466,9.460182905,torque,figure8,2.0809412,-0.9553701878,-1.71342659,2.265818418,-1.148977314,-2,-0.2574534416,-1.039666414,-0.0398366414,-0.4753983036,-0.8678590997,0,0.3921576521,0.2803652514,6.052342672,-0.0588362962,-1.580817223,0.04669072106,-0.1686733501,0.7012558376,0.04166840458,0.6837365675,-0.01040470034,0.3237428766,-0.03235083695,1,0,0,0
11.4901886,9.47010684,torque,figure8,2.074062586,-0.9753080606,-1.71396184,2.261078018,-1.157543949,-2,-0.2753310502,-0.9901766181,-0.04283070564,-0.4799469295,-0.8585886825,0,0.3873015876,0.2470172306,6.950896284,-0.1211000085,0.2736231685,0.04179013893,-0.2801541572,0.990342589,0.05425723248,0.6811954562,-0.02867381006,0.1160724804,0.01554338824,1,0,0,0
11.50026822,9.480186462,torque,figure8,2.074062586,-0.9753080606,-1.71396184,2.256217091,-1.16615045,-2,-0.2753310502,-0.9901766181,-0.04283070564,-0.484557116,-0.8491027229,0,0.3891258286,0.255952847,6.882268577,-0.1211000085,0.2736231685,0.04179013893,-0.1689844108,0.9306424952,0.03887781536,0.6813679904,-0.001004910596,0.09537539511,-0.02598018077,1,0,0,0
11.51018667,9.490104914,torque,figure8,2.069282055,-0.9879758358,-1.714353085,2.251388578,-1.17452566,-2,-0.2865881324,-0.9583556652,-0.04125417769,-0.4890838558,-0.8397002282,0,0.3867270136,0.238297163,6.037165332,-0.1532143652,1.52409327,0.03363812715,-0.2055722811,0.9077033761,0.0424635911,0.6825608805,-0.006532564246,-0.07687906685,-0.007491625118,1,0,0,0
11.5202682,9.500186443,torque,figure8,2.069282055,-0.9879758358,-1.714353085,2.246434713,-1.18294266,-2,-0.2865881324,-0.9583556652,-0.04125417769,-0.4936750387,-0.8300745731,0,0.3885733999,0.2470686799,5.963167626,-0.1532143652,1.52409327,0.03363812715,-0.106049619,0.8385975238,0.03096929798,0.6827327418,0.01707024542,-0.09895247679,-0.02406898191,1,0,0,0
11.53023124,9.510149479,torque,figure8,2.064352274,-1.000152349,-1.714735985,2.24149365,-1.191165057,-2,-0.2968278825,-0.9313073158,-0.03778452054,-0.4982022771,-0.8204949144,0,0.3863165538,0.2329349804,4.110018587,-0.1730223,2.497815132,0.0282041803,-0.1460242347,0.6515030737,0.03621325901,0.6852745428,0.007638031443,-0.2547773768,-0.005695680092,1,0,0,0
11.54028273,9.520200968,torque,figure8,2.061839104,-1.006071448,-1.71491456,2.236463063,-1.1993634,-2,-0.3014945388,-0.9204291701,-0.03581123427,-0.5027595607,-0.8107633581,0,0.3861722589,0.2319841457,2.907839533,-0.1792834103,2.795230627,0.02509686165,-0.1114209529,0.466797081,0.03421606782,0.6865888982,0.01549821437,-0.3259775058,0.000844402214,1,0,0,0
11.55026221,9.530180454,torque,figure8,2.056722403,-1.017775297,-1.715237617,2.231423246,-1.207405918,-2,-0.3099399805,-0.9048312902,-0.03196658939,-0.5072740234,-0.8010358724,0,0.3841481116,0.2252467005,1.172630651,-0.1715462655,2.958611727,0.0206072554,-0.1389002781,0.100048099,0.03651957443,0.6881613888,0.0055449015,-0.3983835918,0.00106155481,1,0,0,0
11.56027842,9.540196657,torque,figure8,2.056722403,-1.017775297,-1.715237617,2.226319638,-1.215380089,-2,-0.3099399805,-0.9048312902,-0.03196658939,-0.5117948089,-0.7912076237,0,0.385876263,0.2338323591,1.034714446,-0.1715462655,2.958611727,0.0206072554,-0.04178315768,0.04714138194,0.0331890582,0.6882818533,0.02828918571,-0.4125611219,0.01974878679,1,0,0,0
11.57026911,9.550187349,torque,figure8,2.048848152,-1.034861326,-1.715686321,2.221183971,-1.223235563,-2,-0.3204247057,-0.8962400556,-0.03350420669,-0.5162937224,-0.7813403567,0,0.3821240055,0.2295411605,3.972382461,-0.1361654401,2.205163479,0.02093404159,-0.1321485421,-0.521185684,0.03599224784,0.6862664335,-0.001674456109,-0.3865196496,-0.003321518287,1,0,0,0
11.58028412,9.56020236,torque,figure8,2.048848152,-1.034861326,-1.715686321,2.215990744,-1.2310109,-2,-0.3204247057,-0.8962400556,-0.03350420669,-0.5207931133,-0.7713856708,0,0.3837259038,0.2384505148,3.991796465,-0.1361654401,2.205163479,0.02093404159,-0.0305404595,-0.5368986491,0.03660382514,0.6863454032,0.02249778766,-0.3878401088,0.02079349872,1,0,0,0
11.59026265,9.570180893,torque,figure8,2.043489218,-1.04624474,-1.716037989,2.21077167,-1.238658452,-2,-0.3262647688,-0.898647368,-0.03784796596,-0.5252655959,-0.7614049147,0,0.3816292429,0.2446820154,5.566779962,-0.06564171612,1.131566644,0.02599264495,-0.06516247467,-0.8514443576,0.03695309323,0.6837405505,0.002311632736,-0.2864856742,0.00543691559,1,0,0,0
11.60029197,9.580210209,torque,figure8,2.043489218,-1.04624474,-1.716037989,2.205481118,-1.246244259,-2,-0.3262647688,-0.898647368,-0.03784796596,-0.529750168,-0.751311487,0,0.3832435346,0.2540603039,5.607005721,-0.06564171612,1.131566644,0.02599264495,0.02595624612,-0.8380382168,0.038478272,0.6838009454,0.02293556771,-0.2783740254,0.01975873031,1,0,0,0
11.6102345,9.59015274,torque,figure8,2.0407691,-1.051814675,-1.71624732,2.200192003,-1.253664203,-2,-0.3289824426,-0.9010187984,-0.03968692571,-0.5341852842,-0.7412449752,0,0.3829810402,0.2630797081,6.030627137,-0.02023753151,0.5066519976,0.02982149459,0.03820785247,-0.9392835362,0.03886129009,0.6829247342,0.01719426046,-0.2054263337,0.01138834938,1,0,0,0
11.62027717,9.600195408,torque,figure8,2.035279751,-1.063113213,-1.716711521,2.194804909,-1.261056971,-2,-0.3342874944,-0.9062393904,-0.04227771237,-0.5386542129,-0.7310168297,0,0.380634168,0.2724997364,5.963815047,0.07146978378,-0.7923112512,0.03577678651,-0.01805066076,-1.033944571,0.03781365015,0.6824622647,-0.0100959882,-0.04338334872,-0.004030600257,1,0,0,0
11.63020372,9.610121965,torque,figure8,2.032510042,-1.068838239,-1.716959476,2.189436047,-1.26826303,-2,-0.3370161057,-0.9081527591,-0.04268695787,-0.5430606628,-0.7208482487,0,0.3801420215,0.2817082099,5.518798895,0.1142534614,-1.410071969,0.03950851411,-0.003228822721,-0.9899256275,0.03733178695,0.683004155,-0.01275991752,0.05246337771,-0.01266047347,1,0,0,0
11.64029193,9.620210171,torque,figure8,2.029714584,-1.074468493,-1.717205286,2.183934998,-1.275482721,-2,-0.3398844898,-0.9089048505,-0.04223702848,-0.5475277663,-0.7104551363,0,0.3796886961,0.2903135992,4.802754897,0.1576107144,-1.971916676,0.042402789,0.006414627258,-0.9002500384,0.036205561,0.6839950305,-0.01680654816,0.146799875,-0.02289411076,1,0,0,0
11.65026808,9.630186319,torque,figure8,2.02120924,-1.09151268,-1.717916727,2.178450791,-1.282518821,-2,-0.350207001,-0.9014675021,-0.03751919791,-0.5519341543,-0.7001198705,0,0.3752055759,0.2874759179,1.638464515,0.2144494951,-3.007989407,0.0437967889,-0.1485367086,-0.5012031376,0.04154430389,0.6872389249,-0.05775250963,0.3382129497,0.02441352484,1,0,0,0
11.66029048,9.640208721,torque,figure8,2.02120924,-1.09151268,-1.717916727,2.172896948,-1.289483434,-2,-0.350207001,-0.9014675021,-0.03751919791,-0.5563497711,-0.6896798555,0,0.3765269621,0.297920357,1.601035054,0.2144494951,-3.007989407,0.0437967889,-0.04491774284,-0.4538328404,0.03361521448,0.6873938081,-0.03274340697,0.3552723852,-0.03097576856,1,0,0,0
11.67019749,9.650115728,torque,figure8,2.015399218,-1.102685213,-1.718336821,2.167363612,-1.29626475,-2,-0.3586117625,-0.8864655495,-0.03361236677,-0.5607034263,-0.6793048912,0,0.3740325666,0.2913526559,1.909191883,0.2246216834,-3.070160866,0.04050587118,-0.1264569734,-0.04944223954,0.03714114669,0.6881172687,-0.05074032357,0.4208989998,0.0003083974046,1,0,0,0
11.68027353,9.660191774,torque,figure8,2.015399218,-1.102685213,-1.718336821,2.161691678,-1.303056064,-2,-0.3586117625,-0.8864655495,-0.03361236677,-0.5651199346,-0.6686975137,0,0.3753453189,0.3019906186,1.751497044,0.2246216834,-3.070160866,0.04050587118,-0.03132089418,-0.03444239081,0.02661911427,0.6883308831,-0.02881052943,0.4266994434,-0.05721181834,1,0,0,0
11.69023418,9.670152426,torque,figure8,2.012447834,-1.108212113,-1.718529224,2.156041019,-1.309664278,-2,-0.3633628786,-0.875656426,-0.03261804208,-0.5694744442,-0.6581575626,0,0.3747369412,0.3014161073,2.959589093,0.2220002413,-2.916234016,0.03821985796,-0.0386692263,0.1793644486,0.02383113975,0.6879385321,-0.03014508745,0.4364867601,-0.05895411789,1,0,0,0
11.70027685,9.680195093,torque,figure8,2.009461164,-1.113674521,-1.718723297,2.15029998,-1.316220351,-2,-0.368586421,-0.8626329303,-0.03327874467,-0.5738532256,-0.647477281,0,0.3741349604,0.2992221404,4.131439814,0.2114363909,-2.592034578,0.03434075043,-0.04636224074,0.3794624852,0.02119628268,0.6868173925,-0.03026425832,0.4196635855,-0.05649935765,1,0,0,0
11.71020174,9.690119982,torque,figure8,2.003377438,-1.124250293,-1.719196796,2.144583123,-1.322593897,-2,-0.3798423111,-0.8314814568,-0.03428848833,-0.5781691392,-0.6368702858,0,0.3716580015,0.2799691751,6.097814794,0.1960061342,-1.623728395,0.02411111444,-0.1416985866,0.7449772406,0.02868346658,0.684008105,-0.04806812843,0.3403500256,-0.003587179489,1,0,0,0
11.72028589,9.700204134,torque,figure8,2.000272751,-1.129386902,-1.719435692,2.138730717,-1.328961636,-2,-0.3857466877,-0.8142979145,-0.03355509043,-0.5825424976,-0.6260410422,0,0.3711024302,0.2743996809,6.666184365,0.2038447261,-1.025510311,0.01618138514,-0.136545714,0.8520389628,0.02486772931,0.6832661091,-0.0460558091,0.2691678745,-0.007388472314,1,0,0,0
11.73026705,9.710185289,torque,figure8,1.993942261,-1.139259458,-1.719895124,2.132894716,-1.335156545,-2,-0.3979359865,-0.7788866758,-0.02993356809,-0.5868593752,-0.6152716239,0,0.3689745179,0.2517100525,7.092591682,0.2183366567,0.2740481496,0.004814083688,-0.2294818642,1.019597965,0.0323395114,0.6830586534,-0.06622260262,0.1175636798,0.02303596672,1,0,0,0
11.74029303,9.720211267,torque,figure8,1.990715981,-1.143993735,-1.720109224,2.126989189,-1.341270806,-2,-0.4042180479,-0.7614138126,-0.02792212926,-0.5911837197,-0.6044038603,0,0.3685477937,0.2457395631,6.808478913,0.2159934044,0.9213223457,0.001708122552,-0.2193376292,0.9844517542,0.02746142504,0.6838142176,-0.06062631984,0.01643461112,0.01107068841,1,0,0,0
11.75025296,9.730171204,torque,figure8,1.98744297,-1.14861989,-1.720306873,2.121079693,-1.347236662,-2,-0.4105194807,-0.7448130846,-0.02564287186,-0.5954676645,-0.5935589558,0,0.3681516549,0.2402939846,6.249719187,0.2004733831,1.522895813,-0.0003906604252,-0.2150632148,0.9080517464,0.02403806343,0.6850067831,-0.05524111672,-0.08298674773,0.006364663967,1,0,0,0
11.76029301,9.740211248,torque,figure8,1.984122872,-1.153146029,-1.720485926,2.115079543,-1.353140939,-2,-0.4168380201,-0.7294099331,-0.02300954424,-0.5997739587,-0.5825785567,0,0.3677984933,0.2356999148,5.439116175,0.1781426072,2.078386068,-0.003613402601,-0.2137547563,0.790099977,0.02182940327,0.6865435102,-0.05018459405,-0.1809645385,0.008547155087,1,0,0,0
11.77028489,9.750203133,torque,figure8,1.980765462,-1.157433152,-1.720642328,2.109065311,-1.358907205,-2,-0.4230778515,-0.7153915763,-0.02051396109,-0.6040474415,-0.571603602,0,0.3675504784,0.2320469708,4.433194167,0.1490281522,2.552231789,-0.002134463983,-0.2139802382,0.6376105893,0.02046625855,0.6881202552,-0.0449276748,-0.2712630828,0.009413841227,1,0,0,0
11.78031135,9.760229588,torque,figure8,1.973912597,-1.165798903,-1.720900774,2.10298741,-1.364582958,-2,-0.4352074265,-0.6932907701,-0.01580754295,-0.6083234344,-0.5605442116,0,0.3661581437,0.2187251228,2.549905372,0.05759270117,3.081500769,-0.00132562255,-0.3059022414,0.3344063802,0.02461951865,0.6904421791,-0.05183786642,-0.3809869212,0.001364564325,1,0,0,0
11.79028249,9.770200729,torque,figure8,1.970418692,-1.169909477,-1.72100687,2.096900581,-1.370117202,-2,-0.4410990477,-0.6854404211,-0.01454002038,-0.6125635565,-0.5495005639,0,0.36594804,0.21929691,2.129500407,0.003639540868,3.135886192,-0.001270390232,-0.2863748279,0.09269108952,0.02317361974,0.6909739622,-0.03807294215,-0.4272980293,0.007017466278,1,0,0,0
11.80029559,9.780213833,torque,figure8,1.966901898,-1.173787594,-1.721089602,2.090745653,-1.375563699,-2,-0.4467174411,-0.6795778871,-0.01362684369,-0.6168091113,-0.5383659098,0,0.3658440686,0.2214897056,2.613204909,-0.04611757398,3.056692362,0.000682698912,-0.2672454546,-0.1464300737,0.02276219134,0.6910031137,-0.02597417545,-0.4525687386,0.01237780773,1,0,0,0
11.81027269,9.790190935,torque,figure8,1.956104517,-1.185444713,-1.721388102,2.084570634,-1.380879504,-2,-0.4626951218,-0.6741251349,-0.02027400956,-0.6210269461,-0.527227802,0,0.3637621346,0.2169304692,5.560764833,-0.2061730325,1.961885571,0.001045304583,-0.4095838416,-0.6861294202,0.02174827564,0.6867484849,-0.03815983527,-0.3733269376,-0.01871428424,1,0,0,0
11.8202889,9.800207138,torque,figure8,1.956104517,-1.185444713,-1.721388102,2.078329148,-1.386104146,-2,-0.4626951218,-0.6741251349,-0.02027400956,-0.6252487187,-0.5160032848,0,0.3644552903,0.2276779015,5.601123944,-0.2061730325,1.961885571,0.001045304583,-0.2748335087,-0.7340056608,0.02420413471,0.6868683965,-0.003824064335,-0.3815331812,0.01507823659,1,0,0,0
11.83026505,9.810183287,torque,figure8,1.948734283,-1.193175554,-1.721695662,2.072070652,-1.391195933,-2,-0.4720220566,-0.6777956486,-0.02634570375,-0.6294409825,-0.5047819723,0,0.3631490535,0.2353902006,6.771894875,-0.2898249328,0.731813252,0.002699879464,-0.3135977069,-1.000097444,0.02472309953,0.6839437198,-0.00386137429,-0.2505716277,0.01095296629,1,0,0,0
11.84028387,9.820202112,torque,figure8,1.948734283,-1.193175554,-1.721695662,2.065743355,-1.396196632,-2,-0.4720220566,-0.6777956486,-0.02634570375,-0.6336384133,-0.4934717037,0,0.3638158677,0.24655478,6.840425346,-0.2898249328,0.731813252,0.002699879464,-0.1935140174,-1.014440243,0.02715886419,0.6840297496,0.0251859199,-0.248066073,0.02610682937,1,0,0,0
11.85026193,9.830180168,torque,figure8,1.937466264,-1.204862952,-1.722287178,2.059400073,-1.401064156,-2,-0.483851254,-0.6853525043,-0.03164539859,-0.6378059627,-0.4821675818,0,0.3612300897,0.2568805098,6.42839006,-0.3635925651,-1.254862309,0.007540946361,-0.2890404869,-1.111993469,0.02830825821,0.6834149174,0.00612627861,0.005977831752,0.02822340702,1,0,0,0
11.86027861,9.840196848,torque,figure8,1.937466264,-1.204862952,-1.722287178,2.052990476,-1.405836877,-2,-0.483851254,-0.6853525043,-0.03164539859,-0.6419767103,-0.470780594,0,0.361746836,0.2684142244,6.511090858,-0.3635925651,-1.254862309,0.007540946361,-0.1625044207,-1.093499455,0.02808254684,0.6835030295,0.03723074782,0.01853882247,0.01208070682,1,0,0,0
11.87027073,9.850188971,torque,figure8,1.929860234,-1.212583303,-1.72274065,2.046555034,-1.410484064,-2,-0.4907108545,-0.6861260533,-0.03191395476,-0.6461242374,-0.4593834024,0,0.3600765674,0.2767382334,4.804336047,-0.3505778313,-2.418662786,0.01380795147,-0.1767659762,-0.9249392642,0.02933607552,0.6855635282,0.02670748714,0.201661096,0.01722647029,1,0,0,0
11.88028407,9.860202312,torque,figure8,1.929860234,-1.212583303,-1.72274065,2.040064416,-1.415026688,-2,-0.4907108545,-0.6861260533,-0.03191395476,-0.6502674671,-0.4479247387,0,0.3605565598,0.2884730133,4.893695816,-0.3505778313,-2.418662786,0.01380795147,-0.06528254033,-0.9080040883,0.0258115047,0.6856922193,0.05262801951,0.212552439,-0.01791934236,1,0,0,0
11.89027309,9.870191336,torque,figure8,1.922152519,-1.220399618,-1.723190546,2.033548291,-1.419443776,-2,-0.4973102808,-0.6800252199,-0.03034412116,-0.6543874795,-0.436457657,0,0.3586796183,0.291408939,2.31787565,-0.295339793,-3.172468662,0.0171481315,-0.08891421197,-0.5794125816,0.02679911339,0.6880400368,0.03336545385,0.3613426306,-0.003712401366,1,0,0,0
11.90028906,9.8802073,torque,figure8,1.922152519,-1.220399618,-1.723190546,2.026973336,-1.423757591,-2,-0.4973102808,-0.6800252199,-0.03034412116,-0.658505328,-0.4249242303,0,0.3591174493,0.3032838997,2.398547916,-0.295339793,-3.172468662,0.0171481315,0.01260179558,-0.5757094351,0.01970704617,0.6882375082,0.05605339818,0.3670578193,-0.05243115491,1,0,0,0
11.91028333,9.890201569,torque,figure8,1.914406538,-1.228004813,-1.72363472,2.020371579,-1.427946745,-2,-0.5039249659,-0.664434433,-0.02944190241,-0.6626009229,-0.4133813696,0,0.3571878133,0.2984502063,0.8593492959,-0.2223165184,-3.279185772,0.01787529513,-0.01740964929,-0.1400846948,0.02134155543,0.6888201726,0.03328127321,0.4430489692,-0.02425815006,1,0,0,0
11.92029142,9.900209665,torque,figure8,1.910494328,-1.231744885,-1.723852634,2.013719738,-1.432025924,-2,-0.5072754622,-0.6532824636,-0.02864096314,-0.6666887544,-0.4017890236,0,0.3564061551,0.2991351749,2.147267689,-0.1698790789,-3.116788864,0.01460179407,0.01901664958,0.07905190185,0.01715672387,0.6885892644,0.03222937422,0.4518129571,-0.0356212939,1,0,0,0
11.93020153,9.910119772,torque,figure8,1.89864862,-1.242414355,-1.724481344,2.00709278,-1.435950685,-2,-0.5181130767,-0.6076424718,-0.02591659315,-0.6707232375,-0.3902780559,0,0.3537329167,0.2668498085,5.868041912,0.05174313858,-1.932920694,-0.0001992943144,-0.087138611,0.7630953366,0.0346730333,0.6853448186,-0.02465052262,0.3939583442,0.05740945332,1,0,0,0
11.94027781,9.920196056,torque,figure8,1.89864862,-1.242414355,-1.724481344,2.000313772,-1.439824137,-2,-0.5181130767,-0.6076424718,-0.02591659315,-0.674811696,-0.3785422398,0,0.3538600781,0.2787705928,5.714878653,0.05174313858,-1.932920694,-0.0001992943144,0.02397204318,0.6706915258,0.01531874051,0.6857720515,0.001587526946,0.3678235365,-0.01786014093,1,0,0,0
11.9501996,9.930117846,torque,figure8,1.890619755,-1.248975635,-1.724836349,1.993598517,-1.4435225,-2,-0.5258936882,-0.5711149573,-0.01948377118,-0.6788239117,-0.36695594,0,0.3523750031,0.2558284092,7.001209534,0.1796554774,-0.690828979,-0.01136376802,-0.03853141283,0.9844353697,0.02350092904,0.6851267095,-0.02994954907,0.2474119831,0.0226586059,1,0,0,0
11.96028304,9.940201283,torque,figure8,1.890619755,-1.248975635,-1.724836349,1.986733139,-1.447163184,-2,-0.5258936882,-0.5711149573,-0.01948377118,-0.6828876303,-0.3551509,0,0.3524643556,0.2677072827,6.844341362,0.1796554774,-0.690828979,-0.01136376802,0.05990667949,0.8686835482,0.005867513569,0.6855996885,-0.007712159573,0.2148696755,-0.02806766805,1,0,0,0
11.97020888,9.950127125,torque,figure8,1.878411293,-1.257763147,-1.725161552,1.979935108,-1.450630565,-2,-0.5386657119,-0.5146922469,-0.009683570825,-0.6868741049,-0.3435017899,0,0.3507721458,0.2266399609,6.655248161,0.3065091968,1.290098429,-0.02304888517,-0.118360873,1.110013397,0.0277519717,0.6874479948,-0.0632720912,-0.002226001339,0.0357262334,1,0,0,0
11.98029876,9.960216999,torque,figure8,1.878411293,-1.257763147,-1.725161552,1.97298425,-1.454036597,-2,-0.5386657119,-0.5146922469,-0.009683570825,-0.6909124134,-0.3316320791,0,0.3507185244,0.2382936313,6.483156798,0.3065091968,1.290098429,-0.02304888517,-0.01165008767,0.9487431573,0.01148943138,0.6879209766,-0.03788901368,-0.04845932022,0.01030686639,1,0,0,0
11.99026918,9.970187426,torque,figure8,1.8701123,-1.262932181,-1.725266218,1.966075723,-1.457284525,-2,-0.5478092432,-0.481131345,-0.004404672887,-0.6948889235,-0.3198760192,0,0.3499435141,0.2183005121,4.935488096,0.3333952129,2.37076354,-0.0300239604,-0.1140617379,0.8484013253,0.02096768641,0.6907165626,-0.06229828137,-0.2026293344,0.03129372335,1,0,0,0
12.00029087,9.980209112,torque,figure8,1.8701123,-1.262932181,-1.725266218,1.959091795,-1.460430903,-2,-0.5478092432,-0.481131345,-0.004404672887,-0.6988717811,-0.308033565,0,0.3498596097,0.229787147,4.747379465,0.3333952129,2.37076354,-0.0300239604,-0.01459424913,0.6960903875,0.009421549728,0.6911466658,-0.03921307392,-0.2441991326,0.0295502543,1,0,0,0
12.01027727,9.990195513,torque,figure8,1.865914345,-1.265316129,-1.725279808,1.952092823,-1.463448022,-2,-0.5525069833,-0.466822654,-0.002505682874,-0.7028264767,-0.2962078798,0,0.3495055952,0.2274019123,3.596271117,0.3285088837,2.723221779,-0.02997466736,-0.03166501874,0.5346951269,0.01168630157,0.6926146926,-0.04208099275,-0.3163348326,0.041624233,1,0,0,0
12.02028251,10.00020075,torque,figure8,1.857401252,-1.269867778,-1.72526598,1.945041116,-1.46635228,-2,-0.5620610118,-0.4443611503,0.001022600452,-0.7067743974,-0.2843358958,0,0.3489494053,0.2157570201,1.631578479,0.2966117561,3.007491589,-0.02887993306,-0.1505263996,0.2545849678,0.02197126085,0.6944072676,-0.06230133619,-0.3845693836,0.0435440195,1,0,0,0
12.0302484,10.01016665,torque,figure8,1.853100896,-1.271893263,-1.725241899,1.93797794,-1.469126922,-2,-0.5668606758,-0.4360634983,0.001214323565,-0.7106925528,-0.2724876701,0,0.3487079619,0.2178213373,1.550941705,0.27273947,2.935935497,-0.02521927655,-0.1524468383,0.02302783712,0.02274173124,0.6945608991,-0.05705983786,-0.4111006426,0.04683423213,1,0,0,0
12.04029179,10.02021003,torque,figure8,1.848760843,-1.273891687,-1.725219488,1.930820414,-1.471803566,-2,-0.571641922,-0.4298288226,0.0008356893668,-0.7146267115,-0.2605251481,0,0.3484353809,0.2216056917,2.416705395,0.2481122911,2.73331356,-0.02182922699,-0.1564339118,-0.2020975293,0.02447962508,0.6942165359,-0.05271079053,-0.4169555197,0.05088379332,1,0,0,0
12.05023479,10.03015304,torque,figure8,1.844381452,-1.275878429,-1.725205183,1.923695571,-1.474335005,-2,-0.5764503479,-0.4255435765,-0.0009203695226,-0.7185071733,-0.2486612093,0,0.3481205732,0.2268663936,3.489608559,0.224548161,2.41736269,-0.0185014829,-0.163287519,-0.4133659106,0.02683459593,0.6932478877,-0.04953511037,-0.4040451545,0.05412855292,1,0,0,0
12.06029153,10.04020977,torque,figure8,1.839961529,-1.277868152,-1.725212812,1.916450061,-1.476775301,-2,-0.5814016461,-0.4230178297,-0.004321257584,-0.7224173865,-0.2366413219,0,0.3477391956,0.233752679,4.481257472,0.2000738382,1.967621565,-0.01413814165,-0.1708015897,-0.6029311406,0.02946409622,0.69172964,-0.04663274982,-0.3685023465,0.05493297943,1,0,0,0
12.07025909,10.05017734,torque,figure8,1.831006289,-1.281498194,-1.725334644,1.909230065,-1.479074586,-2,-0.5911531448,-0.4214107394,-0.01126432512,-0.7262783306,-0.2247088778,0,0.3472699921,0.2389086085,5.732946928,0.1535784751,0.8259897232,-0.001774838427,-0.2808604287,-0.8154663572,0.03400533986,0.6887357553,-0.06312957187,-0.236792684,0.03915007413,1,0,0,0
12.08029056,10.0602088,torque,figure8,1.826470494,-1.283365011,-1.725432634,1.901925003,-1.481268434,-2,-0.5960189104,-0.42175138,-0.01384132262,-0.7301492721,-0.2126816862,0,0.3467656066,0.2487823808,6.021069913,0.1357475221,0.1850524992,0.004582905676,-0.2695474147,-0.900477481,0.03638170194,0.6879377878,-0.0555354552,-0.1591749326,0.04043353739,1,0,0,0
12.09021878,10.07013702,torque,figure8,1.817277074,-1.28720367,-1.725681305,1.894656959,-1.483320825,-2,-0.6058912277,-0.4223339856,-0.01750316843,-0.7339657277,-0.2007611959,0,0.3459773571,0.2565227857,5.649541133,0.1105665416,-1.136204839,0.01670893654,-0.3672520843,-0.8901243065,0.04232568289,0.6875967004,-0.07192440405,0.02611542581,0.05267007493,1,0,0,0
12.1002903,10.08020854,torque,figure8,1.812618136,-1.289007425,-1.725828171,1.887245378,-1.48528183,-2,-0.6110312939,-0.4214056134,-0.01863369718,-0.7378222952,-0.1886522896,0,0.3453448409,0.2657014912,5.102813197,0.09672237933,-1.763198018,0.02281938307,-0.3436306962,-0.830115492,0.04456759542,0.6881144559,-0.06156630371,0.1238989678,0.04863248953,1,0,0,0
12.11021638,10.09013462,torque,figure8,1.807916164,-1.2908324,-1.725981236,1.879902891,-1.487095116,-2,-0.6163384318,-0.4191584885,-0.01902130619,-0.7416083445,-0.1767030685,0,0.3446555173,0.2735671614,4.347779165,0.07044043392,-2.289252996,0.02854010276,-0.3275149189,-0.7250421339,0.04630425612,0.688927046,-0.05231344887,0.2139506248,0.04010122083,1,0,0,0
12.12029934,10.10021758,torque,figure8,1.803169966,-1.292666554,-1.7261343,1.872405959,-1.488815551,-2,-0.6218084097,-0.4153906107,-0.01857979037,-0.7454390821,-0.1645505597,0,0.3439047441,0.2802685907,3.47349079,0.03416150808,-2.733341217,0.03467168286,-0.3130359751,-0.5814319998,0.04723637584,0.689897988,-0.04299430956,0.297806799,0.02717139606,1,0,0,0
12.13020825,10.1101265,torque,figure8,1.788662314,-1.297865033,-1.726641893,1.865000877,-1.490386844,-2,-0.6392564178,-0.3910861015,-0.01717265882,-0.7491887449,-0.1525946124,0,0.3429531717,0.2631695407,3.284649189,-0.1182378307,-3.198264599,0.04995827377,-0.4905399299,0.1031747854,0.07151279971,0.6898842311,-0.06302963102,0.464269903,0.1232043361,1,0,0,0
12.14029622,10.12021446,torque,figure8,1.788662314,-1.297865033,-1.726641893,1.857423894,-1.491864765,-2,-0.6392564178,-0.3910861015,-0.01717265882,-0.7529908608,-0.1404101622,0,0.3421822691,0.2758058199,3.0229681,-0.1182378307,-3.198264599,0.04995827377,-0.3422791127,0.03225471712,0.05360476335,0.690370837,-0.02556525398,0.4490017326,0.01759209433,1,0,0,0
12.15027285,10.13019109,torque,figure8,1.778747082,-1.301003575,-1.726990223,1.849892893,-1.493205428,-2,-0.65187186,-0.3633796871,-0.0179668963,-0.7567357513,-0.1283488056,0,0.3413760638,0.2579898453,5.244306958,-0.245306924,-2.747046709,0.05700684711,-0.3994181749,0.5269279675,0.06481062515,0.6877618757,-0.02283662508,0.4626386584,0.05288290466,1,0,0,0
12.16029024,10.14020848,torque,figure8,1.778747082,-1.301003575,-1.726990223,1.842293603,-1.494430446,-2,-0.65187186,-0.3633796871,-0.0179668963,-0.7604805994,-0.1162277504,0,0.3405678391,0.2705600625,4.988710084,-0.245306924,-2.747046709,0.05700684711,-0.2673196495,0.4298870032,0.04499928,0.6883509478,0.009026430063,0.4388010442,-0.04305460546,1,0,0,0
12.17026401,10.15018225,torque,figure8,1.773730636,-1.302391171,-1.727199078,1.834690218,-1.495529452,-2,-0.6582090259,-0.3465450704,-0.01816103235,-0.7641937843,-0.1041501013,0,0.3397628722,0.26517525,5.973549531,-0.3019060194,-2.338413,0.05906813964,-0.2430086799,0.6247852148,0.04173807937,0.6870099081,0.01976752202,0.4106819549,-0.05358519707,1,0,0,0
12.18028378,10.16020203,torque,figure8,1.763542771,-1.304826021,-1.727619886,1.827014542,-1.49651219,-2,-0.6705372334,-0.3086259365,-0.0166759938,-0.7679085998,-0.09200828234,0,0.3390622057,0.2380808263,7.614468125,-0.3923105001,-1.192288518,0.06343834847,-0.2873104342,1.027363308,0.05259158157,0.684334004,0.01729520371,0.3194106538,-0.00799724084,1,0,0,0
12.19020295,10.17012119,torque,figure8,1.753169894,-1.306708097,-1.727996349,1.819379353,-1.497365191,-2,-0.6815907359,-0.2692556381,-0.007614952046,-0.7715707362,-0.07998101125,0,0.3387031234,0.2097123562,8.155410528,-0.4959699214,0.156758666,0.0672326237,-0.2970671347,1.265497916,0.06022320319,0.6850167015,0.02517632516,0.1742190641,0.01006600597,1,0,0,0
12.2002871,10.18020535,torque,figure8,1.753169894,-1.306708097,-1.727996349,1.81158001,-1.498110053,-2,-0.6815907359,-0.2692556381,-0.007614952046,-0.7752780262,-0.0677471618,0,0.3376868908,0.2223532367,7.922056434,-0.4959699214,0.156758666,0.0672326237,-0.1654463979,1.080621828,0.03707785485,0.6857021727,0.05714938541,0.1230695903,-0.06230190188,1,0,0,0
12.21027088,10.19018912,torque,figure8,1.742632747,-1.308029294,-1.72824645,1.80382155,-1.49872594,-2,-0.6912160516,-0.2304313928,0.0007892505964,-0.7789326882,-0.05562958344,0,0.3375785423,0.1955773602,7.253456517,-0.5439900756,1.47822535,0.06462673098,-0.1722793261,1.163318627,0.04571819337,0.6882616254,0.05529575835,-0.03511755987,-0.02687569735,1,0,0,0
12.22028685,10.20020509,torque,figure8,1.742632747,-1.308029294,-1.72824645,1.796001492,-1.499222225,-2,-0.6912160516,-0.2304313928,0.0007892505964,-0.782583334,-0.04346842741,0,0.3365307585,0.2080955397,7.026829486,-0.5439900756,1.47822535,0.06462673098,-0.05485730121,0.9772057807,0.0264617297,0.6888905338,0.08279348591,-0.08521470799,-0.07163868863,1,0,0,0
12.23021197,10.21013021,torque,figure8,1.73195529,-1.308768511,-1.728388548,1.788216366,-1.499593836,-2,-0.699047327,-0.1955556571,0.007111179642,-0.786185189,-0.03141407697,0,0.3366784733,0.1859732083,5.249182218,-0.5450866818,2.577041864,0.05399068445,-0.06016825385,0.8968884411,0.03662289876,0.6922926761,0.07315678095,-0.2325221741,-0.02589103026,1,0,0,0
12.24029088,10.22020912,torque,figure8,1.726575494,-1.308934331,-1.728429317,1.780274113,-1.499848756,-2,-0.7021594644,-0.1806592345,0.01006110385,-0.7898268017,-0.01917039631,0,0.3362774079,0.1840256306,3.925287676,-0.5269237161,2.976999521,0.04813537002,0.002289113007,0.6892394671,0.03244351584,0.6942826284,0.08133835974,-0.3235506763,-0.02224046966,1,0,0,0
12.25027633,10.23019457,torque,figure8,1.710305333,-1.308844686,-1.728391886,1.772369393,-1.499979612,-2,-0.7083320618,-0.1485049278,0.01469922904,-0.7934186245,-0.007038690738,0,0.3378690209,0.1657361961,0.7812995156,-0.4012868702,3.440832138,0.02712898329,-0.03085520489,0.2637394042,0.04229255638,0.6966266621,0.04609580406,-0.4255487609,-0.002974465796,1,0,0,0
12.26028848,10.24020672,torque,figure8,1.710305333,-1.308844686,-1.728391886,1.764407605,-1.499989187,-2,-0.7083320618,-0.1485049278,0.01469922904,-0.7970039681,0.005126027074,0,0.3365029627,0.1779922599,0.9868539126,-0.4012868702,3.440832138,0.02712898329,0.09214233292,0.0677595926,0.03332226797,0.6968620025,0.07569842778,-0.4765842721,0.006008134194,1,0,0,0
12.27027059,10.25018883,torque,figure8,1.69938755,-1.30839777,-1.728368521,1.75643405,-1.499877487,-2,-0.710305512,-0.1383361369,0.01031054277,-0.8005624484,0.01725383216,0,0.3371979325,0.1801689772,3.638753586,-0.2727275789,2.977710724,0.02176167257,0.09523071847,-0.3337831068,0.03555535073,0.6944689651,0.05290833635,-0.4633340424,0.005164696114,1,0,0,0
12.28028584,10.26020408,torque,figure8,1.69938755,-1.30839777,-1.728368521,1.748398407,-1.499643758,-2,-0.710305512,-0.1383361369,0.01031054277,-0.8041165087,0.02942050046,0,0.3357986785,0.1924814271,3.887193292,-0.2727275789,2.977710724,0.02176167257,0.199956873,-0.4773997209,0.0313811987,0.6945656335,0.07632245251,-0.496191931,0.02102151878,1,0,0,0
12.29021382,10.27013206,torque,figure8,1.693917036,-1.308179617,-1.72838378,1.740397726,-1.499291812,-2,-0.7106821537,-0.1366198659,0.00818711333,-0.8076234831,0.04147880627,0,0.3353501107,0.20293789,5.222032972,-0.198040694,2.548312187,0.0228296984,0.2328699156,-0.7132119021,0.03158226738,0.692957841,0.06947780466,-0.4697867644,0.02011845894,1,0,0,0
12.30029297,10.28021121,torque,figure8,1.682991385,-1.307475686,-1.728407621,1.732239698,-1.498812061,-2,-0.7105385065,-0.1378306001,0.008015521802,-0.8111673624,0.0537173118,0,0.3358532784,0.216520248,6.932571278,-0.03267814219,1.36289835,0.0277746506,0.2024416325,-0.990372737,0.03197320079,0.6909304853,0.03556711084,-0.3384719354,-0.001536222003,1,0,0,0
12.31021738,10.29013562,torque,figure8,1.677527785,-1.307188034,-1.728408337,1.724172091,-1.498219168,-2,-0.7103008628,-0.1399625391,0.0107233664,-0.8146405322,0.06576361955,0,0.3353067504,0.2309220854,7.4715393,0.04912021011,0.6775733829,0.03180443496,0.2281261902,-1.117290227,0.03094569014,0.6910971487,0.02864015723,-0.2602657452,-0.008554153163,1,0,0,0
12.32028913,10.30020738,torque,figure8,1.672064662,-1.306949973,-1.728377581,1.715949551,-1.49749527,-2,-0.7100352645,-0.142438069,0.01536975056,-0.8181486543,0.07798340382,0,0.3346821365,0.2459885362,7.687329997,0.136892572,-0.03960373998,0.03606338054,0.2444823275,-1.191105029,0.02963800361,0.6922611221,0.01883072811,-0.1688928877,-0.01840944918,1,0,0,0
12.33027077,10.31018901,torque,figure8,1.655776978,-1.30613625,-1.728072166,1.707765809,-1.496656454,-2,-0.7102122903,-0.147387296,0.02276651189,-0.8216088047,0.09008752637,0,0.3360737019,0.2632903126,5.914746946,0.3485661149,-2.063919783,0.0451278165,0.09131554058,-1.018871753,0.02734334857,0.697049756,-0.04338245188,0.138027382,-0.02107719519,1,0,0,0
12.34029746,10.3202157,torque,figure8,1.655776978,-1.30613625,-1.728072166,1.699510434,-1.495692248,-2,-0.7102122903,-0.147387296,0.02276651189,-0.8250678866,0.1022389708,0,0.3343483781,0.2757234033,6.160465434,0.3485661149,-2.063919783,0.0451278165,0.1949692893,-1.067433421,0.02473864817,0.6971124667,-0.0193452966,0.1341031528,-0.0459110382,1,0,0,0
12.35027003,10.33018827,torque,figure8,1.644891262,-1.305776715,-1.727808714,1.691265299,-1.494612433,-2,-0.712041378,-0.1443421096,0.02428290807,-0.8284916364,0.1143165689,0,0.33451095,0.2847009558,3.667842118,0.4390261769,-3.072991848,0.0442545712,0.09879365282,-0.7481777998,0.02414646284,0.7003818067,-0.05081635407,0.3209522007,-0.03202286687,1,0,0,0
12.36029029,10.34020853,torque,figure8,1.644891262,-1.305776715,-1.727808714,1.682946436,-1.49340619,-2,-0.712041378,-0.1443421096,0.02428290807,-0.8319149519,0.1264426393,0,0.3327778722,0.2971257537,3.916869393,0.4390261769,-3.072991848,0.0442545712,0.1932998182,-0.7979598336,0.0182683963,0.700587992,-0.02980450348,0.3154374557,-0.07217324162,1,0,0,0
12.37027907,10.35019732,torque,figure8,1.628633499,-1.305076241,-1.727327347,1.674619643,-1.492082852,-2,-0.7188459635,-0.122973986,0.02304259874,-0.8353106806,0.1385203907,0,0.3338211699,0.2871833921,1.23257151,0.481764257,-3.544117689,0.03270896524,-0.02601037959,-0.03890327724,0.02737797762,0.701605575,-0.07868696591,0.4939330359,0.01256892282,1,0,0,0
12.38029695,10.36021519,torque,figure8,1.628633499,-1.305076241,-1.727327347,1.666234619,-1.490634546,-2,-0.7188459635,-0.122973986,0.02304259874,-0.8386993466,0.1506220673,0,0.3319579858,0.2995840369,0.994850839,0.481764257,-3.544117689,0.03270896524,0.0794642865,-0.1230406521,0.01411734833,0.7020786052,-0.05401971166,0.4762133881,-0.05749014832,1,0,0,0
12.39027166,10.37018991,torque,figure8,1.617726564,-1.304364562,-1.727048874,1.657852073,-1.489072088,-2,-0.7261965275,-0.09592335671,0.01956613362,-0.8420564811,0.1626594503,0,0.3320078971,0.2840271651,4.124043216,0.4832594991,-3.01796484,0.02327540703,-0.04680148581,0.420649954,0.02165371414,0.6992087433,-0.07754716702,0.4873542303,-0.002704632309,1,0,0,0
12.40029073,10.38020897,torque,figure8,1.617726564,-1.304364562,-1.727048874,1.649398634,-1.487381877,-2,-0.7261965275,-0.09592335671,0.01956613362,-0.8454114618,0.1747371516,0,0.330152654,0.296398625,3.868419742,0.4832594991,-3.01796484,0.02327540703,0.05302129787,0.3088445464,0.005868070601,0.6998512312,-0.05477331112,0.4604730537,-0.06952735757,1,0,0,0
12.4102726,10.39019084,torque,figure8,1.601177573,-1.302564621,-1.726608276,1.640943235,-1.485577677,-2,-0.7404040098,-0.042738121,0.02525822446,-0.8487368988,0.18675589,0,0.3313881727,0.2550323388,7.239308994,0.3997521102,-1.236392379,0.003510093084,-0.1927268697,1.053889436,0.03150269327,0.6963687483,-0.09166165524,0.3421476883,0.05042331294,1,0,0,0
12.42030621,10.40022445,torque,figure8,1.601177573,-1.302564621,-1.726608276,1.632410644,-1.483643296,-2,-0.7404040098,-0.042738121,0.02525822446,-0.8520623137,0.1988217311,0,0.3294055646,0.267313892,6.973289658,0.3997521102,-1.236392379,0.003510093084,-0.076938381,0.8748673827,0.01104791547,0.6971729437,-0.06335733735,0.2934672218,-0.01599922109,1,0,0,0
12.43027806,10.4101963,torque,figure8,1.590064883,-1.300794005,-1.726197958,1.623897594,-1.481600952,-2,-0.7511206269,-0.004088339396,0.03428571671,-0.8553500526,0.2107972532,0,0.3298535469,0.2412780583,7.668658655,0.3784748614,0.183051765,-0.01223703753,-0.2080854019,1.141353558,0.02338058489,0.6978545885,-0.08571212377,0.1473263197,0.0320330737,1,0,0,0
12.4402864,10.42020464,torque,figure8,1.590064883,-1.300794005,-1.726197958,1.615320524,-1.479431146,-2,-0.7511206269,-0.004088339396,0.03428571671,-0.8586325001,0.2227995099,0,0.3278972913,0.253401676,7.396250036,0.3784748614,0.183051765,-0.01223703753,-0.09784619542,0.9506120183,0.005299199059,0.698688601,-0.05920517951,0.09618664912,-0.008916188628,1,0,0,0
12.45022964,10.43014789,torque,figure8,1.573077083,-1.297130466,-1.725331783,1.606766787,-1.477156587,-2,-0.7688285112,0.05152669176,0.04382429644,-0.861876354,0.2347058125,0,0.3301318371,0.2100787002,6.353874062,0.3056280017,2.107828617,-0.02255433612,-0.3558622025,1.119182278,0.0282990023,0.7018427892,-0.1026720859,-0.1123062582,0.02686998058,1,0,0,0
12.46029639,10.44021463,torque,figure8,1.573077083,-1.297130466,-1.725331783,1.598074039,-1.474733269,-2,-0.7688285112,0.05152669176,0.04382429644,-0.8651429199,0.2467408466,0,0.3280399869,0.2220486445,6.060099465,0.3056280017,2.107828617,-0.02255433612,-0.2267772715,0.8857343296,0.01345317941,0.7026038311,-0.06994224538,-0.176123802,0.01928478802,1,0,0,0
12.47026277,10.45018101,torque,figure8,1.56734848,-1.295643687,-1.725005865,1.589435658,-1.472214866,-2,-0.7749931812,0.06770143658,0.04527465254,-0.8683594264,0.2586359325,0,0.3275469412,0.2173086092,5.05326491,0.2634783983,2.584976435,-0.02607958764,-0.2398009881,0.7288603094,0.01295515823,0.7042219485,-0.06518754243,-0.2674813015,0.02597931255,1,0,0,0
12.4802978,10.46021605,torque,figure8,1.56156373,-1.294058084,-1.724668741,1.580705462,-1.469559437,-2,-0.7811675668,0.08204525709,0.04654397815,-0.8715804461,0.2705919446,0,0.3270694613,0.2142211101,3.93208161,0.2166008502,2.955346107,-0.02747100778,-0.2518515216,0.5392517671,0.0131530626,0.7057157619,-0.05987598562,-0.3477604939,0.03207978498,1,0,0,0
12.49026942,10.47018766,torque,figure8,1.55572331,-1.292389035,-1.724331379,1.57199851,-1.466802054,-2,-0.7872799039,0.09426921606,0.04669375718,-0.8747635046,0.2824505364,0,0.3266159393,0.2127108287,2.876242772,0.1615890712,3.19278264,-0.02682903595,-0.2627287574,0.324603633,0.01395420041,0.7066542721,-0.05347907603,-0.4122828451,0.03678338752,1,0,0,0
12.50030017,10.48021841,torque,figure8,1.543970823,-1.288636446,-1.723690271,1.563207994,-1.463909132,-2,-0.7993519306,0.1120535061,0.04199067876,-0.8779476667,0.2943564917,0,0.3277768283,0.2029159565,2.644012173,0.03737685829,3.091092587,-0.02213370241,-0.378302869,0.01933340688,0.01840173986,0.7055895637,-0.06115592905,-0.4279365356,0.01472497657,1,0,0,0
12.51028037,10.49019861,torque,figure8,1.531999707,-1.284767509,-1.723170042,1.554430164,-1.46091238,-2,-0.810998857,0.1211020276,0.03184854612,-0.8810980311,0.3061786462,0,0.3288844279,0.2004534331,4.234419558,-0.0603123717,2.371432304,-0.01431661379,-0.4665783361,-0.3095272186,0.01824281409,0.7019630078,-0.06544571187,-0.3693051447,-0.004506784805,1,0,0,0
12.52029562,10.50021386,torque,figure8,1.531999707,-1.284767509,-1.723170042,1.545589991,-1.457786619,-2,-0.810998857,0.1211020276,0.03184854612,-0.8842415932,0.318017483,0,0.3267340419,0.2124959409,4.326298564,-0.0603123717,2.371432304,-0.01431661379,-0.3241282597,-0.4748536348,0.01903586387,0.7022549178,-0.02933205898,-0.4078668796,0.03139919272,1,0,0,0
12.53027558,10.51019382,torque,figure8,1.513722658,-1.278574944,-1.722684145,1.536749735,-1.454554056,-2,-0.8265289068,0.1233818308,0.02044090256,-0.8873562142,0.3297889087,0,0.3292460746,0.2161519688,5.95893037,-0.2162872255,0.6380465031,-0.006056571379,-0.5088762251,-0.7092041514,0.02059857124,0.6976766318,-0.05199439236,-0.1878124546,0.01850976629,1,0,0,0
12.54029632,10.52021456,torque,figure8,1.513722658,-1.278574944,-1.722684145,1.527842182,-1.45119022,-2,-0.8265289068,0.1233818308,0.02044090256,-0.890465552,0.3415816519,0,0.3269548565,0.228291233,6.113921531,-0.2162872255,0.6380465031,-0.006056571379,-0.3545328651,-0.8387483031,0.02288748769,0.6978654131,-0.01240581244,-0.2146499432,0.03174332238,1,0,0,0
12.55027962,10.53019786,torque,figure8,1.501321077,-1.274460912,-1.722484589,1.518937008,-1.447721577,-2,-0.8357251883,0.1220658422,0.01462087035,-0.8935452698,0.3533027181,0,0.3276345261,0.2388041551,5.936397716,-0.2847667634,-0.7078263164,0.002077420708,-0.4146899259,-0.8550106083,0.02659547732,0.6968526503,-0.01917301153,-0.02668657456,0.04259638344,1,0,0,0
12.56029487,10.54021311,torque,figure8,1.501321077,-1.274460912,-1.722484589,1.509972533,-1.444124399,-2,-0.8357251883,0.1220658422,0.01462087035,-0.8966167225,0.3650326336,0,0.3253849261,0.2509071752,6.106008422,-0.2847667634,-0.7078263164,0.002077420708,-0.2757640924,-0.952467044,0.026422979,0.6970507212,0.01483118021,-0.04362093329,0.02822054483,1,0,0,0
12.57029319,10.55021143,torque,figure8,1.495061398,-1.272395253,-1.722417831,1.500992618,-1.440416267,-2,-0.840070188,0.1221611351,0.01212861855,-0.8996648181,0.3767131413,0,0.3245275041,0.2617161577,5.684129642,-0.3083516061,-1.311016202,0.006059647538,-0.2520673909,-0.9302065911,0.02748846989,0.6972639384,0.02076287783,0.04530571768,0.02125430907,1,0,0,0
12.58029747,10.56021571,torque,figure8,1.482420921,-1.268319845,-1.722324371,1.491976937,-1.436589187,-2,-0.8483775258,0.1256847531,0.009641974233,-0.9026965025,0.3883700815,0,0.3248224804,0.2684159098,3.980048162,-0.3415040672,-2.314286232,0.01486689318,-0.3086844176,-0.681335428,0.03232501633,0.6985024998,0.007320240881,0.2246127768,0.04010399683,1,0,0,0
12.59027719,10.57019544,torque,figure8,1.469658256,-1.264150381,-1.722291708,1.48295326,-1.432655467,-2,-0.856195569,0.1360435337,0.008848174475,-0.9057025173,0.3999670397,0,0.325104009,0.2686723751,1.96701546,-0.3369183838,-2.921871424,0.02277885564,-0.3370567708,-0.2961523955,0.04058806612,0.6995215888,-0.003131567133,0.3680075338,0.07202625999,1,0,0,0
12.60029101,10.58020926,torque,figure8,1.469658256,-1.264150381,-1.722291708,1.473868693,-1.428592141,-2,-0.856195569,0.1360435337,0.008848174475,-0.9087004416,0.4115711843,0,0.3227703762,0.2806252627,1.949296622,-0.3369183838,-2.921871424,0.02277885564,-0.1975712804,-0.3984487175,0.02872493502,0.6999791482,0.03075284838,0.3474957716,-0.007406699461,1,0,0,0
12.61022663,10.59014487,torque,figure8,1.450231194,-1.257601976,-1.722323418,1.464825492,-1.424445867,-2,-0.8682926893,0.1681820601,0.004372463562,-0.9116567179,0.4230516719,0,0.3242748244,0.2585692875,3.471439861,-0.3496399522,-2.66147995,0.03544249386,-0.3114994851,0.3773511022,0.05040727928,0.6972602133,-0.0009120187799,0.4367068118,0.08316643521,1,0,0,0
12.62033272,10.60025096,torque,figure8,1.450231194,-1.257601976,-1.722323418,1.455597094,-1.420111609,-2,-0.8682926893,0.1681820601,0.004372463562,-0.91464502,0.4346944268,0,0.3217801391,0.2705485142,3.145893603,-0.3496399522,-2.66147995,0.03544249386,-0.1676174427,0.2295605972,0.03012193351,0.6979331597,0.03408212996,0.4008783039,-0.01985839483,1,0,0,0
12.63023353,10.61015177,torque,figure8,1.437136889,-1.252895713,-1.72245574,1.446526952,-1.415751461,-2,-0.8762389421,0.1997289956,-0.0002551585203,-0.9175542789,0.4460658234,0,0.3219331984,0.2497776109,5.206981067,-0.323471576,-1.77881074,0.03296142444,-0.1950122962,0.6806602958,0.03935229322,0.6943483704,0.01940472399,0.3535606179,0.02092147533,1,0,0,0
12.64030385,10.62022209,torque,figure8,1.437136889,-1.252895713,-1.72245574,1.437272062,-1.411201348,-2,-0.8762389421,0.1997289956,-0.0002551585203,-0.9204946639,0.4575955762,0,0.3195176188,0.2616367853,4.902705556,-0.323471576,-1.77881074,0.03296142444,-0.0688792838,0.514264907,0.01846329946,0.6951177955,0.0486450939,0.3119452534,-0.06308410728,1,0,0,0
12.65030122,10.63021946,torque,figure8,1.430532813,-1.250377536,-1.722543955,1.428055025,-1.406569535,-2,-0.8800276518,0.2174578309,-0.001949214959,-0.9233950489,0.4690046214,0,0.318408444,0.2552651923,5.509554946,-0.2903688848,-1.23932147,0.03039072268,-0.03820712031,0.640598021,0.014807867,0.6938965072,0.04738931567,0.2562218807,-0.06322287052,1,0,0,0
12.66030669,10.64022493,torque,figure8,1.41727519,-1.244999528,-1.722770929,1.418801576,-1.401819957,-2,-0.8871931434,0.2545223236,-0.003635849804,-0.9262790739,0.480384902,0,0.3185136332,0.2292484104,6.246694063,-0.2049225271,-0.01941297576,0.023350548,-0.0823570752,0.932524325,0.02579040325,0.6918187021,0.02084379741,0.1440022908,-0.0101425152,1,0,0,0
12.67024374,10.65016198,torque,figure8,1.410622716,-1.242134333,-1.722900629,1.409582942,-1.396990352,-2,-0.8905759454,0.273034513,-0.003815344302,-0.9291247902,0.4916488015,0,0.3174358665,0.2220197681,6.058542457,-0.1603139043,0.5922135115,0.01403622795,-0.04425484428,0.906780967,0.02041883603,0.6918634214,0.02215373766,0.04885404914,-0.01429226185,1,0,0,0
12.6803019,10.66022015,torque,figure8,1.40393734,-1.239142179,-1.723028183,1.400223245,-1.391988097,-2,-0.8936551213,0.291005671,-0.003659611801,-0.9319862712,0.5030099409,0,0.3163685455,0.2154726903,5.590946972,-0.1063696817,1.187858462,0.00643095281,-0.01222986065,0.8427055105,0.01613204576,0.6923424145,0.02047804668,-0.04815293382,-0.01293231955,1,0,0,0
12.6902895,10.67020774,torque,figure8,1.383820176,-1.229418755,-1.72338295,1.390900835,-1.386908071,-2,-0.9019463062,0.3371548355,-0.0004374385462,-0.9348087828,0.5142505822,0,0.318386578,0.1801195082,3.368169302,0.03965705261,2.560464621,-0.004306677729,-0.1540164491,0.830419494,0.03359272934,0.6942160496,-0.03394589649,-0.2089188412,0.01303448022,1,0,0,0
12.70030546,10.6802237,torque,figure8,1.383820176,-1.229418755,-1.72338295,1.381523728,-1.381701077,-2,-0.9019463062,0.3371548355,-0.0004374385462,-0.9376203488,0.5254814261,0,0.3157723416,0.1916761159,3.063321021,0.03965705261,2.560464621,-0.004306677729,-0.0234941107,0.5673220878,0.01850736126,0.6948093285,-0.002043652558,-0.2798193399,0.005860193138,1,0,0,0
12.71030116,10.6902194,torque,figure8,1.370305419,-1.222473025,-1.723564386,1.372137613,-1.376392683,-2,-0.9067350626,0.3589039445,0.001936789718,-0.9404072364,0.5366469767,0,0.3164036448,0.1809147643,0.8977510471,0.1052194238,2.94438076,-0.01032856293,-0.09540822053,0.3279622077,0.0242163121,0.6959466527,-0.02768354681,-0.3557429873,0.01199926803,1,0,0,0
12.72032809,10.70024633,torque,figure8,1.370305419,-1.222473025,-1.723564386,1.362694278,-1.370955789,-2,-0.9067350626,0.3589039445,0.001936789718,-0.9431837159,0.5478037801,0,0.3138816801,0.1923938756,0.5947755246,0.1052194238,2.94438076,-0.01032856293,0.02110266467,0.107520626,0.01524290956,0.69639087,-0.0006174604296,-0.4109041893,0.02500390033,1,0,0,0
12.73030806,10.7102263,torque,figure8,1.356809616,-1.215118051,-1.723766327,1.353267628,-1.3654335,-2,-0.9109998345,0.3726711273,0.0004818137095,-0.945928122,0.5588640256,0,0.3145032944,0.1894413175,2.274280551,0.1489361674,2.771013021,-0.0100901844,-0.06827088671,-0.1683513908,0.02202217398,0.6952731395,-0.02740312648,-0.4119271431,0.0233954245,1,0,0,0
12.74031687,10.72023511,torque,figure8,1.356809616,-1.215118051,-1.723766327,1.343786318,-1.359784614,-2,-0.9109998345,0.3726711273,0.0004818137095,-0.9486613001,0.5699109595,0,0.3120946377,0.2008038086,2.50899836,0.1489361674,2.771013021,-0.0100901844,0.04056084392,-0.3510823795,0.01749801452,0.6955666552,-0.002781430532,-0.4542299791,0.0442031263,1,0,0,0
12.75028396,10.7302022,torque,figure8,1.336432219,-1.203837156,-1.724183083,1.334317442,-1.354049628,-2,-0.9169541597,0.3793154657,-0.009188449942,-0.9513639605,0.5808658888,0,0.3140751992,0.2046729954,5.227482144,0.1901801378,1.502316594,-0.001152913552,-0.1595753564,-0.6350952651,0.02488187771,0.6905633,-0.05315967058,-0.2965787209,0.01431679481,1,0,0,0
12.76030374,10.74022198,torque,figure8,1.336432219,-1.203837156,-1.724183083,1.324771454,-1.348174503,-2,-0.9169541597,0.3793154657,-0.009188449942,-0.9540616178,0.5918316172,0,0.3115192048,0.2159270842,5.48197644,0.1901801378,1.502316594,-0.001152913552,-0.03679723145,-0.7931016088,0.02448308216,0.6907004202,-0.02380738948,-0.3309687042,0.0349791907,1,0,0,0
12.77029061,10.75020885,torque,figure8,1.322793603,-1.19621861,-1.724579334,1.315230011,-1.342209575,-2,-0.9208953977,0.3778518736,-0.01272916514,-0.9567311161,0.6027134476,0,0.3118126248,0.2280547254,6.172045381,0.2324400395,0.234657079,0.01075589377,-0.1418496657,-0.8992164555,0.02739706316,0.6889524012,-0.05215688075,-0.1630161873,0.02084666992,1,0,0,0
12.78032327,10.76024151,torque,figure8,1.322793603,-1.19621861,-1.724579334,1.305618088,-1.336108127,-2,-0.9208953977,0.3778518736,-0.01272916514,-0.9593933944,0.6135961284,0,0.3093874892,0.2392059386,6.429384471,0.2324400395,0.234657079,0.01075589377,-0.02707752669,-1.020722323,0.02730581091,0.689066639,-0.02551638488,-0.1859665245,0.02588474367,1,0,0,0
12.79032063,10.77023888,torque,figure8,1.309109688,-1.188616514,-1.724973202,1.296013499,-1.32991978,-2,-0.9252306819,0.3760094941,-0.01157515869,-0.9620268575,0.6243907722,0,0.3094799879,0.2513587121,5.917682888,0.2793774605,-1.109543443,0.02476646565,-0.1492505202,-0.9472104993,0.03014518447,0.6900279456,-0.05857550521,0.01851725514,0.01640407002,1,0,0,0
12.80036497,10.78028321,torque,figure8,1.302255034,-1.184802055,-1.725162983,1.286337372,-1.323593935,-2,-0.9278232455,0.3760786355,-0.01144237258,-0.9646530845,0.6351852233,0,0.3083049524,0.2619610444,5.355167717,0.292039156,-1.74242568,0.02934220619,-0.1486620069,-0.8995824606,0.03114082962,0.6909564967,-0.05823081396,0.1139666432,0.01120501923,1,0,0,0
12.81026983,10.79018807,torque,figure8,1.295369625,-1.18100369,-1.725349188,1.276769871,-1.317250006,-2,-0.930624783,0.3773629367,-0.01125750784,-0.967223545,0.6457789568,0,0.3071515558,0.2711334739,4.530193599,0.3007528484,-2.328155994,0.03520248458,-0.1542162807,-0.8012636736,0.03175003519,0.6920650049,-0.05909282475,0.2105302395,0.002416284127,1,0,0,0
12.82032919,10.80024743,torque,figure8,1.281560302,-1.17336309,-1.725716591,1.267027177,-1.310699991,-2,-0.9373362064,0.3850339055,-0.009683331475,-0.9698144318,0.6564854019,0,0.3070896036,0.2735589825,2.381051147,0.2891398966,-3.259681702,0.04369620979,-0.2768228861,-0.3810385771,0.03940075942,0.6938297245,-0.08214593692,0.4052500506,0.034214111,1,0,0,0
12.8302722,10.81019044,torque,figure8,1.274629712,-1.169489384,-1.72589469,1.257371653,-1.304120158,-2,-0.9412922859,0.3923067153,-0.009318006225,-0.9723558231,0.6670151395,0,0.3058708997,0.2766161365,1.966331399,0.2606850266,-3.513551235,0.0454338491,-0.2685046646,-0.1788679241,0.03882029359,0.6941749381,-0.07316099802,0.4678936916,0.01800087822,1,0,0,0
12.84031749,10.82023573,torque,figure8,1.267656088,-1.165568113,-1.726067066,1.247591243,-1.297366593,-2,-0.9457017779,0.4020661414,-0.008761245757,-0.9749035891,0.6775989506,0,0.3046517511,0.2772144191,2.638402429,0.222128585,-3.599951029,0.0484065637,-0.2642388949,0.04560326931,0.03744479064,0.6939962418,-0.06466796779,0.5106218617,-0.000249060188,1,0,0,0
12.85022211,10.83014035,torque,figure8,1.246573925,-1.153348565,-1.726597309,1.237922831,-1.290603774,-2,-0.9610930681,0.4460858405,-0.005164369475,-0.9773961739,0.6879803321,0,0.3060438943,0.2424982619,7.207407563,-0.00153245253,-2.780146599,0.05656934902,-0.4781395196,1.019664326,0.06672514253,0.6888423244,-0.07947691962,0.55,0.1131991411,1,0,0,0
12.86030936,10.8402276,torque,figure8,1.246573925,-1.153348565,-1.726597309,1.22805087,-1.283610854,-2,-0.9610930681,0.4460858405,-0.005164369475,-0.9799147615,0.6984969384,0,0.3034145659,0.2531645497,6.859513049,-0.00153245253,-2.780146599,0.05656934902,-0.3250302856,0.805499748,0.04188207083,0.6898195366,-0.04084801571,0.500757972,-0.006644436896,1,0,0,0
12.87022376,10.850142,torque,figure8,1.232299805,-1.144623876,-1.726857662,1.218323415,-1.276634669,-2,-0.9720916748,0.4842351973,0.003014386864,-0.9823705164,0.7087772405,0,0.3036921562,0.2247973983,9.030236398,-0.160131231,-1.531558633,0.05686141551,-0.4011566408,1.312543461,0.05367934437,0.6873650295,-0.03632239834,0.4132462058,0.03304108012,1,0,0,0
12.88031006,10.8602283,torque,figure8,1.232299805,-1.144623876,-1.726857662,1.208402418,-1.269433229,-2,-0.9720916748,0.4842351973,0.003014386864,-0.9848487845,0.7191778737,0,0.3012560315,0.235308078,8.690440544,-0.160131231,-1.531558633,0.05686141551,-0.2638560248,1.083986262,0.02942912498,0.688446721,-0.003073222013,0.3531964121,-0.0607021889,1,0,0,0
12.89029765,10.87021589,torque,figure8,1.21786952,-1.135331511,-1.726965189,1.198553978,-1.262199186,-2,-0.9827296734,0.5255674124,0.01419345289,-0.9872828082,0.7294183326,0,0.3016894182,0.2043951634,9.650174372,-0.2799316645,-0.05222543702,0.05362882838,-0.3319032989,1.454118931,0.04139364059,0.6885251869,-0.004975683334,0.21978831,-0.01134180483,1,0,0,0
12.9003346,10.88025284,torque,figure8,1.21786952,-1.135331511,-1.726965189,1.188632483,-1.254826657,-2,-0.9827296734,0.5255674124,0.01419345289,-0.9897087684,0.7396500188,0,0.2994693675,0.2146660761,9.317133621,-0.2799316645,-0.05222543702,0.05362882838,-0.2046615053,1.211328432,0.01900129944,0.6896206571,0.02524205185,0.1560095199,-0.07958878269,1,0,0,0
12.91023564,10.89015388,torque,figure8,1.203290701,-1.125440001,-1.72688055,1.178821564,-1.247453625,-2,-0.9926802516,0.5672109723,0.02367650717,-0.9920821,0.7496840387,0,0.3001337979,0.1840036813,8.912406709,-0.3592480421,1.461323261,0.04263945669,-0.2663215332,1.41096182,0.03199561093,0.692008691,0.01702282722,-0.001460851099,-0.02197183911,1,0,0,0
12.92030478,10.90022302,torque,figure8,1.195928931,-1.120270133,-1.726789951,1.168820092,-1.239853838,-2,-0.99723804,0.5872003436,0.02619910613,-0.9944755238,0.759827344,0,0.2994643257,0.1746256165,8.04201196,-0.3755713403,2.162278652,0.03426472098,-0.220585347,1.28230678,0.02636565374,0.6940836427,0.028328676,-0.1250964004,-0.02498687314,1,0,0,0
12.93029857,10.91021681,torque,figure8,1.173726082,-1.103829741,-1.726430178,1.158869725,-1.232210233,-2,-1.008169293,0.6365941167,0.0305852294,-0.9968308506,0.7698330552,0,0.3025602578,0.1371737266,4.468171804,-0.3630075157,3.728951454,0.008250014856,-0.3213605839,1.137468748,0.03804768179,0.6990960611,-0.00381793807,-0.3247257981,-0.0104605391,1,0,0,0
12.94030881,10.92022705,torque,figure8,1.173726082,-1.103829741,-1.726430178,1.148879482,-1.224454115,-2,-1.008169293,0.6365941167,0.0305852294,-0.9991698438,0.7797928039,0,0.3000134009,0.146704841,4.125253982,-0.3630075157,3.728951454,0.008250014856,-0.1732773629,0.8158087955,0.02471846259,0.6997503216,0.03364121195,-0.4120810699,-0.00391821811,1,0,0,0
12.95029354,10.93021178,torque,figure8,1.158791661,-1.092281938,-1.726144791,1.138891476,-1.216618759,-2,-1.013226271,0.6572432518,0.02859750204,-1.001482679,0.7896641207,0,0.3014172163,0.1359816737,1.189999903,-0.33370924,3.99890995,0.001504144049,-0.1964180953,0.4452847615,0.02649259886,0.7006989233,0.01964756448,-0.4888356574,-0.007743786751,1,0,0,0
12.96031237,10.94023061,torque,figure8,1.158791661,-1.092281938,-1.726144791,1.128846255,-1.208657901,-2,-1.013226271,0.6572432518,0.02859750204,-1.00378309,0.7995050489,0,0.2990598066,0.1454146131,0.902072988,-0.33370924,3.99890995,0.001504144049,-0.06751172193,0.1839728018,0.02014046854,0.7011099205,0.05025322006,-0.55,0.01843322816,1,0,0,0
12.97024345,10.9501617,torque,figure8,1.151304126,-1.086372256,-1.726023912,1.118866358,-1.200669774,-2,-1.01508379,0.6634061933,0.02386824973,-1.00604322,0.8091956472,0,0.2986285786,0.1480067233,1.690973548,-0.3183281124,3.788057804,0.0010248092,-0.03373509379,-0.1089068655,0.02085563841,0.6998225494,0.05208563267,-0.55,0.02689545406,1,0,0,0
12.98032737,10.96024561,torque,figure8,1.143793106,-1.080441356,-1.725945711,1.108710021,-1.192460581,-2,-1.016455531,0.6668425798,0.01767902821,-1.008317571,0.818969223,0,0.2981356787,0.1533665218,3.267222002,-0.2938494682,3.386287212,0.001376097673,-0.0006176848407,-0.3891896704,0.021834674,0.6975939941,0.05252548487,-0.5494040146,0.03186606201,1,0,0,0
12.99029493,10.97021317,torque,figure8,1.128754258,-1.068450332,-1.725905657,1.09864843,-1.184249579,-2,-1.01788938,0.66693753,0.01081916504,-1.010545276,0.8285637431,0,0.2990711213,0.1621543184,5.615467909,-0.223153159,2.228551865,0.005269261077,-0.04072587642,-0.6995994487,0.0232439499,0.6936790644,0.02848201864,-0.4192743798,0.01064294189,1,0,0,0
13.00034881,10.98026705,torque,figure8,1.121232986,-1.062423706,-1.725889683,1.088477327,-1.175870938,-2,-1.018044114,0.6646180153,0.01319862064,-1.012771675,0.8381737913,0,0.2984621815,0.1741367554,6.511662108,-0.1728307903,1.529825568,0.009817996062,0.000391896068,-0.8933197195,0.02339370605,0.6933741508,0.0294196446,-0.3506879397,0.01067289753,1,0,0,0
13.0103035,10.99022174,torque,figure8,1.113700628,-1.056438446,-1.725841284,1.07838461,-1.167480097,-2,-1.017995596,0.6614127159,0.01836123317,-1.014955685,0.8476214253,0,0.2978933888,0.1871364726,7.078322504,-0.1152538732,0.7872666121,0.01573695429,0.03142551947,-1.02895714,0.02343599443,0.6941355366,0.02677862592,-0.2658496975,0.005136756524,1,0,0,0
13.02038097,11.00029922,torque,figure8,1.098659635,-1.044483662,-1.725595951,1.068145365,-1.158890311,-2,-1.017577887,0.6545325518,0.03368055448,-1.017145889,0.8571162874,0,0.2988604761,0.2053648858,6.851551162,0.01969363913,-0.76524508,0.02785846405,-0.02344599434,-1.010670012,0.02180496209,0.6985561382,-0.006429081637,-0.03931838473,-0.01066365795,1,0,0,0
13.03030753,11.01022577,torque,figure8,1.091151118,-1.038514137,-1.725395918,1.058037984,-1.150335962,-2,-1.01740551,0.6516576409,0.03853156045,-1.019282843,0.8664000294,0,0.298342089,0.2181799692,6.363349599,0.08260958642,-1.50421083,0.03344064951,0.005270011627,-0.9962556513,0.02157624073,0.7008111463,-0.008349848503,0.06510924271,-0.01828278932,1,0,0,0
13.0403626,11.02028084,torque,figure8,1.083632588,-1.03258419,-1.725165606,1.047778233,-1.14157727,-2,-1.017453909,0.6496946216,0.04091411456,-1.021426726,0.8757334546,0,0.2978237239,0.2297461688,5.55443888,0.1353365034,-2.194695234,0.0365444757,0.0248589081,-0.9281218267,0.02061702799,0.7028006119,-0.01132471782,0.1710719073,-0.02815345041,1,0,0,0
13.05027795,11.03019619,torque,figure8,1.076102138,-1.026683569,-1.724920511,1.037640031,-1.132848725,-2,-1.01780808,0.6494143605,0.04169991612,-1.023520342,0.8848669675,0,0.2973534919,0.2391849558,4.44728139,0.1775523573,-2.790356874,0.03883110732,0.03496901262,-0.8051673784,0.01895528161,0.7045188963,-0.01512019384,0.272252149,-0.03967101448,1,0,0,0
13.06033158,11.04024982,torque,figure8,1.061141372,-1.014840961,-1.724470615,1.027339348,-1.123906344,-2,-1.019427538,0.6554831266,0.04050179571,-1.025622351,0.8940559095,0,0.2982520352,0.2420655777,1.430586997,0.2245100588,-3.436293125,0.03916301951,-0.04961018658,-0.3394232107,0.02093751171,0.7061923827,-0.03971452244,0.4336664437,-0.01592646979,1,0,0,0
13.07027149,11.05018973,torque,figure8,1.046096921,-1.002897859,-1.724052191,1.017134512,-1.114974656,-2,-1.022740483,0.6715081334,0.0371199213,-1.027679946,0.9030689503,0,0.2992444201,0.2345691769,2.185173619,0.2357230335,-3.422805786,0.03334660083,-0.1311208249,0.2093373027,0.02689741856,0.7048901242,-0.05651044056,0.5156656187,0.02153182713,1,0,0,0
13.0803206,11.06023884,torque,figure8,1.046096921,-1.002897859,-1.724052191,1.006796884,-1.105854144,-2,-1.022740483,0.6715081334,0.0371199213,-1.029739242,0.9121075351,0,0.2971391645,0.2435465936,1.837635872,0.2357230335,-3.422805786,0.03334660083,-0.01157054407,0.05060604185,0.01294304497,0.7054909828,-0.02840160961,0.4788420884,-0.05496564376,1,0,0,0
13.09025097,11.07016921,torque,figure8,1.038619876,-0.9968932867,-1.723895311,0.9965611715,-1.096752532,-2,-1.024941802,0.6832305193,0.03492917866,-1.031753522,0.9209660392,0,0.2966051291,0.2403843266,3.283676689,0.2291395813,-3.203135252,0.03111213818,-0.011867572,0.2770075552,0.009622051996,0.704189792,-0.02736900383,0.4813097821,-0.06176468667,1,0,0,0
13.1003058,11.08022404,torque,figure8,1.023566842,-0.984602809,-1.723639011,0.9861769028,-1.087447598,-2,-1.030751944,0.7136675715,0.02939806879,-1.033772055,0.9298606102,0,0.297238043,0.2182035689,6.035919791,0.1914941818,-2.24859333,0.0234477818,-0.1106058941,0.8288980119,0.01830565243,0.6995315949,-0.04276502595,0.4402442337,-0.008524298081,1,0,0,0
13.11029005,11.09020829,torque,figure8,1.008463025,-0.9719106555,-1.723430634,0.9758455403,-1.078119855,-2,-1.037186384,0.748734355,0.03183057159,-1.035755478,0.938617408,0,0.2980518559,0.1925378056,7.774641798,0.1715456396,-0.9505066872,0.01118772384,-0.1948467452,1.245888117,0.02674469013,0.6969880161,-0.05619817097,0.3299897486,0.02675928326,1,0,0,0
13.12030625,11.10022449,torque,figure8,1.008463025,-0.9719106555,-1.723430634,0.9654613259,-1.068674795,-2,-1.037186384,0.748734355,0.03183057159,-1.037724239,0.947326073,0,0.296147023,0.2011271862,7.445523005,0.1715456396,-0.9505066872,0.01118772384,-0.07326295105,0.9987637982,0.006936385359,0.6979258349,-0.02700128428,0.2642484453,-0.03649751851,1,0,0,0
13.13026524,11.11018348,torque,figure8,0.9856484532,-0.9519940019,-1.723011732,0.9551169878,-1.05919759,-2,-1.047868609,0.8034532666,0.03839685768,-1.039660852,0.9559086651,0,0.2985754182,0.1574304116,7.873000747,0.109883517,1.184979439,0.001852424582,-0.2704697327,1.460356448,0.02864423252,0.697858925,-0.06149024307,0.07264121959,0.02023310968,1,0,0,0
13.14034081,11.12025905,torque,figure8,0.9856484532,-0.9519940019,-1.723011732,0.9446320316,-1.049522851,-2,-1.047868609,0.8034532666,0.03839685768,-1.041598887,0.9645135803,0,0.2965075441,0.1656926455,7.536521238,0.109883517,1.184979439,0.001852424582,-0.1385461016,1.160814737,0.0106267961,0.6987689007,-0.02876415113,-0.00896151112,-0.01218352799,1,0,0,0
13.15032959,11.13024783,torque,figure8,0.9779602289,-0.9450919032,-1.722850323,0.9342182166,-1.039846252,-2,-1.051537156,0.8206520677,0.03921865672,-1.043499092,0.9729660919,0,0.2961480944,0.157487382,6.839115854,0.07468431443,1.812066793,-0.001905394369,-0.130486813,1.063588486,0.008526877605,0.69998897,-0.02180915806,-0.1140004554,-0.007109136266,1,0,0,0
13.16032267,11.14024091,torque,figure8,0.970325768,-0.9380897284,-1.722689867,0.9237810398,-1.030081403,-2,-1.05508399,0.8364121914,0.0396461226,-1.045379017,0.9813435511,0,0.2958543388,0.150569255,5.88167488,0.03540211916,2.342452288,-0.003376140725,-0.1218866998,0.9273738316,0.007363660464,0.7013660953,-0.01458165982,-0.2099964208,-0.0009611403235,1,0,0,0
13.17029905,11.15021729,torque,figure8,0.9626499414,-0.9309791923,-1.722523212,0.91334266,-1.02024975,-2,-1.058427572,0.8504542708,0.03970546275,-1.047234716,0.9896278401,0,0.2956244378,0.1451588309,4.732229545,-0.01193587016,2.723978281,-0.003979386296,-0.1125919767,0.7601995517,0.007214678166,0.7026825456,-0.006495994656,-0.2885657616,0.006386804914,1,0,0,0
13.180336,11.16025424,torque,figure8,0.9471811652,-0.9164953232,-1.722176552,0.9028223421,-1.010275419,-2,-1.064512849,0.8722416759,0.04000119492,-1.04908038,0.9978819056,0,0.2965607526,0.1327543748,2.496812699,-0.0989214927,3.118179321,-0.007559820544,-0.189684284,0.5679316899,0.01428008657,0.7042409652,-0.0136217559,-0.3520657795,0.009475064778,1,0,0,0
13.19024062,11.17015886,torque,figure8,0.9317083359,-0.9016608,-1.721880198,0.8924226633,-1.000351767,-2,-1.069351792,0.8855364323,0.0370044671,-1.050880732,1.005947333,0,0.297714453,0.1273157325,1.354519812,-0.1632042825,2.968372583,-0.006910398137,-0.239983153,0.2794076068,0.01548100715,0.7038247529,-0.01684285607,-0.3625540882,-0.003398655451,1,0,0,0
13.20035124,11.18026948,torque,figure8,0.9317083359,-0.9016608,-1.721880198,0.8817884109,-0.9901397442,-2,-1.069351792,0.8855364323,0.0370044671,-1.052696995,1.014098054,0,0.2960931391,0.1348139584,1.314453218,-0.1632042825,2.968372583,-0.006910398137,-0.1094112937,0.02590651919,0.01308136782,0.7041597333,0.01500661491,-0.4256147672,0.02459958557,1,0,0,0
13.21034932,11.19026756,torque,figure8,0.9161123037,-0.8867268562,-1.721665621,0.8712545697,-0.9799607593,-2,-1.072990775,0.8905361891,0.02959113941,-1.054471613,1.022075485,0,0.2969424248,0.1360925467,3.124640396,-0.211913228,2.323530436,-0.003409625497,-0.1632998886,-0.2346355484,0.01546707961,0.7013806882,0.006395569124,-0.3603274111,0.009292271016,1,0,0,0
13.22036314,11.20028138,torque,figure8,0.9083278775,-0.8791541457,-1.721628904,0.860686472,-0.9696862213,-2,-1.074400425,0.8905224204,0.02496993169,-1.05622763,1.02998252,0,0.2965741512,0.1428386062,4.041635082,-0.2284161896,1.843644738,-0.0006644758978,-0.1195206353,-0.4515909152,0.01621668984,0.699665096,0.01818569243,-0.3296727305,0.0140538087,1,0,0,0
13.23029304,11.21021128,torque,figure8,0.8926900029,-0.8640735149,-1.721633673,0.8501896844,-0.9594200155,-2,-1.076273441,0.8870889544,0.01869910024,-1.057947751,1.03774068,0,0.2972962233,0.1529098747,4.935685904,-0.2107495666,0.6592176557,0.00873316545,-0.1563297133,-0.5890704916,0.01619568708,0.6972297588,0.004603089792,-0.1776968658,0.0008271212901,1,0,0,0
13.2403686,11.22028685,torque,figure8,0.8926900029,-0.8640735149,-1.721633673,0.8395215564,-0.948924885,-2,-1.076273441,0.8870889544,0.01869910024,-1.059671515,1.045527936,0,0.2958284146,0.1604000975,5.214864858,-0.2107495666,0.6592176557,0.00873316545,-0.03126854816,-0.7615738368,0.01796237298,0.6972755953,0.0343245562,-0.2143991295,0.01032068913,1,0,0,0
13.2503736,11.23029184,torque,figure8,0.8770360947,-0.849042356,-1.721717358,0.828911073,-0.9384260527,-2,-1.077290535,0.8822200298,0.01495106705,-1.06136165,1.053175579,0,0.2962206812,0.1723457676,5.008395665,-0.1627206653,-0.5955271721,0.01606274582,-0.07936525959,-0.7318463648,0.0176232675,0.6965594634,0.01281553408,-0.02708485926,-0.0007022004889,1,0,0,0
13.26036048,11.24027872,torque,figure8,0.8692135811,-0.8415366411,-1.721780539,0.8183030492,-0.9278703525,-2,-1.077665925,0.8805025816,0.01341371238,-1.063027269,1.060724212,0,0.2957219314,0.1813120346,4.650386212,-0.1406836212,-1.137300372,0.01877485029,-0.03977752979,-0.7335738659,0.01757934928,0.6967062056,0.0179114989,0.0470980725,-0.007275560291,1,0,0,0
13.27029371,11.25021195,torque,figure8,0.853504777,-0.826605022,-1.721913815,0.8077356115,-0.9172969935,-2,-1.078512073,0.879727602,0.0127759818,-1.064662643,1.068147295,0,0.2960604275,0.1893594807,2.970079112,-0.08568226546,-2.063002348,0.02357977256,-0.0855161141,-0.4815335417,0.01886689687,0.6978281065,-0.002348514224,0.2181058432,0.002754791467,1,0,0,0
13.28035235,11.2602706,torque,figure8,0.853504777,-0.826605022,-1.721913815,0.7970183138,-0.9065154423,-2,-1.078512073,0.879727602,0.0127759818,-1.066296988,1.075577101,0,0.2948021749,0.1966455191,3.2553289,-0.08568226546,-2.063002348,0.02357977256,0.03348739019,-0.6216839818,0.01477258352,0.6980228622,0.02540566664,0.1897801405,-0.03381419707,1,0,0,0
13.2902627,11.27018094,torque,figure8,0.8456930518,-0.8191531897,-1.722022057,0.786443052,-0.8958201852,-2,-1.079027534,0.8814206123,0.01269210503,-1.067885871,1.082811165,0,0.2943809228,0.2020974537,2.255254751,-0.05520416796,-2.432914019,0.0240713004,0.05066922056,-0.4933835787,0.01260253265,0.6986925824,0.02278693582,0.2618644056,-0.04339154671,1,0,0,0
13.30035949,11.28027773,torque,figure8,0.8300117254,-0.804212153,-1.722227097,0.7756527538,-0.8848504342,-2,-1.080473185,0.8903139234,0.01248983014,-1.069482804,1.090092732,0,0.2943046314,0.2004703387,0.5048474385,-0.003570396686,-2.746100187,0.024132194,-0.01231463352,-0.04971245829,0.01510127235,0.6988798398,-0.0008488575609,0.377853328,-0.01724447582,1,0,0,0
13.31026077,11.29017901,torque,figure8,0.8143321276,-0.7891680598,-1.722471237,0.7650558354,-0.8740221259,-2,-1.08255136,0.9070058465,0.01132892258,-1.071027375,1.097145894,0,0.2943647052,0.1908255336,3.125120216,0.06497366726,-2.564969301,0.01672002301,-0.06946916995,0.4312555299,0.02065066316,0.6971505661,-0.02300637418,0.4295176401,0.01908766737,1,0,0,0
13.32035327,11.30027151,torque,figure8,0.8143321276,-0.7891680598,-1.722471237,0.754238642,-0.8629132811,-2,-1.08255136,0.9070058465,0.01132892258,-1.072579892,1.104245599,0,0.2933799565,0.197816315,2.802931873,0.06497366726,-2.564969301,0.01672002301,0.04756176435,0.2472424958,0.006715329816,0.6977385063,0.00421389745,0.3850801327,-0.04824316008,1,0,0,0
13.33036065,11.31027889,torque,figure8,0.8064991832,-0.7815731168,-1.722609758,0.7434973143,-0.8518278243,-2,-1.083950877,0.9183729291,0.009286127985,-1.074097471,1.111195473,0,0.2930022279,0.1932973236,3.882319195,0.0946380496,-2.285378456,0.01283444185,0.05737574802,0.4184105651,0.003800153886,0.6963762746,0.00134551833,0.3711506296,-0.04967322092,1,0,0,0
13.34034801,11.32026625,torque,figure8,0.7907432318,-0.7661108375,-1.722941637,0.7327624495,-0.8406956593,-2,-1.087744117,0.9462018609,0.002743283752,-1.075590297,1.118041571,0,0.2927217164,0.1722908209,5.817067885,0.1319503784,-1.341139555,0.003764513647,-0.02628894802,0.8686796741,0.01277852377,0.6920907345,-0.02272262694,0.3194971331,0.001669249736,1,0,0,0
13.35027361,11.33019185,torque,figure8,0.775031507,-0.7503352761,-1.723412514,0.7220792926,-0.8295650259,-2,-1.092057467,0.9770356417,-0.0006954935379,-1.077052368,1.124755846,0,0.2925438904,0.1484819701,6.783346607,0.1807948351,-0.1590788662,-0.008802166209,-0.103319833,1.175288127,0.02074290214,0.6892393743,-0.04496984348,0.2104946746,0.03183583052,1,0,0,0
13.36035848,11.34027672,torque,figure8,0.775031507,-0.7503352761,-1.723412514,0.7112099638,-0.8181879981,-2,-1.092057467,0.9770356417,-0.0006954935379,-1.078515892,1.131485927,0,0.2918523922,0.1550443443,6.461023129,0.1807948351,-0.1590788662,-0.008802166209,0.01477437497,0.9163183804,0.003704268406,0.6900264542,-0.01693346252,0.1419656512,-0.0132849715,1,0,0,0
13.37028575,11.35020399,torque,figure8,0.7671257854,-0.7422739267,-1.723652363,0.7004961813,-0.806922922,-2,-1.094346762,0.9925353527,-0.00108538894,-1.079934851,1.138019803,0,0.2915253219,0.1462005696,6.373085434,0.2041299343,0.4595071673,-0.01319229044,0.01346326658,0.9250584348,0.002697187423,0.6898595527,-0.02049385672,0.05607421427,-0.005394054548,1,0,0,0
13.3803606,11.36027884,torque,figure8,0.7591860294,-0.7340986133,-1.723887444,0.6896088337,-0.7954245246,-2,-1.0967803,1.007497191,-0.0009857024997,-1.08135287,1.144557932,0,0.2912730633,0.1379297781,5.999747487,0.212579906,1.066370964,-0.01621939987,0.009672566454,0.8892119747,0.002477886598,0.6901978951,-0.02247980047,-0.03472820064,0.003913641416,1,0,0,0
13.39035392,11.37027216,torque,figure8,0.7433583736,-0.7175030112,-1.724361897,0.6787955976,-0.7839545797,-2,-1.101594329,1.034139872,0.0002356496116,-1.082737456,1.150950184,0,0.2907929282,0.1183228052,4.781605532,0.2003757358,2.162601948,-0.02296205424,-0.09503431006,0.9071393093,0.01287871361,0.6912699862,-0.0434377498,-0.1650410975,0.02578280602,1,0,0,0
13.40034938,11.38026762,torque,figure8,0.7353915572,-0.7090671062,-1.724580526,0.667966308,-0.7724187366,-2,-1.10400033,1.045123458,0.001515792799,-1.084100436,1.157250677,0,0.2905434215,0.1138894932,3.689767888,0.1901724935,2.580341339,-0.02622631378,-0.08607718243,0.7120859695,0.01167867844,0.6924552192,-0.03816312967,-0.2596653474,0.03061876115,1,0,0,0
13.41026044,11.39017868,torque,figure8,0.7193537354,-0.6919897199,-1.724971533,0.6572151154,-0.7609185787,-2,-1.108660221,1.06113112,0.003856188618,-1.085430251,1.163405502,0,0.2902637653,0.1049502311,1.640667078,0.1532209516,3.096471071,-0.02703152038,-0.1858804162,0.4945233131,0.01606768682,0.6937712321,-0.05360735984,-0.3490089978,0.01670219339,1,0,0,0
13.42034435,11.40026259,torque,figure8,0.7113565803,-0.6833518147,-1.725183249,0.6462630015,-0.7491557226,-2,-1.110731363,1.065989614,0.004443146288,-1.086761099,1.169572665,0,0.2899854741,0.1064131747,1.223392096,0.1294303834,3.170694113,-0.02464883402,-0.1630150166,0.2076130325,0.01535564444,0.6940066747,-0.04235927352,-0.4111748051,0.02359824911,1,0,0,0
13.43031192,11.41023016,torque,figure8,0.6952657104,-0.6660245061,-1.72560358,0.6354241743,-0.7374679426,-2,-1.114617229,1.069028139,0.002119327895,-1.088054601,1.175574003,0,0.2897905608,0.1098275281,3.235663498,0.08989272267,2.842366457,-0.01804932021,-0.2491448264,-0.1160873003,0.01454848082,0.6921922393,-0.05398132074,-0.4035717831,-0.004374023462,1,0,0,0
13.44034958,11.42026782,torque,figure8,0.6952657104,-0.6660245061,-1.72560358,0.6244962064,-0.7256379976,-2,-1.114617229,1.069028139,0.002119327895,-1.089335076,1.181521939,0,0.2895781175,0.1153192688,3.438844796,0.08989272267,2.842366457,-0.01804932021,-0.1185751546,-0.3450190027,0.01815822292,0.6923248527,-0.02213528686,-0.4587576094,0.04561150714,1,0,0,0
13.4503119,11.43023014,torque,figure8,0.6709919572,-0.6400743127,-1.726398468,0.6136376624,-0.7138382882,-2,-1.119709611,1.059139967,-0.008597613312,-1.090583966,1.18732989,0,0.2891166504,0.1317379161,6.053250275,0.008972632699,1.439082384,-0.005541285966,-0.3142216808,-0.6341050978,0.01303408483,0.6865616543,-0.05493238486,-0.2846908701,-0.01324867609,1,0,0,0
13.46036172,11.44027996,torque,figure8,0.6709919572,-0.6400743127,-1.726398468,0.6026712521,-0.7018768003,-2,-1.119709611,1.059139967,-0.008597613312,-1.091821616,1.19309214,0,0.2886954529,0.1370942886,6.301721438,0.008972632699,1.439082384,-0.005541285966,-0.1725977725,-0.8225575486,0.02132913485,0.6865215979,-0.0196605307,-0.3267022802,0.03174759724,1,0,0,0
13.4703114,11.45022964,torque,figure8,0.6628588438,-0.6314963102,-1.72672081,0.5918019674,-0.6899779285,-2,-1.121093512,1.053506494,-0.01073572878,-1.093024937,1.198700826,0,0.2883586223,0.1482716933,6.858325122,-0.005739224609,0.8061810732,0.0008001215174,-0.1582710966,-0.9637588872,0.02372971952,0.6852736593,-0.0144523636,-0.25917045,0.03173574662,1,0,0,0
13.48034477,11.46026301,torque,figure8,0.6546915174,-0.6229783297,-1.727046251,0.58082925,-0.6779229534,-2,-1.12240684,1.047356367,-0.0110757323,-1.09421619,1.204259349,0,0.288059534,0.1597996571,7.121865685,-0.007290712558,0.1308022738,0.007650699932,-0.1464753547,-1.053611954,0.02569017893,0.6848777771,-0.01201394116,-0.1768658488,0.02750820238,1,0,0,0
13.49035311,11.47027135,torque,figure8,0.6465492845,-0.6145064831,-1.727399111,0.569872114,-0.6658429838,-2,-1.123673439,1.041290522,-0.01085341536,-1.095382248,1.209706174,0,0.2877951868,0.1711198999,7.07724785,-0.00352993398,-0.5492164493,0.0142609654,-0.1366462968,-1.090264049,0.02701799829,0.6850739451,-0.0109649715,-0.08538251717,0.02042504327,1,0,0,0
13.50034595,11.48026419,torque,figure8,0.6301859617,-0.5977200866,-1.728085041,0.558920412,-0.6537278212,-2,-1.126399159,1.030943036,-0.01025821362,-1.096524334,1.215046644,0,0.2866241264,0.1867936689,5.858007753,-0.001700352761,-1.80647099,0.02485527471,-0.2273542861,-0.9150320141,0.02597694378,0.6866852183,-0.03288184085,0.1212318901,0.01618313342,1,0,0,0
13.51027775,11.49019599,torque,figure8,0.6137574911,-0.5811431408,-1.728774786,0.5480244027,-0.6416342624,-2,-1.129511714,1.025767684,-0.008532796986,-1.097637474,1.220257118,0,0.2855575799,0.1972686383,3.700249652,-0.004447720945,-2.790331602,0.03497800976,-0.3004156619,-0.5788909395,0.02960085386,0.6890183114,-0.04833691897,0.3107213207,0.03764302866,1,0,0,0
13.52035594,11.50027418,torque,figure8,0.6137574911,-0.5811431408,-1.728774786,0.5369566038,-0.6293100518,-2,-1.129511714,1.025767684,-0.008532796986,-1.098744609,1.225444726,0,0.2859747267,0.2022136107,3.897871289,-0.004447720945,-2.790331602,0.03497800976,-0.1625073082,-0.7023836122,0.02793565322,0.6892039492,-0.01452723089,0.2863707519,-0.007324050314,1,0,0,0
13.53026557,11.51018381,torque,figure8,0.6055213213,-0.5729075074,-1.729118109,0.5260631487,-0.6171414809,-2,-1.131382227,1.026055217,-0.007719543297,-1.099811191,1.230447267,0,0.2857398198,0.2069599768,2.697742535,-0.01084435545,-3.110884666,0.03884302452,-0.1520074599,-0.5234081107,0.02725166385,0.6902346674,-0.01211220092,0.358450486,-0.01894659417,1,0,0,0
13.54034233,11.52026057,torque,figure8,0.5972539186,-0.5646662712,-1.729449987,0.5149752435,-0.6047173483,-2,-1.13349998,1.028591752,-0.007209513336,-1.100873336,1.235433815,0,0.2856066849,0.2095235409,1.624561919,-0.03106778488,-3.243025541,0.04213083163,-0.1408957245,-0.3230547333,0.02584448454,0.6908169268,-0.007825820421,0.4067079952,-0.0310038437,1,0,0,0
13.55030584,11.53022408,torque,figure8,0.5806530118,-0.5482003689,-1.730110168,0.5040015389,-0.5923839406,-2,-1.138460398,1.040423393,-0.00703276135,-1.101901287,1.240264418,0,0.2840214032,0.2032792745,2.673072319,-0.0857090354,-3.075351715,0.04068019614,-0.2256636816,0.229218324,0.03163509022,0.6898404124,-0.02106666123,0.4718612441,0.01328155608,1,0,0,0
13.5603559,11.54027414,torque,figure8,0.5723158121,-0.5399363637,-1.730448723,0.4929222502,-0.5798951486,-2,-1.141191959,1.049784899,-0.007714753505,-1.102915727,1.245035947,0,0.2838272946,0.1991169487,3.821153861,-0.1015882939,-2.790120363,0.04090440273,-0.1935777257,0.4165499303,0.02873923952,0.6887285997,-0.01099603577,0.4549585389,-0.006617957608,1,0,0,0
13.57028365,11.55020189,torque,figure8,0.5639408827,-0.5315924287,-1.730777979,0.4819678964,-0.5675117604,-2,-1.144185305,1.061136127,-0.009101069532,-1.103895673,1.249649401,0,0.2837080639,0.1929853325,4.913380454,-0.1135389954,-2.397023678,0.03655966744,-0.1688002247,0.5959425871,0.02582098819,0.6871864099,-0.003786590451,0.4230310631,-0.01697134672,1,0,0,0
13.58032799,11.56024623,torque,figure8,0.5555267334,-0.5231529474,-1.731116295,0.4708751115,-0.5549368442,-2,-1.147288084,1.074325204,-0.01140607614,-1.104864705,1.254215504,0,0.2836803837,0.1851765688,5.832277416,-0.1159781218,-1.884499788,0.03217993677,-0.1463250199,0.7522362413,0.02270412451,0.6853505862,0.001092079095,0.3713943121,-0.02435503595,1,0,0,0
13.59028459,11.57020283,torque,figure8,0.5386586189,-0.5061850548,-1.731872559,0.459869728,-0.5424270112,-2,-1.153603196,1.104123712,-0.01585742831,-1.105802996,1.258640568,0,0.2818039985,0.1625170024,7.255750991,-0.1150423959,-0.6365660429,0.02547878586,-0.2190787424,1.157113546,0.03210938123,0.681467644,-0.01706127401,0.2711865051,0.01678478975,1,0,0,0
13.6003232,11.58024144,torque,figure8,0.530164361,-0.4975170195,-1.732265234,0.4487643438,-0.5297700378,-2,-1.156731486,1.119800925,-0.01752072759,-1.106726542,1.262999764,0,0.2816879921,0.1526871888,7.358150155,-0.1230015233,0.06758335978,0.02196275443,-0.1820736218,1.164311366,0.02673480312,0.6806301973,-0.006706640224,0.1645346781,-0.001236284085,1,0,0,0
13.61029983,11.59021807,torque,figure8,0.5045199394,-0.47090891,-1.733507872,0.4377184622,-0.5171483762,-2,-1.165109038,1.163279176,-0.01892638393,-1.10762201,1.267229901,0,0.2786011128,0.1202859913,6.387388312,-0.1446969062,2.121001244,0.0123827206,-0.3303568107,1.408662723,0.03959540183,0.6804553651,-0.03940775467,-0.05083068491,0.006955105805,1,0,0,0
13.62031651,11.60023475,torque,figure8,0.5045199394,-0.47090891,-1.733507872,0.4266193581,-0.5044340977,-2,-1.165109038,1.163279176,-0.01892638393,-1.108498613,1.271374239,0,0.2796613904,0.1234807311,6.061980698,-0.1446969062,2.121001244,0.0123827206,-0.1761040891,1.083902087,0.02431941252,0.6810908546,-6.507039166e-05,-0.1411701201,-0.009055694016,1,0,0,0
13.63030934,11.61022758,torque,figure8,0.4872737825,-0.4526898563,-1.734323025,0.4155380352,-0.4917092321,-2,-1.169392705,1.184561729,-0.01635748893,-1.109350688,1.275405757,0,0.277943851,0.1101147066,3.930009762,-0.1653175354,3.11933589,0.008657347411,-0.2293232971,0.9283855373,0.02570319615,0.6833564981,-0.01096284731,-0.2884974585,-0.01830804629,1,0,0,0
13.64033747,11.62025571,torque,figure8,0.4872737825,-0.4526898563,-1.734323025,0.4044091358,-0.4788994526,-2,-1.169392705,1.184561729,-0.01635748893,-1.110183221,1.279347804,0,0.2795313002,0.1129501239,3.597615858,-0.1653175354,3.11933589,0.008657347411,-0.09419849708,0.6491257918,0.0171200282,0.6838232823,0.02159069433,-0.3615355018,-0.00367320589,1,0,0,0
13.65025878,11.63017702,torque,figure8,0.4612002671,-0.4248487651,-1.73543191,0.3933906675,-0.4661877209,-2,-1.173309088,1.19939661,-0.01349548437,-1.110984638,1.283145314,0,0.2762305659,0.105263054,1.290715496,-0.1979894638,3.576528311,0.004182784352,-0.242002005,0.318866168,0.01804088476,0.6849485708,-0.01243213153,-0.4353105155,-0.04113513724,1,0,0,0
13.66034579,11.64026403,torque,figure8,0.4612002671,-0.4248487651,-1.73543191,0.3821801365,-0.4532255844,-2,-1.173309088,1.19939661,-0.01349548437,-1.111776738,1.286901364,0,0.2775710709,0.1078213345,1.375832216,-0.1979894638,3.576528311,0.004182784352,-0.09934909356,0.05284600215,0.01817877881,0.6851101263,0.0223576649,-0.5030233135,0.006784101609,1,0,0,0
13.67031622,11.65023446,torque,figure8,0.4437158704,-0.4062013924,-1.736151218,0.3710914387,-0.4403765539,-2,-1.174214721,1.196935654,-0.01752386615,-1.112537171,1.290509774,0,0.2757869273,0.1134342192,4.042745047,-0.1960940808,3.021682024,0.006104812957,-0.1505240315,-0.3077747055,0.01553145365,0.6822569992,0.007230753811,-0.4657492471,-0.0168802904,1,0,0,0
13.68033671,11.66025496,torque,figure8,0.4437158704,-0.4062013924,-1.736151218,0.3599395312,-0.4274272749,-2,-1.174214721,1.196935654,-0.01752386615,-1.113278858,1.294031607,0,0.2776422026,0.115965035,4.297574772,-0.1960940808,3.021682024,0.006104812957,-0.0235458547,-0.5118160348,0.01966357185,0.6822334608,0.03681147844,-0.5128474114,0.02925738216,1,0,0,0
13.69026017,11.67017841,torque,figure8,0.4349573255,-0.396849066,-1.736542225,0.348888403,-0.4145691305,-2,-1.17412281,1.192456365,-0.01960599609,-1.113991054,1.297415613,0,0.277726231,0.1225425111,5.593727406,-0.1841783226,2.534975052,0.00797378365,-0.00382419896,-0.7408486911,0.02060019528,0.6803337746,0.03657441434,-0.4759299731,0.02909009427,1,0,0,0
13.70032692,11.68024516,torque,figure8,0.4174113572,-0.3782859147,-1.73733449,0.3376705947,-0.4014915387,-2,-1.173094153,1.179017305,-0.02012661658,-1.114690836,1.300742742,0,0.2754818695,0.1365031504,7.140270499,-0.1446383446,1.247141361,0.01355903223,-0.06497343407,-0.9561870646,0.01631590565,0.6779151285,0.01339324289,-0.3164560864,-0.003696531068,1,0,0,0
13.71032023,11.69023848,torque,figure8,0.3998598754,-0.3599226177,-1.738052368,0.3265277615,-0.3884767438,-2,-1.171378255,1.163057208,-0.01301250234,-1.115362889,1.303939996,0,0.2735132517,0.152167692,7.409921351,-0.07135273516,-0.2215840667,0.02696465701,-0.1157187298,-1.023531009,0.0116996774,0.67911336,-0.009851059535,-0.1159142485,-0.02219736095,1,0,0,0
13.72034097,11.70025921,torque,figure8,0.3998598754,-0.3599226177,-1.738052368,0.315347726,-0.375394688,-2,-1.171378255,1.163057208,-0.01301250234,-1.116014136,1.307040111,0,0.2756778014,0.1548082269,7.683606232,-0.07135273516,-0.2215840667,0.02696465701,0.01101724736,-1.149595851,0.01885653582,0.6789157987,0.02023400616,-0.1395132884,-0.005127637188,1,0,0,0
13.73031783,11.71023607,torque,figure8,0.382310003,-0.3417719603,-1.738623381,0.3042102642,-0.3623395689,-2,-1.169620991,1.148211241,-0.006057129242,-1.116639988,1.310021042,0,0.2735696125,0.1703704409,6.626295703,0.009543741122,-1.612869978,0.03226907551,-0.06202866799,-1.016248815,0.01424788388,0.6821079104,-0.009817942356,0.07946269707,-0.01531755036,1,0,0,0
13.74032998,11.72024822,torque,figure8,0.382310003,-0.3417719603,-1.738623381,0.2930272476,-0.3492089091,-2,-1.169620991,1.148211241,-0.006057129242,-1.117245427,1.312906334,0,0.276305005,0.1729287778,6.898087704,0.009543741122,-1.612869978,0.03226907551,0.0537127508,-1.118658259,0.0182663555,0.6819805207,0.01679669012,0.06209612732,-0.02211147984,1,0,0,0
13.75026751,11.73018575,torque,figure8,0.3559923172,-0.3149755895,-1.739282846,0.2819217005,-0.3361480771,-2,-1.168121576,1.135174751,0.001254518516,-1.117823927,1.315664707,0,0.271860561,0.1873714264,3.094386988,0.08006703854,-3.157617092,0.03820120916,-0.1274999897,-0.5321985042,0.01533005611,0.6874319326,-0.03609327995,0.370824113,0.006486218953,1,0,0,0
13.76032615,11.74024439,torque,figure8,0.3559923172,-0.3149755895,-1.739282846,0.2706750608,-0.3229006843,-2,-1.168121576,1.135174751,0.001254518516,-1.118386713,1.318349525,0,0.2744362868,0.1898107693,3.345541027,0.08006703854,-3.157617092,0.03820120916,-0.0003386924393,-0.6457787414,0.01304103558,0.6875250154,-0.00560339048,0.3482637167,-0.03931368229,1,0,0,0
13.77030015,11.75021839,torque,figure8,0.3296448886,-0.2884201109,-1.739693403,0.2595175796,-0.3097386295,-2,-1.169066787,1.141022801,0.008016141132,-1.118922138,1.32090507,0,0.2704289981,0.1869127469,2.169066221,0.1466745436,-3.699435949,0.03285328671,-0.1869292841,0.2508867018,0.02237090812,0.6893884411,-0.05604918518,0.55,0.04814074087,1,0,0,0
13.78032517,11.76024342,torque,figure8,0.3296448886,-0.2884201109,-1.739693403,0.2482977552,-0.2964840964,-2,-1.169066787,1.141022801,0.008016141132,-1.119437589,1.323366433,0,0.2728404448,0.1891468102,1.850290402,0.1466745436,-3.699435949,0.03285328671,-0.0535040932,0.09877168878,0.01112700505,0.6897708626,-0.02362610052,0.5291958251,-0.03298331515,1,0,0,0
13.79029036,11.7702086,torque,figure8,0.3208650351,-0.2795667648,-1.739778042,0.2371398974,-0.2832847626,-2,-1.170116305,1.14830339,0.007559189573,-1.119927384,1.325706337,0,0.2733846918,0.1845206627,3.487164967,0.163165763,-3.554481268,0.02772284485,-0.04675866162,0.3502079697,0.008384943758,0.6886751912,-0.02396179557,0.5447580832,-0.04056449419,1,0,0,0
13.8003335,11.78025174,torque,figure8,0.3120634258,-0.2706430852,-1.739868641,0.2258899217,-0.2699591118,-2,-1.171562433,1.158265948,0.00590804033,-1.120398225,1.327956657,0,0.2740340574,0.1773347619,5.041102571,0.1765031666,-3.229396105,0.02272950299,-0.04413627395,0.5946750408,0.005434487962,0.686767448,-0.02491060234,0.5338363971,-0.04570476126,1,0,0,0
13.81030846,11.7902267,torque,figure8,0.2856057584,-0.2434745878,-1.74012208,0.2147117599,-0.2567021013,-2,-1.177748442,1.19885993,0.009689035825,-1.120843218,1.330084308,0,0.2696988311,0.1433594056,9.009473328,0.2065172344,-1.478043556,0.004947579466,-0.2558637055,1.507968721,0.02668600538,0.6810419463,-0.07389366605,0.4514785166,0.05299555321,1,0,0,0
13.82032347,11.80024171,torque,figure8,0.2856057584,-0.2434745878,-1.74012208,0.2034843605,-0.2433710453,-2,-1.177748442,1.19885993,0.009689035825,-1.121267278,1.332112658,0,0.2725444333,0.1450527101,8.72052253,0.2065172344,-1.478043556,0.004947579466,-0.1209854782,1.254068771,0.006865515798,0.6817688779,-0.04064232977,0.3812437559,-0.01992182568,1,0,0,0
13.83030009,11.81021833,torque,figure8,0.2678545713,-0.2248257846,-1.740116835,0.1922958838,-0.2300714244,-2,-1.182769656,1.229631543,0.02158461511,-1.121667069,1.334025631,0,0.2706952006,0.1228720767,9.730137355,0.2236366719,0.03763311356,-0.007313122042,-0.2299939306,1.607544576,0.01501127392,0.6823901402,-0.06543528894,0.2369904658,0.009749203556,1,0,0,0
13.84032297,11.82024121,torque,figure8,0.2678545713,-0.2248257846,-1.740116835,0.181051633,-0.2166914682,-2,-1.182769656,1.229631543,0.02158461511,-1.122045949,1.335839172,0,0.274117086,0.1242309329,9.44378972,0.2236366719,0.03763311356,-0.007313122042,-0.107041502,1.352182103,-0.001978313564,0.683135719,-0.03605997724,0.1679009544,-0.03056909699,1,0,0,0
13.850317,11.83023524,torque,figure8,0.2411196977,-0.1960885376,-1.739670277,0.169836079,-0.203332466,-2,-1.191323638,1.274428248,0.03385697305,-1.122401011,1.337539265,0,0.2700099881,0.09939629519,8.550643329,0.2071838081,2.246437311,-0.02359021641,-0.3427059409,1.656563275,0.01234822201,0.6875069191,-0.08488244216,-0.051002366,-0.01197960365,1,0,0,0
13.86033297,11.84025121,torque,figure8,0.2411196977,-0.1960885376,-1.739670277,0.1585924633,-0.1899276404,-2,-1.191323638,1.274428248,0.03385697305,-1.122734077,1.339134522,0,0.2731671026,0.1001884443,8.257806762,0.2071838081,2.246437311,-0.02359021641,-0.205388047,1.352470355,0.0004391032708,0.6881429948,-0.0504981534,-0.1350725565,-0.006847501014,1,0,0,0
13.87030625,11.85022449,torque,figure8,0.2231623083,-0.1763523519,-1.739198685,0.1473935539,-0.1765645951,-2,-1.197024822,1.297520638,0.03785251081,-1.123043061,1.340614861,0,0.2715847478,0.0936121023,6.135022414,0.1504705995,3.323540926,-0.03151516616,-0.3207295316,1.224339495,0.001635949629,0.6923344982,-0.06719322756,-0.2840242978,-0.01910450291,1,0,0,0
13.88033152,11.86024976,torque,figure8,0.2231623083,-0.1763523519,-1.739198685,0.1361332903,-0.1631175741,-2,-1.197024822,1.297520638,0.03785251081,-1.123330857,1.341994058,0,0.2752572168,0.0940292412,5.83236151,0.1504705995,3.323540926,-0.03151516616,-0.1931375386,0.9530816433,-0.003540915084,0.6928193368,-0.03634268029,-0.3554330349,0.01495486119,1,0,0,0
13.89031458,11.87023282,torque,figure8,0.1960464865,-0.146191746,-1.738374472,0.1249176719,-0.1497139596,-2,-1.204503059,1.314139485,0.03880332038,-1.123594724,1.343258889,0,0.2711450374,0.09433873029,2.477920981,6.775792281e-05,3.715698242,-0.03700669855,-0.4161580131,0.6416898313,-0.00715615004,0.6960920747,-0.06611858087,-0.413270869,-0.0488343312,1,0,0,0
13.90035844,11.88027668,torque,figure8,0.1960464865,-0.146191746,-1.738374472,0.1136312069,-0.1362165231,-2,-1.204503059,1.314139485,0.03880332038,-1.123837315,1.344421994,0,0.2744807834,0.09449703901,2.194641279,6.775792281e-05,3.715698242,-0.03700669855,-0.2724555072,0.3756268023,-0.00252041994,0.696303778,-0.03022430581,-0.4822098482,0.02069650627,1,0,0,0
13.91032338,11.89024162,torque,figure8,0.177894935,-0.125819236,-1.737819672,0.1024311273,-0.1228141362,-2,-1.208357692,1.312518597,0.03452189267,-1.124055311,1.345467397,0,0.2728412386,0.09687247245,2.898134103,-0.102390416,3.138618469,-0.03627277166,-0.3633702003,0.03179874358,-0.007080089124,0.6949874134,-0.03727428179,-0.437258892,-0.0102665531,1,0,0,0
13.92034745,11.90026569,torque,figure8,0.177894935,-0.125819236,-1.737819672,0.09116251342,-0.1093222608,-2,-1.208357692,1.312518597,0.03452189267,-1.124251797,1.346409819,0,0.2766463225,0.09702668496,2.94568438,-0.102390416,3.138618469,-0.03627277166,-0.2309669025,-0.1757180879,0.001368168528,0.6950327575,-0.005399965899,-0.486483689,0.05327225959,1,0,0,0
13.93026924,11.91018748,torque,figure8,0.1504892409,-0.0954650864,-1.737051487,0.08000705254,-0.09595928546,-2,-1.211706042,1.294985771,0.0326102674,-1.124423751,1.347234713,0,0.2722313421,0.1068249962,5.260831357,-0.2406301647,1.361382842,-0.0255329106,-0.4054546594,-0.4601421876,-0.01102662142,0.6927653227,-0.03023908721,-0.2568047465,-0.01608057565,1,0,0,0
13.94035363,11.92027187,torque,figure8,0.1504892409,-0.0954650864,-1.737051487,0.06866713931,-0.08236947866,-2,-1.211706042,1.294985771,0.0326102674,-1.124575554,1.347963044,0,0.275695977,0.1070595299,5.423902654,-0.2406301647,1.361382842,-0.0255329106,-0.2594546373,-0.6309243313,0.00175189005,0.6926536084,0.00611440822,-0.294503982,0.03643896625,1,0,0,0
13.95032239,11.93024063,torque,figure8,0.132188946,-0.07535093278,-1.736479282,0.05745586486,-0.06892882692,-2,-1.212397575,1.279136658,0.03847771883,-1.124702855,1.348573892,0,0.2739880389,0.1182895952,5.699260519,-0.2395064384,-0.08944361657,-0.01198332943,-0.3165804155,-0.6905093672,-0.002023434642,0.6940310841,-0.01010588182,-0.09359035704,0.01594471803,1,0,0,0
13.96036267,11.94028091,torque,figure8,0.132188946,-0.07535093278,-1.736479282,0.04616298166,-0.05538613326,-2,-1.212397575,1.279136658,0.03847771883,-1.124808192,1.349079399,0,0.277924861,0.1185091643,5.877445723,-0.2395064384,-0.08944361657,-0.01198332943,-0.1857142138,-0.8183290844,0.008247417547,0.6938999823,0.02126198474,-0.1184038894,0.03899957656,1,0,0,0
13.97032905,11.95024729,torque,figure8,0.113821499,-0.0554988645,-1.735800743,0.03495229649,-0.0419386564,-2,-1.212661624,1.263830781,0.04366692528,-1.124890045,1.349472242,0,0.2760533965,0.1301733852,4.92414447,-0.2004404068,-1.451298594,0.0004322259338,-0.2542584752,-0.6872279786,0.004777941498,0.6965635216,-0.003920981859,0.09712743352,0.02266486499,1,0,0,0
13.98035574,11.96027398,torque,figure8,0.1046401113,-0.04563388973,-1.735424042,0.02367305145,-0.02840638811,-2,-1.212770462,1.257590294,0.04464382306,-1.124949562,1.349757901,0,0.2772235367,0.1349090411,4.137819661,-0.1843079478,-2.00847435,0.007442714646,-0.2180224344,-0.614422066,0.00753373264,0.6977538652,0.001567492028,0.1853121062,0.01742673864,1,0,0,0
13.99032617,11.97024441,torque,figure8,0.08624250442,-0.02602413855,-1.73465395,0.01245662382,-0.01494776303,-2,-1.213074327,1.249834538,0.04627511278,-1.124986035,1.349932968,0,0.2756366606,0.1411404581,2.019725005,-0.1408921331,-2.802510262,0.01799518988,-0.2746977506,-0.2476944288,0.009295845136,0.6998095289,-0.01956441869,0.3534306089,0.02940157378,1,0,0,0
14.00033426,11.9802525,torque,figure8,0.08624250442,-0.02602413855,-1.73465395,0.001197566536,-0.001437079679,-2,-1.213074327,1.249834538,0.04627511278,-1.124999871,1.34999938,0,0.2797243131,0.1411789345,2.070122423,-0.1408921331,-2.802510262,0.01799518988,-0.1451428206,-0.359602684,0.009851826713,0.6998855392,0.01151887287,0.3307491687,-0.008635315704,1,0,0,0
14.01026392,11.99018216,torque,figure8,0.0770252347,-0.01625147648,-1.734260321,-0.009973271069,0.01196783005,-2,-1.213436961,1.248885632,0.04637582973,-1.124991048,1.349957031,0,0.2810385142,0.1420873845,1.219531445,-0.1237748414,-3.039496183,0.02097369917,-0.1299129171,-0.1687317462,0.009176996019,0.7003679367,0.01037389055,0.3931522025,-0.01951686919,1,0,0,0
14.02034521,12.00026345,torque,figure8,0.05860548839,0.003203925444,-1.73349309,-0.02131449189,0.02557646065,-2,-1.214700699,1.253622532,0.04356977716,-1.124959112,1.349803739,0,0.2791301969,0.1385738164,3.011814517,-0.1060390025,-2.96913743,0.02558388002,-0.2009403662,0.3486701271,0.01181215126,0.6990139484,-0.01098187121,0.4656760073,0.004362417642,1,0,0,0
14.03031993,12.01023817,torque,figure8,0.04011582583,0.02280980162,-1.732801199,-0.0325353895,0.03903916098,-2,-1.216584206,1.267287612,0.03711875156,-1.124904726,1.349542706,0,0.2773748195,0.1286422524,5.620873927,-0.07847707719,-2.329619884,0.02320720255,-0.2578853417,0.8561255851,0.01737608671,0.6950962156,-0.02818952426,0.4575676178,0.02917551592,1,0,0,0
14.0403409,12.02025914,torque,figure8,0.04011582583,0.02280980162,-1.732801199,-0.04380765846,0.05256111865,-2,-1.216584206,1.267287612,0.03711875156,-1.124827267,1.349170944,0,0.2816442638,0.1284601791,5.357024332,-0.07847707719,-2.329619884,0.02320720255,-0.1280378589,0.6817073705,0.006868915062,0.6954753534,0.003013942674,0.4126276961,-0.0331729669,1,0,0,0
14.05028057,12.03019881,torque,figure8,0.0123349214,0.05245419592,-1.731912136,-0.05498759544,0.0659691514,-2,-1.220434189,1.299074292,0.02893194556,-1.12472784,1.348693789,0,0.2767418979,0.1116192511,7.947904117,-0.07914464921,-0.5732662082,0.01731158979,-0.28921512,1.390953901,0.02006206066,0.6898529295,-0.03582821448,0.300950797,0.02274134111,1,0,0,0
14.06037116,12.0402894,torque,figure8,0.0123349214,0.05245419592,-1.731912136,-0.06633615652,0.0795753594,-2,-1.220434189,1.299074292,0.02893194556,-1.124603887,1.34809899,0,0.2807058938,0.1114626634,7.694329772,-0.07914464921,-0.5732662082,0.01731158979,-0.1519860147,1.156299679,0.006974162761,0.6903048695,-0.002165697183,0.2365891702,-0.02499383155,1,0,0,0
14.07033253,12.05025077,torque,figure8,-0.006262646522,0.07259178907,-1.731407404,-0.07753804418,0.09300088991,-2,-1.223075986,1.32237339,0.02667921036,-1.124458776,1.347402752,0,0.2786372128,0.1051836642,7.852469533,-0.07250530273,0.8278306723,0.007472215686,-0.218787722,1.37392035,0.01098614503,0.6895802942,-0.01975488332,0.08873912197,-0.008361839583,1,0,0,0
14.08037186,12.0602901,torque,figure8,-0.006262646522,0.07259178907,-1.731407404,-0.08882602672,0.1065239299,-2,-1.223075986,1.32237339,0.02667921036,-1.12428967,1.346591493,0,0.2830372495,0.1051524272,7.605880543,-0.07250530273,0.8278306723,0.007472215686,-0.09578327408,1.143321268,0.0005822194004,0.6899998333,0.009321327786,0.0268316293,-0.02803017401,1,0,0,0
14.09029007,12.07020831,torque,figure8,-0.03426061943,0.1033315063,-1.730694771,-0.09997604929,0.1198752897,-2,-1.225877047,1.350507021,0.02640901878,-1.124100071,1.345682069,0,0.2777004158,0.1052581074,5.763602309,-0.07970939577,2.570859909,-0.005560100079,-0.2592453169,1.250989591,0.007280536576,0.6927753227,-0.03021103754,-0.1599936317,-0.02335053805,1,0,0,0
14.10035753,12.08027577,torque,figure8,-0.03426061943,0.1033315063,-1.730694771,-0.1112918204,0.133417788,-2,-1.225877047,1.350507021,0.02640901878,-1.123884719,1.344649304,0,0.2817166959,0.105518643,5.512153485,-0.07970939577,2.570859909,-0.005560100079,-0.1262502968,0.988692816,0.002086962702,0.6930562348,0.002306674073,-0.2315001629,-0.004827147015,1,0,0,0
14.1103301,12.09024835,torque,figure8,-0.05291846395,0.1240644306,-1.730239153,-0.1224986838,0.1468218467,-2,-1.226487398,1.360391974,0.02748526633,-1.123648655,1.343517439,0,0.2795178377,0.1077775344,3.16001163,-0.07843364775,3.226979017,-0.01323159505,-0.1910739916,0.7795866763,0.001947435062,0.6956822559,-0.01459225542,-0.337286269,-0.01323063734,1,0,0,0
14.12036037,12.10027862,torque,figure8,-0.05291846395,0.1240644306,-1.730239153,-0.1337678967,0.1602915235,-2,-1.226487398,1.360391974,0.02748526633,-1.123388399,1.342269857,0,0.2839365205,0.1082277904,2.897343086,-0.07843364775,3.226979017,-0.01323159505,-0.07151080704,0.5562715944,0.001742621423,0.6958263099,0.0134196382,-0.3948553593,0.02333785954,1,0,0,0
14.13033009,12.11024833,torque,figure8,-0.08096227795,0.1553422511,-1.729572773,-0.1449663709,0.1736669344,-2,-1.225384235,1.357831955,0.02276986837,-1.123107035,1.340921413,0,0.278501711,0.1061369825,1.66142529,-0.09478934109,3.071094513,-0.01678378321,-0.2287227265,0.1926312739,-0.003756155898,0.6955273205,-0.02345395776,-0.3936891147,-0.03184782094,1,0,0,0
14.14035797,12.12027621,torque,figure8,-0.08096227795,0.1553422511,-1.729572773,-0.1562272454,0.1871062854,-2,-1.225384235,1.357831955,0.02276986837,-1.122801226,1.339456197,0,0.2824971758,0.1066743141,1.728957958,-0.09478934109,3.071094513,-0.01678378321,-0.09950569387,-0.01190968866,0.003728267301,0.695465258,0.007778633494,-0.4448870585,0.02799919041,1,0,0,0
14.1502769,12.13019514,torque,figure8,-0.09030901641,0.1657439321,-1.729398966,-0.1673626368,0.2003846233,-2,-1.224387527,1.352282643,0.01841278933,-1.122476246,1.337899571,0,0.2834821998,0.1045553087,2.901408348,-0.08852965385,2.667723894,-0.01402963884,-0.0805863878,-0.2432532086,0.005584227118,0.6938422213,0.009799826044,-0.4228239692,0.03316267246,1,0,0,0
14.16034436,12.1402626,torque,figure8,-0.09965643287,0.1760990471,-1.729260683,-0.1786613687,0.213845468,-2,-1.223109722,1.3448385,0.01397516578,-1.122123533,1.33621061,0,0.2845458661,0.1023130302,3.949932162,-0.06804452837,2.155968189,-0.00930307433,-0.06353159705,-0.4451820416,0.007529602041,0.6920016859,0.009370268657,-0.3801428065,0.03384600492,1,0,0,0
14.17033386,12.1502521,torque,figure8,-0.1090025008,0.1863941252,-1.729148149,-0.1898689789,0.2271847216,-2,-1.221644759,1.336011171,0.01072385721,-1.121750787,1.334426301,0,0.2855940912,0.1004804387,4.776714821,-0.04352293536,1.577598333,-0.00460725883,-0.05062616925,-0.6091022836,0.009223332444,0.6904527818,0.007473493997,-0.3217670143,0.03145635496,1,0,0,0
14.18038678,12.16030502,torque,figure8,-0.1276511699,0.2068218738,-1.728969574,-0.2011438678,0.2405901201,-2,-1.218365788,1.31614542,0.008774036542,-1.121352791,1.332521774,0,0.2828408792,0.09877596057,5.428821903,0.01428313181,0.2777169049,0.008300587535,-0.1261140083,-0.7139988763,0.003560238949,0.6893272729,-0.01895147808,-0.1484498842,-0.00501552317,1,0,0,0
14.19031,12.17022824,torque,figure8,-0.1369698793,0.2169203758,-1.728887081,-0.2122692555,0.2538032558,-2,-1.216693759,1.305875063,0.008415609598,-1.120937423,1.330534842,0,0.2837825887,0.09923811256,5.391391354,0.04567620903,-0.3968078792,0.01462950371,-0.1048094492,-0.7585720834,0.006053941911,0.6893076962,-0.01778990544,-0.06081023308,-0.002608211032,1,0,0,0
14.20034456,12.1802628,torque,figure8,-0.1462846994,0.2269418687,-1.728808641,-0.2235151683,0.2671440574,-2,-1.215108633,1.295938134,0.007864821702,-1.120494666,1.328417699,0,0.2848254101,0.1003423157,5.048836908,0.0780691877,-1.066881061,0.01979607902,-0.08996844033,-0.7507407985,0.007848322348,0.6895764053,-0.01865609532,0.03460879971,-0.00439023434,1,0,0,0
14.21029568,12.19021392,torque,figure8,-0.155596748,0.2368908376,-1.728734016,-0.2346630609,0.2803524038,-2,-1.2137568,1.286877036,0.007454655599,-1.120033027,1.326211163,0,0.2858769376,0.1019160974,4.412185656,0.1039864048,-1.690557361,0.02325369045,-0.08256516566,-0.6906835376,0.008765294772,0.6901402754,-0.02050558714,0.1315423623,-0.008747542711,1,0,0,0
14.22036338,12.20028162,torque,figure8,-0.1741663367,0.2565309107,-1.728586197,-0.2459367721,0.2936926105,-2,-1.21165061,1.27302599,0.007815849036,-1.119543125,1.323870525,0,0.283191525,0.1054990193,2.377375894,0.1168104932,-2.599079132,0.02677224576,-0.1724089298,-0.3771918502,0.005833964172,0.6917472563,-0.04208709799,0.3067395598,-0.004477239227,1,0,0,0
14.23030353,12.21022177,torque,figure8,-0.1927470565,0.2760230601,-1.728411436,-0.2570626983,0.3068401506,-2,-1.210645437,1.266479492,0.009090820327,-1.119036885,1.321452908,0,0.2807962658,0.1072233476,1.470481182,0.1020454392,-3.031718254,0.02976161428,-0.2512428085,0.05514861471,0.007556390626,0.692505856,-0.05571497837,0.4325037112,0.01581140242,1,0,0,0
14.24035811,12.22027636,torque,figure8,-0.1927470565,0.2760230601,-1.728411436,-0.2683114838,0.3201140713,-2,-1.210645437,1.266479492,0.009090820327,-1.118502039,1.318899865,0,0.2853319961,0.1063999263,1.218723155,0.1020454392,-3.031718254,0.02976161428,-0.1243525483,-0.04329409021,0.007098826266,0.6925749121,-0.02473739234,0.4109355212,-0.02468462062,1,0,0,0
14.25028491,12.23020315,torque,figure8,-0.2205768526,0.3050093353,-1.728212833,-0.2794119114,0.3331935716,-2,-1.211393237,1.272908688,0.004243668634,-1.117951528,1.316273321,0,0.279507029,0.1031011791,5.152858694,0.008326696232,-2.536578178,0.02626568638,-0.3085277836,0.7649410513,0.01300346895,0.6887940429,-0.0531067355,0.4736576101,0.03511719378,1,0,0,0
14.26037288,12.24029112,torque,figure8,-0.2205768526,0.3050093353,-1.728212833,-0.2906868517,0.3464581782,-2,-1.211393237,1.272908688,0.004243668634,-1.117369224,1.313496499,0,0.2837281841,0.1024982638,4.92138278,0.008326696232,-2.536578178,0.02626568638,-0.1731154136,0.6203401712,0.006177187432,0.6890175093,-0.01956729361,0.4361879737,-0.02093370462,1,0,0,0
14.27028275,12.25020099,torque,figure8,-0.2391761839,0.324409157,-1.728203535,-0.3017569064,0.3594608032,-2,-1.213028312,1.286672115,-0.002190962899,-1.116774781,1.310663276,0,0.2811019087,0.09922256983,7.004486226,-0.05379321426,-1.516728282,0.02377839573,-0.249242956,1.071846231,0.009358751618,0.6848240931,-0.0286378981,0.3704970369,0.0003761310592,1,0,0,0
14.28040028,12.26031852,torque,figure8,-0.2391761839,0.324409157,-1.728203535,-0.3130527431,0.3727063937,-2,-1.213028312,1.286672115,-0.002190962899,-1.116144969,1.307663127,0,0.2857685907,0.09915545915,6.788240324,-0.05379321426,-1.516728282,0.02377839573,-0.1265617649,0.9112267363,0.001131411517,0.6851056307,0.0004930829192,0.3280706405,-0.04234872134,1,0,0,0
14.29039526,12.2703135,torque,figure8,-0.2484890372,0.3341453373,-1.728249311,-0.3242053897,0.3857612097,-2,-1.213948369,1.295186758,-0.003354375949,-1.115500067,1.304592854,0,0.2867849387,0.09895349707,7.343142401,-0.09702131897,-0.8790515661,0.02000921033,-0.1162526911,1.031365752,-0.0006134527131,0.6839851711,0.007264624731,0.2574159093,-0.03897852699,1,0,0,0
14.30040836,12.2803266,torque,figure8,-0.2671629786,0.353858918,-1.728374958,-0.3353716784,0.3988083919,-2,-1.215749979,1.313611388,-0.006578039378,-1.114831369,1.301411162,0,0.2836424604,0.1018659998,7.746435757,-0.1440195441,0.5153002143,0.0105757229,-0.1880925752,1.284329313,0.003344341788,0.6825854446,-0.005059073261,0.11597696,-0.0114527121,1,0,0,0
14.31030917,12.29022741,torque,figure8,-0.2765055299,0.3637326062,-1.728461981,-0.346406045,0.4116774111,-2,-1.216394067,1.322243929,-0.007556799334,-1.114147915,1.298161232,0,0.284460335,0.1053155115,7.367778869,-0.1581391096,1.201195359,0.004374232609,-0.1565949992,1.23210558,0.00121263507,0.6829449819,0.003952611566,0.006252070901,-0.01039869875,1,0,0,0
14.32036519,12.30028343,torque,figure8,-0.2858504057,0.3736853302,-1.728554487,-0.3576063524,0.4247147065,-2,-1.216860533,1.329886794,-0.008006775752,-1.113431109,1.294754845,0,0.2853691987,0.1095262895,6.678899452,-0.1637356877,1.85018301,-0.0001635762746,-0.1277563917,1.135990831,-0.0001770236168,0.6838514579,0.01046687488,-0.1031337623,-0.006102502505,1,0,0,0
14.33028316,12.31020141,torque,figure8,-0.3139268458,0.4038458765,-1.72884798,-0.3686457354,0.4375389617,-2,-1.216431379,1.342989564,-0.005859732628,-1.112701809,1.291291339,0,0.2786625173,0.11604683,3.521958579,-0.1767267734,3.261340618,-0.01076505706,-0.2586096586,0.9664082097,-0.001875341118,0.6879412914,-0.02126431788,-0.2929887011,-0.04212978814,1,0,0,0
14.3403697,12.32028794,torque,figure8,-0.3139268458,0.4038458765,-1.72884798,-0.3798652068,0.4505454117,-2,-1.216431379,1.342989564,-0.005859732628,-1.111937382,1.287663447,0,0.2829348542,0.1183820559,3.307779375,-0.1767267734,3.261340618,-0.01076505706,-0.1228181486,0.7333733801,0.0001011001248,0.6880008646,0.01252129644,-0.3573516168,0.004987599369,1,0,0,0
14.35033154,12.33024979,torque,figure8,-0.3232863545,0.4139359295,-1.728948355,-0.390938299,0.4633546336,-2,-1.215644956,1.343036771,-0.00489179045,-1.11115992,1.28397625,0,0.2837040506,0.1201215942,1.814884111,-0.1774434447,3.474804878,-0.01222852338,-0.0917185596,0.4834129461,0.000878187767,0.6890303921,0.01837001177,-0.4272501526,0.01625396294,1,0,0,0
14.36035419,12.34027243,torque,figure8,-0.3326464593,0.4240272343,-1.729038477,-0.4020710412,0.4762044403,-2,-1.214513302,1.340705514,-0.003563303733,-1.110355179,1.280162395,0,0.2845388908,0.120528341,0.6319220797,-0.173227936,3.546994925,-0.01330712717,-0.06400546121,0.2237273329,0.002421073332,0.6896419534,0.02234028777,-0.476818932,0.02745201058,1,0,0,0
14.37033987,12.35025811,torque,figure8,-0.3606598973,0.4540970623,-1.729332685,-0.413154602,0.4889683361,-2,-1.208827138,1.318399191,-0.008178666234,-1.109530943,1.276259015,0,0.2779073495,0.1081777213,4.195604365,-0.1438461393,2.75975132,-0.007808455266,-0.1868943888,-0.2829498047,-0.01082021891,0.6866515115,-0.01322173362,-0.4207805592,-0.05316355502,1,0,0,0
14.38035536,12.3602736,torque,figure8,-0.3606598973,0.4540970623,-1.729332685,-0.4242628617,0.501730655,-2,-1.208827138,1.318399191,-0.008178666234,-1.108681743,1.272240442,0,0.282090573,0.110574051,4.328883978,-0.1438461393,2.75975132,-0.007808455266,-0.05947321198,-0.4275178008,0.003029232226,0.6864413601,0.01776616002,-0.4552114619,0.0206976502,1,0,0,0
14.3903141,12.37023234,torque,figure8,-0.3699697256,0.4639899433,-1.729459763,-0.4352996422,0.5143802496,-2,-1.206282377,1.306869626,-0.008740697056,-1.107815025,1.268142144,0,0.2828413001,0.1061698503,5.455006536,-0.1171818972,2.205946445,-0.002635301789,-0.03244691558,-0.6463929411,0.005790533706,0.685046732,0.01881222316,-0.4104609754,0.02541367502,1,0,0,0
14.40037131,12.38028955,torque,figure8,-0.3792662024,0.4737947285,-1.729581833,-0.4464366755,0.5271129772,-2,-1.20354414,1.294135094,-0.00731769437,-1.106917158,1.263899935,0,0.2836911934,0.1015110195,6.318526563,-0.07641705126,1.570208311,0.003142051632,-0.01021818343,-0.8211678658,0.008309026353,0.6842408142,0.01668339497,-0.346292868,0.02545370963,1,0,0,0
14.41029739,12.39021564,torque,figure8,-0.4069953859,0.502569437,-1.729779959,-0.4574195345,0.5396373496,-2,-1.19487977,1.25246501,0.0004658499092,-1.106008767,1.259611504,0,0.2773724853,0.08915909737,6.78310852,0.03715239838,-0.5399285555,0.01842615381,-0.1532805584,-0.951971121,-0.008880183344,0.6854597823,-0.03334265845,-0.06783904554,-0.03624080005,1,0,0,0
14.42036963,12.40028787,torque,figure8,-0.4069953859,0.502569437,-1.729779959,-0.4685547739,0.5523021022,-2,-1.19487977,1.25246501,0.0004658499092,-1.105064444,1.255157175,0,0.2815701812,0.08985687269,6.920835044,0.03715239838,-0.5399285555,0.01842615381,-0.03217878132,-1.003485914,0.006048524483,0.6851952452,-0.003927451275,-0.07354455639,-0.0001510815651,1,0,0,0
14.43034315,12.41026139,torque,figure8,-0.4253665507,0.5211740732,-1.729786158,-0.4795714069,0.564798027,-2,-1.189320207,1.225880146,0.004213063512,-1.104107006,1.250644867,0,0.2790282,0.08883879116,5.677703002,0.1016715541,-1.895901918,0.02913764492,-0.1026158181,-0.8854865834,-0.0001881757687,0.6877520363,-0.02918670481,0.1323788988,-0.01883371998,1,0,0,0
14.44036198,12.42028022,torque,figure8,-0.4253665507,0.5211740732,-1.729786158,-0.4906283509,0.5773048896,-2,-1.189320207,1.225880146,0.004213063512,-1.103122828,1.246010611,0,0.2835935326,0.08861700508,5.807213489,0.1016715541,-1.895901918,0.02913764492,0.005547373937,-0.9171154559,0.01031598734,0.6875434597,-0.003923669698,0.1314721984,-0.01071084019,1,0,0,0
14.45036626,12.4302845,torque,figure8,-0.4345119596,0.5303042531,-1.729757786,-0.5016592936,0.589746762,-2,-1.186799288,1.214305401,0.005439819768,-1.102117705,1.241281996,0,0.2847332623,0.08904099499,4.805529088,0.132539168,-2.482281923,0.03403479978,0.00582853391,-0.7989804515,0.009577130023,0.6889532241,-0.009282205656,0.2318963018,-0.02463077982,1,0,0,0
14.46036959,12.44028783,torque,figure8,-0.4527856708,0.548348546,-1.729660034,-0.512679019,0.6021396451,-2,-1.182725787,1.197075248,0.008135973476,-1.101090344,1.236453217,0,0.282071609,0.09100090164,2.104611401,0.1587456763,-3.229905605,0.03667446598,-0.08678208398,-0.4157127091,0.003259434948,0.6916429758,-0.03399935089,0.3916454518,-0.02644277595,1,0,0,0
14.47033834,12.45025659,torque,figure8,-0.4709835052,0.5660766959,-1.729477644,-0.5236503264,0.6144411478,-2,-1.18000555,1.188845396,0.00863424968,-1.100044337,1.231541425,0,0.2798129007,0.09105655842,1.526807951,0.1641713977,-3.366941929,0.03435400501,-0.1688654584,0.07064909147,0.002536442403,0.6920925612,-0.05118487894,0.4825097126,-0.006472686558,1,0,0,0
14.48036075,12.46027899,torque,figure8,-0.4709835052,0.5660766959,-1.729477644,-0.5346700497,0.6267589871,-2,-1.18000555,1.188845396,0.00863424968,-1.098970385,1.226503269,0,0.2844655718,0.08977395883,1.31211421,0.1641713977,-3.366941929,0.03435400501,-0.05539209787,0.01460839186,0.002411297245,0.6921111116,-0.02398131679,0.4706660387,-0.044864512,1,0,0,0
14.49033427,12.47025251,torque,figure8,-0.4982104897,0.5924723148,-1.729253292,-0.5456252377,0.6389661358,-2,-1.178579926,1.193991423,-0.00178207818,-1.09787948,1.221390619,0,0.2787716154,0.08524349727,5.54665982,0.1399727315,-2.304381371,0.02268942073,-0.2464973582,0.8052642447,0.004585455439,0.6866560609,-0.06171078021,0.4487410711,0.0108194077,1,0,0,0
14.50034738,12.48026562,torque,figure8,-0.4982104897,0.5924723148,-1.729253292,-0.5566128424,0.6511699351,-2,-1.178579926,1.193991423,-0.00178207818,-1.096762,1.216158686,0,0.2831254585,0.08478641699,5.381321296,0.1399727315,-2.304381371,0.02268942073,-0.1232693545,0.6959850523,-0.0008474932372,0.686786346,-0.03136542999,0.4187334215,-0.03267247111,1,0,0,0
14.51033187,12.49025011,torque,figure8,-0.5162597895,0.6099237204,-1.729174137,-0.5675578001,0.6632862094,-2,-1.178936481,1.205420256,-0.004576248117,-1.09562554,1.210843358,0,0.2807591301,0.08361258902,7.105754838,0.1284346133,-1.054492831,0.01017983165,-0.213219386,1.083716485,0.0002067217441,0.6840009878,-0.04870796093,0.3097797933,-0.01039433704,1,0,0,0
14.52036929,12.50028753,torque,figure8,-0.5162597895,0.6099237204,-1.729174137,-0.5785492292,0.6754127257,-2,-1.178936481,1.205420256,-0.004576248117,-1.094460762,1.205401301,0,0.2855090754,0.08459958371,6.950533449,0.1284346133,-1.054492831,0.01017983165,-0.1007755706,0.9554285064,-0.005699588629,0.6841650603,-0.02205975175,0.2740324357,-0.03658754567,1,0,0,0
14.53030729,12.51022553,torque,figure8,-0.5433294773,0.6364480257,-1.729090214,-0.5894201604,0.6873648302,-2,-1.180571556,1.22609961,-0.006392268464,-1.093285523,1.199916234,0,0.279479846,0.09135251443,7.345925908,0.1047508568,1.052982807,-0.005951995496,-0.2978831196,1.313698399,-0.003282236624,0.6835044659,-0.06265907704,0.06034546012,-0.02216702019,1,0,0,0
14.54036546,12.5202837,torque,figure8,-0.5433294773,0.6364480257,-1.729090214,-0.6004105311,0.6994054575,-2,-1.180571556,1.22609961,-0.006392268464,-1.09207381,1.194267108,0,0.2839260418,0.09426569019,7.190369869,0.1047508568,1.052982807,-0.005951995496,-0.1730079924,1.136392731,-0.007094301991,0.6836568469,-0.03176816582,0.009034856846,-0.01665181826,1,0,0,0
14.55034566,12.5302639,torque,figure8,-0.5613502264,0.654242456,-1.729021311,-0.6113035563,0.7112961102,-2,-1.181545734,1.23636055,-0.006252456922,-1.090849377,1.18856504,0,0.2813892404,0.1027099477,5.897049234,0.06435700506,2.277237177,-0.01693741791,-0.2620115071,1.091588127,-0.008902285056,0.6857317247,-0.04589062759,-0.1553803689,-0.02324588596,1,0,0,0
14.56039238,12.54031062,torque,figure8,-0.5613502264,0.654242456,-1.729021311,-0.6222567304,0.7232080511,-2,-1.181545734,1.23636055,-0.006252456922,-1.089594559,1.182728115,0,0.2861735584,0.1066327808,5.738214079,0.06435700506,2.277237177,-0.01693741791,-0.1474695888,0.9270287462,-0.008917233438,0.6858368766,-0.01856542302,-0.2011839653,0.005177353089,1,0,0,0
14.57035017,12.55026841,torque,figure8,-0.5883600116,0.6810433865,-1.728892565,-0.633100401,0.7349562091,-2,-1.181883812,1.238060713,-0.005201432854,-1.088328873,1.176847437,0,0.2800134574,0.1119225026,2.589361801,-0.01394476462,3.239213705,-0.0267952811,-0.3312444566,0.6373357826,-0.0174483124,0.6892427761,-0.05036240418,-0.3489191984,-0.05220383343,1,0,0,0
14.58039188,12.56031013,torque,figure8,-0.5883600116,0.6810433865,-1.728892565,-0.6440225871,0.7467435989,-2,-1.181883812,1.238060713,-0.005201432854,-1.08703039,1.17082148,0,0.2844540062,0.1163844534,2.387923509,-0.01394476462,3.239213705,-0.0267952811,-0.2047061519,0.4736747114,-0.009685399727,0.6892479603,-0.01914937943,-0.3937412691,0.01323019425,1,0,0,0
14.59032845,12.5702467,torque,figure8,-0.597364068,0.6899591088,-1.728853464,-0.6548174676,0.7583475343,-2,-1.181508064,1.234020829,-0.005387594923,-1.085723654,1.164764484,0,0.2854790951,0.1183221061,1.604454997,-0.05196246505,3.212091446,-0.02715027891,-0.1925831797,0.2428231753,-0.008290336598,0.6895564628,-0.01170203707,-0.4248831601,0.02356443832,1,0,0,0
14.60038686,12.5803051,torque,figure8,-0.6063630581,0.6988548636,-1.728816509,-0.6657313687,0.7700319722,-2,-1.180826545,1.227910995,-0.005001835059,-1.084378787,1.158538354,0,0.2865855243,0.1189106883,1.878300545,-0.08251908422,3.071695566,-0.02655054629,-0.1788345345,0.01464435143,-0.006417271957,0.6895597307,-0.005267199695,-0.4385862492,0.03202675258,1,0,0,0
14.6103456,12.59026384,torque,figure8,-0.624285996,0.7164407969,-1.728732824,-0.6765236983,0.7815384753,-2,-1.178527117,1.208857775,-0.008025939576,-1.083025358,1.152280376,0,0.2838174869,0.111292424,3.843673783,-0.115043819,2.393336296,-0.02252734825,-0.2476771305,-0.3249280717,-0.01306812332,0.6876555269,-0.01809085967,-0.3860711375,-0.008728440773,1,0,0,0
14.62035418,12.60027242,torque,figure8,-0.624285996,0.7164407969,-1.728732824,-0.6873563391,0.7930392959,-2,-1.178527117,1.208857775,-0.008025939576,-1.081643243,1.145897826,0,0.2888443851,0.1158225187,3.869471812,-0.115043819,2.393336296,-0.02252734825,-0.1364285477,-0.4067442341,-7.845744365e-05,0.6875459476,0.008154933973,-0.4038248708,0.05255554617,1,0,0,0
14.63033366,12.6102519,torque,figure8,-0.6511272788,0.742211163,-1.728727102,-0.6981436159,0.8044426277,-2,-1.173290253,1.169071078,-0.01258934569,-1.0802433,1.139441252,0,0.2822627786,0.09845889309,5.722420195,-0.1268526763,0.6398922801,-0.007635793183,-0.2853006714,-0.7208026254,-0.017814286,0.6844901619,-0.02744085382,-0.1990849044,-0.03183118849,1,0,0,0
14.64036608,12.62028432,torque,figure8,-0.6511272788,0.742211163,-1.728727102,-0.708973914,0.8158410291,-2,-1.173290253,1.169071078,-0.01258934569,-1.078813973,1.132857787,0,0.2869783536,0.101959117,5.772062655,-0.1268526763,0.6398922801,-0.007635793183,-0.1631891133,-0.7620881232,-0.001825535764,0.6843458997,0.002600491839,-0.204349901,0.02120754237,1,0,0,0
14.65029168,12.63020992,torque,figure8,-0.6778550148,0.7670662999,-1.728692293,-0.7196746866,0.8270526256,-2,-1.167171597,1.127163529,-0.009099886753,-1.077378225,1.126253525,0,0.2809895301,0.09025788479,5.102672441,-0.06795872003,-1.369920254,0.01204120461,-0.304018525,-0.7515867767,-0.01592928099,0.6859463627,-0.04040770359,0.07491018382,-0.01941657922,1,0,0,0
14.66037965,12.64029789,torque,figure8,-0.6778550148,0.7670662999,-1.728692293,-0.7305357897,0.8383799906,-2,-1.167171597,1.127163529,-0.009099886753,-1.075896968,1.119449143,0,0.2854273608,0.09205095164,5.142672924,-0.06795872003,-1.369920254,0.01204120461,-0.1766770706,-0.7629476168,-0.002088776199,0.6858233908,-0.008635195744,0.07815711151,0.001800962021,1,0,0,0
14.67035294,12.65027118,torque,figure8,-0.6955574155,0.7830425501,-1.728559017,-0.7412586264,0.8495106559,-2,-1.163267612,1.103861928,-0.0053475108,-1.074410754,1.1126314,0,0.2831727687,0.08944853696,3.360595876,-0.02019524388,-2.473355293,0.02166948095,-0.2375120609,-0.539652559,-0.005037476003,0.6883843631,-0.03014279045,0.2627726324,-0.002723018397,1,0,0,0
14.68039584,12.66031408,torque,figure8,-0.6955574155,0.7830425501,-1.728559017,-0.7520412259,0.8606498553,-2,-1.163267612,1.103861928,-0.0053475108,-1.072892298,1.105675486,0,0.2879123509,0.09055154477,3.371655659,-0.02019524388,-2.473355293,0.02166948095,-0.1246942906,-0.5453581147,0.003420925638,0.6883048276,-0.003255702435,0.2663091132,-0.008685064424,1,0,0,0
14.690382,12.67030025,torque,figure8,-0.7044028044,0.7909270525,-1.728475094,-0.762747673,0.8716564017,-2,-1.161618829,1.094732642,-0.003836161457,-1.071360694,1.098669307,0,0.2892181291,0.09042535202,2.232098907,-0.005981865805,-2.868700743,0.02571653575,-0.117477104,-0.3758480054,0.00329343407,0.6893611994,-0.005107374039,0.3469853316,-0.02042991286,1,0,0,0
14.70037961,12.68029785,torque,figure8,-0.7132461071,0.7987617254,-1.728384495,-0.7734509601,0.8826050317,-2,-1.160121202,1.087636352,-0.002780838637,-1.069805663,1.0915662,0,0.290567216,0.09044375852,1.273069758,0.004471114371,-3.084934711,0.02759788185,-0.1114738294,-0.1787993642,0.002611354107,0.6900019285,-0.006537916209,0.40620216,-0.02997090148,1,0,0,0
14.71031928,12.69023752,torque,figure8,-0.73966676,0.8217260242,-1.728100538,-0.7840767036,0.8934193801,-2,-1.157189488,1.079409719,-0.003142705886,-1.068238178,1.084416648,0,0.2846778841,0.08914752749,4.225588448,0.001604921068,-2.841988564,0.02456111461,-0.2747614022,0.5271071474,0.001831448097,0.6884945624,-0.04441575345,0.4767504175,0.012251196,1,0,0,0
14.72037578,12.70029402,torque,figure8,-0.73966676,0.8217260242,-1.728100538,-0.7948113708,0.9042880693,-2,-1.157189488,1.079409719,-0.003142705886,-1.066630519,1.07709475,0,0.289459387,0.09064305053,4.098687282,0.001604921068,-2.841988564,0.02456111461,-0.1550812839,0.474959327,-2.91753296e-05,0.6885344477,-0.01502523543,0.4627723714,-0.02843208232,1,0,0,0
14.73032093,12.71023917,torque,figure8,-0.7572988272,0.8371129632,-1.727975368,-0.8054111809,0.9149635769,-2,-1.156424165,1.08440733,-0.008581012487,-1.065019177,1.069767142,0,0.2870068236,0.092966879,6.46198214,0.01019629091,-2.004412174,0.01689726114,-0.2296565483,0.9242555818,0.0006984872704,0.684788962,-0.03343114426,0.416792054,-0.006660454762,1,0,0,0
14.74037027,12.72028852,torque,figure8,-0.766076982,0.8446996212,-1.72796464,-0.8161056521,0.925676465,-2,-1.156227827,1.089055777,-0.01131406147,-1.063369288,1.062275716,0,0.2882071379,0.09730307287,7.268593946,0.01014183089,-1.423662663,0.01393018384,-0.2041155546,1.062541352,-0.001076091249,0.6830361427,-0.02640770749,0.3519505715,-0.01766394831,1,0,0,0
14.75034547,12.73026371,torque,figure8,-0.7836639285,0.8600620031,-1.72799325,-0.8267047103,0.9362354261,-2,-1.156159043,1.100756884,-0.01366638578,-1.061710065,1.054753627,0,0.2857316422,0.1059418669,8.129363369,0.004766876344,-0.07399171591,0.002640730701,-0.2692682978,1.321125521,-0.0007423886421,0.6813623966,-0.03989974725,0.2086041563,-0.01038700177,1,0,0,0
14.76038241,12.74030066,torque,figure8,-0.7836639285,0.8600620031,-1.72799325,-0.8373525677,0.9467835887,-2,-1.156159043,1.100756884,-0.01366638578,-1.06001898,1.047099173,0,0.2905009044,0.1109451752,8.035842722,0.004766876344,-0.07399171591,0.002640730701,-0.1541062781,1.198339484,-0.005192187323,0.6814403091,-0.01210654748,0.1719657774,-0.02311379978,1,0,0,0
14.77033758,12.75025582,torque,figure8,-0.7924733758,0.8678443432,-1.728010178,-0.8478967968,0.9571694957,-2,-1.15618515,1.106739163,-0.01392304804,-1.058320312,1.039422681,0,0.2915976714,0.1195946764,7.950501577,0.002423362341,0.6345854402,-0.001300003729,-0.1473806315,1.221199694,-0.006439463725,0.6816474158,-0.01112232472,0.07572766002,-0.01882326195,1,0,0,0
14.78036976,12.760288,torque,figure8,-0.8100216389,0.8833127618,-1.728059292,-0.8585053771,0.9675580113,-2,-1.156006336,1.116508126,-0.01363738533,-1.056587017,1.0316024,0,0.2887900339,0.1314502252,6.927083207,-0.01773009636,1.966285825,-0.01107596513,-0.222992314,1.217391301,-0.006885908284,0.6836465747,-0.02659321597,-0.09875897579,-0.01713958556,1,0,0,0
14.79034376,12.770262,torque,figure8,-0.827606976,0.8989819884,-1.728100777,-0.8690350964,0.977808096,-2,-1.155213833,1.120567322,-0.01163689233,-1.054842427,1.023744097,0,0.2861101747,0.1399448941,4.842582574,-0.04903628305,3.006199121,-0.01906502992,-0.2810422698,1.008067525,-0.01122263948,0.6870300092,-0.03522497873,-0.2668214247,-0.03697182802,1,0,0,0
14.80036521,12.78028345,torque,figure8,-0.827606976,0.8989819884,-1.728100777,-0.8795972725,0.9880275843,-2,-1.155213833,1.120567322,-0.01163689233,-1.053068136,1.015765332,0,0.2907942515,0.1468080984,4.740110569,-0.04903628305,3.006199121,-0.01906502992,-0.1647112678,0.866389153,-0.007218012069,0.687046851,-0.006960334954,-0.3078827154,0.01022304467,1,0,0,0
14.81030822,12.79022646,torque,figure8,-0.8363465667,0.9067819118,-1.728119373,-0.8900590983,0.9980876527,-2,-1.154445171,1.119501114,-0.01038549934,-1.051286568,1.007767354,0,0.2917890497,0.1524269961,3.368539938,-0.07015219331,3.36767149,-0.02150222287,-0.1515856493,0.6575124024,-0.006222248083,0.688609176,-0.002280890888,-0.3897659474,0.02172422146,1,0,0,0
14.82036948,12.80028772,torque,figure8,-0.8538358808,0.9223741293,-1.728133678,-0.9006272113,1.008186009,-2,-1.15192771,1.110220075,-0.008182873949,-1.049462387,0.9995921106,0,0.2889020665,0.1510120796,1.377578913,-0.1168594137,3.585945368,-0.0257664267,-0.211360998,0.2673322441,-0.01050187333,0.6903126408,-0.01142307874,-0.4671569758,-0.005491591091,1,0,0,0
14.83033776,12.810256,torque,figure8,-0.8712850213,0.937795639,-1.728150606,-0.9110794509,1.018109517,-2,-1.148121595,1.090555668,-0.009588174522,-1.047633849,0.9914115892,0,0.2862446655,0.1414894643,3.387764846,-0.1529509574,3.167362452,-0.02149497345,-0.2522650388,-0.1824700959,-0.01757818417,0.6889576917,-0.0165002187,-0.4704800583,-0.03963837999,1,0,0,0
14.84035659,12.82027483,torque,figure8,-0.8712850213,0.937795639,-1.728150606,-0.9215662166,1.028000774,-2,-1.148121595,1.090555668,-0.009588174522,-1.045774799,0.983109186,0,0.2908045011,0.1486995165,3.363591268,-0.1529509574,3.167362452,-0.02149497345,-0.1387664482,-0.2549028089,-0.002519546665,0.6888943241,0.01073281641,-0.4878729168,0.03844172252,1,0,0,0
14.85033441,12.83025265,torque,figure8,-0.897349298,0.9602731466,-1.728284836,-0.9319914422,1.037768477,-2,-1.13994658,1.04516983,-0.01396199036,-1.043902232,0.9747613231,0,0.2846660057,0.1199033436,6.474674186,-0.1949429214,1.521229625,-0.01618987694,-0.2514035111,-0.7961923544,-0.02133350833,0.6843664461,-0.01284197079,-0.3350627263,-0.04324509001,1,0,0,0
14.86036682,12.84028506,torque,figure8,-0.897349298,0.9602731466,-1.728284836,-0.9424547698,1.047505252,-2,-1.13994658,1.04516983,-0.01396199036,-1.0419982,0.966288531,0,0.2889170716,0.126534903,6.482417054,-0.1949429214,1.521229625,-0.01618987694,-0.1340156579,-0.8115397671,-0.002177140205,0.6842798945,0.01582741185,-0.3342055924,0.02962229781,1,0,0,0
14.87033558,12.85025382,torque,figure8,-0.9059743285,0.9675175548,-1.728332043,-0.9528326796,1.05709566,-2,-1.136766434,1.028063059,-0.01222372428,-1.040085214,0.9577914702,0,0.2898679372,0.120144804,6.990669605,-0.196601972,0.8236079216,-0.0106269503,-0.1045654462,-0.9348282856,0.001874003465,0.6838547187,0.02108021616,-0.2538020925,0.03304403032,1,0,0,0
14.88037062,12.86028886,torque,figure8,-0.9145869613,0.9746435881,-1.728358746,-0.9632602237,1.06666389,-2,-1.133438349,1.010844111,-0.008477314375,-1.038138369,0.9491600483,0,0.2909051282,0.1138370533,7.178335434,-0.1829869896,0.09815718979,-0.005100097042,-0.07764558984,-1.00514318,0.005217585819,0.6843819954,0.02336233658,-0.1609829777,0.03128286232,1,0,0,0
14.89033747,12.87025571,torque,figure8,-0.9402791262,0.9952248931,-1.728271484,-0.9735974702,1.076080986,-2,-1.123010397,0.961172998,0.0009093370754,-1.036183798,0.9405106413,0,0.2854543852,0.08925591394,5.82068187,-0.1070742607,-1.928044677,0.01204426959,-0.1812960893,-0.9734639141,-0.01035313066,0.6884172475,-0.01491254761,0.1153772961,-0.01505729862,1,0,0,0
14.90036511,12.88028336,torque,figure8,-0.9402791262,0.9952248931,-1.728271484,-0.9839780081,1.085468144,-2,-1.123010397,0.961172998,0.0009093370754,-1.03419627,0.9317321048,0,0.289637399,0.09357105481,5.825656383,-0.1070742607,-1.928044677,0.01204426959,-0.07115255473,-0.9203249173,0.003618104019,0.6883488039,0.01200590284,0.1358452799,0.003138144903,1,0,0,0
14.91035056,12.8902688,torque,figure8,-0.9572611451,1.008297801,-1.728105068,-0.9942949515,1.094727947,-2,-1.116320848,0.9341133833,0.005582379643,-1.03219618,0.9229151013,0,0.287695198,0.08505012844,3.562621052,-0.04489379749,-2.92185688,0.02419110015,-0.1141744816,-0.6639986844,-0.001274617508,0.6917372942,-0.008562554886,0.3070761853,-0.01237622352,1,0,0,0
14.9203763,12.90029454,torque,figure8,-0.9572611451,1.008297801,-1.728105068,-1.004633327,1.103936164,-2,-1.116320848,0.9341133833,0.005582379643,-1.030167052,0.913987531,0,0.2920918931,0.08864925002,3.555068408,-0.04489379749,-2.92185688,0.02419110015,-0.01694236004,-0.6162529019,0.007320549435,0.6916878831,0.01405277558,0.3238943899,-0.01779389352,1,0,0,0
14.93034291,12.91026115,torque,figure8,-0.9825432897,1.027097583,-1.727697611,-1.014890464,1.113000989,-2,-1.107737899,0.9093251228,0.005755177233,-1.028129108,0.9050388534,0,0.2873574883,0.07993155674,1.255046264,0.02103974856,-3.273015976,0.02658608556,-0.1446071027,-0.01752110233,-0.0008076594881,0.6931002581,-0.02631799378,0.4508731022,-0.005880212236,1,0,0,0
14.94036627,12.92028451,torque,figure8,-0.9825432897,1.027097583,-1.727697611,-1.025185409,1.122027105,-2,-1.107737899,0.9093251228,0.005755177233,-1.026058703,0.895965787,0,0.2915108158,0.0829643592,1.153211656,0.02103974856,-3.273015976,0.02658608556,-0.04123353455,0.009056197281,0.001886495185,0.6930731649,-0.001594509298,0.4593825838,-0.03300039849,1,0,0,0
14.95035338,12.93027163,torque,figure8,-0.9993129969,1.039410591,-1.727482557,-1.035422388,1.130929774,-2,-1.103117466,0.9041883945,-7.847541565e-05,-1.023975023,0.8868530064,0,0.2897333354,0.08101881385,3.823032607,0.06280507892,-2.623641253,0.0199278295,-0.1018345272,0.4541111345,-0.0001692529105,0.6904115255,-0.02153888015,0.4338736841,-0.0171986,1,0,0,0
14.96036577,12.94028401,torque,figure8,-0.9993129969,1.039410591,-1.727482557,-1.045664279,1.139763255,-2,-1.103117466,0.9041883945,-7.847541565e-05,-1.021865308,0.8776452447,0,0.2940830752,0.08547782213,3.786131493,0.06280507892,-2.623641253,0.0199278295,-0.008560258992,0.4494947572,-0.0006435481639,0.6903941018,-0.0001624846852,0.4314392537,-0.04271125729,1,0,0,0
14.97028708,12.95020533,torque,figure8,-1.007653713,1.04539454,-1.727374554,-1.055792069,1.148425095,-2,-1.10117352,0.9044092894,-0.002436296083,-1.019754323,0.8684509419,0,0.295393349,0.08903945171,4.889426161,0.08224992454,-2.143235683,0.01497125532,-0.007848331416,0.6447775257,-0.002305404192,0.6889099226,-0.003838431058,0.3928972845,-0.03960212379,1,0,0,0
14.98039627,12.96031451,torque,figure8,-1.024327993,1.057468414,-1.727205753,-1.066089995,1.157156774,-2,-1.098005891,0.9089023471,-0.004343399312,-1.017582456,0.8590113165,0,0.2934255186,0.09474127366,6.37195845,0.1282704175,-0.9157484174,0.003008601489,-0.08473306931,0.9562343652,-0.002939033226,0.6870000268,-0.02763165852,0.2708411817,-0.01563159367,1,0,0,0
14.99036074,12.97027898,torque,figure8,-1.041002512,1.069728971,-1.727050066,-1.07621891,1.165669717,-2,-1.095554233,0.9155566096,-0.002830483252,-1.015421072,0.8496372347,0,0.2914558078,0.1038012477,6.67058287,0.1803698242,0.4613546133,-0.01072619949,-0.1595855307,1.106578311,-0.003511694733,0.6873538997,-0.04996635261,0.105288399,-0.007921867128,1,0,0,0
15.00039291,12.98031116,torque,figure8,-1.041002512,1.069728971,-1.727050066,-1.086394792,1.174145798,-2,-1.095554233,0.9155566096,-0.002830483252,-1.013224376,0.8401304256,0,0.2957448216,0.1116929993,6.649021952,0.1803698242,0.4613546133,-0.01072619949,-0.06157958076,1.031206189,-0.004957566177,0.6873452476,-0.02658844995,0.08008524111,-0.005364295462,1,0,0,0
15.010391,12.99030924,torque,figure8,-1.04930687,1.075767279,-1.726926327,-1.096514064,1.182497844,-2,-1.094479799,0.9184862375,-0.001932481653,-1.011014601,0.830587784,0,0.296966604,0.1212283462,6.309087405,0.2038521171,1.164019704,-0.01712043583,-0.0678774165,1.011531015,-0.005263961704,0.688231546,-0.03114607661,-0.02209354002,0.004041541744,1,0,0,0
15.02039909,13.00031734,torque,figure8,-1.065888882,1.087979794,-1.726682901,-1.106621242,1.190762366,-2,-1.092358589,0.9215011597,-0.00184479414,-1.008782117,0.8209682328,0,0.2948315092,0.1307489938,4.706178943,0.239853397,2.548492908,-0.02990710177,-0.1652086909,0.8838467777,-0.006830311791,0.6905254225,-0.0566691994,-0.2250985288,-0.0004867034196,1,0,0,0
15.03035426,13.0102725,torque,figure8,-1.082454681,1.100183964,-1.726432085,-1.116652699,1.198887339,-2,-1.090157747,0.9169303775,-0.002094181487,-1.00654114,0.811333476,0,0.292833169,0.1347101636,2.346988463,0.2496043593,3.480374336,-0.03552533314,-0.2572289865,0.5494993007,-0.0128217217,0.6925424487,-0.07527737456,-0.3984266392,-0.03253335361,1,0,0,0
15.04038429,13.02030253,torque,figure8,-1.082454681,1.100183964,-1.726432085,-1.12673693,1.206976082,-2,-1.090157747,0.9169303775,-0.002094181487,-1.004262883,0.8015604012,0,0.2969930608,0.1438490346,2.252751471,0.2496043593,3.480374336,-0.03552533314,-0.1538960712,0.4713445625,-0.004858635333,0.6925589448,-0.05018140631,-0.422685048,0.0302884408,1,0,0,0
15.050349,13.03026724,torque,figure8,-1.107273221,1.118185759,-1.726071835,-1.136732751,1.21491475,-2,-1.086070538,0.8904812932,-0.004691702779,-1.001979205,0.7917862979,0,0.2919948656,0.1297461614,3.780691109,0.1394351274,3.498435259,-0.03688088059,-0.3461686914,-0.2012333283,-0.02285027404,0.6911322497,-0.07493867802,-0.5127635499,-0.06473484467,1,0,0,0
15.06037569,13.04029393,torque,figure8,-1.107273221,1.118185759,-1.726071835,-1.146767684,1.222804174,-2,-1.086070538,0.8904812932,-0.004691702779,-0.9996609852,0.7818871154,0,0.29587407,0.1388571866,3.687687306,0.1394351274,3.498435259,-0.03688088059,-0.2333220214,-0.2400619965,-0.006818872532,0.6911777516,-0.0469189184,-0.5234644882,0.02499236643,1,0,0,0
15.07035661,13.05027485,torque,figure8,-1.123755336,1.129732966,-1.725877047,-1.156733617,1.230558685,-2,-1.082505703,0.859788537,-0.009236947633,-0.997333137,0.7719698903,0,0.2939333022,0.1226857853,6.422109526,0.07154770941,2.668094635,-0.02850687131,-0.3200361934,-0.7176782938,-0.01584624534,0.6870287548,-0.05539344843,-0.4776831334,-0.02172768505,1,0,0,0
15.08039284,13.06031108,torque,figure8,-1.123755336,1.129732966,-1.725877047,-1.166731251,1.238256048,-2,-1.082505703,0.859788537,-0.009236947633,-0.9949721016,0.761934897,0,0.2979388899,0.1316160607,6.353737442,0.07154770941,2.668094635,-0.02850687131,-0.216670718,-0.7114733888,0.001279475664,0.6870979686,-0.0306340667,-0.4737846386,0.0543593711,1,0,0,0
15.09034824,13.07026649,torque,figure8,-1.1483953,1.146150708,-1.725636721,-1.176624861,1.245791615,-2,-1.076438308,0.803326726,-0.004407502245,-0.9926100301,0.7519193001,0,0.2932582949,0.09843439258,8.775375351,-0.02333848737,0.6813716292,-0.01408304553,-0.3846368745,-1.238551768,-0.02054625441,0.6841766773,-0.05556030136,-0.2829760959,-0.03622559769,1,0,0,0
15.10039163,13.08030987,torque,figure8,-1.1483953,1.146150708,-1.725636721,-1.186581973,1.253292433,-2,-1.076438308,0.803326726,-0.004407502245,-0.9902068988,0.7417540316,0,0.2970063638,0.1060494161,8.711882055,-0.02333848737,0.6813716292,-0.01408304553,-0.2706412077,-1.172108682,-0.0006101259524,0.6842687919,-0.02700963929,-0.2601347329,0.02941523094,1,0,0,0
15.11029696,13.09021521,torque,figure8,-1.156578183,1.151336193,-1.725503206,-1.196378487,1.260589858,-2,-1.074273705,0.7838171721,0.0004669022746,-0.9878169868,0.7316691188,0,0.2981089018,0.1009673297,8.845497053,-0.03821460903,-0.06738910079,-0.006390423514,-0.2604559555,-1.229471907,0.00321655796,0.6851505196,-0.02271376432,-0.1620460595,0.03025230609,1,0,0,0
15.12038279,13.10030103,torque,figure8,-1.164754629,1.156389356,-1.72533083,-1.206329076,1.267917307,-2,-1.072105885,0.7645874619,0.006137172692,-0.9853633631,0.7213407091,0,0.2993494142,0.09711957345,8.636096227,-0.04169477895,-0.8241953254,0.0001908205013,-0.250346352,-1.231110133,0.006638298284,0.6868865737,-0.02029322823,-0.05435903303,0.02863429299,1,0,0,0
15.13036227,13.11028051,torque,figure8,-1.18921268,1.17058754,-1.724569321,-1.216150299,1.27506468,-2,-1.066044927,0.7118301988,0.01817648113,-0.9829156301,0.71106269,0,0.295809343,0.08509673012,6.356443517,-0.0606485717,-2.693008661,0.01712092385,-0.3991613844,-1.099889007,-0.004648061348,0.6935358762,-0.05323104413,0.2060175387,0.01150915839,1,0,0,0
15.14040065,13.12031889,torque,figure8,-1.18921268,1.17058754,-1.724569321,-1.226004734,1.282150461,-2,-1.066044927,0.7118301988,0.01817648113,-0.9804334548,0.7006661531,0,0.2994361364,0.08822893229,6.270621592,-0.0606485717,-2.693008661,0.01712092385,-0.2830937826,-0.9856087882,0.007517332782,0.6936258445,-0.02368579982,0.2414033994,0.0137562401,1,0,0,0
15.15036297,13.13028121,torque,figure8,-1.205484867,1.179466367,-1.72394824,-1.235759774,1.289079092,-2,-1.062701941,0.6853448153,0.02347091027,-0.9779503059,0.6902918416,0,0.298556684,0.08808062373,3.800288471,-0.08341105282,-3.367553949,0.02597936988,-0.3443064913,-0.6625422746,0.00607343555,0.6977579127,-0.03562418851,0.3752323296,0.01470238861,1,0,0,0
15.16039205,13.14031029,torque,figure8,-1.205484867,1.179466367,-1.72394824,-1.245555095,1.295949477,-2,-1.062701941,0.6853448153,0.02347091027,-0.9754306651,0.6797919623,0,0.3022887894,0.09054277072,3.683569459,-0.08341105282,-3.367553949,0.02597936988,-0.2398069725,-0.5693014424,0.01270299081,0.697828877,-0.01018268508,0.4018972981,-0.003120769291,1,0,0,0
15.17030668,13.15022492,torque,figure8,-1.21358335,1.183618546,-1.723591566,-1.255213707,1.302637684,-2,-1.061240435,0.6753407121,0.02476462349,-0.9729202467,0.6693574538,0,0.3038095857,0.09192138788,2.446821161,-0.09996566921,-3.521681309,0.02824468352,-0.2318011804,-0.3359150926,0.01269631138,0.6990801805,-0.007583238234,0.4571157938,-0.01274449544,1,0,0,0
15.18042326,13.1603415,torque,figure8,-1.229780316,1.191805482,-1.722903967,-1.265043288,1.309355204,-2,-1.058932066,0.662481904,0.02242952585,-0.9703387344,0.6586554868,0,0.3030571329,0.09146859298,2.496273085,-0.1600488871,-3.26049757,0.03235635161,-0.2918280027,0.09825535306,0.0108805255,0.6987833957,-0.01541302357,0.477121595,-0.005669078975,1,0,0,0
15.19040751,13.17032576,torque,figure8,-1.237881064,1.195878029,-1.722596884,-1.274718597,1.315878438,-2,-1.057969928,0.6596556306,0.01837936416,-0.96777127,0.6480399596,0,0.3044824967,0.0927821249,3.536652193,-0.1824382991,-2.895213366,0.03183001652,-0.2644583891,0.3427765483,0.01084660416,0.6972701088,-0.006240868607,0.4624008077,-0.01515179209,1,0,0,0
15.20038319,13.18030143,torque,figure8,-1.245942116,1.199733853,-1.722300529,-1.284359889,1.322289951,-2,-1.057128429,0.6587282419,0.01333209779,-0.9651865023,0.6373812998,0,0.3059622825,0.09532447077,4.598929913,-0.195240438,-2.399557114,0.02934084646,-0.2403791592,0.5586069364,0.01015057774,0.6952744925,0.0003078935898,0.4240956734,-0.02110038422,1,0,0,0
15.21036601,13.19028425,torque,figure8,-1.270149112,1.211514115,-1.721633434,-1.293982184,1.328599362,-2,-1.05471611,0.6645566821,0.003453848651,-0.9625804104,0.6266635659,0,0.3029272443,0.09968352172,6.443005518,-0.2350638658,-0.4055201709,0.01954549551,-0.3448563774,0.9773413759,0.01150696636,0.6912949475,-0.02163906096,0.2116534867,-0.006201636267,1,0,0,0
15.22039771,13.20031595,torque,figure8,-1.270149112,1.211514115,-1.721633434,-1.303625285,1.334831628,-2,-1.05471611,0.6645566821,0.003453848651,-0.959941991,0.6158424023,0,0.3062936631,0.1066168083,6.462984502,-0.2350638658,-0.4055201709,0.01954549551,-0.228297283,0.9552025698,0.008779562257,0.6912586344,0.007757625203,0.1992624102,-0.01878666235,1,0,0,0
15.23030186,13.2102201,torque,figure8,-1.286172986,1.219227552,-1.721261501,-1.313119712,1.340877912,-2,-1.052496314,0.6699156165,-0.000133735608,-0.9573179284,0.6051095808,0,0.3053196466,0.1151467119,6.150635288,-0.2487404048,1.025832295,0.01332056336,-0.2562624268,1.017171851,0.007517255867,0.6912302376,0.0004585582381,0.01294812819,-0.02266890125,1,0,0,0
15.24039054,13.22030878,torque,figure8,-1.286172986,1.219227552,-1.721261501,-1.322764223,1.346927314,-2,-1.052496314,0.6699156165,-0.000133735608,-0.9546254235,0.5941273582,0,0.3087738627,0.1237844465,6.180853331,-0.2487404048,1.025832295,0.01332056336,-0.1545023537,0.9808290347,0.006710470817,0.6911927483,0.02472751833,-0.002984224347,-0.01437994501,1,0,0,0
15.25036192,13.23028016,torque,figure8,-1.31020391,1.23111701,-1.720786572,-1.332269808,1.352797265,-2,-1.04725492,0.6708545089,-0.001476182137,-0.9519448907,0.583224693,0,0.3053737497,0.129480367,3.688686954,-0.2641486526,2.578287125,0.00192503049,-0.2379734279,0.7654651619,0.002830074536,0.6940495589,0.002031910562,-0.2379707978,-0.03490599746,1,0,0,0
15.26039457,13.24031281,torque,figure8,-1.31020391,1.23111701,-1.720786572,-1.341806731,1.358593331,-2,-1.04725492,0.6708545089,-0.001476182137,-0.9492285425,0.5722076286,0,0.3085597015,0.1390775207,3.712086847,-0.2641486526,2.578287125,0.00192503049,-0.1332560325,0.7193620929,0.006701237743,0.6940421574,0.02742716802,-0.2561113288,0.003086546612,1,0,0,0
15.27036524,13.25028348,torque,figure8,-1.326112747,1.238932848,-1.720498562,-1.351257633,1.364243845,-2,-1.042010307,0.6629070044,-4.793538392e-05,-0.9465098091,0.5612124135,0,0.3073372173,0.1395067642,1.284659161,-0.2461748868,3.114125729,-0.002395996358,-0.1508177334,0.3779413869,0.004193534666,0.6959493637,0.01698563515,-0.3768786397,-0.009816866381,1,0,0,0
15.28039527,13.26031351,torque,figure8,-1.326112747,1.238932848,-1.720498562,-1.36073736,1.369817162,-2,-1.042010307,0.6629070044,-4.793538392e-05,-0.9437556633,0.5501061376,0,0.3105650037,0.1495928237,1.25066007,-0.2461748868,3.114125729,-0.002395996358,-0.06004815917,0.3529325882,0.01084363491,0.6959799399,0.03777824711,-0.3871094409,0.03551183054,1,0,0,0
15.29037547,13.27029371,torque,figure8,-1.349805951,1.250427485,-1.720117569,-1.370142477,1.375252001,-2,-1.03119719,0.6341068745,-0.002486446872,-0.9409961171,0.5390105437,0,0.3071301181,0.1310943483,3.365457489,-0.1814899892,2.822093248,-0.0006742952392,-0.134959897,-0.28097879,0.001039152102,0.6944117816,0.006410996042,-0.4347979542,-0.02463656092,1,0,0,0
15.30042076,13.280339,torque,figure8,-1.349805951,1.250427485,-1.720117569,-1.379581025,1.380610242,-2,-1.03119719,0.6341068745,-0.002486446872,-0.9381994081,0.527798676,0,0.3101101102,0.1412664255,3.26364641,-0.1814899892,2.822093248,-0.0006742952392,-0.04215857004,-0.2672071636,0.01296829822,0.6945087467,0.02808537012,-0.4318958624,0.03478297514,1,0,0,0
15.31036639,13.29028463,torque,figure8,-1.357635379,1.254108191,-1.720042706,-1.388898163,1.385804154,-2,-1.026891947,0.620141089,-0.004379878286,-0.9354115584,0.5166555381,0,0.310961855,0.138192272,4.405588765,-0.1454209238,2.41456008,0.004053406417,-0.0184839938,-0.4646201116,0.01600860473,0.6930577797,0.02635199236,-0.4038785139,0.03757371575,1,0,0,0
15.32041121,13.30032945,torque,figure8,-1.365440488,1.257698178,-1.719982624,-1.398279976,1.390937163,-2,-1.022379518,0.6046385765,-0.005408855621,-0.9325768893,0.5053592629,0,0.3118345553,0.1339781694,5.353184301,-0.08909774572,1.909182787,0.01031460334,0.0003971546228,-0.6332208397,0.01876246633,0.6917460052,0.02086801344,-0.3572081316,0.03545155692,1,0,0,0
15.33042169,13.31033993,torque,figure8,-1.373219371,1.261186361,-1.719928026,-1.4076013,1.395939533,-2,-1.017715812,0.5881400704,-0.005105786957,-0.9297329521,0.4940605062,0,0.3126992883,0.128910888,6.062661709,-0.0265324004,1.338864923,0.01588572748,0.01399713193,-0.767074425,0.02108463386,0.6908756163,0.01358847078,-0.2959544064,0.03110116699,1,0,0,0
15.3403964,13.32031465,torque,figure8,-1.388604403,1.267780542,-1.719852924,-1.416860913,1.400811332,-2,-1.008298516,0.5536730886,-0.0004619076208,-0.9268804094,0.4827622257,0,0.3114129177,0.1079697733,6.749865944,0.09330899268,0.0687186271,0.0290487539,-0.03615687955,-0.9816624555,0.01455569406,0.6908657653,-0.015442948,-0.1562860279,-0.008274867571,1,0,0,0
15.35035706,13.3302753,torque,figure8,-1.403885007,1.273923039,-1.719706535,-1.426078982,1.405563607,-2,-0.9992139339,0.5193401575,0.003811122384,-0.9240132544,0.4714410543,0,0.3104613306,0.08924119536,6.264291497,0.200667873,-1.224157929,0.04153565317,-0.09218458354,-1.02071016,0.009751581603,0.6924071658,-0.04189996257,0.01301678198,-0.0264069432,1,0,0,0
15.36038208,13.34030032,torque,figure8,-1.403885007,1.273923039,-1.719706535,-1.435327695,1.41023254,-2,-0.9992139339,0.5193401575,0.003811122384,-0.9211088252,0.4600084646,0,0.3132624283,0.09815896523,6.159128324,0.200667873,-1.224157929,0.04153565317,-0.01140750506,-0.903067825,0.02077980769,0.6925762183,-0.02295838842,0.04771501375,-0.00920994347,1,0,0,0
15.37031794,13.35023618,torque,figure8,-1.411438346,1.276747108,-1.71962595,-1.444465322,1.414746674,-2,-0.9949294925,0.5031822324,0.005357140675,-0.918211733,0.4486406114,0,0.314236009,0.09428203432,5.433546043,0.2450011522,-1.821530581,0.04534189031,-0.01675027157,-0.8178730158,0.02104758853,0.6937914879,-0.03028118155,0.1446878255,-0.01845470547,1,0,0,0
15.38038087,13.36029911,torque,figure8,-1.426481247,1.28211236,-1.719431162,-1.453690384,1.419203232,-2,-0.9873188138,0.4753993154,0.008596137166,-0.9152588783,0.437090804,0,0.3134535328,0.08206137892,3.436120837,0.2832097709,-2.718422174,0.04948272929,-0.0992429167,-0.6198021359,0.01460960629,0.6964053066,-0.05251864381,0.2890898946,-0.02988141202,1,0,0,0
15.39035392,13.37027216,torque,figure8,-1.441411972,1.287028909,-1.719210625,-1.462803635,1.423505134,-2,-0.9813087583,0.455222398,0.01054075453,-0.9123138817,0.4256087865,0,0.3129313607,0.07581798264,1.371780157,0.2722795904,-3.116712093,0.04956011847,-0.1792014274,-0.283069291,0.01179037188,0.6979830235,-0.0658180193,0.388278338,-0.02296044789,1,0,0,0
15.40039778,13.38031602,torque,figure8,-1.441411972,1.287028909,-1.719210625,-1.471951816,1.427721672,-2,-0.9813087583,0.455222398,0.01054075453,-0.9093294041,0.4140105924,0,0.3155468411,0.08360949622,1.20585772,0.2722795904,-3.116712093,0.04956011847,-0.09556206606,-0.1736699346,0.01504843265,0.6980618787,-0.04570987801,0.417448767,-0.04371045172,1,0,0,0
15.41032314,13.39024138,torque,figure8,-1.448837399,1.289340973,-1.719103098,-1.48096253,1.431773861,-2,-0.9788486958,0.4482678473,0.009715370834,-0.9063618878,0.402515993,0,0.3165789337,0.08626678347,1.5125916,0.2574664652,-3.102215767,0.04776646942,-0.1075964078,0.05685641766,0.01322036647,0.6978386359,-0.04552298089,0.4494294284,-0.04928074723,1,0,0,0
15.42038774,13.40030599,torque,figure8,-1.463669538,1.29392004,-1.718935013,-1.490069482,1.435766231,-2,-0.9750448465,0.4407785833,0.004627305083,-0.9033342794,0.39082735,0,0.3159348443,0.08751538778,3.862156567,0.1963325292,-2.58350873,0.03890192136,-0.1970291275,0.440139339,0.009636091539,0.6953953023,-0.05495177955,0.427711798,-0.03183884893,1,0,0,0
15.43037987,13.41029811,torque,figure8,-1.478374124,1.298113465,-1.718899727,-1.499080615,1.439613316,-2,-0.9725086093,0.4402906299,-0.003723425092,-0.9003101439,0.3791911578,0,0.315386002,0.09465531037,5.749891082,0.136239633,-1.572957039,0.02764141746,-0.2727281136,0.7698751054,0.008213479637,0.6916056986,-0.06070646498,0.3339111598,-0.01811436294,1,0,0,0
15.44039488,13.42031312,torque,figure8,-1.478374124,1.298113465,-1.718899727,-1.508081977,1.44335239,-2,-0.9725086093,0.4402906299,-0.003723425092,-0.8972608162,0.3674975409,0,0.317795949,0.1047612909,5.820679344,0.136239633,-1.572957039,0.02764141746,-0.1819656943,0.808136309,0.006186667349,0.6915706752,-0.03829187238,0.338798316,-0.03821106585,1,0,0,0
15.45035934,13.43027759,torque,figure8,-1.50040257,1.30450511,-1.719084501,-1.517007511,1.446956217,-2,-0.9701158404,0.4463009536,-0.01227004919,-0.8942087917,0.355833308,0,0.3154069741,0.1187300681,6.669578271,0.03918545693,0.3853557706,0.01254429854,-0.3371300378,1.042996611,0.003408488164,0.688688095,-0.05840077626,0.1044336462,-0.02990642816,1,0,0,0
15.46038938,13.44030762,torque,figure8,-1.50040257,1.30450511,-1.719084501,-1.52596097,1.450466233,-2,-0.9701158404,0.4463009536,-0.01227004919,-0.8911185282,0.3440634268,0,0.3176025801,0.1297830549,6.746657685,0.03918545693,0.3853557706,0.01254429854,-0.2373731312,1.042990053,0.002093951321,0.6886448439,-0.03311128812,0.09723660774,-0.02820589884,1,0,0,0
15.47029424,13.45021248,torque,figure8,-1.515060902,1.308740258,-1.719310999,-1.534772189,1.453816458,-2,-0.968746841,0.4493080974,-0.0151385814,-0.8880490142,0.33241291,0,0.3165785113,0.1428488737,5.843476549,-0.03358153254,1.697642684,0.00120183127,-0.3032815872,0.9860347092,-0.001495858954,0.6893798486,-0.03775034871,-0.09069142454,-0.03357830988,1,0,0,0
15.48041129,13.46032953,torque,figure8,-1.515060902,1.308740258,-1.719310999,-1.543740692,1.457119185,-2,-0.968746841,0.4493080974,-0.0151385814,-0.8848955288,0.3204855399,0,0.3187870004,0.1544521625,5.920010233,-0.03358153254,1.697642684,0.00120183127,-0.2119317707,0.976898856,-0.000444655356,0.6893675328,-0.01556306643,-0.09984162305,-0.0133530744,1,0,0,0
15.49031448,13.47023273,torque,figure8,-1.537011147,1.315048695,-1.719723463,-1.552488625,1.460235097,-2,-0.9652724266,0.4432283938,-0.01664520428,-0.8817909399,0.3087845584,0,0.3160278168,0.1591268875,2.875246276,-0.1337884367,3.027201653,-0.01147538982,-0.3383494923,0.565139037,-0.009976022543,0.6919779066,-0.03261201074,-0.336974749,-0.05608403889,1,0,0,0
15.50040102,13.48031926,torque,figure8,-1.537011147,1.315048695,-1.719723463,-1.561366818,1.463289454,-2,-0.9652724266,0.4432283938,-0.01664520428,-0.8786108728,0.2968417405,0,0.3179991488,0.1709278795,2.89092722,-0.1337884367,3.027201653,-0.01147538982,-0.2387663643,0.5613574061,-0.003451307726,0.6920622648,-0.00776002835,-0.3434439451,-0.004529662428,1,0,0,0
15.51037741,13.49029565,torque,figure8,-1.551597953,1.319150805,-1.720010281,-1.570116417,1.466191839,-2,-0.9614844322,0.4288442731,-0.01575907506,-0.8754477275,0.2850052771,0,0.31679369,0.1683458338,1.833860638,-0.2058032006,3.20839262,-0.01673867926,-0.2764138076,0.1357435582,-0.008745081032,0.6927649717,-0.008500863274,-0.429784842,-0.02544867373,1,0,0,0
15.52039886,13.5003171,torque,figure8,-1.551597953,1.319150805,-1.720010281,-1.578873675,1.46898833,-2,-0.9614844322,0.4288442731,-0.01575907506,-0.8722525312,0.2730922202,0,0.3187310652,0.1801926263,1.668691686,-0.2058032006,3.20839262,-0.01673867926,-0.1877101021,0.1564097825,0.0001816966502,0.6929296526,0.01267884079,-0.4275790419,0.02914367209,1,0,0,0
15.5303576,13.51027584,torque,figure8,-1.573366642,1.324798107,-1.720471144,-1.587544332,1.471648946,-2,-0.9530597925,0.3900797665,-0.01904569007,-0.8690597543,0.261231694,0,0.3160736579,0.1549857107,4.907083441,-0.2599652112,2.421840906,-0.01405291166,-0.2741617713,-0.5514151926,-0.01404759811,0.6893944279,-0.004477073122,-0.4258972159,-0.04368675066,1,0,0,0
15.54040027,13.52031851,torque,figure8,-1.573366642,1.324798107,-1.720471144,-1.596255769,1.474212262,-2,-0.9530597925,0.3900797665,-0.01904569007,-0.8658223969,0.2492499692,0,0.3177811878,0.1667517116,4.737648025,-0.2599652112,2.421840906,-0.01405291166,-0.1799412637,-0.4793393877,-0.0003509985087,0.6896677478,0.01859514525,-0.4066943753,0.02104143361,1,0,0,0
15.55036116,13.5302794,torque,figure8,-1.587786198,1.328066826,-1.720839024,-1.604864065,1.476635741,-2,-0.9456682801,0.3558057845,-0.02011146583,-0.8625939338,0.2373456953,0,0.3166942167,0.1460774137,6.464888968,-0.2417841256,1.327164292,-0.005435988773,-0.2000258785,-0.8579371745,-0.005785668914,0.68691238,0.008114362449,-0.3156742602,-0.01084431893,1,0,0,0
15.56038618,13.54030442,torque,figure8,-1.587786198,1.328066826,-1.720839024,-1.613495231,1.478955002,-2,-0.9456682801,0.3558057845,-0.02011146583,-0.8593271851,0.2253455168,0,0.3183693561,0.1577312181,6.301982302,-0.2417841256,1.327164292,-0.005435988773,-0.1172346522,-0.7575011299,0.007268903029,0.6872331657,0.02753970152,-0.2879577173,0.03762332728,1,0,0,0
15.57030439,13.55022264,torque,figure8,-1.609215617,1.33192873,-1.72140789,-1.622002122,1.481131076,-2,-0.9329922199,0.2998235226,-0.01838871092,-0.8560780316,0.2134551385,0,0.3162884732,0.1171043758,6.968565071,-0.1460511535,-0.6468558311,0.009699114598,-0.1934252447,-1.125566564,-0.006273341231,0.6859376204,-0.007979876314,-0.08896830422,-0.019925742,1,0,0,0
15.58039379,13.56031203,torque,figure8,-1.609215617,1.33192873,-1.72140789,-1.630622686,1.483223617,-2,-0.9329922199,0.2998235226,-0.01838871092,-0.8527553022,0.2013420915,0,0.3177451323,0.1283538076,6.804356422,-0.1460511535,-0.6468558311,0.009699114598,-0.1071226721,-0.9720403203,0.00662340909,0.6862664083,0.01290360928,-0.04490242844,0.01195576608,1,0,0,0
15.59032249,13.57024074,torque,figure8,-1.623353004,1.33380878,-1.721747398,-1.639073137,1.48516344,-2,-0.9243374467,0.2648926377,-0.01592117734,-0.8494683329,0.1894057571,0,0.3171432895,0.1075041266,5.744843384,-0.07938698679,-1.836359739,0.01903099753,-0.1375049433,-0.9622446667,0.002425153298,0.6878489212,-0.005606665388,0.111055146,-0.006259289929,1,0,0,0
15.60040021,13.58031845,torque,figure8,-1.623353004,1.33380878,-1.721747398,-1.647616953,1.487011104,-2,-0.9243374467,0.2648926377,-0.01592117734,-0.8461146917,0.1772748192,0,0.3185658513,0.1185291753,5.57605413,-0.07938698679,-1.836359739,0.01903099753,-0.06143389673,-0.8101281095,0.01188286163,0.6881410996,0.01204180526,0.1529165188,0.005202622167,1,0,0,0
15.61035585,13.5902741,torque,figure8,-1.644342184,1.335753918,-1.722183466,-1.656024007,1.488716275,-2,-0.9123274684,0.2240792215,-0.009595612064,-0.8427845863,0.1652764988,0,0.3173578016,0.09157537016,2.658779245,-0.01356211677,-2.761065722,0.02487782389,-0.1540346269,-0.6028409077,0.003194344395,0.6917802744,-0.02077189243,0.2861212809,-0.006507498264,1,0,0,0
15.62036538,13.60028362,torque,figure8,-1.644342184,1.335753918,-1.722183466,-1.664443055,1.490310184,-2,-0.9123274684,0.2240792215,-0.009595612064,-0.8394194046,0.1531998654,0,0.3185493858,0.1021349336,2.472734566,-0.01356211677,-2.761065722,0.02487782389,-0.07399525749,-0.4418540073,0.009041759807,0.6919662867,-0.001535231949,0.3297870602,-0.01323163329,1,0,0,0
15.63032794,13.61024618,torque,figure8,-1.658174157,1.336414337,-1.722388268,-1.672789065,1.491776521,-2,-0.9051775336,0.2060195506,-0.006875356194,-0.8360531027,0.1411675531,0,0.3184639346,0.09503283144,0.8313262875,0.006200347561,-2.775248766,0.0266793184,-0.1156481813,-0.1476647072,0.006236248986,0.6930914771,-0.01477617574,0.3653297905,-0.01456200561,1,0,0,0
15.64036894,13.62028718,torque,figure8,-1.658174157,1.336414337,-1.722388268,-1.681166768,1.493133052,-2,-0.9051775336,0.2060195506,-0.006875356194,-0.832643294,0.1290290242,0,0.3196211658,0.1060001302,0.7543880037,0.006200347561,-2.775248766,0.0266793184,-0.04408857444,-0.01804701816,0.009097242034,0.6931978259,0.001659301636,0.3974142751,-0.02719741674,1,0,0,0
15.65035129,13.63026953,torque,figure8,-1.678740859,1.337044477,-1.722706079,-1.689461513,1.494360789,-2,-0.8957929015,0.1928230077,-0.01224673353,-0.8292365515,0.1169509513,0,0.3189910227,0.1016675915,3.401775348,0.03154266998,-1.787752867,0.01915121637,-0.1496912836,0.3625115365,0.005402521461,0.6906280708,-0.02673278422,0.3008938622,-0.008994445289,1,0,0,0
15.66037297,13.64029121,torque,figure8,-1.678740859,1.337044477,-1.722706079,-1.697754654,1.495472035,-2,-0.8957929015,0.1928230077,-0.01224673353,-0.8257995518,0.1048157862,0,0.3199261377,0.1131119911,3.532816816,0.03154266998,-1.787752867,0.01915121637,-0.07235955954,0.4638901752,0.005747510428,0.6906345162,-0.00821569014,0.3233427705,-0.0223307877,1,0,0,0
15.67036676,13.65028501,torque,figure8,-1.692332506,1.337254167,-1.723010302,-1.705990326,1.496459037,-2,-0.8902837634,0.1905571967,-0.01922027394,-0.8223553938,0.09270590665,0,0.3197749516,0.1206588467,4.583538748,0.05553502589,-0.6733148694,0.01063746028,-0.1239029613,0.6532754206,0.004443544502,0.6880488875,-0.02331784446,0.1929581272,-0.01243714244,1,0,0,0
15.68039608,13.66031432,torque,figure8,-1.692332506,1.337254167,-1.723010302,-1.714220586,1.497327839,-2,-0.8902837634,0.1905571967,-0.01922027394,-0.8188822724,0.08054544213,0,0.3206648742,0.1325525481,4.729024334,0.05553502589,-0.6733148694,0.01063746028,-0.05352609579,0.7215120071,0.004439809769,0.6880262903,-0.007049739673,0.2046432702,-0.01717803801,1,0,0,0
15.69035578,13.67027402,torque,figure8,-1.712547064,1.337409496,-1.723631144,-1.722359162,1.498069883,-2,-0.8826414943,0.1889015287,-0.024534069,-0.8154167529,0.06846289261,0,0.319824611,0.1400947946,4.261709815,0.08403410017,1.079653859,-0.00239213719,-0.1733574387,0.699834862,0.001946153951,0.687160894,-0.03794712842,-0.04420799461,-0.0139882753,1,0,0,0
15.70037651,13.68029475,torque,figure8,-1.712547064,1.337409496,-1.723631144,-1.730512696,1.498694998,-2,-0.8826414943,0.1889015287,-0.024534069,-0.8119134659,0.05630074912,0,0.3204926239,0.1522739022,4.403795093,0.08403410017,1.079653859,-0.00239213719,-0.09632099288,0.7477514772,0.003256812464,0.6871680565,-0.01929809996,-0.03854117537,-0.001451615501,1,0,0,0
15.71035647,13.69027472,torque,figure8,-1.725929856,1.337508678,-1.724064112,-1.738598084,1.499196417,-2,-0.8776595592,0.1843954772,-0.02277517132,-0.8084080232,0.0441835349,0,0.3200687787,0.1580312388,2.999997279,0.07634434104,1.99370563,-0.009141765535,-0.1536267699,0.561377402,0.001320058146,0.6887174643,-0.03082273634,-0.193642554,-0.005921902027,1,0,0,0
15.72038031,13.70029855,torque,figure8,-1.725929856,1.337508678,-1.724064112,-1.746683716,1.499578292,-2,-0.8776595592,0.1843954772,-0.02277517132,-0.8048707593,0.03200947032,0,0.3206834838,0.1704066105,3.128277889,0.07634434104,1.99370563,-0.009141765535,-0.08352822721,0.6054705102,0.004259233524,0.6887886841,-0.01445745515,-0.188380975,0.01631356815,1,0,0,0
15.73036957,13.71028781,torque,figure8,-1.739203691,1.337396502,-1.72446084,-1.754706106,1.499837437,-2,-0.8723834157,0.1740813851,-0.01973105595,-0.8013294031,0.01987479947,0,0.3202330566,0.1709317359,1.339756562,0.05798274651,2.573264837,-0.01239601523,-0.1453601645,0.2828175329,0.002228227544,0.6903242165,-0.02609233258,-0.3175819189,0.003736651033,1,0,0,0
15.74039173,13.72030997,torque,figure8,-1.739203691,1.337396502,-1.72446084,-1.762719288,1.49997561,-2,-0.8723834157,0.1740813851,-0.01973105595,-0.7977601106,0.007698547232,0,0.3207908633,0.1834153783,1.361288869,0.05798274651,2.573264837,-0.01239601523,-0.07920242707,0.3358279239,0.006975623137,0.6904861117,-0.01090312319,-0.3086847961,0.03327053493,1,0,0,0
15.75036478,13.73028302,torque,figure8,-1.759002209,1.336969256,-1.724943399,-1.770657611,1.499991965,-2,-0.8633718491,0.1451065987,-0.01472256519,-0.7941922023,-0.004418657886,0,0.3199505985,0.1654097332,3.216912455,0.02183516882,2.524878263,-0.008994502015,-0.1989624716,-0.3120055103,-0.001711373994,0.6904524617,-0.03315208952,-0.4027272718,-0.02144004286,1,0,0,0
15.76038623,13.74030447,torque,figure8,-1.759002209,1.336969256,-1.724943399,-1.778598535,1.499886674,-2,-0.8633718491,0.1451065987,-0.01472256519,-0.7905908667,-0.01659430734,0,0.320284615,0.177935405,3.003080396,0.02183516882,2.524878263,-0.008994502015,-0.124516082,-0.2210840139,0.006847039224,0.6907608082,-0.01506611691,-0.3809178282,0.0221913086,1,0,0,0
15.77030993,13.75022817,torque,figure8,-1.77861762,1.335836291,-1.725320339,-1.786426358,1.499662178,-2,-0.852728188,0.1004297584,-0.01265020762,-0.7870088154,-0.02864986555,0,0.3199200113,0.145398119,6.108789576,0.02631086484,1.526295066,0.002951737726,-0.2342301068,-0.8692354567,-0.004868709925,0.6876574604,-0.04039822018,-0.3508735649,-0.03798262936,1,0,0,0
15.78039813,13.76031637,torque,figure8,-1.77861762,1.335836291,-1.725320339,-1.794347429,1.499311344,-2,-0.852728188,0.1004297584,-0.01265020762,-0.7833512965,-0.0409029253,0,0.3200319295,0.1579497019,5.898783591,0.02631086484,1.526295066,0.002951737726,-0.1551731794,-0.7277764291,0.00616359819,0.6880815106,-0.02078391644,-0.3128220381,0.006151057578,1,0,0,0
15.79033852,13.77025676,torque,figure8,-1.785111308,1.335261106,-1.725443363,-1.802116266,1.498844759,-2,-0.8489434123,0.08282783628,-0.01292378549,-0.779731579,-0.05297315131,0,0.3200470696,0.1529680043,6.453438506,0.03063703328,1.025725007,0.006766309962,-0.1501526269,-0.8310797223,0.008188440016,0.6871401429,-0.02008575169,-0.2565002198,0.008338840844,1,0,0,0
15.80037999,13.78029823,torque,figure8,-1.791577339,1.334539652,-1.725557089,-1.809927496,1.49825163,-2,-0.8451173902,0.06450152397,-0.0132934982,-0.7760592101,-0.06516181836,0,0.3200894431,0.1475070563,6.766800775,0.02019922063,0.4655738175,0.007752656937,-0.1459722441,-0.8999492985,0.01007867255,0.6864536784,-0.01771650669,-0.186770748,0.01103187952,1,0,0,0
15.81035638,13.79027462,torque,figure8,-1.810850739,1.331672072,-1.725868702,-1.817651498,1.497541167,-2,-0.8340753317,0.01093441434,-0.009492143057,-0.7723949531,-0.07726621097,0,0.3204789781,0.108045917,6.563092434,-0.06671759486,-1.248163104,0.01331882272,-0.2462773345,-1.154440206,0.0003424426119,0.6869765405,-0.02946840382,-0.01113181838,-0.01534592321,1,0,0,0
15.8203764,13.80029464,torque,figure8,-1.810850739,1.331672072,-1.725868702,-1.825372406,1.496706076,-2,-0.8340753317,0.01093441434,-0.009492143057,-0.7686990015,-0.08941726943,0,0.3203046512,0.1201441874,6.348040715,-0.06671759486,-1.248163104,0.01331882272,-0.1668103324,-0.9513462952,0.009399795998,0.6874056791,-0.009370852884,0.04537526188,0.001792340043,1,0,0,0
15.83033395,13.81025219,torque,figure8,-1.823603511,1.329091668,-1.725967407,-1.833008415,1.495755608,-2,-0.8270592093,-0.02028115466,-0.004302917514,-0.765010608,-0.1014853752,0,0.3208725337,0.1022871911,4.919887475,-0.114866972,-2.197687864,0.01675441116,-0.2009386943,-0.875079146,0.006860720015,0.6900984788,-0.01181319304,0.1768778969,-0.003623740399,1,0,0,0
15.84037662,13.82029486,torque,figure8,-1.823603511,1.329091668,-1.725967407,-1.840672418,1.494675342,-2,-0.8270592093,-0.02028115466,-0.004302917514,-0.7612751292,-0.1136483789,0,0.3206293226,0.1142956642,4.698640342,-0.114866972,-2.197687864,0.01675441116,-0.1300055264,-0.6892503729,0.01308146671,0.6904594388,0.005353346293,0.2259001224,-0.000481976109,1,0,0,0
15.85035634,13.83027458,torque,figure8,-1.836278319,1.326169491,-1.726009369,-1.848251148,1.493480889,-2,-0.8203957081,-0.045053076,0.0003260459926,-0.7575476607,-0.1257259558,0,0.3212589586,0.1022648371,2.609406273,-0.1585485041,-2.759733915,0.01931729913,-0.1620890714,-0.4943057987,0.01003191389,0.6930474753,0.001485336098,0.3179986365,-0.005310321835,1,0,0,0
15.86037087,13.84028912,torque,figure8,-1.836278319,1.326169491,-1.726009369,-1.855818841,1.492161158,-2,-0.8203957081,-0.045053076,0.0003260459926,-0.7537918327,-0.1378354624,0,0.3209453713,0.1142136321,2.381109669,-0.1585485041,-2.759733915,0.01931729913,-0.09670391105,-0.3289098077,0.0138974216,0.6933074585,0.01689945961,0.3593607622,-0.01052408697,1,0,0,0
15.87035918,13.85027742,torque,figure8,-1.855138183,1.321055293,-1.725928545,-1.863329174,1.490724142,-2,-0.8107838631,-0.06780874729,0.002127114218,-0.7500305918,-0.1499021043,0,0.3224434418,0.1021508877,1.625263011,-0.1827138364,-2.557164907,0.01826273836,-0.1640171696,0.01076320059,0.01069634319,0.6939751313,0.0005348509226,0.3551510387,0.0002044775327,1,0,0,0
15.88037658,13.86029482,torque,figure8,-1.855138183,1.321055293,-1.725928545,-1.87082357,1.48916195,-2,-0.8107838631,-0.06780874729,0.002127114218,-0.746243179,-0.1619917181,0,0.321902224,0.1141948182,1.750555779,-0.1827138364,-2.557164907,0.01826273836,-0.09313502083,0.1648079375,0.01198272782,0.6940714564,0.01786201567,0.3923800705,-0.01183879596,1,0,0,0
15.89036083,13.87027907,torque,figure8,-1.873828888,1.315595508,-1.725832462,-1.878255344,1.487484484,-2,-0.801561594,-0.07509343326,-0.003926265053,-0.7424532069,-0.1740282357,0,0.3236251728,0.1153139719,4.10651301,-0.1679309309,-1.333809853,0.0116933994,-0.1484127573,0.4829028715,0.0122005617,0.6911993783,-0.0005300579671,0.2546358117,0.004607736674,1,0,0,0
15.90038562,13.88030386,torque,figure8,-1.873828888,1.315595508,-1.725832462,-1.885679142,1.48567937,-2,-0.801561594,-0.07509343326,-0.003926265053,-0.7386327709,-0.1860994768,0,0.3228572247,0.1276628138,4.2995978,-0.1679309309,-1.333809853,0.0116933994,-0.07607871338,0.60354389,0.01190603,0.691182092,0.01726276489,0.2806747791,-0.00418412603,1,0,0,0
15.91036272,13.89028096,torque,figure8,-1.886198044,1.311972737,-1.725860596,-1.893029527,1.483762767,-2,-0.7954064012,-0.07474423945,-0.01029533707,-0.7348155825,-0.1980982607,0,0.3235906311,0.1378167473,4.878817982,-0.1402099878,-0.1575207561,0.006245450117,-0.09247819734,0.729948276,0.01227986408,0.6891955562,0.007485386305,0.1325457213,0.001958241324,1,0,0,0
15.92038155,13.90029979,torque,figure8,-1.886198044,1.311972737,-1.725860596,-1.900372252,1.481717764,-2,-0.7954064012,-0.07474423945,-0.01029533707,-0.7309675261,-0.2101311482,0,0.3227486563,0.1502929727,5.083499936,-0.1402099878,-0.1575207561,0.006245450117,-0.02947962237,0.8154255172,0.01224998519,0.6891570802,0.02220295581,0.1474097119,0.001915731698,1,0,0,0
15.93030524,13.91022348,torque,figure8,-1.892349362,1.310116291,-1.725891113,-1.907607179,1.479573417,-2,-0.7922853231,-0.07430261374,-0.0128388023,-0.72714136,-0.2220329441,0,0.3226208304,0.1619654941,5.061905941,-0.1199828014,0.4622040987,0.002490342595,-0.01708284956,0.8507725533,0.01275200456,0.6887273743,0.0204951027,0.06470114445,0.008698249777,1,0,0,0
15.94037676,13.920295,torque,figure8,-1.904595613,1.306490421,-1.72599411,-1.914910978,1.477276457,-2,-0.7856714129,-0.07494135946,-0.01459209062,-0.7232433749,-0.2340939109,0,0.3230379302,0.1715800795,4.005169016,-0.07936510444,1.597188473,-0.002472999506,-0.04186871535,0.7301747835,0.01358926639,0.6894491858,0.007124082861,-0.1133104739,0.01182514173,1,0,0,0
15.95035601,13.93027425,torque,figure8,-1.916766286,1.302901983,-1.726090193,-1.922109071,1.474880826,-2,-0.7785257101,-0.08016608655,-0.01328249555,-0.7193664476,-0.2460254165,0,0.3234684684,0.1765943384,2.022601652,-0.0333336927,2.468147516,-0.005151427351,-0.06321539201,0.4575585171,0.0132041659,0.6911143514,-0.004828617388,-0.2758066855,0.00482071384,1,0,0,0
15.96037221,13.94029045,torque,figure8,-1.916766286,1.302901983,-1.726090193,-1.929294842,1.472356693,-2,-0.7785257101,-0.08016608655,-0.01328249555,-0.7154605762,-0.2579811498,0,0.3223328182,0.1891344297,2.228188524,-0.0333336927,2.468147516,-0.005151427351,-0.003702822742,0.5275077598,0.01673020222,0.6912385418,0.009073227868,-0.264187755,0.02922343085,1,0,0,0
15.97036958,13.95028782,torque,figure8,-1.934851408,1.297381878,-1.726174593,-1.936428017,1.469717996,-2,-0.7663853765,-0.1015522331,-0.01050051395,-0.7115475554,-0.2698934963,0,0.3235468697,0.1773590379,1.948685777,0.01746998914,2.848113775,-0.001141126966,-0.07567348799,-0.1305067677,0.01203030724,0.6918417744,-0.01493511283,-0.4189713711,-0.008935691864,1,0,0,0
15.98038101,13.96029925,torque,figure8,-1.934851408,1.297381878,-1.726174593,-1.943531953,1.466956352,-2,-0.7663853765,-0.1015522331,-0.01050051395,-0.7076145973,-0.2818007077,0,0.3221974671,0.1898783239,1.714431031,0.01746998914,2.848113775,-0.001141126966,-0.0153042354,-0.02999809952,0.0188274581,0.6921533298,-0.0006383933401,-0.3965422121,0.0272897507,1,0,0,0
15.99036288,13.97028112,torque,figure8,-1.946812153,1.293476224,-1.726206541,-1.95057564,1.464084296,-2,-0.7574090362,-0.1259059757,-0.009913761169,-0.7036789547,-0.2936499812,0,0.3226207312,0.176417844,4.274426459,0.06638709456,2.428951502,0.005297163036,-0.05354235293,-0.4881471731,0.01587331676,0.6904282059,-0.01589521709,-0.4109505641,0.00342409424,1,0,0,0
16.0003829,13.98030114,torque,figure8,-1.946812153,1.293476224,-1.726206541,-1.957606663,1.461082425,-2,-0.7574090362,-0.1259059757,-0.009913761169,-0.6997139924,-0.3055207016,0,0.3212027682,0.1889138706,4.040523496,0.06638709456,2.428951502,0.005297163036,-0.0002142961327,-0.3682973694,0.02336358385,0.6908594564,-0.003797198862,-0.3821636569,0.03524505831,1,0,0,0
16.01036716,13.9902854,torque,figure8,-1.964508891,1.286945105,-1.72628355,-1.964573004,1.457973082,-2,-0.7429115772,-0.1752035767,-0.01375761908,-0.6957490315,-0.3173243416,0,0.3227557407,0.1503725029,6.83986628,0.132689327,1.001374245,0.01906990632,-0.09740745535,-1.027587175,0.01337441487,0.6859645195,-0.03388832338,-0.3011097503,-0.01728227724,1,0,0,0
16.02037954,14.00029778,torque,figure8,-1.964508891,1.286945105,-1.72628355,-1.971519149,1.454736757,-2,-0.7429115772,-0.1752035767,-0.01375761908,-0.6917587944,-0.3291355101,0,0.3211290662,0.1627910299,6.602055202,0.132689327,1.001374245,0.01906990632,-0.04004608794,-0.848774338,0.02235861248,0.6865082635,-0.02016048662,-0.2531346677,0.01114058545,1,0,0,0
16.03036952,14.01028776,torque,figure8,-1.976145148,1.282027721,-1.726380825,-1.978409859,1.451389947,-2,-0.7333490252,-0.2117437571,-0.01518547535,-0.6877634931,-0.3408936055,0,0.3218014064,0.1377981231,7.126573754,0.181537196,-0.2357915193,0.03000193648,-0.09630414253,-1.08842667,0.01790505083,0.6849246833,-0.03838001872,-0.1285089782,-0.01090027242,1,0,0,0
16.04037642,14.02029467,torque,figure8,-1.976145148,1.282027721,-1.726380825,-1.98527216,1.447919841,-2,-0.7333490252,-0.2117437571,-0.01518547535,-0.6837474873,-0.3526439971,0,0.3201108411,0.1501458919,6.884613587,0.181537196,-0.2357915193,0.03000193648,-0.04389815167,-0.9009501422,0.02539460431,0.6854829229,-0.02612518738,-0.07895600744,0.004180094636,1,0,0,0
16.05035853,14.03027678,torque,figure8,-1.993354201,1.273713946,-1.726529598,-1.99207735,1.444341327,-2,-0.7206301093,-0.2624267638,-0.01172581781,-0.6797276189,-0.3643367766,0,0.3223373915,0.1104362225,5.759255978,0.2140646279,-1.921145916,0.03924403712,-0.1677763784,-1.057132923,0.01666558467,0.6871506709,-0.05627264463,0.09991484544,-0.01165382811,1,0,0,0
16.06037354,14.04029179,torque,figure8,-1.993354201,1.273713946,-1.726529598,-1.998864576,1.440633868,-2,-0.7206301093,-0.2624267638,-0.01172581781,-0.6756807178,-0.3760385443,0,0.3204351497,0.1227419214,5.50961709,0.2140646279,-1.921145916,0.03924403712,-0.1086525158,-0.8323034489,0.02210035848,0.687627673,-0.0415932942,0.1607300437,-0.0134471828,1,0,0,0
16.07036686,14.0502851,torque,figure8,-2.004675388,1.267619729,-1.726572275,-2.005596632,1.43681778,-2,-0.7136670351,-0.2891535163,-0.006652178708,-0.6716289045,-0.3876845112,0,0.3215455642,0.1073303911,3.681003853,0.1928141415,-2.617244959,0.04326445982,-0.1758778745,-0.6838202054,0.0193391348,0.6904217176,-0.05192531709,0.2653401589,-0.01412499306,1,0,0,0
16.08038473,14.06030297,torque,figure8,-2.004675388,1.267619729,-1.726572275,-2.012304522,1.43287566,-2,-0.7136670351,-0.2891535163,-0.006652178708,-0.6675535022,-0.3993276196,0,0.3195785461,0.1196204098,3.426175868,0.1928141415,-2.617244959,0.04326445982,-0.1206956186,-0.4840619968,0.02219305884,0.6907949236,-0.03858015099,0.3163868173,-0.02531483144,1,0,0,0
16.09037232,14.07029057,torque,figure8,-2.021478176,1.257793307,-1.72655201,-2.018951428,1.428829505,-2,-0.7053494453,-0.3154206276,-0.002172179054,-0.6634769129,-0.4109032235,0,0.322542352,0.1042830449,1.532886014,0.1049593166,-2.747038364,0.03958672658,-0.2441228586,-0.1917635655,0.01938783323,0.6926883571,-0.05226426485,0.3479408609,-0.003536674168,1,0,0,0
16.10039091,14.08030915,torque,figure8,-2.021478176,1.257793307,-1.72655201,-2.025577989,1.424654808,-2,-0.7053494453,-0.3154206276,-0.002172179054,-0.6593742084,-0.4224813938,0,0.320364437,0.1165351812,1.514767532,0.1049593166,-2.747038364,0.03958672658,-0.1809075693,0.0002103029032,0.01913180728,0.6928726487,-0.03625615273,0.3957829814,-0.02445089376,1,0,0,0
16.11037111,14.09028935,torque,figure8,-2.027041912,1.254414916,-1.726536512,-2.032138227,1.420380946,-2,-0.7030306458,-0.3203935325,-0.003031066153,-0.6552738978,-0.4339810536,0,0.3199265142,0.1232559098,2.295609334,0.07472649217,-2.518342495,0.03731247038,-0.1850779873,0.216311635,0.01799589724,0.6924488842,-0.03230968057,0.3958670888,-0.02702754308,1,0,0,0
16.12039948,14.10031772,torque,figure8,-2.032592535,1.251024127,-1.726531982,-2.038688836,1.415971034,-2,-0.7009586692,-0.3236303926,-0.004599682055,-0.6511404883,-0.4455009377,0,0.3194204182,0.1317400395,3.259565052,0.0455050841,-2.167756557,0.03360654786,-0.1888386208,0.4144296251,0.01671878303,0.6916238265,-0.02856192731,0.3752694441,-0.02734994511,1,0,0,0
16.13046193,14.11038017,torque,figure8,-2.038113356,1.247523189,-1.726539373,-2.045219986,1.411430196,-2,-0.699041903,-0.3253855109,-0.00709626032,-0.6469796981,-0.4570235098,0,0.3188992407,0.1417370553,4.133422641,0.01528318226,-1.720008016,0.03003642894,-0.1914403884,0.5863002973,0.01541902964,0.6904729139,-0.02457118052,0.3364659108,-0.02693689228,1,0,0,0
16.14038014,14.12029839,torque,figure8,-2.049112797,1.240566134,-1.726634502,-2.051616477,1.406841169,-2,-0.6955216527,-0.3257159591,-0.01394594274,-0.6428655701,-0.4683442322,0,0.3199724218,0.1526760513,5.043637945,-0.04058422148,-0.5873667002,0.02173493244,-0.2430721856,0.7296762861,0.0144106149,0.688006434,-0.02843431213,0.1924834053,-0.01769764362,1,0,0,0
16.15036297,14.13028121,torque,figure8,-2.060053349,1.233614802,-1.726814508,-2.058013368,1.402109052,-2,-0.6921080947,-0.3246179223,-0.01833240688,-0.6387117096,-0.4797010175,0,0.3209747445,0.1650394422,4.902831347,-0.08359898627,0.6477070451,0.01382056717,-0.2774730311,0.7411310344,0.01261059083,0.687187624,-0.02968277149,0.01926926121,-0.02213418981,1,0,0,0
16.16037965,14.14029789,torque,figure8,-2.060053349,1.233614802,-1.726814508,-2.06439021,1.397247131,-2,-0.6921080947,-0.3246179223,-0.01833240688,-0.6345308069,-0.4910573975,0,0.3184723854,0.1770686875,5.117645741,-0.08359898627,0.6477070451,0.01382056717,-0.21162339,0.8378814615,0.01178775063,0.6871966296,-0.01283820562,0.03656310066,-0.01801646391,1,0,0,0
16.17037535,14.15029359,torque,figure8,-2.070932865,1.22666657,-1.727026463,-2.070711883,1.392282196,-2,-0.6883159876,-0.3255745173,-0.01936174929,-0.6303458098,-0.5023502082,0,0.3192853531,0.1870429463,3.947710274,-0.1282049716,1.730367422,0.007118470967,-0.2450786552,0.6774508068,0.009405717207,0.6881526653,-0.01519799635,-0.1410465272,-0.02357296835,1,0,0,0
16.18043637,14.16035461,torque,figure8,-2.070932865,1.22666657,-1.727026463,-2.077032565,1.38717103,-2,-0.6883159876,-0.3255745173,-0.01936174929,-0.626120583,-0.5136757664,0,0.3167229706,0.1990608591,4.157375075,-0.1282049716,1.730367422,0.007118470967,-0.1856014099,0.7614988832,0.01018872324,0.6882339354,-0.0005930390358,-0.1270507869,-0.00869492304,1,0,0,0
16.1905036,14.17042184,torque,figure8,-2.081768513,1.219727397,-1.727224588,-2.083314526,1.381942873,-2,-0.6837510467,-0.3314985633,-0.01738761552,-0.621879907,-0.5249661466,0,0.3173683602,0.2038628777,2.26022072,-0.1755158156,2.508085728,0.001717884443,-0.2135225875,0.4476229525,0.007696031321,0.6900314255,-0.002450498158,-0.2851473344,-0.01661816487,1,0,0,0
16.2004168,14.18033504,torque,figure8,-2.087165594,1.216228843,-1.727304459,-2.0894586,1.376683844,-2,-0.6810635328,-0.336896807,-0.01536169369,-0.6176916371,-0.5360416884,0,0.3164078436,0.2095487117,1.447424544,-0.1923196614,2.746093035,-0.002353613032,-0.192975631,0.2932812237,0.00776815437,0.6909610362,0.004054670622,-0.3405350901,-0.006762965007,1,0,0,0
16.21033931,14.19025755,torque,figure8,-2.092538834,1.212699413,-1.727381229,-2.095566799,1.371310144,-2,-0.6781243086,-0.3442466855,-0.01325648371,-0.6134871294,-0.5470848897,0,0.3154164334,0.2133003431,1.368905896,-0.2089418918,2.890674829,-0.003355807858,-0.1738164519,0.1166005165,0.008179951158,0.6915816777,0.009822570378,-0.3861434799,0.0002857753339,1,0,0,0
16.22038221,14.20030046,torque,figure8,-2.10322094,1.205512047,-1.727487326,-2.101706571,1.365759881,-2,-0.671237886,-0.364715904,-0.008954086341,-0.609219149,-0.5582176607,0,0.3161405059,0.2033947621,3.635499766,-0.2394844443,2.832747698,-0.006187561899,-0.1809854323,-0.3682084123,0.004797231856,0.6912287259,0.009776904286,-0.4539500078,-0.01358121444,1,0,0,0
16.23037505,14.21029329,torque,figure8,-2.113795757,1.198031068,-1.72756052,-2.107773129,1.360126544,-2,-0.662714839,-0.3937990665,-0.009150865488,-0.6049600962,-0.5692496683,0,0.3170717358,0.1849385365,6.092233849,-0.244847402,2.218037128,-0.004900881555,-0.1761193741,-0.8418069286,0.001270802622,0.6882702095,0.009381727455,-0.4424736691,-0.02518808165,1,0,0,0
16.24039984,14.22031808,torque,figure8,-2.113795757,1.198031068,-1.72756052,-2.113816257,1.354364657,-2,-0.662714839,-0.3937990665,-0.009150865488,-0.6006751353,-0.5802706813,0,0.3141074049,0.1967341513,5.823877398,-0.244847402,2.218037128,-0.004900881555,-0.119394888,-0.6694890003,0.009587994373,0.6888692587,0.02321607606,-0.3979728017,0.01569538998,1,0,0,0
16.25037193,14.23029017,torque,figure8,-2.129390478,1.186022997,-1.727703094,-2.119784944,1.348523675,-2,-0.6476770043,-0.4482671916,-0.01111005433,-0.5964005682,-0.5911869061,0,0.3172449232,0.1522456929,8.165309547,-0.2673476934,0.4946421087,-0.006249974947,-0.1346241494,-1.32959602,0.001164997861,0.6840340766,0.01779550358,-0.2811827105,-0.01563549978,1,0,0,0
16.260396,14.24031425,torque,figure8,-2.129390478,1.186022997,-1.727703094,-2.125741719,1.342542778,-2,-0.6476770043,-0.4482671916,-0.01111005433,-0.5920916181,-0.6021120336,0,0.3140976917,0.1639554936,7.897578217,-0.2673476934,0.4946421087,-0.006249974947,-0.07992335123,-1.098196797,0.01052436008,0.6847182977,0.03115235319,-0.2180007378,0.01996436361,1,0,0,0
16.27037239,14.25029063,torque,figure8,-2.139589787,1.177373886,-1.727798223,-2.131627213,1.33648184,-2,-0.6365640163,-0.4864835441,-0.01106381044,-0.5877912034,-0.6129365359,0,0.3153926926,0.1359836545,7.915489156,-0.2463870496,-0.8746209741,5.269105532e-05,-0.06696166657,-1.291065102,0.008283447901,0.6841699933,0.02754641642,-0.07006343353,0.004458570405,1,0,0,0
16.28039408,14.26031232,torque,figure8,-2.139589787,1.177373886,-1.727798223,-2.137496175,1.330284903,-2,-0.6365640163,-0.4864835441,-0.01106381044,-0.5834593347,-0.6237604369,0,0.3122178236,0.1476057601,7.647506036,-0.2463870496,-0.8746209741,5.269105532e-05,-0.02192294121,-1.06093815,0.0159346123,0.6848305139,0.03789194288,-0.008989034705,0.02619787481,1,0,0,0
16.29036045,14.27027869,torque,figure8,-2.154524565,1.163396478,-1.727910757,-2.143289633,1.324014842,-2,-0.6195997596,-0.5362917185,-0.007550248411,-0.5791396065,-0.6344742744,0,0.3161598312,0.1064605304,5.587487409,-0.1655177325,-2.607838869,0.01133630238,-0.02720490592,-1.131844584,0.009197146093,0.687829691,0.0202892511,0.1835983084,-0.004885409612,1,0,0,0
16.30037618,14.28029442,torque,figure8,-2.154524565,1.163396478,-1.727910757,-2.149068348,1.317606417,-2,-0.6195997596,-0.5362917185,-0.007550248411,-0.5747867521,-0.6451897378,0,0.312798708,0.1179999597,5.320023505,-0.1655177325,-2.607838869,0.01133630238,0.0155147934,-0.8698437441,0.01526113636,0.6883329485,0.03017175865,0.2540518194,0.004608099503,1,0,0,0
16.31037045,14.29028869,torque,figure8,-2.164276123,1.153569698,-1.727924824,-2.154791167,1.311105003,-2,-0.6087294221,-0.5601456165,-0.003668961115,-0.5704315847,-0.6558299887,0,0.3145349552,0.1031294561,2.792657869,-0.08840798587,-3.227199078,0.01860089973,0.01977951984,-0.64103235,0.01259861855,0.6912062737,0.01767555355,0.3580662362,-0.00921914245,1,0,0,0
16.32039022,14.30030847,torque,figure8,-2.164276123,1.153569698,-1.727924824,-2.160484843,1.30448051,-2,-0.6087294221,-0.5601456165,-0.003668961115,-0.5660537183,-0.6664441344,0,0.3111484349,0.1146038911,2.528667669,-0.08840798587,-3.227199078,0.01860089973,0.0548791678,-0.4154468532,0.01648564175,0.6915527401,0.02523281884,0.4149974398,-0.008411065421,1,0,0,0
16.3303237,14.31024194,torque,figure8,-2.178497553,1.138149261,-1.727885008,-2.166086118,1.297808364,-2,-0.593388319,-0.5791471601,-0.004104700871,-0.5617022017,-0.676913358,0,0.3157398324,0.1028546939,1.577343324,0.01727589965,-3.02243185,0.01949621364,0.02919754153,-0.03845189255,0.01130301248,0.6915985588,0.002782379736,0.4096917579,-0.01273912783,1,0,0,0
16.34039354,14.32031178,torque,figure8,-2.178497553,1.138149261,-1.727885008,-2.171720115,1.290938746,-2,-0.593388319,-0.5791471601,-0.004104700871,-0.5572794883,-0.6874710868,0,0.3121492097,0.1142574695,1.854461621,0.01727589965,-3.02243185,0.01949621364,0.06288678729,0.170207067,0.01302446931,0.6916970594,0.0100871615,0.4604604273,-0.01847231129,1,0,0,0
16.3503685,14.33028674,torque,figure8,-2.187752962,1.127674937,-1.727924585,-2.177257056,1.284029323,-2,-0.5841311812,-0.5811318159,-0.01141162682,-0.552887169,-0.6978736604,0,0.3139775297,0.121388104,4.067264106,0.08966381103,-2.128665209,0.01655952074,0.04373507061,0.476081226,0.01115229058,0.6884910918,-0.004511866685,0.3709098885,-0.01360047932,1,0,0,0
16.36039138,14.34030962,torque,figure8,-2.187752962,1.127674937,-1.727924585,-2.182776413,1.276982473,-2,-0.5841311812,-0.5811318159,-0.01141162682,-0.5484625278,-0.7082695586,0,0.3103909433,0.1325386121,4.343477506,0.08966381103,-2.128665209,0.01655952074,0.07276188362,0.6334942767,0.01177148102,0.6884659463,0.00149110805,0.4047889878,-0.0192197618,1,0,0,0
16.37036681,14.35028505,torque,figure8,-2.201340199,1.111967444,-1.72819376,-2.188225553,1.269865809,-2,-0.5718768239,-0.5744027495,-0.01814134233,-0.5440477532,-0.7185590234,0,0.314614875,0.1479344341,5.610495978,0.1744558215,-0.1835858971,0.006055758335,0.0134928509,0.8006787185,0.01034230921,0.6854434158,-0.02207279261,0.1445804456,-0.00175477988,1,0,0,0
16.3803823,14.36030054,torque,figure8,-2.201340199,1.111967444,-1.72819376,-2.193652214,1.262617599,-2,-0.5718768239,-0.5744027495,-0.01814134233,-0.5396042231,-0.7288315358,0,0.3108588204,0.1588045311,5.886200024,0.1744558215,-0.1835858971,0.006055758335,0.04360367018,0.9251234372,0.01021026123,0.6853531751,-0.01545244152,0.1683821433,-0.004703994037,1,0,0,0
16.39036703,14.37028527,torque,figure8,-2.210133791,1.101476312,-1.728461266,-2.199017856,1.25528953,-2,-0.5644571781,-0.5690460205,-0.0202962067,-0.5351634279,-0.7390135583,0,0.3122744855,0.1736635359,5.247940496,0.2157973349,1.227486014,-0.001326216385,0.003667251337,0.8662073957,0.009949075559,0.6856287667,-0.02851273842,-0.04100798002,0.004683858305,1,0,0,0
16.40038133,14.38029957,torque,figure8,-2.210133791,1.101476312,-1.728461266,-2.204354794,1.247837945,-2,-0.5644571781,-0.5690460205,-0.0202962067,-0.530698632,-0.7491657857,0,0.3085261883,0.1843765312,5.523421429,0.2157973349,1.227486014,-0.001326216385,0.03082996886,0.9640060975,0.0100751736,0.6855883698,-0.02267405789,-0.02486695707,0.006357529318,1,0,0,0
16.41037178,14.39029002,torque,figure8,-2.218826532,1.091115117,-1.728760719,-2.20963442,1.240303099,-2,-0.5572968125,-0.5674925447,-0.02152778022,-0.5262337267,-0.759233205,0,0.3096971043,0.1954298888,3.667821097,0.2369108647,2.424531221,-0.00735907536,-0.01898191617,0.7090811081,0.009940285327,0.687082302,-0.03484466505,-0.2328498644,0.01177939121,1,0,0,0
16.42038417,14.40030241,torque,figure8,-2.218826532,1.091115117,-1.728760719,-2.214880831,1.232651108,-2,-0.5572968125,-0.5674925447,-0.02152778022,-0.5217483478,-0.7692611448,0,0.3059718169,0.2060041423,3.940311955,0.2369108647,2.424531221,-0.00735907536,0.00718342984,0.7983942123,0.01065235917,0.6871612365,-0.02914194166,-0.2182249147,0.01793428951,1,0,0,0
16.43036485,14.41028309,torque,figure8,-2.231499195,1.075490236,-1.729252338,-2.220065877,1.224923734,-2,-0.5463292599,-0.5789796114,-0.01875958033,-0.5172666328,-0.7791951587,0,0.3094598314,0.20318175,0.918871088,0.2057511806,3.364508867,-0.008604667149,-0.08104762689,0.07237367304,0.00953015079,0.6890140445,-0.04118781921,-0.4636542135,0.006769304278,1,0,0,0
16.44039035,14.42030859,torque,figure8,-2.231499195,1.075490236,-1.729252338,-2.225229123,1.217062155,-2,-0.5463292599,-0.5789796114,-0.01875958033,-0.5127542862,-0.7891104897,0,0.3055915875,0.213621597,0.7169741134,0.2057511806,3.364508867,-0.008604667149,-0.05050479342,0.1917205037,0.01159089146,0.6893523121,-0.03389247288,-0.4379934635,0.02073023398,1,0,0,0
16.45037842,14.43029666,torque,figure8,-2.243840933,1.059556603,-1.729677439,-2.230328055,1.209131398,-2,-0.5342881083,-0.6116083264,-0.01753652841,-0.5082484091,-0.7989249167,0,0.3092402047,0.1899291993,5.426139713,0.1486826986,2.992202282,-0.005513251293,-0.1344974425,-0.7190317986,0.008547421716,0.6858815822,-0.04150819227,-0.5340670753,-0.002257962846,1,0,0,0
16.4603951,14.44031334,torque,figure8,-2.243840933,1.059556603,-1.729677439,-2.235396342,1.201079798,-2,-0.5342881083,-0.6116083264,-0.01753652841,-0.5037193136,-0.8087026199,0,0.305244841,0.2002202327,5.140569061,0.1486826986,2.992202282,-0.005513251293,-0.1004194304,-0.5454944431,0.01189601595,0.6864861019,-0.03298244517,-0.4901131855,0.01560271757,1,0,0,0
16.47037363,14.45029187,torque,figure8,-2.251897097,1.04848063,-1.729994297,-2.240400168,1.192961806,-2,-0.5255737305,-0.6451469064,-0.02055504173,-0.4991972904,-0.8183777391,0,0.3064474986,0.1764288745,7.622333441,0.1003311425,1.909758091,0.0003094635322,-0.1431947785,-1.069039786,0.01026232972,0.6818070821,-0.03422307469,-0.4273024536,0.001484937786,1,0,0,0
16.48039079,14.46030903,torque,figure8,-2.251897097,1.04848063,-1.729994297,-2.245377927,1.184715619,-2,-0.5255737305,-0.6451469064,-0.02055504173,-0.4946476401,-0.8280239192,0,0.3024988454,0.1866090421,7.335515571,0.1003311425,1.909758091,0.0003094635322,-0.1111858868,-0.8741854615,0.01352180735,0.6825339788,-0.02634971912,-0.3770035682,0.01488398155,1,0,0,0
16.49037433,14.47029257,torque,figure8,-2.26362896,1.030982256,-1.730536222,-2.250293585,1.176401298,-2,-0.5123218894,-0.7021816373,-0.01730385423,-0.4901032577,-0.8375707666,0,0.3064885926,0.1382870468,9.049834042,0.03986994177,-0.2047306597,0.00890122354,-0.1792648137,-1.510879071,0.01111005958,0.6792961106,-0.03220795566,-0.2107577452,-0.0002031804858,1,0,0,0
16.50039721,14.48031545,torque,figure8,-2.26362896,1.030982256,-1.730536222,-2.255182925,1.167958679,-2,-0.5123218894,-0.7021816373,-0.01730385423,-0.4855310182,-0.8470872115,0,0.3023980877,0.1483738508,8.761764449,0.03986994177,-0.2047306597,0.00890122354,-0.1433867142,-1.247895746,0.01382357734,0.6800700954,-0.02295466075,-0.1387453995,0.005468257652,1,0,0,0
16.51037908,14.49029732,torque,figure8,-2.27128315,1.018617749,-1.730837107,-2.260006666,1.159456147,-2,-0.5036981702,-0.7393748164,-0.0131913675,-0.4809676691,-0.8564962161,0,0.3039922312,0.1200337874,8.162183195,-0.003758823499,-1.631329656,0.01369803119,-0.1704459846,-1.371286187,0.01408392097,0.681578582,-0.02280604989,0.02427491021,0.004068035494,1,0,0,0
16.52040291,14.50032115,torque,figure8,-2.27128315,1.018617749,-1.730837107,-2.264804797,1.150823708,-2,-0.5036981702,-0.7393748164,-0.0131913675,-0.4763753712,-0.8658752121,0,0.2999484083,0.130088038,7.873438474,-0.003758823499,-1.631329656,0.01369803119,-0.1380228143,-1.115562769,0.01551929875,0.6822872708,-0.01470776466,0.09206462895,0.002139907141,1,0,0,0
16.53034949,14.51026773,torque,figure8,-2.275055885,1.01223743,-1.73096323,-2.269520402,1.14216521,-2,-0.4996164739,-0.7562301159,-0.01108931657,-0.4718088823,-0.8751122742,0,0.2988187632,0.1225936486,6.975031196,-0.02458579093,-2.232853413,0.01595510729,-0.1385401024,-1.014049073,0.01573760904,0.6840679339,-0.01219767403,0.1892465305,-0.001048492672,1,0,0,0
16.54040074,14.52031898,torque,figure8,-2.282526255,0.9991444945,-1.73115468,-2.274239441,1.133322625,-2,-0.4919005036,-0.7843644619,-0.005633073393,-0.4671847395,-0.8843752942,0,0.3005831796,0.1031734805,4.78068391,-0.06606464833,-3.103933334,0.01781542413,-0.1585944728,-0.8837663102,0.01614395742,0.687751533,-0.01178197346,0.308369697,0.002061875067,1,0,0,0
16.55037284,14.53029108,torque,figure8,-2.289849281,0.9855799079,-1.731261492,-2.278875337,1.124458025,-2,-0.4847666025,-0.8038586974,-0.001793577219,-0.4625875672,-0.8934938511,0,0.3027010813,0.09235576485,2.148441317,-0.112590313,-3.407332182,0.01820037328,-0.165758615,-0.5941865425,0.0175003901,0.6904006667,-0.007740734301,0.3803456961,0.007325978337,1,0,0,0
16.56038499,14.54030323,torque,figure8,-2.289849281,0.9855799079,-1.731261492,-2.283483688,1.115466701,-2,-0.4847666025,-0.8038586974,-0.001793577219,-0.4579625584,-0.9025766296,0,0.2985489667,0.1023078875,1.884278172,-0.112590313,-3.407332182,0.01820037328,-0.1330763379,-0.3426969462,0.01619576612,0.6907088668,0.000508046636,0.4447597717,-0.005409376325,1,0,0,0
16.5703845,14.55030274,torque,figure8,-2.30068469,0.9649278522,-1.731415749,-2.288039957,1.106396323,-2,-0.4751279652,-0.8158549666,-0.00506975688,-0.453334108,-0.9115747979,0,0.303826789,0.09830035987,2.468563533,-0.1560873836,-2.690523863,0.01799535565,-0.1536488946,0.03186446852,0.01819897872,0.6893666375,-0.0007471428378,0.3705134226,0.006295697487,1,0,0,0
16.58040643,14.56032467,torque,figure8,-2.30068469,0.9649278522,-1.731415749,-2.292559954,1.097215708,-2,-0.4751279652,-0.8158549666,-0.00506975688,-0.4486860742,-0.9205190545,0,0.2995055728,0.1080714917,2.722774638,-0.1560873836,-2.690523863,0.01799535565,-0.1201730535,0.2536546304,0.01598354117,0.689424246,0.00778129249,0.4244551725,-0.006017900015,1,0,0,0
16.59038591,14.57030416,torque,figure8,-2.307782888,0.9509227872,-1.731569767,-2.297014479,1.087985269,-2,-0.4690049589,-0.8143332601,-0.01215843763,-0.4440486548,-0.9293510232,0,0.301590571,0.1183204571,4.41976494,-0.1758048981,-1.594853759,0.01482521091,-0.1173876969,0.5059396919,0.01643350271,0.686354403,0.009200490078,0.3000409158,-0.0009995182238,1,0,0,0
16.60040021,14.58031845,torque,figure8,-2.307782888,0.9509227872,-1.731569767,-2.301437975,1.07863441,-2,-0.4690049589,-0.8143332601,-0.01215843763,-0.4393860579,-0.9381384365,0,0.2973302986,0.1278781788,4.69749699,-0.1758048981,-1.594853759,0.01482521091,-0.08895976532,0.6728095794,0.0146334972,0.6863065311,0.01609913387,0.3358659283,-0.007477163609,1,0,0,0
16.6103723,14.59029055,torque,figure8,-2.318273544,0.9300630093,-1.731992006,-2.305796388,1.069235888,-2,-0.4595756531,-0.8051334023,-0.02235565893,-0.4347342423,-0.9468130957,0,0.3022466781,0.1455678765,5.05401824,-0.1616836935,0.4360893071,0.007780967746,-0.09277131539,0.7100723261,0.01574275874,0.6832711869,0.009952518256,0.04521503537,0.000789336233,1,0,0,0
16.62039685,14.60031509,torque,figure8,-2.318273544,0.9300630093,-1.731992006,-2.310130926,1.059701128,-2,-0.4595756531,-0.8051334023,-0.02235565893,-0.4300491353,-0.9554565146,0,0.2978265076,0.1548180507,5.338403529,-0.1616836935,0.4360893071,0.007780967746,-0.06504270419,0.8471170034,0.01464560102,0.6832014358,0.01674110299,0.07209275463,0.001358669975,1,0,0,0
16.63037324,14.61029148,torque,figure8,-2.325139284,0.9162211418,-1.732336283,-2.314397968,1.050126537,-2,-0.4528956711,-0.8002490401,-0.02470627055,-0.4253778483,-0.9639811971,0,0.2994827143,0.1678566341,4.140507456,-0.138708204,1.724894881,0.003952950705,-0.05786696208,0.6944623173,0.01509757452,0.6837658243,0.01318334862,-0.1345186822,0.004530021862,1,0,0,0
16.64038301,14.62030125,torque,figure8,-2.325139284,0.9162211418,-1.732336283,-2.318632408,1.040434828,-2,-0.4528956711,-0.8002490401,-0.02470627055,-0.4206823161,-0.9724562963,0,0.2951529178,0.1769277794,4.425835746,-0.138708204,1.724894881,0.003952950705,-0.03543545427,0.8081076472,0.01492324551,0.683774485,0.018328595,-0.1141326914,0.00950701787,1,0,0,0
16.65036654,14.63028479,torque,figure8,-2.335240364,0.8955382705,-1.73285675,-2.322808893,1.030684404,-2,-0.4414371848,-0.8033513427,-0.02316145971,-0.4159905844,-0.9808305785,0,0.299640676,0.1807840198,0.6668788505,-0.08274223655,3.011861086,0.001589934342,-0.03859117167,0.1951884221,0.01550106713,0.6858223139,0.007420175084,-0.3926032529,0.006624825038,1,0,0,0
16.66039157,14.64030981,torque,figure8,-2.335240364,0.8955382705,-1.73285675,-2.326955558,1.020809736,-2,-0.4414371848,-0.8033513427,-0.02316145971,-0.4112709087,-0.9891599779,0,0.2951729895,0.1896610301,0.9164625731,-0.08274223655,3.011861086,0.001589934342,-0.01806362379,0.3254007151,0.01655361939,0.6860544318,0.01209178979,-0.3654453526,0.01653999566,1,0,0,0
16.67037582,14.65029407,torque,figure8,-2.341830492,0.8816643953,-1.733158827,-2.331038292,1.010892631,-2,-0.4324899316,-0.8155481815,-0.02011520043,-0.4065621078,-0.997375472,0,0.2966826926,0.1847648151,2.287768565,-0.04972466081,3.2060287,0.003100514878,-0.01581988613,-0.1929985265,0.01714556082,0.6860710104,0.006925408814,-0.475051084,0.01439356672,1,0,0,0
16.68039083,14.66030908,torque,figure8,-2.341830492,0.8816643953,-1.733158827,-2.335086329,1.000862976,-2,-0.4324899316,-0.8155481815,-0.02011520043,-0.4018305568,-1.005535368,0,0.292331998,0.1934935386,1.999048048,-0.04972466081,3.2060287,0.003100514878,8.668556978e-05,-0.05209632491,0.01860291669,0.6864811597,0.01024657126,-0.4436291268,0.02322818793,1,0,0,0
16.69037461,14.67029285,torque,figure8,-2.351456404,0.8604732752,-1.733516932,-2.339074537,0.9907836659,-2,-0.4169784486,-0.8513442278,-0.02181784622,-0.3971056382,-1.013588506,0,0.2968961676,0.1649064971,6.464942098,0.03337023407,2.349395514,0.01017983351,-0.01606243726,-0.9549808988,0.0180847104,0.6812907039,-0.005407858697,-0.4785242737,0.00910827695,1,0,0,0
16.70039296,14.6803112,torque,figure8,-2.351456404,0.8604732752,-1.733516932,-2.343029096,0.9805890465,-2,-0.4169784486,-0.8513442278,-0.02181784622,-0.3923563018,-1.021587269,0,0.2924244241,0.1733925076,6.173852758,0.03337023407,2.349395514,0.01017983351,-0.001469370887,-0.7509810235,0.01994366031,0.6819296164,-0.002285837986,-0.4258548515,0.01594159336,1,0,0,0
16.71037555,14.69029379,torque,figure8,-2.357673883,0.8458788395,-1.733794689,-2.346922173,0.9703515257,-2,-0.4058941007,-0.8838652968,-0.02241783217,-0.3876159874,-1.029474872,0,0.2940651567,0.148454697,8.076699186,0.08408778906,1.189789176,0.01738369092,-0.01543015438,-1.212216463,0.01984954738,0.6783797786,-0.01213444313,-0.3460794604,0.007209524739,1,0,0,0
16.72038698,14.70030522,torque,figure8,-2.357673883,0.8458788395,-1.733794689,-2.350778935,0.9600057559,-2,-0.4058941007,-0.8838652968,-0.02241783217,-0.3828541182,-1.037301812,0,0.2897201423,0.1567678668,7.785356728,0.08408778906,1.189789176,0.01738369092,-0.003501630726,-0.9927059808,0.0212400652,0.6791020261,-0.009673634929,-0.2890808928,0.009314790401,1,0,0,0
16.7303822,14.71030045,torque,figure8,-2.36372447,0.8308215141,-1.734073162,-2.354581855,0.9495989909,-2,-0.3949433863,-0.9191934466,-0.02191543207,-0.3780922086,-1.045032068,0,0.2913910766,0.1288394618,8.519670911,0.1248147264,-0.1911079586,0.02296019904,-0.02594741526,-1.324421111,0.02055476022,0.677394213,-0.01965532738,-0.165095015,0.001964616508,1,0,0,0
16.74039674,14.72031498,torque,figure8,-2.36372447,0.8308215141,-1.734073162,-2.35834435,0.9390950531,-2,-0.3949433863,-0.9191934466,-0.02191543207,-0.3733134274,-1.052692448,0,0.2871744906,0.1370041044,8.227919864,0.1248147264,-0.1911079586,0.02296019904,-0.01523992778,-1.090111585,0.02133806812,0.6781270219,-0.01738931299,-0.1040763572,-0.0001236687214,1,0,0,0
16.75037885,14.73029709,torque,figure8,-2.372484207,0.8072527051,-1.734445572,-2.362047,0.9285492065,-2,-0.3794287741,-0.9687239528,-0.01856839843,-0.3685425739,-1.060242925,0,0.2921317012,0.09401604707,7.094052535,0.1533458233,-2.18523097,0.0317854546,-0.06051212372,-1.360609289,0.02094638404,0.679924186,-0.02977341444,0.08929651369,-0.001905952323,1,0,0,0
16.76039314,14.74031138,torque,figure8,-2.372484207,0.8072527051,-1.734445572,-2.365713698,0.9178940506,-2,-0.3794287741,-0.9687239528,-0.01856839843,-0.363748865,-1.067731762,0,0.2877611882,0.1019470018,6.80212711,0.1533458233,-2.18523097,0.0317854546,-0.04845953445,-1.073585544,0.02043022029,0.6805309256,-0.02688648943,0.1669072782,-0.01157326618,1,0,0,0
16.77038264,14.75030088,torque,figure8,-2.378147125,0.7909853458,-1.734627485,-2.369323452,0.9071909914,-2,-0.3705328703,-0.9940155745,-0.01375583839,-0.3589596657,-1.075115645,0,0.2898347475,0.08306854714,4.586528119,0.1496182829,-3.154387951,0.03435321152,-0.07825178684,-0.9351824814,0.0203773032,0.6840274925,-0.03168959875,0.3028628357,-0.00900641093,1,0,0,0
16.78039241,14.76031065,torque,figure8,-2.378147125,0.7909853458,-1.734627485,-2.372892506,0.8963926685,-2,-0.3705328703,-0.9940155745,-0.01375583839,-0.354153475,-1.082427341,0,0.2855886662,0.09096234479,4.296499045,0.1496182829,-3.154387951,0.03435321152,-0.06686443971,-0.6776550589,0.01908162343,0.6844729219,-0.02893649112,0.3691606483,-0.02075206565,1,0,0,0
16.79037261,14.77029085,torque,figure8,-2.386426449,0.7657855153,-1.734741211,-2.376403087,0.8855538105,-2,-0.3596175909,-1.01513958,-0.005119994748,-0.3493543254,-1.089629985,0,0.2912166505,0.07536822526,0.8895975592,0.09846527129,-3.757357359,0.03529013321,-0.1156808649,-0.3406464828,0.02070265205,0.6881505596,-0.03085647329,0.4622532612,-0.005019506606,1,0,0,0
16.80039287,14.78031111,torque,figure8,-2.386426449,0.7657855153,-1.734741211,-2.379879536,0.874599577,-2,-0.3596175909,-1.01513958,-0.005119994748,-0.3445288263,-1.096773094,0,0.2867849146,0.08317400923,0.9820657066,0.09846527129,-3.757357359,0.03529013321,-0.1018184543,-0.08756057722,0.01804444596,0.6882936275,-0.02722153299,0.5264702763,-0.0210396346,1,0,0,0
16.81038713,14.79030538,torque,figure8,-2.394474745,0.7401976585,-1.734754801,-2.383298769,0.8636028996,-2,-0.3512097001,-1.013687134,-0.007821067236,-0.3397088644,-1.103808827,0,0.2927606047,0.0911885839,5.013394538,0.03442673385,-2.981259584,0.02869283222,-0.1424350918,0.4045105492,0.02045926458,0.6849896523,-0.02605391312,0.463685124,0.0007344809697,1,0,0,0
16.82040262,14.80032086,torque,figure8,-2.394474745,0.7401976585,-1.734754801,-2.386676902,0.8525127815,-2,-0.3512097001,-1.013687134,-0.007821067236,-0.3348717759,-1.110769907,0,0.2881501499,0.09875809657,5.294782111,0.03442673385,-2.981259584,0.02869283222,-0.1262578147,0.614798786,0.01706177777,0.6848532211,-0.02162339028,0.5133778099,-0.01511232931,1,0,0,0
16.8303864,14.81030464,torque,figure8,-2.399750948,0.7232406139,-1.734819889,-2.38999609,0.841388836,-2,-0.3469541669,-1.002172709,-0.008810711093,-0.3300432319,-1.117619125,0,0.29047315,0.1170106129,7.303719384,-0.001345867408,-1.722155571,0.02231072821,-0.1445830768,0.926665006,0.01740104864,0.6820453059,-0.02004509828,0.376110577,-0.006911256134,1,0,0,0
16.84040523,14.82032347,torque,figure8,-2.399750948,0.7232406139,-1.734819889,-2.393278434,0.8301575523,-2,-0.3469541669,-1.002172709,-0.008810711093,-0.3251910409,-1.124401679,0,0.2859958328,0.1244635828,7.588249361,-0.001345867408,-1.722155571,0.02231072821,-0.1298056663,1.076285201,0.01452693095,0.6817954508,-0.01605180843,0.4061814912,-0.01720588583,1,0,0,0
16.85038257,14.83030081,torque,figure8,-2.407561302,0.6981416941,-1.734822035,-2.396498843,0.8189056954,-2,-0.3413734436,-0.9785631895,-0.003493409371,-0.3203523723,-1.131065296,0,0.2915916241,0.1539837066,8.041036468,-0.03958998621,0.568084538,0.01385320351,-0.1556969627,1.16247392,0.01556621928,0.6825483876,-0.01648905001,0.08940650145,-0.009301732606,1,0,0,0
16.86040068,14.84031892,torque,figure8,-2.407561302,0.6981416941,-1.734822035,-2.399683805,0.8075414264,-2,-0.3413734436,-0.9785631895,-0.003493409371,-0.3154874345,-1.137664381,0,0.2869663911,0.161231134,8.324924775,-0.03958998621,0.568084538,0.01385320351,-0.139591525,1.274756247,0.01314592086,0.6822821331,-0.01198393207,0.108536896,-0.01396940135,1,0,0,0
16.87038016,14.8502984,torque,figure8,-2.412709951,0.6817287207,-1.734749317,-2.402808,0.7961557016,-2,-0.3374335468,-0.9641338587,-0.001880490687,-0.3106348782,-1.144146075,0,0.2890493165,0.1820057767,6.959303006,-0.05909987912,2.077082396,0.008053801954,-0.1491038106,1.124251657,0.01219904203,0.6850814797,-0.01154391881,-0.1264499399,-0.01411561133,1,0,0,0
16.88039351,14.86031175,torque,figure8,-2.412709951,0.6817287207,-1.734749317,-2.405894089,0.7846668007,-2,-0.3374335468,-0.9641338587,-0.001880490687,-0.3057595631,-1.150556991,0,0.2846060945,0.189104103,7.241393919,-0.05909987912,2.077082396,0.008053801954,-0.135188807,1.212539282,0.0106790721,0.6849109087,-0.00774322997,-0.1136285142,-0.01364514876,1,0,0,0
16.89037275,14.87029099,torque,figure8,-2.420298338,0.6574859023,-1.734591007,-2.408921071,0.7731536144,-2,-0.3299568295,-0.9547144175,-0.0005103178555,-0.3008946712,-1.156853113,0,0.289741946,0.2042178294,2.852855533,-0.09573368728,3.642446518,0.001054118737,-0.1482193849,0.5632275992,0.008919841261,0.6899551628,-0.006760703371,-0.4305582248,-0.017450843,1,0,0,0
16.90038848,14.88030672,torque,figure8,-2.420298338,0.6574859023,-1.734591007,-2.411910272,0.7615356363,-2,-0.3299568295,-0.9547144175,-0.0005103178555,-0.2960058951,-1.163078421,0,0.2851992991,0.2111124926,3.122054342,-0.09573368728,3.642446518,0.001054118737,-0.1338679745,0.6639743957,0.008329621608,0.6900519149,-0.002772084292,-0.4120329721,-0.01139607026,1,0,0,0
16.91037917,14.89029741,torque,figure8,-2.425267935,0.641456902,-1.734472036,-2.414843191,0.7498850498,-2,-0.3234038949,-0.9609852433,-0.001042538323,-0.2911233478,-1.169194019,0,0.2870025052,0.2106988724,1.079169082,-0.1174649596,3.853356838,-0.003388718236,-0.1329995847,0.08249180995,0.007264683671,0.6907507441,-0.0005921388447,-0.5308419018,-0.009952240739,1,0,0,0
16.9203999,14.90031815,torque,figure8,-2.425267935,0.641456902,-1.734472036,-2.417735899,0.7381385315,-2,-0.3234038949,-0.9609852433,-0.001042538323,-0.2862202086,-1.17523305,0,0.282682098,0.2174530663,0.9209937191,-0.1174649596,3.853356838,-0.003388718236,-0.1214764997,0.1995992422,0.007119548843,0.6910598513,0.002496368645,-0.5059485822,-0.003513301963,1,0,0,0
16.93037939,14.91029763,torque,figure8,-2.43252039,0.6171643138,-1.734477758,-2.42056784,0.726380695,-2,-0.3103376031,-0.9916762114,-0.01298780926,-0.281331467,-1.181152225,0,0.2873554282,0.1921228748,5.369621504,-0.1698204428,2.568560123,-0.004782288335,-0.1146049627,-0.7594589698,0.006806852564,0.6844793995,0.008683009397,-0.4863153626,-0.004581496472,1,0,0,0
16.94039869,14.92031693,torque,figure8,-2.43252039,0.6171643138,-1.734477758,-2.423361973,0.7145170022,-2,-0.3103376031,-0.9916762114,-0.01298780926,-0.276417513,-1.186999165,0,0.2829549139,0.1986713665,5.086622373,-0.1698204428,2.568560123,-0.004782288335,-0.1037060271,-0.5733616476,0.006996710891,0.685040589,0.0116559293,-0.4381561903,0.002303691465,1,0,0,0
16.95041251,14.93033075,torque,figure8,-2.437205315,0.6006798148,-1.734622002,-2.426105354,0.7026017508,-2,-0.3004546762,-1.020854115,-0.01604441181,-0.2715006338,-1.192746466,0,0.2844938878,0.1750506778,7.007266034,-0.1830001026,1.201295495,-0.004718699493,-0.08756847839,-1.043583194,0.007792890126,0.6813555516,0.01510920637,-0.3299062631,0.004632289991,1,0,0,0
16.96041226,14.94033051,torque,figure8,-2.437205315,0.6006798148,-1.734622002,-2.428795721,0.6906462892,-2,-0.3004546762,-1.020854115,-0.01604441181,-0.2665851601,-1.198389018,0,0.2803393832,0.181447538,6.724226136,-0.1830001026,1.201295495,-0.004718699493,-0.08012533582,-0.8373318894,0.007847269931,0.681998334,0.01703906523,-0.275870885,0.009153709029,1,0,0,0
16.97038507,14.95030332,torque,figure8,-2.443964481,0.5751376748,-1.734869719,-2.431429857,0.6786673237,-2,-0.2845169306,-1.067957401,-0.01619048044,-0.2616775532,-1.203919697,0,0.2849027398,0.1388146778,7.280258337,-0.1720228791,-1.069759011,-0.0009061082965,-0.05071690566,-1.336435892,0.009658675353,0.6803061727,0.01875979543,-0.07134535917,0.006167809961,1,0,0,0
16.98040318,14.96032143,torque,figure8,-2.443964481,0.5751376748,-1.734869719,-2.434026656,0.6665789013,-2,-0.2845169306,-1.067957401,-0.01619048044,-0.2567423485,-1.209377848,0,0.2806320089,0.1450286246,6.996919074,-0.1720228791,-1.069759011,-0.0009061082965,-0.04645072391,-1.065957952,0.00960060292,0.6809238656,0.01978057703,0.002997165448,0.009494481816,1,0,0,0
16.99038172,14.97029996,torque,figure8,-2.448279619,0.5576039553,-1.735028744,-2.43656402,0.6544843665,-2,-0.2736628354,-1.095534921,-0.01494787633,-0.2518214537,-1.214716705,0,0.2823700338,0.1220851451,5.611833179,-0.1407811493,-2.38992238,0.003281340934,-0.02278749269,-1.072601978,0.01079055466,0.6826510475,0.01867318066,0.1676444499,0.00545934863,1,0,0,0
17.00040221,14.98032045,torque,figure8,-2.448279619,0.5576039553,-1.735028744,-2.439062616,0.6422858543,-2,-0.2736628354,-1.095534921,-0.01494787633,-0.2468747561,-1.219979424,0,0.2783266854,0.1281697097,5.329618293,-0.1407811493,-2.38992238,0.003281340934,-0.02232238511,-0.8180838124,0.01061601208,0.6831564613,0.01860466207,0.2348982839,0.007669441662,1,0,0,0
17.01037836,14.9902966,torque,figure8,-2.454460382,0.5306013823,-1.735215664,-2.441500889,0.6300894333,-2,-0.2582612038,-1.122319937,-0.01263400912,-0.2419449636,-1.225120287,0,0.283154667,0.1048510844,1.671374577,-0.09207299352,-3.382786036,0.009004753083,0.01108478057,-0.6371612928,0.01100521882,0.6859148481,0.01676338977,0.3583803167,-0.004675371427,1,0,0,0
17.02039266,15.0003109,torque,figure8,-2.454460382,0.5306013823,-1.735215664,-2.443898998,0.6177952913,-2,-0.2582612038,-1.122319937,-0.01263400912,-0.2369914166,-1.230181479,0,0.2789714416,0.1106622538,1.392514319,-0.09207299352,-3.382786036,0.009004753083,0.007279109508,-0.3718085025,0.01110608692,0.6861636816,0.01549131775,0.4282399137,-0.0009534540706,1,0,0,0
17.03038692,15.01030517,torque,figure8,-2.458399296,0.5123620629,-1.735337496,-2.44624283,0.6054757013,-2,-0.2488087416,-1.128281713,-0.01326803025,-0.2320429775,-1.235132921,0,0.2808276526,0.1089693175,1.43127716,-0.04677377641,-3.16292429,0.008920840919,0.02441470847,-0.0618914692,0.01068679357,0.6858298751,0.01189469475,0.4281206743,-0.004854320516,1,0,0,0
17.04039979,15.02031803,torque,figure8,-2.458399296,0.5123620629,-1.735337496,-2.448541405,0.5930840647,-2,-0.2488087416,-1.128281713,-0.01326803025,-0.2270806242,-1.239993366,0,0.2768744494,0.1145759361,1.707381995,-0.04677377641,-3.16292429,0.008920840919,0.01823262005,0.1527182535,0.011022593,0.6859047223,0.01006342291,0.4802503428,-0.001023134008,1,0,0,0
17.0503788,15.03029704,torque,figure8,-2.464030743,0.4848194122,-1.735629082,-2.45078275,0.5806864063,-2,-0.2356974632,-1.121134758,-0.02236417308,-0.2221304626,-1.24473719,0,0.2815279245,0.1263399415,4.774041158,0.002921197098,-1.814842582,0.006987513043,0.03996011994,0.471370852,0.009799251511,0.6813059869,0.007445144856,0.3138784237,-0.005034875127,1,0,0,0
17.0604012,15.04031944,torque,figure8,-2.464030743,0.4848194122,-1.735629082,-2.452984098,0.5681876961,-2,-0.2356974632,-1.121134758,-0.02236417308,-0.2171542676,-1.249400585,0,0.2774243709,0.1315147469,5.052611441,0.002921197098,-1.814842582,0.006987513043,0.03030454832,0.654537472,0.01056245541,0.6811935764,0.004680791138,0.3557554169,-0.0009350446788,1,0,0,0
17.07038736,15.0503056,torque,figure8,-2.467623711,0.4665902257,-1.735949039,-2.45512786,0.5556881994,-2,-0.2277240455,-1.109588385,-0.02759793587,-0.2121916725,-1.253946014,0,0.278957891,0.1477904796,5.892984815,0.0346541591,-0.4583718479,0.004713259172,0.03693081901,0.7897959727,0.01009462874,0.6788479685,0.001805679679,0.1795073278,0.000859455765,1,0,0,0
17.08040905,15.06032729,torque,figure8,-2.467623711,0.4665902257,-1.735949039,-2.457229405,0.5430991129,-2,-0.2277240455,-1.109588385,-0.02759793587,-0.207207116,-1.258405784,0,0.2751082717,0.1527390216,6.170495251,0.0346541591,-0.4583718479,0.004713259172,0.02640555063,0.9266980319,0.0108109468,0.6786944943,-0.001028958651,0.2067551279,0.00297652155,1,0,0,0
17.09038472,15.07030296,torque,figure8,-2.472792864,0.439563334,-1.736511946,-2.45927167,0.53052395,-2,-0.2164138258,-1.092199922,-0.02956155501,-0.2022412608,-1.262743408,0,0.2790745619,0.1736658511,4.88431794,0.06462519616,1.611231565,0.001790975337,0.03467356464,0.7298567589,0.01054622999,0.6794547296,-0.002387314882,-0.1207530603,0.008765638169,1,0,0,0
17.10040617,15.08032441,torque,figure8,-2.472792864,0.439563334,-1.736511946,-2.461273407,0.5178480257,-2,-0.2164138258,-1.092199922,-0.02956155501,-0.1972485148,-1.26699845,0,0.2751129688,0.1783135446,5.160250588,0.06462519616,1.611231565,0.001790975337,0.02170150658,0.8502718712,0.01092743075,0.6793777617,-0.0058459009,-0.09766122149,0.006908808647,1,0,0,0
17.1103847,15.09030294,torque,figure8,-2.4760921,0.4217780828,-1.736882925,-2.463216837,0.5051845273,-2,-0.2087638527,-1.085899353,-0.02750121988,-0.1922731638,-1.271132865,0,0.2763204707,0.1879886004,2.932616285,0.07828145474,2.693821907,0.001138883177,0.01994187709,0.5276050941,0.01128842503,0.6816360834,-0.007322999361,-0.3000875186,0.01091146103,1,0,0,0
17.12040854,15.10032678,torque,figure8,-2.4760921,0.4217780828,-1.736882925,-2.465119086,0.49242252,-2,-0.2087638527,-1.085899353,-0.02750121988,-0.187271323,-1.27518283,0,0.2726566315,0.1924746233,3.206303442,0.07828145474,2.693821907,0.001138883177,0.007259940409,0.6379817081,0.01110556573,0.6816888053,-0.01048525324,-0.2790675515,0.00604542042,1,0,0,0
17.13039351,15.11031175,torque,figure8,-2.480810642,0.3951936066,-1.737360477,-2.466964094,0.4796701458,-2,-0.1962367743,-1.091898918,-0.02537046187,-0.1822850859,-1.279113915,0,0.2762381787,0.1894406631,1.584105958,0.0716304034,3.238134861,0.002057709964,0.006992304638,-0.169105493,0.01280424872,0.6825588295,-0.007983899442,-0.4846427667,0.01468376369,1,0,0,0
17.14041281,15.12033105,torque,figure8,-2.480810642,0.3951936066,-1.737360477,-2.468765382,0.4668349889,-2,-0.1962367743,-1.091898918,-0.02537046187,-0.1772780051,-1.282954686,0,0.27250155,0.1936631136,1.314999839,0.0716304034,3.238134861,0.002057709964,-0.006858715265,-0.02296878392,0.01151182017,0.6828615869,-0.01136157325,-0.4506536368,0.00524838425,1,0,0,0
17.15038753,15.13030577,torque,figure8,-2.483817816,0.377456069,-1.737691164,-2.470508805,0.4540192382,-2,-0.186796993,-1.107318521,-0.0258259438,-0.1722896251,-1.286674741,0,0.2735780951,0.181785855,4.278872771,0.06963260472,2.711443901,0.003528859466,-0.01108053859,-0.5695962621,0.01257801425,0.6806350626,-0.01098576956,-0.4660149878,0.008566598561,1,0,0,0
17.16041088,15.14032912,torque,figure8,-2.483817816,0.377456069,-1.737691164,-2.472210588,0.4411041412,-2,-0.186796993,-1.107318521,-0.0258259438,-0.167273425,-1.290308483,0,0.2701698175,0.185831847,4.009295846,0.06963260472,2.711443901,0.003528859466,-0.02405332859,-0.4067890401,0.01071502822,0.6810841301,-0.01393127656,-0.4262937397,-0.001201849122,1,0,0,0
17.17035866,15.1502769,torque,figure8,-2.488056898,0.3503730893,-1.738251686,-2.473849811,0.4282509334,-2,-0.1714761406,-1.144427538,-0.03031685948,-0.1622916833,-1.293811007,0,0.2734574551,0.1527052293,7.257372447,0.04367455095,1.109706759,0.006967896596,-0.02296187792,-1.210895434,0.01361010109,0.6753301748,-0.008715335658,-0.3504133674,0.007989725337,1,0,0,0
17.18042064,15.16033888,torque,figure8,-2.488056898,0.3503730893,-1.738251686,-2.475457422,0.415215252,-2,-0.1714761406,-1.144427538,-0.03031685948,-0.1572494422,-1.297248241,0,0.2699545012,0.1564470459,6.98774385,0.04367455095,1.109706759,0.006967896596,-0.03670784117,-0.9789767206,0.01084023132,0.6759096144,-0.01182211889,-0.2879866759,-0.002543176734,1,0,0,0
17.19039965,15.17031789,torque,figure8,-2.490697145,0.3319188654,-1.7386868,-2.477001651,0.4022534278,-2,-0.1610834152,-1.173439741,-0.03263613954,-0.1522455943,-1.300552062,0,0.2709596016,0.1315323792,7.63727461,0.02005493641,-0.2798553407,0.008562082425,-0.03744223603,-1.280447223,0.01217326744,0.6738405917,-0.00811417064,-0.154946936,0.001469319375,1,0,0,0
17.20041561,15.18033385,torque,figure8,-2.490697145,0.3319188654,-1.7386868,-2.478501373,0.3892109777,-2,-0.1610834152,-1.173439741,-0.03263613954,-0.1472201289,-1.303762632,0,0.267797893,0.1350605943,7.370793628,0.02005493641,-0.2798553407,0.008562082425,-0.0502584148,-1.043733174,0.009453565331,0.6744175688,-0.01084981162,-0.09204557719,-0.006199342187,1,0,0,0
17.21039367,15.19031191,torque,figure8,-2.494354725,0.3035912812,-1.739394903,-2.479945354,0.3761864422,-2,-0.1461554915,-1.212198377,-0.03003313392,-0.14221071,-1.30685571,0,0.2709108781,0.09938592026,6.168911885,-0.02385356836,-2.128810406,0.007602628786,-0.03397859995,-1.277920186,0.01345699782,0.6760230899,-0.000803001752,0.08975421402,0.004713704926,1,0,0,0
17.22043371,15.20035195,torque,figure8,-2.494354725,0.3035912812,-1.739394903,-2.48134784,0.3630503732,-2,-0.1461554915,-1.212198377,-0.03003313392,-0.1371672764,-1.309861628,0,0.2676183461,0.1025713794,5.904316267,-0.02385356836,-2.128810406,0.007602628786,-0.04874457195,-0.9982685197,0.01082371364,0.6764807147,-0.004137757586,0.1658243415,0.0006824742688,1,0,0,0
17.23040223,15.21032047,torque,figure8,-2.496609211,0.2843206227,-1.739830017,-2.482690224,0.3499785566,-2,-0.137139976,-1.230169058,-0.02391670644,-0.1321570019,-1.312740324,0,0.2686877788,0.08610953988,3.852197554,-0.046609357,-2.87705636,0.008542077616,-0.03599394594,-0.8671847618,0.01234600236,0.6797660501,0.001690916683,0.271894242,0.001776860512,1,0,0,0
17.24042439,15.22034264,torque,figure8,-2.496609211,0.2843206227,-1.739830017,-2.48398947,0.336808,-2,-0.137139976,-1.230169058,-0.02391670644,-0.1271170848,-1.315527993,0,0.2657115027,0.08921107007,3.592127584,-0.046609357,-2.87705636,0.008542077616,-0.05086944005,-0.6211274396,0.01044716201,0.6800858086,-0.001588418303,0.3354786054,0.001552576666,1,0,0,0
17.25040174,15.23031998,torque,figure8,-2.499704838,0.2551277578,-1.740305662,-2.48523272,0.3236691265,-2,-0.1247241646,-1.241645694,-0.01611073874,-0.1220971395,-1.318196882,0,0.2689767844,0.07827222757,0.2752124075,-0.08036966622,-3.054772854,0.008136966266,-0.01453653986,-0.3525792803,0.0123721482,0.6830147799,0.01050089442,0.3631852137,-0.002115860941,1,0,0,0
17.26041555,15.2403338,torque,figure8,-2.499704838,0.2551277578,-1.740305662,-2.486430142,0.3104559758,-2,-0.1247241646,-1.241645694,-0.01611073874,-0.1170563663,-1.320768655,0,0.2658544308,0.08110976548,0.4800783797,-0.08036966622,-3.054772854,0.008136966266,-0.03285633245,-0.1149763063,0.01166558875,0.6831035865,0.006184589359,0.4235729003,0.00315629591,1,0,0,0
17.27039838,15.25031662,torque,figure8,-2.501606226,0.2355928868,-1.740576744,-2.487573602,0.2972586215,-2,-0.1170209795,-1.238733172,-0.01629371569,-0.112028829,-1.323225688,0,0.2670206042,0.08619392095,2.740178274,-0.09075429291,-2.457903147,0.006847819313,-0.009860396135,0.1673809951,0.01166939912,0.6821583813,0.01198250547,0.3693361202,0.0004616157856,1,0,0,0
17.28041863,15.26033688,torque,figure8,-2.501606226,0.2355928868,-1.740576744,-2.488670867,0.2839876533,-2,-0.1170209795,-1.238733172,-0.01629371569,-0.106980167,-1.32558452,0,0.2642154474,0.08893514326,2.997785793,-0.09075429291,-2.457903147,0.006847819313,-0.02845719169,0.3524361031,0.01182833729,0.6821187869,0.00771800981,0.4121041739,0.006913032051,1,0,0,0
17.29039788,15.27031612,torque,figure8,-2.503380775,0.216143325,-1.740882635,-2.489713352,0.2707480407,-2,-0.109614864,-1.228962183,-0.02057559974,-0.1019500048,-1.327826553,0,0.265160861,0.101273239,4.568565865,-0.08947201818,-1.414203882,0.006915448233,-0.003025135042,0.5543340284,0.01163417175,0.6796835352,0.01250392576,0.2844266052,0.00219559788,1,0,0,0
17.30041528,15.28033352,torque,figure8,-2.503380775,0.216143325,-1.740882635,-2.490709326,0.2574358544,-2,-0.109614864,-1.228962183,-0.02057559974,-0.09689854652,-1.329969433,0,0.2626926862,0.1038630087,4.823533371,-0.08947201818,-1.414203882,0.006915448233,-0.02246082071,0.6971845109,0.01233696355,0.6795638225,0.00807479611,0.313981174,0.007903045932,1,0,0,0
17.31032634,15.29024458,torque,figure8,-2.505780697,0.1873290539,-1.741482973,-2.491644918,0.2442443805,-2,-0.098707214,-1.208292484,-0.027001407,-0.09189877137,-1.33198318,0,0.2650853218,0.1267865102,4.984285112,-0.08701128513,0.5555019379,0.005194424652,0.02929223328,0.687616664,0.01113732372,0.6775224073,0.01828749124,0.02367363545,0.003534791002,1,0,0,0
17.32041025,15.30032849,torque,figure8,-2.505780697,0.1873290539,-1.741482973,-2.492545961,0.2308029027,-2,-0.098707214,-1.208292484,-0.027001407,-0.08680992233,-1.33392328,0,0.2624808316,0.1290492863,5.237785921,-0.08701128513,0.5555019379,0.005194424652,0.004750770376,0.8087945674,0.01225222523,0.6773971022,0.01228579341,0.04720659797,0.006259162929,1,0,0,0
17.33042669,15.31034493,torque,figure8,-2.506520271,0.1778319478,-1.74171114,-2.493390165,0.2174325412,-2,-0.09503568709,-1.201785088,-0.02796746977,-0.08175335342,-1.33574163,0,0.2616366604,0.137488018,4.83947105,-0.08171527088,1.224935055,0.006390421651,0.008078068309,0.7879801915,0.01234877373,0.6775720522,0.01192746541,-0.05078696761,0.004608922064,1,0,0,0
17.34042215,15.32034039,torque,figure8,-2.507904291,0.1590234637,-1.742182732,-2.494182102,0.2040725706,-2,-0.08726788312,-1.191985488,-0.02720693499,-0.07670572039,-1.337447963,0,0.2620829342,0.1483614105,2.893745105,-0.07488737255,2.452145815,0.00671959389,0.03738307713,0.5078197446,0.01231035098,0.6791415988,0.01686883191,-0.2675456645,0.007160264693,1,0,0,0
17.35040426,15.3303225,torque,figure8,-2.509155989,0.1403695196,-1.742635727,-2.494922621,0.1907139634,-2,-0.07861332595,-1.189128637,-0.02422485501,-0.07166328093,-1.339043998,0,0.2626281037,0.1520189533,0.3958374216,-0.06106945127,3.236798763,0.007286890876,0.06501459842,0.07045170427,0.01346883849,0.6805118514,0.02011532413,-0.4435858426,0.01582975339,1,0,0,0
17.36041927,15.34033751,torque,figure8,-2.509155989,0.1403695196,-1.742635727,-2.49561499,0.1772958578,-2,-0.07861332595,-1.189128637,-0.02422485501,-0.06660276818,-1.340536685,0,0.2603522271,0.1538034269,0.4130945147,-0.06106945127,3.236798763,0.007286890876,0.03475241801,0.1895979929,0.0126590114,0.680669631,0.01256349198,-0.418016062,0.003752269105,1,0,0,0
17.37038946,15.3503077,torque,figure8,-2.510762453,0.1124117002,-1.743252754,-2.496253912,0.1639234965,-2,-0.06349492073,-1.202712178,-0.02392948419,-0.06156356017,-1.341914513,0,0.2622653449,0.1412573553,4.886780579,-0.01038859598,3.101477861,0.009762203321,0.0867046791,-0.7160309622,0.01607344231,0.6777313374,0.01680440756,-0.5459818133,0.02337389197,1,0,0,0
17.38042068,15.36033893,torque,figure8,-2.510762453,0.1124117002,-1.743252754,-2.496846036,0.1504559548,-2,-0.06349492073,-1.202712178,-0.02392948419,-0.05649225288,-1.343191734,0,0.2599234122,0.1426750265,4.638933343,-0.01038859598,3.101477861,0.009762203321,0.0519963019,-0.5490643069,0.01320029189,0.6781179935,0.008035481566,-0.5038598477,0.003334376889,1,0,0,0
17.3903873,15.37030554,torque,figure8,-2.511619568,0.09362630546,-1.743720055,-2.497383958,0.1370630109,-2,-0.0518932566,-1.223554969,-0.02892881446,-0.05145246981,-1.344352306,0,0.2603244329,0.1242137964,7.321593797,0.02721841447,2.128269434,0.01313183643,0.07218646231,-1.093138297,0.01481562752,0.6731285451,0.007441693927,-0.4589384013,0.008646563686,1,0,0,0
17.40040112,15.38031936,torque,figure8,-2.511619568,0.09362630546,-1.743720055,-2.497873836,0.1235955264,-2,-0.0518932566,-1.223554969,-0.02892881446,-0.04638777362,-1.345409439,0,0.2583921627,0.1253622691,7.077197109,0.02721841447,2.128269434,0.01313183643,0.03920486231,-0.9075860127,0.01125091569,0.6736205391,-0.0005388433968,-0.4108982679,-0.009405774861,1,0,0,0
17.41039395,15.39031219,torque,figure8,-2.512566328,0.06499420851,-1.744568348,-2.498312125,0.1101462508,-2,-0.03402100503,-1.263574123,-0.03014964424,-0.04133274986,-1.346355421,0,0.2597830212,0.08840365357,9.168626179,0.07418779284,0.05660621822,0.01630616561,0.08036202292,-1.592759279,0.01585704363,0.6691127273,0.003367799342,-0.2567977641,0.006669482597,1,0,0,0
17.42042613,15.40034437,torque,figure8,-2.512566328,0.06499420851,-1.744568348,-2.498701323,0.09663506883,-2,-0.03402100503,-1.263574123,-0.03014964424,-0.03625698526,-1.347195586,0,0.2577570781,0.08891878145,8.926841186,0.07418779284,0.05660621822,0.01630616561,0.04273900704,-1.339790696,0.01136071668,0.6696529949,-0.006025589246,-0.186949243,-0.009015288365,1,0,0,0
17.43039727,15.41031551,torque,figure8,-2.512971401,0.04544067755,-1.745108128,-2.499037692,0.08319827975,-2,-0.0226242356,-1.290449142,-0.0275053177,-0.03121136889,-1.347921814,0,0.2580497072,0.06429144087,8.56827989,0.08738350123,-1.427653074,0.0156879425,0.05442322906,-1.502182377,0.01269187485,0.670607979,-0.004267916633,-0.02153844302,-0.004461843371,1,0,0,0
17.44041491,15.42033315,torque,figure8,-2.512971401,0.04544067755,-1.745108128,-2.499324963,0.06969209464,-2,-0.0226242356,-1.290449142,-0.0275053177,-0.02614159411,-1.348542116,0,0.2564063633,0.0643716392,8.330329902,0.08738350123,-1.427653074,0.0156879425,0.01932204458,-1.255603004,0.008895362938,0.6710946888,-0.01267271698,0.04474916127,-0.01247720322,1,0,0,0
17.45038915,15.43030739,torque,figure8,-2.513293505,0.01561284158,-1.745789528,-2.499560529,0.05623878289,-2,-0.007165475283,-1.320579767,-0.02035565861,-0.02109325153,-1.349050826,0,0.2578022999,0.03766877995,5.562686335,0.08790154755,-3.164278746,0.01436810382,0.05273155944,-1.2470038,0.01144953658,0.6764645799,-0.003217126248,0.2457867298,-0.01035168354,1,0,0,0
17.46042252,15.44034076,torque,figure8,-2.513293505,0.01561284158,-1.745789528,-2.499746687,0.04270114914,-2,-0.007165475283,-1.320579767,-0.02035565861,-0.0160145536,-1.349452873,0,0.2560083139,0.03641861122,5.328063235,0.08790154755,-3.164278746,0.01436810382,0.01395943397,-0.9749474051,0.009033086364,0.6767712676,-0.01271805772,0.3195174509,-0.00757663593,1,0,0,0
17.47039914,15.45031738,torque,figure8,-2.513325214,-0.004579319153,-1.746110916,-2.499881266,0.02923662286,-2,0.001647750963,-1.329988956,-0.01440488547,-0.0109642543,-1.349743542,0,0.2564837706,0.02751012608,2.399280322,0.065247491,-3.659777164,0.01222142577,0.02512938778,-0.6875349157,0.008946379891,0.6804718437,-0.005864040792,0.4138084597,-0.009789108458,1,0,0,0
17.48042154,15.46033978,torque,figure8,-2.513325214,-0.004579319153,-1.746110916,-2.499965729,0.01570794481,-2,0.001647750963,-1.329988956,-0.01440488547,-0.005890560051,-1.349925976,0,0.2550484578,0.02572569943,2.168956343,0.065247491,-3.659777164,0.01222142577,-0.01052835755,-0.4609324946,0.008128849541,0.6806196271,-0.01416042523,0.4713983646,-0.000806066374,1,0,0,0
17.49038959,15.47030783,torque,figure8,-2.513227463,-0.02483916469,-1.746378422,-2.499999296,0.002251373864,-2,0.00946932286,-1.329401374,-0.01368105877,-0.0008442654369,-1.349998479,0,0.2554070998,0.02679145813,0.9003120941,0.05727374181,-3.42731905,0.01058790553,0.003082011602,-0.1203835799,0.008017176583,0.6810873671,-0.008580984107,0.4706817711,-0.004423407625,1,0,0,0
17.50041461,15.48033285,torque,figure8,-2.513227463,-0.02483916469,-1.746378422,-2.49998232,-0.01128230187,-2,0.00946932286,-1.329401374,-0.01368105877,0.00423089312,-1.349961812,0,0.2543287779,0.0252456758,1.125572378,0.05727374181,-3.42731905,0.01058790553,-0.03072980624,0.06287864443,0.008529735262,0.6810822347,-0.01616737591,0.5138744672,0.00692064543,1,0,0,0
17.51038527,15.49030352,torque,figure8,-2.512873888,-0.05509857833,-1.746836662,-2.499914972,-0.02474168393,-2,0.01935127936,-1.311245799,-0.01818653941,0.009278447047,-1.349816342,0,0.2553059931,0.04381665171,4.512190262,0.01591381803,-1.979343414,0.008154326119,0.008836914791,0.4464639626,0.006259798889,0.677752514,0.0001020589879,0.34343617,-0.00835079616,1,0,0,0
17.52041531,15.50033355,torque,figure8,-2.512873888,-0.05509857833,-1.746836662,-2.499796445,-0.03827919204,-2,0.01935127936,-1.311245799,-0.01818653941,0.0143558659,-1.349560339,0,0.2540582351,0.04270489873,4.73603179,0.01591381803,-1.979343414,0.008154326119,-0.02855682535,0.5967208034,0.008563417276,0.677586799,-0.008620762195,0.3764167166,0.005093763115,1,0,0,0
17.53038788,15.51030612,torque,figure8,-2.512318134,-0.08482864499,-1.747369528,-2.499628109,-0.05173605763,-2,0.02778079733,-1.282057762,-0.01664645597,0.01940390807,-1.349196775,0,0.255104511,0.06967728351,5.587070909,-0.04032756761,0.1860648543,0.008758348413,0.01984990468,0.7287297035,0.004736099144,0.6768415769,0.01059680076,0.08335170141,-0.008400855957,1,0,0,0
17.5404129,15.52033114,torque,figure8,-2.512318134,-0.08482864499,-1.747369528,-2.499408149,-0.06525949893,-2,0.02778079733,-1.282057762,-0.01664645597,0.02447810705,-1.348721754,0,0.253715933,0.06879026162,5.806746599,-0.04032756761,0.1860648543,0.008758348413,-0.02031697559,0.8391025601,0.007633605701,0.6766454485,0.001008210557,0.1042559322,-0.0004693586302,1,0,0,0
17.55038452,15.53030276,torque,figure8,-2.511843681,-0.1042740941,-1.74768877,-2.499138901,-0.07870562939,-2,0.03350615501,-1.263013482,-0.01418770663,0.02952478053,-1.348140346,0,0.253921473,0.08639285488,4.759484652,-0.0796194002,1.628496051,0.009739766829,0.007959030036,0.7315086155,0.006065691128,0.6782987093,0.01264577972,-0.115041132,-0.003729660344,1,0,0,0
17.56040359,15.54032183,torque,figure8,-2.511843681,-0.1042740941,-1.74768877,-2.498817691,-0.09220935097,-2,0.03350615501,-1.263013482,-0.01418770663,0.03459486734,-1.347446816,0,0.2529351519,0.08562397003,4.974905953,-0.0796194002,1.628496051,0.009739766829,-0.0296329169,0.8139346773,0.008039424739,0.6781606958,0.004018148635,-0.1018799175,-0.003828324048,1,0,0,0
17.57038546,15.5503037,torque,figure8,-2.510964632,-0.1328561306,-1.748117447,-2.498447162,-0.105655489,-2,0.04340190068,-1.244701505,-0.01078479178,0.03964543354,-1.346646911,0,0.2536560319,0.1025830818,1.249471352,-0.1000904664,2.99466753,0.009339313954,0.04010212673,0.267089209,0.00615537148,0.6812060413,0.02173836617,-0.3762071969,0.00308073322,1,0,0,0
17.580405,15.56032324,torque,figure8,-2.510964632,-0.1328561306,-1.748117447,-2.498024538,-0.119143794,-2,0.04340190068,-1.244701505,-0.01078479178,0.04471425526,-1.345734689,0,0.2525872023,0.10161564,1.450763625,-0.1000904664,2.99466753,0.009339313954,-0.002275702357,0.3559784502,0.006306507597,0.6812349058,0.01161639253,-0.3593100344,-0.008561592238,1,0,0,0
17.59038806,15.5703063,torque,figure8,-2.51024127,-0.1517382562,-1.748367786,-2.497552948,-0.1325733581,-2,0.05138312653,-1.242687583,-0.006994219497,0.04976371906,-1.344716954,0,0.2526797534,0.1022816414,1.584189635,-0.1033987775,3.110201359,0.00817281846,0.03624112011,-0.12371034,0.006131718311,0.6820058379,0.01998460202,-0.4498773841,-0.000315981084,1,0,0,0
17.60040927,15.58032751,torque,figure8,-2.51024127,-0.1517382562,-1.748367786,-2.497028862,-0.146043474,-2,0.05138312653,-1.242687583,-0.006994219497,0.05483146751,-1.343586155,0,0.2520431891,0.1011994664,1.368173857,-0.1033987775,3.110201359,0.00817281846,-0.004429641305,-0.02451624953,0.004783289256,0.6821606229,0.01059293744,-0.428480739,-0.01561561424,1,0,0,0
17.61035442,15.59027267,torque,figure8,-2.508928299,-0.1798243523,-1.748691797,-2.49645855,-0.1593996171,-2,0.06594546884,-1.255608082,-0.007598641794,0.05985965238,-1.342355887,0,0.2524449984,0.08729237205,5.597195986,-0.08988771588,2.251607895,0.005881859921,0.07872653595,-0.8372083159,0.007197199462,0.6786580546,0.02633341937,-0.4441703213,0.009363592043,1,0,0,0
17.62041974,15.60033798,torque,figure8,-2.508928299,-0.1798243523,-1.748691797,-2.495830438,-0.1729041298,-2,0.06594546884,-1.255608082,-0.007598641794,0.0649473695,-1.341001257,0,0.2517444264,0.08573639786,5.387179632,-0.08988771588,2.251607895,0.005881859921,0.03132968836,-0.6841404709,0.003769249362,0.6789691303,0.01484516246,-0.404333723,-0.01004354752,1,0,0,0
17.63039422,15.61031246,torque,figure8,-2.507849932,-0.1988491714,-1.748960495,-2.495157483,-0.186272773,-2,0.07698700577,-1.273067474,-0.01246817037,0.06998785685,-1.339550293,0,0.2516745858,0.06800300395,7.163415642,-0.09461344779,1.097149491,0.003779282561,0.0729638383,-1.104020846,0.004870118844,0.6752484409,0.02401352532,-0.3169576017,-0.00112738082,1,0,0,0
17.64040828,15.62032652,torque,figure8,-2.507849932,-0.1988491714,-1.748960495,-2.494431288,-0.1996793594,-2,0.07698700577,-1.273067474,-0.01246817037,0.07504692566,-1.337984979,0,0.2513992488,0.06613245499,6.958089041,-0.09461344779,1.097149491,0.003779282561,0.0276215107,-0.9338534371,0.001243731346,0.675608963,0.01333138507,-0.2717919346,-0.01440930253,1,0,0,0
17.65039277,15.63031101,torque,figure8,-2.505906105,-0.2275717854,-1.7496171,-2.493656807,-0.2130302197,-2,0.09410311282,-1.302265644,-0.01490102056,0.08008954175,-1.336316086,0,0.2511037617,0.03972220011,7.543742382,-0.08667937666,-0.8876268268,0.001543228165,0.1188893822,-1.369044448,0.003847086405,0.6737947479,0.0317221537,-0.09161558358,-0.006885989973,1,0,0,0
17.6604147,15.64033294,torque,figure8,-2.505906105,-0.2275717854,-1.7496171,-2.4928288,-0.2264138322,-2,0.09410311282,-1.302265644,-0.01490102056,0.08514943652,-1.334532423,0,0.2507268504,0.03665179095,7.340359121,-0.08667937666,-0.8876268268,0.001543228165,0.06604387004,-1.145728538,0.000778046391,0.6741402273,0.01864173438,-0.02944305402,-0.008696210515,1,0,0,0
17.67039943,15.65031767,torque,figure8,-2.504385233,-0.2470311224,-1.750043392,-2.491953445,-0.2397294593,-2,0.1050917879,-1.31812501,-0.01144184452,0.09018883096,-1.332647413,0,0.250372062,0.02374687618,6.229980927,-0.06761552393,-2.010408163,-1.913933374e-05,0.1115248772,-1.15380283,0.0006370335261,0.6764180678,0.02552224444,0.110782015,-0.01176716528,1,0,0,0
17.68041134,15.66032958,torque,figure8,-2.504385233,-0.2470311224,-1.750043392,-2.491025195,-0.2530618944,-2,0.1050917879,-1.31812501,-0.01144184452,0.09524011499,-1.330649217,0,0.2503860352,0.01961700891,6.029092307,-0.06761552393,-2.010408163,-1.913933374e-05,0.06085936424,-0.9463393234,-0.0009058550774,0.6766963747,0.0133750704,0.1664043997,-0.004108025996,1,0,0,0
17.69041038,15.67032862,torque,figure8,-2.50178504,-0.2765029967,-1.750549316,-2.490047672,-0.2663566783,-2,0.1204229966,-1.330066085,-0.001775286742,0.100282974,-1.32854576,0,0.2499327052,0.02027519518,3.083637628,-0.01191863511,-2.874948263,-0.002786356956,0.1515544687,-0.7974053123,-0.003030455994,0.6817586116,0.02601117159,0.2747545771,-0.02310463694,1,0,0,0
17.70042443,15.68034267,torque,figure8,-2.50178504,-0.2765029967,-1.750549316,-2.489018153,-0.2796498137,-2,0.1204229966,-1.330066085,-0.001775286742,0.1053313733,-1.32633131,0,0.2497969964,0.01564791599,2.879977074,-0.01191863511,-2.874948263,-0.002786356956,0.09307537219,-0.5835270529,-0.0016326471,0.6818921383,0.01145837858,0.3318500164,-0.001300367907,1,0,0,0
17.71039653,15.69031477,torque,figure8,-2.49980545,-0.2961932719,-1.750759602,-2.487942721,-0.292864676,-2,0.1297464967,-1.32846868,0.004223079421,0.1103564931,-1.324019081,0,0.2495447457,0.02033729504,0.8719696066,0.01962598786,-2.862517357,-0.003053554799,0.1321462565,-0.3115856965,-0.004054085784,0.6841223582,0.01614662681,0.3572950451,-0.01441200746,1,0,0,0
17.7204113,15.70032954,torque,figure8,-2.49980545,-0.2961932719,-1.750759602,-2.486812265,-0.3061123502,-2,0.1297464967,-1.32846868,0.004223079421,0.1154008818,-1.321589624,0,0.2497758739,0.01646063412,0.7381112286,0.01962598786,-2.862517357,-0.003053554799,0.07675797327,-0.1408767237,-0.001106805751,0.6841537101,0.002875314583,0.3995106043,0.009420090341,1,0,0,0
17.73039889,15.71031713,torque,figure8,-2.497686625,-0.315844059,-1.75088644,-2.485634575,-0.3192993046,-2,0.1383695602,-1.318984628,0.006478205789,0.1204292461,-1.319059833,0,0.2494288601,0.01907426739,2.224545207,0.04780336842,-2.358232021,-0.004111615475,0.1155230039,0.1280440158,-0.003774327769,0.6841963357,0.00871793709,0.3558090221,-0.004905183212,1,0,0,0
17.74040866,15.7203269,torque,figure8,-2.497686625,-0.315844059,-1.75088644,-2.484403895,-0.332489649,-2,0.1383695602,-1.318984628,0.006478205789,0.1254663328,-1.316417492,0,0.2500221434,0.01466460414,2.368426316,0.04780336842,-2.358232021,-0.004111615475,0.06166422217,0.2602830557,0.0002610999165,0.6841424895,-0.003919664833,0.3856235017,0.01786759134,1,0,0,0
17.75039434,15.73031259,torque,figure8,-2.494216681,-0.3449979424,-1.751076698,-2.483125949,-0.3456213757,-2,0.1501928866,-1.293331265,0.003842989914,0.1304887655,-1.313675055,0,0.2491710319,0.02858130047,4.247044066,0.07106092572,-0.8503511548,-0.002643770538,0.1395930092,0.4872024235,-0.006740704784,0.6820329485,0.0124565588,0.1925506045,-0.01273130073,1,0,0,0
17.76040792,15.74032617,torque,figure8,-2.494216681,-0.3449979424,-1.751076698,-2.481794084,-0.3587617527,-2,0.1501928866,-1.293331265,0.003842989914,0.1355225824,-1.31081841,0,0.2496128472,0.02314706506,4.406788042,0.07106092572,-0.8503511548,-0.002643770538,0.07762118828,0.5912646804,-0.001043408917,0.6819105588,-0.002809373061,0.2139337229,0.00803547321,1,0,0,0
17.77041245,15.75033069,torque,figure8,-2.490447521,-0.3735038638,-1.751308918,-2.480413099,-0.3718611421,-2,0.1608986109,-1.263235688,0.002202644013,0.1405490968,-1.30785803,0,0.2488988598,0.04909284797,3.974198055,0.05634517595,0.9538756609,2.585687071e-05,0.1493757794,0.547082789,-0.006666901282,0.6817031305,0.01700414544,-0.04992294377,-0.002654395371,1,0,0,0
17.78042936,15.7603476,torque,figure8,-2.490447521,-0.3735038638,-1.751308918,-2.478980036,-0.3849465603,-2,0.1608986109,-1.263235688,0.002202644013,0.1455789861,-1.304787752,0,0.249218163,0.04434091293,4.129112922,0.05634517595,0.9538756609,2.585687071e-05,0.08282661017,0.62563692,-0.001579923525,0.6816031605,0.0003857087824,-0.03584053321,0.004779562393,1,0,0,0
17.79040575,15.77032399,torque,figure8,-2.487785339,-0.3921669722,-1.751438379,-2.477502707,-0.3979479363,-2,0.1679799259,-1.246679783,0.005767753348,0.1505855833,-1.301624495,0,0.2488413779,0.05792021704,2.669874362,0.04917562008,1.903058767,0.001572783221,0.1127955428,0.430854391,-0.002919516185,0.6834531856,0.009014350487,-0.1986772128,0.005478106133,1,0,0,0
17.80042362,15.78034186,torque,figure8,-2.487785339,-0.3921669722,-1.751438379,-2.475968991,-0.4109710926,-2,0.1679799259,-1.246679783,0.005767753348,0.1556099453,-1.298342496,0,0.2495517989,0.05343518792,2.813491904,0.04917562008,1.903058767,0.001572783221,0.05196340477,0.4958303806,8.781736335e-05,0.6834113533,-0.005472925439,-0.1877809918,0.001400936874,1,0,0,0
17.81039572,15.79031396,torque,figure8,-2.483524323,-0.4196166694,-1.751534462,-2.474392309,-0.4239015627,-2,0.1795380414,-1.232792139,0.0127183171,0.1606082081,-1.294970674,0,0.2486702185,0.06622887888,1.035572502,0.04378916696,2.615481138,0.003197142854,0.1316790269,-0.06477813679,-0.001012518125,0.6857862166,0.0150080041,-0.374156229,0.01541039383,1,0,0,0
17.82041383,15.80033207,torque,figure8,-2.483524323,-0.4196166694,-1.751534462,-2.47275818,-0.4368573158,-2,0.1795380414,-1.232792139,0.0127183171,0.1656262779,-1.291478264,0,0.2492955541,0.0616388998,0.8485778612,0.04378916696,2.615481138,0.003197142854,0.06484921707,0.01736513873,-0.0009165699109,0.6858627861,-0.001337249256,-0.3563341409,-0.002991950775,1,0,0,0
17.8304019,15.81032014,torque,figure8,-2.480508804,-0.4377353489,-1.751540422,-2.471078922,-0.4497388663,-2,0.1880984008,-1.232427955,0.0156807676,0.1706259494,-1.287891809,0,0.2489280394,0.06022800135,3.231731609,0.04232728109,2.449376583,0.003891063156,0.09719100031,-0.4105626656,-0.0002935291014,0.6855758204,0.007165410496,-0.40037718,0.005389732562,1,0,0,0
17.84042144,15.82033968,torque,figure8,-2.480508804,-0.4377353489,-1.751540422,-2.469344217,-0.4626244904,-2,0.1880984008,-1.232427955,0.0156807676,0.175637911,-1.284189492,0,0.2499525536,0.05550141432,3.059289035,0.04232728109,2.449376583,0.003891063156,0.03570502854,-0.3166399798,-0.002103903267,0.6857291547,-0.007207629928,-0.3780325029,-0.0152686819,1,0,0,0
17.85041356,15.8303318,torque,figure8,-2.475689173,-0.4649344087,-1.75155139,-2.467564264,-0.4754373897,-2,0.2026455849,-1.244503975,0.01194210071,0.1806326017,-1.280393308,0,0.2488032128,0.04376333449,6.008807845,0.04052772745,1.229658484,0.002074673772,0.117607356,-0.9603644721,0.0009761699334,0.6819850981,0.01326076134,-0.3198244996,0.009836513258,1,0,0,0
17.86042643,15.84034467,torque,figure8,-2.475689173,-0.4649344087,-1.75155139,-2.465730572,-0.4882383169,-2,0.2026455849,-1.244503975,0.01194210071,0.1856339972,-1.276485374,0,0.2497377781,0.03814207359,5.846419121,0.04052772745,1.229658484,0.002074673772,0.04967047394,-0.8166352309,-0.002839735531,0.6822112278,-0.003197461703,-0.2806811777,-0.01032796959,1,0,0,0
17.87040758,15.85032582,torque,figure8,-2.472254515,-0.4830418229,-1.751614809,-2.463852865,-0.5009592454,-2,0.2126234621,-1.257020712,0.00973455701,0.1906158031,-1.272486647,0,0.2491722794,0.02860583495,6.629967295,0.01893421263,0.08709868789,0.001361062867,0.08547484771,-1.076613784,-0.001625903629,0.6806658863,0.008796231146,-0.1703358495,-0.003866623568,1,0,0,0
17.88042188,15.86034012,torque,figure8,-2.472254515,-0.4830418229,-1.751614809,-2.461918971,-0.5136817835,-2,0.2126234621,-1.257020712,0.00973455701,0.1956102852,-1.268371448,0,0.2504812044,0.022650585,6.473171121,0.01893421263,0.08709868789,0.001361062867,0.02255607197,-0.9252991709,-0.005218819262,0.6808990198,-0.005872008136,-0.1293160691,-0.01454369261,1,0,0,0
17.89040375,15.87032199,torque,figure8,-2.46683383,-0.5106811523,-1.751682281,-2.459941584,-0.5263216043,-2,0.2269375771,-1.274094582,0.01379961893,0.2005846428,-1.264167042,0,0.2489052352,0.03136020832,5.777667735,0.002568073571,-1.568987846,-0.0007308371714,0.111854688,-1.117421464,-0.00302242458,0.6829173353,0.01792586537,0.04469842298,-0.01159424458,1,0,0,0
17.9004221,15.88034034,torque,figure8,-2.46683383,-0.5106811523,-1.751682281,-2.457907066,-0.5389649048,-2,0.2269375771,-1.274094582,0.01379961893,0.2055731094,-1.259844686,0,0.2500826805,0.02915355004,5.623812528,0.002568073571,-1.568987846,-0.0007308371714,0.04215649567,-0.9324119868,-0.005158274994,0.6831036389,0.001032322626,0.09633987952,-0.006616268546,1,0,0,0
17.91034508,15.89026332,torque,figure8,-2.463026285,-0.5291679502,-1.751642942,-2.45584267,-0.5514446608,-2,0.2358243912,-1.280253053,0.01907208189,0.2105099711,-1.255462511,0,0.24945758,0.04023847822,3.956644963,-0.007548386697,-2.399627209,-0.005227729212,0.08413311648,-0.8178426379,-0.005432362333,0.6862140074,0.01261700357,0.2161838457,-0.008831817664,1,0,0,0
17.92044067,15.90035892,torque,figure8,-2.463026285,-0.5291679502,-1.751642942,-2.453692111,-0.5640963667,-2,0.2358243912,-1.280253053,0.01907208189,0.2155284037,-1.250901349,0,0.2509747978,0.04046225337,3.803278283,-0.007548386697,-2.399627209,-0.005227729212,0.01911886684,-0.6545564198,-0.005556127766,0.6863393878,-0.002497019165,0.2595105174,0.006392095677,1,0,0,0
17.93042016,15.9103384,torque,figure8,-2.457066536,-0.5570219159,-1.75142765,-2.451516513,-0.5765567999,-2,0.2477707118,-1.276483774,0.02558200434,0.2204847477,-1.246291149,0,0.2494005361,0.04806825777,0.693362451,-0.02258083224,-2.800163269,-0.006910300814,0.1168966497,-0.3585218999,-0.009086994933,0.6896159407,0.02252228441,0.3324103708,-0.02301248526,1,0,0,0
17.94044662,15.92036486,torque,figure8,-2.457066536,-0.5570219159,-1.75142765,-2.449280887,-0.5890290382,-2,0.2477707118,-1.276483774,0.02558200434,0.2254599406,-1.241558006,0,0.2507454589,0.04870337523,0.532788772,-0.02258083224,-2.800163269,-0.006910300814,0.04500375555,-0.2043580834,-0.005280342788,0.6896321554,0.005169620567,0.3725853087,0.008601073977,1,0,0,0
17.95041013,15.93032837,torque,figure8,-2.452937603,-0.5754589438,-1.751243591,-2.447009904,-0.6013754693,-2,0.2549242973,-1.264186859,0.02656396106,0.2303993546,-1.236754426,0,0.2501730497,0.04538342435,2.093987523,-0.02533811703,-2.379125595,-0.006732722279,0.08996634971,0.08822754525,-0.008190581582,0.6895067096,0.01599983615,0.348070794,-0.008115258456,1,0,0,0
17.96043062,15.94034886,torque,figure8,-2.452937603,-0.5754589438,-1.751243591,-2.444676318,-0.6137437367,-2,0.2549242973,-1.264186859,0.02656396106,0.2353623459,-1.231823074,0,0.2518208193,0.04621394304,2.19469799,-0.02533811703,-2.379125595,-0.006732722279,0.02318593527,0.2008523184,-0.002864176638,0.689462991,0.0004968095631,0.3744317984,0.02227058121,1,0,0,0
17.97040582,15.95032406,torque,figure8,-2.446537733,-0.6027160287,-1.750974417,-2.442303911,-0.6260065136,-2,0.2645626068,-1.233867645,0.02335665002,0.2402981479,-1.226814507,0,0.2501481822,0.03440993791,4.347399663,-0.0383230485,-1.024599791,-0.00373423961,0.1266176176,0.4941999169,-0.01146348725,0.6871709497,0.02609587763,0.2171750062,-0.01813905561,1,0,0,0
17.98042297,15.96034122,torque,figure8,-2.446537733,-0.6027160287,-1.750974417,-2.439872002,-0.6382701,-2,0.2645626068,-1.233867645,0.02335665002,0.2452498403,-1.221685367,0,0.2516391565,0.03266380186,4.457168477,-0.0383230485,-1.024599791,-0.00373423961,0.05249433238,0.5723760294,-0.003694332328,0.6870775616,0.008169533147,0.2328055652,0.01171430323,1,0,0,0
17.99040818,15.97032642,torque,figure8,-2.442149639,-0.6205094457,-1.750837803,-2.437398509,-0.6504429456,-2,0.2706275284,-1.209749818,0.02110233717,0.2501807806,-1.216473764,0,0.2509987811,0.03014281985,4.741682963,-0.05777419358,0.1540304571,0.001402634429,0.1021127323,0.6552340223,-0.00754058836,0.6861962613,0.02204489886,0.07861680328,-0.005075790098,1,0,0,0
18.00042868,15.98034692,torque,figure8,-2.442149639,-0.6205094457,-1.750837803,-2.434866802,-0.6626059982,-2,0.2706275284,-1.209749818,0.02110233717,0.2551240678,-1.211144981,0,0.2527982593,0.02622236461,4.848007845,-0.05777419358,0.1540304571,0.001402634429,0.03305608068,0.7027293521,-0.0006818789898,0.6861079777,0.005914521857,0.08517964861,0.01233609606,1,0,0,0
18.01041293,15.99033117,torque,figure8,-2.43536377,-0.6465322375,-1.7506392,-2.432295012,-0.6746714646,-2,0.280136615,-1.176650763,0.02260874026,0.2600443182,-1.205737499,0,0.2509622319,0.04196300456,3.286993819,-0.07937385887,1.768745899,0.006042147987,0.1515512742,0.5174692201,-0.008572625154,0.68777126,0.03560484406,-0.1670632768,-0.003023800644,1,0,0,0
18.02043486,16.0003531,torque,figure8,-2.43536377,-0.6465322375,-1.7506392,-2.429664141,-0.6867276676,-2,0.280136615,-1.176650763,0.02260874026,0.2649778533,-1.200211706,0,0.2526439527,0.03600085076,3.373664599,-0.07937385887,1.768745899,0.006042147987,0.07377630089,0.550623348,-0.003040864893,0.6877360381,0.01659716774,-0.1638989097,-0.001568554046,1,0,0,0
18.03042674,16.01034498,torque,figure8,-2.430732489,-0.6634700894,-1.750449419,-2.426991962,-0.6986921152,-2,0.2873271108,-1.16066432,0.02607690357,0.2698912351,-1.194605272,0,0.252051731,0.0462169112,1.479771386,-0.06863818318,2.454194307,0.008131650276,0.1321751635,0.2621128605,-0.005468869439,0.6896028309,0.02798269642,-0.3019614712,-0.001449045201,1,0,0,0
18.04045343,16.02037168,torque,figure8,-2.430732489,-0.6634700894,-1.750449419,-2.424261149,-0.7106414453,-2,0.2873271108,-1.16066432,0.02607690357,0.2748162487,-1.188882196,0,0.2540521748,0.04040761198,1.509063881,-0.06863818318,2.454194307,0.008131650276,0.05903376344,0.2958848171,-0.002548309907,0.6896254649,0.01073003353,-0.2973318878,-0.01166177228,1,0,0,0
18.05042744,16.03034568,torque,figure8,-2.425994158,-0.6801745296,-1.750211239,-2.421495722,-0.7224705691,-2,0.295491159,-1.151728153,0.02746753767,0.2797098307,-1.183093143,0,0.2533843248,0.04457890208,1.456848733,-0.04989325255,2.560824394,0.009781097062,0.1214418028,-0.08409248909,-0.004982123122,0.6900640131,0.02260300678,-0.3693988984,-0.008181572652,1,0,0,0
18.06043863,16.04035687,torque,figure8,-2.425994158,-0.6801745296,-1.750211239,-2.418670929,-0.7342852609,-2,0.295491159,-1.151728153,0.02746753767,0.2846159946,-1.177186636,0,0.2556873601,0.03899832269,1.297896476,-0.04989325255,2.560824394,0.009781097062,0.05032920342,-0.03811764535,-0.004310901987,0.6901453355,0.006117485069,-0.3597798482,-0.02438394163,1,0,0,0
18.07041574,16.05033398,torque,figure8,-2.418682337,-0.7049271464,-1.749806166,-2.415806919,-0.7460004122,-2,0.3094582856,-1.151192307,0.02717166021,0.2894997034,-1.171205166,0,0.2535591369,0.03920661481,4.525994082,-0.01605975814,1.826847911,0.006917571649,0.1746126014,-0.6548137156,-0.005143978017,0.6882661838,0.03017750556,-0.3564208905,0.00131740515,1,0,0,0
18.08043718,16.06035542,torque,figure8,-2.418682337,-0.7049271464,-1.749806166,-2.412881158,-0.7577070824,-2,0.3094582856,-1.151192307,0.02717166021,0.2943992444,-1.165102048,0,0.2557661628,0.03403754857,4.399242749,-0.01605975814,1.826847911,0.006917571649,0.09243872228,-0.5683012707,-0.007078977045,0.6884141027,0.01010896658,-0.3328600019,-0.01939839479,1,0,0,0
18.09041357,16.07033181,torque,figure8,-2.41108346,-0.7296705246,-1.749452353,-2.409919812,-0.769299893,-2,0.3248506486,-1.161726475,0.02322738245,0.2992708082,-1.158932231,0,0.2536650638,0.03466478517,6.216401765,-0.03165062889,0.3407317698,-0.0005840288359,0.2109045812,-1.042432565,-0.006246771601,0.6856538543,0.03921972697,-0.211519711,-0.002675500846,1,0,0,0
18.10042715,16.08034539,torque,figure8,-2.41108346,-0.7296705246,-1.749452353,-2.406898583,-0.7808735557,-2,0.3248506486,-1.161726475,0.02322738245,0.3041544682,-1.15264546,0,0.2557604099,0.03240845577,6.098177749,-0.03165062889,0.3407317698,-0.0005840288359,0.121638614,-0.9134500462,-0.00893590181,0.6858258836,0.01699716417,-0.1741642405,-0.01300487132,1,0,0,0
18.11041808,16.09033632,torque,figure8,-2.405850172,-0.7462268472,-1.749252319,-2.403835481,-0.7923578335,-2,0.3351827562,-1.170162797,0.02274874225,0.3090209271,-1.146279609,0,0.2549637744,0.04209932604,6.042527856,-0.04582055658,-0.8051430583,-0.006048551295,0.1773158573,-1.032700744,-0.01008367075,0.6859889435,0.03133686762,-0.04106801196,-0.01340958298,1,0,0,0
18.12043953,16.10035777,torque,figure8,-2.405850172,-0.7462268472,-1.749252319,-2.400714211,-0.8038128313,-2,0.3351827562,-1.170162797,0.02274874225,0.3138959756,-1.139801209,0,0.2573264911,0.04350239479,5.927985838,-0.04582055658,-0.8051430583,-0.006048551295,0.0953237768,-0.9034217557,-0.01152918831,0.6861503532,0.01180145313,-0.004559066226,-0.009704712088,1,0,0,0
18.13042784,16.11034608,torque,figure8,-2.397782803,-0.7711898088,-1.748884678,-2.397554682,-0.8151648853,-2,0.3499263227,-1.176895499,0.02575234696,0.3187485507,-1.133251971,0,0.2549367851,0.05949785201,4.140320772,-0.03815772757,-2.168324471,-0.01084230468,0.2230455716,-0.8661339868,-0.01556194871,0.6891367942,0.03993888452,0.1666660859,-0.0322814876,1,0,0,0
18.14042878,16.12034702,torque,figure8,-2.397782803,-0.7711898088,-1.748884678,-2.394342626,-0.8264653018,-2,0.3499263227,-1.176895499,0.02575234696,0.323600813,-1.126602696,0,0.257149995,0.0623344357,4.018010104,-0.03815772757,-2.168324471,-0.01084230468,0.1326086389,-0.7206381669,-0.01338414505,0.6892521256,0.01771690018,0.2079449127,-0.004638218629,1,0,0,0
18.15042496,16.1303432,torque,figure8,-2.392241716,-0.7878837585,-1.748577833,-2.391083642,-0.8376934224,-2,0.3589373827,-1.173993349,0.02978722192,0.3284442123,-1.119865385,0,0.256311236,0.06889810218,2.18098719,-0.01214435883,-2.56385231,-0.01457218826,0.1885953291,-0.5038451352,-0.01687117544,0.6916762196,0.02703909509,0.2853788423,-0.01824503904,1,0,0,0
18.16044927,16.14036751,torque,figure8,-2.392241716,-0.7878837585,-1.748577833,-2.3877669,-0.8488850555,-2,0.3589373827,-1.173993349,0.02978722192,0.3332945689,-1.113018091,0,0.258755267,0.07254525856,2.038311343,-0.01214435883,-2.56385231,-0.01457218826,0.1051073939,-0.3861132512,-0.01241690868,0.6917525883,0.007398335407,0.3166812277,0.01591490957,1,0,0,0
18.17042637,16.15034461,torque,figure8,-2.386593342,-0.8045019507,-1.74821949,-2.384417531,-0.8599553792,-2,0.3672184348,-1.163866401,0.03169327229,0.3381153499,-1.106113088,0,0.2578240525,0.07202012326,1.27626973,0.02871863917,-2.456563473,-0.01602729224,0.1624935498,-0.1222356767,-0.01600853069,0.6926573365,0.01603433074,0.3304173806,-0.00360533631,1,0,0,0
18.18045735,16.1603756,torque,figure8,-2.386593342,-0.8045019507,-1.74821949,-2.381001621,-0.871015588,-2,0.3672184348,-1.163866401,0.03169327229,0.3429552952,-1.099080886,0,0.2604779386,0.07609419375,1.188905278,0.02871863917,-2.456563473,-0.01602729224,0.08272370828,-0.03292796554,-0.009701384419,0.692697606,-0.002305211117,0.3522657217,0.03225948007,1,0,0,0
18.19043326,16.17035151,torque,figure8,-2.37792635,-0.8290686607,-1.747701645,-2.37755635,-0.8819446668,-2,0.3781963587,-1.136301994,0.03172509745,0.3477617367,-1.091998452,0,0.2577798846,0.06241435622,3.376557484,0.06353148073,-1.519039989,-0.01392133906,0.1986400893,0.3052871669,-0.02045110221,0.6917447697,0.02145831479,0.2587114405,-0.02120630001,1,0,0,0
18.20044851,16.18036675,torque,figure8,-2.37792635,-0.8290686607,-1.747701645,-2.374049295,-0.8928453279,-2,0.3781963587,-1.136301994,0.03172509745,0.352580082,-1.084799543,0,0.2602632414,0.06569001391,3.40188023,0.06353148073,-1.519039989,-0.01392133906,0.1086079898,0.3667456527,-0.01071519249,0.6917471472,-0.0003282378857,0.2718375052,0.01961720993,1,0,0,0
18.21042347,16.19034171,torque,figure8,-2.369102478,-0.8529426455,-1.74723959,-2.370508419,-0.9036300317,-2,0.3878652751,-1.0995785,0.02965324,0.3573719241,-1.07754199,0,0.2577964561,0.0479037249,4.264582176,0.03569888324,0.02332220972,-0.002690508263,0.2166229332,0.5413114934,-0.02203405784,0.6905094917,0.02969275501,0.08011633588,-0.02493229725,1,0,0,0
18.22043991,16.20035815,torque,figure8,-2.369102478,-0.8529426455,-1.74723959,-2.366904755,-0.9143863044,-2,0.3878652751,-1.0995785,0.02965324,0.3621764494,-1.070166868,0,0.2601306945,0.04903340167,4.295566372,0.03569888324,0.02332220972,-0.002690508263,0.1207709063,0.5695413519,-0.01151658531,0.6905072564,0.006064281808,0.08307223994,0.004550701662,1,0,0,0
18.2304213,16.21033955,torque,figure8,-2.363134146,-0.868385613,-1.746930361,-2.363265866,-0.925031023,-2,0.3940345943,-1.075345874,0.0306989383,0.3669568441,-1.062731039,0,0.2593317607,0.04283413853,3.724129965,0.009467634372,1.046849966,-0.0003715611238,0.1686317553,0.532926847,-0.01536451043,0.6912573653,0.02123879475,-0.06409836886,-0.004727138011,1,0,0,0
18.2404418,16.22036004,torque,figure8,-2.363134146,-0.868385613,-1.746930361,-2.359564763,-0.9356423519,-2,0.3940345943,-1.075345874,0.0306989383,0.3717485185,-1.055179817,0,0.2618786966,0.04296235391,3.746657722,0.009467634372,1.046849966,-0.0003715611238,0.08160286891,0.5438906298,-0.007318063347,0.6912733821,0.0007282755483,-0.06565923085,0.007379243195,1,0,0,0
18.250422,16.23034024,torque,figure8,-2.354046583,-0.8909270763,-1.746435642,-2.355830854,-0.9461353744,-2,0.4038244784,-1.046144962,0.03623038158,0.3765134122,-1.047573654,0,0.2595111237,0.04539356837,1.776362246,0.01235345099,1.942368269,0.002622676548,0.2011897371,0.2615952243,-0.01515406084,0.6938830465,0.0290050336,-0.22859723,-0.001104856997,1,0,0,0
18.26046538,16.24038363,torque,figure8,-2.354046583,-0.8909270763,-1.746435642,-2.352025339,-0.9566177627,-2,0.4038244784,-1.046144962,0.03623038158,0.3813008039,-1.03983402,0,0.2619431908,0.04312521828,1.735142944,0.01235345099,1.942368269,0.002622676548,0.106253094,0.2702798696,-0.009672562271,0.6939356463,0.005939219885,-0.2297102417,-0.005026414737,1,0,0,0
18.2704277,16.25034595,torque,figure8,-2.347956657,-0.9054764509,-1.746002197,-2.348203076,-0.9669383322,-2,0.4108842015,-1.033190608,0.04058014229,0.3860418614,-1.03207292,0,0.2613283516,0.04759347682,1.220753952,0.0214970056,2.123390913,0.003689108882,0.1558981727,-0.01603248791,-0.0120172104,0.6953415281,0.01689679608,-0.2965535914,-0.004835884904,1,0,0,0
18.28045368,16.26037192,torque,figure8,-2.347956657,-0.9054764509,-1.746002197,-2.344308742,-0.9772463678,-2,0.4108842015,-1.033190608,0.04058014229,0.3908053804,-1.024178463,0,0.2639680133,0.04616411766,1.069413419,0.0214970056,2.123390913,0.003689108882,0.06900343083,0.0008296076028,-0.009295447856,0.6954210669,-0.003336086362,-0.2940096534,-0.01630621059,1,0,0,0
18.29035687,16.27027512,torque,figure8,-2.338621616,-0.9270157218,-1.74522233,-2.340415256,-0.9873500544,-2,0.4227088392,-1.024718523,0.04236660898,0.3955027527,-1.016298822,0,0.2618303075,0.05104891841,3.522276372,0.03391980752,1.630266547,0.00193647074,0.1866060589,-0.484267911,-0.01236304959,0.6950177098,0.02376999889,-0.3002231906,-0.001793647884,1,0,0,0
18.30045843,16.28037667,torque,figure8,-2.338621616,-0.9270157218,-1.74522233,-2.336395895,-0.9975753095,-2,0.4227088392,-1.024718523,0.04236660898,0.4002861221,-1.008178177,0,0.2643771365,0.05070789726,3.43254864,0.03391980752,1.630266547,0.00193647074,0.09117301014,-0.4380822694,-0.01223199055,0.6951266473,0.000832253341,-0.2874095166,-0.01747297691,1,0,0,0
18.31042266,16.2903409,torque,figure8,-2.332286835,-0.9412069917,-1.744664431,-2.33238388,-1.007580779,-2,0.4311704934,-1.024870753,0.04089194536,0.4049963594,-1.000086291,0,0.2638214207,0.05451152226,4.655856073,0.02152943425,0.8665592074,-0.002773984801,0.1395460876,-0.6974099087,-0.01332782016,0.694022621,0.01468226589,-0.2232120387,-0.00897412381,1,0,0,0
18.32044959,16.30036783,torque,figure8,-2.332286835,-0.9412069917,-1.744664431,-2.32829928,-1.017567413,-2,0.4311704934,-1.024870753,0.04089194536,0.4097280181,-0.9918622959,0,0.2665390544,0.05675816419,4.583429993,0.02152943425,0.8665592074,-0.002773984801,0.0521467919,-0.637242909,-0.01400040903,0.6941398304,-0.005548575371,-0.2057813764,-0.01837382222,1,0,0,0
18.33042645,16.3103447,torque,figure8,-2.325852871,-0.9553469419,-1.744114399,-2.324188028,-1.027421934,-2,0.439745903,-1.027191281,0.04056863114,0.4144277708,-0.9835991953,0,0.2658477328,0.06470773998,5.053998466,0.0002041544503,-0.05432693288,-0.007344822399,0.1089427758,-0.8041989033,-0.01483787332,0.693929279,0.01193835288,-0.1087583311,-0.009608597745,1,0,0,0
18.34046459,16.32038283,torque,figure8,-2.325852871,-0.9553469419,-1.744114399,-2.320004247,-1.037253375,-2,0.439745903,-1.027191281,0.04056863114,0.4191479566,-0.975205313,0,0.2687383692,0.06908422493,4.990376108,0.0002041544503,-0.05432693288,-0.007344822399,0.02579674304,-0.7329185253,-0.01528710175,0.6940474461,-0.006893639957,-0.08791775664,-0.01021580012,1,0,0,0
18.35041714,16.33033538,torque,figure8,-2.315994501,-0.9765510559,-1.743229866,-2.315809404,-1.04691741,-2,0.452098906,-1.029142857,0.04494808242,0.4238194516,-0.9668044212,0,0.2662374123,0.08189101405,4.199148651,-0.01836121641,-1.358125329,-0.01268628053,0.1537973964,-0.7931336675,-0.01700262403,0.6964689417,0.02655675443,0.06789646018,-0.01406152285,1,0,0,0
18.36044288,16.34036112,torque,figure8,-2.315994501,-0.9765510559,-1.743229866,-2.311536747,-1.056567589,-2,0.452098906,-1.029142857,0.04494808242,0.4285167071,-0.9582633211,0,0.2689859084,0.08718003655,4.133188944,-0.01836121641,-1.358125329,-0.01268628053,0.06022697438,-0.700431136,-0.01530896255,0.6965776663,0.004185349091,0.095510077,0.003762417008,1,0,0,0
18.37042236,16.3503406,torque,figure8,-2.305961847,-0.9975486994,-1.742129326,-2.307237076,-1.066087821,-2,0.4633863568,-1.022465229,0.05154289305,0.4331836302,-0.949684144,0,0.2668267641,0.09415923139,1.91263097,-0.04723649845,-2.279865503,-0.01817086339,0.1853247883,-0.4813433262,-0.02094468138,0.7002250847,0.03717346448,0.2411233041,-0.02730859307,1,0,0,0
18.38045406,16.3603723,torque,figure8,-2.305961847,-0.9975486994,-1.742129326,-2.302868014,-1.075571188,-2,0.4633863568,-1.022465229,0.05154289305,0.4378661664,-0.9409828701,0,0.269433415,0.09973627606,1.80608517,-0.04723649845,-2.279865503,-0.01817086339,0.08577998779,-0.3930266654,-0.01509621916,0.7003192806,0.01301859168,0.2666733599,0.0130689591,1,0,0,0
18.39041424,16.37033248,torque,figure8,-2.299143076,-1.011436224,-1.74131608,-2.298483674,-1.084900202,-2,0.4702395201,-1.010339618,0.05454415083,0.4425064886,-0.9322677495,0,0.2689140407,0.09919376005,1.220992025,-0.06012556702,-2.435350895,-0.01736504212,0.1439273246,-0.1131500199,-0.01868755902,0.7015893792,0.02801822599,0.3241153412,-0.008177042006,1,0,0,0
18.4004283,16.38034654,torque,figure8,-2.299143076,-1.011436224,-1.74131608,-2.294029066,-1.094191796,-2,0.4702395201,-1.010339618,0.05454415083,0.4471629521,-0.9234299612,0,0.2716468448,0.1051707221,1.103169973,-0.06012556702,-2.435350895,-0.01736504212,0.05324821773,-0.05318532633,-0.01092756699,0.7016775066,0.006998613587,0.3399384948,0.03504096588,1,0,0,0
18.41041994,16.39033818,torque,figure8,-2.288737774,-1.031835318,-1.74006319,-2.289537999,-1.103374017,-2,0.4796031415,-0.978982687,0.05322819948,0.4517999445,-0.9145371951,0,0.2696026164,0.08808791301,3.783126163,-0.05607869849,-1.813157916,-0.01205642708,0.1899051091,0.3740585417,-0.02295717038,0.7002355711,0.03760881437,0.3088211151,-0.02867183298,1,0,0,0
18.42044139,16.40035963,torque,figure8,-2.288737774,-1.031835318,-1.74006319,-2.284987043,-1.112494001,-2,0.4796031415,-0.978982687,0.05322819948,0.4564415931,-0.9055436205,0,0.2721893389,0.09361087028,3.755045606,-0.05607869849,-1.813157916,-0.01205642708,0.09072651684,0.4007096974,-0.01101398216,0.7003205834,0.01380658081,0.3138514906,0.02319702565,1,0,0,0
18.43042421,16.41034245,torque,figure8,-2.281674623,-1.045010567,-1.7392869,-2.280407426,-1.121488861,-2,0.4854888022,-0.9511244893,0.04950552434,0.4610561233,-0.8965114691,0,0.2717017779,0.0776552298,4.989296301,-0.05735170841,-0.9294266105,-0.009273828939,0.1549090466,0.6341118999,-0.0168176379,0.6983308282,0.02856434949,0.2249063469,-0.004141547267,1,0,0,0
18.44044685,16.4203651,torque,figure8,-2.281674623,-1.045010567,-1.7392869,-2.275763249,-1.130428526,-2,0.4854888022,-0.9511244893,0.04950552434,0.4656796982,-0.8873704932,0,0.2744129968,0.08311299274,4.968019984,-0.05735170841,-0.9294266105,-0.009273828939,0.06292492067,0.6313058379,-0.005177934984,0.6984235029,0.00723877843,0.2209482158,0.03521894796,1,0,0,0
18.45036483,16.43028307,torque,figure8,-2.270908833,-1.063981652,-1.738213539,-2.271121999,-1.139184293,-2,0.4939283431,-0.9063677788,0.04706732184,0.4702456648,-0.878253898,0,0.2723740694,0.0597209538,5.187978988,-0.02082092687,0.6315092444,-0.001824109233,0.2052925352,0.7748784686,-0.02002937087,0.6976248186,0.0353188674,0.03097985833,-0.01727953542,1,0,0,0
18.46046138,16.44037962,torque,figure8,-2.270908833,-1.063981652,-1.738213539,-2.266350715,-1.148004473,-2,0.4939283431,-0.9063677788,0.04706732184,0.4748842208,-0.8689012838,0,0.2749777481,0.06310110633,5.159351456,-0.02082092687,0.6315092444,-0.001824109233,0.1024823363,0.7395769812,-0.008032395254,0.6977303853,0.01040621761,0.01735691676,0.009429979006,1,0,0,0
18.4704299,16.45034814,torque,figure8,-2.26365304,-1.076026201,-1.737513065,-2.261594036,-1.156619814,-2,0.4998024702,-0.8786743283,0.04815642536,0.4794543401,-0.8595968764,0,0.2745887122,0.05565102764,4.154629926,-0.006110021845,1.596267104,0.006183231249,0.1650039279,0.6578114028,-0.01405536877,0.6990858613,0.02323093983,-0.1250487907,-0.01079009908,1,0,0,0
18.48044682,16.46036506,torque,figure8,-2.26365304,-1.076026201,-1.737513065,-2.256768421,-1.165183208,-2,0.4998024702,-0.8786743283,0.04815642536,0.4840369296,-0.8501776017,0,0.2773008487,0.05813481749,4.113810078,-0.006110021845,1.596267104,0.006183231249,0.0695019873,0.6168241208,-0.005030453004,0.6992024656,0.0007856272094,-0.1392128681,-0.001890493946,1,0,0,0
18.49041867,16.47033691,torque,figure8,-2.252567291,-1.093413115,-1.736436129,-2.251918969,-1.173614019,-2,0.5094994307,-0.8468996286,0.0496616438,0.4885891359,-0.8407320668,0,0.2754968598,0.05423613291,1.643127356,0.02152858861,2.414289236,0.01085774228,0.2081402278,0.2796601843,-0.01584007569,0.7013004228,0.03024789501,-0.292877898,-0.01007373367,1,0,0,0
18.50044823,16.48036647,torque,figure8,-2.252567291,-1.093413115,-1.736436129,-2.246995719,-1.18199826,-2,0.5094994307,-0.8468996286,0.0496616438,0.4931577572,-0.8311635766,0,0.2781084047,0.0545980997,1.519880923,0.02152858861,2.414289236,0.01085774228,0.1020194626,0.241233919,-0.01033279175,0.7014252948,0.004381656121,-0.305061649,-0.02057404593,1,0,0,0
18.51043129,16.49034953,torque,figure8,-2.245047331,-1.104622483,-1.735726833,-2.242049837,-1.190247998,-2,0.5168439746,-0.8340505362,0.04926675931,0.4976952252,-0.8215721873,0,0.2778147232,0.05431019577,1.675285317,0.02629699372,2.351945877,0.01072394382,0.1603553032,-0.08244552466,-0.01411634962,0.701512743,0.01805476219,-0.3413758672,-0.01676228914,1,0,0,0
18.52044678,16.50036502,torque,figure8,-2.245047331,-1.104622483,-1.735726833,-2.237042422,-1.198427979,-2,0.5168439746,-0.8340505362,0.04926675931,0.5022373376,-0.811883001,0,0.2805420756,0.05596397976,1.568750805,0.02629699372,2.351945877,0.01072394382,0.06229785658,-0.1014900122,-0.01169218614,0.701639655,-0.004888937909,-0.346342743,-0.03304675084,1,0,0,0
18.53043532,16.51035357,torque,figure8,-2.233542204,-1.121075392,-1.734746933,-2.23200322,-1.206488976,-2,0.5293311477,-0.8267551064,0.04233640432,0.5067570712,-0.8021541776,0,0.2786701246,0.05391813942,4.147262273,0.02221643552,1.439022422,0.004304549191,0.1994631046,-0.5683684295,-0.01591343685,0.6987294397,0.02875943133,-0.2880188691,-0.009923625805,1,0,0,0
18.54045129,16.52036953,torque,figure8,-2.233542204,-1.121075392,-1.734746933,-2.226904905,-1.214474196,-2,0.5293311477,-0.8267551064,0.04233640432,0.5112789308,-0.7923335572,0,0.2812944719,0.05747257362,4.112692006,0.02221643552,1.439022422,0.004304549191,0.09116031761,-0.5533577327,-0.01615837603,0.69885255,0.002522230026,-0.2814178516,-0.0262559764,1,0,0,0
18.55043149,16.53034973,torque,figure8,-2.22568512,-1.132029295,-1.734224796,-2.221779797,-1.222332747,-2,0.5383624434,-0.8274133205,0.03533282131,0.5157743139,-0.7824839619,0,0.2807248189,0.0614595731,5.009473208,-0.01439275872,0.4116625488,-0.003921382129,0.1536162277,-0.767974762,-0.01792447641,0.6965513961,0.0226581173,-0.1732063333,-0.01526137842,1,0,0,0
18.56044459,16.54036283,torque,figure8,-2.22568512,-1.132029295,-1.734224796,-2.216592759,-1.2301181,-2,0.5383624434,-0.8274133205,0.03533282131,0.5202740622,-0.7725384537,0,0.2834440749,0.06772627853,4.989668182,-0.01439275872,0.4116625488,-0.003921382129,0.05338798942,-0.733512758,-0.01838380001,0.6966730953,-0.0007019529624,-0.1605131782,-0.02022714916,1,0,0,0
18.57042551,16.55034375,torque,figure8,-2.21368742,-1.148296833,-1.73362565,-2.211377607,-1.237779009,-2,0.5516341925,-0.8288950324,0.03048737533,0.5247488342,-0.7625624768,0,0.2810119022,0.07779659681,4.547656262,-0.07644183934,-1.215339065,-0.01597844437,0.2077033681,-0.8168138172,-0.0217391709,0.6963292132,0.04383594047,0.0419964962,-0.02198765507,1,0,0,0
18.58044815,16.56036639,torque,figure8,-2.21368742,-1.148296833,-1.73362565,-2.206095764,-1.245371438,-2,0.5516341925,-0.8288950324,0.03048737533,0.5292316599,-0.7524828804,0,0.2836131278,0.08526529477,4.523020653,-0.07644183934,-1.215339065,-0.01597844437,0.09684204447,-0.757280716,-0.0199135581,0.6964581051,0.01700756867,0.06243217471,-0.002061963011,1,0,0,0
18.59043527,16.57035351,torque,figure8,-2.205517054,-1.159160018,-1.733274698,-2.200788005,-1.252836163,-2,0.5600286722,-0.8258637786,0.03029804304,0.5336878883,-0.7423781075,0,0.2827365746,0.09263727972,3.154044307,-0.1056392267,-2.079719782,-0.02266531251,0.172255532,-0.6144825242,-0.02291197072,0.6977989438,0.03811432268,0.1982728635,-0.01190967477,1,0,0,0
18.60045075,16.580369,torque,figure8,-2.205517054,-1.159160018,-1.733274698,-2.195420526,-1.260220444,-2,0.5600286722,-0.8258637786,0.03029804304,0.5381459508,-0.732184396,0,0.2854076667,0.1008595639,3.111503514,-0.1056392267,-2.079719782,-0.02266531251,0.06966858436,-0.5629505895,-0.01859051442,0.6979415863,0.01424257584,0.2152393771,0.02202181269,1,0,0,0
18.61043072,16.59034896,torque,figure8,-2.193014145,-1.17530489,-1.732759714,-2.190027728,-1.267476685,-2,0.5718391538,-0.8096734285,0.03095819429,0.5425773278,-0.7219676659,0,0.2827046674,0.0975036669,1.523641357,-0.08967600018,-2.515463352,-0.02522149682,0.2403557451,-0.175791698,-0.02927514933,0.699080006,0.05061809726,0.3215325943,-0.03653100572,1,0,0,0
18.62046027,16.60037851,torque,figure8,-2.193014145,-1.17530489,-1.732759714,-2.184563632,-1.274665964,-2,0.5718391538,-0.8096734285,0.03095819429,0.5470196995,-0.7116414898,0,0.2852392062,0.1057576291,1.345160246,-0.08967600018,-2.515463352,-0.02522149682,0.1260987337,-0.1387903702,-0.01911833148,0.6992524531,0.023008765,0.333239327,0.02234662327,1,0,0,0
18.63043189,16.61035013,torque,figure8,-2.184553862,-1.185813546,-1.732457399,-2.179086985,-1.281710756,-2,0.5789672732,-0.7899963856,0.03068677522,0.5514253637,-0.7013174789,0,0.2842625629,0.09779664329,2.897080347,-0.08063904941,-2.242052794,-0.02135907859,0.2046801661,0.1890151779,-0.02533117109,0.6984987369,0.03925116859,0.3409823213,-0.01259080312,1,0,0,0
18.64045525,16.62037349,torque,figure8,-2.184553862,-1.185813546,-1.732457399,-2.173537705,-1.288688063,-2,0.5789672732,-0.7899963856,0.03068677522,0.5558426966,-0.6908829796,0,0.2868511201,0.1063009476,2.778155969,-0.08063904941,-2.242052794,-0.02135907859,0.09873978923,0.1978882453,-0.01343659296,0.6986961117,0.01457809044,0.3433242854,0.04346029045,1,0,0,0
18.65042472,16.63034296,torque,figure8,-2.175960064,-1.196043253,-1.732162714,-2.167974392,-1.295523836,-2,0.5856821537,-0.763798058,0.02830571495,0.5602250658,-0.6804488013,0,0.2858268168,0.09163173808,4.459465452,-0.0655079037,-1.562032938,-0.01569630578,0.1853185311,0.4981474227,-0.02102377734,0.6967134008,0.03257273944,0.2925194427,-0.0002034245833,1,0,0,0
18.66044807,16.64036632,torque,figure8,-2.175960064,-1.196043253,-1.732162714,-2.162337023,-1.30229141,-2,0.5856821537,-0.763798058,0.02830571495,0.5646197537,-0.6699030053,0,0.2884632905,0.10030513,4.3639904,-0.0655079037,-1.562032938,-0.01569630578,0.08327072834,0.4794560035,-0.008121297452,0.6969352064,0.009153622436,0.2861967487,0.04932937277,1,0,0,0
18.67043209,16.65035033,torque,figure8,-2.162915707,-1.210582852,-1.731909275,-2.156678045,-1.308927069,-2,0.5952804685,-0.717254281,0.02420330979,0.5689857742,-0.6593444028,0,0.2856276075,0.06804972559,5.55480095,-0.05449460074,-0.0342829749,-0.00125475286,0.2611465003,0.779308399,-0.02748781374,0.6942808807,0.04857426224,0.1249327884,-0.03240300411,1,0,0,0
18.68045592,16.66037416,torque,figure8,-2.162915707,-1.210582852,-1.731909275,-2.150952706,-1.315482873,-2,0.5952804685,-0.717254281,0.02420330979,0.5733576521,-0.6486901392,0,0.2881315056,0.07594373987,5.459530776,-0.05449460074,-0.0342829749,-0.00125475286,0.1439758063,0.7210300006,-0.01244163161,0.6945230816,0.01999590281,0.1063292263,0.009979786163,1,0,0,0
18.69043517,16.67035341,torque,figure8,-2.1496346,-1.224138141,-1.731704473,-2.145209359,-1.32190317,-2,0.6050829887,-0.6718828082,0.02447023615,0.5776984967,-0.6380308201,0,0.2855872428,0.04994657106,4.5621772,-0.06479048729,1.559147596,0.01237066835,0.3203227476,0.7240536666,-0.02851211452,0.6951887527,0.06128369582,-0.1027373636,-0.02737797121,1,0,0,0
18.70045781,16.68037605,torque,figure8,-2.1496346,-1.224138141,-1.731704473,-2.139397496,-1.328244057,-2,0.6050829887,-0.6718828082,0.02447023615,0.5820464902,-0.6272733509,0,0.2879675845,0.05585227302,4.444252791,-0.06479048729,1.559147596,0.01237066835,0.1928215499,0.6424908507,-0.0156973011,0.6954306562,0.02941389166,-0.1277473511,-0.01186692975,1,0,0,0
18.71042943,16.69034767,torque,figure8,-2.140678406,-1.232650042,-1.731563091,-2.133572031,-1.334445415,-2,0.6122003794,-0.6472019553,0.0267868191,0.5863606002,-0.6165199925,0,0.2871779459,0.04823495314,2.963292397,-0.05423011631,2.286255598,0.01646803878,0.2740119774,0.4491070261,-0.02088939495,0.6970610104,0.04603420139,-0.2517727529,-0.016371722,1,0,0,0
18.72045064,16.70036888,torque,figure8,-2.140678406,-1.232650042,-1.731563091,-2.127674314,-1.340569334,-2,0.6122003794,-0.6472019553,0.0267868191,0.5906842704,-0.605663131,0,0.2896101758,0.0539068692,2.806970561,-0.05423011631,2.286255598,0.01646803878,0.1569959295,0.3771357877,-0.01258177881,0.6972924504,0.01801307455,-0.2722302619,-0.02148294191,1,0,0,0
18.73042989,16.71034813,torque,figure8,-2.131636858,-1.240779042,-1.731456757,-2.121758296,-1.346559247,-2,0.620200634,-0.629046917,0.02803385071,0.5949778995,-0.5948027713,0,0.2887949296,0.05093863593,1.819364659,-0.02241722494,2.580253601,0.01500895806,0.2455389681,0.08785808465,-0.01842853921,0.698037478,0.03455626694,-0.3492299458,-0.01963687556,1,0,0,0
18.74045444,16.72037268,torque,figure8,-2.131636858,-1.240779042,-1.731456757,-2.115772344,-1.352466992,-2,0.620200634,-0.629046917,0.02803385071,0.5992789387,-0.5838448076,0,0.2912753928,0.05715631904,1.634457776,-0.02241722494,2.580253601,0.01500895806,0.1338711547,0.03181845051,-0.01385713548,0.6982485165,0.008465566272,-0.3635485246,-0.0364090221,1,0,0,0
18.75044155,16.73035979,torque,figure8,-2.117846251,-1.252558112,-1.731334686,-2.109765929,-1.358243205,-2,0.6338952184,-0.6151086688,0.02524833381,0.6035517911,-0.5728805022,0,0.2888177303,0.057805017,3.903044469,0.02122330107,2.064107418,0.01009965967,0.3132572474,-0.4410888584,-0.02036781777,0.6962061136,0.04498134158,-0.3534704685,-0.009999238422,1,0,0,0
18.76047492,16.74039316,torque,figure8,-2.117846251,-1.252558112,-1.731334686,-2.103688787,-1.363935673,-2,0.6338952184,-0.6151086688,0.02524833381,0.607832157,-0.5618188138,0,0.2911811216,0.06447146794,3.871846303,0.02122330107,2.064107418,0.01009965967,0.1863835276,-0.4705134245,-0.01977224813,0.6963782094,0.01395827194,-0.3585879806,-0.03478013731,1,0,0,0
18.77044439,16.75036263,torque,figure8,-2.108531237,-1.260119796,-1.731348515,-2.097607871,-1.369481733,-2,0.6440275908,-0.6131168008,0.01942799613,0.6120729913,-0.5507821938,0,0.2902636281,0.07269213636,5.339702968,0.02117631957,1.19757092,0.0004041665234,0.2651966725,-0.7479897295,-0.02208769586,0.6935907614,0.03278361035,-0.2782851977,-0.0191064134,1,0,0,0
18.78047037,16.76038861,torque,figure8,-2.108531237,-1.260119796,-1.731348515,-2.091449913,-1.374948036,-2,0.6440275908,-0.6131168008,0.01942799613,0.6163254379,-0.5396383031,0,0.2926617791,0.08089465942,5.343157645,0.02117631957,1.19757092,0.0004041665234,0.1469101708,-0.7524036508,-0.02275918339,0.6937442592,0.004859173893,-0.2752766432,-0.03464757138,1,0,0,0
18.79044843,16.77036667,torque,figure8,-2.094222307,-1.271507859,-1.731559038,-2.085279121,-1.380277064,-2,0.6595773101,-0.6154084802,0.0107107833,0.6205451031,-0.5285040533,0,0.2897779674,0.09586768732,5.915767896,-0.0182620883,-0.5134107471,-0.01489045005,0.328216391,-0.957607463,-0.02674270669,0.6910068144,0.05320524574,-0.07392835704,-0.02620539374,1,0,0,0
18.80047131,16.78038955,torque,figure8,-2.094222307,-1.271507859,-1.731559038,-2.079038284,-1.385517967,-2,0.6595773101,-0.6154084802,0.0107107833,0.6247711282,-0.5172768798,0,0.2920435057,0.1046709232,5.925866126,-0.0182620883,-0.5134107471,-0.01489045005,0.1962471001,-0.9297013412,-0.0262778895,0.691159451,0.02081271919,-0.06071886167,-0.01687794918,1,0,0,0
18.81043935,16.79035759,torque,figure8,-2.079543352,-1.282870531,-1.731900692,-2.072789644,-1.390618381,-2,0.6742780209,-0.6141507626,0.008605399169,0.6289614269,-0.5060693835,0,0.28901981,0.1175126848,4.306296167,-0.04337013513,-2.158852816,-0.02809404023,0.3752116673,-0.788570153,-0.03593511994,0.6924632389,0.06545838611,0.1792547923,-0.05747434527,1,0,0,0
18.82047057,16.80038881,torque,figure8,-2.079543352,-1.282870531,-1.731900692,-2.066459294,-1.395638135,-2,0.6742780209,-0.6141507626,0.008605399169,0.6331655092,-0.4947497343,0,0.2911442322,0.1265736823,4.284885331,-0.04337013513,-2.158852816,-0.02809404023,0.2349397186,-0.749960237,-0.03015220093,0.6926560501,0.03068205724,0.195100309,-0.007851742883,1,0,0,0
18.83044863,16.81036687,torque,figure8,-2.069550037,-1.290322185,-1.73214817,-2.060120723,-1.400518434,-2,0.6832472682,-0.6060582995,0.009568256326,0.6373345099,-0.4834500747,0,0.2897873839,0.1312718923,2.551198951,-0.04602834955,-2.884013176,-0.03349543363,0.3166053669,-0.4502168546,-0.0372945746,0.6941505423,0.04961816848,0.3366064385,-0.03635963013,1,0,0,0
18.84048152,16.82039976,torque,figure8,-2.069550037,-1.290322185,-1.73214817,-2.053705441,-1.405311676,-2,0.6832472682,-0.6060582995,0.009568256326,0.6415134664,-0.4720490078,0,0.2919216281,0.1406831618,2.444610126,-0.04602834955,-2.884013176,-0.03349543363,0.1895729347,-0.4289007774,-0.02779740483,0.6943921401,0.01963467675,0.345893596,0.02768912482,1,0,0,0
18.85044742,16.83036566,torque,figure8,-2.05427742,-1.30122304,-1.732542992,-2.047291553,-1.409959477,-2,0.6952729225,-0.5781735778,0.009440490045,0.6456515722,-0.4606859676,0,0.2888003922,0.1278856513,3.490585667,0.01106362324,-2.935351133,-0.03659618646,0.3764529919,0.1857831289,-0.04782101681,0.6933268462,0.0553421583,0.4383052045,-0.06691170957,1,0,0,0
18.86047626,16.8403945,torque,figure8,-2.05427742,-1.30122304,-1.732542992,-2.040795591,-1.414522127,-2,0.6952729225,-0.5781735778,0.009440490045,0.6498027045,-0.4492137498,0,0.2907777403,0.137066775,3.297067552,0.01106362324,-2.935351133,-0.03659618646,0.2378115346,0.1725132315,-0.03018327921,0.6936509269,0.02165985352,0.4358429772,0.02574181468,1,0,0,0
18.87044048,16.85035872,torque,figure8,-2.043948412,-1.308052659,-1.732841969,-2.034300315,-1.418941257,-2,0.7022412419,-0.5486289263,0.005972298793,0.6539139862,-0.4377791971,0,0.2894180033,0.1210737563,5.486458425,0.03907170892,-2.247412682,-0.02940103039,0.31604844,0.594445862,-0.0400664382,0.6903485238,0.03641601033,0.4035058163,-0.02280792492,1,0,0,0
18.88046575,16.86038399,torque,figure8,-2.043948412,-1.308052659,-1.732841969,-2.027723976,-1.423272291,-2,0.7022412419,-0.5486289263,0.005972298793,0.6580371829,-0.4262390739,0,0.2913969967,0.130264896,5.324557123,0.03907170892,-2.247412682,-0.02940103039,0.1890581223,0.5482970973,-0.02124857078,0.6907232718,0.006712513166,0.3905561532,0.05686832134,1,0,0,0
18.89046311,16.87038136,torque,figure8,-2.038733482,-1.31131053,-1.733005762,-2.021124839,-1.427475891,-2,0.7054240108,-0.531260252,0.004043109249,0.6621355702,-0.4146965049,0,0.2917025514,0.1244079698,6.154073822,0.04637183249,-1.749443889,-0.02634103969,0.1813914701,0.7126323084,-0.01868856022,0.6890823297,0.00577788927,0.3448528789,0.05508110839,1,0,0,0
18.90047812,16.88039637,torque,figure8,-2.028259277,-1.317393899,-1.733389854,-2.014473041,-1.431571038,-2,0.7113382816,-0.4934666753,0.001293204259,0.6662277535,-0.4030999051,0,0.2903574507,0.1010088377,7.248416965,0.0735154748,-0.5242471695,-0.02357676625,0.2662593531,0.9968862094,-0.02986524927,0.6862854648,0.02321494244,0.222276771,0.006315262559,1,0,0,0
18.91043901,16.89035726,torque,figure8,-2.017666817,-1.322954297,-1.733770847,-2.007816604,-1.435528693,-2,0.7166498303,-0.4554026425,0.001744313049,0.6702844006,-0.3915334875,0,0.2892196103,0.07894342697,7.207200804,0.08492320776,0.7973489761,-0.01082840096,0.3298886095,1.110466344,-0.03727655724,0.6859167379,0.03647164362,0.06039232108,-0.01810199254,1,0,0,0
18.9204905,16.90040874,torque,figure8,-2.017666817,-1.322954297,-1.733770847,-2.001058732,-1.439405395,-2,0.7166498303,-0.4554026425,0.001744313049,0.6743642931,-0.3798299736,0,0.2910578093,0.08661603527,7.05240628,0.08492320776,0.7973489761,-0.01082840096,0.1943413951,0.98642284,-0.01798608878,0.6863321494,0.003572607877,0.02385929412,0.02491977864,1,0,0,0
18.93043804,16.91035628,torque,figure8,-2.001613617,-1.33018887,-1.734316111,-1.994330441,-1.443126032,-2,0.7247979641,-0.4049283266,0.00617366191,0.6783884089,-0.3682168888,0,0.2887832685,0.05949529879,5.042606779,0.08541699499,2.486831665,-0.002289161785,0.366152829,0.9028354977,-0.03450825912,0.6892221265,0.04530237267,-0.201905095,0.001794193286,1,0,0,0
18.94048619,16.92040443,torque,figure8,-2.001613617,-1.33018887,-1.734316111,-1.987493528,-1.44676687,-2,0.7247979641,-0.4049283266,0.00617366191,0.6824394252,-0.3564563861,0,0.2904784605,0.06466752614,4.862922158,0.08541699499,2.486831665,-0.002289161785,0.2204680161,0.7581637446,-0.02021035051,0.6895853443,0.009110759021,-0.2436386987,0.005629289211,1,0,0,0
18.95044708,16.93036532,torque,figure8,-1.990764618,-1.334519267,-1.734585285,-1.98067588,-1.450259309,-2,0.7308739424,-0.3799714446,0.009864140302,0.6864414898,-0.3447692396,0,0.2897283396,0.0575390245,2.709952812,0.1048672125,3.108743429,0.003497524885,0.2892622816,0.4688189754,-0.0245109658,0.6919355722,0.0239101304,-0.3642275205,0.003366526864,1,0,0,0
18.960495,16.94041324,torque,figure8,-1.990764618,-1.334519267,-1.734585285,-1.973758353,-1.453664174,-2,0.7308739424,-0.3799714446,0.009864140302,0.6904645449,-0.3329519195,0,0.2914269937,0.06277783375,2.486549274,0.1048672125,3.108743429,0.003497524885,0.1570951214,0.3488966639,-0.01637601399,0.6922409172,-0.00743153538,-0.3961902351,-0.01534972477,1,0,0,0
18.97044182,16.95036006,torque,figure8,-1.974275708,-1.340206623,-1.734953642,-1.966870675,-1.456917695,-2,0.7414532304,-0.3587270975,0.009130430408,0.6944332214,-0.3212266688,0,0.2896996388,0.06083196658,3.00291644,0.1399192512,2.943274498,0.006721485406,0.322676429,-0.1740711359,-0.02240944012,0.6914435531,0.02958007491,-0.4333469567,0.01030587441,1,0,0,0
18.9804678,16.96038604,torque,figure8,-1.974275708,-1.340206623,-1.734953642,-1.959888308,-1.460078951,-2,0.7414532304,-0.3587270975,0.009130430408,0.6984194001,-0.3093820619,0,0.2912489386,0.06610754756,2.978869722,0.1399192512,2.943274498,0.006721485406,0.1791185848,-0.2679426724,-0.02108999504,0.691643227,-0.005404785682,-0.4559657719,-0.02810914246,1,0,0,0
18.99040294,16.97032118,torque,figure8,-1.968706369,-1.342062473,-1.735087872,-1.952929849,-1.463094296,-2,0.7454630136,-0.3559711576,0.005900036544,0.7023554395,-0.297619918,0,0.2916779671,0.07278695308,4.106483517,0.1438621879,2.574008465,0.005489373114,0.1540383448,-0.496773796,-0.02252493882,0.6900664435,-0.009869499282,-0.4382742989,-0.03537304726,1,0,0,0
19.00046873,16.98038697,torque,figure8,-1.96311903,-1.343765378,-1.735249043,-1.945840074,-1.466029999,-2,0.7496458292,-0.3548954725,0.002112027956,0.7063289231,-0.2856788318,0,0.2921305689,0.08168083234,5.129144152,0.1441041082,2.075918436,0.004346934147,0.130309546,-0.6957499742,-0.02414365902,0.6882200666,-0.01326128442,-0.3969330105,-0.03952237896,1,0,0,0
19.01042938,16.99034762,torque,figure8,-1.957495093,-1.345484376,-1.735432863,-1.938785054,-1.4688166,-2,0.7538007498,-0.3553599715,-0.0006609956617,0.7102466361,-0.273839394,0,0.292500723,0.09242836302,5.945231769,0.1482454836,1.487741828,0.001349908416,0.1086410362,-0.8603543201,-0.02570779233,0.6866975355,-0.0166055826,-0.337542206,-0.03810279441,1,0,0,0
19.02051616,17.0004344,torque,figure8,-1.946129799,-1.349023581,-1.735821009,-1.931601009,-1.471518195,-2,0.761870265,-0.3588136733,-0.002194830449,0.7141994138,-0.2618276211,0,0.2915588376,0.1080908028,6.671860087,0.1214844286,0.1470155567,-0.00751262391,0.1744761105,-1.039489741,-0.02629867202,0.6854446863,0.005070814091,-0.1764300859,-0.0191977069,1,0,0,0
19.0304451,17.01036334,torque,figure8,-1.934680462,-1.352433443,-1.73621583,-1.924490507,-1.47405908,-2,0.7694697976,-0.3623048961,-0.001691332087,0.7180759696,-0.2499827239,0,0.2906522304,0.1235332204,6.15521886,0.06033972278,-1.246653795,-0.01788363606,0.229507553,-1.040195967,-0.02799575003,0.6863780574,0.02701622994,0.01664080125,-0.02307059489,1,0,0,0
19.04046679,17.02038503,torque,figure8,-1.934680462,-1.352433443,-1.73621583,-1.917274629,-1.476504336,-2,0.7694697976,-0.3623048961,-0.001691332087,0.7219741991,-0.2380069459,0,0.2920250638,0.1330739378,6.239328072,0.06033972278,-1.246653795,-0.01788363606,0.09183958706,-1.034878932,-0.02759812325,0.6865012872,-0.005983147419,0.02547195022,-0.00445447944,1,0,0,0
19.05041623,17.03033447,torque,figure8,-1.928901196,-1.354192734,-1.736402512,-1.910072194,-1.478813147,-2,0.7730025053,-0.3628965616,-0.001342385658,0.7258298034,-0.2260983391,0,0.2921787372,0.1447094312,5.562424761,0.0280965548,-1.896939874,-0.02455708757,0.07341488693,-0.9654748278,-0.02714623904,0.6876021664,-0.003894867177,0.1279132164,0.01016355407,1,0,0,0
19.06046629,17.04038453,torque,figure8,-1.917267799,-1.357709169,-1.736756086,-1.902758053,-1.481024924,-2,0.7796094418,-0.3594198227,0.0002600791631,0.7297096256,-0.2140509061,0,0.29105784,0.1536950917,3.415427189,-0.01293810178,-2.886218309,-0.03062462062,0.1521505407,-0.6949988495,-0.02951458626,0.6900719353,0.02154367863,0.3021849592,-0.005303690631,1,0,0,0
19.07044268,17.05036092,torque,figure8,-1.905540347,-1.36113739,-1.737067699,-1.895459037,-1.483100652,-2,0.7852466106,-0.3478759825,0.002783206757,0.7335462461,-0.2020744638,0,0.2900173526,0.1547215461,1.362620018,-0.03574150056,-3.387542486,-0.03268356249,0.2183336584,-0.2784253075,-0.03594218356,0.691646952,0.03928403959,0.4317082267,-0.03918069037,1,0,0,0
19.0804522,17.06037045,torque,figure8,-1.905540347,-1.36113739,-1.737067699,-1.888097383,-1.485063115,-2,0.7852466106,-0.3478759825,0.002783206757,0.7373807532,-0.1900418664,0,0.2911962173,0.1649560389,1.187394545,-0.03574150056,-3.387542486,-0.03268356249,0.08159215743,-0.2919431301,-0.02303689694,0.6919545637,0.006882193825,0.4323635955,0.04365631525,1,0,0,0
19.09044385,17.07036209,torque,figure8,-1.88781023,-1.365898132,-1.737522364,-1.880710676,-1.486901876,-2,0.7919492126,-0.3120871782,0.002335035242,0.7411934898,-0.1780153826,0,0.2891138518,0.1433765746,4.562583794,-0.0160242673,-2.908181429,-0.03614849597,0.2596804354,0.4638061857,-0.04358131729,0.6891737728,0.04519189475,0.4781934108,-0.0578833079,1,0,0,0
19.10046148,17.08037972,torque,figure8,-1.88781023,-1.365898132,-1.737522364,-1.873266587,-1.488624713,-2,0.7919492126,-0.3120871782,0.002335035242,0.7450011006,-0.1659431683,0,0.2901169433,0.1535175861,4.362438505,-0.0160242673,-2.908181429,-0.03614849597,0.1158467541,0.4010780352,-0.02199002907,0.6896190521,0.010614521,0.4622822399,0.04626050632,1,0,0,0
19.11043453,17.09035277,torque,figure8,-1.875895977,-1.368603945,-1.737817526,-1.865817814,-1.490219686,-2,0.7952224612,-0.2780326903,0.003194518387,0.7487767268,-0.1539112821,0,0.2891912994,0.132565211,6.585624175,-0.008023923263,-1.833170772,-0.02689148299,0.1906546922,0.8396211155,-0.03149276952,0.6867550398,0.02702388789,0.3821404234,-0.006446026164,1,0,0,0
19.1204741,17.10039234,torque,figure8,-1.875895977,-1.368603945,-1.737817526,-1.858281404,-1.491704036,-2,0.7952224612,-0.2780326903,0.003194518387,0.7525623033,-0.1417866231,0,0.2901784887,0.1428043586,6.400455296,-0.008023923263,-1.833170772,-0.02689148299,0.06075392946,0.7450807433,-0.009635961455,0.6872693148,-0.002924203453,0.3563835846,0.07561811593,1,0,0,0
19.13044095,17.11035919,torque,figure8,-1.857951283,-1.371831894,-1.738165617,-1.850762063,-1.493057169,-2,0.7992715836,-0.2206392437,0.01076572388,0.7563052671,-0.1297383318,0,0.2886251832,0.1011186479,7.818714077,-0.05377333611,0.1663499773,-0.01025167387,0.2502922798,1.208565598,-0.03657965997,0.6860843482,0.0474913289,0.1663630576,-0.03095216523,1,0,0,0
19.14046049,17.12037873,torque,figure8,-1.857951283,-1.371831894,-1.738165617,-1.843165445,-1.494296365,-2,0.7992715836,-0.2206392437,0.01076572388,0.7600526835,-0.1176158258,0,0.2894363692,0.1107603158,7.632367642,-0.05377333611,0.1663499773,-0.01025167387,0.1090788364,1.05698175,-0.01303259275,0.6866329879,0.01333431341,0.1226835259,0.03164581841,1,0,0,0
19.1504364,17.13035464,torque,figure8,-1.845928311,-1.373300433,-1.738313675,-1.835564681,-1.495409447,-2,0.8021284342,-0.1824978143,0.01515593007,0.7637684312,-0.1055366049,0,0.2889597702,0.08731677849,7.017821057,-0.0744419992,1.482087731,0.003101151902,0.1980768241,1.116270958,-0.02373346044,0.6881756055,0.03678955464,-0.04061379061,-0.007693789872,1,0,0,0
19.16046762,17.14038587,torque,figure8,-1.845928311,-1.373300433,-1.738313675,-1.827884474,-1.496407151,-2,0.8021284342,-0.1824978143,0.01515593007,0.7674892612,-0.09338183225,0,0.2897595155,0.09680512783,6.824199342,-0.0744419992,1.482087731,0.003101151902,0.06815073923,0.9609815049,-0.005027669801,0.6887060446,0.006386325623,-0.08372984028,0.02156207738,1,0,0,0
19.170398,17.15031624,torque,figure8,-1.839899182,-1.373839378,-1.73836422,-1.820244794,-1.497274692,-2,0.8037857413,-0.164950639,0.01724482141,0.7711572796,-0.0813417602,0,0.2899583646,0.09139171185,6.009169296,-0.08419122547,2.029856682,0.007171406411,0.0670859195,0.8684369837,-0.005272158045,0.6902394902,0.008962693324,-0.1730865279,0.005276025897,1,0,0,0
19.18046522,17.16038346,torque,figure8,-1.827777505,-1.374583483,-1.738398552,-1.812462729,-1.498032109,-2,0.8078423738,-0.134845078,0.02190040238,0.7748601283,-0.06912913412,0,0.2896712334,0.0767205411,4.008307166,-0.08082186431,2.814547539,0.017201012,0.1700924211,0.6898527003,-0.01730688778,0.6931973765,0.03288450919,-0.294844256,-0.02180503164,1,0,0,0
19.19044113,17.17035937,torque,figure8,-1.815637112,-1.374833822,-1.738373756,-1.804714557,-1.498661348,-2,0.8129878044,-0.1125385761,0.02459790744,0.7785137038,-0.05702168114,0,0.289656434,0.06982582827,1.974185122,-0.06093390286,3.080941916,0.02098235302,0.255826254,0.3782863,-0.02223640361,0.6949752238,0.04852880083,-0.3695542459,-0.01645119108,1,0,0,0
19.20046377,17.18038201,torque,figure8,-1.815637112,-1.374833822,-1.738373756,-1.796893465,-1.499171878,-2,0.8129878044,-0.1125385761,0.02459790744,0.7821685941,-0.04485288605,0,0.2902749863,0.07833411398,1.70015076,-0.06093390286,3.080941916,0.02098235302,0.1150915423,0.2277824975,-0.01468728764,0.6953285918,0.01453223916,-0.4087103035,-0.04017696197,1,0,0,0
19.2104373,17.19035554,torque,figure8,-1.797201395,-1.374837399,-1.738325357,-1.789074415,-1.499558818,-2,0.8231388927,-0.09456551075,0.02052547783,0.7857897805,-0.03274009771,0,0.2899915497,0.07509083242,3.254010422,-0.03430243209,2.380001545,0.01502812188,0.3208635479,-0.2218135932,-0.02288983915,0.6933033584,0.05794707161,-0.3604177454,-0.006410026412,1,0,0,0
19.22044945,17.20036769,torque,figure8,-1.797201395,-1.374837399,-1.738325357,-1.781188838,-1.499825733,-2,0.8231388927,-0.09456551075,0.02052547783,0.7894090702,-0.02057774899,0,0.2904343374,0.08386408678,3.279463258,-0.03430243209,2.380001545,0.01502812188,0.1679664297,-0.3408539661,-0.02166017606,0.6935354165,0.02024570925,-0.388485727,-0.04029719222,1,0,0,0
19.23044944,17.21036768,torque,figure8,-1.784813643,-1.37450397,-1.738358498,-1.773276747,-1.499970765,-2,0.8309822083,-0.09100194275,0.01520180143,0.7930079693,-0.008428502746,0,0.2903985062,0.09214939277,4.849931223,-0.03785419464,1.35152638,0.004551749676,0.2586669007,-0.6113782126,-0.02491866541,0.6909123001,0.04138812948,-0.2812713633,-0.02427791044,1,0,0,0
19.24047685,17.22039509,torque,figure8,-1.784813643,-1.37450397,-1.738358498,-1.765306907,-1.499994198,-2,0.8309822083,-0.09100194275,0.01520180143,0.7966006113,0.003754739105,0,0.2908342928,0.1019412465,4.933689369,-0.03785419464,1.35152638,0.004551749676,0.1188873329,-0.6903900892,-0.02546047968,0.6910949536,0.008414706432,-0.2960907451,-0.04431372774,1,0,0,0
19.2504437,17.23036194,torque,figure8,-1.765954494,-1.373999476,-1.738559008,-1.757349579,-1.499896429,-2,0.8436890244,-0.09137523919,0.007957088761,0.8001554835,0.0158641019,0,0.2903023934,0.1160118991,5.443483705,-0.07567139715,-0.5257114768,-0.01343692467,0.3376463099,-0.8152375871,-0.0308643394,0.6887414108,0.06421372891,-0.05118790088,-0.03449894181,1,0,0,0
19.26046538,17.24038363,torque,figure8,-1.765954494,-1.373999476,-1.738559008,-1.749312828,-1.499676437,-2,0.8436890244,-0.09137523919,0.007957088761,0.803713685,0.02803879995,0,0.2905564246,0.1261786661,5.530154425,-0.07567139715,-0.5257114768,-0.01343692467,0.1831643837,-0.8624660406,-0.03025486486,0.6889238041,0.02639221233,-0.05616751522,-0.02341550042,1,0,0,0
19.27044344,17.25036168,torque,figure8,-1.753208399,-1.373602867,-1.738776922,-1.741275721,-1.499336197,-2,0.8519486189,-0.09013220668,0.006326018367,0.8072401563,0.04015822933,0,0.2901529864,0.1378929398,4.58752385,-0.09177833796,-1.700929642,-0.02653963119,0.2856459767,-0.7569471058,-0.03493079316,0.6895903118,0.05199891517,0.1227453031,-0.03106563244,1,0,0,0
19.28047061,17.26038885,torque,figure8,-1.753208399,-1.373602867,-1.738776922,-1.733163688,-1.498872476,-2,0.8519486189,-0.09013220668,0.006326018367,0.8107675903,0.05233404915,0,0.2903993144,0.1484335867,4.658022596,-0.09177833796,-1.700929642,-0.02653963119,0.1434086079,-0.7923669403,-0.03107920037,0.6898261259,0.0185263147,0.1206405615,0.004694506962,1,0,0,0
19.29045248,17.27037072,torque,figure8,-1.733823538,-1.372904658,-1.739114761,-1.725053253,-1.498289608,-2,0.8633055687,-0.07802536339,0.007509248797,0.814262693,0.06445063076,0,0.2895848946,0.1508674961,2.364047603,-0.08767847717,-2.852695465,-0.03695360944,0.3728588003,-0.317112234,-0.0459885446,0.6916001247,0.07061830368,0.3494679122,-0.06854271618,1,0,0,0
19.30047631,17.28039455,torque,figure8,-1.733823538,-1.372904658,-1.739114761,-1.716873698,-1.497582604,-2,0.8633055687,-0.07802536339,0.007509248797,0.8177559554,0.07661291213,0,0.2896428749,0.1613820075,2.227426634,-0.08767847717,-2.852695465,-0.03695360944,0.2157542274,-0.363867097,-0.03386292479,0.6919771397,0.03236882056,0.3426538976,0.01305863469,1,0,0,0
19.31045699,17.29037523,torque,figure8,-1.720726848,-1.372261763,-1.739297628,-1.70869465,-1.496757548,-2,0.8700502515,-0.0603313148,0.009799412452,0.8212176477,0.08871663987,0,0.2891534211,0.1571494336,2.831542274,-0.06056209281,-2.986175299,-0.03844568133,0.3205595248,0.07181657737,-0.04357979265,0.692015271,0.05244010466,0.4268245574,-0.03296119716,1,0,0,0
19.32048702,17.30040526,torque,figure8,-1.720726848,-1.372261763,-1.739297628,-1.700440435,-1.495806747,-2,0.8700502515,-0.0603313148,0.009799412452,0.8246797689,0.1008730053,0,0.2892068951,0.1677538136,2.535653246,-0.06056209281,-2.986175299,-0.03844568133,0.1759723055,0.00634824653,-0.02756403753,0.6925051827,0.01861743453,0.4133275892,0.05440724583,1,0,0,0
19.33047104,17.31038928,torque,figure8,-1.70078826,-1.370776296,-1.739603996,-1.692189684,-1.494739256,-2,0.8790567517,-0.01747958921,0.007770633325,0.8281093222,0.1129654391,0,0.2885252672,0.1402566531,6.029129082,-0.00729810074,-2.15658164,-0.03078412078,0.4045576524,0.7334327302,-0.05545919164,0.6880288628,0.06399031045,0.4150122919,-0.07701513986,1,0,0,0
19.34049726,17.3204155,torque,figure8,-1.70078826,-1.370776296,-1.739603996,-1.683869686,-1.493545801,-2,0.8790567517,-0.01747958921,0.007770633325,0.8315365497,0.1250998046,0,0.2883828504,0.1504906505,5.766547323,-0.00729810074,-2.15658164,-0.03078412078,0.244042068,0.6149635178,-0.03141373775,0.6886614716,0.02484197474,0.3839339833,0.02761487373,1,0,0,0
19.35044646,17.3303647,torque,figure8,-1.687353015,-1.369243503,-1.739840984,-1.675579708,-1.492241299,-2,0.8840937614,0.01869863272,0.007695474196,0.834920721,0.137130902,0,0.2880100381,0.128465601,7.349432242,-0.002226658864,-1.064147472,-0.02120327577,0.3454623347,0.9859495647,-0.04411541659,0.6858731302,0.04766974077,0.2949651551,-0.02742751551,1,0,0,0
19.36047435,17.34039259,torque,figure8,-1.687353015,-1.369243503,-1.739840984,-1.667190187,-1.490805411,-2,0.8840937614,0.01869863272,0.007695474196,0.8383147192,0.1492460127,0,0.2878655081,0.1385552578,7.09605633,-0.002226658864,-1.064147472,-0.02120327577,0.197511294,0.8459414982,-0.02085804731,0.6865631121,0.01271243086,0.257650974,0.05156325623,1,0,0,0
19.37045145,17.35036969,torque,figure8,-1.667013526,-1.365970135,-1.740129232,-1.65880946,-1.489256288,-2,0.8910582662,0.07596728951,0.01216393523,0.8416745885,0.1612877077,0,0.287749193,0.09932916338,7.638573894,0.03682618588,0.8482632041,-0.009262359701,0.421942468,1.215572852,-0.04922506271,0.68581762,0.0603055453,0.07233541333,-0.03565975705,1,0,0,0
19.38048172,17.36039996,torque,figure8,-1.667013526,-1.365970135,-1.740129232,-1.650350368,-1.48757787,-2,0.8910582662,0.07596728951,0.01216393523,0.8450352605,0.1733804618,0,0.2874002749,0.1084223432,7.380877638,0.03682618588,0.8482632041,-0.009262359701,0.2577545066,1.024301537,-0.02601264161,0.6865047082,0.01967127848,0.01907525968,0.01630992978,1,0,0,0
19.39045024,17.37036848,torque,figure8,-1.65331471,-1.363109946,-1.740284443,-1.641910042,-1.485789679,-2,0.8958476186,0.1112308726,0.01575188339,0.8483581859,0.1853847713,0,0.2874587865,0.0894548419,6.297414825,0.06187168509,2.004145145,0.005389498547,0.3547536087,1.007109506,-0.03563131469,0.6884592064,0.03968000204,-0.1312743569,-0.01244399545,1,0,0,0
19.40046477,17.38038301,torque,figure8,-1.65331471,-1.363109946,-1.740284443,-1.633397486,-1.483872813,-2,0.8958476186,0.1112308726,0.01575188339,0.8516792602,0.1974294661,0,0.2871106693,0.09812829991,6.028609146,0.06187168509,2.004145145,0.005389498547,0.2034942448,0.8240396956,-0.01829420937,0.6890878727,0.003480412562,-0.1801913269,0.00453948099,1,0,0,0
19.41043878,17.39035702,torque,figure8,-1.632582307,-1.357933283,-1.740382433,-1.624886411,-1.481843893,-2,0.9040242434,0.1521542072,0.02159786783,0.8549697017,0.2094094736,0,0.2877748205,0.07842819319,3.343994106,0.1007062346,3.011477947,0.01521137077,0.4202793452,0.608083284,-0.03463957793,0.6925694814,0.05110336695,-0.3217067418,-0.0004313120525,1,0,0,0
19.42045951,17.40037775,torque,figure8,-1.632582307,-1.357933283,-1.740382433,-1.616302497,-1.479685222,-2,0.9040242434,0.1521542072,0.02159786783,0.8582582149,0.2214286154,0,0.2872104594,0.08579009783,3.035278661,0.1007062346,3.011477947,0.01521137077,0.2528670463,0.4167518123,-0.02449299559,0.6930427917,0.009650295146,-0.372266687,-0.02214426124,1,0,0,0
19.43044257,17.41036081,torque,figure8,-1.618631601,-1.354014039,-1.740384579,-1.60771817,-1.477414992,-2,0.9104428887,0.1693262756,0.02309221961,0.8615170125,0.2333846672,0,0.287657896,0.08384789512,2.264162993,0.1260580868,2.994096518,0.01654621027,0.3413913291,0.09943172436,-0.02862357681,0.6936885123,0.02846446944,-0.4050427658,-0.01296100338,1,0,0,0
19.44046474,17.42038298,torque,figure8,-1.618631601,-1.354014039,-1.740384579,-1.599067585,-1.475015904,-2,0.9104428887,0.1693262756,0.02309221961,0.8647710847,0.2453685952,0,0.2870964455,0.09166023485,2.094912062,0.1260580868,2.994096518,0.01654621027,0.188045631,-0.05402821305,-0.02430602305,0.6940429698,-0.007925096644,-0.44211547,-0.04587159205,1,0,0,0
19.45044708,17.43036532,torque,figure8,-1.59747529,-1.347711682,-1.740416527,-1.590419035,-1.472507055,-2,0.9216067195,0.1802134961,0.01554010995,0.8679947447,0.2572850707,0,0.2881097975,0.09516179098,4.521411626,0.1264397353,1.926153064,0.007948337123,0.3950491295,-0.4531075459,-0.02829820912,0.6902745536,0.04331975228,-0.3339984741,-0.00434383414,1,0,0,0
19.46047211,17.44039035,torque,figure8,-1.59747529,-1.347711682,-1.740416527,-1.581701212,-1.469867866,-2,0.9216067195,0.1802134961,0.01554010995,0.8712145592,0.2692315908,0,0.2873230487,0.1034653856,4.598641049,0.1264397353,1.926153064,0.007948337123,0.2265181164,-0.5756168134,-0.02949503655,0.6904810491,0.002028033717,-0.3607523107,-0.03927909416,1,0,0,0
19.47045231,17.45037055,torque,figure8,-1.583200097,-1.343460202,-1.740522385,-1.572990393,-1.467121623,-2,0.9292793274,0.1800488085,0.01375245862,0.874402366,0.2811029283,0,0.2876195715,0.1158125475,5.670016871,0.08147507161,0.7267257571,-0.005190340802,0.3138974101,-0.7724271656,-0.03110964341,0.6889525951,0.03026047603,-0.218167712,-0.02305926036,1,0,0,0
19.4804759,17.46039414,torque,figure8,-1.583200097,-1.343460202,-1.740522385,-1.564209767,-1.464244301,-2,0.9292793274,0.1800488085,0.01375245862,0.877586281,0.2930030518,0,0.2868415311,0.1249798474,5.788577521,0.08147507161,0.7267257571,-0.005190340802,0.1603280185,-0.8572389943,-0.03273904776,0.6891133619,-0.005881109645,-0.2329363438,-0.03742554739,1,0,0,0
19.49044991,17.47036815,torque,figure8,-1.561589003,-1.337046027,-1.740656137,-1.555440993,-1.461262933,-2,0.9402714372,0.1777991354,0.01487832423,0.8807367211,0.3048206332,0,0.287622803,0.1410680965,5.349091814,-0.01237210725,-1.205915213,-0.02612696402,0.379009121,-0.8187507033,-0.03697841125,0.689951855,0.05985350124,0.04545640874,-0.03952772716,1,0,0,0
19.50046468,17.48038292,torque,figure8,-1.561589003,-1.337046027,-1.740656137,-1.54660485,-1.45815091,-2,0.9402714372,0.1777991354,0.01487832423,0.8838821876,0.3166618058,0,0.2866184858,0.1506119292,5.456977837,-0.01237210725,-1.205915213,-0.02612696402,0.2118224265,-0.8816127747,-0.03553677122,0.6901467871,0.01908743228,0.03694605068,-0.01361036648,1,0,0,0
19.51044822,17.49036646,torque,figure8,-1.547036409,-1.332794189,-1.740717649,-1.537764999,-1.454930686,-2,0.9471057653,0.1799414009,0.01563530043,0.8869999768,0.3284404455,0,0.2867588188,0.160963147,3.977222936,-0.06569960713,-2.306949377,-0.03793106228,0.3139104453,-0.6654673959,-0.04074154995,0.691902514,0.05065560508,0.2227843084,-0.03089137004,1,0,0,0
19.52047133,17.50038958,torque,figure8,-1.547036409,-1.332794189,-1.740717649,-1.528858882,-1.451579537,-2,0.9471057653,0.1799414009,0.01563530043,0.8901121165,0.3402391039,0,0.2857756436,0.1708452288,4.045238588,-0.06569960713,-2.306949377,-0.03793106228,0.1614988786,-0.7215479652,-0.03489578036,0.6921863714,0.01502516524,0.2154415602,0.02097326203,1,0,0,0
19.53044438,17.51036263,torque,figure8,-1.525010467,-1.326227665,-1.740806818,-1.519966384,-1.448127889,-2,0.9562560916,0.196443513,0.01762953028,0.8931907377,0.351951347,0,0.2864720107,0.1687327047,2.419872475,-0.0915581286,-3.132547379,-0.04697781801,0.4027844393,-0.09076012325,-0.05272407391,0.6935178917,0.07442476031,0.4255392663,-0.07250139552,1,0,0,0
19.54046392,17.52038217,torque,figure8,-1.525010467,-1.326227665,-1.740806818,-1.511001603,-1.444542667,-2,0.9562560916,0.196443513,0.01762953028,0.8962655948,0.363689635,0,0.2852644276,0.1785523042,2.137332922,-0.0915581286,-3.132547379,-0.04697781801,0.2356431745,-0.1710159775,-0.03712424483,0.6939960403,0.03398752972,0.4092702731,0.0258721789,1,0,0,0
19.55044436,17.53036261,torque,figure8,-1.510205507,-1.321643829,-1.740840435,-1.502041269,-1.440854659,-2,0.9614896774,0.2183711529,0.0192794092,0.8993103387,0.3753527152,0,0.2853796712,0.1699446283,4.064575485,-0.06980643421,-2.918892384,-0.05022503063,0.3474016662,0.3212628539,-0.04770028268,0.6928634096,0.05637399767,0.4557748242,-0.02214878067,1,0,0,0
19.56046867,17.54038692,torque,figure8,-1.510205507,-1.321643829,-1.740840435,-1.493011053,-1.43703342,-2,0.9614896774,0.2183711529,0.0192794092,0.902350206,0.3870365746,0,0.2842078235,0.179769845,3.744920497,-0.06980643421,-2.918892384,-0.05022503063,0.1942203875,0.2198868412,-0.02850198534,0.6934769267,0.02071333921,0.4322742165,0.07440784367,1,0,0,0
19.57045078,17.55036902,torque,figure8,-1.495330572,-1.316722751,-1.740816355,-1.483988662,-1.433112039,-2,0.9660542011,0.2488796115,0.01928241737,0.9053590306,0.3986399451,0,0.2843435727,0.1627386644,5.970095544,0.01425955351,-2.0365448,-0.0462080501,0.310422809,0.6922909213,-0.04039307759,0.6907512352,0.03690573849,0.3869591129,0.009080577904,1,0,0,0
19.58046174,17.56037998,torque,figure8,-1.495330572,-1.316722751,-1.740816355,-1.474910123,-1.429063157,-2,0.9660542011,0.2488796115,0.01928241737,0.9083582035,0.4102445352,0,0.283219921,0.1724507998,5.672936526,0.01425955351,-2.0365448,-0.0462080501,0.1645783931,0.563710336,-0.01913649587,0.6914663633,0.003397540483,0.3546285743,0.09472399089,1,0,0,0
19.59044242,17.57036066,torque,figure8,-1.472929478,-1.308493018,-1.74083662,-1.465829247,-1.42491104,-2,0.9714993834,0.3033041656,0.0211028792,0.9113299541,0.4217808754,0,0.2841992726,0.1345452433,7.517943976,0.04487770051,-0.1401040256,-0.02301940322,0.396572218,1.131887481,-0.04885689489,0.6883602079,0.05442949522,0.1994942508,-0.03660021576,1,0,0,0
19.60047293,17.58039117,torque,figure8,-1.472929478,-1.308493018,-1.74083662,-1.456673243,-1.42062236,-2,0.9714993834,0.3033041656,0.0211028792,0.9142980204,0.4333405229,0,0.2828478599,0.143620269,7.228197105,0.04487770051,-0.1401040256,-0.02301940322,0.2314745295,0.9409808219,-0.02423711812,0.6891309756,0.01410532444,0.1471729851,0.03549878141,1,0,0,0
19.61044717,17.59036541,torque,figure8,-1.450438023,-1.299104095,-1.740684509,-1.447539172,-1.416242937,-2,0.9761581421,0.3558601439,0.03186082467,0.917230966,0.4448003093,0,0.2845600734,0.1113457554,6.541501773,-0.01228269283,1.812132001,0.009280313738,0.4532498306,1.139330149,-0.0465369558,0.6919985456,0.07407010374,-0.06600609577,-0.02640548763,1,0,0,0
19.62047744,17.60039568,torque,figure8,-1.450438023,-1.299104095,-1.740684509,-1.438324384,-1.411723825,-2,0.9761581421,0.3558601439,0.03186082467,0.9201617524,0.4562883213,0,0.2829743233,0.1193169167,6.238919769,-0.01228269283,1.812132001,0.009280313738,0.2775476632,0.9123839684,-0.02628552947,0.6926997686,0.03013615207,-0.1287599594,-0.002717431464,1,0,0,0
19.63045382,17.61037207,torque,figure8,-1.435400009,-1.292232275,-1.740454435,-1.429130031,-1.407114872,-2,0.9799537659,0.3852283657,0.03743181005,0.9230581993,0.4676777372,0,0.2839035469,0.106939912,4.537278988,-0.04512323067,2.787379026,0.02066417225,0.3813367898,0.7654270537,-0.03190381783,0.6957478951,0.05853775001,-0.2726501327,-0.007873102705,1,0,0,0
19.64046907,17.62038732,torque,figure8,-1.435400009,-1.292232275,-1.740454435,-1.41987089,-1.402373865,-2,0.9799537659,0.3852283657,0.03743181005,0.9259472165,0.479073595,0,0.2823760321,0.1145634098,4.212307675,-0.04512323067,2.787379026,0.02066417225,0.2223400194,0.562730133,-0.01935162132,0.6963436173,0.02046501038,-0.3256675491,-0.02098477002,1,0,0,0
19.6504457,17.63036394,torque,figure8,-1.412767529,-1.281122684,-1.739988565,-1.410618784,-1.397537861,-2,0.9880729318,0.4146609604,0.03777154535,0.9288063932,0.4903868076,0,0.2848913065,0.1033131945,2.704856423,-0.01896836422,3.146068335,0.02468353137,0.4669356452,0.2187218481,-0.02791817882,0.6972192089,0.07374413374,-0.3956418395,0.0114413498,1,0,0,0
19.6604588,17.64037704,torque,figure8,-1.412767529,-1.281122684,-1.739988565,-1.401304261,-1.392570885,-2,0.9880729318,0.4146609604,0.03777154535,0.9316572008,0.5017016315,0,0.2831219774,0.1103879647,2.507532213,-0.01896836422,3.146068335,0.02468353137,0.2922585932,0.02380907663,-0.02466871914,0.6976103571,0.03068379742,-0.4452018744,-0.0375714163,1,0,0,0
19.6704464,17.65036464,torque,figure8,-1.397560358,-1.273436904,-1.739728689,-1.391985126,-1.387503902,-2,0.995118022,0.4233637452,0.03132296354,0.934481902,0.5129470403,0,0.2842244158,0.1126189764,4.053347274,0.009236879647,2.523809433,0.01975586452,0.4007278011,-0.3035904498,-0.02693070729,0.6949410202,0.05200339676,-0.3968147058,-0.018845486,1,0,0,0
19.68046689,17.66038513,torque,figure8,-1.397560358,-1.273436904,-1.739728689,-1.382607036,-1.382307565,-2,0.995118022,0.4233637452,0.03132296354,0.9372969388,0.5241878431,0,0.2825200486,0.1203740189,4.086101265,0.009236879647,2.523809433,0.01975586452,0.2402826594,-0.4520784449,-0.02800508651,0.6952115724,0.01403369751,-0.4304515787,-0.06273216432,1,0,0,0
19.69045973,17.67037797,torque,figure8,-1.374619126,-1.261497498,-1.739549875,-1.373226832,-1.377013608,-2,1.006742001,0.4242765903,0.02356900834,0.9400852268,0.5353551653,0,0.2849213538,0.1316703211,6.066168935,0.02284968831,0.8500967622,0.002650934737,0.4797713664,-0.7239624862,-0.02939048096,0.6911582527,0.06866572316,-0.2229416185,-0.02088455673,1,0,0,0
19.70048857,17.68040681,torque,figure8,-1.374619126,-1.261497498,-1.739549875,-1.363784916,-1.3715886,-2,1.006742001,0.4242765903,0.02356900834,0.9428644479,0.5465191833,0,0.2829694301,0.1399253065,6.17290223,0.02284968831,0.8500967622,0.002650934737,0.3030266448,-0.8391261987,-0.03346602159,0.6913275744,0.02529498602,-0.2459451751,-0.04671307574,1,0,0,0
19.71046185,17.6903801,torque,figure8,-1.359186411,-1.253525376,-1.739463806,-1.354367755,-1.366082827,-2,1.014294624,0.4215158224,0.025095772,0.9456092305,0.5575772092,0,0.2838512067,0.1544674143,6.269390209,-0.008820693009,-0.4980797768,-0.014051429,0.4082365984,-0.8765759978,-0.036140004,0.6917636007,0.05463142917,-0.05963545996,-0.03865030727,1,0,0,0
19.7204566,17.70037484,torque,figure8,-1.359186411,-1.253525376,-1.739463806,-1.344902965,-1.360454792,-2,1.014294624,0.4215158224,0.025095772,0.9483408106,0.5686139585,0,0.281987633,0.1631489042,6.385545399,-0.008820693009,-0.4980797768,-0.014051429,0.2471907888,-0.9621557507,-0.03807281738,0.6919398693,0.01653841925,-0.07379303262,-0.0344998461,1,0,0,0
19.73046088,17.71037912,torque,figure8,-1.343642235,-1.245549083,-1.739324093,-1.335401899,-1.35471115,-2,1.021686316,0.4204962552,0.02756841294,0.9510557859,0.5796151635,0,0.2827298862,0.1762597972,5.411711425,-0.04332618043,-1.737477899,-0.0289930217,0.3685848414,-0.817320969,-0.04170640864,0.693959497,0.05091918591,0.1232961674,-0.03513886244,1,0,0,0
19.7404604,17.72037864,torque,figure8,-1.343642235,-1.245549083,-1.739324093,-1.325878316,-1.348860498,-2,1.021686316,0.4204962552,0.02756841294,0.9537502056,0.59056417,0,0.280963937,0.185198348,5.507219338,-0.04332618043,-1.737477899,-0.0289930217,0.2161943007,-0.8895855133,-0.03978483846,0.6942055707,0.01561330462,0.1124055941,-0.002472178414,1,0,0,0
19.75045013,17.73036838,torque,figure8,-1.320090413,-1.233620763,-1.739062548,-1.316337237,-1.34290648,-2,1.031869173,0.429276228,0.02929602936,0.9564227081,0.6014547129,0,0.2829236792,0.1902520882,3.160818652,-0.04602669924,-2.944545507,-0.0467341356,0.4742780796,-0.3393442203,-0.05344655722,0.6967273262,0.07686567743,0.3652085467,-0.07055460669,1,0,0,0
19.76046872,17.74038696,torque,figure8,-1.320090413,-1.233620763,-1.739062548,-1.306741887,-1.336826245,-2,1.031869173,0.429276228,0.02929602936,0.9590835168,0.6123278765,0,0.2809233147,0.1991580155,3.044749116,-0.04602669924,-2.944545507,-0.0467341356,0.3020754035,-0.427121687,-0.04256291933,0.6971636804,0.03500889966,0.3481407241,0.01335972866,1,0,0,0
19.77046371,17.75038195,torque,figure8,-1.296327353,-1.22135818,-1.738765001,-1.297142678,-1.330652034,-2,1.040148377,0.4562915564,0.03099588305,0.9617186318,0.6231258171,0,0.2831775693,0.1869375305,4.294232594,0.007464175113,-2.95271945,-0.0498550795,0.5393848576,0.3409990385,-0.06655053319,0.6962018583,0.0822533804,0.4707670688,-0.1030574321,1,0,0,0
19.78046727,17.76038551,torque,figure8,-1.296327353,-1.22135818,-1.738765001,-1.287508951,-1.324364708,-2,1.040148377,0.4562915564,0.03099588305,0.9643365294,0.6338825428,0,0.2809480975,0.1955677364,3.94557027,0.007464175113,-2.95271945,-0.0498550795,0.3562868559,0.2122806664,-0.04575061456,0.6968518342,0.03707596382,0.4395973657,0.01422021587,1,0,0,0
19.7904551,17.77037334,torque,figure8,-1.280365467,-1.212846398,-1.738557577,-1.277864349,-1.317980175,-2,1.04471755,0.4854630232,0.02809262648,0.9669308134,0.644571089,0,0.2818004739,0.1793191253,6.174893739,0.04612169415,-2.329241514,-0.04764062166,0.4586532342,0.7112162146,-0.05731887878,0.6933501207,0.05561695329,0.4335410431,-0.03542409153,1,0,0,0
19.80046892,17.78038716,torque,figure8,-1.280365467,-1.212846398,-1.738557577,-1.268168738,-1.311472119,-2,1.04471755,0.4854630232,0.02809262648,0.9695122386,0.655235159,0,0.2796925696,0.1877967323,5.839911999,0.04612169415,-2.329241514,-0.04764062166,0.2929466826,0.5620956408,-0.03471163982,0.6941202741,0.01643150862,0.3959871411,0.06607127512,1,0,0,0
19.81045127,17.79036951,torque,figure8,-1.256255507,-1.199198127,-1.738341093,-1.258477967,-1.304878495,-2,1.050133109,0.540278852,0.02438933402,0.9720659567,0.6658127451,0,0.2822032302,0.1498268274,8.243641292,0.1337990612,-0.6050937772,-0.03707594052,0.5234857504,1.239708132,-0.06331966316,0.6886629652,0.05970120258,0.2820366034,-0.04831010339,1,0,0,0
19.82046843,17.80038667,torque,figure8,-1.256255507,-1.199198127,-1.738341093,-1.248727877,-1.298156006,-2,1.050133109,0.540278852,0.02438933402,0.9746088623,0.6763731933,0,0.2798476562,0.1575449816,7.922346142,0.1337990612,-0.6050937772,-0.03707594052,0.3422678524,1.025936837,-0.03690213171,0.6895160419,0.01507035565,0.2236735424,0.04006891936,1,0,0,0
19.8304503,17.81036854,torque,figure8,-1.240086913,-1.189443588,-1.73819375,-1.238986893,-1.291352243,-2,1.05282402,0.5783017874,0.02686518617,0.9771231112,0.686841759,0,0.280943226,0.1350307051,8.074394767,0.1601229012,0.7385825515,-0.02212424017,0.4316471844,1.234818965,-0.04613686353,0.6893597601,0.03414609317,0.08172185514,0.0004180844331,1,0,0,0
19.84046674,17.82038498,torque,figure8,-1.240086913,-1.189443588,-1.73819375,-1.229187044,-1.284420154,-2,1.05282402,0.5783017874,0.02686518617,0.9796262503,0.6972908594,0,0.2787146705,0.1422605041,7.754609355,0.1601229012,0.7385825515,-0.02212424017,0.267050512,1.018317032,-0.02422799119,0.690190792,-0.004992453715,0.02400364369,0.04923232778,1,0,0,0
19.85045457,17.83037281,torque,figure8,-1.215731859,-1.173776031,-1.73784256,-1.21939032,-1.277403933,-2,1.056782246,0.6288825274,0.03181163594,0.9821024222,0.707653691,0,0.2819195805,0.1131103551,6.154900368,0.1745586097,2.38436842,-0.007455809508,0.4816346337,1.117614098,-0.04325314592,0.6930637531,0.04693592907,-0.1532491631,0.01065035859,1,0,0,0
19.86047506,17.8403933,torque,figure8,-1.215731859,-1.173776031,-1.73784256,-1.209536804,-1.270261042,-2,1.056782246,0.6288825274,0.03181163594,0.9845667553,0.7179929505,0,0.2794177152,0.1190282519,5.819370413,0.1745586097,2.38436842,-0.007455809508,0.3020283092,0.866991824,-0.02705447371,0.6937516156,0.002639353795,-0.2210848479,0.01489599306,1,0,0,0
19.87046051,17.85037875,torque,figure8,-1.199414492,-1.162775636,-1.737505913,-1.199693287,-1.263040362,-2,1.059825778,0.6541061997,0.035417445,0.9870025548,0.7282379589,0,0.2809915283,0.1097867704,3.929331805,0.193951726,2.909378767,0.00645934185,0.3850387774,0.6813590852,-0.03188009025,0.6964095096,0.02234159479,-0.3059595212,0.002712627554,1,0,0,0
19.88047767,17.86039591,torque,figure8,-1.199414492,-1.162775636,-1.737505913,-1.189794173,-1.255694259,-2,1.059825778,0.6541061997,0.035417445,0.9894260658,0.7384564045,0,0.27862083,0.115436008,3.575585418,0.193951726,2.909378767,0.00645934185,0.2220676571,0.4634286822,-0.02240687622,0.6969561128,-0.01619736297,-0.361520856,-0.01664793005,1,0,0,0
19.89045691,17.87037516,torque,figure8,-1.174837112,-1.145536065,-1.736924171,-1.179908482,-1.248274474,-2,1.065232277,0.6770886183,0.03527844697,0.9918204147,0.7485765012,0,0.2824708676,0.1083715265,2.517322562,0.2272495329,2.756736279,0.01089696214,0.4204754926,0.1600361357,-0.02913780152,0.6974136602,0.0307083453,-0.3531915034,0.00773313766,1,0,0,0
19.90047741,17.88039565,torque,figure8,-1.174837112,-1.145536065,-1.736924171,-1.169957989,-1.240722707,-2,1.065232277,0.6770886183,0.03527844697,0.9942045346,0.7586776676,0,0.2798092103,0.1137817295,2.387943509,0.2272495329,2.756736279,0.01089696214,0.2436978556,-0.0461750575,-0.02734376906,0.6977335702,-0.0123507993,-0.4043712931,-0.03300727826,1,0,0,0
19.9104507,17.89036894,torque,figure8,-1.158382773,-1.133770347,-1.736581564,-1.160030752,-1.233106317,-2,1.06936419,0.6827383041,0.02882742323,0.9965573504,0.768669979,0,0.2815308568,0.1162588018,3.742814248,0.2017374337,1.974950194,0.006813346874,0.3184146374,-0.3054098089,-0.02891597175,0.6953021642,0.01205224303,-0.3232386414,-0.01808230817,1,0,0,0
19.92048216,17.9004004,torque,figure8,-1.158382773,-1.133770347,-1.736581564,-1.150022039,-1.225345283,-2,1.06936419,0.6827383041,0.02882742323,0.9989036415,0.7786581014,0,0.2790074252,0.1224594494,3.828821726,0.2017374337,1.974950194,0.006813346874,0.1583059443,-0.4648182337,-0.02996701728,0.6955043383,-0.02528329956,-0.3587113303,-0.04933325485,1,0,0,0
19.93045473,17.91037297,torque,figure8,-1.141873717,-1.121895552,-1.736363411,-1.140048854,-1.217530809,-2,1.073607326,0.6829824448,0.02285343595,1.001215983,0.7885246799,0,0.2804526406,0.1300074978,4.854418477,0.162610963,0.8713569045,-0.002787247533,0.2458852132,-0.6192924114,-0.03163038766,0.693169597,0.004768829311,-0.2179857543,-0.02708912912,1,0,0,0
19.94048333,17.92040157,torque,figure8,-1.141873717,-1.121895552,-1.736363411,-1.129996484,-1.209573525,-2,1.073607326,0.6829824448,0.02285343595,1.003520981,0.7983826332,0,0.2780876602,0.1369364039,5.006098492,0.162610963,0.8713569045,-0.002787247533,0.09581670766,-0.7432251165,-0.03315050349,0.6933056637,-0.02944982245,-0.2423954834,-0.04152525647,1,0,0,0
19.95045447,17.93037271,torque,figure8,-1.116977215,-1.104076743,-1.736153364,-1.119978892,-1.20156414,-2,1.07930541,0.6801342964,0.01872987114,1.005792511,0.8081196257,0,0.2812967293,0.1487790275,4.618086369,0.03470678255,-1.013806939,-0.02516840585,0.3068870489,-0.6491562101,-0.0348093499,0.6927050954,0.04149591272,0.04575345607,-0.02450775817,1,0,0,0
19.9604919,17.94041014,torque,figure8,-1.116977215,-1.104076743,-1.736153364,-1.109871937,-1.193403785,-2,1.07930541,0.6801342964,0.01872987114,1.008058687,0.8178556101,0,0.2786482596,0.1561859913,4.765364581,0.03470678255,-1.013806939,-0.02516840585,0.1407632062,-0.7586753474,-0.03402946678,0.692863854,0.001678743337,0.02502458786,-0.00411416005,1,0,0,0
19.97045398,17.95037222,torque,figure8,-1.091935396,-1.086308599,-1.73599124,-1.099818455,-1.185208383,-2,1.083984137,0.6839199066,0.0177515801,1.010287519,0.8274525258,0,0.2820353445,0.1623204324,2.487143208,-0.1212364435,-2.665498972,-0.04401228204,0.3641354444,-0.2942229081,-0.04280867233,0.6942873616,0.07551813305,0.3302988384,-0.05340565801,1,0,0,0
19.98047376,17.960392,torque,figure8,-1.091935396,-1.086308599,-1.73599124,-1.089684452,-1.176869413,-2,1.083984137,0.6839199066,0.0177515801,1.012508779,0.8370379274,0,0.2791181711,0.1699087213,2.455806515,-0.1212364435,-2.665498972,-0.04401228204,0.1894266703,-0.4077584594,-0.03445025237,0.6946126484,0.03299311729,0.307144144,0.01807797261,1,0,0,0
19.99045515,17.97037339,torque,figure8,-1.075197577,-1.074377537,-1.735889912,-1.079567245,-1.168467234,-2,1.086231351,0.6953524351,0.01792532019,1.014701064,0.8465189313,0,0.2804034664,0.1681939614,2.446414221,-0.1882879436,-3.231732368,-0.05033733323,0.2996506269,0.05915395882,-0.04087212358,0.6945506049,0.06672120453,0.4586145947,-0.01522694932,1,0,0,0
20.00047112,17.98038936,torque,figure8,-1.075197577,-1.074377537,-1.735889912,-1.069393104,-1.159941172,-2,1.086231351,0.6953524351,0.01792532019,1.016880364,0.8559641039,0,0.2776850128,0.1758606969,2.096300021,-0.1882879436,-3.231732368,-0.05033733323,0.1427937626,-0.05978438904,-0.02752796611,0.6950410321,0.03036341275,0.4329530568,0.07019163699,1,0,0,0
20.01045537,17.99037361,torque,figure8,-1.050011396,-1.056117058,-1.735771418,-1.059229552,-1.151348294,-2,1.088976741,0.7308583856,0.0138672255,1.019032204,0.8653101505,0,0.2810172707,0.152190063,6.346790428,-0.1894325763,-2.791446924,-0.04606183618,0.4069832676,0.8337885079,-0.05002864292,0.6895726843,0.08876143205,0.5189237257,-0.05318746142,1,0,0,0
20.02049398,18.00041223,torque,figure8,-1.050011396,-1.056117058,-1.735771418,-1.048989108,-1.142614907,-2,1.088976741,0.7308583856,0.0138672255,1.021175022,0.8746366397,0,0.2780281761,0.1595667868,6.00890966,-0.1894325763,-2.791446924,-0.04606183618,0.2355584116,0.659245715,-0.02745669178,0.6903086868,0.04754913891,0.4744483887,0.05654331631,1,0,0,0
20.03045869,18.01037693,torque,figure8,-1.033190608,-1.043530345,-1.735733032,-1.038802889,-1.133853578,-2,1.090166092,0.7639589906,0.01552599389,1.023281454,0.8838238573,0,0.2793328023,0.1381383278,8.333680322,-0.190614745,-1.755574465,-0.02999378741,0.3622868039,1.158329603,-0.03778621797,0.6867169824,0.07485244076,0.4147707698,-0.005041476539,1,0,0,0
20.0404923,18.02041054,torque,figure8,-1.033190608,-1.043530345,-1.735733032,-1.02852513,-1.124939527,-2,1.090166092,0.7639589906,0.01552599389,1.025381661,0.8930027763,0,0.2765614795,0.1452252649,8.008618899,-0.190614745,-1.755574465,-0.02999378741,0.205124776,0.9656207581,-0.01494430519,0.6875635648,0.03822132848,0.3648824691,0.08002563735,1,0,0,0
20.05042958,18.03034782,torque,figure8,-1.007943392,-1.023780584,-1.735503674,-1.01832537,-1.116020631,-2,1.091797709,0.8196247816,0.02562071197,1.027441104,0.9020218068,0,0.2803111101,0.1076450804,9.709440866,-0.2020832747,0.266056329,-0.00348710781,0.4841878939,1.573037077,-0.04042276179,0.686065269,0.1013653319,0.2072146965,-0.02217327709,1,0,0,0
20.06049275,18.040411,torque,figure8,-1.007943392,-1.023780584,-1.735503674,-1.007975648,-1.106897784,-2,1.091797709,0.8196247816,0.02562071197,1.029505698,0.9110815604,0,0.2772485827,0.1135828244,9.383125534,-0.2020832747,0.266056329,-0.00348710781,0.3097539639,1.316112573,-0.01731295742,0.6869631597,0.0585372324,0.1368343572,0.03158814765,1,0,0,0
20.07047391,18.05039215,torque,figure8,-0.9910761118,-1.009948254,-1.73521328,-0.9976898587,-1.097759599,-2,1.093733311,0.8565218449,0.0308465492,1.031532611,0.9199936566,0,0.2790458409,0.09406969539,8.90544812,-0.1912011057,1.638480306,0.01688662544,0.4483003443,1.43014768,-0.02506808022,0.6888181146,0.08699032335,-0.02032800024,0.002238307687,1,0,0,0
20.08047605,18.06039429,torque,figure8,-0.9910761118,-1.009948254,-1.73521328,-0.9873622579,-1.088513344,-2,1.093733311,0.8565218449,0.0308465492,1.033542909,0.9288500134,0,0.2762214208,0.09902402774,8.574127544,-0.1912011057,1.638480306,0.01688662544,0.2867133759,1.182099927,-0.00807354489,0.6896577985,0.04831185005,-0.08628100431,0.01503089993,1,0,0,0
20.09046316,18.0703814,torque,figure8,-0.9657226801,-0.988299191,-1.734633446,-0.9770302086,-1.079192965,-2,1.098551035,0.9020692706,0.03633237258,1.035529297,0.9376179717,0,0.2807293118,0.08096598632,6.240401824,-0.1137514561,3.151106358,0.03449095786,0.5758688432,1.141301033,-0.01947314936,0.6942656969,0.1026212818,-0.2610346008,0.02491695267,1,0,0,0
20.1004777,18.08039594,torque,figure8,-0.9657226801,-0.988299191,-1.734633446,-0.9666499791,-1.069759451,-2,1.098551035,0.9020692706,0.03633237258,1.037500136,0.9463339373,0,0.2775897007,0.08370552085,5.881797056,-0.1137514561,3.151106358,0.03449095786,0.3941063992,0.8690558941,-0.01178264545,0.6949159958,0.05732181213,-0.3338424689,-0.01741807321,1,0,0,0
20.11046124,18.09037948,torque,figure8,-0.9487386346,-0.9733486176,-1.734171867,-0.9562823352,-1.060268633,-2,1.103457689,0.9217905998,0.03815038502,1.039443904,0.9549464092,0,0.2797795429,0.08156300813,4.0531469,-0.0221968051,3.484151363,0.04127363488,0.5237208195,0.5865756927,-0.0128665359,0.697253474,0.07395341242,-0.4048486716,-0.0002040111414,1,0,0,0
20.1204865,18.10040474,torque,figure8,-0.9487386346,-0.9733486176,-1.734171867,-0.9458519409,-1.050652017,-2,1.103457689,0.9217905998,0.03815038502,1.041374684,0.9635172938,0,0.2768550968,0.08396944963,3.700855141,-0.0221968051,3.484151363,0.04127363488,0.3552920326,0.3581114499,-0.01220724387,0.6977341531,0.03356143023,-0.4618906817,-0.05927588233,1,0,0,0
20.13071942,18.11063766,torque,figure8,-0.9316775203,-0.9581393003,-1.733714581,-0.935185641,-1.040747999,-2,1.109742641,0.9321590662,0.03319039941,1.043323599,0.9721848169,0,0.2788268793,0.08435136328,3.542736206,0.09415145218,3.112390995,0.03912497684,0.4803351438,0.03857139063,-0.01414932838,0.6966503489,0.04757059933,-0.4396508674,-0.03098132124,1,0,0,0
20.14047956,18.12039781,torque,figure8,-0.9230991006,-0.9505016804,-1.733522654,-0.924993668,-1.031219307,-2,1.113237619,0.9338486791,0.02943730354,1.045161858,0.9803750605,0,0.2784404799,0.08755323118,4.068679059,0.1596520096,2.688822508,0.03650615737,0.4506192109,-0.2130490849,-0.01673896244,0.6954159666,0.03120240331,-0.4202311834,-0.04768600322,1,0,0,0
20.15046096,18.1303792,torque,figure8,-0.9058811665,-0.9350911379,-1.733165264,-0.9145522002,-1.021392321,-2,1.120093346,0.9319298863,0.02744431421,1.047020936,0.988672726,0,0.2805777205,0.09650138492,5.277249571,0.2124484032,1.524623394,0.02110296115,0.539747462,-0.4580057443,-0.01527186572,0.6938659188,0.04570316933,-0.2851057478,-0.02019756912,1,0,0,0
20.16048241,18.14040065,torque,figure8,-0.9058811665,-0.9350911379,-1.733165264,-0.9040502702,-1.011442979,-2,1.120093346,0.9319298863,0.02744431421,1.048866223,0.9969234231,0,0.2775495128,0.1002529458,5.329875144,0.2124484032,1.524623394,0.02110296115,0.3628967341,-0.6135784209,-0.0239022565,0.6940021723,0.002851994054,-0.3182972726,-0.06669097689,1,0,0,0
20.17046452,18.15038276,torque,figure8,-0.8798274398,-0.9121162891,-1.732624769,-0.8935712876,-1.001450898,-2,1.129736543,0.9231288433,0.02881069481,1.050683062,1.005061113,0,0.2822394013,0.1174410736,5.661845969,0.2100916654,-0.4452395439,0.0001056111651,0.5793327,-0.6361230207,-0.02071911435,0.694171458,0.05758792798,-0.03403725629,-0.039689773,1,0,0,0
20.18049121,18.16040945,torque,figure8,-0.8798274398,-0.9121162891,-1.732624769,-0.8830273507,-0.9913328195,-2,1.129736543,0.9231288433,0.02881069481,1.052486673,1.013153485,0,0.2788817171,0.1220738905,5.740985772,0.2100916654,-0.4452395439,0.0001056111651,0.3894968644,-0.7640141907,-0.02800655638,0.6942763237,0.01040695978,-0.05914015396,-0.04661426627,1,0,0,0
20.19046593,18.17038417,torque,figure8,-0.8623422384,-0.896874249,-1.732251644,-0.8725202326,-0.9811870889,-2,1.135246038,0.9184162617,0.02815450355,1.054259674,1.021122048,0,0.2808939811,0.1337906791,4.803539269,0.1954223365,-1.640204549,-0.01834628731,0.4718417854,-0.6178812167,-0.03041732073,0.6953674642,0.03450537679,0.1330279777,-0.04593557501,1,0,0,0
20.20049167,18.18040991,torque,figure8,-0.8623422384,-0.896874249,-1.732251644,-0.8619416556,-0.9709097813,-2,1.135246038,0.9184162617,0.02815450355,1.05602034,1.029048444,0,0.277795973,0.1389563495,4.861342799,0.1954223365,-1.640204549,-0.01834628731,0.3012319979,-0.723139377,-0.03255499777,0.6955306923,-0.006042765819,0.1141745188,-0.0191213512,1,0,0,0
20.21046901,18.19038725,torque,figure8,-0.8359367251,-0.8741416335,-1.731713533,-0.8513967287,-0.9606036088,-2,1.14162004,0.9214425683,0.02552425489,1.057751167,1.0368534,0,0.2822982696,0.1449314854,2.920806774,0.2231132686,-2.692806244,-0.03851251677,0.5082519345,-0.1600818374,-0.04115372685,0.6965361882,0.0435784336,0.351533158,-0.06857855649,1,0,0,0
20.22049856,18.2004168,torque,figure8,-0.8359367251,-0.8741416335,-1.731713533,-0.8407793205,-0.950165438,-2,1.14162004,0.9214425683,0.02552425489,1.059469562,1.044614938,0,0.2788919105,0.150238548,2.725836675,0.2231132686,-2.692806244,-0.03851251677,0.3245652883,-0.279622957,-0.03425229099,0.6968718496,-0.001245073586,0.3266650617,0.006472466343,1,0,0,0
20.23046398,18.21038222,torque,figure8,-0.8182343245,-0.858912766,-1.731392145,-0.8302128428,-0.9397173355,-2,1.144085288,0.93260777,0.02504730038,1.061155594,1.052242547,0,0.2807544177,0.1477064022,3.221834407,0.2486716658,-2.676122665,-0.04376035929,0.3968271061,0.1675268952,-0.03988650808,0.6964094288,0.01595509366,0.3960839052,-0.02293557973,1,0,0,0
20.2404778,18.22039604,torque,figure8,-0.8182343245,-0.858912766,-1.731392145,-0.8195782299,-0.9291423484,-2,1.144085288,0.93260777,0.02504730038,1.062828318,1.059821939,0,0.2776403789,0.1530147286,2.86175927,0.2486716658,-2.676122665,-0.04376035929,0.2319236553,0.03921994342,-0.02827376373,0.6968683034,-0.02252358531,0.3675754038,0.05658970083,1,0,0,0
20.25046444,18.23038268,torque,figure8,-0.7916200161,-0.8358768225,-1.730921984,-0.8089559068,-0.9185209023,-2,1.145060062,0.9635246396,0.02079047076,1.064475009,1.067295027,0,0.2820169425,0.1330206297,5.797684659,0.2340649217,-1.807398558,-0.03810904548,0.4177667072,0.7907275789,-0.04592685344,0.6927536943,0.02853942054,0.376694737,-0.04495075376,1,0,0,0
20.2604773,18.24039555,torque,figure8,-0.7916200161,-0.8358768225,-1.730921984,-0.7982892865,-0.9077970702,-2,1.145060062,0.9635246396,0.02079047076,1.066104441,1.074701181,0,0.2786036253,0.1379364245,5.45635587,0.2340649217,-1.807398558,-0.03810904548,0.2414505616,0.6090672263,-0.02729055045,0.693358131,-0.01395243147,0.3301305209,0.04415362648,1,0,0,0
20.27046108,18.25037932,torque,figure8,-0.7738705873,-0.8200590014,-1.730667114,-0.7876375158,-0.8970309902,-2,1.144206285,0.9906458259,0.01872592419,1.067707589,1.081998926,0,0.2804539512,0.1206155034,6.760559139,0.16694583,-0.7696997523,-0.02416030318,0.3132042493,0.9721681812,-0.03450924953,0.6908978004,0.01536002025,0.2514711748,-0.001881823591,1,0,0,0
20.28048372,18.26040196,torque,figure8,-0.7738705873,-0.8200590014,-1.730667114,-0.776928292,-0.8861501571,-2,1.144206285,0.9906458259,0.01872592419,1.069295302,1.089237209,0,0.277340213,0.1252300948,6.434960028,0.16694583,-0.7696997523,-0.02416030318,0.1548852459,0.7798087097,-0.01654683274,0.6915442939,-0.02129416391,0.2020270018,0.06046953226,1,0,0,0
20.2904675,18.27038574,torque,figure8,-0.7472746372,-0.7958037853,-1.730316877,-0.7662448802,-0.8752398285,-2,1.141957998,1.03284061,0.02007644251,1.070855232,1.096359315,0,0.2817781782,0.09743352988,6.806915022,0.02999389172,0.9598838091,0.0002181530435,0.3598222891,1.174219168,-0.03495991284,0.6909070018,0.04861137843,0.05275308366,-0.0132609662,1,0,0,0
20.30049109,18.28040934,torque,figure8,-0.7472746372,-0.7958037853,-1.730316877,-0.7555033037,-0.8642149026,-2,1.141957998,1.03284061,0.02007644251,1.07239964,1.103420775,0,0.2783465081,0.1011087955,6.482222718,0.02999389172,0.9598838091,0.0002181530435,0.1897758937,0.9330897782,-0.01862153372,0.6915183357,0.007587558001,-0.01223263249,0.01483362173,1,0,0,0
20.31046319,18.29038143,torque,figure8,-0.7295576334,-0.7791589499,-1.730036974,-0.7448016612,-0.8531768275,-2,1.14068985,1.057491541,0.02222985774,1.073914463,1.11035685,0,0.2803409746,0.08802192781,5.464154398,-0.02903386764,1.923509598,0.01304022223,0.2859153803,0.9369406931,-0.02445155341,0.6931824222,0.03926661043,-0.1299424769,-0.004633491535,1,0,0,0
20.32050514,18.30042338,torque,figure8,-0.7295576334,-0.7791589499,-1.730036974,-0.7340098957,-0.841991985,-2,1.14068985,1.057491541,0.02222985774,1.075418043,1.117251132,0,0.2772144448,0.0912457344,5.130148785,-0.02903386764,1.923509598,0.01304022223,0.1316811276,0.713023083,-0.01351758983,0.6937095736,0.003476454726,-0.1878714406,-0.007363912692,1,0,0,0
20.33046794,18.31038618,torque,figure8,-0.7029753327,-0.75365448,-1.729513407,-0.7232883831,-0.8308273406,-2,1.140454292,1.083154678,0.02631902508,1.076888071,1.124000891,0,0.2820128854,0.08001105336,3.046855361,-0.04096717015,2.545173645,0.02073132806,0.3645884271,0.6134197238,-0.02315929101,0.696402266,0.06024246852,-0.253718099,0.002278968741,1,0,0,0
20.34048748,18.32040572,torque,figure8,-0.7029753327,-0.75365448,-1.729513407,-0.7124911438,-0.8195317405,-2,1.140454292,1.083154678,0.02631902508,1.078344641,1.130697952,0,0.2785558494,0.08252673937,2.685772353,-0.04096717015,2.545173645,0.02073132806,0.19595345,0.38067052,-0.01950408086,0.6967505143,0.0194617776,-0.3140217783,-0.0332982949,1,0,0,0
20.35046315,18.33038139,torque,figure8,-0.6852685213,-0.7363854051,-1.729117632,-0.7017267889,-0.8082193909,-2,1.141378403,1.091590524,0.0271184966,1.079773056,1.13727435,0,0.2807280774,0.08134890063,2.154683139,-0.03507151827,2.40372324,0.01969056949,0.2999073677,0.164925948,-0.02174504845,0.6972757518,0.04318104929,-0.3125970674,-0.01885760523,1,0,0,0
20.36053038,18.34044862,torque,figure8,-0.6852685213,-0.7363854051,-1.729117632,-0.6908493075,-0.7967371771,-2,1.141378403,1.091590524,0.0271184966,1.08119252,1.143818165,0,0.2775801486,0.08417529266,1.952794419,-0.03507151827,2.40372324,0.01969056949,0.1457204322,-0.02685270332,-0.02238703878,0.6975027371,0.007403585173,-0.3585846023,-0.05852857869,1,0,0,0
20.37046647,18.35038471,torque,figure8,-0.6586496234,-0.7103509307,-1.72856617,-0.6800996067,-0.7853403869,-2,1.144552231,1.092474937,0.02245922014,1.082571737,1.150184675,0,0.2824178545,0.08761513532,3.616679102,-0.05307694525,1.406306505,0.006920584012,0.3874380786,-0.2231506547,-0.02148782247,0.6954371479,0.06636094955,-0.2245774889,-0.002773796229,1,0,0,0
20.38047862,18.36039686,torque,figure8,-0.6586496234,-0.7103509307,-1.72856617,-0.6692538702,-0.7737928381,-2,1.144552231,1.092474937,0.02245922014,1.08393962,1.156506879,0,0.2789509811,0.09098568419,3.668862528,-0.05307694525,1.406306505,0.006920584012,0.2174123371,-0.3946582167,-0.02705473875,0.6955309607,0.02505549914,-0.2642650391,-0.04340505208,1,0,0,0
20.39046526,18.3703835,torque,figure8,-0.6408602595,-0.6930192113,-1.728295326,-0.6584222349,-0.7622121221,-2,1.147420883,1.087754488,0.01783472858,1.085282098,1.162719429,0,0.2809261676,0.0989901439,4.329525905,-0.1000719965,0.3768469989,-0.01014089398,0.3307475528,-0.480927742,-0.02663511225,0.6939296714,0.0574726139,-0.1261111495,-0.01706043544,1,0,0,0
20.400491,18.38040924,torque,figure8,-0.6408602595,-0.6930192113,-1.728295326,-0.6475348151,-0.7505241295,-2,1.147420883,1.087754488,0.01783472858,1.086607785,1.168861823,0,0.2778035188,0.1029306083,4.424714121,-0.1000719965,0.3768469989,-0.01014089398,0.1746973019,-0.6146183965,-0.03171616243,0.6939955542,0.02091499008,-0.1537673884,-0.03699372517,1,0,0,0
20.41046691,18.39038515,torque,figure8,-0.6141159534,-0.6671565771,-1.727950335,-0.6366884251,-0.7388335759,-2,1.1521281,1.080397487,0.0151497256,1.087904931,1.174879231,0,0.2822377174,0.1152429157,3.938705545,-0.1470186859,-1.138946652,-0.03171845898,0.435916045,-0.428227915,-0.03025692397,0.6938484427,0.08682478588,0.09667394584,-0.02055420075,1,0,0,0
20.42049193,18.40041018,torque,figure8,-0.6141159534,-0.6671565771,-1.727950335,-0.6257757099,-0.7270254702,-2,1.1521281,1.080397487,0.0151497256,1.089186377,1.180830857,0,0.2788032546,0.1194907383,3.974256329,-0.1470186859,-1.138946652,-0.03171845898,0.2636120906,-0.5521559286,-0.03296018605,0.6939746233,0.04471207169,0.07119075146,-0.008323959623,1,0,0,0
20.43046331,18.41038156,torque,figure8,-0.596211791,-0.6499866247,-1.727729321,-0.614908755,-0.7152218387,-2,1.155236006,1.079241037,0.01701192372,1.090438977,1.18665528,0,0.2806003074,0.126593365,3.13174583,-0.1285467595,-1.856859684,-0.04212859273,0.3867646204,-0.3076902967,-0.03428411401,0.6951564898,0.06974126467,0.2123198052,-0.01346232615,1,0,0,0
20.44049025,18.42040849,torque,figure8,-0.596211791,-0.6499866247,-1.727729321,-0.6039687754,-0.7032943662,-2,1.155236006,1.079241037,0.01701192372,1.091676416,1.192415782,0,0.2775485705,0.1309112289,3.063918459,-0.1285467595,-1.856859684,-0.04212859273,0.2284182902,-0.4208073604,-0.03303827859,0.6953722039,0.03241988262,0.1894640026,0.01938203211,1,0,0,0
20.45046425,18.43038249,torque,figure8,-0.5692664385,-0.6242934465,-1.72735095,-0.5930743449,-0.6913730322,-2,1.159404039,1.087965488,0.02013629861,1.092885274,1.198049539,0,0.2817871387,0.1301872301,3.338744225,-0.05882503092,-2.297289848,-0.05017404631,0.4896624512,0.1874604595,-0.04031836561,0.6959087806,0.08269913576,0.3528205832,-0.03658564891,1,0,0,0
20.46050692,18.44042516,torque,figure8,-0.5692664385,-0.6242934465,-1.72735095,-0.5820928427,-0.6793133431,-2,1.159404039,1.087965488,0.02013629861,1.094080209,1.203624543,0,0.2784406759,0.1343491351,2.998926481,-0.05882503092,-2.297289848,-0.05017404631,0.3142832653,0.0472446637,-0.03231388165,0.696294444,0.03973783471,0.3200959354,0.02785724463,1,0,0,0
20.47048545,18.45040369,torque,figure8,-0.5512459874,-0.6070734262,-1.727071047,-0.5711696957,-0.6672757036,-2,1.161462665,1.101751328,0.0209660884,1.095245383,1.209066557,0,0.280199004,0.1278313881,4.548173038,0.004944933578,-2.027375937,-0.04727105796,0.4266133852,0.4601176213,-0.03685363386,0.6951935316,0.05683993982,0.3509531949,-0.006067959837,1,0,0,0
20.48050594,18.46042418,torque,figure8,-0.5512459874,-0.6070734262,-1.727071047,-0.5601890258,-0.6551332877,-2,1.161462665,1.101751328,0.0209660884,1.096393233,1.214433326,0,0.2772723241,0.1317984849,4.193794603,0.004944933578,-2.027375937,-0.04727105796,0.2658549551,0.3122609802,-0.025994056,0.6956799124,0.01883897982,0.3154624148,0.05672644098,1,0,0,0
20.49047112,18.47038937,torque,figure8,-0.5241532922,-0.5808469653,-1.726683855,-0.5492576726,-0.6430050533,-2,1.163490772,1.133136034,0.01761686616,1.097512639,1.219672516,0,0.28141708,0.1102362499,6.440449924,0.1171082929,-0.8461192846,-0.03632669151,0.5020167065,0.9397361038,-0.04011902048,0.6920187884,0.05984320336,0.2675887021,-0.02499586832,1,0,0,0
20.50049233,18.48041058,torque,figure8,-0.5241532922,-0.5808469653,-1.726683855,-0.5382537207,-0.6307564728,-2,1.163490772,1.133136034,0.01761686616,1.098616081,1.224842227,0,0.2781932712,0.1137062236,6.103288248,0.1171082929,-0.8461192846,-0.03632669151,0.3241923231,0.7402353538,-0.02556507575,0.6925895824,0.01601664745,0.2149620373,0.034089136,1,0,0,0
20.51046848,18.49038672,torque,figure8,-0.5060459375,-0.5630736947,-1.726500511,-0.5272883764,-0.6185120052,-2,1.164020181,1.1569767,0.01624376699,1.099692371,1.22988973,0,0.2798689298,0.09858111917,6.588467262,0.155626744,0.1802230179,-0.02597207204,0.4160501532,0.9754338689,-0.03018676447,0.6914159553,0.03375877036,0.1198319154,0.006395668264,1,0,0,0
20.52050042,18.50041866,torque,figure8,-0.5060459375,-0.5630736947,-1.726500511,-0.5162509946,-0.6061487848,-2,1.164020181,1.1569767,0.01624376699,1.100752331,1.234865481,0,0.2770587969,0.1016530523,6.257877461,0.155626744,0.1802230179,-0.02597207204,0.2539383597,0.7756551843,-0.01750950037,0.6919809218,-0.004741614101,0.06802384644,0.04019120857,1,0,0,0
20.5304935,18.51041174,torque,figure8,-0.4788394272,-0.5357046127,-1.726183176,-0.5052459098,-0.5937843313,-2,1.164303064,1.189671755,0.01955371536,1.101785882,1.239721878,0,0.2811515768,0.08243640402,5.576867931,0.2391288429,1.578796387,-0.01209633797,0.456635736,0.9869043386,-0.02754445435,0.6934341405,0.03539186757,-0.06187535132,0.009620443349,1,0,0,0
20.54051352,18.52043176,torque,figure8,-0.4788394272,-0.5357046127,-1.726183176,-0.4942008972,-0.5813383201,-2,1.164303064,1.189671755,0.01955371536,1.10279985,1.244490684,0,0.2780180985,0.08467649171,5.242118391,0.2391288429,1.578796387,-0.01209633797,0.2803538531,0.7531062356,-0.01830283418,0.6938988633,-0.008010123681,-0.1243774567,0.01201250485,1,0,0,0
20.5504787,18.53039694,torque,figure8,-0.4607053101,-0.5171580911,-1.725928307,-0.4832063645,-0.5689135306,-2,1.164265752,1.205816984,0.02330467664,1.10378603,1.249133015,0,0.2798217577,0.07795629035,3.874470648,0.2710385621,2.207362413,-0.00191136694,0.34977609,0.6663617667,-0.0202328182,0.6961243534,0.007563166266,-0.2098025181,0.006030023871,1,0,0,0
20.56052613,18.54044437,torque,figure8,-0.4607053101,-0.5171580911,-1.725928307,-0.4721112441,-0.556339858,-2,1.164265752,1.205816984,0.02330467664,1.104757879,1.25371194,0,0.2770931239,0.07986376945,3.528867708,0.2710385621,2.207362413,-0.00191136694,0.1908208531,0.4586823434,-0.01542664523,0.696476487,-0.02987905924,-0.2625509612,-0.01128347734,1,0,0,0
20.57047701,18.55039525,torque,figure8,-0.4334866703,-0.4889623225,-1.725450039,-0.4611132386,-0.5438421816,-2,1.164233685,1.218117714,0.02588716336,1.105698129,1.258145819,0,0.2813409095,0.07549043435,2.028310175,0.2838071883,2.358178616,0.002780708252,0.3642744034,0.2823992811,-0.01666352114,0.6980407212,0.01550215816,-0.2781011969,0.01646714145,1,0,0,0
20.5805099,18.56042814,torque,figure8,-0.4334866703,-0.4889623225,-1.725450039,-0.4500152266,-0.5311973411,-2,1.164233685,1.218117714,0.02588716336,1.106623683,1.26251408,0,0.2782708593,0.07720165057,1.79270115,0.2838071883,2.358178616,0.002780708252,0.1939371076,0.07766033352,-0.01815376997,0.6981999352,-0.02583544861,-0.329667465,-0.02322300308,1,0,0,0
20.59048128,18.57039952,torque,figure8,-0.4153390229,-0.4700771272,-1.725135803,-0.4389761678,-0.5185871118,-2,1.164311528,1.218077064,0.023737574,1.107521212,1.266753567,0,0.2801111563,0.07847301742,2.594423019,0.2465807647,1.863122821,-0.0008314414299,0.2543991824,-0.1231372508,-0.0172164333,0.6973749118,-0.002347132117,-0.2790034153,-0.003356172137,1,0,0,0
20.60050726,18.5804255,torque,figure8,-0.4153390229,-0.4700771272,-1.725135803,-0.4278677543,-0.5058657287,-2,1.164311528,1.218077064,0.023737574,1.108401173,1.270913408,0,0.277467331,0.08050540066,2.639306067,0.2465807647,1.863122821,-0.0008314414299,0.1016370459,-0.2865090241,-0.02093173762,0.6974260273,-0.0378081994,-0.31672466,-0.0376989581,1,0,0,0
20.61048341,18.59040165,torque,figure8,-0.3881429136,-0.4418067634,-1.724793673,-0.4168059051,-0.4931666883,-2,1.164160252,1.208851933,0.01782730967,1.109254366,1.274949866,0,0.2814212707,0.08775765406,3.834571252,0.132361874,0.5528385043,-0.01375571452,0.2756668386,-0.3938550156,-0.01573820661,0.6952230386,0.02371275482,-0.1318095477,0.008862965254,1,0,0,0
20.62050986,18.6004281,torque,figure8,-0.3881429136,-0.4418067634,-1.724793673,-0.4056798114,-0.4803635554,-2,1.164160252,1.208851933,0.01782730967,1.110089338,1.278903121,0,0.2784469279,0.0902698484,3.969392501,0.132361874,0.5528385043,-0.01375571452,0.1129861094,-0.5359805674,-0.02155955208,0.6951891855,-0.01529141662,-0.1630889665,-0.01447368501,1,0,0,0
20.63049221,18.61041045,torque,figure8,-0.3700118363,-0.4230905473,-1.724647522,-0.3945944582,-0.4675778859,-2,1.163822412,1.200359941,0.01488574129,1.110898186,1.282735532,0,0.2800043138,0.09903684721,3.834348436,0.02558631822,-0.5015370846,-0.02597518638,0.1896842363,-0.5145971276,-0.0192870721,0.6946466684,0.0196634724,-0.007305090851,0.004368735438,1,0,0,0
20.64051867,18.62043691,torque,figure8,-0.3700118363,-0.4230905473,-1.724647522,-0.3834521089,-0.4546977333,-2,1.163822412,1.200359941,0.01488574129,1.111688044,1.286480655,0,0.2774862921,0.1017661791,3.98226253,0.02558631822,-0.5015370846,-0.02597518638,0.04352578917,-0.6276299115,-0.02304886327,0.6946214782,-0.01393025399,-0.02975224051,0.002209333582,1,0,0,0
20.6504817,18.63039994,torque,figure8,-0.34286502,-0.3952561319,-1.724564075,-0.3723725047,-0.4418623733,-2,1.162926078,1.191711307,0.01430456061,1.112450489,1.290098326,0,0.2809052899,0.1115007226,2.310084285,-0.1164329052,-1.833647609,-0.03926508129,0.2566651791,-0.2798671675,-0.02020189305,0.6955929579,0.05639800672,0.2167172955,0.0003059010655,1,0,0,0
20.66049886,18.6404171,torque,figure8,-0.34286502,-0.3952561319,-1.724564075,-0.3612251685,-0.4289214746,-2,1.162926078,1.191711307,0.01430456061,1.113194532,1.293631075,0,0.2780924287,0.1143043582,2.349376246,-0.1164329052,-1.833647609,-0.03926508129,0.09923754753,-0.3940575491,-0.01974181545,0.6956717629,0.01877444623,0.1927555213,0.02998275908,1,0,0,0
20.67047405,18.65039229,torque,figure8,-0.3247779608,-0.3768151402,-1.724508762,-0.350117234,-0.4160001407,-2,1.161983252,1.192051411,0.01568292081,1.113912981,1.297044542,0,0.2794153987,0.116534384,1.564748539,-0.1749392003,-2.312414169,-0.04240396619,0.2055857273,-0.05133299861,-0.01967537323,0.6963258093,0.05102489297,0.3146574451,0.01693087324,1,0,0,0
20.68049812,18.66041636,torque,figure8,-0.3247779608,-0.3768151402,-1.724508762,-0.3389477674,-0.4029817217,-2,1.161983252,1.192051411,0.01568292081,1.11461234,1.300369426,0,0.2770936582,0.11925917,1.312210721,-0.1749392003,-2.312414169,-0.04240396619,0.06236788513,-0.1635025357,-0.015300588,0.6965124975,0.01812482683,0.2905693496,0.05977955125,1,0,0,0
20.69049454,18.67041278,torque,figure8,-0.2976960838,-0.3490727246,-1.724431753,-0.327802249,-0.3899665567,-2,1.160067797,1.205403686,0.01419820264,1.115287183,1.303579736,0,0.2802080394,0.1088367089,3.91921093,-0.1849980652,-2.04122591,-0.03311591223,0.3055057814,0.5082940149,-0.02199972594,0.6944946168,0.07361330731,0.3663612101,-0.01059294431,1,0,0,0
20.70049834,18.68041658,torque,figure8,-0.2976960838,-0.3490727246,-1.724431753,-0.3166418495,-0.3769101697,-2,1.160067797,1.205403686,0.01419820264,1.115939932,1.30668679,0,0.2776179462,0.1113872729,3.599566461,-0.1849980652,-2.04122591,-0.03311591223,0.1482937638,0.3571775502,-0.01195649654,0.6948404313,0.03583005786,0.3286828621,0.04753626423,1,0,0,0
20.71047735,18.69039559,torque,figure8,-0.2796719968,-0.3305142522,-1.724429846,-0.305502719,-0.3638557042,-2,1.158610582,1.221778393,0.01194048673,1.116568533,1.309680614,0,0.2787791034,0.09816776314,5.356448985,-0.1968187392,-1.358974457,-0.01859824918,0.2683812026,0.7388603319,-0.01589491799,0.6924363978,0.0634112223,0.2993546091,0.006987522239,1,0,0,0
20.72050524,18.70042348,torque,figure8,-0.2796719968,-0.3305142522,-1.724429846,-0.2943028252,-0.3507077369,-2,1.158610582,1.221778393,0.01194048673,1.11717753,1.312582686,0,0.2766961291,0.1005221005,5.054387293,-0.1968187392,-1.358974457,-0.01859824918,0.1233731083,0.5783667709,-0.004878166976,0.6928576146,0.0296931513,0.2588219964,0.05277339229,1,0,0,0
20.73048472,18.71040297,torque,figure8,-0.2616506219,-0.3116400242,-1.724453449,-0.283151037,-0.3375948665,-2,1.157210469,1.241929412,0.009710497223,1.117761004,1.315364612,0,0.2776001141,0.0839242674,6.153260243,-0.1980274171,-0.4297712147,-0.004388994537,0.2581204975,0.8923075498,-0.01024521828,0.6907936876,0.05994210223,0.1897577902,0.01006836076,1,0,0,0
20.74049997,18.72041821,torque,figure8,-0.2616506219,-0.3116400242,-1.724453449,-0.2719535442,-0.3244076263,-2,1.157210469,1.241929412,0.009710497223,1.118323905,1.318049829,0,0.2760345332,0.08602776555,5.858850335,-0.1980274171,-0.4297712147,-0.004388994537,0.1191111682,0.7194956766,0.0002850138882,0.6912492507,0.02791439876,0.1454007615,0.03972057128,1,0,0,0
20.75047064,18.73038888,torque,figure8,-0.2346512824,-0.2829856575,-1.724570751,-0.2608004112,-0.3112529079,-2,1.156147718,1.272574663,0.009948465042,1.118861737,1.320616719,0,0.2781080464,0.06162187492,6.028724168,-0.1596294791,1.107391477,0.01915646903,0.3897637592,1.040013419,-0.01171302005,0.6907818002,0.08329661163,0.01119231557,-0.007383650145,1,0,0,0
20.76049137,18.74040961,torque,figure8,-0.2346512824,-0.2829856575,-1.724570751,-0.2495859831,-0.298006882,-2,1.156147718,1.272574663,0.009948465042,1.119379576,1.323089354,0,0.2762425629,0.06326612227,5.725291154,-0.1596294791,1.107391477,0.01915646903,0.2296145552,0.8229535116,-0.003528404952,0.6912065605,0.04395017143,-0.04742077569,-0.00665439044,1,0,0,0
20.77047825,18.75039649,torque,figure8,-0.2076471895,-0.2537274063,-1.724666834,-0.2384043936,-0.2847814911,-2,1.156713009,1.295383692,0.01432220731,1.119873018,1.325446565,0,0.2787807636,0.04965971073,4.282877705,-0.09450145811,2.288888693,0.03391161561,0.4830368901,0.8218138734,-0.006144009554,0.6936573,0.09127324089,-0.181366499,0.01596933265,1,0,0,0
20.78049278,18.76041102,torque,figure8,-0.2076471895,-0.2537274063,-1.724666834,-0.2271870043,-0.271496374,-2,1.156713009,1.295383692,0.01432220731,1.120345116,1.32770278,0,0.2765969865,0.05071757831,3.956258144,-0.09450145811,2.288888693,0.03391161561,0.3097716347,0.5927887299,-0.005037866435,0.6939614611,0.04779989678,-0.2429262021,-0.02514002657,1,0,0,0
20.79047227,18.77039051,torque,figure8,-0.1896143407,-0.233985737,-1.724665165,-0.2160042821,-0.2582358098,-2,1.158243775,1.302859902,0.01719637215,1.120792927,1.329843809,0,0.2776576425,0.04925862828,2.91906999,-0.02790431865,2.58582139,0.03505453095,0.4216849631,0.3930913584,-0.003510638764,0.6954092256,0.06339778587,-0.3012050121,-0.001455159348,1,0,0,0
20.80049253,18.78041077,torque,figure8,-0.1896143407,-0.233985737,-1.724665165,-0.2047714922,-0.244900114,-2,1.158243775,1.302859902,0.01719637215,1.121219826,1.331885651,0,0.2759676326,0.05008974038,2.619940184,-0.02790431865,2.58582139,0.03505453095,0.2640774304,0.2027173926,-0.006989142145,0.6956052786,0.02554442948,-0.3489981189,-0.05345781261,1,0,0,0
20.8104775,18.79039574,torque,figure8,-0.162489295,-0.2042460889,-1.724593878,-0.1935741164,-0.231591566,-2,1.162234902,1.300834179,0.01654958352,1.121622546,1.333812555,0,0.2785005806,0.05487098953,3.645262115,0.08087752759,2.166398287,0.02581038885,0.4998156992,-0.07366910265,0.001724252899,0.6947846322,0.06581969845,-0.3058923843,0.02651695763,1,0,0,0
20.82049489,18.80041313,torque,figure8,-0.162489295,-0.2042460889,-1.724593878,-0.1823364515,-0.2182210077,-2,1.162234902,1.300834179,0.01654958352,1.122003818,1.335637477,0,0.2764737603,0.05571084651,3.603776759,0.08087752759,2.166398287,0.02581038885,0.3267476676,-0.244520528,-0.008812634901,0.6948251071,0.02292817782,-0.3472338,-0.04112704468,1,0,0,0
20.83047891,18.81039715,torque,figure8,-0.1443358213,-0.1844903678,-1.724578619,-0.1711325444,-0.204877351,-2,1.165537953,1.291555166,0.01147186756,1.122361134,1.337348298,0,0.2774718555,0.06397540459,4.783559163,0.1022039428,1.340329289,0.01107205264,0.4238640328,-0.4440693868,-0.00437878657,0.6925368448,0.04341143051,-0.2535036802,-0.002547358189,1,0,0,0
20.84049463,18.82041287,torque,figure8,-0.1443358213,-0.1844903678,-1.724578619,-0.1598895826,-0.1914746946,-2,1.165537953,1.291555166,0.01147186756,1.122696821,1.338956059,0,0.2759486137,0.0649138734,4.832640245,0.1022039428,1.340329289,0.01107205264,0.2660112182,-0.571939038,-0.01532790519,0.6925078386,0.005756735727,-0.28093862,-0.05208299319,1,0,0,0
20.85048437,18.83040261,torque,figure8,-0.1169844121,-0.1551090032,-1.724672556,-0.1486725572,-0.1780913152,-2,1.170589328,1.271972656,0.005205107853,1.12300892,1.340451275,0,0.2780962543,0.08354824708,5.308199114,0.09487894177,-0.2854377031,-0.01093646325,0.4888061553,-0.6074780761,-0.004194996924,0.6904606279,0.06091990618,-0.04827159643,0.003065397943,1,0,0,0
20.86050701,18.84042525,torque,figure8,-0.1169844121,-0.1551090032,-1.724672556,-0.1374155689,-0.1646493912,-2,1.170589328,1.271972656,0.005205107853,1.123299241,1.341842527,0,0.2762492582,0.0845295472,5.372971379,0.09487894177,-0.2854377031,-0.01093646325,0.3160450195,-0.7115143046,-0.01532168568,0.6904091373,0.01817487575,-0.06879162735,-0.0214763074,1,0,0,0
20.87048221,18.85040045,torque,figure8,-0.09864567965,-0.1357943863,-1.72477293,-0.1262090932,-0.151257795,-2,1.173524499,1.259789228,0.004087665584,1.123565499,1.343118786,0,0.2770357355,0.09724415606,4.636185552,0.08631619811,-1.3245821,-0.02290257812,0.410662188,-0.5935232593,-0.01283446648,0.6909295318,0.04282073271,0.09696836349,-0.01221318504,1,0,0,0
20.88050079,18.86041903,torque,figure8,-0.09864567965,-0.1357943863,-1.72477293,-0.1149513099,-0.1377956761,-2,1.173524499,1.259789228,0.004087665584,1.123810128,1.344291637,0,0.2757169177,0.09812688046,4.68259853,0.08631619811,-1.3245821,-0.02290257812,0.2537583811,-0.6776968882,-0.01965586482,0.6909190831,0.00546202903,0.08187571652,-0.007847121179,1,0,0,0
20.89047575,18.87039399,torque,figure8,-0.07102954388,-0.1071164459,-1.724859715,-0.1037402323,-0.1243810528,-2,1.176451802,1.24972105,0.007035165094,1.124030999,1.345350801,0,0.2776152598,0.1092816693,2.898533359,0.1315691918,-2.164160728,-0.03368586674,0.4655709484,-0.2287678403,-0.0170339038,0.6930896466,0.051681565,0.2718563145,-0.02673010319,1,0,0,0
20.90049267,18.88041091,torque,figure8,-0.07102954388,-0.1071164459,-1.724859715,-0.09247988994,-0.110899912,-2,1.176451802,1.24972105,0.007035165094,1.124230009,1.346305307,0,0.2760011026,0.1100233062,2.784709058,0.1315691918,-2.164160728,-0.03368586674,0.295276113,-0.3235950989,-0.01792647563,0.6931868666,0.009794057265,0.2520120304,0.0108998109,1,0,0,0
20.91048861,18.89040685,torque,figure8,-0.05250390247,-0.08823694289,-1.724844456,-0.0812412595,-0.09743802224,-2,1.177270174,1.250067949,0.010409276,1.12440583,1.347148739,0,0.2768051103,0.1110300478,2.554020202,0.1505094469,-2.296298265,-0.03607292846,0.378159566,0.04635924133,-0.01902778821,0.6941615551,0.0287243345,0.32927108,-0.006752108397,1,0,0,0
20.92050171,18.90041995,torque,figure8,-0.05250390247,-0.08823694289,-1.724844456,-0.06998168094,-0.08394510853,-2,1.177270174,1.250067949,0.010409276,1.124559144,1.347884308,0,0.2757434789,0.1116012798,2.268485146,0.1505094469,-2.296298265,-0.03607292846,0.224488135,-0.05345489225,-0.01549643683,0.6943405532,-0.007511906047,0.307055112,0.04021950048,1,0,0,0
20.93047595,18.91039419,torque,figure8,-0.02465933561,-0.05985542759,-1.724773169,-0.05876438947,-0.07049778355,-2,1.176571727,1.262432456,0.01125682238,1.124689164,1.348508195,0,0.2775359854,0.1011313458,4.464222386,0.1732567698,-1.701908708,-0.03092030436,0.4208636054,0.5887560077,-0.02262403476,0.6929124522,0.03902653195,0.3336666924,-0.02465123807,1,0,0,0
20.94050002,18.92041826,torque,figure8,-0.02465933561,-0.05985542759,-1.724773169,-0.04748986611,-0.05697755648,-2,1.176571727,1.262432456,0.01125682238,1.124797006,1.349025716,0,0.2761871177,0.1015171435,4.171870011,0.1732567698,-1.701908708,-0.03092030436,0.254545327,0.4469277539,-0.01357648964,0.6931913898,-0.001547070857,0.2970703869,0.03235235143,1,0,0,0
20.95048594,18.93040419,torque,figure8,-0.006065997295,-0.04084084556,-1.724766493,-0.03625728727,-0.04350416879,-2,1.174837232,1.276871324,0.009824378416,1.124881681,1.349432097,0,0.2768972567,0.08864051721,5.41579386,0.1467635185,-0.8760902882,-0.01890431903,0.3320916232,0.7750036951,-0.01689543392,0.6914867805,0.0225655028,0.2397292657,0.001234988518,1,0,0,0
20.96051741,18.94043565,torque,figure8,-0.006065997295,-0.04084084556,-1.724766493,-0.02497274866,-0.02996580326,-2,1.174837232,1.276871324,0.009824378416,1.124943871,1.349730588,0,0.2760963876,0.08885008884,5.144840269,0.1467635185,-0.8760902882,-0.01890431903,0.1821001007,0.6242540187,-0.007341270444,0.6917961212,-0.01260014578,0.2005736957,0.04171128246,1,0,0,0
20.97048736,18.9504056,torque,figure8,0.02180112712,-0.01201934647,-1.724729061,-0.01375690112,-0.01650803141,-2,1.171377897,1.301360369,0.01098364033,1.124982967,1.349918243,0,0.2775943289,0.06805142943,5.766335245,0.0995259881,0.5769217014,-0.003454251215,0.3794861446,0.9971393089,-0.01614530716,0.6912871273,0.04314414084,0.08002271767,-0.0005686975157,1,0,0,0
20.98050904,18.96042728,torque,figure8,0.02180112712,-0.01201934647,-1.724729061,-0.00248257277,-0.002979085855,-2,1.171377897,1.301360369,0.01098364033,1.124999445,1.349997338,0,0.2764878192,0.06809666579,5.503780387,0.0995259881,0.5769217014,-0.003454251215,0.2174861593,0.8046476883,-0.007428318035,0.6915786524,0.003640483397,0.02738487161,0.01527880615,1,0,0,0
20.99047899,18.97039723,torque,figure8,0.04034877941,0.007483355235,-1.724642038,0.008733602495,0.01048025904,-2,1.169006109,1.315501928,0.01468498725,1.124993135,1.349967049,0,0.2771831667,0.05779822896,4.838474526,0.08288799971,1.445294738,0.008734241128,0.2999439257,0.8392235182,-0.009445515475,0.6932394042,0.0270266261,-0.07568734137,0.003931608336,1,0,0,0
21.00049567,18.98041391,torque,figure8,0.04034877941,0.007483355235,-1.724642038,0.02000217158,0.02400183764,-2,1.169006109,1.315501928,0.01468498725,1.124963992,1.349827162,0,0.2766023351,0.0577371516,4.574221806,0.08288799971,1.445294738,0.008734241128,0.1538227835,0.6596291156,-0.004142206665,0.693477145,-0.007243257571,-0.1230751572,-0.002555214118,1,0,0,0
21.0104754,18.99039364,torque,figure8,0.06816145778,0.03686690703,-1.724311829,0.03122876329,0.03747159211,-2,1.166065454,1.32811594,0.02063035034,1.124912225,1.349578698,0,0.2781516806,0.05079221995,2.785124067,0.07070516795,2.251608133,0.01847291365,0.3528875514,0.5834500498,-0.005559461892,0.6965152131,0.04347626185,-0.2172588605,0.0164972733,1,0,0,0
21.02049923,19.00041747,torque,figure8,0.06816145778,0.03686690703,-1.724311829,0.04250433887,0.05099783436,-2,1.166065454,1.32811594,0.02063035034,1.124837393,1.349219541,0,0.2772398577,0.05070233133,2.491324175,0.07070516795,2.251608133,0.01847291365,0.1949831328,0.3949400349,-0.006311890028,0.6966344386,0.005120632771,-0.2671253564,-0.02158973409,1,0,0,0
21.03047585,19.0103941,torque,figure8,0.08668243885,0.05656461045,-1.724000931,0.05372595418,0.06445625573,-2,1.164725065,1.328950524,0.02329543419,1.124740187,1.348753041,0,0.2780717428,0.05033495235,1.84545707,0.05717267469,2.285567999,0.01874405146,0.2794673635,0.1951102535,-0.004901303197,0.6977428242,0.02814560669,-0.2897607564,-0.002245169129,1,0,0,0
21.04049683,19.02041507,torque,figure8,0.08668243885,0.05656461045,-1.724000931,0.06499635885,0.0779692666,-2,1.164725065,1.328950524,0.02329543419,1.124619728,1.348175004,0,0.2776759471,0.05020653283,1.643166363,0.05717267469,2.285567999,0.01874405146,0.1367506161,0.04123751526,-0.009063975112,0.6977763303,-0.005141510846,-0.3276736037,-0.04567982319,1,0,0,0
21.05047655,19.03039479,torque,figure8,0.1051967219,0.0762206763,-1.723645687,0.07621906119,0.0914203564,-2,1.163938284,1.323388338,0.02308493666,1.124477037,1.347490363,0,0.2782848206,0.05168183314,2.726044048,0.0371176526,1.908935308,0.0134234475,0.2337485472,-0.1603243362,-0.007014537298,0.697377575,0.02230937428,-0.2930316546,-0.01468910031,1,0,0,0
21.06049991,19.04041815,torque,figure8,0.1051967219,0.0762206763,-1.723645687,0.08748928073,0.1049228283,-2,1.163938284,1.323388338,0.02308493666,1.124310895,1.34669331,0,0.2784045137,0.05144284171,2.734214241,0.0371176526,1.908935308,0.0134234475,0.09979430964,-0.2832776615,-0.01345042763,0.6973386642,-0.008316608097,-0.3209522287,-0.05639393303,1,0,0,0
21.07047224,19.05039048,torque,figure8,0.1329637766,0.1054871604,-1.723129988,0.09870036583,0.1183480975,-2,1.163611889,1.305711746,0.01896304637,1.124122899,1.345791559,0,0.2792783356,0.05937481606,4.219014654,-0.01514222007,0.6979665756,-0.0009098603623,0.3138346608,-0.4386311771,-0.003578886156,0.6954633316,0.05020189368,-0.1592841361,0.01176628701,1,0,0,0
21.08048749,19.06040573,torque,figure8,0.1329637766,0.1054871604,-1.723129988,0.1099576964,0.1318215452,-2,1.163611889,1.305711746,0.01896304637,1.123911311,1.34477682,0,0.2790694954,0.0588371737,4.28590229,-0.01514222007,0.6979665756,-0.0009098603623,0.1639550649,-0.5415682944,-0.01323693363,0.6953671674,0.01392257376,-0.1813172591,-0.02596442914,1,0,0,0
21.09047031,19.07038856,torque,figure8,0.1607404798,0.1342945248,-1.722690344,0.1211763583,0.1452407149,-2,1.163779378,1.284092307,0.01546888892,1.123677689,1.343656637,0,0.2803315612,0.07345298782,4.095826138,-0.1056952775,-0.8409442306,-0.02489984222,0.3786128085,-0.4772418106,-0.00393336155,0.694907268,0.07558417203,0.04964226734,0.01262904826,1,0,0,0
21.10049868,19.08041692,torque,figure8,0.1607404798,0.1342945248,-1.722690344,0.1324437331,0.1587092919,-2,1.163779378,1.284092307,0.01546888892,1.12342017,1.34242214,0,0.2798167831,0.07259835819,4.139530249,-0.1056952775,-0.8409442306,-0.02489984222,0.2196234354,-0.5609076351,-0.01244823913,0.694833527,0.03626770648,0.03311795284,0.001752994128,1,0,0,0
21.11049008,19.09040833,torque,figure8,0.1792416424,0.1531558186,-1.722403526,0.1436669052,0.172115381,-2,1.163844824,1.272397637,0.01522287354,1.123140848,1.341083442,0,0.2805081623,0.08127908322,3.145421221,-0.1572219133,-1.752239347,-0.03587327898,0.3259749097,-0.3730796188,-0.01036285515,0.6956915619,0.06672050363,0.1897350179,0.005594481165,1,0,0,0
21.12050939,19.10042763,torque,figure8,0.1792416424,0.1531558186,-1.722403526,0.1549184946,0.1855449218,-2,1.163844824,1.272397637,0.01522287354,1.122837946,1.339632112,0,0.2805360436,0.08021081314,3.12936311,-0.1572219133,-1.752239347,-0.03587327898,0.1827747076,-0.4435445239,-0.01472496668,0.6956761016,0.03277007992,0.1765732835,0.01881113267,1,0,0,0
21.13048983,19.11040807,torque,figure8,0.2069991678,0.1811874807,-1.722059965,0.1661233114,0.198907375,-2,1.163740158,1.265372634,0.01458130311,1.122513526,1.338078116,0,0.2814879985,0.08484301171,2.591266428,-0.1316833943,-2.318405628,-0.04203909263,0.4261808288,0.08915274026,-0.01353724757,0.6960253261,0.08363484682,0.3395425579,-0.01116976183,1,0,0,0
21.14049864,19.12041688,torque,figure8,0.2069991678,0.1811874807,-1.722059965,0.1773566152,0.2122916962,-2,1.163740158,1.265372634,0.01458130311,1.122165446,1.336411281,0,0.2812415619,0.08359162889,2.32931997,-0.1316833943,-2.318405628,-0.04203909263,0.2692889249,0.0005670673255,-0.01214749323,0.6961265215,0.0450604239,0.3193654877,0.02993031191,1,0,0,0
21.15048742,19.13040566,torque,figure8,0.225498423,0.1997787952,-1.721841097,0.1885638549,0.2256320626,-2,1.163326979,1.268997788,0.01374593936,1.121795366,1.334639667,0,0.2817888024,0.07888397713,3.765995777,-0.07533150911,-2.049697161,-0.03775618225,0.380621969,0.3847065991,-0.01280497765,0.69507552,0.06187382513,0.3432369944,0.007959954768,1,0,0,0
21.16049433,19.14041257,torque,figure8,0.225498423,0.1997787952,-1.721841097,0.1997876044,0.2389783432,-2,1.163326979,1.268997788,0.01374593936,1.121401888,1.332756682,0,0.2820815948,0.07753618916,3.499606307,-0.07533150911,-2.049697161,-0.03775618225,0.2369365421,0.2860001576,-0.008352380656,0.6952445784,0.02780401998,0.3192834574,0.04932408651,1,0,0,0
21.1704824,19.15040064,torque,figure8,0.2532248795,0.2277108431,-1.721570015,0.2109861887,0.2522801749,-2,1.161942124,1.284665823,0.009232146665,1.120986475,1.330769446,0,0.2826853651,0.06235496581,5.806725606,0.02882948704,-0.96016258,-0.02731824107,0.4667403841,0.8554346885,-0.01329772423,0.6919661998,0.06648270225,0.2684757785,-0.001593923025,1,0,0,0
21.18049216,19.1604104,torque,figure8,0.2532248795,0.2277108431,-1.721570015,0.2222048222,0.2655904477,-2,1.161942124,1.284665823,0.009232146665,1.12054744,1.328670007,0,0.2827019013,0.06111563338,5.567949798,0.02882948704,-0.96016258,-0.02731824107,0.3076563181,0.7122725555,-0.005936942805,0.6921950243,0.02716096918,0.229620749,0.03515883151,1,0,0,0
21.19047976,19.170398,torque,figure8,0.2716896832,0.2465695292,-1.721470594,0.2333941117,0.2788497542,-2,1.160510659,1.298848867,0.006143257022,1.120086718,1.326467745,0,0.2829968083,0.04934204152,6.145966049,0.08491461724,0.0692525506,-0.01403526869,0.4015200373,0.93582827,-0.006697751259,0.6907674122,0.04185847516,0.1295484797,0.01678868875,1,0,0,0
21.2005012,19.18041945,torque,figure8,0.2716896832,0.2465695292,-1.721470594,0.2446165914,0.2921313599,-2,1.160510659,1.298848867,0.006143257022,1.119601693,1.324150296,0,0.2835268285,0.04849170462,5.917280005,0.08491461724,0.0692525506,-0.01403526869,0.2561463118,0.7877497971,-0.0005096388257,0.6909939398,0.007182952898,0.08972672829,0.03296926533,1,0,0,0
21.21048713,19.19040537,torque,figure8,0.2992959023,0.2750205994,-1.721368074,0.2557943411,0.3053422478,-2,1.158082366,1.317619085,0.00688695861,1.119095739,1.321733918,0,0.2836327522,0.03980350605,5.268518637,0.1413525045,1.547580123,0.003213550663,0.4554978476,0.9429324837,-0.001432425975,0.6921192664,0.04846711874,-0.06628425445,0.02838146569,1,0,0,0
21.22050333,19.20042157,torque,figure8,0.2992959023,0.2750205994,-1.721368074,0.2670007949,0.3185684173,-2,1.158082366,1.317619085,0.00688695861,1.118565551,1.319202969,0,0.2838575987,0.04014371139,5.034385325,0.1413525045,1.547580123,0.003213550663,0.2970319688,0.7656755865,0.0009569020363,0.6922866583,0.009284365902,-0.1152877298,0.01110058101,1,0,0,0
21.23049021,19.21040845,torque,figure8,0.3176462948,0.2942141593,-1.721271515,0.278169038,0.3317300902,-2,1.156469107,1.324774384,0.009709719568,1.11801429,1.316572698,0,0.2839990621,0.04050085498,3.706647199,0.1759230047,2.229059696,0.01280425116,0.3704594233,0.6517533347,0.003192438633,0.6943475484,0.02392762817,-0.2149894377,0.01858626493,1,0,0,0
21.24051404,19.22043228,torque,figure8,0.3176462948,0.2942141593,-1.721271515,0.2893729579,0.344913516,-2,1.156469107,1.324774384,0.009709719568,1.117438283,1.313825742,0,0.2847092811,0.04168400919,3.458184795,0.1759230047,2.229059696,0.01280425116,0.2278854989,0.4965115347,0.001824600606,0.6944463108,-0.00983908093,-0.2558279045,-0.01551655002,1,0,0,0
21.25049067,19.23040891,torque,figure8,0.3359590471,0.3134740293,-1.721157074,0.3005182675,0.3580069835,-2,1.15519166,1.325542927,0.01130945701,1.116842413,1.310985549,0,0.2845920067,0.04254980356,2.233704629,0.2146127969,2.440125465,0.01898445189,0.3059498505,0.3048432069,0.003802398435,0.6957105387,0.006934039994,-0.2997260019,-0.0008384543633,1,0,0,0
21.26050162,19.24041986,torque,figure8,0.3359590471,0.3134740293,-1.721157074,0.3116958424,0.3711164959,-2,1.15519166,1.325542927,0.01130945701,1.116221866,1.308029343,0,0.2857704226,0.04419586237,1.985243926,0.2146127969,2.440125465,0.01898445189,0.1730815383,0.1731524806,-0.0007785335433,0.695733047,-0.02380344963,-0.3325668766,-0.04290492109,1,0,0,0
21.27047825,19.25039649,torque,figure8,0.3633384705,0.3423030674,-1.720951319,0.3228287913,0.3841510794,-2,1.153433204,1.313927293,0.01157958619,1.115580911,1.304977639,0,0.285062198,0.04058299163,2.95025617,0.2286146432,1.947131872,0.01341644581,0.3377318443,-0.1110887706,0.008645518918,0.6955121493,0.01820517102,-0.2845200629,0.02502940609,1,0,0,0
21.28049803,19.26041627,torque,figure8,0.3633384705,0.3423030674,-1.720951319,0.3340033462,0.3972108704,-2,1.153433204,1.313927293,0.01157958619,1.114914552,1.301806842,0,0.2859083469,0.04200807894,2.923231762,0.2286146432,1.947131872,0.01341644581,0.1918917599,-0.2265762482,-0.001369352481,0.6954340612,-0.01707942045,-0.3122580755,-0.02958409304,1,0,0,0
21.2904768,19.27039504,torque,figure8,0.3906199038,0.3707781434,-1.720805883,0.3451254186,0.4101851097,-2,1.151450157,1.290225744,0.007489666808,1.114228392,1.298543808,0,0.285608144,0.03886830432,4.332269605,0.1198284477,0.6676875949,-0.004674363881,0.3444256741,-0.4326487804,0.01122928041,0.6934860159,0.03708118893,-0.1538913695,0.0357042863,1,0,0,0
21.30050159,19.28041983,torque,figure8,0.3906199038,0.3707781434,-1.720805883,0.3562917702,0.4231858621,-2,1.151450157,1.290225744,0.007489666808,1.113516446,1.295160267,0,0.2861369331,0.03897962386,4.369587199,0.1198284477,0.6676875949,-0.004674363881,0.193860519,-0.5174399401,-0.001148397252,0.6933568396,0.0001580150643,-0.1719358477,-0.008810370858,1,0,0,0
21.31048226,19.29040051,torque,figure8,0.4087332785,0.3894526362,-1.720769167,0.367401789,0.4360951938,-2,1.149994612,1.271868348,0.006290543359,1.112785121,1.29168688,0,0.2861008185,0.04262500856,4.389219885,0.03301974386,-0.3685488105,-0.01633870788,0.260832353,-0.5479544346,0.0032621084,0.693091116,0.02918890641,-0.02994926313,0.01258485857,1,0,0,0
21.32050133,19.30041957,torque,figure8,0.4087332785,0.3894526362,-1.720769167,0.3785470824,0.4490187827,-2,1.149994612,1.271868348,0.006290543359,1.112028406,1.28809531,0,0.2871048421,0.04176503295,4.432417028,0.03301974386,-0.3685488105,-0.01633870788,0.1278444134,-0.605224477,-0.006463450277,0.6929663945,-0.001945881459,-0.03977159729,-0.007968029409,1,0,0,0
21.33047986,19.3103981,torque,figure8,0.4358403981,0.4169929028,-1.720712662,0.3896396407,0.4618538041,-2,1.147424579,1.248202562,0.008044417016,1.111252286,1.284414171,0,0.2866154702,0.05181146587,3.020043784,-0.04820626974,-1.666209817,-0.02837965451,0.3129779135,-0.3704318969,0.002546825911,0.6946569273,0.05343231573,0.1776865919,0.009670598888,1,0,0,0
21.34050798,19.32042623,torque,figure8,0.4358403981,0.4169929028,-1.720712662,0.4007794111,0.4747150833,-2,1.147424579,1.248202562,0.008044417016,1.110449734,1.280610373,0,0.2873369803,0.04982085868,3.003185129,-0.04820626974,-1.666209817,-0.02837965451,0.1715315321,-0.420053561,-0.003817789373,0.6945831978,0.01921981846,0.1692495981,0.01647445428,1,0,0,0
21.3504889,19.33040714,torque,figure8,0.4538504183,0.435069412,-1.720642805,0.4118586381,0.4874774247,-2,1.145254731,1.23816061,0.01114240661,1.109628507,1.276720904,0,0.2873157701,0.05366821505,1.879162755,-0.06463023275,-2.12099576,-0.03206999227,0.2565850077,-0.1415525712,-0.001250263644,0.6960251756,0.04145168608,0.2749446816,0.01585428283,1,0,0,0
21.36050296,19.3404212,torque,figure8,0.4538504183,0.435069412,-1.720642805,0.4229663019,0.5002426095,-2,1.145254731,1.23816061,0.01114240661,1.108782057,1.272714987,0,0.2885165795,0.05146274523,1.733901755,-0.06463023275,-2.12099576,-0.03206999227,0.129349349,-0.1916679472,-0.003606814633,0.6960024755,0.01189266147,0.2653362419,0.03677223302,1,0,0,0
21.37049699,19.35041523,torque,figure8,0.4807608426,0.4618623555,-1.720391273,0.4340431883,0.5129417542,-2,1.141112089,1.234205246,0.01303336956,1.107914852,1.268614013,0,0.2880497945,0.04955692206,3.150453143,-0.05796117336,-2.040346384,-0.02757504769,0.3256522941,0.3622471264,-0.001989040801,0.695963741,0.0563755736,0.3413831882,0.003150174975,1,0,0,0
21.38051629,19.36043453,torque,figure8,0.4807608426,0.4618623555,-1.720391273,0.4451392729,0.5256313551,-2,1.141112089,1.234205246,0.01303336956,1.10702296,1.264399644,0,0.2889920786,0.04736706815,2.935027707,-0.05796117336,-2.040346384,-0.02757504769,0.1877168895,0.2845361556,0.0003133668917,0.6960163739,0.02306352088,0.3218778417,0.03804083753,1,0,0,0
21.3904922,19.37041044,torque,figure8,0.4986360073,0.4797442257,-1.720223904,0.4561783121,0.5382235374,-2,1.137623787,1.239061236,0.01172816008,1.106112572,1.260101382,0,0.2889587338,0.03966351109,4.569933523,-0.05492772907,-1.464975238,-0.01801896468,0.2765630938,0.6287610544,0.0005397034251,0.6945178055,0.04308888595,0.2978198776,0.01725952474,1,0,0,0
21.40051913,19.38043737,torque,figure8,0.4986360073,0.4797442257,-1.720223904,0.4672645461,0.550836401,-2,1.137623787,1.239061236,0.01172816008,1.105175067,1.255678781,0,0.2903668887,0.03829636992,4.387080987,-0.05492772907,-1.464975238,-0.01801896468,0.1510783114,0.537720795,0.004446381062,0.6946048159,0.01386818355,0.2738178288,0.04525615927,1,0,0,0
21.41049004,19.39040828,torque,figure8,0.5252755284,0.5064961314,-1.720002413,0.4782793994,0.5633343057,-2,1.132010102,1.252977252,0.008380399086,1.104220488,1.251179489,0,0.289547687,0.02908136388,5.843846843,-0.04870390519,-0.1103967354,0.0008237448637,0.3500108745,0.9600483795,0.002051636458,0.6924645828,0.05899362405,0.1653598301,0.008265075595,1,0,0,0
21.42051435,19.40043259,torque,figure8,0.5252755284,0.5064961314,-1.720002413,0.4893435432,0.5758534196,-2,1.132010102,1.252977252,0.008380399086,1.103238386,1.246554531,0,0.2906891636,0.03064790499,5.675331416,-0.04870390519,-0.1103967354,0.0008237448637,0.2124055716,0.8285010186,0.006294912691,0.6925691599,0.02546962258,0.1280513959,0.02020263156,1,0,0,0
21.43050289,19.41042113,torque,figure8,0.5429426432,0.5245096684,-1.719857454,0.5003583107,0.5882812511,-2,1.128420115,1.262804508,0.008474633098,1.102237459,1.241845154,0,0.2904480781,0.03459256234,5.540114515,-0.03992698714,0.891688168,0.01270654518,0.3016426389,0.9240249502,0.006502598126,0.6929450484,0.04492049693,0.01218612505,0.01158004775,1,0,0,0
21.44054866,19.4204669,torque,figure8,0.5429426432,0.5245096684,-1.719857454,0.5114259809,0.6007323242,-2,1.128420115,1.262804508,0.008474633098,1.101208337,1.237007577,0,0.2920325995,0.03844192858,5.373658774,-0.03992698714,0.891688168,0.01270654518,0.1761789901,0.7944053491,0.008681589521,0.6930346112,0.01544255293,-0.02367307822,0.004665602549,1,0,0,0
21.45049906,19.4304173,torque,figure8,0.5693384409,0.5517444611,-1.719589472,0.5223782801,0.6130167904,-2,1.123921156,1.271479487,0.01220080722,1.1001668,1.232116243,0,0.2908429462,0.04756673338,3.920268515,0.008457450196,2.021481514,0.02393484674,0.3690069105,0.7624111238,0.01110127872,0.6957878878,0.05427617069,-0.1615963676,0.02478128974,1,0,0,0
21.46054721,19.44046545,torque,figure8,0.5693384409,0.5517444611,-1.719589472,0.5334275444,0.6253720451,-2,1.123921156,1.271479487,0.01220080722,1.099092648,1.227076584,0,0.2921312683,0.05231569907,3.730237048,0.008457450196,2.021481514,0.02393484674,0.231548251,0.6182500396,0.008316844353,0.6958273943,0.02065992502,-0.2017944967,-0.0125268738,1,0,0,0
21.47049856,19.4504168,torque,figure8,0.5868573189,0.5699221492,-1.719326258,0.5443596184,0.6375578726,-2,1.121605277,1.270525813,0.01559575647,1.098006695,1.221986566,0,0.2918191139,0.05617988269,2.450605362,0.04718438536,2.370064735,0.02671001107,0.3107039223,0.4227352661,0.01118526876,0.697758223,0.03449510063,-0.2694655646,0.006025979819,1,0,0,0
21.48052883,19.46044707,torque,figure8,0.5868573189,0.5699221492,-1.719326258,0.5553673391,0.6497885834,-2,1.121605277,1.270525813,0.01559575647,1.096889849,1.216756995,0,0.2935098222,0.06119775944,2.233125569,0.04718438536,2.370064735,0.02671001107,0.1860902681,0.30531451,0.005466100075,0.697754098,0.005172222443,-0.3002506395,-0.03908493981,1,0,0,0
21.49050236,19.4704206,torque,figure8,0.6130859256,0.5971451402,-1.71895957,0.5663015685,0.6618976008,-2,1.119101405,1.256623745,0.01688055694,1.095757164,1.211458694,0,0.2921735453,0.05357040758,2.767324538,0.09161069989,2.102646351,0.02142196335,0.3584049467,-0.01764801895,0.01610792784,0.6981236503,0.04102168147,-0.292898636,0.03059483944,1,0,0,0
21.50051022,19.48042846,torque,figure8,0.6130859256,0.5971451402,-1.71895957,0.577261971,0.673994695,-2,1.119101405,1.256623745,0.01688055694,1.094598394,1.206044042,0,0.2935522664,0.05868268096,2.678059625,0.09161069989,2.102646351,0.02142196335,0.2232666614,-0.1149393755,0.004827782836,0.6980591502,0.0080371026,-0.3171026202,-0.02978251099,1,0,0,0
21.51049376,19.490412,torque,figure8,0.6305330992,0.6150817275,-1.718711376,0.5881840751,0.6860079146,-2,1.117973447,1.239681959,0.01452472527,1.093420321,1.200545061,0,0.2931676206,0.04843057323,3.91187155,0.08382565528,1.415728927,0.01155471429,0.2936458658,-0.3400548182,0.01008152753,0.6967343307,0.02681707888,-0.249658724,0.005966607035,1,0,0,0
21.52051401,19.50043225,torque,figure8,0.6305330992,0.6150817275,-1.718711376,0.59913441,0.6980096247,-2,1.117973447,1.239681959,0.01452472527,1.092215723,1.194928398,0,0.2949342362,0.05364055534,3.88778551,0.08382565528,1.415728927,0.01155471429,0.171373576,-0.4027224923,-0.001444456993,0.6966448376,-0.001900454387,-0.2627631842,-0.04166304133,1,0,0,0
21.5304904,19.51040864,torque,figure8,0.6566441059,0.6414628029,-1.718403339,0.6100247026,0.7099023968,-2,1.116540313,1.2081604,0.01223786082,1.090994339,1.18923978,0,0.2935200607,0.0340639382,4.694862464,0.05940075591,0.0188272614,-0.002503909171,0.3393906042,-0.5509691959,0.01241228998,0.6955309858,0.04255467102,-0.08585601235,0.02007279658,1,0,0,0
21.54051232,19.52043056,torque,figure8,0.6566441059,0.6414628029,-1.718403339,0.6209523253,0.72179183,-2,1.116540313,1.2081604,0.01223786082,1.08974524,1.183428667,0,0.2949971781,0.03846296706,4.685493199,0.05940075591,0.0188272614,-0.002503909171,0.2070534672,-0.5850029093,-0.0001567507296,0.695431918,0.0102042832,-0.09037112032,-0.01479059287,1,0,0,0
21.55049253,19.53041077,torque,figure8,0.6740345955,0.6586915851,-1.718211651,0.6318219038,0.7335734112,-2,1.115422964,1.187199831,0.01364908274,1.088479315,1.177546067,0,0.2946079988,0.03170887638,4.238503394,0.04629746452,-0.9221727848,-0.01459862944,0.2776349256,-0.5498815907,0.004785633684,0.6963069434,0.02965350161,0.04617263508,0.00821915475,1,0,0,0
21.56051135,19.54042959,torque,figure8,0.6740345955,0.6586915851,-1.718211651,0.6427207299,0.7453410585,-2,1.115422964,1.187199831,0.01364908274,1.087186409,1.171545147,0,0.2964681486,0.03505238403,4.221484547,0.04629746452,-0.9221727848,-0.01459862944,0.1582536014,-0.567762357,-0.004696488453,0.6962212582,0.001545633167,0.04583903513,-0.005355387322,1,0,0,0
21.57049131,19.55040956,torque,figure8,0.7000367641,0.6838917732,-1.717872858,0.6535642924,0.7570028136,-2,1.112785578,1.161746621,0.01714334451,1.085876548,1.165472805,0,0.295128174,0.03212280488,2.506911608,0.02460520901,-1.966518641,-0.02649377845,0.3251520258,-0.2777391072,0.004514043314,0.6985710856,0.0451459182,0.2319223744,0.008703424641,1,0,0,0
21.58051348,19.56043172,torque,figure8,0.7000367641,0.6838917732,-1.717872858,0.664440441,0.7686524196,-2,1.112785578,1.161746621,0.01714334451,1.084539108,1.159280165,0,0.2967274669,0.03313367936,2.408099604,0.02460520901,-1.966518641,-0.02649377845,0.1963977956,-0.2938742537,-0.001287527569,0.6985212195,0.01372302321,0.2310084929,0.01913661268,1,0,0,0
21.59049702,19.57041526,torque,figure8,0.7173523903,0.7005063295,-1.717597008,0.6752612384,0.7801949555,-2,1.11029017,1.151548862,0.01949462108,1.083184891,1.153017616,0,0.2964344653,0.03341995863,1.882179181,0.02622831054,-2.208474874,-0.02818053775,0.2685036033,0.0103887312,0.00150989259,0.6995316002,0.03119860041,0.3096262286,0.01599583528,1,0,0,0
21.60052037,19.58043861,torque,figure8,0.7173523903,0.7005063295,-1.717597008,0.6861114798,0.7917201587,-2,1.11029017,1.151548862,0.01949462108,1.081803279,1.146636448,0,0.2984081218,0.03486653113,1.684541104,0.02622831054,-2.208474874,-0.02818053775,0.1521515488,-0.01430625802,-0.0006594004212,0.6995096497,0.003919945801,0.304982931,0.03644325994,1,0,0,0
21.61050487,19.59042311,torque,figure8,0.7431827188,0.7249827981,-1.71713686,0.6969057757,0.8031366235,-2,1.105305076,1.147678018,0.01812393032,1.080405143,1.140187251,0,0.2970877512,0.03169534769,3.885277989,0.02719402313,-1.770273447,-0.0221476797,0.3201368092,0.5109197693,0.001591251794,0.6982424327,0.04409856534,0.3253810125,0.005808591945,1,0,0,0
21.62054729,19.60046554,torque,figure8,0.7431827188,0.7249827981,-1.71713686,0.7077485145,0.8145539136,-2,1.105305076,1.147678018,0.01812393032,1.078976894,1.133607761,0,0.2988145304,0.03492308837,3.746712939,0.02719402313,-1.770273447,-0.0221476797,0.1936113301,0.4552529613,0.003135928286,0.6982530515,0.01332171296,0.3099469224,0.03325763329,1,0,0,0
21.63051319,19.61043143,torque,figure8,0.7603263259,0.7412706614,-1.716886759,0.7184943335,0.8258184153,-2,1.101171374,1.151562452,0.01401597261,1.077537746,1.126986866,0,0.2984147209,0.03686401161,5.0692919,0.02800599858,-0.9870694876,-0.01390558202,0.2668933058,0.7455561498,0.003948189315,0.696226273,0.03089468408,0.2482633804,0.01822136444,1,0,0,0
21.64054918,19.62046742,torque,figure8,0.7603263259,0.7412706614,-1.716886759,0.7293011294,0.8370950057,-2,1.101171374,1.151562452,0.01401597261,1.076066574,1.120227781,0,0.3004962148,0.04252716921,4.956912141,0.02800599858,-0.9870694876,-0.01390558202,0.1519878108,0.6748627858,0.00636079442,0.6962462168,0.003942531232,0.2279646222,0.0359276502,1,0,0,0
21.65050507,19.63042331,torque,figure8,0.7859101892,0.7658188343,-1.716631413,0.7400069673,0.8482141096,-2,1.094470859,1.161437273,0.009502881207,1.07458546,1.113432345,0,0.2986533836,0.05282240897,5.541528116,0.05163336173,0.5179909468,0.00181567343,0.3154747033,0.9561597793,0.006632550376,0.6949088887,0.04025606693,0.07628649974,0.0171143433,1,0,0,0
21.6605525,19.64047074,torque,figure8,0.7859101892,0.7658188343,-1.716631413,0.7507961951,0.859366418,-2,1.094470859,1.161437273,0.009502881207,1.07306886,1.106483792,0,0.3004694649,0.05973470868,5.438160257,0.05163336173,0.5179909468,0.00181567343,0.1902260465,0.8505045009,0.008040178175,0.694923272,0.009672233186,0.044717461,0.01427063008,1,0,0,0
21.67050409,19.65042233,torque,figure8,0.8028380871,0.7821691036,-1.716466904,0.761467374,0.8703430775,-2,1.089949012,1.166331053,0.009575380012,1.071545102,1.099512333,0,0.2997952673,0.06996522743,4.686421441,0.05783029273,1.487116218,0.01172522362,0.255487723,0.8387841931,0.009387625561,0.6960320536,0.0252052403,-0.08377316543,0.01310714982,1,0,0,0
21.68051767,19.66043591,torque,figure8,0.8028380871,0.7821691036,-1.716466904,0.7721896098,0.881317639,-2,1.089949012,1.166331053,0.009575380012,1.069990163,1.092408425,0,0.3019284318,0.07716604439,4.582889971,0.05783029273,1.487116218,0.01172522362,0.1427479199,0.7387768142,0.008563755053,0.6960311768,-0.001284741747,-0.1127120273,-0.005977070985,1,0,0,0
21.69049215,19.67041039,torque,figure8,0.828102529,0.8068449497,-1.716161489,0.7828543906,0.8921781872,-2,1.083817124,1.164761662,0.01178786531,1.068419697,1.085244049,0,0.2998223732,0.08184794037,2.418012835,0.07196849585,2.423113585,0.02313341014,0.2923396592,0.5305682042,0.01397929831,0.6986535452,0.03381946426,-0.2543380258,0.02490455741,1,0,0,0
21.70052695,19.68044519,torque,figure8,0.828102529,0.8068449497,-1.716161489,0.79356775,0.9030318607,-2,1.083817124,1.164761662,0.01178786531,1.066818012,1.077948098,0,0.3016767689,0.08924415172,2.265496998,0.07196849585,2.423113585,0.02313341014,0.1712643249,0.4292958933,0.007871443575,0.6986238216,0.004469330373,-0.2832093641,-0.02210280672,1,0,0,0
21.71050715,19.6904254,torque,figure8,0.84484303,0.8232057095,-1.715889215,0.8042067701,0.9137534277,-2,1.080344558,1.155441642,0.01302852482,1.065203465,1.070604635,0,0.3009470598,0.08715682865,1.680104838,0.07491583377,2.519049168,0.02320441417,0.2300157782,0.1511663205,0.01128924117,0.6994037515,0.01920135397,-0.330561029,0.001207409203,1,0,0,0
21.72055006,19.7004683,torque,figure8,0.84484303,0.8232057095,-1.715889215,0.8148962591,0.9244679378,-2,1.080344558,1.155441642,0.01302852482,1.063557087,1.063127846,0,0.3031002901,0.09472802444,1.523740209,0.07491583377,2.519049168,0.02320441417,0.1215152836,0.07906446077,0.002941682579,0.6993571086,-0.00597952139,-0.349424482,-0.04801264569,1,0,0,0
21.73050046,19.7104187,torque,figure8,0.8698332906,0.8474175334,-1.715431452,0.8254708724,0.9350092729,-2,1.076125741,1.127961516,0.00930098258,1.061904451,1.055634266,0,0.3010308881,0.07429659797,3.857375512,0.06412699074,1.78828001,0.0146643715,0.2652381956,-0.3298641857,0.0152790716,0.6973392597,0.03092531665,-0.2983600264,0.02577704248,1,0,0,0
21.74052167,19.72043991,torque,figure8,0.8698332906,0.8474175334,-1.715431452,0.8361040102,0.9455498334,-2,1.076125741,1.127961516,0.00930098258,1.060218535,1.048001796,0,0.30289746,0.08205549526,3.813586509,0.06412699074,1.78828001,0.0146643715,0.1487080259,-0.3697347259,0.002436088796,0.6972766189,0.002809530609,-0.3068340445,-0.03118726683,1,0,0,0
21.75049663,19.73041487,torque,figure8,0.886451602,0.8632063866,-1.715198994,0.8466711852,0.9559653624,-2,1.073852897,1.102716208,0.00424812641,1.058518989,1.040319895,0,0.3021561225,0.06439312979,4.899156187,0.02248164453,0.8159031272,-0.0004444809456,0.2112375775,-0.5827006748,0.008190062912,0.6950434521,0.02409105534,-0.2019058075,0.008559766716,1,0,0,0
21.76052427,19.74044251,torque,figure8,0.886451602,0.8632063866,-1.715198994,0.857276984,0.9663582507,-2,1.073852897,1.102716208,0.00424812641,1.056788969,1.032512907,0,0.3043075395,0.07237214702,4.870465159,0.02248164453,0.8159031272,-0.0004444809456,0.106060219,-0.5917082074,-0.003847131865,0.6949819933,-0.0003839758527,-0.2009186906,-0.03173314202,1,0,0,0
21.77050042,19.75041866,torque,figure8,0.9112780094,0.8861335516,-1.71491003,0.8678109938,0.9766196638,-2,1.070587873,1.062667131,0.001631136402,1.05504648,1.024662562,0,0.3022472642,0.04109188228,4.845294064,-0.06776563823,-0.8075720668,-0.01759668626,0.2632892224,-0.6790432018,0.01010621852,0.6944264461,0.04913036713,0.007745030059,0.02249416063,1,0,0,0
21.78052568,19.76044393,torque,figure8,0.9112780094,0.8861335516,-1.71491003,0.8783792452,0.986852283,-2,1.070587873,1.062667131,0.001631136402,1.053273993,1.016690357,0,0.304142865,0.04915582154,4.807047067,-0.06776563823,-0.8075720668,-0.01759668626,0.1498097637,-0.6582356322,-0.001339969813,0.6943764023,0.02155676916,0.01750675351,0.0006820252339,1,0,0,0
21.79050994,19.77042818,torque,figure8,0.9277852774,0.9009158015,-1.714736223,0.8888865002,0.9969632005,-2,1.068408608,1.038997412,0.002784234006,1.051487451,1.008668501,0,0.30350229,0.03484135958,3.703528957,-0.1050467864,-1.736876965,-0.02779753879,0.2276890108,-0.5362905196,0.003787171308,0.695710919,0.04440970905,0.1618401288,0.01765421012,1,0,0,0
21.80052567,19.78044391,torque,figure8,0.9277852774,0.9009158015,-1.714736223,0.8994088465,1.007025107,-2,1.068408608,1.038997412,0.002784234006,1.049673952,1.00053953,0,0.305679291,0.04286896308,3.64267534,-0.1050467864,-1.736876965,-0.02779753879,0.1247753154,-0.5104999127,-0.004069197626,0.6956753495,0.02026411532,0.1719097309,0.01560820081,1,0,0,0
21.81050467,19.79042292,torque,figure8,0.9524770975,0.9224957824,-1.71444273,0.9098744495,1.016968753,-2,1.064653158,1.013787746,0.005143343005,1.047845894,0.992359506,0,0.3037813068,0.02771475383,1.881264694,-0.09833783656,-2.343962669,-0.03161116689,0.2998343157,-0.130869062,0.004670175588,0.6975167875,0.05894995173,0.3052507091,0.01382729694,1,0,0,0
21.82052398,19.80044222,torque,figure8,0.9524770975,0.9224957824,-1.71444273,0.9203638507,1.026870023,-2,1.064653158,1.013787746,0.005143343005,1.045989198,0.9840659251,0,0.3057256893,0.03547089012,1.715937501,-0.09833783656,-2.343962669,-0.03161116689,0.1868326951,-0.1122763622,0.0007586697489,0.697497144,0.03130745681,0.3118365162,0.03071166324,1,0,0,0
21.83050609,19.81042433,torque,figure8,0.9688517451,0.9364454746,-1.714247704,0.9307957085,1.036651505,-2,1.061659098,1.005074501,0.00449099252,1.044118249,0.9757235588,0,0.3051948317,0.03448663789,2.608238039,-0.06276206672,-2.166717052,-0.02728197537,0.2679601925,0.2145505765,0.003733444391,0.6971011178,0.04442400988,0.3339192948,0.02123623925,1,0,0,0
21.84055948,19.82047772,torque,figure8,0.9688517451,0.9364454746,-1.714247704,0.941283082,1.046418273,-2,1.061659098,1.005074501,0.00449099252,1.042212645,0.9672420209,0,0.3074222217,0.04277417546,2.48880771,-0.06276206672,-2.166717052,-0.02728197537,0.1644285802,0.2153122935,0.002640175961,0.6970877489,0.02002005064,0.3338994399,0.04094552593,1,0,0,0
21.8505168,19.83043504,torque,figure8,0.9933661819,0.9573969245,-1.714028597,0.951651236,1.056007257,-2,1.056236982,1.003039479,-0.002730587497,1.040304227,0.9587634876,0,0.3053584415,0.04713461826,4.615549398,0.009050213732,-1.026999116,-0.01566274837,0.3327350481,0.6544374113,0.006238115964,0.6940536269,0.04909491153,0.2438203881,0.01608921332,1,0,0,0
21.86055541,19.84047365,torque,figure8,0.9933661819,0.9573969245,-1.714028597,0.9620847034,1.065588684,-2,1.056236982,1.003039479,-0.002730587497,1.038359084,0.9501377862,0,0.3073493633,0.0559076425,4.548885708,0.009050213732,-1.026999116,-0.01566274837,0.2176589143,0.6195321837,0.006923603375,0.6940404021,0.020715463,0.2317430512,0.0296639276,1,0,0,0
21.87052917,19.85044742,torque,figure8,1.009663582,0.9711264372,-1.713992596,0.9724313274,1.075022077,-2,1.052244544,1.005489707,-0.006920321379,1.036405522,0.9414909994,0,0.3065628486,0.0662917796,5.074531409,0.03260413185,0.007625658531,-0.003184371861,0.288832205,0.7835751907,0.009008907872,0.6926990094,0.03426402353,0.1159925126,0.02016129616,1,0,0,0
21.88057899,19.86049724,torque,figure8,1.009663582,0.9711264372,-1.713992596,0.9828370366,1.08443979,-2,1.052244544,1.005489707,-0.006920321379,1.034415946,0.9327015473,0,0.3088038453,0.07525866019,5.02166264,0.03260413185,0.007625658531,-0.003184371861,0.1837304704,0.7353438784,0.009243363211,0.692683098,0.009252534223,0.09992864075,0.02004686552,1,0,0,0
21.89052129,19.87043953,torque,figure8,1.034047008,0.9918136001,-1.714024544,0.9931116322,1.093669445,-2,1.046187997,1.007614851,-0.008286089636,1.03242684,0.9239310515,0,0.3063205504,0.08521154269,4.19066308,0.06278380007,1.491630197,0.01065991912,0.3357489808,0.7540356158,0.0144652214,0.6935526993,0.04183640552,-0.09023051495,0.03242095034,1,0,0,0
21.90056539,19.88048363,torque,figure8,1.034047008,0.9918136001,-1.714024544,1.003471249,1.102904687,-2,1.046187997,1.007614851,-0.008286089636,1.030396382,0.9149956354,0,0.3083148849,0.09432048281,4.128505647,0.06278380007,1.491630197,0.01065991912,0.221083713,0.6858010172,0.01158452715,0.6935365876,0.01353143447,-0.1124329952,0.005838988972,1,0,0,0
21.91052365,19.89044189,torque,figure8,1.050252318,1.005510092,-1.714038372,1.013722102,1.111972041,-2,1.042581439,1.004000545,-0.00596491294,1.028362494,0.9060627602,0,0.3073152389,0.09914417879,2.776804756,0.088959001,2.154851675,0.01925823279,0.2804895884,0.5136248919,0.01525078337,0.6953202368,0.02494691941,-0.2244039012,0.01670404298,1,0,0,0
21.92055202,19.90047026,torque,figure8,1.050252318,1.005510092,-1.714038372,1.024024536,1.121012953,-2,1.042581439,1.004000545,-0.00596491294,1.02629342,0.8969934597,0,0.3095203712,0.1084038558,2.686490304,0.088959001,2.154851675,0.01925823279,0.1773254416,0.4585806893,0.01010230891,0.6953084422,0.0004957891787,-0.2415572585,-0.02007197208,1,0,0,0
21.93051338,19.91043162,torque,figure8,1.07449615,1.025812387,-1.713992357,1.034237499,1.129903064,-2,1.037954092,0.9867121577,-0.002552505815,1.024217478,0.887912408,0,0.3070113997,0.09978276607,2.114553278,0.1285206825,2.414993763,0.02143812366,0.3086264653,0.05822801447,0.0210164854,0.6966921677,0.02819987224,-0.3260019822,0.03712303825,1,0,0,0
21.94055223,19.92047048,torque,figure8,1.07449615,1.025812387,-1.713992357,1.044508879,1.138770447,-2,1.037954092,0.9867121577,-0.002552505815,1.022104566,0.8786885192,0,0.3089646118,0.1092100236,1.96907978,0.1285206825,2.414993763,0.02143812366,0.197910669,0.02214505153,0.01079109224,0.6966930892,0.001158187107,-0.3366166998,-0.0194957149,1,0,0,0
21.95051265,19.93043089,torque,figure8,1.090643525,1.039096236,-1.713937521,1.054678936,1.147476675,-2,1.035300732,0.9667698741,-0.00215478125,1.019987549,0.8694658114,0,0.3080121963,0.09852521136,3.525984766,0.1306576431,2.018913746,0.01566946507,0.2465797464,-0.2896393732,0.01637531421,0.6959177904,0.01401542693,-0.3250384317,0.01267489731,1,0,0,0
21.96055174,19.94046998,torque,figure8,1.090643525,1.039096236,-1.713937521,1.064907887,1.156158366,-2,1.035300732,0.9667698741,-0.00215478125,1.017833074,0.8600995549,0,0.310157391,0.1081125301,3.431251161,0.1306576431,2.018913746,0.01566946507,0.1475751687,-0.2970868728,0.005315677347,0.6959318834,-0.0091954066,-0.3263272043,-0.03728508413,1,0,0,0
21.97055221,19.95047045,torque,figure8,1.098694563,1.04556632,-1.713914156,1.075075876,1.164712819,-2,1.0340662,0.954433918,-0.00261539151,1.015666235,0.8506995239,0,0.3108035403,0.1053860688,4.164521676,0.1228653491,1.684422255,0.01331739314,0.1359139252,-0.4401948029,0.003622918348,0.6951812586,-0.008725668317,-0.3000138663,-0.03623480836,1,0,0,0
21.98054743,19.96046567,torque,figure8,1.114784241,1.058263063,-1.713893414,1.085216777,1.17316851,-2,1.031827569,0.9264060855,-0.004918445367,1.013479981,0.8412355646,0,0.3097329096,0.08726306629,5.235217255,0.1036973298,0.7710655332,0.004502033349,0.1928314746,-0.6674073485,0.01042571692,0.6934486549,0.009341632617,-0.2073977444,0.002721989252,1,0,0,0
21.99051118,19.97042942,torque,figure8,1.130819798,1.070502281,-1.713897228,1.095303897,1.18150309,-2,1.029496193,0.8965373039,-0.005870196968,1.011280203,0.8317336497,0,0.3089293684,0.0675706676,5.446928106,0.05642586574,-0.2893498242,-0.006674563047,0.2371147114,-0.7776469636,0.01526048601,0.6928573751,0.02664715157,-0.07841012442,0.02234805332,1,0,0,0
22.00053048,19.98044872,torque,figure8,1.130819798,1.070502281,-1.713897228,1.105425052,1.189788332,-2,1.029496193,0.8965373039,-0.005870196968,1.00904766,0.8221113167,0,0.311012622,0.07740690725,5.37172752,0.05642586574,-0.2893498242,-0.006674563047,0.1370478285,-0.7222429871,0.003468726641,0.6928931435,0.002453324178,-0.06049790021,-0.007462139176,1,0,0,0
22.01050496,19.9904232,torque,figure8,1.14680028,1.082279801,-1.713891745,1.115478608,1.197940414,-2,1.027028084,0.8680964708,-0.004136802163,1.00680473,0.8124656295,0,0.3101876178,0.05933706847,4.671470824,0.0166331213,-1.280947089,-0.01359080803,0.1957955283,-0.7006866559,0.00906954076,0.6939858233,0.02272973389,0.07539157921,0.01167532007,1,0,0,0
22.02052212,20.00044036,torque,figure8,1.14680028,1.082279801,-1.713891745,1.125552561,1.206030216,-2,1.027028084,0.8680964708,-0.004136802163,1.004531789,0.8027127785,0,0.3124476989,0.0692692113,4.588346679,0.0166331213,-1.280947089,-0.01359080803,0.1048538407,-0.6378628348,0.0001091129041,0.694021655,0.001418790574,0.09446772448,-0.0001961594027,1,0,0,0
22.03051233,20.01043057,torque,figure8,1.170654297,1.099101186,-1.713757992,1.135576642,1.214000634,-2,1.022261739,0.8336917758,0.001297350624,1.002244632,0.7929211777,0,0.310430044,0.04543797261,2.341850121,0.0003066241043,-2.313300133,-0.01887229644,0.2379507497,-0.3935426566,0.009473143781,0.6970695135,0.0356834083,0.2606849475,0.009531350308,1,0,0,0
22.04055071,20.02046895,torque,figure8,1.170654297,1.099101186,-1.713757992,1.14562593,1.221910621,-2,1.022261739,0.8336917758,0.001297350624,0.9999260466,0.7830178103,0,0.3124789014,0.0553932942,2.215107136,0.0003066241043,-2.313300133,-0.01887229644,0.1395091712,-0.3251011068,0.003852340586,0.6970855359,0.01169818878,0.2805106172,0.01752389994,1,0,0,0
22.05050135,20.03041959,torque,figure8,1.194358468,1.115187407,-1.713479519,1.155564314,1.229653044,-2,1.016076446,0.8135267496,0.005501600448,0.9976075887,0.7731379223,0,0.3109684143,0.04475068323,2.222785528,0.001983368536,-2.505927086,-0.02012792975,0.2663704917,0.1244894193,0.007446186844,0.698367748,0.04122264607,0.3642213114,0.001179560232,1,0,0,0
22.06052256,20.0404408,torque,figure8,1.194358468,1.115187407,-1.713479519,1.165549765,1.237350704,-2,1.016076446,0.8135267496,0.005501600448,0.9952524722,0.7631252979,0,0.3128063279,0.05481069068,2.168539539,0.001983368536,-2.505927086,-0.02012792975,0.1640726738,0.1729563455,0.006201830647,0.6983505787,0.01595607551,0.376521793,0.02441242255,1,0,0,0
22.07050371,20.05042195,torque,figure8,1.210052013,1.125623345,-1.713270187,1.175471745,1.24491755,-2,1.010879517,0.8086380363,0.003359542694,0.9928866506,0.7530909888,0,0.3124754194,0.05848507701,4.120260012,0.007373057771,-2.037850857,-0.01498425659,0.2184884773,0.5158001428,0.007248871362,0.6967379342,0.0279199021,0.3601361596,0.01346243222,1,0,0,0
22.08052135,20.06043959,torque,figure8,1.210052013,1.125623345,-1.713270187,1.185406142,1.252411041,-2,1.010879517,0.8086380363,0.003359542694,0.9904920426,0.7429589046,0,0.3144781775,0.06885262491,4.126948174,0.007373057771,-2.037850857,-0.01498425659,0.12765815,0.5367638101,0.008057510576,0.6966980902,0.006498850732,0.3629675299,0.0342642148,1,0,0,0
22.09050059,20.07041883,torque,figure8,1.233414531,1.141083717,-1.713022947,1.195278522,1.2597746,-2,1.001969576,0.8113688231,-0.006269614678,0.9880865975,0.7328055983,0,0.3128860969,0.08002640467,6.035202388,0.02081380598,-0.5907063484,-0.004185501486,0.2570185409,0.9251975558,0.008849036433,0.6926955141,0.03538552875,0.2220765054,0.01227967889,1,0,0,0
22.10052276,20.080441,torque,figure8,1.233414531,1.141083717,-1.713022947,1.205169098,1.267067551,-2,1.001969576,0.8113688231,-0.006269614678,0.9856507535,0.7225491366,0,0.3146832688,0.09052374676,6.062824121,0.02081380598,-0.5907063484,-0.004185501486,0.1591432216,0.9071212744,0.01066765652,0.6926342852,0.01146324011,0.2121386339,0.02284344709,1,0,0,0
22.1105175,20.09043574,torque,figure8,1.248871088,1.151479602,-1.712983847,1.215008203,1.274237886,-2,0.9956511855,0.8157613277,-0.01196925621,0.9832016075,0.7122621886,0,0.3139977128,0.1049301048,6.12454461,0.02013061941,0.6070635915,0.006645298563,0.2133632161,1.008010851,0.01192010802,0.6914497746,0.02473543965,0.06417952293,0.01592162663,1,0,0,0
22.12055755,20.10047579,torque,figure8,1.248871088,1.151479602,-1.712983847,1.224867157,1.281336913,-2,0.9956511855,0.8157613277,-0.01196925621,0.9807213369,0.7018705933,0,0.31593889,0.115487068,6.159715472,0.02013061941,0.6070635915,0.006645298563,0.1253925701,0.9753391891,0.01253749749,0.6913900606,0.004073414683,0.05018540869,0.01155302016,1,0,0,0
22.13054657,20.11046481,torque,figure8,1.271814942,1.167074919,-1.713023901,1.234651198,1.28829604,-2,0.986771524,0.8171862364,-0.01552727818,0.9782338039,0.6914749334,0,0.3137371282,0.1269540103,4.341608381,0.02293444239,2.120994806,0.02084012516,0.249251576,0.8414582524,0.01610860667,0.6929480934,0.03363345415,-0.1681444416,0.02333136667,1,0,0,0
22.14055991,20.12047815,torque,figure8,1.271814942,1.167074919,-1.713023901,1.24443402,1.295167606,-2,0.986771524,0.8171862364,-0.01552727818,0.9757203769,0.680997875,0,0.3154563883,0.1375154318,4.365711851,0.02293444239,2.120994806,0.02084012516,0.1548318984,0.7962474995,0.01311979117,0.6929218254,0.01064521615,-0.1855234746,-0.006407847023,1,0,0,0
22.15052104,20.13043928,torque,figure8,1.287013412,1.177471161,-1.713058233,1.254140761,1.301898976,-2,0.9816371202,0.8109762669,-0.01364592928,0.9732003995,0.670520571,0,0.3144812709,0.1413689929,2.426861288,0.03784711659,2.650319099,0.02469572984,0.2047614839,0.5267206888,0.0156593661,0.6949852572,0.0210763829,-0.2946443812,0.006438082492,1,0,0,0
22.16054869,20.14046693,torque,figure8,1.287013412,1.177471161,-1.713058233,1.26388687,1.30856961,-2,0.9816371202,0.8109762669,-0.01364592928,0.9706438436,0.6599188717,0,0.3163182222,0.1520703789,2.416679761,0.03784711659,2.650319099,0.02469572984,0.1203394007,0.4988637043,0.01041935736,0.6949972467,0.001392136269,-0.3054969323,-0.03039188889,1,0,0,0
22.17052126,20.1504395,torque,figure8,1.302051306,1.187631726,-1.713025808,1.273553926,1.315097904,-2,0.9771147966,0.7972061038,-0.0120933596,0.9680817271,0.6493220914,0,0.3152997204,0.148652369,1.380590349,0.05204262957,2.755888939,0.02559864521,0.1721372805,0.1463925866,0.01319864656,0.6959047894,0.01306981233,-0.3684160094,-0.01003250018,1,0,0,0
22.18054771,20.16046596,torque,figure8,1.302051306,1.187631726,-1.713025808,1.283247358,1.321554671,-2,0.9771147966,0.7972061038,-0.0120933596,0.9654861128,0.6386153261,0,0.3172430143,0.1594757361,1.227447281,0.05204262957,2.755888939,0.02559864521,0.09434211224,0.1421354269,0.006077607821,0.695963243,-0.004628766861,-0.3712069423,-0.04975356542,1,0,0,0
22.19050741,20.17042565,torque,figure8,1.32448113,1.202441812,-1.712974072,1.292850387,1.327861909,-2,0.9713999033,0.7620794773,-0.01401186176,0.9628883216,0.6279283623,0,0.3148246946,0.1351491804,3.977202175,0.04646289721,1.969829798,0.01734897308,0.205725994,-0.4122512552,0.01673566803,0.6938629402,0.02370547347,-0.3426308973,0.01659775012,1,0,0,0
22.20055127,20.18046951,torque,figure8,1.32448113,1.202441812,-1.712974072,1.302508264,1.334114396,-2,0.9713999033,0.7620794773,-0.01401186176,0.960248991,0.6170999996,0,0.3165507227,0.1460812242,3.852597578,0.04646289721,1.969829798,0.01734897308,0.1204979773,-0.3752394167,0.005923513883,0.6939842599,0.003274289021,-0.3319952365,-0.03049985517,1,0,0,0
22.21050715,20.1904254,torque,figure8,1.339325547,1.211806178,-1.712985039,1.312055287,1.340204534,-2,0.9681994915,0.7309832573,-0.01803305559,0.9576134199,0.6063167188,0,0.3156063892,0.1264080766,5.171412043,0.04912077263,0.9471427202,0.0109889321,0.1670751317,-0.6623118467,0.01073969829,0.6915104523,0.01464706347,-0.2352544062,-0.001659549954,1,0,0,0
22.22055769,20.20047593,torque,figure8,1.339325547,1.211806178,-1.712985039,1.321666363,1.346243431,-2,0.9681994915,0.7309832573,-0.01803305559,0.9549332962,0.5953815471,0,0.3174315826,0.1374372833,5.052176646,0.04912077263,0.9471427202,0.0109889321,0.08985320126,-0.5986765466,0.0005029106396,0.6916616643,-0.003300720044,-0.2167139621,-0.03605528546,1,0,0,0
22.2305119,20.21043015,torque,figure8,1.361467004,1.224916577,-1.713059425,1.331158682,1.352115882,-2,0.9635817409,0.6814466715,-0.01994435862,0.9522596044,0.5845031556,0,0.3153302253,0.09961934292,5.243726548,0.05537857115,-0.8035597801,-0.002686215797,0.1928291364,-0.825039098,0.01234503469,0.6906009636,0.02149262215,-0.02146066707,0.01370468248,1,0,0,0
22.24056315,20.2204814,torque,figure8,1.361467004,1.224916577,-1.713059425,1.340716432,1.357935467,-2,0.9635817409,0.6814466715,-0.01994435862,0.9495404616,0.5734711214,0,0.3169534738,0.1106962257,5.120962981,0.05537857115,-0.8035597801,-0.002686215797,0.1094186584,-0.7204345074,0.002441444783,0.6907544069,0.001177682512,0.009520930127,-0.007254836156,1,0,0,0
22.25050759,20.23042583,torque,figure8,1.376172662,1.233099103,-1.713105917,1.350145624,1.363583853,-2,0.9600891471,0.6515237689,-0.01836501434,0.9468310968,0.5625101353,0,0.3162465675,0.09185029463,3.923357101,0.0438467972,-1.871429205,-0.0135784829,0.1512145236,-0.6476721953,0.006840872487,0.6921082588,0.01369747655,0.1611056608,0.01171196425,1,0,0,0
22.2605896,20.24050784,torque,figure8,1.376172662,1.233099103,-1.713105917,1.359677653,1.369198871,-2,0.9600891471,0.6515237689,-0.01836501434,0.9440648959,0.5513515258,0,0.3179676826,0.1030947558,3.79109521,0.0438467972,-1.871429205,-0.0135784829,0.07630170378,-0.5439726525,-0.0001771455477,0.6922391923,-0.003861697552,0.1902001618,0.007065140831,1,0,0,0
22.27065015,20.25056839,torque,figure8,1.390779018,1.240697384,-1.713081837,1.369161498,1.374689569,-2,0.9558481574,0.6270645261,-0.01585573144,0.9412852122,0.5401714149,0,0.3174007802,0.08952036842,1.8430868,0.02138596214,-2.654093027,-0.02083478495,0.122076558,-0.3305638859,0.004671654789,0.6939429576,0.0113836691,0.3208027336,0.02023870303,1,0,0,0
22.28057289,20.26049113,torque,figure8,1.398066998,1.244406581,-1.713061333,1.378487948,1.379994662,-2,0.9534060955,0.6176646352,-0.01454506256,0.9385247055,0.5291010619,0,0.3179642522,0.09097538746,0.9909792318,0.01371399127,-2.858644962,-0.02276189625,0.1067445568,-0.1258935788,0.004439624721,0.6945402231,0.00904871885,0.3817006686,0.02622946759,1,0,0,0
22.29050851,20.27042675,torque,figure8,1.419797659,1.254991293,-1.712969303,1.387798962,1.385196366,-2,0.944624424,0.6014056206,-0.01626234688,0.935741868,0.5179740663,0,0.3168026176,0.08546454222,3.845726518,-0.003217313904,-2.637293339,-0.01883372292,0.2025439359,0.388679428,0.006309177195,0.6927937996,0.03354387019,0.4152250965,0.002096735289,1,0,0,0
22.30052447,20.28044271,torque,figure8,1.419797659,1.254991293,-1.712969303,1.397157191,1.390328026,-2,0.944624424,0.6014056206,-0.01626234688,0.9329175935,0.5067151708,0,0.3181434315,0.09678737052,3.919428088,-0.003217313904,-2.637293339,-0.01883372292,0.1185227122,0.465719541,0.00679788123,0.6927647476,0.01270669924,0.43362839,0.02679954497,1,0,0,0
22.3105104,20.29042864,torque,figure8,1.434179664,1.261946559,-1.713009596,1.406459097,1.395331827,-2,0.9376788735,0.6001805663,-0.02429740876,0.930082923,0.4954490532,0,0.3176846734,0.107781039,5.943826108,-0.02070838399,-1.750161052,-0.01035077125,0.1632430479,0.8134018659,0.007915900145,0.6888514511,0.02520116831,0.3602731646,0.0140477939,1,0,0,0
22.32054567,20.30046391,torque,figure8,1.434179664,1.261946559,-1.713009596,1.415778364,1.400246818,-2,0.9376788735,0.6001805663,-0.02429740876,0.9272153224,0.4840869422,0,0.3191066617,0.1190696415,6.037860041,-0.02070838399,-1.750161052,-0.01035077125,0.08907611306,0.8528940639,0.009523248749,0.6887789121,0.00769793666,0.3660094744,0.03155913034,1,0,0,0
22.33052778,20.31044602,torque,figure8,1.45553112,1.272060752,-1.713205814,1.425019613,1.405022455,-2,0.9267291427,0.6061457396,-0.03412033617,0.9243441556,0.4727458518,0,0.3175856914,0.1377149794,7.179000116,-0.03456077352,0.1354110837,0.003698828863,0.1981702683,1.133912562,0.01039552791,0.6851313746,0.03474516821,0.148353044,0.01363064348,1,0,0,0
22.3405776,20.32049584,torque,figure8,1.45553112,1.272060752,-1.713205814,1.434294502,1.409715929,-2,0.9267291427,0.6061457396,-0.03412033617,0.921434672,0.4612892901,0,0.3188272992,0.1489148069,7.280692125,-0.03456077352,0.1354110837,0.003698828863,0.1190790773,1.133603084,0.01188412969,0.6850406444,0.01546031598,0.1413606052,0.01620226471,1,0,0,0
22.35051227,20.33043051,torque,figure8,1.469631791,1.278884292,-1.713443995,1.443434282,1.414242273,-2,0.9196280837,0.6100388169,-0.03724183887,0.9185400038,0.4499269089,0,0.3179975421,0.1643896638,6.562885072,-0.04310063645,1.479881167,0.01441766135,0.1691744717,1.114334681,0.01329510321,0.6855842041,0.02817473794,-0.04530965075,0.01241410529,1,0,0,0
22.36056781,20.34048605,torque,figure8,1.469631791,1.278884292,-1.713443995,1.45265589,1.418708555,-2,0.9196280837,0.6100388169,-0.03724183887,0.9155914209,0.4383896535,0,0.319301347,0.1756891702,6.667659806,-0.04310063645,1.479881167,0.01441766135,0.09827015287,1.102601086,0.01307255355,0.6855208236,0.01154847465,-0.05509072518,0.000576815508,1,0,0,0
22.37056732,20.35048556,torque,figure8,1.476650238,1.282278538,-1.713576794,1.461796622,1.423034728,-2,0.9162349105,0.6104732752,-0.03808486462,0.9126406763,0.4268810753,0,0.3194858183,0.1875352535,5.910966451,-0.04621529952,2.096335411,0.01893346384,0.09766128338,1.019256324,0.0129344469,0.6864758496,0.01264821461,-0.1540814167,-0.00835032794,1,0,0,0
22.38062644,20.36054468,torque,figure8,1.490632176,1.289144397,-1.713859797,1.470961975,1.4272704,-2,0.9102346897,0.6064971089,-0.0372935012,0.9096536984,0.4152690156,0,0.3183424662,0.1948315335,3.626057821,-0.0349839963,2.998882771,0.02479604259,0.152383658,0.7308166885,0.01458979271,0.6891257745,0.02408421017,-0.3178294366,-0.0008995051587,1,0,0,0
22.39055395,20.37047219,torque,figure8,1.504510999,1.295939922,-1.714131594,1.479977863,1.431335964,-2,0.905269444,0.5941417813,-0.03536681458,0.9066875253,0.4037755062,0,0.3172612624,0.193628875,1.346185934,-0.02147361636,3.374180079,0.0265642032,0.1961595544,0.3064936419,0.01833693445,0.6908095645,0.03165181705,-0.4304074766,0.0178379445,1,0,0,0
22.40057802,20.38049626,torque,figure8,1.504510999,1.295939922,-1.714131594,1.489051476,1.435325136,-2,0.905269444,0.5941417813,-0.03536681458,0.903674142,0.3921375038,0,0.3184147927,0.2050831166,1.294262037,-0.02147361636,3.374180079,0.0265642032,0.1240725837,0.3181498276,0.0115144709,0.690934066,0.01435405627,-0.4309446987,-0.02635134945,1,0,0,0
22.41052628,20.39044452,torque,figure8,1.525188327,1.305698633,-1.714555264,1.498026504,1.439168636,-2,0.8996839523,0.5573717952,-0.03728122264,0.9006653708,0.3805559682,0,0.3162763095,0.1807060857,4.118700949,0.03113856539,2.719166756,0.02462604456,0.2231458579,-0.4136037415,0.02220642481,0.6884288774,0.03005050114,-0.4489998912,0.03007653103,1,0,0,0
22.42056155,20.40047979,torque,figure8,1.525188327,1.305698633,-1.714555264,1.507049625,1.442928871,-2,0.8996839523,0.5573717952,-0.03728122264,0.8976119927,0.3688422173,0,0.3172378418,0.1921915303,3.951877327,0.03113856539,2.719166756,0.02462604456,0.1471441746,-0.351519145,0.01146099929,0.6886812049,0.01139704915,-0.4327572666,-0.02233532623,1,0,0,0
22.43051958,20.41043782,torque,figure8,1.538883805,1.311702371,-1.714883089,1.51597291,1.446543815,-2,0.8968452215,0.522777617,-0.03991084173,0.8945640238,0.3571888912,0,0.3162258323,0.1703458402,5.988664701,0.0478239581,1.658214331,0.01545204874,0.1850384225,-0.7682864178,0.01576633716,0.6854420716,0.01820102331,-0.3514549039,0.005704803968,1,0,0,0
22.44056368,20.42048192,torque,figure8,1.538883805,1.311702371,-1.714883089,1.524942483,1.450072303,-2,0.8968452215,0.522777617,-0.03991084173,0.8914715143,0.3454057831,0,0.3172258685,0.1818860068,5.825568886,0.0478239581,1.658214331,0.01545204874,0.1176006282,-0.6744843234,0.005447225003,0.6857569925,0.00228189727,-0.3255490718,-0.03363624375,1,0,0,0
22.45051956,20.4304378,torque,figure8,1.559392214,1.319753647,-1.715439796,1.533802535,1.453452866,-2,0.8932131529,0.464502126,-0.04058671743,0.8883881928,0.3336983062,0,0.3154438499,0.137040874,6.95184542,0.03996090218,-0.344966203,0.002837414853,0.2083386327,-1.104555099,0.01665827737,0.6832270028,0.02549353815,-0.130497689,0.01421561034,1,0,0,0
22.46056247,20.44048071,torque,figure8,1.559392214,1.319753647,-1.715439796,1.542708841,1.456744751,-2,0.8932131529,0.464502126,-0.04058671743,0.8852598546,0.3218613552,0,0.3162584496,0.1485157435,6.786739987,0.03996090218,-0.344966203,0.002837414853,0.1362524147,-0.9539042768,0.006316002599,0.6835663192,0.007732624268,-0.08690628205,-0.01230823594,1,0,0,0
22.4705224,20.45044065,torque,figure8,1.573024511,1.324423432,-1.715787888,1.551510448,1.459891901,-2,0.8906396627,0.4271816313,-0.03821011633,0.882139504,0.3100962229,0,0.3155805533,0.1234554922,5.987318174,0.02834436111,-1.627010942,-0.007844759151,0.174464874,-0.9859435177,0.009892995847,0.68475145,0.01891862779,0.07599763591,0.004768446028,1,0,0,0
22.48054338,20.46046162,torque,figure8,1.573024511,1.324423432,-1.715787888,1.560334537,1.46293995,-2,0.8906396627,0.4271816313,-0.03821011633,0.8789821481,0.2982338488,0,0.3164243765,0.1349942268,5.817331323,0.02834436111,-1.627010942,-0.007844759151,0.1101519381,-0.8330775608,0.002305321889,0.6850629424,0.003609566486,0.1185263317,-0.004641534249,1,0,0,0
22.49051237,20.47043061,torque,figure8,1.593390822,1.330417395,-1.716168165,1.569081377,1.465854121,-2,0.8855829835,0.3818928301,-0.03331506625,0.8758234329,0.2864089292,0,0.3154275928,0.1015988081,2.964698989,0.02589462698,-2.850703955,-0.01493259054,0.1999740364,-0.647128657,0.009056914206,0.6883923959,0.02594198407,0.2891473188,0.002828516333,1,0,0,0
22.50055122,20.48046947,torque,figure8,1.593390822,1.330417395,-1.716168165,1.577857599,1.46866947,-2,0.8855829835,0.3818928301,-0.03331506625,0.8726247722,0.2744778518,0,0.3160940172,0.1132068304,2.780068895,0.02589462698,-2.850703955,-0.01493259054,0.1310039789,-0.4802626955,0.00463212995,0.688599355,0.008958249809,0.334884809,0.01101822691,1,0,0,0
22.51049042,20.49040866,torque,figure8,1.606918693,1.333967447,-1.716346741,1.586514975,1.471338762,-2,0.881053865,0.3617881238,-0.03012795001,0.8694403215,0.2626431417,0,0.3158264735,0.1042702989,1.148041291,0.03435352817,-2.927022457,-0.01729808934,0.1680174395,-0.175683432,0.006774912207,0.6899444426,0.0170726546,0.3805052795,0.01113451645,1,0,0,0
22.52058101,20.50049925,torque,figure8,1.606918693,1.333967447,-1.716346741,1.595271754,1.473928277,-2,0.881053865,0.3617881238,-0.03012795001,0.8661895729,0.2506066693,0,0.316518335,0.1161462715,1.065477678,0.03435352817,-2.927022457,-0.01729808934,0.1063768185,-0.04099487039,0.004827373873,0.690067476,0.002546884102,0.4142222366,0.02407404619,1,0,0,0
22.53047395,20.51039219,torque,figure8,1.627062201,1.338577509,-1.716490984,1.60382508,1.476349058,-2,0.8723840714,0.345831275,-0.03281565383,0.8629851596,0.2387858894,0,0.3160669642,0.1123562249,3.71610757,0.04772801325,-2.084106922,-0.01190255024,0.1913848689,0.373561132,0.007330035809,0.6880633175,0.02162555022,0.3412528076,0.006924757664,1,0,0,0
22.54058671,20.52050495,torque,figure8,1.627062201,1.338577509,-1.716490984,1.612535606,1.478702662,-2,0.8723840714,0.345831275,-0.03281565383,0.8596918669,0.2266828927,0,0.3165808628,0.1242348429,3.848390144,0.04772801325,-2.084106922,-0.01190255024,0.1249337916,0.4806612479,0.007622020925,0.688071458,0.005393699657,0.3654301013,0.02139575885,1,0,0,0
22.55054855,20.53046679,torque,figure8,1.640363097,1.34149754,-1.716667414,1.621083491,1.480901381,-2,0.8655262589,0.3427687883,-0.03916297853,0.8564303147,0.2147421522,0,0.3163581646,0.1341912614,5.15456064,0.0375421457,-0.9796620011,-0.004436479881,0.1599804378,0.7115260969,0.008806415725,0.6853803948,0.0155714978,0.2423585294,0.01315067974,1,0,0,0
22.56060958,20.54052782,torque,figure8,1.640363097,1.34149754,-1.716667414,1.629683414,1.483001167,-2,0.8655262589,0.3427687883,-0.03916297853,0.8531188215,0.2026650104,0,0.3168827644,0.1460025752,5.303702079,0.0375421457,-0.9796620011,-0.004436479881,0.1005846505,0.7823099681,0.009353957941,0.6853476589,0.001564815878,0.2547477895,0.01983271148,1,0,0,0
22.57056141,20.55047965,torque,figure8,1.653559923,1.344349504,-1.716933727,1.638157138,1.484958544,-2,0.858463943,0.3421019614,-0.04290644825,0.8498260654,0.1907025952,0,0.3164406149,0.1575986811,5.562421818,0.03134622052,0.2565580308,0.004438469186,0.1400275372,0.8684625871,0.01042949786,0.6842775831,0.01258201443,0.09331908834,0.01115662319,1,0,0,0
22.58059001,20.56050825,torque,figure8,1.653559923,1.344349504,-1.716933727,1.646662994,1.486810513,-2,0.858463943,0.3421019614,-0.04290644825,0.8464906672,0.1786324258,0,0.3169688023,0.1694302562,5.718631382,0.03134622052,0.2565580308,0.004438469186,0.08514053311,0.9152764423,0.01042046393,0.6842434177,-0.0001391563693,0.09850869643,0.009002580426,1,0,0,0
22.59056473,20.57048297,torque,figure8,1.673142076,1.348588467,-1.717388868,1.655089883,1.488532386,-2,0.8481754065,0.3383111954,-0.04301975667,0.8431560886,0.1666126714,0,0.3158785114,0.1770770346,3.958083504,0.02267696895,2.004535675,0.01678068005,0.1665242644,0.7138756887,0.01321084225,0.6861213086,0.02122083069,-0.1737156368,0.0130518153,1,0,0,0
22.60058904,20.58050728,torque,figure8,1.673142076,1.348588467,-1.717388868,1.663525072,1.490141962,-2,0.8481754065,0.3383111954,-0.04301975667,0.8397878171,0.1545196326,0,0.3162260749,0.1889454675,4.1092684,0.02267696895,2.004535675,0.01678068005,0.1066655188,0.7514372785,0.01111888522,0.68616218,0.006663740858,-0.170683329,-0.005909361298,1,0,0,0
22.61056256,20.5904808,torque,figure8,1.686074018,1.351389527,-1.717674017,1.671883935,1.491623015,-2,0.8420196772,0.3294499815,-0.03976386413,0.8364196504,0.1424753739,0,0.3155546708,0.1912381475,1.894730144,0.01871934161,2.859840155,0.02044394612,0.1401339512,0.4259264697,0.01311336366,0.688404931,0.01565895455,-0.3376556104,0.003270901977,1,0,0,0
22.62060022,20.60051847,torque,figure8,1.686074018,1.351389527,-1.717674017,1.680262548,1.492992249,-2,0.8420196772,0.3294499815,-0.03976386413,0.8330128141,0.1303420766,0,0.3159004031,0.2032393816,2.012505879,0.01871934161,2.859840155,0.02044394612,0.0867342902,0.4704211603,0.009453041662,0.6885420365,0.003192054411,-0.3315255204,-0.0224381856,1,0,0,0
22.63055563,20.61047387,torque,figure8,1.705277562,1.355200052,-1.717967987,1.68853864,1.494229912,-2,0.8343269825,0.3008197844,-0.03417402133,0.8296171077,0.118297697,0,0.3148833908,0.18575349,3.056796629,0.02097433992,3.262224436,0.02235113457,0.1609248469,-0.2683867467,0.01625419965,0.6890778761,0.0209655612,-0.4991445453,0.01675999903,1,0,0,0
22.64059591,20.62051415,torque,figure8,1.705277562,1.355200052,-1.717967987,1.696850968,1.495356634,-2,0.8343269825,0.3008197844,-0.03417402133,0.826175587,0.1061410146,0,0.3150506804,0.197823488,2.85341112,0.02097433992,3.262224436,0.02235113457,0.1042478685,-0.185903636,0.009237156213,0.6893929267,0.007289413712,-0.4799476583,-0.02246544075,1,0,0,0
22.65055275,20.63047099,torque,figure8,1.724374413,1.358332753,-1.718199968,1.705060003,1.496353409,-2,0.8286690116,0.2515106797,-0.03272806108,0.8227460137,0.09407680664,0,0.3143787615,0.1609087701,7.12464774,0.01305434015,2.348156691,0.01476484351,0.1747584277,-0.9998422352,0.01899085426,0.684581415,0.02484909279,-0.4842398874,0.02776653149,1,0,0,0
22.66060281,20.64052105,torque,figure8,1.724374413,1.358332753,-1.718199968,1.713311183,1.497237663,-2,0.8286690116,0.2515106797,-0.03272806108,0.8192675813,0.08189198874,0,0.3143695706,0.1730029283,6.924719736,0.01305434015,2.348156691,0.01476484351,0.116721278,-0.8589727912,0.009542609095,0.6850539125,0.01060810372,-0.4460145047,-0.01371975406,1,0,0,0
22.67054915,20.6504674,torque,figure8,1.737022042,1.359814882,-1.718318701,1.721442714,1.49799219,-2,0.8257892728,0.210600242,-0.02937511355,0.8158085463,0.06982631288,0,0.3141337901,0.1441520424,8.708372287,0.005746880546,1.125622392,0.006501873024,0.1463870444,-1.271210576,0.01311618225,0.6824391248,0.01852377635,-0.3455062065,0.006516422256,1,0,0,0
22.68056226,20.6604805,torque,figure8,1.737022042,1.359814882,-1.718318701,1.729593986,1.498630531,-2,0.8257892728,0.210600242,-0.02937511355,0.8123097871,0.05767400581,0,0.3141167213,0.1563042787,8.50740721,0.005746880546,1.125622392,0.006501873024,0.09580774637,-1.109020659,0.004689624052,0.6829738218,0.00656419268,-0.3013665972,-0.02186336661,1,0,0,0
22.69055009,20.67046833,torque,figure8,1.755883932,1.360905647,-1.718384981,1.737689702,1.499146015,-2,0.8218870759,0.1455370039,-0.02310073189,0.8088034285,0.04554770338,0,0.3142426579,0.1034537861,8.980871409,-0.002230947372,-0.999679625,-0.00361311459,0.1675219668,-1.521282298,0.01293531434,0.6828226732,0.02457282878,-0.09622419959,0.008435613268,1,0,0,0
22.70058274,20.68050098,torque,figure8,1.755883932,1.360905647,-1.718384981,1.74578641,1.499541861,-2,0.8218870759,0.1455370039,-0.02310073189,0.8052648859,0.03336327768,0,0.3140525091,0.1157276366,8.776013029,-0.002230947372,-0.999679625,-0.00361311459,0.1142115073,-1.302623427,0.005438209375,0.6833541585,0.01143890931,-0.03469790462,-0.006352980485,1,0,0,0
22.71055198,20.69047022,torque,figure8,1.768413424,1.360893488,-1.718350649,1.75379669,1.499814105,-2,0.8189244866,0.1055918783,-0.01802126877,0.8017324533,0.02125317687,0,0.314386615,0.0879394604,7.471608883,0.006545292214,-2.254721642,-0.01033317391,0.1446620117,-1.286673843,0.007883974645,0.6864559459,0.01758795209,0.1278042071,0.003404622422,1,0,0,0
22.72058082,20.70049906,torque,figure8,1.768413424,1.360893488,-1.718350649,1.761819249,1.499966154,-2,0.8189244866,0.1055918783,-0.01802126877,0.7981626206,0.009068947156,0,0.3141831416,0.1003618326,7.262675811,0.006545292214,-2.254721642,-0.01033317391,0.09744236805,-1.078778309,0.002846005543,0.6869243969,0.006364192733,0.1838445076,0.001324514327,1,0,0,0
22.7305479,20.71046615,torque,figure8,1.780830264,1.36021924,-1.718230009,1.769756859,1.499996194,-2,0.8151803613,0.07225929201,-0.01300661359,0.794598662,-0.00304099483,0,0.3147293202,0.07913855912,4.950833151,0.0141798323,-3.150571823,-0.01473469101,0.1292108312,-0.9044571552,0.005562725131,0.6909016637,0.0134298258,0.3159537434,0.008439726176,1,0,0,0
22.74056101,20.72047925,torque,figure8,1.780830264,1.36021924,-1.718230009,1.777695265,1.499904836,-2,0.8151803613,0.07225929201,-0.01300661359,0.7910021541,-0.01520659655,0,0.3145094939,0.09167354775,4.736857029,0.0141798323,-3.150571823,-0.01473469101,0.08606723478,-0.7127788155,0.002695456406,0.6912635736,0.003398092828,0.3654228341,0.01482687711,1,0,0,0
22.7505312,20.73044944,torque,figure8,1.799334884,1.358424902,-1.717916965,1.785563787,1.499692842,-2,0.807597816,0.0390624404,-0.008921981789,0.7874051038,-0.02731883186,0,0.3157801644,0.06995584814,1.020254916,0.03832476214,-3.415088654,-0.0158383511,0.1498702579,-0.3183235033,0.006185849848,0.6943946297,0.01596539629,0.4274700806,0.007152475159,1,0,0,0
22.76058173,20.74049997,torque,figure8,1.799334884,1.358424902,-1.717916965,1.793459341,1.499356924,-2,0.807597816,0.0390624404,-0.008921981789,0.783763024,-0.03952644747,0,0.3153842025,0.08260697528,0.9059840184,0.03832476214,-3.415088654,-0.0158383511,0.1026816042,-0.1328290176,0.005824071316,0.6945581752,0.00447980819,0.4741628518,0.02206671178,1,0,0,0
22.77052832,20.75044656,torque,figure8,1.817604423,1.356021404,-1.717651367,1.801237115,1.498903699,-2,0.7972484231,0.02617351152,-0.01691295393,0.780142829,-0.05160462169,0,0.3168658856,0.08141306632,3.737273028,0.04780925438,-2.296784163,-0.008821007796,0.1588516516,0.3287089299,0.006459225485,0.6912534532,0.01698416607,0.3671031836,0.003266465282,1,0,0,0
22.78057289,20.76049113,torque,figure8,1.817604423,1.356021404,-1.717651367,1.80905489,1.498324112,-2,0.7972484231,0.02617351152,-0.01691295393,0.7764711081,-0.06379758563,0,0.3162971794,0.09387514661,3.927036264,0.04780925438,-2.296784163,-0.008821007796,0.1098619744,0.4747463141,0.007867379004,0.6912508543,0.004849362797,0.4003515169,0.01793405644,1,0,0,0
22.7905302,20.77044845,torque,figure8,1.829581499,1.354141235,-1.717552423,1.81676827,1.497628704,-2,0.7893640399,0.02600139566,-0.02061746269,0.7728156269,-0.07587948131,0,0.3170638198,0.1052551321,5.330654427,0.03816853464,-1.050884604,-0.001784992055,0.1298314802,0.7194540621,0.008517111328,0.6891609568,0.0113328407,0.2582271674,0.01045661306,1,0,0,0
22.80055213,20.78047037,torque,figure8,1.829581499,1.354141235,-1.717552423,1.824494869,1.496807336,-2,0.7893640399,0.02600139566,-0.02061746269,0.7691207584,-0.0880336191,0,0.3164745226,0.117638662,5.532768723,0.03816853464,-1.050884604,-0.001784992055,0.08746299038,0.8196309074,0.009859510362,0.6891017598,0.001308951485,0.2767060573,0.017649694,1,0,0,0
22.81052065,20.79043889,torque,figure8,1.847304702,1.351447463,-1.717465162,1.832143481,1.495869543,-2,0.777139008,0.02931076474,-0.02378917113,0.7654300612,-0.1001158857,0,0.3176689069,0.1321146546,5.270666955,0.01891342737,1.045129538,0.01119357441,0.1401874176,0.8369554909,0.01069809971,0.6888930187,0.01712999542,-0.01660835933,0.008599827904,1,0,0,0
22.82056713,20.80048537,torque,figure8,1.847304702,1.351447463,-1.717465162,1.839814611,1.494802598,-2,0.777139008,0.02931076474,-0.02378917113,0.7616949159,-0.1122844909,0,0.3169112346,0.1444079675,5.476871709,0.01891342737,1.045129538,0.01119357441,0.09627704151,0.9078873794,0.01115156677,0.6888557337,0.006439411805,-0.006809413381,0.004130710902,1,0,0,0
22.83053064,20.81044888,torque,figure8,1.85891974,1.349645019,-1.717443705,1.84738525,1.493623767,-2,0.7691872716,0.02830515988,-0.02498808876,0.7579752417,-0.1243435371,0,0.3173341842,0.1550862305,3.839026543,0.0115567036,2.287732363,0.01790929772,0.1164430398,0.7119384494,0.01205046466,0.6903638233,0.01274071101,-0.2095024341,0.002540254672,1,0,0,0
22.84058022,20.82049847,torque,figure8,1.85891974,1.349645019,-1.717443705,1.854983667,1.492313091,-2,0.7691872716,0.02830515988,-0.02498808876,0.7542080003,-0.1364966234,0,0.316556048,0.1673571359,4.043939118,0.0115567036,2.287732363,0.01790929772,0.07848084724,0.7717906234,0.01126487716,0.6904129886,0.003925513675,-0.2021357403,-0.009095295977,1,0,0,0
22.85052919,20.83044744,torque,figure8,1.876099348,1.346876144,-1.717443705,1.862468644,1.490895285,-2,0.75877738,0.01318572927,-0.02626480348,0.7504632813,-0.1485170419,0,0.317435614,0.1640327721,0.8916045747,0.01720417477,3.210503817,0.02238450758,0.1278503618,0.1401049502,0.01382281635,0.691675423,0.01547417645,-0.4254604937,0.005604525747,1,0,0,0
22.86055684,20.84047508,torque,figure8,1.876099348,1.346876144,-1.717443705,1.869975037,1.489345314,-2,0.75877738,0.01318572927,-0.02626480348,0.7466737276,-0.1606204683,0,0.3165012345,0.1761957225,0.7853229634,0.01720417477,3.210503817,0.02238450758,0.08839824209,0.2213222402,0.01082972893,0.6919245917,0.006013479422,-0.4099124253,-0.01635454737,1,0,0,0
22.87052655,20.85044479,torque,figure8,1.887438297,1.344820976,-1.717480898,1.877400315,1.487684042,-2,0.7529681325,-0.008204523474,-0.02678178623,0.7428909959,-0.1726409989,0,0.3167454179,0.1669076607,3.151466421,0.02449034341,2.980864525,0.0216785036,0.106614915,-0.2731258114,0.01193883134,0.6906214065,0.009792789467,-0.4547611997,-0.007474164411,1,0,0,0
22.88057089,20.86048913,torque,figure8,1.887438297,1.344820976,-1.717480898,1.884842959,1.485889215,-2,0.7529681325,-0.008204523474,-0.02678178623,0.7390648292,-0.1847374471,0,0.3157911127,0.1790933808,2.916134044,0.02449034341,2.980864525,0.0216785036,0.07226877866,-0.170858822,0.008337821698,0.6910104611,0.001902672301,-0.4318455652,-0.02755396092,1,0,0,0
22.89053082,20.87044907,torque,figure8,1.898613453,1.342469096,-1.717554569,1.892185041,1.48398957,-2,0.747774601,-0.03848037869,-0.02982800826,0.7352559033,-0.1967173475,0,0.3159822626,0.1615096473,5.451973294,0.02112302184,2.254998684,0.01493387576,0.09126842474,-0.6628659065,0.009445717194,0.6876336794,0.007407281114,-0.4114869034,-0.01108268564,1,0,0,0
22.90058756,20.8805058,torque,figure8,1.898613453,1.342469096,-1.717554569,1.899559913,1.481950478,-2,0.747774601,-0.03848037869,-0.02982800826,0.7313949739,-0.2087976365,0,0.3150101156,0.1736835357,5.214583196,0.02112302184,2.254998684,0.01493387576,0.06054464734,-0.5328905766,0.005721463625,0.6881396055,0.0005062867399,-0.3794821111,-0.02736515164,1,0,0,0
22.91055083,20.89046907,torque,figure8,1.915298939,1.338083148,-1.717816353,1.906827885,1.479810619,-2,0.7412009835,-0.09450333565,-0.03380433097,0.7275551539,-0.2207487957,0,0.3158892931,0.1314034156,7.452653736,-0.01234854478,0.4342410266,0.001120970352,0.1077322598,-1.163169901,0.01016749158,0.6832630717,0.01652422306,-0.2444432395,0.005273660252,1,0,0,0
22.92056203,20.90048027,torque,figure8,1.915298939,1.338083148,-1.717816353,1.914092208,1.477540623,-2,0.7412009835,-0.09450333565,-0.03380433097,0.7236821344,-0.2327395593,0,0.3147657134,0.1433837382,7.213724715,-0.01234854478,0.4342410266,0.001120970352,0.07450723032,-0.9673464217,0.006210033717,0.683846582,0.008514107134,-0.1910400576,-0.006218310418,1,0,0,0
22.93054795,20.91046619,torque,figure8,1.931758404,1.332510233,-1.718121052,1.921299492,1.475156863,-2,0.7350485325,-0.1509377658,-0.03102274239,0.71980426,-0.2446812315,0,0.3160904798,0.09991314099,6.776761428,-0.06751020998,-1.585711479,-0.01124234591,0.1252061891,-1.239370678,0.008983186684,0.6843242391,0.02735562247,0.01981286742,0.005685538383,1,0,0,0
22.94056249,20.92048073,torque,figure8,1.931758404,1.332510233,-1.718121052,1.928488463,1.472646611,-2,0.7350485325,-0.1509377658,-0.03102274239,0.7159006779,-0.2566372681,0,0.3148088918,0.1118098191,6.534344964,-0.06751020998,-1.585711479,-0.01124234591,0.09137634269,-1.001795584,0.006468816822,0.6848555303,0.01898731473,0.08551450958,0.006866963548,1,0,0,0
22.95049691,20.93041515,torque,figure8,1.937229276,1.330405235,-1.718212128,1.93558123,1.470038239,-2,0.7329006195,-0.1677428335,-0.02949414589,0.7120139561,-0.2684770695,0,0.3144908531,0.10702123,5.634231728,-0.080458574,-2.170789719,-0.01348515134,0.09286000663,-0.8742562091,0.006241496388,0.686274967,0.02083760867,0.1887842388,0.01039554049,1,0,0,0
22.96058178,20.94050002,torque,figure8,1.942644954,1.328132629,-1.718295813,1.94274184,1.467270169,-2,0.7306421995,-0.182877779,-0.02797476016,0.7080538214,-0.2804742102,0,0.3141918421,0.1040090641,4.507381075,-0.08424081653,-2.62306881,-0.01677351259,0.09515879961,-0.7090524785,0.006373751336,0.6877743074,0.02162008555,0.2778981093,0.01625745044,1,0,0,0
22.97056007,20.95047832,torque,figure8,1.958828449,1.320832253,-1.718512535,1.949787401,1.464412386,-2,0.7227860689,-0.2157690674,-0.02365216985,0.7041211835,-0.2923218324,0,0.3161205281,0.08226863866,1.283898588,-0.05549892411,-3.045193195,-0.01510646753,0.1521053816,-0.4196670773,0.006876271161,0.6903966898,0.02939932442,0.3490342626,0.003153217619,1,0,0,0
22.9806304,20.96054864,torque,figure8,1.958828449,1.320832253,-1.718512535,1.956858085,1.461408506,-2,0.7227860689,-0.2157690674,-0.02365216985,0.7001378817,-0.3042548195,0,0.3146438593,0.09435090808,1.113447031,-0.05549892411,-3.045193195,-0.01510646753,0.1195982231,-0.2023999599,0.007922547267,0.6906255801,0.02130056357,0.405241493,0.01830502671,1,0,0,0
22.9905529,20.97047114,torque,figure8,1.969474554,1.315490484,-1.718675852,1.963785676,1.458331303,-2,0.7165672183,-0.2274874002,-0.02387713641,0.6961989864,-0.3159882056,0,0.3155616251,0.09390087904,2.224125609,-0.02400419489,-2.651237249,-0.01184831373,0.1450563457,0.109145853,0.008476816673,0.6900882491,0.02217342724,0.3856771594,0.01234794795,1,0,0,0
23.00058389,20.98050213,torque,figure8,1.969474554,1.315490484,-1.718675852,1.970749207,1.455102245,-2,0.7165672183,-0.2274874002,-0.02387713641,0.6922029195,-0.3278242522,0,0.3140642367,0.1059774532,2.426279759,-0.02400419489,-2.651237249,-0.01184831373,0.1163372696,0.2790306535,0.0100612663,0.6901878536,0.01525763007,0.4255107075,0.02491367691,1,0,0,0
23.01055002,20.99046826,torque,figure8,1.985302925,1.307308078,-1.719031334,1.977627952,1.451776615,-2,0.7058486342,-0.2320148796,-0.03259875998,0.6882187193,-0.3395573215,0,0.3160276171,0.1137491533,4.749955264,0.01743899286,-1.199043274,-0.001793971285,0.1659994007,0.5763478884,0.01028644393,0.6861567092,0.02088120775,0.2503590277,0.008175752858,1,0,0,0
23.02055907,21.00047731,torque,figure8,1.985302925,1.307308078,-1.719031334,1.984496285,1.448319112,-2,0.7058486342,-0.2320148796,-0.03259875998,0.684203431,-0.3513134187,0,0.3143694541,0.1255521223,4.984390941,0.01743899286,-1.199043274,-0.001793971285,0.1343648646,0.7123365753,0.01223961952,0.686132062,0.01287204126,0.2791943812,0.01686188815,1,0,0,0
23.03049421,21.01041245,torque,figure8,1.995729804,1.301787138,-1.719415665,1.991274087,1.444770912,-2,0.6982270479,-0.230406329,-0.03923859447,0.6802040658,-0.362954515,0,0.314947269,0.1394041491,5.353686661,0.03455528989,0.1100291535,0.005732539576,0.1543319996,0.8021643354,0.01307508906,0.6841050655,0.01536590481,0.105937725,0.01152214672,1,0,0,0
23.04062009,21.02053833,torque,figure8,1.995729804,1.301787138,-1.719415665,1.998141052,1.441035735,-2,0.6982270479,-0.230406329,-0.03923859447,0.6761139312,-0.374789231,0,0.313246796,0.1512450978,5.596911457,0.03455528989,0.1100291535,0.005732539576,0.1259684426,0.9026504168,0.01436721867,0.6840696296,0.008421731151,0.12352394,0.01346843252,1,0,0,0
23.0505693,21.03048754,torque,figure8,2.011204958,1.293535352,-1.720080137,2.004847801,1.437249159,-2,0.6870773435,-0.2304227352,-0.04305801168,0.6720814847,-0.386387153,0,0.314720831,0.1624923622,3.868991594,0.05764270201,1.880759597,0.01474662125,0.1624204569,0.664767471,0.01560073687,0.6847068529,0.01473269922,-0.1631504617,0.01326058473,1,0,0,0
23.0605948,21.04051304,torque,figure8,2.011204958,1.293535352,-1.720080137,2.011565329,1.433316981,-2,0.6870773435,-0.2304227352,-0.04305801168,0.6680044891,-0.3980426722,0,0.3128804299,0.1741097626,4.106791565,0.05764270201,1.880759597,0.01474662125,0.1323963536,0.7546192674,0.01576537271,0.684771412,0.007097041138,-0.1478196141,0.006219404523,1,0,0,0
23.07056332,21.05048156,torque,figure8,2.021440029,1.288041115,-1.720534801,2.018204084,1.429291455,-2,0.6803102493,-0.2365706265,-0.04001819342,0.6639371853,-0.4095998164,0,0.3131500072,0.1783497508,2.020350928,0.07622054964,2.610744476,0.01889823005,0.1412516213,0.4320502559,0.0166873166,0.6867771249,0.00752073708,-0.3000175019,0.006742472166,1,0,0,0
23.08059502,21.06051326,torque,figure8,2.021440029,1.288041115,-1.720534801,2.024843916,1.425124274,-2,0.6803102493,-0.2365706265,-0.04001819342,0.6598306155,-0.4211969255,0,0.3112943563,0.1900203712,2.235678532,0.07622054964,2.610744476,0.01889823005,0.1156322434,0.5216555997,0.01604806648,0.6869641523,0.001295729594,-0.2837718359,-0.003268714039,1,0,0,0
23.09055877,21.07047701,torque,figure8,2.036649466,1.279560089,-1.721155643,2.031397928,1.42087033,-2,0.6713151932,-0.2598751485,-0.03476617858,0.6557385511,-0.4326814988,0,0.3126505045,0.1769557957,2.392449463,0.1059578806,2.859392405,0.02177389152,0.1340369184,-0.203092726,0.01779213171,0.6876788737,0.003527918002,-0.4343912186,0.006506071403,1,0,0,0
23.1006,21.08051825,torque,figure8,2.036649466,1.279560089,-1.721155643,2.037961594,1.416467711,-2,0.6713151932,-0.2598751485,-0.03476617858,0.651601327,-0.4442201826,0,0.3106438376,0.1886277161,2.139749779,0.1059578806,2.859392405,0.02177389152,0.1081137729,-0.07594325859,0.01598138116,0.6880832731,-0.002903027649,-0.4049692088,-0.007959311507,1,0,0,0
23.11055589,21.09047413,torque,figure8,2.046719551,1.27362287,-1.721546173,2.044428386,1.411988305,-2,0.6659920216,-0.2856877446,-0.03358466178,0.6474861357,-0.4556249687,0,0.3109449735,0.1742098087,4.615638039,0.1194397286,2.34707284,0.02070523985,0.1082795217,-0.556465635,0.01639474587,0.686176501,-0.003214991346,-0.4117896252,-0.002919212778,1,0,0,0
23.12060022,21.10051847,torque,figure8,2.046719551,1.27362287,-1.721546173,2.050911049,1.407354223,-2,0.6659920216,-0.2856877446,-0.03358466178,0.6433212132,-0.4670940087,0,0.3089306995,0.1858766465,4.352387854,0.1194397286,2.34707284,0.02070523985,0.08652656243,-0.410581771,0.01445311127,0.6867104115,-0.008377069512,-0.3762748754,-0.01491369912,1,0,0,0
23.1304934,21.11041164,torque,figure8,2.061742544,1.263968229,-1.722217083,2.057255196,1.402677454,-2,0.6585416198,-0.3370136917,-0.03758865967,0.6392061205,-0.4783531423,0,0.3105217129,0.1475249443,6.908118987,0.116905801,0.7390195727,0.0156258326,0.09528248034,-1.089007821,0.01592584693,0.6816326791,-0.003605719868,-0.2784523015,0.0004740539583,1,0,0,0
23.14059067,21.12050891,torque,figure8,2.061742544,1.263968229,-1.722217083,2.06368817,1.397789543,-2,0.6585416198,-0.3370136917,-0.03758865967,0.6349930746,-0.4898054296,0,0.3083427937,0.1590998319,6.640305209,0.116905801,0.7390195727,0.0156258326,0.07348827243,-0.8789412954,0.01373045157,0.6822746231,-0.008942048709,-0.222194152,-0.009331891545,1,0,0,0
23.1505537,21.13047194,torque,figure8,2.071679831,1.256955266,-1.722733021,2.069993867,1.392853467,-2,0.653572917,-0.373585254,-0.03751964122,0.6308231855,-0.5010658317,0,0.3087849434,0.1348205157,6.915858538,0.1004314274,-0.5199159384,0.01116759982,0.07040957215,-1.101541069,0.01369823334,0.6812409135,-0.005952720383,-0.09378136189,-0.003703255185,1,0,0,0
23.16057396,21.1404922,torque,figure8,2.071679831,1.256955266,-1.722733021,2.076293812,1.387776088,-2,0.653572917,-0.373585254,-0.03751964122,0.6266165584,-0.5123502693,0,0.306614341,0.146253541,6.648033869,0.1004314274,-0.5199159384,0.01116759982,0.05281172249,-0.887772369,0.01212188189,0.6818734176,-0.01006502585,-0.03748861586,-0.008438748736,1,0,0,0
23.17055631,21.15047455,torque,figure8,2.086478233,1.245522738,-1.723432779,2.082527947,1.382605692,-2,0.6454324722,-0.422442168,-0.03065441363,0.6224131774,-0.5235505847,0,0.3087017473,0.1081318313,5.230490092,0.0710413307,-2.072431326,0.004580033943,0.05687344796,-1.032164075,0.01259069424,0.6843980835,-0.003162401974,0.1215830947,-7.301962845e-06,1,0,0,0
23.18056488,21.16048312,torque,figure8,2.086478233,1.245522738,-1.723432779,2.088736272,1.377309677,-2,0.6454324722,-0.422442168,-0.03065441363,0.6181861443,-0.5347379008,0,0.306369587,0.1195507719,4.961425097,0.0710413307,-2.072431326,0.004580033943,0.04061164456,-0.7835624072,0.01170678988,0.6849142877,-0.00701135125,0.1883607118,-2.799638356e-05,1,0,0,0
23.19055247,21.17047071,torque,figure8,2.096260071,1.23736012,-1.723813534,2.094889347,1.371913363,-2,0.6391795874,-0.4476775527,-0.02441403456,0.6139554719,-0.5458585142,0,0.3072220991,0.1042679351,2.939628654,0.0532047525,-2.683531284,0.001179855899,0.03974085813,-0.6294260625,0.01184651989,0.6877526161,-0.003733591794,0.2808685469,0.004004479341,1,0,0,0
23.20058489,21.18050313,torque,figure8,2.096260071,1.23736012,-1.723813534,2.101027434,1.366381235,-2,0.6391795874,-0.4476775527,-0.02441403456,0.6096933277,-0.5569846319,0,0.3048739739,0.1158167611,2.669255017,0.0532047525,-2.683531284,0.001179855899,0.02705342767,-0.4105962775,0.01154830933,0.6881429287,-0.006547270306,0.3362956572,0.006044673946,1,0,0,0
23.21055269,21.19047093,torque,figure8,2.110784531,1.224535823,-1.724257469,2.107083581,1.360774413,-2,0.6279466748,-0.4716803432,-0.02036617324,0.6054463259,-0.5679941257,0,0.3075851002,0.1009821341,0.7314594629,0.02828418463,-2.545995235,0.001728670439,0.03494365329,-0.1539807909,0.0119983902,0.6893722584,-0.0002337798405,0.3234221637,0.004526965853,1,0,0,0
23.22059584,21.20051408,torque,figure8,2.110784531,1.224535823,-1.724257469,2.113142626,1.355014457,-2,0.6279466748,-0.4716803432,-0.02036617324,0.6011549042,-0.5790405999,0,0.3050642191,0.1125113537,0.9784290454,0.02828418463,-2.545995235,0.001728670439,0.02326040968,0.05605207299,0.0122168534,0.6895562886,-0.002887068277,0.3754039975,0.007836480934,1,0,0,0
23.23056674,21.21048498,torque,figure8,2.120331287,1.215720415,-1.724560499,2.119115392,1.349186417,-2,0.6193437576,-0.4789963961,-0.0229558032,0.5968822041,-0.5899608201,0,0.3060744529,0.1155188023,2.773722215,0.01097162627,-1.809437394,0.003875115188,0.0280312848,0.2841782794,0.01242947174,0.6880660809,0.001038469819,0.2958072997,0.005159705103,1,0,0,0
23.24060583,21.22052407,torque,figure8,2.120331287,1.215720415,-1.724560499,2.125085903,1.343208758,-2,0.6193437576,-0.4789963961,-0.0229558032,0.5925681445,-0.6009077207,0,0.3035503294,0.1269104938,3.044994975,0.01097162627,-1.809437394,0.003875115188,0.01866790228,0.4497989803,0.0127439686,0.6881459717,-0.001011118501,0.3328474761,0.007564224708,1,0,0,0
23.25057936,21.2304976,torque,figure8,2.134388924,1.202325463,-1.725115061,2.130974474,1.337161558,-2,0.6054442525,-0.4817600548,-0.02856097557,0.5882702845,-0.6117345544,0,0.3061930119,0.1341791527,4.045150716,-0.01128070708,-0.1789395958,0.01009014808,0.0313532112,0.53761533,0.01248086469,0.6857562892,0.005251454299,0.102293494,-0.0002013705041,1,0,0,0
23.26060963,21.24052787,torque,figure8,2.134388924,1.202325463,-1.725115061,2.136853257,1.330971295,-2,0.6054442525,-0.4817600548,-0.02856097557,0.5839360215,-0.6225732752,0,0.303508736,0.1452814384,4.319544391,-0.01128070708,-0.1789395958,0.01009014808,0.02261480709,0.6799196393,0.0128325472,0.6857779288,0.003238169457,0.1321916367,0.0009964779645,1,0,0,0
23.2705667,21.25048494,torque,figure8,2.143603086,1.193407059,-1.725543022,2.142646082,1.324718927,-2,0.5962435007,-0.4823741913,-0.02972149849,0.5796216206,-0.6332827242,0,0.304253768,0.1547030694,3.754386192,-0.01992113329,1.008157969,0.01339708827,0.02914750283,0.6100292588,0.01255355213,0.6858967899,0.005996469213,-0.04855223515,-0.002574567425,1,0,0,0
23.28058076,21.260499,torque,figure8,2.143603086,1.193407059,-1.725543022,2.148428671,1.318323482,-2,0.5962435007,-0.4823741913,-0.02972149849,0.5752707926,-0.6440021658,0,0.3015858613,0.1656708305,4.029724643,-0.01992113329,1.008157969,0.01339708827,0.02243247586,0.7261168401,0.01276243326,0.685957945,0.004502220184,-0.0264997217,-0.002619961992,1,0,0,0
23.29057193,21.27049017,torque,figure8,2.152653694,1.184451103,-1.725948095,2.154154565,1.311835937,-2,0.5876281857,-0.4861990213,-0.02871849947,0.5709182668,-0.6546449762,0,0.3022144849,0.1716916227,2.439858576,-0.0260774903,2.000566006,0.01613639854,0.0300442292,0.4861394852,0.01245041598,0.6871819935,0.007127255111,-0.2056835373,-0.005535680185,1,0,0,0
23.30059838,21.28051662,torque,figure8,2.152653694,1.184451103,-1.725948095,2.159856905,1.305218847,-2,0.5876281857,-0.4861990213,-0.02871849947,0.5665387675,-0.6652721599,0,0.2995683238,0.1825834186,2.715278997,-0.0260774903,2.000566006,0.01613639854,0.02477764028,0.5936106793,0.01255433898,0.6873404485,0.005962076062,-0.1854706435,-0.006183682461,1,0,0,0
23.31058359,21.29050183,torque,figure8,2.165997505,1.170946479,-1.726484776,2.16549209,1.29852335,-2,0.5760965943,-0.5028457046,-0.02303252742,0.5621658221,-0.6758017888,0,0.3018057183,0.1750381982,1.173348761,-0.01770553365,2.751924038,0.01698382385,0.03596935146,-0.05915002154,0.01184127841,0.6889215523,0.007238636986,-0.3973224017,-0.007240662925,1,0,0,0
23.32060385,21.30052209,torque,figure8,2.165997505,1.170946479,-1.726484776,2.171103102,1.291698932,-2,0.5760965943,-0.5028457046,-0.02303252742,0.5577661179,-0.6863135097,0,0.2990280925,0.18581426,0.9069919893,-0.01770553365,2.751924038,0.01698382385,0.03122579388,0.07692759673,0.01191459106,0.6892901871,0.006103039393,-0.3666909572,-0.008176537363,1,0,0,0
23.33055854,21.31047678,torque,figure8,2.17037797,1.166380763,-1.726636171,2.176633689,1.284815144,-2,0.5726098418,-0.5122270584,-0.02157821134,0.5533839725,-0.6967011817,0,0.2979825825,0.1867242765,2.097409399,-0.01387320273,2.743299007,0.01574295759,0.03162146292,-0.1037366275,0.01164360364,0.6892670761,0.005620586674,-0.3921094837,-0.007671739007,1,0,0,0
23.3406086,21.32052684,torque,figure8,2.179077148,1.157034874,-1.726898193,2.182172952,1.277760795,-2,0.5663618445,-0.5362402797,-0.01783055253,0.548948581,-0.7071316381,0,0.298611669,0.1726991799,4.69037062,-0.004949860275,2.412945032,0.01468050946,0.03558618367,-0.5894274804,0.01103437368,0.6879404491,0.005221166543,-0.425518287,-0.007122036696,1,0,0,0
23.35057425,21.3304925,torque,figure8,2.18764925,1.147412658,-1.727155924,2.187621625,1.270662463,-2,0.5606582761,-0.5676998496,-0.01809213869,0.5445393509,-0.7174173767,0,0.2993900554,0.1516656954,6.799933837,0.004977721721,1.619772434,0.01123252977,0.03714593456,-1.025154343,0.01044933261,0.684799508,0.004114639682,-0.3861363851,-0.004623026842,1,0,0,0
23.36060119,21.34051943,torque,figure8,2.18764925,1.147412658,-1.727155924,2.193059396,1.263417327,-2,0.5606582761,-0.5676998496,-0.01809213869,0.5400919584,-0.7277081098,0,0.2965303405,0.1623358933,6.518364587,0.004977721721,1.619772434,0.01123252977,0.03451369478,-0.8190042939,0.01091226555,0.6854829159,0.003426866568,-0.332358686,-0.003674856561,1,0,0,0
23.37057042,21.35048866,torque,figure8,2.200365305,1.132087827,-1.727619886,2.198421613,1.256111878,-2,0.5527123213,-0.6230000854,-0.02202245593,0.5356592559,-0.7378808779,0,0.2992936175,0.1182091033,8.04454127,0.01082733739,-0.1979289651,0.005781907588,0.03674506395,-1.396150701,0.009744516828,0.681119744,0.003174129718,-0.195717025,-0.001433779437,1,0,0,0
23.38062572,21.36054397,torque,figure8,2.200365305,1.132087827,-1.727619886,2.203785305,1.248640926,-2,0.5527123213,-0.6230000854,-0.02202245593,0.5311773637,-0.7480812977,0,0.2962891286,0.128817905,7.76004832,0.01082733739,-0.1979289651,0.005781907588,0.03504034164,-1.133816154,0.01059375475,0.6818452694,0.002684533124,-0.1244290913,0.001085917106,1,0,0,0
23.39056444,21.37048268,torque,figure8,2.208738804,1.121264338,-1.727988482,2.209042468,1.241156106,-2,0.5475090742,-0.6587828398,-0.02143711597,0.5267367494,-0.7581032466,0,0.2972614913,0.1037091251,7.200152638,0.0120071983,-1.489451528,0.003075469052,0.03492999372,-1.244184399,0.00996805341,0.6822861464,0.002556160954,0.02324711625,0.001627776538,1,0,0,0
23.40061498,21.38053322,torque,figure8,2.208738804,1.121264338,-1.727988482,2.214313843,1.23348609,-2,0.5475090742,-0.6587828398,-0.02143711597,0.5222354605,-0.7681762641,0,0.2943043813,0.1143032229,6.914726554,0.0120071983,-1.489451528,0.003075469052,0.03461930673,-0.9935418543,0.01098122517,0.6829521055,0.00242375897,0.08899320789,0.004529841895,1,0,0,0
23.41057444,21.39049268,torque,figure8,2.221127272,1.104116321,-1.728521109,2.21949277,1.225786021,-2,0.5387665033,-0.7019942403,-0.01608191989,0.5177644235,-0.7780960038,0,0.2975012202,0.08056794595,4.259753379,0.02513696626,-2.873216391,0.0003333514032,0.03026899494,-0.9679823538,0.009592318709,0.6866011989,-0.0001305020594,0.2455687355,0.004043023364,1,0,0,0
23.42061615,21.40053439,torque,figure8,2.221127272,1.104116321,-1.728521109,2.224669334,1.217922651,-2,0.5387665033,-0.7019942403,-0.01608191989,0.5132459317,-0.7880343757,0,0.2943895642,0.09117473679,3.974428324,0.02513696626,-2.873216391,0.0003333514032,0.03157497707,-0.6963462995,0.01078710258,0.6870668363,0.0001668088241,0.3172784646,0.006765602948,1,0,0,0
23.43057585,21.41049409,torque,figure8,2.229273319,1.092242241,-1.728807926,2.229758748,1.210025243,-2,0.5319080353,-0.7207560539,-0.0121307252,0.5087539925,-0.7978280003,0,0.2956657101,0.08138396097,1.421379154,0.03090641089,-3.121362925,0.001535790507,0.02715446119,-0.4443012304,0.01044755463,0.6892108958,-0.001406546345,0.3729284219,0.00534290438,1,0,0,0
23.44061375,21.42053199,torque,figure8,2.229273319,1.092242241,-1.728807926,2.234842804,1.201967457,-2,0.5319080353,-0.7207560539,-0.0121307252,0.5042164438,-0.8076336593,0,0.2926017484,0.09198748312,1.143040576,0.03090641089,-3.121362925,0.001535790507,0.02979906156,-0.2161299294,0.01141464025,0.6895092359,-0.0007900088466,0.4291463913,0.006685166478,1,0,0,0
23.45056939,21.43048763,torque,figure8,2.241268396,1.073971033,-1.729217768,2.23984016,1.193878803,-2,0.5195102096,-0.7331039906,-0.01372716483,0.4997059155,-0.8172938625,0,0.2961468055,0.08757042681,2.446718637,0.03965882584,-2.45359683,0.004697693512,0.01914277865,0.1150154153,0.01077813465,0.6882455054,-0.003912221895,0.354711349,0.003774450525,1,0,0,0
23.46059799,21.44051623,torque,figure8,2.241268396,1.073971033,-1.729217768,2.244828686,1.185633971,-2,0.5195102096,-0.7331039906,-0.01372716483,0.4951521938,-0.8269585174,0,0.2929237184,0.09793069077,2.733359221,0.03965882584,-2.45359683,0.004697693512,0.02353605926,0.3207256245,0.0113893069,0.6883152731,-0.002847509594,0.4034469888,0.003628890771,1,0,0,0
23.47057724,21.45049548,torque,figure8,2.249102354,1.061716914,-1.729587078,2.249747281,1.177333839,-2,0.5099353194,-0.7326251864,-0.02161344513,0.4906108717,-0.8365087416,0,0.2940932466,0.1078534576,4.321058967,0.03419445455,-1.376715779,0.007456839085,0.01728685039,0.5447580115,0.01119428129,0.6850526694,-0.00307567878,0.277146969,0.001090209007,1,0,0,0
23.48062444,21.46054268,torque,figure8,2.249102354,1.061716914,-1.729587078,2.254653534,1.168881253,-2,0.5099353194,-0.7326251864,-0.02161344513,0.4860286327,-0.8460558254,0,0.2909263814,0.1179202296,4.610308731,0.03419445455,-1.376715779,0.007456839085,0.02254318271,0.7011158167,0.01151346891,0.6850310702,-0.00186455754,0.3097836512,0.0006510931976,1,0,0,0
23.4905808,21.47049904,torque,figure8,2.26055336,1.043287277,-1.730405569,2.259469964,1.160410802,-2,0.494911164,-0.7263618708,-0.03123694286,0.481478021,-0.8554483526,0,0.2939391961,0.1334897589,4.738163479,0.03338348866,0.6025397778,0.01251837425,0.006196608293,0.6982641269,0.01092316444,0.6821893342,-0.004753725106,0.02043518713,-0.004870581105,1,0,0,0
23.5006125,21.48053074,torque,figure8,2.26055336,1.043287277,-1.730405569,2.264276969,1.151782023,-2,0.494911164,-0.7263618708,-0.03123694286,0.4768831998,-0.8648424826,0,0.2906305769,0.1431000837,5.028516839,0.03338348866,0.6025397778,0.01251837425,0.01376257304,0.8297707492,0.01109643131,0.6821634768,-0.002901006887,0.04591215125,-0.004460103809,1,0,0,0
23.51057863,21.49049687,torque,figure8,2.267998934,1.031103492,-1.731059551,2.269006864,1.14311667,-2,0.48518309,-0.7239050269,-0.03322090954,0.4723087861,-0.8741054091,0,0.29133646,0.1543681682,3.693846477,0.03145274147,1.860332012,0.01388346311,0.002557310717,0.6522008338,0.01051128524,0.6827116622,-0.004634358694,-0.1600928514,-0.007750987608,1,0,0,0
23.52061796,21.5005362,torque,figure8,2.267998934,1.031103492,-1.731059551,2.273725357,1.134294696,-2,0.48518309,-0.7239050269,-0.03322090954,0.4676911722,-0.8833652638,0,0.2881148756,0.1638205212,3.984840281,0.03145274147,1.860332012,0.01388346311,0.01125785932,0.7637582561,0.01081139533,0.6827738722,-0.002548292153,-0.1400329576,-0.005714453556,1,0,0,0
23.53056312,21.51048136,torque,figure8,2.278906345,1.012832284,-1.732012749,2.278353833,1.125464174,-2,0.4719731212,-0.7312961221,-0.03087878786,0.4631074627,-0.892467153,0,0.2906947104,0.1643417191,0.1587441923,0.02650630288,3.050786734,0.0155304037,-0.01170910112,0.1228573258,0.008792492893,0.6844594407,-0.006353415612,-0.4096299173,-0.01567499871,1,0,0,0
23.5406034,21.52052164,torque,figure8,2.278906345,1.012832284,-1.732012749,2.282980293,1.116457724,-2,0.4719731212,-0.7312961221,-0.03087878786,0.4584704998,-0.901583575,0,0.2873534333,0.1735904287,0.3430278899,0.02650630288,3.050786734,0.0155304037,-0.0001339929253,0.2547229333,0.009740262023,0.6847527453,-0.003457093428,-0.3816017605,-0.009549140506,1,0,0,0
23.55057287,21.53049111,torque,figure8,2.285998106,1.000589132,-1.732630491,2.287528012,1.107424591,-2,0.4641831815,-0.7463399768,-0.0276510641,0.4538569793,-0.9105628637,0,0.2879281333,0.1668543328,2.801496718,0.01875299215,3.154618979,0.0129586421,-0.01326500298,-0.2670968696,0.008023641886,0.6843263615,-0.005024834812,-0.4791443992,-0.01315993204,1,0,0,0
23.56060076,21.540519,torque,figure8,2.285998106,1.000589132,-1.732630491,2.292055932,1.098248594,-2,0.4641831815,-0.7463399768,-0.0276510641,0.4492072127,-0.9195208109,0,0.2847112956,0.1760126765,2.510972077,0.01875299215,3.154618979,0.0129586421,-0.000981444,-0.123625411,0.009499959992,0.6847966678,-0.00205304262,-0.4466670269,-0.005202518198,1,0,0,0
23.5705781,21.55049634,torque,figure8,2.296447992,0.9817357659,-1.733495712,2.296514708,1.089030067,-2,0.4539481103,-0.7862548232,-0.02965422161,0.4445718045,-0.9283592761,0,0.2872918497,0.1454680842,6.836636186,0.002195634646,2.194802284,0.01046108548,-0.02434069628,-1.013817999,0.005991300447,0.6790334421,-0.004891882469,-0.4660901162,-0.01569374533,1,0,0,0
23.58059287,21.56051111,torque,figure8,2.296447992,0.9817357659,-1.733495712,2.300943658,1.07968865,-2,0.4539481103,-0.7862548232,-0.02965422161,0.4399099935,-0.9371556216,0,0.2839709737,0.1544263337,6.545094619,0.002195634646,2.194802284,0.01046108548,-0.009399282237,-0.8062519952,0.008474506773,0.6797213034,-0.001168454915,-0.4121093719,-0.004849684872,1,0,0,0
23.59057665,21.57049489,torque,figure8,2.303282499,0.9686842561,-1.734110832,2.305312385,1.070288837,-2,0.4478824735,-0.8214921355,-0.03340723366,0.4352537171,-0.9458489637,0,0.2846483109,0.1293837295,8.267253037,-0.009223436937,0.9724810719,0.006117164623,-0.01891355397,-1.246038048,0.006856101856,0.6754137416,-0.001877935907,-0.3208028068,-0.00570115022,1,0,0,0
23.60061932,21.58053756,torque,figure8,2.303282499,0.9686842561,-1.734110832,2.309659938,1.060746403,-2,0.4478824735,-0.8214921355,-0.03340723366,0.4305611126,-0.9545165404,0,0.2814483259,0.1382445843,7.974095575,-0.009223436937,0.9724810719,0.006117164623,-0.004033773766,-1.023307479,0.009532095586,0.6761761936,0.001684365598,-0.262836494,0.003632697099,1,0,0,0
23.61058021,21.59049845,torque,figure8,2.313373327,0.9481807947,-1.735082626,2.313925493,1.051196072,-2,0.4394209087,-0.8763127923,-0.0331087783,0.4258980335,-0.9630365121,0,0.2842422682,0.09380865057,8.43213533,-0.02184779197,-1.075075269,0.001058448455,-0.02478324709,-1.507777475,0.006033837899,0.6742950818,-0.001785954511,-0.08875577111,-0.001371182693,1,0,0,0
23.62058949,21.60050774,torque,figure8,2.313373327,0.9481807947,-1.735082626,2.318164943,1.041514239,-2,0.4394209087,-0.8763127923,-0.0331087783,0.4212036776,-0.9715199189,0,0.2809186827,0.1024326884,8.139302719,-0.02184779197,-1.075075269,0.001058448455,-0.00711860375,-1.224359553,0.009044887338,0.6750234179,0.002617596061,-0.0114798088,0.006344290594,1,0,0,0
23.63057876,21.610497,torque,figure8,2.320014,0.9338744283,-1.735671997,2.322349021,1.031767513,-2,0.4336331487,-0.9083102345,-0.02801881917,0.4165101948,-0.9799077497,0,0.2818826022,0.07876835629,6.861805506,-0.02541707642,-2.241383314,-0.0007512705633,-0.0154851825,-1.238748093,0.007954252579,0.6777032383,0.0008357889308,0.1307186701,0.00590765842,1,0,0,0
23.64061856,21.6205368,torque,figure8,2.320014,0.9338744283,-1.735671997,2.326506987,1.021887443,-2,0.4336331487,-0.9083102345,-0.02801881917,0.4117844833,-0.9882582172,0,0.2786713885,0.08748770394,6.568576881,-0.02541707642,-2.241383314,-0.0007512705633,0.001886706832,-0.9750222589,0.0104877492,0.6783269535,0.005001051122,0.1996294696,0.009929635173,1,0,0,0
23.65057325,21.6304915,torque,figure8,2.329808235,0.9116293192,-1.736350536,2.330582818,1.012008757,-2,0.4239649475,-0.9429206252,-0.01817770675,0.4070905366,-0.9964582293,0,0.2821128697,0.05900381192,3.168081957,-0.02036876976,-3.250949383,0.0002931569179,-0.01899592797,-0.83606214,0.008649946536,0.6835280153,-0.001254761913,0.3187349528,0.008652298903,1,0,0,0
23.66062903,21.64054728,torque,figure8,2.329808235,0.9116293192,-1.736350536,2.334652556,1.001947284,-2,0.4239649475,-0.9429206252,-0.01817770675,0.4023406295,-1.004660305,0,0.2787325635,0.06789571543,2.875749038,-0.02036876976,-3.250949383,0.0002931569179,0.00107511831,-0.5607922889,0.01040431725,0.6839034228,0.003686436648,0.3905484725,0.007774193061,1,0,0,0
23.67059088,21.65050912,torque,figure8,2.336203337,0.8964012861,-1.736686707,2.338637139,0.9918988802,-2,0.4162672162,-0.9551852345,-0.01395441871,0.3976269704,-1.012704624,0,0.2801064162,0.06205372444,0.2067774662,-0.01231292356,-3.201356888,0.002499679103,-0.008887695918,-0.2658247548,0.01019044666,0.6855693294,-0.0001292540352,0.4108952612,0.007645656073,1,0,0,0
23.68062234,21.66054058,torque,figure8,2.336203337,0.8964012861,-1.736686707,2.342602077,0.9816996858,-2,0.4162672162,-0.9551852345,-0.01395441871,0.3928722955,-1.0207229,0,0.2768585404,0.07097347199,0.2581300887,-0.01231292356,-3.201356888,0.002499679103,0.01056026272,-0.04026008756,0.01110056303,0.685763631,0.004460096697,0.4654920513,0.004269255241,1,0,0,0
23.69058847,21.67050672,torque,figure8,2.345565557,0.8733127117,-1.737159729,2.346493924,0.9714876702,-2,0.4027939141,-0.9578132629,-0.01782727055,0.388140656,-1.028606573,0,0.2805783177,0.07445953482,3.47767293,-0.0007909892011,-2.074403524,0.005897818133,-0.01416694963,0.2860980155,0.01111318925,0.6831985493,-0.003267293233,0.3283708658,0.006121418574,1,0,0,0
23.70064497,21.68056321,torque,figure8,2.345565557,0.8733127117,-1.737159729,2.350373218,0.9611038431,-2,0.4027939141,-0.9578132629,-0.01782727055,0.3833582029,-1.036477842,0,0.2771559207,0.08296791184,3.769774374,-0.0007909892011,-2.074403524,0.005897818133,0.007757475945,0.48305475,0.01102366112,0.6831809345,0.002013604291,0.3736404141,0.00121971324,1,0,0,0
23.71057367,21.69049191,torque,figure8,2.351629019,0.8579127789,-1.737563133,2.354155996,0.9507747276,-2,0.3928951919,-0.9520466924,-0.02300515957,0.3786288202,-1.044165795,0,0.278393312,0.09601403983,4.90581848,0.006925972179,-0.8258330226,0.009440363385,-0.004834447787,0.6520672179,0.01122732122,0.6807389549,-0.002029098545,0.2161034026,-0.0005431951504,1,0,0,0
23.72063041,21.70054865,torque,figure8,2.351629019,0.8579127789,-1.737563133,2.357939645,0.940235029,-2,0.3928951919,-0.9520466924,-0.02300515957,0.3738307473,-1.051867888,0,0.2751179491,0.1041967439,5.198063127,0.006925972179,-0.8258330226,0.009440363385,0.01619517858,0.8009800344,0.01088845502,0.6806584145,0.002832872811,0.2461129013,-0.003381099301,1,0,0,0
23.73058438,21.71050262,torque,figure8,2.357538462,0.8425717354,-1.738018751,2.36163708,0.9297271721,-2,0.3830849826,-0.9445524812,-0.02448109537,0.369074161,-1.059406429,0,0.2761286721,0.1182668868,5.184924982,0.009549314156,0.4527259767,0.01095934305,0.001039725324,0.805007124,0.01095321572,0.6802013751,-0.001122222341,0.06046646427,-0.003335069616,1,0,0,0
23.74063301,21.72055125,torque,figure8,2.357538462,0.8425717354,-1.738018751,2.365321612,0.9190437155,-2,0.3830849826,-0.9445524812,-0.02448109537,0.3642648336,-1.066930413,0,0.2730251196,0.1262136291,5.476424683,0.009549314156,0.4527259767,0.01095934305,0.02194681724,0.9238139649,0.01072176693,0.6801297675,0.003619165751,0.0818342166,-0.003268367754,1,0,0,0
23.75058389,21.73050213,torque,figure8,2.366110563,0.819762826,-1.738680124,2.36892264,0.9083901087,-2,0.3689001501,-0.9371829629,-0.02240081131,0.3594949504,-1.074295212,0,0.2759543087,0.1392480627,3.148645772,0.01927092671,2.211587191,0.01243837923,-0.01580299139,0.5552781858,0.01017062854,0.6824331994,-0.006249149024,-0.2278421159,-0.009642164748,1,0,0,0
23.76060867,21.74052691,torque,figure8,2.366110563,0.819762826,-1.738680124,2.372502383,0.8975837031,-2,0.3689001501,-0.9371829629,-0.02240081131,0.3546823505,-1.081627585,0,0.272736176,0.146861128,3.437992703,0.01927092671,2.211587191,0.01243837923,0.009076559071,0.6739294734,0.01067952232,0.6825015502,-0.0002623149394,-0.2050126438,-0.002983162625,1,0,0,0
23.77057981,21.75049806,torque,figure8,2.374369144,0.7970899343,-1.739237785,2.376015076,0.8867626434,-2,0.3561306,-0.9435001016,-0.0162308123,0.3498883431,-1.088833381,0,0.2757550298,0.1463699667,0.9617506541,0.02989925258,3.246386766,0.01256915834,-0.03349291885,-0.04334590771,0.007887830535,0.6847352376,-0.01091196394,-0.4643150042,-0.02027530948,1,0,0,0
23.78062892,21.76054716,torque,figure8,2.374369144,0.7970899343,-1.739237785,2.379506835,0.8757847247,-2,0.3561306,-0.9435001016,-0.0162308123,0.3450497252,-1.096006799,0,0.2724265011,0.15376774,0.6766260833,0.02989925258,3.246386766,0.01256915834,-0.005262286112,0.09959162358,0.01005161781,0.6850532324,-0.003984709156,-0.4323823,-0.004938654988,1,0,0,0
23.79058242,21.77050066,torque,figure8,2.379696369,0.781899929,-1.739559889,2.382917406,0.8648406283,-2,0.3484505713,-0.958876431,-0.01401843783,0.3402501853,-1.103023598,0,0.2733470069,0.14505919,3.853038567,0.03503869474,3.132499933,0.01103288773,-0.02899638234,-0.4515217243,0.007826023969,0.6837525676,-0.009678657575,-0.5043333732,-0.01406318895,1,0,0,0
23.80063295,21.7805512,torque,figure8,2.379696369,0.781899929,-1.739559889,2.38631272,0.8537194213,-2,0.3484505713,-0.958876431,-0.01401843783,0.3353969289,-1.110018987,0,0.2702422377,0.1523515225,3.564205982,0.03503869474,3.132499933,0.01103288773,-0.00183636181,-0.2958088318,0.01094559633,0.6842468782,-0.003272154085,-0.4677658633,0.002749109308,1,0,0,0
23.81059337,21.79051161,torque,figure8,2.384884119,0.7665075064,-1.739881992,2.38962943,0.8426290196,-2,0.3415032625,-0.9838164449,-0.01616890542,0.3305804222,-1.116862047,0,0.2710689592,0.1344688594,6.404410487,0.03112190589,2.419943333,0.008401913568,-0.02707590778,-0.8594234684,0.008385361036,0.6802664888,-0.008321280568,-0.4634561087,-0.006514620144,1,0,0,0
23.82063794,21.80055618,torque,figure8,2.384884119,0.7665075064,-1.739881992,2.392925547,0.831376337,-2,0.3415032625,-0.9838164449,-0.01616890542,0.3257164924,-1.123672035,0,0.2682051596,0.1416694808,6.116311186,0.03112190589,2.419943333,0.008401913568,-0.0001893971536,-0.6798519584,0.01224467076,0.6809043255,-0.00209932536,-0.4188944814,0.01000281614,1,0,0,0
23.83059263,21.81051087,torque,figure8,2.392448425,0.742703855,-1.740450621,2.396143934,0.8201573127,-2,0.3322641551,-1.032605171,-0.01801105216,0.3208895216,-1.130330485,0,0.2708848006,0.1000200844,8.673838088,0.01001156215,0.4508914948,0.005826645531,-0.04945714598,-1.432631799,0.005944817206,0.6755354491,-0.01045780751,-0.2895431306,-0.01035322918,1,0,0,0
23.84061098,21.82052922,torque,figure8,2.392448425,0.742703855,-1.740450621,2.399334356,0.808800083,-2,0.3322641551,-1.032605171,-0.01801105216,0.3160251825,-1.136939913,0,0.2679216447,0.1071160142,8.386597625,0.01001156215,0.4508914948,0.005826645531,-0.01769161492,-1.178874445,0.01092731898,0.676263717,-0.002641821624,-0.2206336562,0.00551363438,1,0,0,0
23.85058212,21.83050036,torque,figure8,2.39972949,0.7179027796,-1.7410748,2.402461324,0.7974310787,-2,0.3233447969,-1.082861423,-0.01720596664,0.3111773866,-1.143426419,0,0.2708772272,0.06412651471,7.994254542,0.01503356081,-1.765286684,0.005309497472,-0.06661553065,-1.539147546,0.006090244452,0.6762521967,-0.01452197478,-0.003657948547,-0.0005741593022,1,0,0,0
23.86059546,21.84051371,torque,figure8,2.39972949,0.7179027796,-1.7410748,2.40555285,0.785949332,-2,0.3233447969,-1.082861423,-0.01720596664,0.306302769,-1.149847709,0,0.2677807009,0.07122947763,7.70744867,0.01503356081,-1.765286684,0.005309497472,-0.03099952897,-1.238494201,0.01055806653,0.6768961867,-0.005524575586,0.07928607725,0.005802113863,1,0,0,0
23.8705821,21.85050035,torque,figure8,2.404464245,0.7007569671,-1.741468906,2.408587483,0.7744346269,-2,0.3168726861,-1.110053539,-0.01444467902,0.3014349563,-1.156158863,0,0.2688563278,0.05072152554,5.745748333,0.02446781099,-2.963849068,0.006186215207,-0.05528024475,-1.143136108,0.009805464954,0.6799180686,-0.01223120626,0.2428971464,0.008478984671,1,0,0,0
23.88063002,21.86054826,torque,figure8,2.404464245,0.7007569671,-1.741468906,2.411591644,0.7627861364,-2,0.3168726861,-1.110053539,-0.01444467902,0.2965311331,-1.162414479,0,0.2659638021,0.05800082372,5.458764228,0.02446781099,-2.963849068,0.006186215207,-0.02163325571,-0.8736651598,0.01267293831,0.6804186506,-0.004095070674,0.3134493122,0.005742181035,1,0,0,0
23.89059424,21.87051249,torque,figure8,2.411357641,0.6744104028,-1.741965055,2.414522095,0.7511730571,-2,0.3053961992,-1.133871675,-0.009379572235,0.2916621647,-1.168524121,0,0.2692295516,0.03843685881,1.320184488,0.01714188792,-3.618817568,0.007487667259,-0.07732124117,-0.5861508005,0.01235424968,0.6841103584,-0.01585783087,0.4065072416,0.0182840803,1,0,0,0
23.90064263,21.88056087,torque,figure8,2.411357641,0.6744104028,-1.741965055,2.417428136,0.7394007143,-2,0.3053961992,-1.133871675,-0.009379572235,0.286746133,-1.174590198,0,0.2661627774,0.04575805379,1.037088898,0.01714188792,-3.618817568,0.007487667259,-0.03889603248,-0.3202418826,0.01279450663,0.6843267289,-0.006308203329,0.47506076,0.004674414205,1,0,0,0
23.91058755,21.89050579,torque,figure8,2.415774584,0.6565328836,-1.742297411,2.420255585,0.7276900531,-2,0.2961042821,-1.137507915,-0.01005327236,0.2818749512,-1.180499225,0,0.2673837066,0.04638744304,2.023539416,0.008816023357,-3.234520435,0.008995269425,-0.06588762092,0.03443730341,0.01381179102,0.6836366818,-0.01130567142,0.4590688777,0.01137256032,1,0,0,0
23.92063308,21.90055132,torque,figure8,2.415774584,0.6565328836,-1.742297411,2.423062429,0.7158017359,-2,0.2961042821,-1.137507915,-0.01005327236,0.2769487568,-1.186372024,0,0.2645307807,0.0534387828,2.293493845,0.008816023357,-3.234520435,0.008995269425,-0.02927044874,0.2435240859,0.01282250627,0.6836715505,-0.002554572131,0.5082770859,-0.003585704121,1,0,0,0
23.93056631,21.91048455,torque,figure8,2.42005372,0.6386774778,-1.742656946,2.42578921,0.7039887789,-2,0.2857896686,-1.132078052,-0.01383785903,0.2720720653,-1.192083821,0,0.2655633808,0.06309002616,4.64376806,-0.004684965126,-2.27905035,0.01021270547,-0.05704366866,0.5479874723,0.01381440137,0.6808656022,-0.007342191267,0.4059414214,0.003619955961,1,0,0,0
23.94059324,21.92051148,torque,figure8,2.42005372,0.6386774778,-1.742656946,2.428492555,0.6920073329,-2,0.2857896686,-1.132078052,-0.01383785903,0.2671438598,-1.197752871,0,0.2629462582,0.06965869946,4.919909663,-0.004684965126,-2.27905035,0.01021270547,-0.02122592493,0.7084764343,0.01197323742,0.6807647069,0.001045802773,0.4396841957,-0.009433740819,1,0,0,0
23.95058227,21.93050051,torque,figure8,2.426150799,0.6120041013,-1.743361235,2.431136518,0.6800151482,-2,0.2697066963,-1.113979936,-0.01713348553,0.262228878,-1.2033035,0,0.2655443763,0.09125882533,6.226533258,-0.01198741049,-0.1704463959,0.011790419,-0.07747117897,0.8623664382,0.01453948957,0.6781335726,-0.01130779063,0.1514679692,0.0006493186342,1,0,0,0
23.9605999,21.94051814,torque,figure8,2.426150799,0.6120041013,-1.743361235,2.43373872,0.6679334205,-2,0.2697066963,-1.113979936,-0.01713348553,0.2572944978,-1.208772355,0,0.2627719946,0.09712477415,6.502038851,-0.01198741049,-0.1704463959,0.011790419,-0.03618137522,0.9916438818,0.01198483032,0.6779618455,-0.001153751388,0.1761501518,-0.007220223798,1,0,0,0
23.9705801,21.95049834,torque,figure8,2.431907177,0.5858251452,-1.74409461,2.436282018,0.6558428467,-2,0.2536233068,-1.095613122,-0.01822412387,0.2523733559,-1.21412307,0,0.2653472937,0.1199095031,4.716368356,-0.0009297830402,2.084980488,0.01060637366,-0.09476623314,0.750764201,0.01267578146,0.6794749853,-0.01611867022,-0.1804459556,-0.01429926585,1,0,0,0
23.98061037,21.96052861,torque,figure8,2.431907177,0.5858251452,-1.74409461,2.438788565,0.6436383078,-2,0.2536233068,-1.095613122,-0.01822412387,0.2474223974,-1.219401935,0,0.2624448205,0.1252766551,4.988509839,-0.0009297830402,2.084980488,0.01060637366,-0.04932567067,0.8610336062,0.01132491356,0.6794129932,-0.004741295289,-0.1606481794,-0.00824089817,1,0,0,0
23.99057674,21.97049499,torque,figure8,2.435549736,0.5685809255,-1.744598389,2.441229934,0.6314595635,-2,0.2437138259,-1.090116024,-0.01660872623,0.2424979854,-1.224548751,0,0.263089283,0.1354602753,2.380707368,0.003984882496,3.142391205,0.00974039454,-0.07780714437,0.4870626502,0.01009797937,0.6816206214,-0.01175987661,-0.3659126987,-0.01742729272,1,0,0,0
24.0005908,21.98050904,torque,figure8,2.435549736,0.5685809255,-1.744598389,2.443633528,0.6191713825,-2,0.2437138259,-1.090116024,-0.01660872623,0.2375451002,-1.229620961,0,0.2604893954,0.1406254968,2.643179852,0.003984882496,3.142391205,0.00974039454,-0.03556992583,0.5903486095,0.01055790212,0.6817132032,-0.001652185887,-0.3470048596,-0.002533303916,1,0,0,0
24.01059055,21.99050879,torque,figure8,2.439041138,0.5514300466,-1.745079756,2.445984171,0.6068505687,-2,0.2347217649,-1.093632936,-0.01472276635,0.2325944767,-1.23458626,0,0.2609673752,0.1417361092,0.8845432559,0.001140869106,3.623052597,0.008240120485,-0.06820743558,0.05643503586,0.008822896347,0.6825436214,-0.008915149319,-0.4974058723,-0.01340593704,1,0,0,0
24.02062178,22.00054002,torque,figure8,2.439041138,0.5514300466,-1.745079756,2.44829245,0.5944415955,-2,0.2347217649,-1.093632936,-0.01472276635,0.2276235406,-1.239466717,0,0.2586888305,0.1467468442,0.6250536794,0.001140869106,3.623052597,0.008240120485,-0.0274456034,0.1714239742,0.01111524889,0.6828232558,0.0005613691836,-0.4734949669,0.007672446374,1,0,0,0
24.03058934,22.01050758,torque,figure8,2.444033623,0.5254991055,-1.745792866,2.450536666,0.5820633767,-2,0.22308065,-1.11814642,-0.01576855592,0.2226795555,-1.24421614,0,0.2605054192,0.1270526766,5.728743785,-0.008920118213,3.022978544,0.005883330479,-0.09407578742,-0.7998821489,0.004819187502,0.6784254591,-0.01378949281,-0.5499402309,-0.02514273367,1,0,0,0
24.04062557,22.02054381,torque,figure8,2.444033623,0.5254991055,-1.745792866,2.45274653,0.5695525625,-2,0.22308065,-1.11814642,-0.01576855592,0.2176969861,-1.248897114,0,0.2581431559,0.1318081004,5.45249824,-0.008920118213,3.022978544,0.005883330479,-0.04746256523,-0.6224003023,0.0101602655,0.6789624512,-0.002467643389,-0.5046446723,0.00491227116,1,0,0,0
24.05058813,22.03050637,torque,figure8,2.448704243,0.4990834594,-1.746551275,2.454890694,0.557087624,-2,0.2132003009,-1.161359072,-0.01859793998,0.2127465996,-1.253442953,0,0.260075011,0.09394429445,9.042412005,0.004775824491,1.272788763,0.007259854116,-0.1142550471,-1.483599123,0.001883049592,0.6719712137,-0.01984002893,-0.4152739143,-0.02540599244,1,0,0,0
24.06062341,22.04054165,torque,figure8,2.448704243,0.4990834594,-1.746551275,2.457000626,0.5444864271,-2,0.2132003009,-1.161359072,-0.01859793998,0.2077557572,-1.257920097,0,0.2576169939,0.09848633399,8.768268822,0.004775824491,1.272788763,0.007259854116,-0.06340626767,-1.236626907,0.009076651277,0.6726517395,-0.007194789953,-0.3474808541,0.002301945855,1,0,0,0
24.07059264,22.05051088,torque,figure8,2.451678753,0.4809386432,-1.747028351,2.459047061,0.5319241789,-2,0.2072706521,-1.194410563,-0.01670763828,0.2027935641,-1.262266177,0,0.2581636537,0.07002552304,9.546278635,0.01550042443,-0.2223241478,0.006517518777,-0.09595117083,-1.562998399,0.006267359634,0.6711527616,-0.01608599724,-0.2028625628,-0.002110209486,1,0,0,0
24.08060122,22.06051946,torque,figure8,2.451678753,0.4809386432,-1.747028351,2.461051788,0.5192692862,-2,0.2072706521,-1.194410563,-0.01670763828,0.1978076846,-1.266527189,0,0.2560307545,0.07462908792,9.274969675,0.01550042443,-0.2223241478,0.006517518777,-0.0488785657,-1.312662074,0.01260420472,0.6718358541,-0.004784274749,-0.1354407841,0.01390357918,1,0,0,0
24.09059477,22.07051301,torque,figure8,2.455942154,0.4528824985,-1.747626781,2.463003696,0.5065913469,-2,0.1981592178,-1.240103483,-0.01057154685,0.1928252842,-1.270679274,0,0.2581215745,0.03278852614,8.03074044,0.005742991343,-2.341043234,0.007058926392,-0.1231448184,-1.566491778,0.007861488117,0.6749456066,-0.0207572499,0.07938957327,0.01117238512,1,0,0,0
24.10061145,22.08052969,torque,figure8,2.455942154,0.4528824985,-1.747626781,2.464910138,0.4938429466,-2,0.1981592178,-1.240103483,-0.01057154685,0.1878274406,-1.274737819,0,0.2558328057,0.03765687756,7.760543195,0.005742991343,-2.341043234,0.007058926392,-0.07028583748,-1.270491488,0.01260135719,0.675501196,-0.007577247769,0.160719074,0.01156334535,1,0,0,0
24.11059523,22.09051347,torque,figure8,2.458597898,0.4336867332,-1.74793458,2.466760483,0.4810964828,-2,0.1912928522,-1.262539983,-0.00459048897,0.1828422158,-1.278679945,0,0.2566150584,0.01878787416,5.398009597,-0.001602893812,-3.339713097,0.008891643025,-0.1048536522,-1.110596199,0.01239330691,0.6799612876,-0.01473651613,0.3047364707,0.01638749147,1,0,0,0
24.1206224,22.10054064,torque,figure8,2.458597898,0.4336867332,-1.74793458,2.468568755,0.4682555251,-2,0.1912928522,-1.262539983,-0.00459048897,0.1778316095,-1.282535293,0,0.2546201001,0.02453752391,5.128648496,-0.001602893812,-3.339713097,0.008891643025,-0.05518942222,-0.8497165926,0.01479125059,0.6803591157,-0.002816610483,0.3727350953,0.005930548162,1,0,0,0
24.13059282,22.11051106,torque,figure8,2.462376356,0.4043287635,-1.748277664,2.470316959,0.4554494206,-2,0.1790821701,-1.278190851,-0.0005058517563,0.1728457679,-1.28626526,0,0.2569834802,0.010214924,0.8862210689,-0.02152428031,-3.6448493,0.01293760724,-0.1294460322,-0.4943909402,0.01647296785,0.68373306,-0.01790878289,0.4276337756,0.02620240524,1,0,0,0
24.14061308,22.12053132,torque,figure8,2.462376356,0.4043287635,-1.748277664,2.472023799,0.4425423677,-2,0.1790821701,-1.278190851,-0.0005058517563,0.167831503,-1.289909518,0,0.2547891031,0.01625301662,0.6724507866,-0.02152428031,-3.6448493,0.01293760724,-0.07372398417,-0.2437805652,0.01520428105,0.6838539156,-0.004144272646,0.4916795239,0.001868272426,1,0,0,0
24.1505878,22.13050604,torque,figure8,2.464706659,0.3846013844,-1.74852109,2.473672962,0.4296582243,-2,0.1694265902,-1.276010156,-0.004668382928,0.1628366366,-1.293433024,0,0.2556406771,0.01920358329,2.515533966,-0.03887662664,-2.921885252,0.01267745718,-0.1034025599,0.1070324955,0.01704300125,0.6820459097,-0.009074991588,0.4290453022,0.01241336075,1,0,0,0
24.16063952,22.14055777,torque,figure8,2.464706659,0.3846013844,-1.74852109,2.475284441,0.4166395841,-2,0.1694265902,-1.276010156,-0.004668382928,0.1577998891,-1.296878283,0,0.2537320991,0.02434035136,2.753268139,-0.03887662664,-2.921885252,0.01267745718,-0.05167907987,0.2991974584,0.01427202518,0.6820118221,0.003150124255,0.4733803839,-0.009740595886,1,0,0,0
24.17059159,22.15050983,torque,figure8,2.467897892,0.355104655,-1.749008179,2.476830048,0.403716423,-2,0.1537789702,-1.258826852,-0.0107020922,0.1528098978,-1.300184822,0,0.2558120047,0.04273120104,5.094578943,-0.05526305735,-1.077400327,0.01697381958,-0.1214778779,0.5769435133,0.01867562088,0.678319301,-0.01184672924,0.2371283977,0.006708420611,1,0,0,0
24.18063641,22.16055465,torque,figure8,2.467897892,0.355104655,-1.749008179,2.478339687,0.39063999,-2,0.1537789702,-1.258826852,-0.0107020922,0.1477702966,-1.303416404,0,0.253709845,0.04624788762,5.342523274,-0.05526305735,-1.077400327,0.01697381958,-0.06392478683,0.7302171288,0.01422741138,0.6781580531,0.002277346261,0.2694420151,-0.01143445023,1,0,0,0
24.190588,22.17050624,torque,figure8,2.469835997,0.3356721103,-1.749393225,2.479785381,0.3776534278,-2,0.143267408,-1.243389726,-0.01220171526,0.1427744882,-1.30651295,0,0.2542934861,0.06429359477,5.460958966,-0.05188142136,0.3816471398,0.01644560508,-0.0920598033,0.7790867403,0.0155264697,0.6775102313,-0.005390356912,0.06777072344,-0.008121144932,1,0,0,0
24.20064497,22.18056321,torque,figure8,2.469835997,0.3356721103,-1.749393225,2.48119586,0.3644985728,-2,0.143267408,-1.243389726,-0.01220171526,0.1377228688,-1.309535811,0,0.2525148852,0.06749020945,5.708462892,-0.05188142136,0.3816471398,0.01644560508,-0.03880685207,0.8918387918,0.01195983761,0.6773516532,0.007189844753,0.08793737085,-0.01504484598,1,0,0,0
24.21064615,22.19056439,torque,figure8,2.47073245,0.3260346055,-1.749589205,2.482548119,0.3513870773,-2,0.1381205469,-1.236013055,-0.01211647689,0.1326964752,-1.31243551,0,0.2519681016,0.07756688253,5.385641272,-0.04385671765,1.104232311,0.01431376394,-0.03414264058,0.88343331,0.01156685955,0.677747192,0.006273615524,-0.01665450122,-0.01091347437,1,0,0,0
24.2206409,22.20055914,torque,figure8,2.472423077,0.3069139421,-1.749960899,2.483849273,0.3382555795,-2,0.1283881366,-1.224460721,-0.0103063751,0.1276706317,-1.315227114,0,0.2522546492,0.09135247296,3.599849065,-0.02936765924,2.318298817,0.0115266284,-0.06874635362,0.6348019062,0.0123399511,0.6797251256,-0.004547166224,-0.2269897495,-0.01039436999,1,0,0,0
24.23059225,22.21051049,torque,figure8,2.473986387,0.2879244685,-1.750277281,2.485094859,0.3251538988,-2,0.1194989085,-1.219533205,-0.006312579382,0.122664042,-1.31790087,0,0.2527268587,0.09862081036,0.9643929617,-0.01707346737,3.12429142,0.007743238937,-0.09826466723,0.2289915289,0.01067505152,0.681819155,-0.01293380403,-0.4017512463,-0.01953809297,1,0,0,0
24.24065566,22.2205739,torque,figure8,2.473986387,0.2879244685,-1.750277281,2.486303792,0.3118781674,-2,0.1194989085,-1.219533205,-0.006312579382,0.1175985746,-1.320497227,0,0.2511711262,0.1011790181,1.15303434,-0.01707346737,3.12429142,0.007743238937,-0.04080618471,0.3353341058,0.01142496368,0.6819289787,0.0009102478378,-0.3805519434,0.001279777795,1,0,0,0
24.25059104,22.23050928,torque,figure8,2.476079941,0.2596597075,-1.750665665,2.487447325,0.2987462335,-2,0.1077404544,-1.228890181,-0.003418596461,0.1125951859,-1.322954291,0,0.25263528,0.09425132451,3.947382091,-0.008425058797,3.179645061,0.00380181754,-0.1199894532,-0.5267124411,0.006156990788,0.6807814113,-0.0188229,-0.5266401563,-0.0300581014,1,0,0,0
24.26062489,22.24054313,torque,figure8,2.476079941,0.2596597075,-1.750665665,2.488551727,0.2854599133,-2,0.1077404544,-1.228890181,-0.003418596461,0.107539926,-1.325328351,0,0.2509757097,0.09649895147,3.69361374,-0.008425058797,3.179645061,0.00380181754,-0.05802235969,-0.3775894036,0.01069661048,0.6811212724,-0.003637972277,-0.4902294355,0.003846626678,1,0,0,0
24.27059507,22.25051332,torque,figure8,2.477316141,0.2406961769,-1.75091958,2.489598871,0.2722348254,-2,0.1010066345,-1.24669826,-0.004746729508,0.1025145664,-1.327580296,0,0.2513694635,0.0810352329,6.504911192,-0.0164616406,2.387160063,0.002664803062,-0.09158578197,-0.9207953457,0.007715660036,0.6775335894,-0.01047430781,-0.4688919692,-0.009020894605,1,0,0,0
24.28061867,22.26053691,torque,figure8,2.477316141,0.2406961769,-1.75091958,2.490601105,0.2589168026,-2,0.1010066345,-1.24669826,-0.004746729508,0.09746020826,-1.32973655,0,0.2500990541,0.08324942122,6.257193049,-0.0164616406,2.387160063,0.002664803062,-0.03503973497,-0.7531552912,0.01349448314,0.6779906311,0.002779818682,-0.4263470519,0.0208506985,1,0,0,0
24.29059148,22.27050972,torque,figure8,2.478434324,0.2215044051,-1.751163721,2.491547974,0.2456453405,-2,0.09510093182,-1.270808339,-0.003543388098,0.09242948929,-1.331774484,0,0.25034825,0.06112743297,8.104452109,-0.04010334611,1.097358227,0.001732334378,-0.07093888891,-1.210829439,0.01014023263,0.6752568688,-0.003166238981,-0.3288459871,0.004216168504,1,0,0,0
24.30061388,22.28053212,torque,figure8,2.478434324,0.2215044051,-1.751163721,2.492448996,0.2322879494,-2,0.09510093182,-1.270808339,-0.003543388098,0.08737187916,-1.333714463,0,0.2494638041,0.06347814057,7.861188673,-0.04010334611,1.097358227,0.001732334378,-0.01715269877,-1.021147897,0.01636822995,0.6757740616,0.009198999054,-0.2792929715,0.02753882148,1,0,0,0
24.31058788,22.29050612,torque,figure8,2.479923487,0.1921404451,-1.751458883,2.493295336,0.2189762974,-2,0.08669762313,-1.310753703,-0.002082318999,0.08233692812,-1.335537345,0,0.2503430766,0.02525035836,8.311844371,-0.02589491755,-1.144737005,0.005274830852,-0.09714673706,-1.491885472,0.008464294989,0.6750016662,-0.01267208001,-0.07428586446,0.0008001767211,1,0,0,0
24.32062387,22.30054212,torque,figure8,2.479923487,0.1921404451,-1.751458883,2.494096239,0.2055641056,-2,0.08669762313,-1.310753703,-0.002082318999,0.0772690107,-1.337262933,0,0.2493065347,0.02821301242,8.071226847,-0.02589491755,-1.144737005,0.005274830852,-0.03597030232,-1.239870491,0.01465129859,0.6754873444,0.002229985811,-0.00468480804,0.01206011732,1,0,0,0
24.33060813,22.31052637,torque,figure8,2.481230497,0.1619913876,-1.751712322,2.494842537,0.1922044122,-2,0.07783860713,-1.342516303,0.001387908356,0.07222565506,-1.33887137,0,0.250489292,0.006834987683,5.537302442,0.03196306899,-3.093470812,0.01340201683,-0.1182229938,-1.248214133,0.01171218126,0.6797186392,-0.02528685932,0.22761792,0.0178759129,1,0,0,0
24.34063482,22.32055306,torque,figure8,2.481230497,0.1619913876,-1.751712322,2.495541323,0.1787723159,-2,0.07783860713,-1.342516303,0.001387908356,0.06715939529,-1.340377847,0,0.2492652608,0.01097929192,5.297482042,0.03196306899,-3.093470812,0.01340201683,-0.05250800817,-0.9743515576,0.01459399904,0.6800348145,-0.008998828993,0.303000019,0.004213669797,1,0,0,0
24.3506,22.33051825,torque,figure8,2.481979847,0.1416026056,-1.751826048,2.496185485,0.1654081968,-2,0.07090359926,-1.353099942,0.005385478027,0.06212286123,-1.341766934,0,0.249717474,0.0153147582,2.32441212,0.06347069144,-3.809998035,0.01658201776,-0.09463400221,-0.6725943216,0.01549625128,0.6833335565,-0.02280768625,0.4317640534,0.01511433445,1,0,0,0
24.3606298,22.34054804,torque,figure8,2.481979847,0.1416026056,-1.751826048,2.496783138,0.1519439963,-2,0.07090359926,-1.353099942,0.005385478027,0.0570524105,-1.343056048,0,0.248830047,0.0179370738,2.081020969,0.06347069144,-3.809998035,0.01658201776,-0.03444539889,-0.4453044025,0.0151962443,0.6834877217,-0.008597843038,0.4902606855,-0.01048120538,1,0,0,0
24.3705914,22.35050964,torque,figure8,2.482876062,0.1108402237,-1.751920462,2.497326383,0.138559075,-2,0.05761607736,-1.348703146,0.003088430502,0.05201528071,-1.344228076,0,0.2500412043,0.007805996312,2.914864603,0.06798230112,-3.485344648,0.02068563364,-0.1364510864,0.06426896475,0.02012295461,0.6823697895,-0.03197936118,0.4887013398,0.02710682036,1,0,0,0
24.38063645,22.3605547,torque,figure8,2.482876062,0.1108402237,-1.751920462,2.497823364,0.1250507563,-2,0.05761607736,-1.348703146,0.003088430502,0.04693489771,-1.345300513,0,0.2489353699,0.0116277218,3.115592119,0.06798230112,-3.485344648,0.02068563364,-0.06951222278,0.2607284637,0.01480331192,0.6822824406,-0.01570803469,0.5367082916,-0.01361963584,1,0,0,0
24.39058781,22.37050605,torque,figure8,2.483299971,0.09047077596,-1.752061367,2.498265383,0.1116583596,-2,0.04713320732,-1.333127379,-0.001589786611,0.04190095768,-1.346254527,0,0.2492918831,0.01422061438,5.631665974,0.05551150441,-2.359847546,0.01845217496,-0.1181856224,0.6320516121,0.01784269353,0.6787238568,-0.024465829,0.4256847224,0.004849998781,1,0,0,0
24.40064025,22.38055849,torque,figure8,2.483299971,0.09047077596,-1.752061367,2.498661028,0.0981208282,-2,0.04713320732,-1.333127379,-0.001589786611,0.0368150283,-1.347108595,0,0.2485317909,0.01744897178,5.842454472,0.05551150441,-2.359847546,0.01845217496,-0.05580788645,0.7687448031,0.0113139933,0.678526924,-0.009837456048,0.4542563288,-0.02841846474,1,0,0,0
24.41058922,22.39050746,torque,figure8,2.483656406,0.06035266817,-1.752345085,2.499002257,0.08471473238,-2,0.03086104803,-1.300477862,0.0013609624,0.03178070824,-1.347845305,0,0.2493230077,0.04739591321,7.267954543,0.060140986,-0.1283282936,0.01421804633,-0.163456108,0.996874366,0.01917767495,0.6771588358,-0.03438332122,0.1665037428,0.004576463169,1,0,0,0
24.42061806,22.4005363,torque,figure8,2.483656406,0.06035266817,-1.752345085,2.499295531,0.07119414147,-2,0.03086104803,-1.300477862,0.0013609624,0.02670532828,-1.348478561,0,0.2483849364,0.04819947396,7.475121588,0.060140986,-0.1283282936,0.01421804633,-0.09351026603,1.089639136,0.0112254705,0.6769125384,-0.01716108305,0.1819069421,-0.01925150966,1,0,0,0
24.43060637,22.41052461,torque,figure8,2.483700991,0.04070634767,-1.752466679,2.499537025,0.05772242714,-2,0.01996727474,-1.278186679,0.00592095172,0.02164991953,-1.349000066,0,0.2486223484,0.0710804106,6.741466126,0.06436245888,1.425020218,0.01016434375,-0.1462911369,1.038188073,0.01315460038,0.6790882511,-0.02909039478,-0.0442871557,-0.01352549868,1,0,0,0
24.4406426,22.42056084,torque,figure8,2.483700991,0.04070634767,-1.752466679,2.499728816,0.04418138148,-2,0.01996727474,-1.278186679,0.00592095172,0.01656981544,-1.349414275,0,0.2480760211,0.07155397116,6.942829975,0.06436245888,1.425020218,0.01016434375,-0.08101013116,1.102201362,0.007190963723,0.6788918554,-0.01352841518,-0.03668382633,-0.02022249358,1,0,0,0
24.45060706,22.4305253,torque,figure8,2.483481169,0.01179818157,-1.752523899,2.499868795,0.03073359228,-2,0.004230531864,-1.25395,0.01269734744,0.011525702,-1.349716604,0,0.2487398733,0.09687974322,3.557360636,0.04529502243,3.057597399,0.003395576263,-0.1964068636,0.6303899012,0.009659779037,0.6842058907,-0.03677430306,-0.3341782044,-0.02672122141,1,0,0,0
24.46066022,22.44057846,torque,figure8,2.483481169,0.01179818157,-1.752523899,2.499959083,0.01716360543,-2,0.004230531864,-1.25395,0.01269734744,0.00643645738,-1.34991162,0,0.2480821033,0.09682314469,3.732312097,0.04529502243,3.057597399,0.003395576263,-0.1224954311,0.694223065,0.006816024494,0.6841733399,-0.01844041653,-0.3248845114,-0.0110914265,1,0,0,0
24.47060013,22.45051837,torque,figure8,2.483117342,-0.007076002657,-1.752479792,2.499998052,0.003745098972,-2,-0.005543579813,-1.247975349,0.01555693988,0.001404413209,-1.349995792,0,0.2483310455,0.1034333783,1.162938307,0.0118630901,3.459995031,-0.001254863106,-0.176647887,0.2160277646,0.005757997752,0.6861671333,-0.02598229923,-0.4531316612,-0.01947544458,1,0,0,0
24.48063326,22.4605515,torque,figure8,2.483117342,-0.007076002657,-1.752479792,2.499986662,-0.009799553799,-2,-0.005543579813,-1.247975349,0.01555693988,-0.003674852281,-1.34997119,0,0.2481093413,0.1031923548,1.165219161,0.0118630901,3.459995031,-0.001254863106,-0.1073686329,0.2905531388,0.006028338014,0.6862737901,-0.00941392638,-0.4389619735,0.005932506213,1,0,0,0
24.49060154,22.47051978,torque,figure8,2.482328653,-0.03546208888,-1.752437115,2.499924878,-0.0232558708,-2,-0.01880352572,-1.257462859,0.009974110872,-0.008721213612,-1.34983774,0,0.2484874264,0.09345723322,4.100641491,-0.07344991714,2.598876715,-0.007178487722,-0.2112035646,-0.5365480222,0.002385130251,0.6830481821,-0.02260906267,-0.4518047369,-0.02229146503,1,0,0,0
24.50061893,22.48053718,torque,figure8,2.482328653,-0.03546208888,-1.752437115,2.499812115,-0.03677660034,-2,-0.01880352572,-1.257462859,0.009974110872,-0.01379226167,-1.349594184,0,0.2481829598,0.0928050461,3.876313674,-0.07344991714,2.598876715,-0.007178487722,-0.1333119146,-0.4091169594,0.006448498689,0.6833272176,-0.003316936032,-0.4192925265,0.01134223475,1,0,0,0
24.51059675,22.49051499,torque,figure8,2.481592417,-0.05434629321,-1.752503157,2.4996493,-0.05024094102,-2,-0.02650018223,-1.2733711,0.003093084786,-0.01884299618,-1.349242542,0,0.2481886227,0.07631956038,5.864960845,-0.1013673171,1.455139279,-0.007088948041,-0.1714371202,-0.8512563413,0.004747359109,0.6794250109,-0.009370255549,-0.3346103008,0.0005764928716,1,0,0,0
24.52059507,22.50051332,torque,figure8,2.481592417,-0.05434629321,-1.752503157,2.499435602,-0.06372888566,-2,-0.02650018223,-1.2733711,0.003093084786,-0.02390372861,-1.348781038,0,0.2483165314,0.0755179945,5.649902559,-0.1013673171,1.455139279,-0.007088948041,-0.09956853015,-0.7027585871,0.009655699253,0.6797656172,0.007767271572,-0.2954056245,0.02587339541,1,0,0,0
24.5305984,22.51051664,torque,figure8,2.480297565,-0.08317715675,-1.752761841,2.499171163,-0.07721842024,-2,-0.03671659529,-1.302764654,-0.003932155669,-0.028966511,-1.348210008,0,0.2480290841,0.04626884306,6.604292574,-0.1015822515,-0.6001749635,-0.002524300246,-0.1878763839,-1.178384474,0.005643605437,0.6765167808,-0.01496211004,-0.1085065739,0.007618563496,1,0,0,0
24.54061985,22.52053809,torque,figure8,2.480297565,-0.08317715675,-1.752761841,2.498855464,-0.09072611298,-2,-0.03671659529,-1.302764654,-0.003932155669,-0.03403787539,-1.347528369,0,0.2480485632,0.04501585907,6.393939607,-0.1015822515,-0.6001749635,-0.002524300246,-0.1088455325,-0.9729503613,0.01048080037,0.6768556423,0.004520050147,-0.05106042009,0.01807805777,1,0,0,0
24.55059695,22.53051519,torque,figure8,2.479302883,-0.1026557758,-1.752957582,2.498490681,-0.1041667031,-2,-0.04310944676,-1.319923401,-0.003365752986,-0.03908611102,-1.346740855,0,0.2477910623,0.02732565435,5.446117217,-0.08519742638,-1.850961685,0.002391451737,-0.1431319529,-1.009228703,0.010294188,0.678048504,-0.007156219636,0.103319221,0.01684339272,1,0,0,0
24.56063676,22.540555,torque,figure8,2.479302883,-0.1026557758,-1.752957582,2.498072766,-0.1176832841,-2,-0.04310944676,-1.319923401,-0.003365752986,-0.04416527828,-1.34583878,0,0.2482097713,0.0261543487,5.238441769,-0.08519742638,-1.850961685,0.002391451737,-0.07098091933,-0.8131216249,0.01315133672,0.678324821,0.009885545154,0.156273042,0.01218345494,1,0,0,0
24.57058454,22.55050278,torque,figure8,2.47765398,-0.1322180629,-1.753185511,2.497608392,-0.1310664926,-2,-0.05310375243,-1.33393836,0.002263204893,-0.04919699869,-1.344836598,0,0.2476224885,0.01179645745,2.201162317,-0.05249223113,-3.039272785,0.009773417376,-0.1603448604,-0.6536283635,0.01450351818,0.6819730851,-0.0175499,0.3116815714,0.02904331652,1,0,0,0
24.58063149,22.56054974,torque,figure8,2.47765398,-0.1322180629,-1.753185511,2.497088587,-0.1445724684,-2,-0.05310375243,-1.33393836,0.002263204893,-0.05427788578,-1.34371501,0,0.2478865213,0.01010364162,1.984794219,-0.05249223113,-3.039272785,0.009773417376,-0.08205754732,-0.4471083543,0.01333783051,0.682096481,0.0014568747,0.3673057986,0.00175334924,1,0,0,0
24.59060121,22.57051945,torque,figure8,2.476439714,-0.1520349085,-1.753252983,2.496522324,-0.1579629196,-2,-0.06062134355,-1.332990766,0.006027431227,-0.05931861122,-1.342493445,0,0.2476338888,0.01132819296,1.133960658,-0.02805513144,-3.138110399,0.01259384677,-0.1203669181,-0.1412823688,0.01552627707,0.6832888219,-0.0117960563,0.4134872403,0.01423552996,1,0,0,0
24.60061812,22.58053637,torque,figure8,2.476439714,-0.1520349085,-1.753252983,2.495902774,-0.1714039654,-2,-0.06062134355,-1.332990766,0.006027431227,-0.06438200206,-1.341157243,0,0.2482701379,0.01082422462,1.217232104,-0.02805513144,-3.138110399,0.01259384677,-0.049225131,0.02307897781,0.01196026019,0.6832996721,0.004726364711,0.4544896944,-0.01774398237,1,0,0,0
24.61058927,22.59050751,torque,figure8,2.474449158,-0.1816612035,-1.753343105,2.495235688,-0.1847697531,-2,-0.07378941774,-1.315338135,0.00430692872,-0.06942095464,-1.339718893,0,0.2475507355,0.02514069357,4.595736819,-0.003228709567,-2.204088211,0.0130299665,-0.1469497607,0.4291633832,0.0190612726,0.6807253409,-0.02231771017,0.3632165561,0.02338960259,1,0,0,0
24.62061882,22.60053706,torque,figure8,2.474449158,-0.1816612035,-1.753343105,2.494514016,-0.1981988267,-2,-0.07378941774,-1.315338135,0.00430692872,-0.07448801605,-1.338163276,0,0.2480236182,0.02323843221,4.756869874,-0.003228709567,-2.204088211,0.0130299665,-0.06946853796,0.5607914664,0.01166322688,0.6806024715,-0.00370751727,0.3935493585,-0.01512227503,1,0,0,0
24.63060069,22.61051893,torque,figure8,2.472967625,-0.2011716813,-1.753454685,2.493745323,-0.2115480218,-2,-0.08337548375,-1.295445442,0.001624849043,-0.07952948067,-1.336506798,0,0.2476367772,0.04127307644,6.107768622,0.02982050367,-1.021542311,0.009583274834,-0.1151515467,0.7828713637,0.01484263832,0.6783222096,-0.01901271566,0.2563610992,0.002609648467,1,0,0,0
24.64063597,22.62055421,torque,figure8,2.472967625,-0.2011716813,-1.753454685,2.492921798,-0.2249514265,-2,-0.08337548375,-1.295445442,0.001624849043,-0.08459630081,-1.334732727,0,0.2484919265,0.03933981817,6.270515903,0.02982050367,-1.021542311,0.009583274834,-0.04410204372,0.8703488636,0.007497384782,0.6781599937,-0.002570622166,0.2727796038,-0.02456957203,1,0,0,0
24.65059376,22.630512,torque,figure8,2.4713552,-0.2204032987,-1.753593206,2.49205438,-0.2382332035,-2,-0.093055062,-1.273294568,0.001317332615,-0.08962229318,-1.332864735,0,0.2479166584,0.05968353261,6.484739748,0.04629160836,0.2868842185,0.006614753045,-0.09817578594,0.9387853171,0.01101726567,0.6777177537,-0.01771616172,0.09691705564,-0.005996761074,1,0,0,0
24.66061401,22.64053226,torque,figure8,2.4713552,-0.2204032987,-1.753593206,2.491131011,-0.2515789809,-2,-0.093055062,-1.273294568,0.001317332615,-0.09467799709,-1.330876964,0,0.249157207,0.05762032283,6.643823983,0.04629160836,0.2868842185,0.006614753045,-0.03039904913,0.9963980117,0.004546617588,0.6775616497,-0.002248569382,0.104758327,-0.02111736938,1,0,0,0
24.67058969,22.65050793,torque,figure8,2.46867466,-0.2486290634,-1.753797054,2.490161437,-0.2648450549,-2,-0.1074105203,-1.243612885,0.004501434974,-0.09970929406,-1.328790521,0,0.247670205,0.08564345498,4.680219172,0.06606920063,2.133920193,-0.0007099479553,-0.1516771522,0.7506601728,0.01136013158,0.6805280726,-0.0328302969,-0.1900011462,-0.00431267029,1,0,0,0
24.68060756,22.6605258,torque,figure8,2.46867466,-0.2486290634,-1.753797054,2.489137263,-0.2781457632,-2,-0.1074105203,-1.243612885,0.004501434974,-0.1047598527,-1.326587463,0,0.2488088507,0.08313885652,4.824643879,0.06606920063,2.133920193,-0.0007099479553,-0.07405150963,0.7966878594,0.006536319637,0.6804547942,-0.01399044408,-0.184518969,-0.001104647157,1,0,0,0
24.69059873,22.67051697,torque,figure8,2.466722727,-0.2671390772,-1.753858328,2.488065435,-0.2913884992,-2,-0.1162255406,-1.231001735,0.009174202569,-0.1097948286,-1.324282871,0,0.2482524288,0.093951532,2.369137424,0.06874617934,3.025471926,-0.006655235309,-0.1329719136,0.4341083629,0.008124672191,0.6834178499,-0.02758844889,-0.362897225,-0.0003098168553,1,0,0,0
24.70061207,22.68053031,torque,figure8,2.466722727,-0.2671390772,-1.753858328,2.486940766,-0.3046369842,-2,-0.1162255406,-1.231001735,0.009174202569,-0.1148387515,-1.32186573,0,0.2498010907,0.09133649269,2.479160631,0.06874617934,3.025471926,-0.006655235309,-0.06016026479,0.4831867644,0.006309007591,0.6834390416,-0.0104958763,-0.3550940463,0.01660323064,1,0,0,0
24.71059608,22.69051433,torque,figure8,2.463561773,-0.2944823503,-1.75379467,2.485769119,-0.3178220374,-2,-0.1282509714,-1.227987289,0.01513810083,-0.1198655812,-1.319348784,0,0.2483041918,0.09298601796,2.867630574,0.06892500073,3.427875042,-0.009031410329,-0.1889159921,-0.3144857266,0.005568398679,0.6846324908,-0.03950836193,-0.532443612,-0.01555278063,1,0,0,0
24.72062612,22.70054436,torque,figure8,2.463561773,-0.2944823503,-1.75379467,2.484541547,-0.331042018,-2,-0.1282509714,-1.227987289,0.01513810083,-0.1249131423,-1.316712975,0,0.2497875591,0.09006969757,2.675899787,0.06892500073,3.427875042,-0.009031410329,-0.1067833878,-0.2285522617,0.008338071604,0.6848135032,-0.01945877345,-0.5114929221,0.02066968058,1,0,0,0
24.73058128,22.71049953,torque,figure8,2.46015048,-0.3218388557,-1.75369978,2.483273089,-0.3441366541,-2,-0.1387877762,-1.246276975,0.01401259564,-0.1299205128,-1.313990742,0,0.2483860815,0.06971467202,7.190447332,0.05368863046,2.423899651,-0.007269023918,-0.2321978832,-1.096530949,0.002577642681,0.6797974803,-0.04498628343,-0.5126451133,-0.02073517346,1,0,0,0
24.74060035,22.72051859,torque,figure8,2.46015048,-0.3218388557,-1.75369978,2.481946173,-0.3572874423,-2,-0.1387877762,-1.246276975,0.01401259564,-0.1349573898,-1.31114454,0,0.2497908187,0.0664742482,7.018416756,0.05368863046,2.423899651,-0.007269023918,-0.1436546569,-0.9523772374,0.009249101929,0.680103481,-0.02300240988,-0.472266348,0.01999120481,1,0,0,0
24.75058866,22.7305069,torque,figure8,2.457765102,-0.3403893411,-1.753635406,2.48057311,-0.3703689451,-2,-0.1449478865,-1.267088056,0.01573006064,-0.1399760743,-1.308200957,0,0.249227797,0.04429925946,8.903651214,0.04655843228,1.123565793,-0.001743830042,-0.2015106329,-1.389526828,0.007522178485,0.6774137846,-0.03455550617,-0.3650558955,0.006339648322,1,0,0,0
24.76060748,22.74052572,torque,figure8,2.457765102,-0.3403893411,-1.753635406,2.479145509,-0.3834603483,-2,-0.1449478865,-1.267088056,0.01573006064,-0.1450072516,-1.30514218,0,0.2510134386,0.04117711419,8.739048108,0.04655843228,1.123565793,-0.001743830042,-0.1205950758,-1.227151819,0.01420359013,0.6777565008,-0.0152536699,-0.3195475746,0.03265419177,1,0,0,0
24.77058744,22.75050569,torque,figure8,2.45399785,-0.3687476218,-1.753465414,2.477673346,-0.3964699764,-2,-0.1538340896,-1.302060962,0.02029052749,-0.1500159831,-1.30198977,0,0.2492154893,0.02064675547,9.196816468,0.0446575731,-1.158945441,0.005746975541,-0.2517205363,-1.654453438,0.01090696826,0.6781730322,-0.04478511573,-0.09635848599,0.02254089739,1,0,0,0
24.78060484,22.76052308,torque,figure8,2.45399785,-0.3687476218,-1.753465414,2.476145408,-0.4094962327,-2,-0.1538340896,-1.302060962,0.02029052749,-0.155040458,-1.298719907,0,0.2508590554,0.02059911352,9.03557389,0.0446575731,-1.158945441,0.005746975541,-0.1621139796,-1.436804475,0.01603290663,0.6784942895,-0.02255899914,-0.03344435273,0.0243470919,1,0,0,0
24.79057813,22.77049637,torque,figure8,2.451368332,-0.3880877197,-1.753304005,2.474574213,-0.4224320699,-2,-0.1602587998,-1.3218925,0.02279314771,-0.1600396801,-1.295359575,0,0.2501538755,0.03497958978,7.593931538,0.04653042182,-2.546789885,0.01269853581,-0.2239012847,-1.408720691,0.01768202953,0.6817973882,-0.03675652014,0.1486277481,0.03111366438,1,0,0,0
24.80060053,22.78051877,torque,figure8,2.451368332,-0.3880877197,-1.753304005,2.472945069,-0.4353973228,-2,-0.1602587998,-1.3218925,0.02279314771,-0.1650602738,-1.291877559,0,0.2521163784,0.03799313602,7.433652914,0.04653042182,-2.546789885,0.01269853581,-0.1409603597,-1.205813412,0.01955791317,0.6820544675,-0.01694775536,0.2050120423,0.01266529197,1,0,0,0
24.81058979,22.79050803,torque,figure8,2.447188854,-0.4175556302,-1.752940893,2.471271259,-0.4482844563,-2,-0.171590358,-1.336962104,0.02723752335,-0.1700609256,-1.288302467,0,0.2501248194,0.05578514196,3.559143887,0.01988732629,-3.79749608,0.02103868686,-0.2762014183,-0.9144493492,0.02614492916,0.6879346273,-0.04451857569,0.3865096327,0.05619015054,1,0,0,0
24.82059813,22.80051637,torque,figure8,2.447188854,-0.4175556302,-1.752940893,2.469544175,-0.4611598591,-2,-0.171590358,-1.336962104,0.02723752335,-0.1750676794,-1.284616123,0,0.2518715772,0.05911071103,3.38270332,0.01988732629,-3.79749608,0.02103868686,-0.1836658976,-0.7080430604,0.02163809035,0.6880529946,-0.02170240269,0.4431868188,0.005346667079,1,0,0,0
24.83058929,22.81050754,torque,figure8,2.444240808,-0.437399298,-1.752636433,2.46777009,-0.473975859,-2,-0.1807177961,-1.333980799,0.02787237987,-0.1800623039,-1.280832142,0,0.2511577321,0.06001732169,1.579518175,-0.02050895058,-3.773439169,0.02798035368,-0.2425588254,-0.3040275069,0.02667573807,0.6893084564,-0.03000189523,0.486339012,0.02518876945,1,0,0,0
24.84061456,22.8205328,torque,figure8,2.444240808,-0.437399298,-1.752636433,2.465939812,-0.4867970707,-2,-0.1807177961,-1.333980799,0.02787237987,-0.1850703134,-1.276931155,0,0.2531792273,0.06364334816,1.482211061,-0.02050895058,-3.773439169,0.02798035368,-0.156958937,-0.1474328461,0.01909831602,0.6893306739,-0.00975514354,0.5257589415,-0.02838776615,1,0,0,0
24.8505919,22.83051014,torque,figure8,2.441130638,-0.4571979344,-1.752315044,2.464068454,-0.4995176507,-2,-0.1912003905,-1.320267797,0.02359004505,-0.1900506444,-1.272945605,0,0.2523191214,0.05288858013,3.621638034,-0.09444045275,-2.965004444,0.03076742589,-0.2155820998,0.2447587035,0.02393536673,0.6871839395,-0.01449498568,0.4587431524,-0.0007803527497,1,0,0,0
24.86059856,22.84051681,torque,figure8,2.441130638,-0.4571979344,-1.752315044,2.462141705,-0.512235163,-2,-0.1912003905,-1.320267797,0.02359004505,-0.1950417656,-1.268845247,0,0.2545945771,0.05670559897,3.687184188,-0.09444045275,-2.965004444,0.03076742589,-0.133407012,0.3544786485,0.01449140098,0.6871301645,0.004627091661,0.4830231717,-0.04915488689,1,0,0,0
24.87059975,22.85051799,torque,figure8,2.436143637,-0.4865177572,-1.751919985,2.460166128,-0.5249041943,-2,-0.2073638439,-1.286457658,0.02348442376,-0.2000262,-1.264644308,0,0.2521790883,0.03288132318,6.029789886,-0.1329943985,-0.9763013124,0.02447243221,-0.2457957406,0.716765896,0.02750267758,0.6847271723,-0.01872120155,0.2472688104,0.01463595449,1,0,0,0
24.88061118,22.86052942,torque,figure8,2.436143637,-0.4865177572,-1.751919985,2.45813862,-0.5375436196,-2,-0.2073638439,-1.286457658,0.02348442376,-0.2050116862,-1.260336445,0,0.2542264971,0.0352046669,6.118771191,-0.1329943985,-0.9763013124,0.02447243221,-0.1529203691,0.7836418221,0.01520080076,0.6846161014,0.004084541737,0.258443787,-0.02821177583,1,0,0,0
24.89059067,22.87050891,torque,figure8,2.430799246,-0.5151102543,-1.751302481,2.456067929,-0.5500992798,-2,-0.2221668363,-1.249428511,0.03776100278,-0.2099771219,-1.255940498,0,0.2524147269,0.04021055138,5.589144734,-0.07365395129,1.302606702,0.009635816328,-0.2572034519,0.7817396751,0.02508467431,0.6889497111,-0.03019254675,-0.06067811504,0.002216855762,1,0,0,0
24.90060902,22.88052726,torque,figure8,2.430799246,-0.5151102543,-1.751302481,2.453939353,-0.5626591985,-2,-0.2221668363,-1.249428511,0.03776100278,-0.2149576345,-1.251425526,0,0.2542573947,0.03849485668,5.671479164,-0.07365395129,1.302606702,0.009635816328,-0.1595104226,0.8159478644,0.01425017709,0.6888614947,-0.00577317814,-0.05875993736,-0.01470000101,1,0,0,0
24.91059828,22.89051652,torque,figure8,2.427050114,-0.5337562561,-1.750681639,2.451767299,-0.5751371084,-2,-0.2314867377,-1.228300452,0.04466500878,-0.2199193371,-1.246822368,0,0.2539349513,0.04971749334,3.774061132,-0.02711205371,2.582244873,0.001744801179,-0.2067345712,0.5846044672,0.01563584385,0.6926536744,-0.02380903438,-0.2699789866,-0.01246988189,1,0,0,0
24.92061949,22.90053773,torque,figure8,2.427050114,-0.5337562561,-1.750681639,2.449538519,-0.5876082157,-2,-0.2314867377,-1.228300452,0.04466500878,-0.2248924431,-1.24210323,0,0.2560574295,0.04721190954,3.836527537,-0.02711205371,2.582244873,0.001744801179,-0.1189393813,0.6082605852,0.009060204177,0.6926210807,-0.002874912809,-0.2698488356,-0.006317524982,1,0,0,0
24.93059897,22.91051722,torque,figure8,2.421140432,-0.5611418486,-1.749588966,2.447269516,-0.599979901,-2,-0.2443873733,-1.210853457,0.04562501982,-0.2298402989,-1.237303332,0,0.2547485213,0.05470699848,1.632682992,-0.003727508709,3.354480505,-0.004915215075,-0.2451996648,-0.04668469134,0.01071925244,0.6944904657,-0.03608400485,-0.4714055337,-0.02467657158,1,0,0,0
24.94061613,22.92053437,torque,figure8,2.421140432,-0.5611418486,-1.749588966,2.444942314,-0.6123496118,-2,-0.2443873733,-1.210853457,0.04562501982,-0.2348021701,-1.232384941,0,0.2566991436,0.05135292904,1.463301806,-0.003727508709,3.354480505,-0.004915215075,-0.1496587416,-0.00465537743,0.009446868156,0.6945629487,-0.01269426612,-0.4637320471,0.005717510304,1,0,0,0
24.95059967,22.93051791,torque,figure8,2.417042255,-0.5792745948,-1.748893738,2.442573491,-0.6246282917,-2,-0.2520274222,-1.211113453,0.04127500951,-0.2397426426,-1.227383393,0,0.2564432818,0.04603534688,4.073670838,-0.01670419425,2.918896914,-0.007139357273,-0.2052420913,-0.5056125638,0.008902376036,0.6922197399,-0.02424020136,-0.4792449614,-0.003349648661,1,0,0,0
24.96063375,22.940552,torque,figure8,2.417042255,-0.5792745948,-1.748893738,2.440143002,-0.6369183227,-2,-0.2520274222,-1.211113453,0.04127500951,-0.2447032519,-1.22225668,0,0.2586712175,0.04337558507,3.936763454,-0.01670419425,2.918896914,-0.007139357273,-0.117644089,-0.441160115,0.0106592664,0.6923524781,-0.003700715709,-0.4633903965,0.02766287646,1,0,0,0
24.97055078,22.95046902,torque,figure8,2.414937496,-0.5882389545,-1.748556376,2.437691985,-0.649013938,-2,-0.2555652261,-1.214394927,0.0387446247,-0.2496010861,-1.217091835,0,0.2596830022,0.03929364101,5.170175189,-0.01770736091,2.527563334,-0.006284121424,-0.1144291937,-0.6564176498,0.01200557338,0.6906931169,-0.004106532863,-0.4410086996,0.03090696314,1,0,0,0
24.98062181,22.96054006,torque,figure8,2.410656452,-0.6063202024,-1.747955322,2.435153217,-0.6612444901,-2,-0.2620875537,-1.226106405,0.03269591555,-0.2545698994,-1.211747555,0,0.2591202201,0.0364926651,7.108919627,-0.02766986564,1.350073934,-0.004818143789,-0.1754136941,-1.071976495,0.01154889972,0.6869999177,-0.01779652262,-0.3455794111,0.01606209016,1,0,0,0
24.99060488,22.97052312,torque,figure8,2.406283617,-0.6245272756,-1.74740696,2.432587266,-0.6733145896,-2,-0.2679809034,-1.240956664,0.03128778562,-0.2594901472,-1.206351709,0,0.2586026451,0.04741857652,7.875220363,-0.01054942049,-0.05804727972,0.0026039558,-0.2253122915,-1.322567984,0.01148186909,0.6858278309,-0.0313692861,-0.193044661,0.01269504332,1,0,0,0
25.00063562,22.98055387,torque,figure8,2.406283617,-0.6245272756,-1.74740696,2.429959614,-0.6853875964,-2,-0.2679809034,-1.240956664,0.03128778562,-0.2644286218,-1.200832008,0,0.2608980175,0.05100521759,7.764082043,-0.01054942049,-0.05804727972,0.0026039558,-0.1316739356,-1.178019094,0.01520735605,0.6860118073,-0.008724139793,-0.1508678594,0.02212402374,1,0,0,0
25.01060176,22.99052,torque,figure8,2.39956522,-0.6521656513,-1.746563673,2.427299854,-0.6973275195,-2,-0.2768732905,-1.260805011,0.03177530691,-0.2693299505,-1.195250939,0,0.2589184739,0.0732387084,6.574405027,0.01232446544,-2.116364956,0.009968200698,-0.2624921157,-1.291979653,0.01754698349,0.6885907482,-0.04244159886,0.0925558433,0.03999922754,1,0,0,0
25.02062845,23.00054669,torque,figure8,2.39956522,-0.6521656513,-1.746563673,2.424574667,-0.709283379,-2,-0.2768732905,-1.260805011,0.03177530691,-0.274255595,-1.18953892,0,0.2609940211,0.07807290309,6.46239085,0.01232446544,-2.116364956,0.009968200698,-0.1618037104,-1.117178432,0.01765606687,0.6887343609,-0.01754711868,0.1437394125,0.01701798837,1,0,0,0
25.03060317,23.01052141,torque,figure8,2.39500165,-0.6708265543,-1.745990038,2.421814629,-0.7211199543,-2,-0.2835207582,-1.26696372,0.03214059025,-0.2791501666,-1.183760394,0,0.2603256091,0.08930236949,4.29271235,0.0006147120148,-3.074313879,0.0186500214,-0.219066493,-0.9136765118,0.02132314168,0.6917083871,-0.02942908643,0.2954113858,0.02890036122,1,0,0,0
25.04062247,23.02054071,torque,figure8,2.39500165,-0.6708265543,-1.745990038,2.418993133,-0.7329509288,-2,-0.2835207582,-1.26696372,0.03214059025,-0.2840609535,-1.177859999,0,0.2625949162,0.09472477206,4.173178472,0.0006147120148,-3.074313879,0.0186500214,-0.127609607,-0.7645863054,0.01802093945,0.6918047547,-0.007831246791,0.3368224417,-0.009328926899,1,0,0,0
25.0505929,23.03051114,torque,figure8,2.387973785,-0.6988369226,-1.745143175,2.416136586,-0.7446650289,-2,-0.2951335311,-1.259176135,0.03160532191,-0.2889420526,-1.171893312,0,0.2604714184,0.09303505737,1.439209752,-0.05197694898,-3.240256548,0.02420692891,-0.2538989139,-0.3244542187,0.02809244409,0.693760951,-0.03101007099,0.4006189051,0.04451326167,1,0,0,0
25.06062245,23.0405407,torque,figure8,2.387973785,-0.6988369226,-1.745143175,2.413214027,-0.7563880997,-2,-0.2951335311,-1.259176135,0.03160532191,-0.2938462297,-1.165796039,0,0.2624903979,0.09859206793,1.312859191,-0.05197694898,-3.240256548,0.02420692891,-0.1543698329,-0.1954017683,0.01855414409,0.693784466,-0.006862435361,0.4349255512,-0.01541351099,1,0,0,0
25.07059789,23.05051613,torque,figure8,2.38316226,-0.7173731327,-1.744631767,2.41025848,-0.767986781,-2,-0.3040672243,-1.242406726,0.02806739509,-0.298718006,-1.159637446,0,0.2617420119,0.08756224343,3.153892774,-0.07632653415,-2.649862051,0.02206186391,-0.2035265109,0.1740869074,0.02386095558,0.6921776672,-0.01598410911,0.4001723596,0.01269544298,1,0,0,0
25.08061767,23.06053591,torque,figure8,2.38316226,-0.7173731327,-1.744631767,2.407240901,-0.7795747082,-2,-0.3040672243,-1.242406726,0.02806739509,-0.3036053802,-1.153357383,0,0.263935127,0.09336903926,3.161601471,-0.07632653415,-2.649862051,0.02206186391,-0.1128233107,0.2569899024,0.01286261316,0.6921655017,0.005150756564,0.4192341778,-0.04035178555,1,0,0,0
25.09059453,23.07051277,torque,figure8,2.375697374,-0.7446383834,-1.744014263,2.404187621,-0.7910500166,-2,-0.3183113635,-1.204097152,0.02034781314,-0.3084656888,-1.147011027,0,0.2617144079,0.06139866826,5.443273221,-0.06948406249,-0.9767610431,0.01648863219,-0.2299927555,0.6405314778,0.0269266806,0.6881790581,-0.02480080093,0.236421792,0.02276859571,1,0,0,0
25.10061026,23.0805285,torque,figure8,2.375697374,-0.7446383834,-1.744014263,2.401073705,-0.8025058711,-2,-0.3183113635,-1.204097152,0.02034781314,-0.3133386754,-1.140546932,0,0.2636689245,0.06691331348,5.474071167,-0.06948406249,-0.9767610431,0.01648863219,-0.1313713356,0.6777980235,0.01308671687,0.688141566,-0.0008888958549,0.2411895023,-0.02528992598,1,0,0,0
25.11059856,23.09051681,torque,figure8,2.370551109,-0.7623385191,-1.743703842,2.397919738,-0.8138654263,-2,-0.3278001845,-1.175324798,0.01923011243,-0.3181919833,-1.134008238,0,0.2628531615,0.04657437939,5.653927421,-0.04837859794,0.3617955744,0.007001399994,-0.1807720169,0.7770387277,0.01831667161,0.6876016859,-0.01638246104,0.06972762623,0.0008195525532,1,0,0,0
25.12060118,23.10051942,torque,figure8,2.370551109,-0.7623385191,-1.743703842,2.394712706,-0.8251753402,-2,-0.3278001845,-1.175324798,0.01923011243,-0.3230457998,-1.127368344,0,0.2649905081,0.05188663458,5.683554149,-0.04837859794,0.3617955744,0.007001399994,-0.09077332555,0.7845767664,0.006657407835,0.6875728966,0.004694225012,0.06605775216,-0.02639853461,1,0,0,0
25.13059235,23.11051059,torque,figure8,2.362580061,-0.7880964279,-1.743272066,2.391460908,-0.8364055557,-2,-0.3410056531,-1.136778712,0.02132895216,-0.3278875292,-1.120644839,0,0.2628252408,0.02978777014,3.859226101,-0.004341693595,2.038838625,-0.00141355407,-0.2165501519,0.6101790117,0.0178242246,0.6899026448,-0.03184551353,-0.1871728257,-0.0003651048944,1,0,0,0
25.14060593,23.12052417,torque,figure8,2.362580061,-0.7880964279,-1.743272066,2.388153312,-0.8475931046,-2,-0.3410056531,-1.136778712,0.02132895216,-0.3327334688,-1.113815336,0,0.264769858,0.03241403843,3.866731094,-0.004341693595,2.038838625,-0.00141355407,-0.1182745384,0.5995242357,0.008665301595,0.6899077932,-0.007919087277,-0.1953157768,-0.004684708157,1,0,0,0
25.1505971,23.13051534,torque,figure8,2.357107639,-0.8048560023,-1.742953062,2.384804789,-0.8586870052,-2,-0.3490023017,-1.118290663,0.02498722076,-0.3375618294,-1.106910958,0,0.2640796041,0.0297446348,1.888589988,0.0003666054399,2.621548891,-0.008356780745,-0.1752701881,0.3068503722,0.01204186885,0.6920969392,-0.02244277156,-0.317513725,0.003075002794,1,0,0,0
25.16060972,23.14052796,torque,figure8,2.357107639,-0.8048560023,-1.742953062,2.381400713,-0.8697350769,-2,-0.3490023017,-1.118290663,0.02498722076,-0.3423937139,-1.099901962,0,0.2662190377,0.03172032396,1.839578569,0.0003666054399,2.621548891,-0.008356780745,-0.08513848054,0.3022959596,0.006661045796,0.6921336496,-0.001354134349,-0.322153986,0.0129730477,1,0,0,0
25.17059302,23.15051126,torque,figure8,2.348670006,-0.8293353915,-1.742470741,2.377958474,-0.8806804752,-2,-0.3596923351,-1.104266882,0.02686468326,-0.3472045263,-1.092824569,0,0.2642261362,0.03175819723,2.703956365,0.003668279853,2.599698782,-0.01082311198,-0.2185890627,-0.2819202287,0.01148437124,0.6924091141,-0.03360075948,-0.4030179131,-0.0004485112287,1,0,0,0
25.180619,23.16053724,torque,figure8,2.348670006,-0.8293353915,-1.742470741,2.374453219,-0.8916011088,-2,-0.3596923351,-1.104266882,0.02686468326,-0.3520288515,-1.085628134,0,0.2662012635,0.03358337566,2.59809322,0.003668279853,2.599698782,-0.01082311198,-0.1193761432,-0.2598050079,0.01022145551,0.6924859183,-0.009552434649,-0.3978132249,0.02267600247,1,0,0,0
25.19060421,23.17052245,torque,figure8,2.342900991,-0.8454601169,-1.742186546,2.370914179,-0.9024051833,-2,-0.3660775125,-1.104118109,0.02330398187,-0.3568264372,-1.078373107,0,0.2655094276,0.03593693229,4.702841938,0.008542010561,1.919944406,-0.008623033762,-0.1795273569,-0.6468350513,0.01170038904,0.6901966496,-0.02451305387,-0.3625567734,0.01396695941,1,0,0,0
25.2006588,23.18057704,torque,figure8,2.342900991,-0.8454601169,-1.742186546,2.36730218,-0.9132106857,-2,-0.3660775125,-1.104118109,0.02330398187,-0.3616500779,-1.070979672,0,0.2676814048,0.04075332816,4.62839679,0.008542010561,1.919944406,-0.008623033762,-0.08807379289,-0.6020134364,0.01241418514,0.6902908356,-0.003213376678,-0.3495476986,0.03335539541,1,0,0,0
25.21059823,23.19051647,torque,figure8,2.334053755,-0.8696188927,-1.741976976,2.363683916,-0.9238189354,-2,-0.374840945,-1.112886071,0.01394826546,-0.3664111966,-1.063584715,0,0.2653139118,0.05192531672,6.349869233,0.01674545743,0.2410428524,-0.0007310366491,-0.2276801645,-1.04364262,0.01403906805,0.6863389425,-0.03720488765,-0.1942393992,0.01727375799,1,0,0,0
25.22062755,23.20054579,torque,figure8,2.334053755,-0.8696188927,-1.741976976,2.359985002,-0.9344481836,-2,-0.374840945,-1.112886071,0.01394826546,-0.3712079405,-1.056036619,0,0.2673034741,0.05864821481,6.287335493,0.01674545743,0.2410428524,-0.0007310366491,-0.1262805649,-0.9533253349,0.01525564384,0.6864404555,-0.01253637011,-0.1662555702,0.02253504978,1,0,0,0
25.23059988,23.21051812,torque,figure8,2.328037024,-0.8856400847,-1.741970539,2.356259442,-0.9449415562,-2,-0.3804620206,-1.119781017,0.01084139105,-0.3759699348,-1.048446097,0,0.2662562152,0.07229374393,6.073205259,0.03202555329,-0.987559855,0.006864895578,-0.1896902025,-1.040151727,0.01715222062,0.6862060559,-0.02948833276,-0.01573545618,0.02161926283,1,0,0,0
25.24062157,23.22053981,torque,figure8,2.328037024,-0.8856400847,-1.741970539,2.352467641,-0.9554101758,-2,-0.3804620206,-1.119781017,0.01084139105,-0.3807478684,-1.04073293,0,0.2684099912,0.07978858091,6.014955466,0.03202555329,-0.987559855,0.006864895578,-0.09630057003,-0.945205834,0.01693513749,0.686302267,-0.007594335751,0.01292931492,0.01087646752,1,0,0,0
25.25059319,23.23051143,torque,figure8,2.318857431,-0.9098575115,-1.742017746,2.348647298,-0.9657493539,-2,-0.3895018101,-1.123481989,0.01107973885,-0.385494246,-1.032974264,0,0.2656429513,0.09127140538,3.865626239,0.05489671603,-2.47488451,0.0176552441,-0.2439752105,-0.8173613029,0.02302601519,0.688929957,-0.04503933312,0.2182773792,0.03980009307,1,0,0,0
25.26061583,23.24053407,torque,figure8,2.318857431,-0.9098575115,-1.742017746,2.344759753,-0.976063053,-2,-0.3895018101,-1.123481989,0.01107973885,-0.3902570875,-1.025092065,0,0.2675984817,0.09901468639,3.789665295,0.05489671603,-2.47488451,0.0176552441,-0.1408229638,-0.7096824477,0.01807870766,0.6890132741,-0.01995722504,0.2504896042,-0.001827034777,1,0,0,0
25.27060342,23.25052166,torque,figure8,2.312612057,-0.925922811,-1.742043495,2.340838356,-0.9862616849,-2,-0.3965411782,-1.117615342,0.01400820259,-0.3949953774,-1.017154457,0,0.2664189596,0.1014446087,1.818947067,0.04771537334,-2.960676432,0.02115209587,-0.2099381507,-0.418759947,0.0227807396,0.6910468687,-0.03475953844,0.35323697,0.02080269687,1,0,0,0
25.28063059,23.26054883,torque,figure8,2.312612057,-0.925922811,-1.742043495,2.336853853,-0.9964205667,-2,-0.3965411782,-1.117615342,0.01400820259,-0.399744417,-1.009102722,0,0.2685128612,0.1094599432,1.687998659,0.04771537334,-2.960676432,0.02115209587,-0.1148924631,-0.3381367394,0.01502914509,0.6911234087,-0.01255857504,0.375788677,-0.02927165122,1,0,0,0
25.29059768,23.27051592,torque,figure8,2.303025723,-0.9497764111,-1.742017269,2.332846073,-1.006438159,-2,-0.4090644121,-1.09280014,0.01427444536,-0.4044569354,-1.001017786,0,0.2658098877,0.09299994154,3.228415062,0.02631746791,-2.64817214,0.02066266909,-0.2660943255,0.1799449318,0.02979995141,0.6903587677,-0.04442016243,0.396064472,0.04679149885,1,0,0,0
25.30064583,23.28056407,torque,figure8,2.303025723,-0.9497764111,-1.742017269,2.328758195,-1.016455245,-2,-0.4090644121,-1.09280014,0.01427444536,-0.4091995445,-0.9927855633,0,0.2677000495,0.1010281826,3.166224357,0.02631746791,-2.64817214,0.02066266909,-0.1608889502,0.2278116064,0.01604051522,0.6904309584,-0.01891739425,0.4077361155,-0.02118344111,1,0,0,0
25.31060624,23.29052448,torque,figure8,2.296473026,-0.9652993083,-1.742055893,2.32465902,-1.026302826,-2,-0.4186938405,-1.06617415,0.009975085035,-0.4138924855,-0.9845450889,0,0.2665540129,0.08237632465,5.054630087,0.00859876629,-1.754622459,0.0143198017,-0.2279825561,0.563007519,0.02315841541,0.6875251561,-0.03189749446,0.3310197287,0.01584592133,1,0,0,0
25.32065654,23.30057478,torque,figure8,2.296473026,-0.9652993083,-1.742055893,2.320475517,-1.036155678,-2,-0.4186938405,-1.06617415,0.009975085035,-0.4186193479,-0.9761500621,0,0.268573839,0.0905750749,5.015539254,0.00859876629,-1.754622459,0.0143198017,-0.1308387905,0.5729467303,0.009043778325,0.6876036111,-0.009128683658,0.3307066773,-0.03925688381,1,0,0,0
25.33062577,23.31054401,torque,figure8,2.286348343,-0.9877294302,-1.742251873,2.316278866,-1.04584531,-2,-0.4339731932,-1.018472195,0.004059522413,-0.423299626,-0.9677438435,0,0.2659086095,0.051997792,6.179449734,0.005450132303,0.07089331746,0.00638477644,-0.2820031118,0.8695317547,0.02652115338,0.6842888736,-0.04398049566,0.1254221606,0.02570234436,1,0,0,0
25.34064937,23.32056761,torque,figure8,2.286348343,-0.9877294302,-1.742251873,2.312012334,-1.055502893,-2,-0.4339731932,-1.018472195,0.004059522413,-0.4279968352,-0.9592132459,0,0.2677423755,0.05969773516,6.140628667,0.005450132303,0.07089331746,0.00638477644,-0.1739493363,0.8345633668,0.01093515363,0.6843779747,-0.0173905744,0.1113117549,-0.01721385836,1,0,0,0
25.35061765,23.33053589,torque,figure8,2.279398918,-1.002094507,-1.74243021,2.307722695,-1.065021995,-2,-0.4439844489,-0.9871656299,0.003714219201,-0.4326594882,-0.9506523036,0,0.2666538986,0.03840928479,5.507815409,0.001575800939,1.32844007,-0.004355494399,-0.2420482896,0.8294824341,0.01701040674,0.6847673518,-0.03285113414,-0.06013401315,0.006310318309,1,0,0,0
25.36063337,23.34055161,torque,figure8,2.279398918,-1.002094507,-1.74243021,2.303365871,-1.07450007,-2,-0.4439844489,-0.9871656299,0.003714219201,-0.4373355653,-0.9419735537,0,0.2686246024,0.04582932279,5.459739998,0.001575800939,1.32844007,-0.004355494399,-0.1421591223,0.780617224,0.004762397211,0.6848676489,-0.009051908113,-0.07726437112,-0.0127761244,1,0,0,0
25.37061262,23.35053086,torque,figure8,2.268694401,-1.022637606,-1.74269557,2.298978381,-1.083856795,-2,-0.4576818943,-0.9494081736,0.007464771625,-0.4419857766,-0.9332502897,0,0.2662150978,0.02373116384,2.88792611,-0.01249188185,2.680799961,-0.01276158448,-0.2925941489,0.4922427841,0.01598971375,0.6877214313,-0.04290328504,-0.2951157229,-0.0003283230616,1,0,0,0
25.38063383,23.36055207,torque,figure8,2.268694401,-1.022637606,-1.74269557,2.294525788,-1.093164883,-2,-0.4576818943,-0.9494081736,0.007464771625,-0.4466465719,-0.9244145916,0,0.2680427709,0.02832278758,2.789310922,-0.01249188185,2.680799961,-0.01276158448,-0.1819626937,0.4354141624,0.007758951367,0.6878265998,-0.01555916777,-0.3134605211,0.007549066243,1,0,0,0
25.39061332,23.37053156,torque,figure8,2.261392355,-1.035838962,-1.742806196,2.290045363,-1.10234585,-2,-0.4658157229,-0.9333856702,0.01044127904,-0.4512789359,-0.9155409537,0,0.2671943371,0.02527394692,1.662535374,-0.03633131832,2.95904994,-0.01683154516,-0.2463824614,0.07764450302,0.01073482342,0.6890282549,-0.02785520178,-0.4004246209,0.006514187275,1,0,0,0
25.40064812,23.38056636,torque,figure8,2.261392355,-1.035838962,-1.742806196,2.285493536,-1.111488039,-2,-0.4658157229,-0.9333856702,0.01044127904,-0.4559277986,-0.9065436639,0,0.2691696539,0.03045134901,1.508852102,-0.03633131832,2.95904994,-0.01683154516,-0.1446575456,0.03983157635,0.00674118869,0.6891318914,-0.003742315493,-0.411261806,0.02636599718,1,0,0,0
25.41060615,23.39052439,torque,figure8,2.250217915,-1.055225372,-1.742976189,2.280930462,-1.120470668,-2,-0.4765663445,-0.9245753288,0.006175111979,-0.4605319052,-0.8975421105,0,0.2669484011,0.03203170531,4.380902126,-0.07516760379,2.190094471,-0.01320529729,-0.2873702448,-0.5341748995,0.01055087778,0.6863267738,-0.03323533126,-0.3850684296,0.001111947864,1,0,0,0
25.4206357,23.40055394,torque,figure8,2.250217915,-1.055225372,-1.742976189,2.276288317,-1.129426846,-2,-0.4765663445,-0.9245753288,0.006175111979,-0.465159734,-0.8884030333,0,0.2687875819,0.03842756477,4.341968728,-0.07516760379,2.190094471,-0.01320529729,-0.1749683385,-0.5357409213,0.01052798443,0.6864168469,-0.005669783811,-0.3833143064,0.02627233778,1,0,0,0
25.43062449,23.41054273,torque,figure8,2.242612839,-1.067823768,-1.74319458,2.271618957,-1.138255154,-2,-0.482730031,-0.9264841676,-0.0001418426109,-0.4697593335,-0.8792291596,0,0.2678636944,0.049003009,5.862103883,-0.06336551905,1.117258668,-0.007357772905,-0.2332144745,-0.8442450792,0.01201861033,0.6833278681,-0.02190064592,-0.2812662736,0.01704668379,1,0,0,0
25.44063449,23.42055273,torque,figure8,2.242612839,-1.067823768,-1.74319458,2.266893634,-1.147009931,-2,-0.482730031,-0.9264841676,-0.0001418426109,-0.4743591824,-0.8699645143,0,0.269831483,0.05713634951,5.84654576,-0.06336551905,1.117258668,-0.007357772905,-0.1303769869,-0.8198398221,0.01297679097,0.6834089353,0.002340594059,-0.2710794828,0.0309386213,1,0,0,0
25.45060349,23.43052173,torque,figure8,2.231040239,-1.086861849,-1.743649244,2.262141954,-1.155636322,-2,-0.4911123216,-0.9337190986,-0.006340907887,-0.4789306213,-0.860667648,0,0.2672320242,0.07433111978,6.175191934,-0.01644972898,-0.796941936,0.004724731203,-0.2755227724,-1.040908584,0.01610697946,0.6816608781,-0.03929972596,-0.04889886412,0.02882812087,1,0,0,0
25.46062255,23.44054079,torque,figure8,2.231040239,-1.086861849,-1.743649244,2.257320543,-1.164212308,-2,-0.4911123216,-0.9337190986,-0.006340907887,-0.4835153084,-0.8512542859,0,0.2690528903,0.08305640881,6.1654466,-0.01644972898,-0.796941936,0.004724731203,-0.1627062024,-0.9798319989,0.01555817717,0.6817405979,-0.01174258179,-0.02708914463,0.01715466196,1,0,0,0
25.47060275,23.45052099,torque,figure8,2.223201513,-1.099528432,-1.743999958,2.252472214,-1.172660919,-2,-0.4968223572,-0.9360355139,-0.006510339212,-0.488072441,-0.8418086236,0,0.2678453958,0.09485595604,4.989628379,0.01612347923,-1.974093318,0.01457539946,-0.2300233539,-0.8962513086,0.01888402705,0.6832134939,-0.03237764048,0.1430498694,0.02481283575,1,0,0,0
25.48062897,23.46054721,torque,figure8,2.223201513,-1.099528432,-1.743999958,2.247555784,-1.181053218,-2,-0.4968223572,-0.9360355139,-0.006510339212,-0.4926406721,-0.8322510255,0,0.2697692399,0.1040725277,4.976208309,0.01612347923,-1.974093318,0.01457539946,-0.1267395803,-0.8371491887,0.01576523347,0.6833043351,-0.008156564285,0.1631988397,-0.005143976851,1,0,0,0
25.49061799,23.47053623,torque,figure8,2.21128726,-1.118439913,-1.744486332,2.242612095,-1.189318754,-2,-0.5065028667,-0.9275942445,-0.004183369689,-0.4971819843,-0.8226614922,0,0.2670061609,0.1054289426,2.078601522,0.0275905095,-2.952611923,0.02222645096,-0.2833078121,-0.4468798555,0.02666735513,0.6860523469,-0.04641829212,0.3428869919,0.05000050295,1,0,0,0
25.50063133,23.48054957,torque,figure8,2.21128726,-1.118439913,-1.744486332,2.237610892,-1.197507937,-2,-0.5065028667,-0.9275942445,-0.004183369689,-0.50172427,-0.8129818814,0,0.2687599685,0.1147881934,1.975616035,0.0275905095,-2.952611923,0.02222645096,-0.1703236504,-0.3964950154,0.01714166053,0.6861778231,-0.01904081684,0.3594878092,-0.01227888803,1,0,0,0
25.51061916,23.49053741,torque,figure8,2.203221083,-1.13089931,-1.74475503,2.232577171,-1.205579373,-2,-0.514040947,-0.9119940996,-0.001507220906,-0.5062448353,-0.8032611557,0,0.267560996,0.1090224938,2.122116092,0.01584463939,-2.857368708,0.02251697704,-0.2400205549,-0.01672485138,0.0235984147,0.6866842216,-0.03367144294,0.3983493838,0.01940276065,1,0,0,0
25.5206399,23.50055814,torque,figure8,2.203221083,-1.13089931,-1.74475503,2.227481545,-1.213579501,-2,-0.514040947,-0.9119940996,-0.001507220906,-0.510770015,-0.7934431825,0,0.2693966942,0.1186056097,1.965516352,0.01584463939,-2.857368708,0.02251697704,-0.1366974101,0.003030832001,0.01171744703,0.6868411809,-0.009632493909,0.4044799509,-0.04265685577,1,0,0,0
25.53062057,23.51053882,torque,figure8,2.190899372,-1.14898634,-1.745138884,2.222361265,-1.221449536,-2,-0.5271919966,-0.8735676408,-0.001815056661,-0.5152667832,-0.7836003033,0,0.2668238261,0.09077239098,4.980247507,-0.007186329458,-1.829929233,0.0171351321,-0.2926493224,0.5606590338,0.02981313979,0.6841057544,-0.04299384768,0.3428897588,0.04308225035,1,0,0,0
25.54066491,23.52058315,torque,figure8,2.190899372,-1.14898634,-1.745138884,2.217163068,-1.229270266,-2,-0.5271919966,-0.8735676408,-0.001815056661,-0.5197817385,-0.7736308145,0,0.2684948401,0.1002276189,4.875084589,-0.007186329458,-1.829929233,0.0171351321,-0.1788831364,0.5339853301,0.01292405901,0.68430423,-0.01541534832,0.3339576165,-0.0259215979,1,0,0,0
25.55061746,23.5305357,torque,figure8,2.182505608,-1.160571575,-1.745405674,2.211967698,-1.236920445,-2,-0.5365970731,-0.8410328031,-0.003174989717,-0.5242449598,-0.7636900739,0,0.2674237003,0.07838719928,6.031713912,0.00858138781,-0.6898063421,0.007092525717,-0.2487606395,0.7997211362,0.02051007719,0.6822444755,-0.03399945946,0.2178796376,0.01167622352,1,0,0,0
25.56064153,23.54055977,torque,figure8,2.182505608,-1.160571575,-1.745405674,2.206690143,-1.244525288,-2,-0.5365970731,-0.8410328031,-0.003174989717,-0.5287296274,-0.7536159596,0,0.2691679559,0.08782756841,5.931326915,0.00858138781,-0.6898063421,0.007092525717,-0.1442623145,0.7443828418,0.004836619877,0.6824645796,-0.009441385758,0.2004859569,-0.03723043087,1,0,0,0
25.57061601,23.55053425,torque,figure8,2.169665337,-1.176944613,-1.745799541,2.201394129,-1.251991968,-2,-0.5506705642,-0.7913485765,0.0001554607588,-0.53318143,-0.7435308004,0,0.2669394965,0.0509159474,5.756876534,0.03639482707,1.140197754,-0.006846733857,-0.3076408799,0.9019939361,0.0221697666,0.682868695,-0.05142766697,-0.01638401713,0.01843500362,1,0,0,0
25.5806675,23.56058574,torque,figure8,2.169665337,-1.176944613,-1.745799541,2.196012361,-1.259414229,-2,-0.5506705642,-0.7913485765,0.0001554607588,-0.5376567365,-0.7333071652,0,0.2685391522,0.05948268075,5.645192508,0.03639482707,1.140197754,-0.006846733857,-0.1920699182,0.8080152422,0.007361339216,0.6830937612,-0.02302292548,-0.04527794419,-0.008489212422,1,0,0,0
25.59061146,23.5705297,torque,figure8,2.160930634,-1.187241793,-1.745988369,2.190643955,-1.266655674,-2,-0.5596208572,-0.762493372,0.004535061773,-0.5420733442,-0.7231338442,0,0.2677897584,0.04333190996,4.298927196,0.03601264581,2.100367785,-0.01347961929,-0.2684344304,0.6892173922,0.01289588031,0.6852949623,-0.04064096576,-0.1890865908,0.004832188685,1,0,0,0
25.60064125,23.58055949,torque,figure8,2.160930634,-1.187241793,-1.745988369,2.185184777,-1.273856853,-2,-0.5596208572,-0.762493372,0.004535061773,-0.5465170781,-0.7128140444,0,0.2694667713,0.05157820662,4.167535453,0.03601264581,2.100367785,-0.01347961929,-0.1618841002,0.5980037176,0.0023676768,0.6855080902,-0.01531971714,-0.2154779493,0.000260496291,1,0,0,0
25.61062026,23.5905385,torque,figure8,2.147579193,-1.201958537,-1.746114254,2.179709064,-1.280918561,-2,-0.5719568729,-0.7311835885,0.01182381343,-0.5509272639,-0.702488853,0,0.2678152087,0.03748912996,2.002857039,-0.02760953829,2.563926935,-0.01643851586,-0.3249411991,0.2593598112,0.01243249517,0.6884817966,-0.04509058836,-0.3137113633,0.000835352962,1,0,0,0
25.62064147,23.60055971,torque,figure8,2.147579193,-1.201958537,-1.746114254,2.174165962,-1.287906156,-2,-0.5719568729,-0.7311835885,0.01182381343,-0.5553449198,-0.6920629762,0,0.2693544534,0.04411555124,1.818220212,-0.02760953829,2.563926935,-0.01643851586,-0.2067996311,0.1728269673,0.006258297361,0.6886522985,-0.01595672169,-0.3374066611,0.01478929936,1,0,0,0
25.63060498,23.61052322,torque,figure8,2.138530254,-1.21123147,-1.74608779,2.168610941,-1.294749662,-2,-0.5792890787,-0.7189199924,0.01483682543,-0.5597259449,-0.6816413154,0,0.2689824284,0.04463795869,2.464130099,-0.06265516579,2.305833101,-0.0169271715,-0.2738822383,-0.1380428992,0.009387125999,0.6891385403,-0.02756031094,-0.342317835,0.01214809611,1,0,0,0
25.64063787,23.62055612,torque,figure8,2.138530254,-1.21123147,-1.74608779,2.162973189,-1.301535621,-2,-0.5792890787,-0.7189199924,0.01483682543,-0.564126107,-0.6710917023,0,0.2705987939,0.05232200724,2.39801628,-0.06265516579,2.305833101,-0.0169271715,-0.1652867369,-0.1982863253,0.006422252336,0.6892770562,-0.001838983935,-0.3565055851,0.02904339743,1,0,0,0
25.65061593,23.63053417,torque,figure8,2.12937212,-1.220461607,-1.7460289,2.157322522,-1.30817924,-2,-0.5859232545,-0.713042438,0.0142263975,-0.5684908147,-0.6605454796,0,0.2701424212,0.05711576825,3.938079111,-0.09283255041,1.622263908,-0.01331247017,-0.2357973317,-0.4847208876,0.01001806044,0.6882254645,-0.01601824104,-0.3003818242,0.0212872616,1,0,0,0
25.66063643,23.64055467,torque,figure8,2.12937212,-1.220461607,-1.7460289,2.151604049,-1.314744945,-2,-0.5859232545,-0.713042438,0.0142263975,-0.5728625516,-0.6499007936,0,0.2718178177,0.06602908153,3.944688243,-0.09283255041,1.622263908,-0.01331247017,-0.1325392926,-0.5186967336,0.008694112908,0.6883349014,0.007954519789,-0.3057282525,0.03370120496,1,0,0,0
25.67061043,23.65052867,torque,figure8,2.115473509,-1.233880043,-1.746007442,2.145868664,-1.321174,-2,-0.5947469473,-0.7110360265,0.01028342918,-0.5772024381,-0.6392530036,0,0.2702893257,0.0746080498,5.045068679,-0.08651234955,0.06197915599,-0.001114260056,-0.281525413,-0.7614112263,0.01298512891,0.686535296,-0.03025937156,-0.1246773529,0.02103971019,1,0,0,0
25.68062949,23.66054773,torque,figure8,2.115473509,-1.233880043,-1.746007442,2.140063846,-1.327524918,-2,-0.5947469473,-0.7110360265,0.01028342918,-0.581550225,-0.6285052498,0,0.2718202836,0.08420945016,5.075944511,-0.08651234955,0.06197915599,-0.001114260056,-0.1653264373,-0.7658934656,0.01166801003,0.6866257039,-0.001919029397,-0.1205576695,0.01722710859,1,0,0,0
25.69061279,23.67053103,torque,figure8,2.101372242,-1.247196198,-1.746002674,2.134236478,-1.333745806,-2,-0.6028690934,-0.7088106871,0.01025466621,-0.5858707345,-0.6177450292,0,0.2703433638,0.09320437985,4.04913116,-0.04198560491,-1.552226543,0.01127489563,-0.3077012627,-0.7016893098,0.01841299881,0.6878560807,-0.04244867934,0.107882599,0.04038974968,1,0,0,0
25.70060897,23.68052721,torque,figure8,2.101372242,-1.247196198,-1.746002674,2.128358439,-1.339866836,-2,-0.6028690934,-0.7088106871,0.01025466621,-0.5901849686,-0.6069209659,0,0.2717181325,0.103187017,4.067667305,-0.04198560491,-1.552226543,0.01127489563,-0.185135555,-0.6910892351,0.01375211013,0.6879726791,-0.01214934045,0.1162920667,0.006314638168,1,0,0,0
25.71060395,23.69052219,torque,figure8,2.09186101,-1.256034017,-1.745957613,2.122438041,-1.345878709,-2,-0.6084056497,-0.7022820711,0.0136360582,-0.5944867483,-0.5960490796,0,0.2711909992,0.1080052146,2.541984751,-0.02874749713,-2.255486012,0.01806295849,-0.2443752663,-0.4726002312,0.0182637424,0.6900401516,-0.02843887668,0.2439782421,0.0220685571,1,0,0,0
25.72064424,23.70056248,torque,figure8,2.09186101,-1.256034017,-1.745957613,2.116447583,-1.351808181,-2,-0.6084056497,-0.7022820711,0.0136360582,-0.5987959164,-0.5850793611,0,0.2726072718,0.1183839698,2.518516715,-0.02874749713,-2.255486012,0.01806295849,-0.1346534376,-0.4702486301,0.01111371067,0.6901984792,-0.002707103995,0.248897003,-0.02293518058,1,0,0,0
25.73063564,23.71055388,torque,figure8,2.082268476,-1.264637828,-1.745856285,2.110443397,-1.357599215,-2,-0.614736557,-0.6892468929,0.01658514142,-0.6030719733,-0.574115616,0,0.2720747572,0.1169031238,1.493874653,-0.04996077344,-2.477868795,0.02100862935,-0.2035730457,-0.1567494979,0.01594849121,0.6914317736,-0.0174172008,0.3239994314,0.001998768359,1,0,0,0
25.74062777,23.72054601,torque,figure8,2.082268476,-1.264637828,-1.745856285,2.104396114,-1.363280876,-2,-0.614736557,-0.6892468929,0.01658514142,-0.6073361438,-0.5631046579,0,0.2735125428,0.1274429146,1.313809517,-0.04996077344,-2.477868795,0.02100862935,-0.1010884615,-0.17108601,0.006366331573,0.6916411223,0.00603676713,0.3229934607,-0.04880879487,1,0,0,0
25.75062513,23.73054338,torque,figure8,2.06768465,-1.277159929,-1.745579481,2.098303076,-1.368855181,-2,-0.6253126264,-0.6569306254,0.02050830238,-0.6115902639,-0.5520423448,0,0.272167793,0.1077517755,3.636804828,-0.05217640102,-1.989528894,0.01507171057,-0.2493823148,0.3665527884,0.02180833166,0.6912293572,-0.03001081053,0.3353260203,0.03440149611,1,0,0,0
25.76067138,23.74058962,torque,figure8,2.06768465,-1.277159929,-1.745579481,2.09213747,-1.374345105,-2,-0.6253126264,-0.6569306254,0.02050830238,-0.6158527126,-0.540880931,0,0.2734459712,0.1182269513,3.46736319,-0.05217640102,-1.989528894,0.01507171057,-0.1356820111,0.3154731019,0.006952572628,0.6915133853,-0.002764794651,0.322194471,-0.03054148559,1,0,0,0
25.77062583,23.75054407,torque,figure8,2.052846193,-1.288861394,-1.745230913,2.085986023,-1.379674052,-2,-0.6368522048,-0.6120576262,0.02122200094,-0.6200638015,-0.5297778818,0,0.2724930728,0.08661512658,5.460523641,-0.004146344028,-0.7010037899,0.0002683089406,-0.2784899342,0.7663305356,0.02492145792,0.6894274557,-0.0433240524,0.2190591686,0.04762167248,1,0,0,0
25.78066874,23.76058698,torque,figure8,2.052846193,-1.288861394,-1.745230913,2.0797375,-1.384938132,-2,-0.6368522048,-0.6120576262,0.02122200094,-0.6242997005,-0.5185330857,0,0.2736076927,0.09672010327,5.303390319,-0.004146344028,-0.7010037899,0.0002683089406,-0.1586399808,0.6710960012,0.007629065065,0.6897578465,-0.01396190143,0.1919541426,-0.01028166945,1,0,0,0
25.79062533,23.77054358,torque,figure8,2.042807817,-1.296061635,-1.744968891,2.073500745,-1.390045284,-2,-0.6448444724,-0.579744637,0.02348552644,-0.6284866102,-0.5073431058,0,0.2735248592,0.07785326797,5.564082811,0.0311456807,0.3233421743,-0.002895672107,-0.2266253934,0.8160350847,0.01440766052,0.6897927144,-0.0346737735,0.07760598807,0.01131691468,1,0,0,0
25.80067492,23.78059316,torque,figure8,2.042807817,-1.296061635,-1.744968891,2.067163536,-1.395086945,-2,-0.6448444724,-0.579744637,0.02348552644,-0.6326998266,-0.4960073161,0,0.274663575,0.08781230718,5.403684797,0.0311456807,0.3233421743,-0.002895672107,-0.1182696056,0.7092238433,-0.0002463458427,0.6901340289,-0.009169194335,0.04793107689,-0.02388186013,1,0,0,0
25.81084251,23.79076076,torque,figure8,2.037740231,-1.299508691,-1.744828224,2.060708883,-1.400071667,-2,-0.6488788128,-0.5641397834,0.02547979914,-0.6369493522,-0.484497115,0,0.2752328221,0.08446589142,5.123860558,0.02784719318,0.7900298238,-0.004220418632,-0.1130006144,0.6901214449,-0.001568375577,0.6909246054,-0.008743744758,-0.02015422456,-0.0183277238,1,0,0,0
25.82065439,23.80057263,torque,figure8,2.027508497,-1.306115389,-1.744480371,2.054439147,-1.404770843,-2,-0.6564378142,-0.5354737639,0.03133893013,-0.6410375637,-0.4733511295,0,0.2752243431,0.07126372126,4.165768018,0.007198527921,1.604837298,-0.008719619364,-0.1927718243,0.651160624,0.006629136711,0.6931994659,-0.02540658257,-0.1290375505,0.0059638004,1,0,0,0
25.83062196,23.8105402,torque,figure8,2.017170429,-1.312202454,-1.74399066,2.048028918,-1.409432414,-2,-0.6635007858,-0.5113711953,0.03738604859,-0.6451778471,-0.4619904974,0,0.2755842771,0.06459024726,2.708532312,-0.02223321423,2.145610094,-0.01484076027,-0.2514007402,0.4815063122,0.01005325327,0.695776316,-0.03449062376,-0.2230582885,0.01077490004,1,0,0,0
25.84065485,23.82057309,torque,figure8,2.017170429,-1.312202454,-1.74399066,2.041535067,-1.414009994,-2,-0.6635007858,-0.5113711953,0.03738604859,-0.6493321573,-0.4505178656,0,0.2765848751,0.07281204845,2.503985225,-0.02223321423,2.145610094,-0.01484076027,-0.137306604,0.3578614379,0.001085251526,0.6960454288,-0.006824661148,-0.256213304,0.01067175416,1,0,0,0
25.85062051,23.83053875,torque,figure8,2.001467228,-1.32076335,-1.743083715,2.035043538,-1.418442766,-2,-0.6730179191,-0.4863315523,0.04241552949,-0.6534455253,-0.4390857503,0,0.2769018135,0.06644036081,1.752135072,-0.07857993245,2.191880941,-0.0145362718,-0.2821204841,0.04090963818,0.009086994421,0.6977992641,-0.03402587299,-0.2931783778,0.004302882909,1,0,0,0
25.86063981,23.84055805,torque,figure8,2.001467228,-1.32076335,-1.743083715,2.028475807,-1.422784371,-2,-0.6730179191,-0.4863315523,0.04241552949,-0.6575677872,-0.4275564911,0,0.2777476003,0.07410999618,1.67262316,-0.07857993245,2.191880941,-0.0145362718,-0.1602034439,-0.0688891902,0.004355372393,0.6979852996,-0.003908551431,-0.3208813497,0.01746389385,1,0,0,0
25.87061143,23.85052967,torque,figure8,1.990892529,-1.326150894,-1.742431641,2.021898392,-1.426990448,-2,-0.6784513593,-0.4770794809,0.04147141799,-0.6616571588,-0.4160475824,0,0.2783369163,0.07567573135,3.035096373,-0.101742506,1.665652514,-0.01253282465,-0.2150234571,-0.3205288176,0.007037217201,0.6973479712,-0.01483480363,-0.2800383095,0.01358637561,1,0,0,0
25.88063693,23.86055517,torque,figure8,1.990892529,-1.326150894,-1.742431641,2.015244394,-1.431103389,-2,-0.6784513593,-0.4770794809,0.04147141799,-0.6657551967,-0.4044427052,0,0.2791943755,0.08460007232,3.084225691,-0.101742506,1.665652514,-0.01253282465,-0.1048557537,-0.3994193668,0.004584490673,0.6974861219,0.01113892807,-0.2970498029,0.02446759389,1,0,0,0
25.89061475,23.87053299,torque,figure8,1.974871397,-1.333933353,-1.741458893,2.008581318,-1.435081088,-2,-0.6852789521,-0.4708519578,0.03722771257,-0.6698202897,-0.3928603297,0,0.2796618085,0.08779274956,4.330049087,-0.09935490042,0.3495170772,-0.002548197983,-0.2399642759,-0.6109491185,0.008787795681,0.6959075811,-0.02330626156,-0.1397487883,0.01400834137,1,0,0,0
25.90063691,23.88055515,torque,figure8,1.974871397,-1.333933353,-1.741458893,2.001847865,-1.438959967,-2,-0.6852789521,-0.4708519578,0.03722771257,-0.6738898557,-0.3811945865,0,0.2803601675,0.09774486346,4.416288454,-0.09935490042,0.3495170772,-0.002548197983,-0.1211236953,-0.6632985322,0.006992594371,0.6960084217,0.005559019056,-0.1481516791,0.0123561652,1,0,0,0
25.91061449,23.89053273,torque,figure8,1.964099646,-1.339090705,-1.740845919,1.995103921,-1.442705299,-2,-0.6892225742,-0.4682898521,0.03569237143,-0.6779277026,-0.3695499307,0,0.280816821,0.1055987291,4.22266062,-0.07301338017,-0.6772662401,0.004981985781,-0.1751270772,-0.6797671936,0.009131805835,0.6962040875,-0.01234867557,-0.00721776115,0.01175637647,1,0,0,0
25.9206543,23.90057254,torque,figure8,1.964099646,-1.339090705,-1.740845919,1.988277319,-1.446356563,-2,-0.6892225742,-0.4682898521,0.03569237143,-0.6819769376,-0.357802574,0,0.2815161843,0.1163352193,4.31940232,-0.07301338017,-0.6772662401,0.004981985781,-0.06763028516,-0.7154619124,0.006337514553,0.696315705,0.01261951199,-0.01065927365,-0.003486559439,1,0,0,0
25.93061852,23.91053677,torque,figure8,1.95328486,-1.344082117,-1.740190029,1.981461981,-1.449863582,-2,-0.693200469,-0.4635173976,0.03587988764,-0.6859819272,-0.346114764,0,0.2819306467,0.1229750059,3.255564395,-0.03828719258,-1.584075809,0.01085011195,-0.1329844427,-0.5893031131,0.008636460909,0.6976097686,-0.009539723557,0.1340753507,0.001927810706,1,0,0,0
25.94063902,23.92055726,torque,figure8,1.95328486,-1.344082117,-1.740190029,1.974567982,-1.453272816,-2,-0.693200469,-0.4635173976,0.03587988764,-0.6899956233,-0.3343328849,0,0.2826248416,0.1341129215,3.347663243,-0.03828719258,-1.584075809,0.01085011195,-0.03223298843,-0.6203228221,0.00392281354,0.6977620723,0.01332060978,0.131492297,-0.02630520999,1,0,0,0
25.95062065,23.93053889,torque,figure8,1.936942816,-1.351492405,-1.7391572,1.967660803,-1.456551318,-2,-0.6999302506,-0.4475652874,0.03894209117,-0.6939798052,-0.3225696641,0,0.2828779533,0.1310564768,1.126166987,0.005507035181,-2.385928869,0.01383852959,-0.1835032,-0.193753653,0.01296920999,0.6999290592,-0.02952674794,0.3051218272,0.02558761321,1,0,0,0
25.9606266,23.94054484,torque,figure8,1.936942816,-1.351492405,-1.7391572,1.960696953,-1.459719831,-2,-0.6999302506,-0.4475652874,0.03894209117,-0.6979596411,-0.3107516575,0,0.283401484,0.1422615165,0.9987835072,0.005507035181,-2.385928869,0.01383852959,-0.07176390495,-0.2388289349,0.002983215715,0.700183195,-0.002892790658,0.297309421,-0.02945725298,1,0,0,0
25.97060561,23.95052385,torque,figure8,1.920440793,-1.358447552,-1.738017082,1.953712261,-1.462761913,-2,-0.708116591,-0.4168837667,0.04197729379,-0.7019146678,-0.2989403713,0,0.2839428212,0.1253443319,3.352760771,0.05651097,-2.267554522,0.006383563858,-0.2220437925,0.3430995698,0.01825907207,0.6999357065,-0.0443088694,0.370568258,0.05174811513,1,0,0,0
25.98062539,23.96054363,torque,figure8,1.920440793,-1.358447552,-1.738017082,1.946659396,-1.465697712,-2,-0.708116591,-0.4168837667,0.04197729379,-0.7058716119,-0.2870565707,0,0.2842974873,0.1364633062,3.140322259,0.05651097,-2.267554522,0.006383563858,-0.1045487393,0.2633967892,0.002899157909,0.7003087036,-0.01586598656,0.351129166,-0.01916030865,1,0,0,0
25.99062562,23.97054386,torque,figure8,1.909333348,-1.362671971,-1.737224579,1.939580831,-1.468508942,-2,-0.7147638202,-0.3880257607,0.0411490351,-0.7098065268,-0.2751726815,0,0.2848987479,0.1202232728,5.053832576,0.09175273031,-1.677557588,-0.001711430494,-0.1773332437,0.6294976127,0.01043928701,0.6983991419,-0.03685825751,0.3274514896,0.02027807074,1,0,0,0
26.00062752,23.98054576,torque,figure8,1.909333348,-1.362671971,-1.737224579,1.932461797,-1.471201657,-2,-0.7147638202,-0.3880257607,0.0411490351,-0.7137277206,-0.2632645137,0,0.2852447016,0.1313761217,4.852924866,0.09175273031,-1.677557588,-0.001711430494,-0.07116789004,0.5299909162,-0.005190588363,0.6988420862,-0.01218793118,0.3019351779,-0.03885576387,1,0,0,0
26.01062036,23.9905386,torque,figure8,1.903736353,-1.364643574,-1.736838579,1.925310117,-1.473772883,-2,-0.7184131145,-0.371681124,0.04013827443,-0.7176309238,-0.2513458288,0,0.2857071349,0.1268553356,5.483293307,0.1049875319,-1.250047684,-0.004594877362,-0.07169557785,0.6492706536,-0.007024273331,0.6979541523,-0.01503139765,0.2599623368,-0.03495547018,1,0,0,0
26.02063394,24.00055218,torque,figure8,1.892465115,-1.368209124,-1.736092806,1.91810454,-1.476229871,-2,-0.7262017131,-0.3365998864,0.03785347939,-0.7215276724,-0.2393820115,0,0.2863090449,0.1044320246,6.29740249,0.1007038057,-0.2129601538,-0.01157246623,-0.1598475552,0.8963739041,0.002832636864,0.6961944414,-0.03448570028,0.1613058512,0.009225465864,1,0,0,0
26.0306108,24.01052904,torque,figure8,1.881079555,-1.371264815,-1.735363722,1.91088665,-1.47855861,-2,-0.7340604067,-0.3016633391,0.03813998774,-0.725395563,-0.2274427247,0,0.2871110954,0.08389539786,6.148038142,0.09756219387,0.8807386756,-0.02156607062,-0.2341234057,0.9912941148,0.009629117852,0.6963147877,-0.04953113022,0.03022586723,0.03002148509,1,0,0,0
26.04063344,24.02055168,torque,figure8,1.881079555,-1.371264815,-1.735363722,1.90359686,-1.480778003,-2,-0.7340604067,-0.3016633391,0.03813998774,-0.7292664781,-0.215430195,0,0.2872847492,0.09441289936,5.93744806,0.09756219387,0.8807386756,-0.02156607062,-0.1206628796,0.8285255574,-0.005629691083,0.6968050975,-0.0220530739,-0.01445172653,-0.0006521695353,1,0,0,0
26.05060339,24.03052163,torque,figure8,1.86381042,-1.374883056,-1.734251738,1.896306976,-1.482866192,-2,-0.7455232739,-0.2559521198,0.04146968201,-0.7331023256,-0.2034634243,0,0.2886841228,0.06803732533,4.196736118,0.0643261373,2.188522816,-0.02390228026,-0.2952963634,0.7941944537,0.009570965529,0.6993267891,-0.05690033953,-0.1764545285,0.01651105528,1,0,0,0
26.06062746,24.0405457,torque,figure8,1.86381042,-1.374883056,-1.734251738,1.888939039,-1.48484535,-2,-0.7455232739,-0.2559521198,0.04146968201,-0.736944119,-0.1914151797,0,0.2886958482,0.07719036901,3.96219144,0.0643261373,2.188522816,-0.02390228026,-0.1720789906,0.6137116871,-0.001787132006,0.6997389815,-0.02624803026,-0.2256358785,0.01309628264,1,0,0,0
26.07060647,24.05052471,torque,figure8,1.852158308,-1.376820803,-1.733464479,1.881566046,-1.486695575,-2,-0.7525703907,-0.2332500219,0.04382037371,-0.7407537484,-0.1794056196,0,0.2897903801,0.07042072033,2.268785369,0.01485082787,2.567360163,-0.0256583523,-0.2481453347,0.3936607681,0.003237898075,0.7015467231,-0.03679449136,-0.3006908586,0.01513533746,1,0,0,0
26.08062172,24.06053996,torque,figure8,1.852158308,-1.376820803,-1.733464479,1.874128129,-1.488431948,-2,-0.7525703907,-0.2332500219,0.04382037371,-0.744562194,-0.1673378972,0,0.2897945903,0.07955353265,2.011877791,0.01485082787,2.567360163,-0.0256583523,-0.13538124,0.2413484657,-0.003721832168,0.7018792807,-0.00988875055,-0.3392366776,0.02555816047,1,0,0,0
26.09061241,24.07053065,torque,figure8,1.834468842,-1.379109144,-1.732247591,1.866670522,-1.490043578,-2,-0.7618831992,-0.2123710066,0.04186252132,-0.7483462336,-0.155286218,0,0.2916071833,0.072072139,2.500939757,-0.05308672786,2.254910946,-0.0202763509,-0.2987762446,-0.1044363416,0.003713168295,0.7013938807,-0.0393950881,-0.326414465,0.006110287516,1,0,0,0
26.10063744,24.08055568,torque,figure8,1.834468842,-1.379109144,-1.732247591,1.859149364,-1.491539656,-2,-0.7618831992,-0.2123710066,0.04186252132,-0.7521280728,-0.1431805058,0,0.2914465659,0.08145525513,2.527322394,-0.05308672786,2.254910946,-0.0202763509,-0.1745728905,-0.2383700585,0.001115394935,0.7015969046,-0.008836230172,-0.3583530116,0.02642925789,1,0,0,0
26.11059403,24.09051228,torque,figure8,1.828521132,-1.379788756,-1.73186183,1.851642091,-1.492905344,-2,-0.7646633387,-0.208772108,0.03884516284,-0.7558689486,-0.1311458827,0,0.2919383831,0.08724745742,3.3592592,-0.06706110388,1.905631423,-0.01726696268,-0.1590951282,-0.4209602447,0.002108826573,0.7005919742,-0.004271911982,-0.336561019,0.02820456653,1,0,0,0
26.12062073,24.10053897,torque,figure8,1.822549939,-1.380467415,-1.731504679,1.844044402,-1.494159501,-2,-0.7672529221,-0.2064514309,0.03523208201,-0.7596208259,-0.1190158951,0,0.2923655928,0.09457547996,4.09806483,-0.07207392156,1.463311315,-0.0138508128,-0.1443706442,-0.5772716046,0.003164116948,0.6993927567,-0.001333461064,-0.2970141872,0.02761480341,1,0,0,0
26.13060808,24.11052632,torque,figure8,1.804490566,-1.382132888,-1.730590105,1.836439202,-1.495287778,-2,-0.7742158175,-0.2040005028,0.02503421344,-0.7633426094,-0.1069238628,0,0.2939497169,0.1008405303,4.819586512,-0.056232173,-0.1699261069,-0.0003129412071,-0.2973592716,-0.7031214418,0.007011179626,0.696588899,-0.04031676221,-0.0818041189,0.02076289539,1,0,0,0
26.14062071,24.12053895,torque,figure8,1.804490566,-1.382132888,-1.730590105,1.828777522,-1.496297641,-2,-0.7742158175,-0.2040005028,0.02503421344,-0.7670583334,-0.09479256137,0,0.293607116,0.1122689445,4.948936845,-0.056232173,-0.1699261069,-0.0003129412071,-0.1691766179,-0.775109916,0.005608233522,0.6967043549,-0.008562743484,-0.09372049094,0.01325145595,1,0,0,0
26.15063047,24.13054872,torque,figure8,1.792350531,-1.383252263,-1.730092287,1.821080921,-1.497185761,-2,-0.7786869407,-0.2020989507,0.02177481912,-0.7707574302,-0.08265703205,0,0.2943746777,0.1216691901,4.264447632,-0.0430107601,-1.24796164,0.008296681568,-0.2348282827,-0.705409725,0.00850552983,0.6969077029,-0.02634641906,0.06805988974,0.01866373231,1,0,0,0
26.16064,24.14055824,torque,figure8,1.792350531,-1.383252263,-1.730092287,1.813347556,-1.497952357,-2,-0.7786869407,-0.2020989507,0.02177481912,-0.7744408011,-0.07051508377,0,0.2940189791,0.1334409476,4.393286865,-0.0430107601,-1.24796164,0.008296681568,-0.1189400683,-0.7622158196,0.005157419405,0.6970614074,0.001079193058,0.06035663329,-0.005930575411,1,0,0,0
26.17061186,24.1505301,torque,figure8,1.780128598,-1.384302378,-1.729627609,1.805606712,-1.498595188,-2,-0.7833246589,-0.1962700188,0.0211332161,-0.7780946864,-0.05841313929,0,0.294640816,0.1395653419,2.982520932,-0.05150860548,-1.956121922,0.01368444599,-0.1928215578,-0.5524883598,0.008283067619,0.6982810895,-0.01665269893,0.1913929038,0.006820807657,1,0,0,0
26.18063068,24.16054893,torque,figure8,1.780128598,-1.384302378,-1.729627609,1.797792793,-1.49911949,-2,-0.7833246589,-0.1962700188,0.0211332161,-0.7817500029,-0.04624945683,0,0.2942723614,0.1515099382,3.08725124,-0.05150860548,-1.956121922,0.01368444599,-0.08406648153,-0.6084176189,0.002384047408,0.6985067941,0.008402836665,0.1831497224,-0.03053126922,1,0,0,0
26.19060922,24.17052746,torque,figure8,1.761682868,-1.385697365,-1.728902578,1.789973977,-1.499520532,-2,-0.7909447551,-0.1772311181,0.02433170751,-0.7853748247,-0.03413095413,0,0.2953809611,0.1452608448,1.48501332,-0.06276573986,-2.442050457,0.01626751199,-0.2413634089,-0.07819816699,0.01410866759,0.7001633528,-0.02874216544,0.3328826265,0.03449266817,1,0,0,0
26.20062518,24.18054342,torque,figure8,1.761682868,-1.385697365,-1.728902578,1.782089536,-1.499801457,-2,-0.7909447551,-0.1772311181,0.02433170751,-0.788997319,-0.0219642252,0,0.2948389187,0.1571738926,1.247165433,-0.06276573986,-2.442050457,0.01626751199,-0.1209009715,-0.1585523623,0.002258074201,0.7005316236,0.0002632901705,0.3159173118,-0.02959345866,1,0,0,0
26.210639,24.19055724,torque,figure8,1.755495906,-1.386073589,-1.728644133,1.774170593,-1.49996049,-2,-0.7937589288,-0.1675492972,0.02551464736,-0.7926030142,-0.009798318526,0,0.2948779017,0.1598052084,1.790423695,-0.05397382751,-2.418893337,0.01348948572,-0.1059134079,0.00136969402,-0.0001751544158,0.700816335,0.001196807829,0.3362703303,-0.03470153426,1,0,0,0
26.22068596,24.2006042,torque,figure8,1.743051529,-1.386637807,-1.728115559,1.766189238,-1.499997613,-2,-0.7998407483,-0.1431501955,0.0272283908,-0.7962044677,0.002408649259,0,0.2954774925,0.1481282724,3.786761767,-0.02467159927,-2.085829258,0.006863064598,-0.1751545245,0.398931095,0.007321793596,0.6999726355,-0.01983233408,0.3531569419,0.00998173086,1,0,0,0
26.23062706,24.2105453,torque,figure8,1.730502963,-1.386839867,-1.72759223,1.758256442,-1.499913632,-2,-0.8065621257,-0.1125208512,0.02594524994,-0.7997519567,0.01448681029,0,0.2962463929,0.1298094006,5.488534426,0.00530372886,-1.367551088,-0.001025085687,-0.2341820866,0.7515624185,0.01505284807,0.6977552538,-0.03683160919,0.3098197723,0.04223783449,1,0,0,0
26.24065852,24.22057676,torque,figure8,1.730502963,-1.386839867,-1.72759223,1.750215874,-1.499707181,-2,-0.8065621257,-0.1125208512,0.02594524994,-0.8033154673,0.02667357852,0,0.2955226266,0.1416290438,5.235978658,0.00530372886,-1.367551088,-0.001025085687,-0.1147696166,0.606074167,-0.002969502316,0.6983408245,-0.008147713727,0.2716807882,-0.02482534042,1,0,0,0
26.25061274,24.23053098,torque,figure8,1.711462975,-1.386267066,-1.726846933,1.742201967,-1.499381488,-2,-0.8176498413,-0.06038857251,0.02337434143,-0.806835356,0.03876435552,0,0.2972412419,0.1024432334,6.4343388,-0.03019981831,0.1754076481,-0.003043041797,-0.2737746637,1.04381977,0.01788527887,0.6956241238,-0.0404336439,0.1440934686,0.03908315339,1,0,0,0
26.26062942,24.24054766,torque,figure8,1.711462975,-1.386267066,-1.726846933,1.734102485,-1.498932275,-2,-0.8176498413,-0.06038857251,0.02337434143,-0.8103609911,0.05092786316,0,0.2963420231,0.1139773487,6.180847824,-0.03019981831,0.1754076481,-0.003043041797,-0.1467318896,0.8519187591,-0.000983559301,0.6962407797,-0.009081805339,0.0915541879,-0.01330555907,1,0,0,0
26.2706275,24.25054574,torque,figure8,1.698615789,-1.385281086,-1.726358175,1.725982905,-1.498362418,-2,-0.8247683644,-0.02658819035,0.02466286719,-0.8138636619,0.06306466165,0,0.2973486084,0.09362052887,5.689970363,-0.08893413842,1.224741817,-0.008808827959,-0.2068221816,0.922445961,0.00665392775,0.69692239,-0.01601549452,-0.032684004,0.01125140958,1,0,0,0
26.28063774,24.26055598,torque,figure8,1.698615789,-1.385281086,-1.726358175,1.717818448,-1.497670327,-2,-0.8247683644,-0.02658819035,0.02466286719,-0.8173540881,0.07521110456,0,0.2964454954,0.1050063091,5.43242335,-0.08893413842,1.224741817,-0.008808827959,-0.09209815301,0.736574193,-0.008527322634,0.697504104,0.01117142805,-0.08166772995,-0.0173974418,1,0,0,0
26.2906251,24.27054334,torque,figure8,1.67914927,-1.382834554,-1.725585461,1.709637922,-1.496858675,-2,-0.8339899182,0.01599540748,0.02848156355,-0.820820005,0.08732369203,0,0.2987212706,0.07792541469,3.303368737,-0.1383200139,2.350702763,-0.01485190634,-0.2307700732,0.6836261619,0.00757287103,0.7000915148,-0.01765334233,-0.216301083,0.01171690334,1,0,0,0
26.30064893,24.28056717,torque,figure8,1.67914927,-1.382834554,-1.725585461,1.701392795,-1.495922457,-2,-0.8339899182,0.01599540748,0.02848156355,-0.8242819104,0.09947342461,0,0.2976356626,0.0887356987,3.025814923,-0.1383200139,2.350702763,-0.01485190634,-0.1066467053,0.4803074906,-0.003879475991,0.7005421079,0.01270475815,-0.2699869853,0.006336393292,1,0,0,0
26.31063318,24.29055142,torque,figure8,1.666045785,-1.380683184,-1.72500658,1.69314581,-1.494868908,-2,-0.8388171196,0.03637583181,0.03021703288,-0.8277134749,0.1115671394,0,0.2989885816,0.08179298706,1.207195589,-0.161063537,2.57155633,-0.01790807582,-0.1547836093,0.2593165967,0.001381893619,0.7018166594,0.001913477963,-0.321067103,0.01243733257,1,0,0,0
26.32067776,24.300596,torque,figure8,1.666045785,-1.380683184,-1.72500658,1.684814512,-1.493687197,-2,-0.8388171196,0.03637583181,0.03021703288,-0.831148911,0.1237248261,0,0.2978985614,0.09274544357,0.92608828,-0.161063537,2.57155633,-0.01790807582,-0.04244174472,0.0873902936,-0.005875898226,0.7021545242,0.02815990894,-0.3632387724,0.01899632729,1,0,0,0
26.33061934,24.31053758,torque,figure8,1.64624846,-1.376952648,-1.724152088,1.676534748,-1.492397404,-2,-0.8439528942,0.05409322679,0.02571832947,-0.8345323996,0.1357478954,0,0.3005608446,0.0861258561,2.63573522,-0.1359187216,1.98762846,-0.01681388542,-0.169455687,-0.2097742144,0.002097374045,0.7004628977,-0.00911273839,-0.3030293776,0.009078951661,1,0,0,0
26.34066463,24.32058287,torque,figure8,1.64624846,-1.376952648,-1.724152088,1.668134527,-1.490972805,-2,-0.8439528942,0.05409322679,0.02571832947,-0.8379342204,0.1478853497,0,0.2992852596,0.09744033674,2.808506857,-0.1359187216,1.98762846,-0.01681388542,-0.0483699069,-0.3637459044,-0.001299368261,0.7006409659,0.02003642032,-0.3390057496,0.02192512293,1,0,0,0
26.35062551,24.33054376,torque,figure8,1.632985711,-1.374272108,-1.723698378,1.659771227,-1.489439843,-2,-0.846267879,0.05877037346,0.01841333695,-0.8412905524,0.1599088928,0,0.300538945,0.1029214499,4.082347765,-0.08494924754,1.073557973,-0.01016750652,-0.09925539559,-0.5538326268,0.0009651306388,0.6981040565,-0.001026128172,-0.2329913403,0.01160265644,1,0,0,0
26.36066937,24.34058762,torque,figure8,1.632985711,-1.374272108,-1.723698378,1.651304499,-1.48777291,-2,-0.846267879,0.05877037346,0.01841333695,-0.844657726,0.1720195714,0,0.2992667648,0.1147476554,4.292095687,-0.08494924754,1.073557973,-0.01016750652,0.01032963929,-0.6705239805,-0.00107554307,0.6982189924,0.02421555625,-0.256722958,0.0170218245,1,0,0,0
26.3706305,24.35054874,torque,figure8,1.613021612,-1.370135307,-1.723176479,1.642874193,-1.485999637,-2,-0.848831892,0.06139138341,0.01077647507,-0.8479801224,0.1840166143,0,0.3015741717,0.1231007928,4.401661723,0.000329580158,-0.5547477603,0.001931661158,-0.1321036074,-0.68032552,0.002294006554,0.6964403951,-0.02279037438,-0.02244795859,0.01033679875,1,0,0,0
26.38062716,24.3605454,torque,figure8,1.613021612,-1.370135307,-1.723176479,1.634380636,-1.484099969,-2,-0.848831892,0.06139138341,0.01077647507,-0.8512972377,0.1960415723,0,0.3001256631,0.1351032335,4.616073404,0.000329580158,-0.5547477603,0.001931661158,-0.01404878069,-0.7771778252,-0.0005389131427,0.6965541067,0.005440491224,-0.04036414437,-0.003970404268,1,0,0,0
26.39064097,24.37055922,torque,figure8,1.606366277,-1.368664265,-1.723018408,1.625839335,-1.482076599,-2,-0.8497113585,0.06262627989,0.009474248625,-0.8546027776,0.2080712693,0,0.2999339261,0.1458352917,4.291866543,0.03357927129,-1.097092032,0.005862128455,0.0002091602114,-0.7626503685,-0.001501720907,0.6968271339,0.002930570185,0.03856834325,-0.01340187709,1,0,0,0
26.40064716,24.3805654,torque,figure8,1.599701881,-1.367204189,-1.722869635,1.617271565,-1.479934529,-2,-0.8506395817,0.06464264542,0.008833086118,-0.8578884653,0.2200749203,0,0.2996966176,0.1558517302,3.721423731,0.06601274759,-1.614395261,0.009364416823,0.01019573256,-0.7062982937,-0.00288448367,0.6974353174,-0.0003901219956,0.1202178931,-0.0238439549,1,0,0,0
26.41059589,24.39051414,torque,figure8,1.593027711,-1.365746498,-1.722726345,1.608720485,-1.477685768,-2,-0.851716876,0.06790878624,0.008452078328,-0.8611380414,0.2319919496,0,0.2994283604,0.1645705942,2.928959138,0.09798901528,-2.06581378,0.01161115058,0.0157048837,-0.6104246573,-0.004640791819,0.6981611113,-0.004522368303,0.1983841564,-0.03340919884,1,0,0,0
26.4206264,24.40054464,torque,figure8,1.586341977,-1.364279628,-1.722587585,1.600066474,-1.475298591,-2,-0.8530443907,0.07265643775,0.008289748803,-0.8643968555,0.2439881041,0,0.2991174012,0.1719073538,1.979026712,0.1251951903,-2.388865471,0.01253082044,0.0181136267,-0.4839240866,-0.006707901806,0.6988528618,-0.008504411899,0.2627400211,-0.04117954242,1,0,0,0
26.43061161,24.41052985,torque,figure8,1.566261172,-1.359488964,-1.722162247,1.591419168,-1.472802779,-2,-0.858756423,0.09762115777,0.009037597105,-0.8676234604,0.2559103341,0,0.3011092203,0.1587947287,2.200248406,0.1647799313,-2.662125349,0.008459260687,-0.163155441,0.1862717631,0.007094208799,0.6986643807,-0.05338175741,0.4076496264,0.03977469866,1,0,0,0
26.4406271,24.42054534,torque,figure8,1.566261172,-1.359488964,-1.722162247,1.582713362,-1.470179914,-2,-0.858756423,0.09762115777,0.009037597105,-0.8708422525,0.2678479547,0,0.2995279254,0.1708944348,1.896952018,0.1647799313,-2.662125349,0.008459260687,-0.04481137323,0.06151727724,-0.007280603349,0.6991661584,-0.02480009037,0.3781866922,-0.03148731558,1,0,0,0
26.45062566,24.4305439,torque,figure8,1.546060681,-1.354058862,-1.721768379,1.573990203,-1.467442331,-2,-0.8674150109,0.1391798109,0.008890457451,-0.87403796,0.2797436918,0,0.3017427782,0.1410003841,5.53566044,0.1669146866,-1.891671777,0.001941287657,-0.2311036692,0.7893671606,0.01295193914,0.6956093367,-0.06434610308,0.3932635717,0.05875715166,1,0,0,0
26.46065831,24.44057655,torque,figure8,1.546060681,-1.354058862,-1.721768379,1.565205271,-1.464575978,-2,-0.8674150109,0.1391798109,0.008890457451,-0.8772267796,0.2916572222,0,0.2999889717,0.1530512072,5.248313047,0.1669146866,-1.891671777,0.001941287657,-0.1059825054,0.6152900519,-0.006388213412,0.6962920036,-0.03365894082,0.3477866323,-0.01909804287,1,0,0,0
26.47061276,24.45053101,torque,figure8,1.532474756,-1.34989953,-1.721568108,1.556457284,-1.461613953,-2,-0.8745814562,0.1742849499,0.006352060474,-0.8803730721,0.3034543917,0,0.3009644375,0.1294551513,6.70308345,0.120778054,-0.8306165338,-0.005427349359,-0.1938937555,0.9739894192,0.002912073671,0.6933300894,-0.04573659335,0.2632679425,0.02039325459,1,0,0,0
26.48065376,24.460572,torque,figure8,1.532474756,-1.34989953,-1.721568108,1.547601601,-1.458507328,-2,-0.8745814562,0.1742849499,0.006352060474,-0.8835288224,0.3153294505,0,0.2992470449,0.1414706867,6.416148838,0.120778054,-0.8306165338,-0.005427349359,-0.07970713356,0.7877684157,-0.0153094723,0.6940804624,-0.01874868145,0.214866804,-0.03708654391,1,0,0,0
26.49062252,24.47054076,torque,figure8,1.511956096,-1.342617631,-1.721349239,1.538778374,-1.455305227,-2,-0.8860185146,0.2293186784,0.005406155251,-0.8866440242,0.3270936014,0,0.3017684134,0.09792626481,6.795450728,0.06771510094,0.9702541232,-0.01684360392,-0.2667122849,1.175389583,0.006847812015,0.6923807759,-0.05361445826,0.05327769233,0.03033994363,1,0,0,0
26.50067234,24.48059058,torque,figure8,1.511956096,-1.342617631,-1.721349239,1.529852056,-1.451958512,-2,-0.8860185146,0.2293186784,0.005406155251,-0.8897664968,0.3389267603,0,0.2998698718,0.1098053072,6.500399925,0.06771510094,0.9702541232,-0.01684360392,-0.1404754447,0.938280744,-0.01073735617,0.693117195,-0.02244407296,-0.01094173515,-0.005825997984,1,0,0,0
26.51060081,24.49051905,torque,figure8,1.505048275,-1.33994329,-1.721274853,1.521002801,-1.448535569,-2,-0.8898382783,0.246376127,0.006122927647,-0.8928333953,0.3505898066,0,0.299557236,0.1044363537,5.901272593,0.0472234115,1.518510222,-0.02126276121,-0.1329392232,0.8601332337,-0.01238480283,0.6940207963,-0.01810262188,-0.1008192795,3.075826654e-05,1,0,0,0
26.52066541,24.50058365,torque,figure8,1.498129606,-1.337075353,-1.721190929,1.51200122,-1.444947644,-2,-0.8934673667,0.2622412741,0.007321577519,-0.8959241559,0.3623841987,0,0.2992713665,0.1004402641,5.067430966,0.02266059443,2.002953053,-0.02486491576,-0.123757223,0.7446485306,-0.01346090976,0.6952568933,-0.0131218686,-0.1865508551,0.007374931048,1,0,0,0
26.53062534,24.51054358,torque,figure8,1.484197736,-1.331050515,-1.720983505,1.503062716,-1.441280317,-2,-0.9001686573,0.2890882492,0.009406628087,-0.8989646827,0.3740266683,0,0.3005939138,0.08546618776,3.260158653,-0.02892698161,2.603311539,-0.02729146369,-0.2039837416,0.6106985294,-0.005462130984,0.6970859975,-0.02536496326,-0.2731518686,0.01638805616,1,0,0,0
26.5406301,24.52054834,torque,figure8,1.484197736,-1.331050515,-1.720983505,1.494053588,-1.437479894,-2,-0.9001686573,0.2890882492,0.009406628087,-0.9020007122,0.3856912743,0,0.2987884784,0.0970772143,2.940239965,-0.02892698161,2.603311539,-0.02729146369,-0.08955911607,0.3997386053,-0.01482614202,0.6976173777,0.001890222274,-0.3265193741,0.01980455822,1,0,0,0
26.55060339,24.53052163,torque,figure8,1.4631145,-1.321274757,-1.720607281,1.485042659,-1.433575429,-2,-0.9083576798,0.3152583838,0.01112354267,-0.9050089949,0.3972880656,0,0.3019148498,0.08284814785,1.524111568,-0.09212087095,2.616868258,-0.02661542594,-0.2535835019,0.1519099963,-0.003754766696,0.6983903184,-0.02963894866,-0.3327895046,0.007363640952,1,0,0,0
26.56066656,24.5405848,torque,figure8,1.4631145,-1.321274757,-1.720607281,1.475920203,-1.42951871,-2,-0.9083576798,0.3152583838,0.01112354267,-0.9080259135,0.4089569272,0,0.2999017021,0.09435708941,1.496876016,-0.09212087095,2.616868258,-0.02661542594,-0.1259884396,-0.05516969154,-0.008119852269,0.698713189,0.001760725647,-0.3841569409,0.02680028391,1,0,0,0
26.57061243,24.55053067,torque,figure8,1.448945045,-1.314529181,-1.72037077,1.466874344,-1.425394062,-2,-0.9126794338,0.3237541616,0.007712765597,-0.9109893693,0.4204568129,0,0.3013386605,0.09702445997,3.145557071,-0.1047580019,2.038229704,-0.02077785693,-0.1910779249,-0.3001162197,-0.004969324668,0.6970690033,-0.01315025187,-0.3285520734,0.01300738068,1,0,0,0
26.58063269,24.56055093,torque,figure8,1.448945045,-1.314529181,-1.72037077,1.457731116,-1.421123072,-2,-0.9126794338,0.3237541616,0.007712765597,-0.9139565355,0.4320086375,0,0.2993859705,0.1085363962,3.332793674,-0.1047580019,2.038229704,-0.02077785693,-0.07388823975,-0.4647466855,-0.006707197948,0.6972717417,0.01460730169,-0.3656391385,0.03022923185,1,0,0,0
26.5906179,24.57053614,torque,figure8,1.427600861,-1.303994894,-1.720181465,1.448590384,-1.416752049,-2,-0.9177439213,0.3271342516,-0.002827306744,-0.9168948384,0.4434851085,0,0.3024122163,0.1163883006,4.750744624,-0.06487210095,0.4961694777,-0.007989075966,-0.2303112583,-0.6099767722,-0.003438696034,0.6933868361,-0.02948075971,-0.1552034541,0.007814486024,1,0,0,0
26.60064888,24.58056712,torque,figure8,1.427600861,-1.303994894,-1.720181465,1.439378299,-1.412245783,-2,-0.9177439213,0.3271342516,-0.002827306744,-0.9198279718,0.4549781286,0,0.3002588474,0.1278921179,4.974531276,-0.06487210095,0.4961694777,-0.007989075966,-0.1019799698,-0.7507797413,-0.003815900908,0.6935016838,0.001896339675,-0.184803793,0.01212320818,1,0,0,0
26.6106379,24.59055614,torque,figure8,1.406133413,-1.293521643,-1.720253944,1.430175605,-1.407643987,-2,-0.9221128821,0.327750355,-0.01177009195,-0.9227302108,0.4663862229,0,0.3030838037,0.1391359767,4.090672942,0.009266415611,-1.331479788,0.005228802096,-0.2601910636,-0.603221125,0.0008255485591,0.6920515683,-0.04562049923,0.09984034878,0.02709555637,1,0,0,0
26.62064743,24.60056567,torque,figure8,1.406133413,-1.293521643,-1.720253944,1.420925035,-1.402918627,-2,-0.9221128821,0.327750355,-0.01177009195,-0.9256197054,0.4777799231,0,0.3007396678,0.150531406,4.303327453,0.009266415611,-1.331479788,0.005228802096,-0.1259009382,-0.7259322332,-0.002250009176,0.6922250523,-0.01246137379,0.07549491017,-0.0005493691194,1,0,0,0
26.63061452,24.61053276,torque,figure8,1.391760468,-1.286475658,-1.720388889,1.41168504,-1.398100171,-2,-0.9254060388,0.3324910402,-0.01334392373,-0.9284782888,0.4890867901,0,0.3017273498,0.1571932819,2.616837184,0.03852149099,-2.279030323,0.01236222778,-0.1994731434,-0.4590821871,0.001784317063,0.6930353669,-0.03346496584,0.2503331111,0.01563074029,1,0,0,0
26.64063525,24.62055349,torque,figure8,1.391760468,-1.286475658,-1.720388889,1.402366686,-1.393142372,-2,-0.9254060388,0.3324910402,-0.01334392373,-0.9313334283,0.5004148367,0,0.2994539244,0.1685573958,2.79028212,0.03852149099,-2.279030323,0.01236222778,-0.07909366529,-0.571039734,-0.004470739115,0.6933235307,-0.005199905293,0.2287306565,-0.02892636258,1,0,0,0
26.6506238,24.63054204,torque,figure8,1.370085955,-1.275744557,-1.720526457,1.393049884,-1.38808773,-2,-0.9320729375,0.3523144722,-0.01279703993,-0.9341605506,0.511665993,0,0.3020824254,0.159878171,2.065663701,0.04918882251,-2.877800226,0.01412577461,-0.259163431,0.1277309146,0.009498915699,0.6933618205,-0.0481011411,0.4253799323,0.04821266385,1,0,0,0
26.6606462,24.64056444,torque,figure8,1.370085955,-1.275744557,-1.720526457,1.383673215,-1.382903208,-2,-0.9320729375,0.3523144722,-0.01279703993,-0.9369782856,0.5229137231,0,0.2996215134,0.1711488565,1.728392428,0.04918882251,-2.877800226,0.01412577461,-0.129249357,-0.01503365365,-0.00386131039,0.6938826451,-0.01673112187,0.3927748726,-0.02780586213,1,0,0,0
26.67061734,24.65053558,torque,figure8,1.355531931,-1.268314004,-1.720615149,1.374316574,-1.377633546,-2,-0.9377170801,0.3754770756,-0.01261230558,-0.9397626964,0.5340617078,0,0.3005986035,0.1590985241,4.226244916,0.05100737512,-2.604902744,0.008585910313,-0.211760877,0.4805552189,0.004322696637,0.6919615416,-0.0356754591,0.4351798847,0.01699854603,1,0,0,0
26.68063211,24.66055036,torque,figure8,1.355531931,-1.268314004,-1.720615149,1.364891141,-1.372229154,-2,-0.9377170801,0.3754770756,-0.01261230558,-0.942540246,0.5452151792,0,0.2982311995,0.170274358,3.896289723,0.05100737512,-2.604902744,0.008585910313,-0.09368007432,0.3237061292,-0.01131146761,0.6926354658,-0.008270374695,0.3978306337,-0.05549494777,1,0,0,0
26.69061732,24.67053556,torque,figure8,1.333571911,-1.256443143,-1.720783472,1.355465933,-1.366729729,-2,-0.9481247663,0.4243908525,-0.01753851026,-0.945290538,0.5562916293,0,0.3010055626,0.1330918748,7.15250868,0.05477362126,-1.299265027,-0.00586026255,-0.2802982667,1.092478097,0.01196944276,0.686541083,-0.0514852518,0.3546880315,0.0502361618,1,0,0,0
26.70064664,24.68056488,torque,figure8,1.333571911,-1.256443143,-1.720783472,1.345971543,-1.361094903,-2,-0.9481247663,0.4243908525,-0.01753851026,-0.9480337666,0.5673717817,0,0.298441973,0.1440526075,6.830885886,0.05477362126,-1.299265027,-0.00586026255,-0.1506786515,0.8717035131,-0.008186379646,0.6873724948,-0.02003250623,0.2964179217,-0.02291115417,1,0,0,0
26.71063137,24.69054961,torque,figure8,1.326182961,-1.252251625,-1.720863819,1.336492126,-1.355374968,-2,-0.9518470168,0.4427667856,-0.01831000112,-0.9507456188,0.5783567608,0,0.2977544463,0.1368251095,7.253429386,0.06205987558,-0.7057407498,-0.01226743124,-0.1426206758,0.9562587498,-0.01108742373,0.6863976567,-0.01959013943,0.2245856917,-0.02189292983,1,0,0,0
26.72063851,24.70055676,torque,figure8,1.318800211,-1.247927189,-1.720955849,1.326964359,-1.349532377,-2,-0.9555948973,0.4613992572,-0.01809423417,-0.9534442993,0.5893195347,0,0.2970789558,0.1292115467,7.403604682,0.07461947948,-0.08203487843,-0.01636441797,-0.1368972826,1.001921267,-0.01360540101,0.6860571407,-0.0204866674,0.1429869828,-0.01985429873,1,0,0,0
26.7306273,24.71054554,torque,figure8,1.303929806,-1.238889456,-1.72112751,1.317427236,-1.343591337,-2,-0.9632200599,0.4976993799,-0.01582897082,-0.9561187475,0.6002145266,0,0.2981853958,0.1039727861,7.193920856,0.06281678379,1.136738658,-0.02361971512,-0.2305190794,1.165895011,-0.003358844265,0.6863028083,-0.04041434395,0.01472283547,0.01237132959,1,0,0,0
26.740628,24.72054625,torque,figure8,1.303929806,-1.238889456,-1.72112751,1.307852065,-1.337534427,-2,-0.9632200599,0.4976993799,-0.01582897082,-0.9587770349,0.6110739255,0,0.2958311681,0.1145603962,6.868828066,0.06281678379,1.136738658,-0.02361971512,-0.1135729344,0.9256448436,-0.01889289514,0.6871232167,-0.01271037589,-0.04807532897,-0.01443871362,1,0,0,0
26.7506249,24.73054314,torque,figure8,1.281434298,-1.224341989,-1.721280098,1.298254074,-1.331371534,-2,-0.9737746119,0.5438994169,-0.008857936598,-0.9614149014,0.621879707,0,0.2990368074,0.0794490474,4.884550686,0.02205677144,2.590492725,-0.03504305705,-0.3063510851,0.9878010931,-0.001138672184,0.6904189876,-0.05233838882,-0.2007446157,0.01217349913,1,0,0,0
26.76065087,24.74056911,torque,figure8,1.281434298,-1.224341989,-1.721280098,1.288601769,-1.325082465,-2,-0.9737746119,0.5438994169,-0.008857936598,-0.9640409016,0.6326663678,0,0.2964537065,0.08973728171,4.541963345,0.02205677144,2.590492725,-0.03504305705,-0.1748568139,0.7163575281,-0.01208982491,0.691067155,-0.01975957089,-0.2727304004,0.01687161202,1,0,0,0
26.77061582,24.75053406,torque,figure8,1.258723378,-1.208860755,-1.721206903,1.278982233,-1.318724776,-2,-0.9825336337,0.5738071203,-0.00217099837,-0.966631471,0.6433363216,0,0.3003433284,0.07135756331,1.938469163,-0.03457318246,3.158643246,-0.04030257836,-0.3500362793,0.4706557927,-0.005457821162,0.6940099909,-0.05306304099,-0.3535778551,-0.007402191853,1,0,0,0
26.78064346,24.7605617,torque,figure8,1.258723378,-1.208860755,-1.721206903,1.269276205,-1.31222001,-2,-0.9825336337,0.5738071203,-0.00217099837,-0.9692187203,0.6540211793,0,0.2975232569,0.08134061353,1.671236371,-0.03457318246,3.158643246,-0.04030257836,-0.2099634737,0.2081415701,-0.008901668977,0.694400838,-0.01798985849,-0.4213208031,0.02786528336,1,0,0,0
26.79066491,24.77058315,torque,figure8,1.251118183,-1.203527212,-1.721155167,1.259550356,-1.305612487,-2,-0.9849755764,0.5795641541,-0.002138062613,-0.9717846532,0.6646462127,0,0.2970638751,0.0861250745,1.950817579,-0.04661710933,3.073073387,-0.03929546103,-0.1899144497,-0.04925436568,-0.008275302721,0.6944005892,-0.01220344674,-0.4493785731,0.03609445663,1,0,0,0
26.80065489,24.78057313,torque,figure8,1.243489385,-1.198174834,-1.72110939,1.249829555,-1.298920005,-2,-0.9872199297,0.5831543803,-0.003000478027,-0.974322858,0.6751840676,0,0.2965969645,0.09297742015,2.97674678,-0.05848676711,2.839013338,-0.03652359173,-0.1734267442,-0.2944965134,-0.006928899264,0.6937801111,-0.007593593708,-0.4531303824,0.04142599186,1,0,0,0
26.81066918,24.79058743,torque,figure8,1.22820425,-1.187355638,-1.72106123,1.240059741,-1.292105847,-2,-0.9910342097,0.5847554803,-0.008360580541,-0.9768474791,0.6856927947,0,0.2981945617,0.1022717169,4.898093725,-0.07295239717,1.986911416,-0.02959908359,-0.2481679561,-0.5641729231,-0.005884665757,0.6908575744,-0.02392365549,-0.3623638937,0.02017199561,1,0,0,0
26.82067013,24.80058837,torque,figure8,1.220551014,-1.181917787,-1.721088886,1.230277819,-1.285196025,-2,-0.9925708771,0.583304286,-0.01049535163,-0.9793489363,0.6961319232,0,0.2975775773,0.1140835126,5.68249524,-0.06713157892,1.40305686,-0.02294836938,-0.215794389,-0.7531784847,-0.004153839569,0.6896385101,-0.0165830258,-0.3110572087,0.02536532441,1,0,0,0
26.83061981,24.81053805,torque,figure8,1.2051965,-1.17115283,-1.721168518,1.220521307,-1.278218297,-2,-0.9951424003,0.5781684518,-0.01024509501,-0.981817889,0.7064615832,0,0.2990733341,0.1293894592,6.202260371,-0.02846034989,0.08076451719,-0.01077087503,-0.2820202381,-0.8500302499,-0.003688355232,0.689152139,-0.03713928805,-0.1354014193,0.01690083373,1,0,0,0
26.84065557,24.82057381,torque,figure8,1.2051965,-1.17115283,-1.721168518,1.210655612,-1.271076381,-2,-0.9951424003,0.5781684518,-0.01024509501,-0.9842882607,0.716823211,0,0.2962456973,0.1394557872,6.445283496,-0.02846034989,0.08076451719,-0.01077087503,-0.1526881409,-0.9868754179,-0.0002936778181,0.6891731579,-0.006047090901,-0.1620034201,0.02647671466,1,0,0,0
26.85061526,24.8305335,torque,figure8,1.182138205,-1.155097008,-1.721212149,1.200840272,-1.26388607,-2,-0.999078393,0.5719148517,-0.008324060589,-0.986720064,0.7270485007,0,0.2998457827,0.1558475773,4.947332587,0.01653436013,-1.828387141,0.005435104482,-0.3301203026,-0.7390767382,0.002455760268,0.6914547861,-0.05386840252,0.1494221871,0.03851342006,1,0,0,0
26.86063933,24.84055758,torque,figure8,1.182138205,-1.155097008,-1.721212149,1.190937137,-1.256546749,-2,-0.999078393,0.5719148517,-0.008324060589,-0.9891475719,0.7372808938,0,0.2968031962,0.1658729607,5.166814051,0.01653436013,-1.828387141,0.005435104482,-0.192336663,-0.8629598559,0.00198340773,0.6915832988,-0.01997751882,0.1258674273,0.01046005407,1,0,0,0
26.87061644,24.85053468,torque,figure8,1.166680217,-1.144528747,-1.721226454,1.181056341,-1.249140264,-2,-1.002476096,0.5735603571,-0.006724961102,-0.9915437201,0.7474057576,0,0.2981022184,0.1743185739,3.126814446,0.02941696905,-2.774890423,0.01484133396,-0.2744196894,-0.5246532598,0.006113662553,0.6937961749,-0.0408176645,0.3113358746,0.02702707189,1,0,0,0
26.88064098,24.86055923,torque,figure8,1.166680217,-1.144528747,-1.721226454,1.17110458,-1.241597123,-2,-1.002476096,0.5735603571,-0.006724961102,-0.9939311332,0.7575180749,0,0.295222856,0.1842788199,3.285888142,0.02941696905,-2.774890423,0.01484133396,-0.1498240755,-0.6410747754,0.001295583754,0.6940766237,-0.01151791121,0.2891537357,-0.02131115127,1,0,0,0
26.89062643,24.87054467,torque,figure8,1.143495798,-1.128592253,-1.721157312,1.161167944,-1.23398293,-2,-1.009308934,0.5913062692,-0.005719341803,-0.9962891265,0.7675296505,0,0.298618057,0.1767962284,2.623034559,0.00197278359,-3.225956678,0.02107595839,-0.3346649674,0.1645077457,0.01531929867,0.6943170267,-0.05087048751,0.4817123617,0.05592841689,1,0,0,0
26.90064216,24.8805604,torque,figure8,1.143495798,-1.128592253,-1.721157312,1.151177625,-1.226245534,-2,-1.009308934,0.5913062692,-0.005719341803,-0.9986340623,0.7775093127,0,0.2955476581,0.1865964554,2.273618333,0.00197278359,-3.225956678,0.02107595839,-0.1997064923,0.01054043224,0.002442601556,0.6948798479,-0.01817735984,0.4461442685,-0.02585040716,1,0,0,0
26.91062498,24.89054322,torque,figure8,1.127962351,-1.117755175,-1.72111392,1.141196854,-1.218434407,-2,-1.015135884,0.6145783067,-0.005904184189,-1.000951109,0.7873933274,0,0.2967977518,0.1734966819,4.862652085,-0.02334374934,-2.740022182,0.02217251994,-0.2786795426,0.5582231917,0.01013620386,0.6924916708,-0.03338513372,0.4674836308,0.01122835553,1,0,0,0
26.92068863,24.90060687,torque,figure8,1.127962351,-1.117755175,-1.72111392,1.131111967,-1.21046049,-2,-1.015135884,0.6145783067,-0.005904184189,-1.003266469,0.7972930303,0,0.2939075382,0.1831950126,4.507259973,-0.02334374934,-2.740022182,0.02217251994,-0.1560614936,0.3867279956,-0.005291535803,0.6932290013,-0.004910762472,0.4261835805,-0.06434282519,1,0,0,0
26.93061185,24.91053009,torque,figure8,1.104506969,-1.100839257,-1.720990896,1.121145089,-1.202500608,-2,-1.025116205,0.6625231504,-0.003152202815,-1.005529374,0.8069905537,0,0.2974187909,0.1458232181,7.555051678,-0.09761017561,-1.013648391,0.01166171022,-0.3255465061,1.176450003,0.01566783939,0.689065832,-0.03586618888,0.3312653379,0.03432778514,1,0,0,0
26.94068861,24.92060685,torque,figure8,1.104506969,-1.100839257,-1.720990896,1.111001118,-1.194319417,-2,-1.025116205,0.6625231504,-0.003152202815,-1.007806774,0.8167722549,0,0.2943243009,0.1552492802,7.211274709,-0.09761017561,-1.013648391,0.01166171022,-0.191661584,0.9354970682,-0.003888223054,0.6899464578,-0.003326853143,0.2672140088,-0.03669707669,1,0,0,0
26.95062876,24.930547,torque,figure8,1.088840127,-1.089025855,-1.720844984,1.100972289,-1.186152896,-2,-1.031514168,0.6975385547,0.002394561889,-1.010032996,0.8263555283,0,0.295818144,0.1306177145,7.728089146,-0.07832370698,0.3688825369,-0.003375221277,-0.2573671519,1.213741334,0.003618954262,0.6899950163,-0.02281933337,0.131671916,0.001862262403,1,0,0,0
26.96068382,24.94060206,torque,figure8,1.088840127,-1.089025855,-1.720844984,1.090805105,-1.177795381,-2,-1.031514168,0.6975385547,0.002394561889,-1.012264395,0.8359823039,0,0.2929358511,0.1397961351,7.387709714,-0.07832370698,0.3688825369,-0.003375221277,-0.1364023033,0.9696781237,-0.01319156254,0.6908718632,0.005610664241,0.06787080818,-0.03985029408,1,0,0,0
26.97062731,24.95054555,torque,figure8,1.065161824,-1.070375919,-1.72043705,1.080728783,-1.169435752,-2,-1.040166736,0.7461124659,0.01068453863,-1.014450651,0.8454349285,0,0.2970027335,0.1031524502,6.14554244,-0.03160475194,2.199927568,-0.02214482054,-0.3008747151,1.184091517,0.002892560293,0.6939755473,-0.04151865759,-0.1138374507,0.003419502385,1,0,0,0
26.98069143,24.96060967,torque,figure8,1.065161824,-1.070375919,-1.72043705,1.070508177,-1.160879334,-2,-1.040166736,0.7461124659,0.01068453863,-1.016642749,0.8549332894,0,0.2938960609,0.111845916,5.797263946,-0.03160475194,2.199927568,-0.02214482054,-0.1696060725,0.8973513828,-0.009960129488,0.6947091516,-0.009412919933,-0.1906972191,-0.002786048478,1,0,0,0
26.9906795,24.97059774,torque,figure8,1.057248235,-1.063933492,-1.720254898,1.060343099,-1.152293413,-2,-1.042715549,0.7597367167,0.01247958839,-1.018797666,0.8642905251,0,0.2933843484,0.1079782577,4.682265991,-0.02309443429,2.637994289,-0.02962965518,-0.1526578872,0.7298325934,-0.01129305139,0.6964139283,-0.007929581726,-0.2782583702,0.01021445636,1,0,0,0
27.00066257,24.98058081,torque,figure8,1.049307108,-1.057402372,-1.720060825,1.050161713,-1.143618753,-2,-1.045066476,0.7713614702,0.01433679834,-1.020930936,0.8735732828,0,0.2929162612,0.1059968051,3.426870372,-0.0131657077,2.965219975,-0.03458232805,-0.139384664,0.5339209787,-0.0114184056,0.6980109864,-0.007596092045,-0.3533494047,0.0230886387,1,0,0,0
27.01066327,24.99058151,torque,figure8,1.033394575,-1.044068933,-1.719643593,1.039941083,-1.134836198,-2,-1.049096465,0.7883287072,0.01449812762,-1.023047318,0.8828017389,0,0.2947562864,0.09906516782,1.606329411,-0.008963186294,3.166389942,-0.03689490259,-0.2167157867,0.2884946978,-0.006868690263,0.6989286079,-0.02728356634,-0.3989554985,0.0177866455,1,0,0,0
27.02066183,25.00058007,torque,figure8,1.025426269,-1.037302136,-1.719432592,1.029701591,-1.125963624,-2,-1.050759912,0.7935295105,0.01229754649,-1.025142533,0.8919567214,0,0.2942740356,0.1024470379,1.778762453,-0.01064502168,3.002141953,-0.03573113307,-0.1894464503,0.02084635867,-0.006800820011,0.6984538328,-0.02023429131,-0.4210246065,0.02720003914,1,0,0,0
27.03061962,25.01053786,torque,figure8,1.009429693,-1.023724318,-1.719097853,1.019483133,-1.117036608,-2,-1.053514957,0.7977871299,0.004591612611,-1.027208578,0.901002589,0,0.2961659527,0.1066139742,3.563118263,0.006946830079,2.249643087,-0.02897490747,-0.2598518019,-0.259140052,-0.005978025105,0.6955547103,-0.03858066707,-0.3471334884,0.009012031062,0,0,0,0
