t,flight_t,mode,scenario,x,y,z,xd,yd,zd,vx,vy,vz,vxd,vyd,vzd,pos_err,vel_err,att_err_deg,wx,wy,wz,wspx,wspy,wspz,thrust_norm,taux_norm,tauy_norm,tauz_norm,armed,nav_state,failsafe,preflight_ok
0,0,torque,hover,-0.0138634406,0.02752830461,-0.03481183946,0,0,-0,0.001076745917,0.01262482256,-0.002855812432,0,0,-0,0.04649587838,0.01298850226,0.9433136824,0.0003223030944,6.76007694e-05,-0.0004066916299,-3.086505599,16.28931556,-0.02489019896,0.578694267,-0.4368005634,0.55,-0.02558739541,0,255,0,0
0.009984493256,0,torque,hover,-0.01392390113,0.0274045188,-0.0347276777,0,0,-0,0.001159325824,0.01247592364,-0.00278869085,0,0,-0,0.04637773466,0.01283625738,0.9370812104,2.393308569e-05,0.0001127685246,4.373818592e-05,-2.320708471,12.2419047,-0.01898051151,0.5787418659,-0.2375914439,0.55,-0.007481371733,0,0,0,0
0.02025508881,0,torque,hover,-0.01403785124,0.02716782503,-0.0345685482,0,0,-0,0.001246245811,0.01225875691,-0.002664964413,0,0,-0,0.04615340192,0.01260683485,0.9265706701,-0.0008650179952,0.0001039559502,0.0002233807172,-1.747274017,9.203977793,-0.01470044311,0.5788311015,-0.103780916,0.5473852329,0.005402739736,0,0,0,0
0.02999472618,0,torque,hover,-0.0140718529,0.02704613842,-0.03445349634,0,0,-0,0.001324817305,0.01208287477,-0.002660136204,0,0,-0,0.04600602197,0.01244296301,0.9195990275,-0.0001810478425,0.0004463874793,0.0002860703389,-1.315945802,6.927016836,-0.01108695648,0.5788741121,-0.01190159426,0.06006823755,0.01265471332,0,0,0,0
0.04037427902,0,torque,hover,-0.01410388108,0.02692747302,-0.03434285522,0,0,-0,0.001354986103,0.01188796107,-0.002665313194,0,0,-0,0.04586327473,0.01225820134,0.9129350775,-0.000841986679,-0.0005325512611,0.0002073145442,-0.9928862087,5.219201673,-0.008362688607,0.578912942,0.04466352386,-0.2394679428,0.01796579094,0,0,0,0
0.04998540878,0,torque,hover,-0.01413420681,0.02681151964,-0.03423625231,0,0,-0,0.001417471794,0.01165752858,-0.002598577645,0,0,-0,0.04572476746,0.01202746044,0.9054230483,0.0001115772029,-0.0002296750463,0.0008613586542,-0.7502975436,3.937496246,-0.006282453609,0.5789685445,0.08105700509,-0.4330454759,0.01953624692,0,0,0,0
0.06015872955,0,torque,hover,-0.01416855678,0.02659422345,-0.03399984539,0,0,-0,0.001456524013,0.01130506769,-0.002502662363,0,0,-0,0.04543115901,0.0116700187,0.893486119,-0.000375680771,-0.0001828731911,-3.716169158e-05,-0.5689508489,2.973540951,-0.004696735907,0.5790785634,0.09989712923,-0.5338393575,0.0221605089,0,0,0,0
0.06998300552,0,torque,hover,-0.01417292748,0.02649270184,-0.03387035429,0,0,-0,0.001471513766,0.01116512995,-0.002435531234,0,0,-0,0.04527621919,0.01152203506,0.8880400331,-0.0001653629879,-0.0002739238553,-0.0007143998519,-0.4324092031,2.253889712,-0.003383012493,0.5791425573,0.1086720803,-0.55,0.02278178015,0,0,0,0
0.08001112938,0,torque,hover,-0.01417611912,0.02639408037,-0.03374519944,0,0,-0,0.001550880959,0.01105899643,-0.002397853415,0,0,-0,0.04512591625,0.01142174833,0.8831306501,-0.0001167604714,-0.0007367278449,1.826936023e-05,-0.329246246,1.714390471,-0.002345183966,0.579197468,0.1100468278,-0.55,0.02098315954,0,0,0,0
0.08997797966,0,torque,hover,-0.01416086778,0.02619588561,-0.03348954022,0,0,-0,0.001658031717,0.01076705661,-0.002293500584,0,0,-0,0.04481410385,0.01113277693,0.8710668918,0.001186128473,6.152701098e-05,0.0003836471587,-0.2517310965,1.306034589,-0.001494756339,0.579316722,0.1066484019,-0.55,0.01935609935,0,0,0,0
0.1001870632,0,torque,hover,-0.01414300594,0.02609571628,-0.03335933387,0,0,-0,0.001736347564,0.01061037742,-0.002241841285,0,0,-0,0.04465261674,0.01098275303,0.8646795744,0.001273813425,0.0003191753931,2.495727858e-05,-0.1935396794,1.002378071,-0.0008801188546,0.5793770593,0.1003304669,-0.5340306649,0.01817319843,0,0,0,0
0.1100034714,0,torque,hover,-0.01412410941,0.02599815466,-0.03323310614,0,0,-0,0.0018054049,0.01046156418,-0.002150808461,0,0,-0,0.04449532397,0.0108318876,0.85901539,0.001943839248,-0.0006012847298,0.000265398412,-0.1499471296,0.7745216255,-0.0004119384557,0.5794458649,0.09256481316,-0.4927060577,0.01635263962,0,0,0,0
0.1203570366,0,torque,hover,-0.01410433743,0.02590315603,-0.03311088681,0,0,-0,0.001849965774,0.01034528855,-0.002122997073,0,0,-0,0.04434226711,0.01072168294,0.8536360755,0.0001655561791,0.0002451064065,-0.0005465798895,-0.1173739676,0.6039429459,-1.849558829e-05,0.5794972729,0.08412291874,-0.4465443031,0.01565669376,0,0,0,0
0.1300153732,0,torque,hover,-0.01405424066,0.02579751797,-0.03295964003,0,0,-0,0.00195518625,0.01018662099,-0.00211406569,0,0,-0,0.04415168722,0.01058580531,0.8470164027,0.0003564480867,-0.0004883722286,7.144630217e-05,-0.09188235002,0.4750244959,0.0002921005767,0.5795543392,0.0757649936,-0.4010784569,0.01329002873,0,0,0,0
0.1400363445,0,torque,hover,-0.01395281218,0.0255930759,-0.03267168999,0,0,-0,0.002189324703,0.00990305841,-0.002046073088,0,0,-0,0.04378499547,0.01034650296,0.8337706007,-0.001245682826,1.985970357e-06,9.225075337e-05,-0.07081715912,0.3752578818,0.0006495810032,0.5796760047,0.06812161801,-0.3570634029,0.01146012466,0,0,0,0
0.1500153542,0,torque,hover,-0.0139011424,0.02549480088,-0.03252640367,0,0,-0,0.002280705143,0.009775755927,-0.002055359771,0,0,-0,0.04360267844,0.01024653716,0.8276096968,-0.001099615474,-6.619184569e-05,0.0005496068043,-0.05670548752,0.3034579778,0.0008392891555,0.579726347,0.06011207133,-0.3145699391,0.009502002251,0,0,0,0
0.1600198746,0,torque,hover,-0.01382533647,0.02538795583,-0.03234922886,0,0,-0,0.00241002813,0.009588463232,-0.002067946829,0,0,-0,0.04338387762,0.01010065675,0.8200201363,-0.0004430179542,-0.0004589630407,1.512782364e-05,-0.04541844133,0.2486315251,0.001012365921,0.5797873547,0.05277255018,-0.27546017,0.008694049906,0,0,0,0
0.170009613,0,torque,hover,-0.01374919154,0.02528336272,-0.03217720985,0,0,-0,0.002559413435,0.009429277852,-0.001951654558,0,0,-0,0.04317014631,0.009963474969,0.8124704309,-0.0008275220171,0.0001562520774,0.0009070090018,-0.03654465894,0.2075354938,0.001143892665,0.5798792223,0.04626729079,-0.2399471991,0.006571547542,0,0,0,0
0.180129528,0,torque,hover,-0.01359503064,0.02508165129,-0.03184776008,0,0,-0,0.002845636103,0.009171933867,-0.00185508118,0,0,-0,0.04275738429,0.00978076387,0.7992021355,-0.0009114092099,-5.775210229e-05,0.0002628172806,-0.02753324755,0.1738883356,0.001363072303,0.580023132,0.0408440515,-0.2084429577,0.00607999118,0,0,0,0
0.1899912357,0,torque,hover,-0.01351781748,0.02498424426,-0.03169058263,0,0,-0,0.002871167613,0.009000664577,-0.001817478915,0,0,-0,0.04255862872,0.009620748198,0.7923736827,-0.000671721471,0.0001991497847,0.0002842676477,-0.02402692808,0.1509997697,0.001465847199,0.5800896793,0.03507472004,-0.1798116325,0.00533404402,0,0,0,0
0.2001004219,0,torque,hover,-0.01342011429,0.02487978339,-0.03150321543,0,0,-0,0.003068993799,0.008839853108,-0.001759834005,0,0,-0,0.04232677252,0.009521488415,0.7849556526,-0.0003847034241,-0.000722380646,0.0007010457339,-0.01927825237,0.1335395206,0.001551540075,0.580172149,0.03047803674,-0.1543247766,0.004114042205,0,0,0,0
0.2099993229,0,torque,hover,-0.01332171913,0.02477757633,-0.03132146597,0,0,-0,0.003268508241,0.008681803942,-0.001744061941,0,0,-0,0.04210024608,0.009439206421,0.7779579922,0.00114440883,-0.001188798458,0.001148767537,-0.01553881951,0.1202765065,0.00162225248,0.5802419261,0.02624385668,-0.1320221237,0.003017546488,0,0,0,0
0.2200086117,0,torque,hover,-0.01312458143,0.02457942441,-0.03099051118,0,0,-0,0.003511782037,0.00837102253,-0.001659258618,0,0,-0,0.04167510678,0.009228205158,0.7633196565,-0.0003580054909,0.0002478918177,-0.0002458266099,-0.01099062614,0.106846018,0.001821336725,0.5803834616,0.02326159902,-0.1135010535,0.003948366106,0,0,0,0
0.2300114632,0,torque,hover,-0.01299638394,0.02448679879,-0.03081029654,0,0,-0,0.003665065859,0.008178662509,-0.001608232851,0,0,-0,0.04144615402,0.009105473139,0.7557552136,-0.001057225512,-0.0008578197449,0.0005724901566,-0.00891068201,0.09943997051,0.001892193832,0.5804616558,0.02014430617,-0.09625803402,0.002681943406,0,0,0,0
0.2402405739,0,torque,hover,-0.01286858227,0.02439572103,-0.03063555062,0,0,-0,0.003831755836,0.007997683249,-0.001612381777,0,0,-0,0.04122242807,0.009013604447,0.7485233545,9.836209938e-05,-0.000873585348,-0.0002751233114,-0.007131190706,0.09388002711,0.001985061204,0.5805238663,0.01721107962,-0.0813977488,0.003219147075,0,0,0,0
0.2499890327,0,torque,hover,-0.01261383854,0.02421941049,-0.0303017199,0,0,-0,0.00413423311,0.007731517311,-0.001523075742,0,0,-0,0.04079072194,0.008898764131,0.7350897191,8.594215615e-05,0.0005480886903,2.330578536e-05,-0.002507686133,0.08676011778,0.002163067462,0.5806675118,0.01555020848,-0.06942107012,0.002643804219,0,0,0,0
0.2600557804,0,torque,hover,-0.01246115658,0.02413094789,-0.03012296557,0,0,-0,0.004309446085,0.007540282793,-0.001492787153,0,0,-0,0.04055830525,0.008812241693,0.7271491775,0.0007869552937,0.0004199383256,-0.0006452254602,-0.001400652295,0.08356938623,0.002257068047,0.5807399609,0.01329317678,-0.05823983955,0.003139989448,0,0,0,0
0.2700028419,0,torque,hover,-0.01230942458,0.02404389158,-0.02996338904,0,0,-0,0.00443347916,0.007375188638,-0.001466581132,0,0,-0,0.04034148409,0.00872926143,0.7201741069,0.0001706122712,-6.408022455e-05,-0.0006756059593,-0.0008357859003,0.08130674537,0.002352774444,0.580804415,0.0114370837,-0.04852269451,0.00304284682,0,0,0,0
0.2801985741,0,torque,hover,-0.01215881761,0.02395863645,-0.02980856597,0,0,-0,0.00453986926,0.007264886983,-0.001409972319,0,0,-0,0.04012983568,0.008681993879,0.7139853763,-0.0006824320881,0.0005692874547,0.001800259575,-0.0003869992365,0.08005498362,0.002376638529,0.5808749005,0.00988157615,-0.04020619223,0.0003759800522,0,0,0,0
0.2899816036,0,torque,hover,-0.01200916432,0.0238754712,-0.02965848148,0,0,-0,0.004706062376,0.007168846671,-0.001419603941,0,0,-0,0.03992347275,0.008692218418,0.707970107,-0.0009628998232,0.0005494300858,0.0008384261746,0.0008812082013,0.07899211117,0.002425960103,0.5809268615,0.008693874761,-0.03303880269,0.001247217052,0,0,0,0
0.3000097275,0,torque,hover,-0.01168261282,0.02369206958,-0.02932949364,0,0,-0,0.00501689082,0.006829946768,-0.001259990386,0,0,-0,0.03947172153,0.008567668418,0.6938243393,-0.000346604822,0.0001020605705,0.0003842877923,0.005474370578,0.07373417562,0.002561961825,0.5810864441,0.008332785262,-0.02785767898,0.001658506318,0,0,0,0
0.3099951744,0,torque,hover,-0.01152087096,0.02360314317,-0.02917164564,0,0,-0,0.005167305004,0.006756295916,-0.001180490246,0,0,-0,0.03925332782,0.008587323956,0.6884783907,-0.0006661771331,0.0001697617263,-0.0005122720031,0.005838187514,0.07390042447,0.002646126129,0.581163786,0.007255864766,-0.02235619376,0.002549024767,0,0,0,0
0.32051301,0,torque,hover,-0.011360039,0.02351648733,-0.02901847661,0,0,-0,0.005341080483,0.006668733899,-0.001167364419,0,0,-0,0.03904033359,0.008623334171,0.6830844059,-0.0001612589404,-0.0001365953067,0.0003412321676,0.006364870709,0.07386624874,0.002704958154,0.5812225763,0.006275522114,-0.01767656848,0.001659873075,0,0,0,0
0.3300120831,0,torque,hover,-0.01118344255,0.02342359535,-0.02886271477,0,0,-0,0.005482981913,0.00655821804,-0.001091549522,0,0,-0,0.03881739958,0.008617702412,0.6766426528,-0.0004709994828,0.001111115911,0.0001207651439,0.007122786199,0.07308443241,0.002768613226,0.5812982672,0.00561472639,-0.01408295373,0.001888864444,0,0,0,0
0.3400039673,0,torque,hover,-0.01083412208,0.02324376814,-0.02858194709,0,0,-0,0.005814225413,0.00634668814,-0.001005481812,0,0,-0,0.03840024294,0.008665832976,0.6650235273,0.0008687205845,0.0003931416722,-0.001088754507,0.01179733933,0.06970249915,0.002950405526,0.5814217794,0.005729370248,-0.0113750979,0.003195621366,0,0,0,0
0.3499832153,0,torque,hover,-0.01066131424,0.02315662242,-0.02844785154,0,0,-0,0.005926673301,0.006172531284,-0.001007714891,0,0,-0,0.03819912356,0.008616326837,0.6584306896,0.000602065702,-0.0001247994951,0.0005207451177,0.01120482046,0.06907818872,0.003001348326,0.5814697587,0.004898516313,-0.008518234144,0.00157845562,0,0,0,0
0.360067606,0,torque,hover,-0.01046888437,0.02306806482,-0.02831718326,0,0,-0,0.006081791129,0.006044086069,-0.0009813997895,0,0,-0,0.03799468413,0.008630313163,0.6523297989,-0.0002648250957,0.0003761041444,0.0002821657108,0.0117085385,0.06879852021,0.003057461898,0.5815237509,0.004521493891,-0.006152697344,0.00184640591,0,0,0,0
0.3700027466,0,torque,hover,-0.01027796138,0.02298156358,-0.02819044888,0,0,-0,0.006246380042,0.005941505078,-0.0009483475587,0,0,-0,0.03779537224,0.008672837443,0.6468564165,0.0005717081367,0.0003380859562,0.0001087056153,0.01242712547,0.0686665011,0.003119001949,0.5815780228,0.004042731134,-0.004049066272,0.002059710076,0,0,0,0
0.3800182343,0,torque,hover,-0.009899814613,0.02281429619,-0.02794876695,0,0,-0,0.006586747244,0.005769780837,-0.0009522057371,0,0,-0,0.03741165612,0.008808081853,0.6376209046,-0.0002689765824,-0.0002926287998,0.0004800463503,0.01737336811,0.06616188876,0.003234393116,0.581664478,0.00482097041,-0.002722786913,0.001742153813,0,0,0,0
0.3900194168,0,torque,hover,-0.009705548175,0.0227357801,-0.02782422304,0,0,-0,0.006719867233,0.005621474702,-0.0009450230864,0,0,-0,0.03721962856,0.008811961308,0.6321616036,-0.0004821559705,-0.000349305541,-0.0002262659982,0.01706880839,0.06594984252,0.003299453932,0.5817113548,0.004291078611,-0.001181643503,0.002508958384,0,0,0,0
0.4000315666,0,torque,hover,-0.009512943216,0.02265876718,-0.02770341933,0,0,-0,0.006878933869,0.005515551195,-0.0008867607685,0,0,-0,0.03703235425,0.008861567628,0.6275089658,0.0001818718738,-0.0001930923754,0.0001937894122,0.01731776517,0.06604827141,0.003348487519,0.581769831,0.003850142694,0.0001652474659,0.002120661085,0,0,0,0
0.4100089073,0,torque,hover,-0.009321466088,0.02258379385,-0.02758641541,0,0,-0,0.007085000165,0.005449204706,-0.0008875442436,0,0,-0,0.03685007177,0.008982137499,0.6235378703,0.0007966216654,0.0001318705326,0.000937949284,0.01823283159,0.06635302378,0.003375382202,0.5818119696,0.003630597622,0.00133095226,0.00138765418,0,0,0,0
0.420017004,0,torque,hover,-0.008938130923,0.02245999873,-0.02735868096,0,0,-0,0.007440044545,0.005251514725,-0.0008893584018,0,0,-0,0.03650806967,0.009150061645,0.6160254311,0.0002827194403,-0.0008855151245,-7.789475785e-05,0.02311838963,0.06398957608,0.003466812413,0.5818938506,0.00450139496,0.001896506363,0.002481963137,0,0,0,0
0.4300041199,0,torque,hover,-0.008746553212,0.02241053618,-0.02724783123,0,0,-0,0.007609968539,0.005142630078,-0.0009037779528,0,0,-0,0.03634802101,0.009229034612,0.612167687,-0.0003832846123,0.0006035876577,-0.0003251056769,0.02297111268,0.06432931539,0.003514210899,0.5819303136,0.004201158358,0.002628113325,0.002777561128,0,0,0,0
0.4401152134,0,torque,hover,-0.008556422777,0.02236249112,-0.02714052796,0,0,-0,0.007747549098,0.005051005632,-0.0008662671316,0,0,-0,0.03619256329,0.009289111565,0.6092713751,-0.0002724085934,-0.0005258208839,5.409665027e-05,0.02271588317,0.06475932482,0.003549031049,0.5819786087,0.003828234813,0.003605663609,0.002422739156,0,0,0,0
0.4500014782,0,torque,hover,-0.008180942386,0.02226983942,-0.02693876624,0,0,-0,0.007950322703,0.00482479902,-0.0009132109699,0,0,-0,0.03589666688,0.009344531606,0.6024754158,-0.0001188104798,0.0003350136976,0.0007734152023,0.02574385288,0.06251122078,0.003598321134,0.5820396871,0.004255664425,0.003573822383,0.001729942544,0,0,0,0
0.4601256847,0,torque,hover,-0.008003180847,0.022235021,-0.02684177458,0,0,-0,0.008074594662,0.004811358172,-0.0008513185894,0,0,-0,0.0357621018,0.009437848788,0.6010529645,0.0004291809164,0.0006419147248,0.0003765586007,0.02514341998,0.06399157046,0.003619554256,0.5820904962,0.003779090748,0.004426785613,0.002161958062,0,0,0,0
0.4700007439,0,torque,hover,-0.007826723158,0.02220201865,-0.02674791217,0,0,-0,0.008203503676,0.004812526517,-0.0008281518822,0,0,-0,0.03563198048,0.009546921995,0.6008962869,-0.0007802116452,-0.001062370604,0.00103095104,0.02507660303,0.06529643766,0.003614961163,0.5821302573,0.003719020189,0.005402216114,0.001498381156,0,0,0,0
0.4801659584,0,torque,hover,-0.007651489228,0.0221705474,-0.02665737271,0,0,-0,0.008304222487,0.004761298187,-0.0008915009676,0,0,-0,0.03550625268,0.009613784141,0.5992298567,-0.0002824736293,0.0002950967755,0.0009445845499,0.02476806382,0.0657032356,0.003610326264,0.5821469469,0.003403389807,0.005649430628,0.001594229666,0,0,0,0
0.4900100231,0,torque,hover,-0.007477856241,0.02214028873,-0.02657036483,0,0,-0,0.008377739228,0.004665355664,-0.0008648482035,0,0,-0,0.03538495452,0.009628084984,0.5972211963,0.0002866049763,-0.0006804334116,-0.0003189957351,0.02441402923,0.06550865457,0.003638415839,0.582185136,0.003105220506,0.006023443161,0.002906451366,0,0,0,0
0.5000274181,0,torque,hover,-0.007132134866,0.02207535319,-0.02643191814,0,0,-0,0.008608186617,0.004587445408,-0.0008465386927,0,0,-0,0.03516866308,0.009790922325,0.5945618307,0.000347690715,0.000151489483,1.005562899e-05,0.02813411518,0.06451982354,0.003678551873,0.5822398525,0.003839831517,0.005930792185,0.002606813267,0,0,0,0
0.510008812,0,torque,hover,-0.006961285602,0.02204519324,-0.02636232972,0,0,-0,0.008727727458,0.004549391102,-0.0008232707041,0,0,-0,0.03506312123,0.009876637111,0.5936322992,1.462626915e-05,-6.092411786e-05,0.000903945358,0.02795863184,0.06494158199,0.003665691586,0.5822708917,0.003682816448,0.006282208786,0.001693869918,0,0,0,0
0.5200266838,0,torque,hover,-0.006791739259,0.02201658115,-0.02629512548,0,0,-0,0.008796669543,0.004510279745,-0.0007789365482,0,0,-0,0.03496128132,0.009916186796,0.5930704686,-0.0003798935504,-0.0006987702218,-0.0003807402391,0.02748003741,0.06529605391,0.003686606807,0.5823063836,0.003494520415,0.006630957317,0.003022254571,0,0,0,0
0.5299899578,0,torque,hover,-0.006465024315,0.0219709184,-0.02620004117,0,0,-0,0.00899120234,0.00437995512,-0.0007707756595,0,0,-0,0.03479884987,0.0100309432,0.5914201597,-0.001936198561,-0.000141855111,9.789490286e-05,0.03070532094,0.06395954998,0.003704172632,0.582342707,0.004333947718,0.006387642579,0.002548149281,0,0,0,0
0.5402216911,0,torque,hover,-0.006303748116,0.02194968425,-0.026155442,0,0,-0,0.009092432447,0.004304205999,-0.0007492509321,0,0,-0,0.03472222667,0.01008761092,0.5901289067,-0.00018511292,0.0003851994697,-0.0003407410695,0.03021631835,0.06403403618,0.003715623259,0.5823642666,0.003830691003,0.006482533716,0.00301023844,0,0,0,0
0.5499956608,0,torque,hover,-0.006143774372,0.02192960121,-0.02611294389,0,0,-0,0.00920516625,0.004249226302,-0.0007770872326,0,0,-0,0.03464879812,0.01016832702,0.5895383652,0.0001936142362,-0.0003163006622,0.001612391789,0.03024382142,0.06423123798,0.003670638595,0.58237252,0.003674779811,0.006750483351,0.0009929607942,0,0,0,0
0.5601532459,0,torque,hover,-0.005985053256,0.02192352712,-0.02610208094,0,0,-0,0.009258967824,0.004239392933,-0.0007973421016,0,0,-0,0.03460896608,0.01021453337,0.5903552897,-0.0005508319591,-0.0006798233953,-0.0003831400536,0.02982073755,0.06510048683,0.003681190715,0.5823712267,0.003590113703,0.00709620774,0.003039040184,0,0,0,0
0.5700078011,0,torque,hover,-0.005828211084,0.02191863954,-0.02609276772,0,0,-0,0.009319437668,0.004207391758,-0.000850156357,0,0,-0,0.03457205997,0.01026044978,0.590787562,8.829033322e-05,-0.000735348789,0.0005234261043,0.02970432982,0.06551575687,0.003657296427,0.5823611146,0.003407808409,0.007262330989,0.002103636642,0,0,0,0
0.5801584721,0,torque,hover,-0.005672861822,0.02191500179,-0.02609601617,0,0,-0,0.009401476011,0.004201291595,-0.000891220523,0,0,-0,0.03454635617,0.01033599905,0.5916549084,0.0005322651123,-0.0003709333541,-9.428848716e-05,0.02991069984,0.06606514525,0.003649992119,0.5823494517,0.003343833692,0.007381527854,0.002733329663,0,0,0,0
0.5900027752,0,torque,hover,-0.005368591752,0.02190971002,-0.02611017227,0,0,-0,0.009584092535,0.004218298476,-0.001030445099,0,0,-0,0.03450504697,0.0105219147,0.5935175335,0.0006386498571,0.0001902925578,0.0003796718956,0.03335917178,0.0663256006,0.003621702437,0.5823089412,0.004079626181,0.007395344926,0.002237164571,0,0,0,0
0.6001777649,0,torque,hover,-0.005220014136,0.0219080057,-0.02612136304,0,0,-0,0.009652197361,0.004236356821,-0.001131033176,0,0,-0,0.03448963422,0.01060145599,0.5950240699,-0.0003704664414,-0.0003281845711,0.0004142768739,0.03295391361,0.0669396675,0.003594898672,0.5822793039,0.004021274557,0.007624790479,0.00218522927,0,0,0,0
0.6100072861,0,torque,hover,-0.005072838627,0.02190768346,-0.0261336267,0,0,-0,0.009721201845,0.004218325019,-0.001138193067,0,0,-0,0.03447675639,0.01065793201,0.5959991874,-0.0002157956478,-0.0004626650771,-0.0008122670115,0.03281501742,0.06702890362,0.003600317736,0.5822729604,0.003885654226,0.007664900233,0.003438909297,0,0,0,0
0.6203942299,0,torque,hover,-0.004767518025,0.02190818638,-0.02617229521,0,0,-0,0.009827046655,0.00422380073,-0.001185286674,0,0,-0,0.03446283353,0.01076179553,0.5977998308,-3.349823237e-05,0.0003503563057,0.001051178551,0.03511124835,0.06706381783,0.00354591063,0.5822469416,0.004315260794,0.007560746733,0.001505751236,0,0,0,0
0.6299977303,0,torque,hover,-0.004609378986,0.0219090879,-0.02619636059,0,0,-0,0.009924163111,0.004162014928,-0.001189655042,0,0,-0,0.03446017724,0.01082712616,0.5984644218,-0.001593302004,-0.0005271783448,0.0006099662278,0.03538042227,0.06657041472,0.003508081657,0.5822369946,0.004491196937,0.007566198359,0.001922921455,0,0,0,0
0.6400249004,0,torque,hover,-0.004453050904,0.02191080898,-0.026220873,0,0,-0,0.009939299896,0.004105443601,-0.001194976852,0,0,-0,0.03445935857,0.01081999627,0.5994577063,-0.0006144880899,-0.002016373212,-0.000328816619,0.03472810249,0.06643439491,0.00349561039,0.5822266077,0.004116633751,0.007744149125,0.002866765079,0,0,0,0
0.6499855518,0,torque,hover,-0.004132858478,0.021916572,-0.02628079057,0,0,-0,0.01002610754,0.004074634984,-0.001171125914,0,0,-0,0.03446877718,0.01088563359,0.6011867185,0.001082757371,0.0001841311168,-0.0006545228534,0.0372253054,0.066238301,0.003459889685,0.5822108601,0.004399560919,0.007398290797,0.003177240376,0,0,0,0
0.6603133678,0,torque,hover,-0.003968767822,0.02192084864,-0.02631630003,0,0,-0,0.01006601844,0.004077428021,-0.00118729216,0,0,-0,0.03447930351,0.01092519149,0.6025486707,0.0003432632948,3.078049122e-05,-0.0001206334637,0.03681358016,0.06665420991,0.003442033623,0.582193847,0.004317636914,0.007528547111,0.002623058235,0,0,0,0
0.6700026989,0,torque,hover,-0.003806955414,0.02192632668,-0.02635227144,0,0,-0,0.01010136399,0.004072244279,-0.001249153283,0,0,-0,0.03449201242,0.01096271462,0.6042030915,-0.0007773896796,-0.0004532855528,-0.0004676567623,0.03674585673,0.06692459286,0.003433614199,0.5821650399,0.004383485213,0.007661061443,0.002971237769,0,0,0,0
0.6800243855,0,torque,hover,-0.003647028934,0.02193306014,-0.02638907731,0,0,-0,0.01018786244,0.004075956531,-0.001328294864,0,0,-0,0.03450714923,0.0110530688,0.6060041516,0.0002563565795,-7.756188279e-05,-0.0004984884872,0.03724219033,0.06717076919,0.003425885719,0.5821315758,0.004294627768,0.007661186649,0.002999672618,0,0,0,0
0.6900084019,0,torque,hover,-0.003470198484,0.02192945778,-0.02642762661,0,0,-0,0.01018846035,0.004113439471,-0.001408141223,0,0,-0,0.03451612441,0.01107736297,0.6083100446,0.0008718868485,-0.001371885766,-0.0001729992655,0.03708698942,0.06771617676,0.003408921411,0.582097268,0.00412114587,0.007954250478,0.00265727569,0,0,0,0
0.7000136375,0,torque,hover,-0.003124888055,0.02192696743,-0.02649915218,0,0,-0,0.0102034118,0.004091646988,-0.001445206231,0,0,-0,0.03453638505,0.01108782253,0.6111505905,0.0002305953385,-0.0009268746944,0.0005555898533,0.0394014078,0.0673470722,0.003365183485,0.5820617756,0.004699332298,0.007776491743,0.001881372149,0,0,0,0
0.7100076675,0,torque,hover,-0.002956317738,0.02192742005,-0.02653554082,0,0,-0,0.01018575393,0.004041683394,-0.001443140558,0,0,-0,0.03454976832,0.01105293818,0.6117246011,-0.0005190731026,-0.0006218079943,0.0005419218796,0.03874572288,0.0669785554,0.003328555606,0.5820490318,0.004570019389,0.007641773324,0.001865357149,0,0,0,0
0.7200975418,0,torque,hover,-0.002790197963,0.02192909643,-0.02657234669,0,0,-0,0.01023065858,0.004045765847,-0.001486257999,0,0,-0,0.03456530173,0.01110151156,0.6137610774,-0.0001678513509,-0.000918820384,-4.714320312e-05,0.03901912119,0.06722173449,0.003311001413,0.5820246657,0.004526548803,0.007738905496,0.002453986896,0,0,0,0
0.7299995422,0,torque,hover,-0.002614733763,0.02192424051,-0.02659462392,0,0,-0,0.01024405193,0.004068414215,-0.001528641442,0,0,-0,0.03456563577,0.01112786317,0.6155405622,-0.0009999115719,0.000398404547,-0.001155411359,0.03925517169,0.06746288395,0.003325160932,0.5820057961,0.004642214258,0.00760998584,0.003596332832,0,0,0,0
0.7401762009,0,torque,hover,-0.002270672936,0.02191816084,-0.02664168179,0,0,-0,0.01036286261,0.00398041727,-0.001556522446,0,0,-0,0.034573703,0.01120961218,0.6175663123,-0.0004513249733,-0.0002552581136,0.0003503724583,0.0426814532,0.06618909378,0.003295274166,0.5819815212,0.005288882381,0.007405313309,0.002032460765,0,0,0,0
0.7500035763,0,torque,hover,-0.002102161292,0.02191669308,-0.02664795518,0,0,-0,0.01039852295,0.003966548946,-0.0015630048,0,0,-0,0.03456695001,0.01123858417,0.6186338738,9.927634528e-05,0.000462658616,0.0004298324347,0.04252702798,0.06623287397,0.003267618015,0.5819775735,0.005073111034,0.007337982278,0.001933902585,0,0,0,0
0.7600705624,0,torque,hover,-0.001924388809,0.02190247178,-0.02663099766,0,0,-0,0.01046813559,0.003997286316,-0.001543406863,0,0,-0,0.03453449838,0.01131115667,0.6205785822,-0.0004748996289,0.0006068507209,0.0003076029243,0.04303836339,0.06648187858,0.003244818127,0.5819886406,0.005185064815,0.007394830155,0.002045116271,0,0,0,0
0.7699995041,0,torque,hover,-0.001748640207,0.02188999392,-0.02661558986,0,0,-0,0.01056623738,0.00400902424,-0.001540912548,0,0,-0,0.03450535031,0.0114057906,0.6228151762,0.0007675600355,-0.0009395136149,0.0002931051422,0.04381794157,0.06653001057,0.003224678738,0.5819947634,0.005114298468,0.007628356221,0.002044195795,0,0,0,0
0.7801058292,0,torque,hover,-0.001403142931,0.02187027037,-0.0265891403,0,0,-0,0.01072034519,0.003976245876,-0.001515721204,0,0,-0,0.03445663823,0.01153402545,0.6259047087,-8.783931116e-05,0.0001719110005,4.019096014e-05,0.04735559095,0.06566221239,0.003182711274,0.5820105919,0.005951181928,0.007279235923,0.002267518729,0,0,0,0
0.790012598,0,torque,hover,-0.00122477347,0.02185775526,-0.02656343579,0,0,-0,0.01079019159,0.003994441591,-0.001518268138,0,0,-0,0.03442205189,0.01160555627,0.6283579094,-0.0005281378399,-0.0006222833763,-6.792695785e-06,0.04738660332,0.06591957901,0.003173382725,0.5820191576,0.005880764184,0.007470743288,0.002310117632,0,0,0,0
0.8000464439,0,torque,hover,-0.001048633014,0.02184699476,-0.02653962374,0,0,-0,0.01084139571,0.00400337996,-0.001527818386,0,0,-0,0.03439102266,0.01165749291,0.6304669442,-0.000518432993,-0.0003916698915,0.0005698670866,0.04732044397,0.06604806129,0.00314605289,0.5820252755,0.005747348744,0.007479617013,0.001704806142,0,0,0,0
0.8100218773,0,torque,hover,-0.0008745063096,0.02183818072,-0.02651757002,0,0,-0,0.01093657408,0.004051216878,-0.001527871005,0,0,-0,0.03436353326,0.01176245725,0.6335590421,-0.0003794172662,-0.0001227404864,-0.001062461524,0.04792103778,0.0665072085,0.003167282331,0.5820331741,0.005769696088,0.007556003987,0.003387577352,0,0,0,0
0.820109129,0,torque,hover,-0.0007022353238,0.02183117159,-0.02649149299,0,0,-0,0.01101371087,0.004054095596,-0.001544893836,0,0,-0,0.03433500237,0.01183740745,0.6352830191,0.0001568868465,0.0008113311487,-0.0004342540924,0.04823908302,0.06638018535,0.003168707996,0.5820382847,0.005678705884,0.007398666906,0.002749324164,0,0,0,0
0.830006361,0,torque,hover,-0.0003332602209,0.02179783583,-0.026396662,0,0,-0,0.01118816435,0.004012657329,-0.00153920881,0,0,-0,0.03423507666,0.01198522441,0.6387854022,-0.0008201446035,-4.056236867e-05,0.0002244566131,0.05231541402,0.06505910025,0.003156208578,0.5820739339,0.006663779815,0.007219092956,0.002057840548,0,0,0,0
0.8400316238,0,torque,hover,-0.0001517554629,0.02178348228,-0.02635258436,0,0,-0,0.01125811692,0.003963238094,-0.001535642892,0,0,-0,0.0341906688,0.01203372976,0.6401745119,0.000186010584,-0.0007862422499,0.0007665750454,0.05206394731,0.06459825851,0.003126526098,0.582090713,0.006318054627,0.007242566099,0.00147971926,0,0,0,0
0.8500096798,0,torque,hover,2.764395504e-05,0.02177051827,-0.02631084621,0,0,-0,0.01131238323,0.003935778514,-0.001546041109,0,0,-0,0.0341499174,0.01207686258,0.6418563412,0.0001133970509,-0.0006633092416,0.000284187292,0.0518870719,0.06446943292,0.003112505356,0.582103113,0.006171115696,0.007224676142,0.001961168879,0,0,0,0
0.8600411415,0,torque,hover,0.0004193471104,0.02174810506,-0.02616426349,0,0,-0,0.01145366579,0.003976569511,-0.001464669709,0,0,-0,0.03402535245,0.01221248634,0.6470316119,-0.0001730417862,0.0002484753786,-9.191424397e-06,0.05567720119,0.06445603562,0.003089707692,0.5821767332,0.006976782617,0.007126190031,0.00224874487,0,0,0,0
0.8700239658,0,torque,hover,0.0006118228193,0.02173950337,-0.02609980106,0,0,-0,0.01156850439,0.00399667304,-0.001493304037,0,0,-0,0.03397322401,0.01233019246,0.6505988791,-0.0005751695717,-0.0007913119625,0.0005940926494,0.0560294148,0.06477269084,0.003070651909,0.5821927025,0.006956332815,0.00736731876,0.0016230241,0,0,0,0
0.8800852299,0,torque,hover,0.0008020895184,0.02173232473,-0.02603815496,0,0,-0,0.01159425452,0.003947864752,-0.001510418369,0,0,-0,0.03392525313,0.01234073489,0.6524669198,-0.0009026936023,-0.0009538223967,-0.0003547528177,0.05546263376,0.064409843,0.003074687961,0.5822105705,0.006733901106,0.007317821238,0.002587927955,0,0,0,0
0.8900001049,0,torque,hover,0.0009930819506,0.0217273701,-0.0259411633,0,0,-0,0.01168852858,0.003970053513,-0.001474339864,0,0,-0,0.03385275139,0.01243208363,0.6557902212,-0.001438019215,0.0004817895533,-0.0005708623794,0.05607101964,0.06470390175,0.003089884855,0.5822547657,0.006840078858,0.007205898195,0.002826251124,0,0,0,0
0.9001836777,0,torque,hover,0.001369262231,0.02172205597,-0.02575737238,0,0,-0,0.01185849681,0.003987164702,-0.001511638169,0,0,-0,0.0337218746,0.01260184427,0.6613198271,0.0009901048616,0.0001705213363,0.0004309214128,0.05975405549,0.06451297079,0.003063799233,0.5823117885,0.007235713086,0.007221556605,0.001788198043,0,0,0,0
0.9100096226,0,torque,hover,0.001554244896,0.02172185853,-0.02567026019,0,0,-0,0.01192294154,0.004045144655,-0.001462281798,0,0,-0,0.0336632897,0.01267509362,0.6647770249,0.0006742146797,-2.252182276e-05,-0.0005261528422,0.05941709749,0.06523793071,0.003078018888,0.5823558211,0.007057823186,0.007428727191,0.002781172648,0,0,0,0
0.9200232029,0,torque,hover,0.001748843235,0.02170706168,-0.02555303276,0,0,-0,0.01204780396,0.004082963336,-0.00145427906,0,0,-0,0.0335739849,0.01280371421,0.6685218637,8.134864765e-05,-0.000150715161,-0.001093875035,0.06003496812,0.06531512439,0.003105680633,0.5824002376,0.007164510932,0.007459162693,0.00337936148,0,0,0,0
0.9300150871,0,torque,hover,0.001941533643,0.02169377916,-0.02543954551,0,0,-0,0.01214832626,0.004028654192,-0.001404953771,0,0,-0,0.03348970115,0.01287578272,0.6707901474,-0.0005341788055,-0.000467052887,-0.0001826162625,0.06036456883,0.06444682577,0.003108109342,0.5824537492,0.007212947648,0.007297686603,0.002441449453,0,0,0,0
0.9400463104,0,torque,hover,0.002320499625,0.02167056501,-0.02523267269,0,0,-0,0.01229894254,0.004022140987,-0.001238837722,0,0,-0,0.03334195371,0.01299908938,0.6768128741,-0.0005541359424,-0.0006063320907,0.0004333675606,0.06381848653,0.06382199816,0.003115809298,0.5825705922,0.007897075384,0.007179788718,0.001813671808,0,0,0,0
0.9500050545,0,torque,hover,0.002523842268,0.021662293,-0.02511779964,0,0,-0,0.01238561794,0.003989134915,-0.001159427804,0,0,-0,0.0332645243,0.01306372849,0.6792853011,0.0002567328629,3.925302371e-05,-0.0009515623678,0.06375377038,0.06348250718,0.003144023858,0.5826322838,0.007620611939,0.007036223005,0.003243506896,0,0,0,0
0.960021019,0,torque,hover,0.002724954393,0.02165517025,-0.02500581741,0,0,-0,0.01246797759,0.003935822286,-0.001072540297,0,0,-0,0.03319130427,0.01311836518,0.6814249765,-0.00020605186,0.0003392011567,0.0001484442037,0.06380986922,0.0629737174,0.00314103526,0.5826948216,0.007574944882,0.006907731664,0.002117739823,0,0,0,0
0.9700081348,0,torque,hover,0.002923717257,0.02164910175,-0.02489675581,0,0,-0,0.01252385695,0.003910070751,-0.0009690053412,0,0,-0,0.0331222007,0.01315578266,0.6838370284,-0.0004097945639,0.0002865182178,0.0007013255381,0.06378084381,0.06286410813,0.003125140534,0.58276052,0.007492066198,0.006925491833,0.001544654273,0,0,0,0
0.9800298214,0,torque,hover,0.003314341884,0.02164035477,-0.02468749881,0,0,-0,0.01264882833,0.003852738533,-0.0009421783034,0,0,-0,0.03299640002,0.01325609868,0.6897864986,-0.0007036129828,-0.0003060643794,0.0002186050842,0.06721856433,0.06209356792,0.003117175467,0.5828428935,0.008219559409,0.006857723588,0.002022989145,0,0,0,0
0.9900224209,0,torque,hover,0.003526846878,0.02164864354,-0.02456597984,0,0,-0,0.01274909172,0.003822095925,-0.0008916056249,0,0,-0,0.03293311072,0.01333951714,0.6926447026,0.0008009721641,0.0009250390576,-0.0002272534912,0.06748591058,0.06213170332,0.003129800918,0.5828997333,0.007936850162,0.006738831604,0.002493933724,0,0,0,0
1.000031233,0,torque,hover,0.003736846149,0.02165795118,-0.02444794774,0,0,-0,0.01281084027,0.003838113509,-0.0008851135499,0,0,-0,0.03287450406,0.01340269263,0.6966435075,4.97752153e-05,-0.0006029012147,0.0003994313302,0.06754352188,0.0627559546,0.003124893583,0.5829440462,0.007937414832,0.007127573535,0.001860198463,0,0,0,0
1.009999275,0,torque,hover,0.004149673041,0.0216799546,-0.02422104776,0,0,-0,0.01296434365,0.003845419036,-0.0007236116799,0,0,-0,0.03277040391,0.01354197429,0.7038109922,-0.0001374747953,0.00023700163,-0.0003634060267,0.07138442677,0.06280222891,0.003141883663,0.5830671087,0.008743160162,0.007039287274,0.002655375811,0,0,0,0
1.020022392,0,torque,hover,0.004355537239,0.02170117758,-0.02408377826,0,0,-0,0.01308836881,0.003856558353,-0.000653770694,0,0,-0,0.03270994021,0.01366037542,0.7085027461,-0.0006136166048,0.0004600111861,0.0002353464079,0.0716693141,0.06319617519,0.003141552789,0.5831344621,0.008710879292,0.007111114479,0.002052220037,0,0,0,0
1.030022383,0,torque,hover,0.004559355322,0.02172333933,-0.02395023406,0,0,-0,0.01316744648,0.003878473071,-0.0006383578293,0,0,-0,0.03265432443,0.01374160474,0.712963326,-0.0005566127365,0.0003656396293,-0.0006436256808,0.07163322066,0.06367488684,0.003162889919,0.5831866721,0.008552763983,0.007236319664,0.002969042466,0,0,0,0
1.040046692,0,torque,hover,0.004760782234,0.02174643241,-0.02382026613,0,0,-0,0.01319654752,0.003901163349,-0.0005785551621,0,0,-0,0.03260333493,0.01377325916,0.7164979282,7.132489554e-05,0.0008628639043,2.690300425e-05,0.07120753641,0.06407993941,0.003165237851,0.5832488979,0.008254252692,0.007253070158,0.002293351843,0,0,0,0
1.050011396,0,torque,hover,0.004959955346,0.02177031524,-0.02369353175,0,0,-0,0.01329004206,0.003904430894,-0.0005309156841,0,0,-0,0.03255658504,0.0138618783,0.7209398407,-0.0004699344281,-1.236384924e-05,-9.830839554e-05,0.07172779005,0.06417167634,0.003168829629,0.5833067962,0.008361444401,0.007380341957,0.002421269728,0,0,0,0
1.060171366,0,torque,hover,0.005361963529,0.02184515074,-0.02343930304,0,0,-0,0.01342031639,0.003948012833,-0.0003909166262,0,0,-0,0.03248633852,0.0139944458,0.7303527164,0.0003330053296,0.0001422695059,-0.0007109062863,0.07536936191,0.06499166631,0.003202684788,0.5834342259,0.008987372732,0.007524313137,0.003081487629,0,0,0,0
1.070019245,0,torque,hover,0.005559480749,0.02188355662,-0.02331669629,0,0,-0,0.01344844885,0.004001691472,-0.0003288906591,0,0,-0,0.03245714409,0.01403504472,0.7348634509,0.0001739731961,0.0001885570091,0.0002185968042,0.07478216667,0.06569016558,0.003197340334,0.583494325,0.008739228555,0.007648532359,0.002137236743,0,0,0,0
1.08002305,0,torque,hover,0.005754943937,0.02192251198,-0.02319701016,0,0,-0,0.01353426371,0.004008582793,-0.0002405645791,0,0,-0,0.03243173125,0.01411746795,0.73938754,0.0002391997987,-4.848574463e-06,-0.0002698331955,0.07498978829,0.06570467068,0.003201054886,0.583560016,0.008676895471,0.007638340319,0.0026319438,0,0,0,0
1.090014219,0,torque,hover,0.005956308451,0.02197470143,-0.02305604517,0,0,-0,0.01362820901,0.004080262966,-0.0001541278762,0,0,-0,0.03240287538,0.01422674882,0.7453348003,-7.21178003e-05,0.0002175332193,2.70244891e-05,0.07560456482,0.06655015627,0.003202922139,0.5836329328,0.008772086629,0.007766360252,0.002340342841,0,0,0,0
1.100043774,0,torque,hover,0.006352548953,0.02207989432,-0.02278412879,0,0,-0,0.01376742683,0.004055814352,-5.127944314e-05,0,0,-0,0.03235727331,0.01435250157,0.7540937535,-0.0006485650083,0.000116983414,-9.923052858e-05,0.07924674635,0.06655844173,0.003170333149,0.5837573945,0.009595218997,0.007739198039,0.002442014708,0,0,0,0
1.110015869,0,torque,hover,0.006547923665,0.02213272266,-0.02267040312,0,0,-0,0.01384853013,0.004080072045,-3.128940443e-05,0,0,-0,0.03235243259,0.01443709644,0.7593663211,-0.0006719466764,0.0004258635745,-0.0003866879269,0.07916092158,0.06679409753,0.003174013805,0.5838035775,0.00943194151,0.007710984314,0.002736080161,0,0,0,0
1.120024681,0,torque,hover,0.006743143778,0.02219713293,-0.02254270017,0,0,-0,0.01388886012,0.004144278355,2.125744504e-05,0,0,-0,0.03234742694,0.01449399636,0.7647823619,0.0001743437751,3.074940469e-05,0.0002107793989,0.07886302587,0.06762789692,0.003164738154,0.5838631083,0.009129525752,0.007917997489,0.002127615358,0,0,0,0
1.130009651,0,torque,hover,0.006936217658,0.02226192132,-0.02241811156,0,0,-0,0.01392574515,0.004174183123,7.439839101e-05,0,0,-0,0.03234618961,0.01453807821,0.7700304964,-0.0008465467254,-9.234042955e-05,-9.54756203e-08,0.07876844418,0.06798348257,0.003151416044,0.5839216078,0.009157443225,0.007965203296,0.002331254967,0,0,0,0
1.140012741,0,torque,hover,0.007314198185,0.02239171229,-0.02217774093,0,0,-0,0.01398294792,0.004272804596,0.0001720683649,0,0,-0,0.03235333781,0.01462221936,0.7798753102,1.889773557e-05,0.0004191935295,-0.0003797769605,0.08158093923,0.0695496141,0.003149259,0.5840333696,0.009606947489,0.008202341836,0.002738027851,0,0,0,0
1.150001526,0,torque,hover,0.007511400618,0.0224664025,-0.02204176784,0,0,-0,0.01401351299,0.004253772087,0.0002697277814,0,0,-0,0.03235737798,0.01464738463,0.783795026,0.001255499665,0.00014542196,0.0006418467965,0.08111538299,0.06918096177,0.003111052103,0.5841073852,0.009218970423,0.008083706021,0.001651996965,0,0,0,0
1.160145998,0,torque,hover,0.007706615143,0.02254089899,-0.02190877497,0,0,-0,0.01411304064,0.004268815741,0.0003387189645,0,0,-0,0.03236477198,0.01474840447,0.7895052962,0.0003985841468,-0.0003737122461,0.0005715319421,0.08165545782,0.06924155693,0.003073576165,0.5841729753,0.009377913745,0.008113470878,0.001688778716,0,0,0,0
1.170013189,0,torque,hover,0.007899783552,0.02261541225,-0.02177867293,0,0,-0,0.01414799131,0.004300482571,0.0004107857239,0,0,-0,0.03237551615,0.01479285481,0.7946590355,0.0005806963309,-0.0004706862092,-0.0009737554356,0.08163099173,0.06960855988,0.0030811079,0.5842383167,0.009267676873,0.008161298201,0.003266470503,0,0,0,0
1.180059671,0,torque,hover,0.008285721764,0.02277088165,-0.02152828872,0,0,-0,0.01420117915,0.004449492786,0.0004756676499,0,0,-0,0.03241347639,0.01488951762,0.8061398658,-0.0004186146252,0.0003762843553,0.000394134724,0.08472377553,0.07187341321,0.003040473216,0.5843453464,0.01003996859,0.008512522039,0.001880187906,0,0,0,0
1.1900208,0,torque,hover,0.008478221484,0.0228517931,-0.02140648663,0,0,-0,0.01420340966,0.004461340606,0.0005971643841,0,0,-0,0.03243951845,0.01489956413,0.810680085,0.0002205597702,-0.0001458793849,0.0007073517772,0.08404410595,0.07169147255,0.002991032492,0.5844202177,0.009679382173,0.008458641873,0.00150734221,0,0,0,0
1.200027466,0,torque,hover,0.008668270893,0.02293249592,-0.02128714323,0,0,-0,0.01422564127,0.004439622629,0.0006550130784,0,0,-0,0.03246814988,0.01491670743,0.8150734698,-4.756769158e-06,-0.0002317237668,0.0007879248587,0.08382761635,0.07124656724,0.002937068916,0.5844780408,0.009579166272,0.008299809184,0.001367505792,0,0,0,0
1.210000753,0,torque,hover,0.00903522782,0.0230915416,-0.0210672915,0,0,-0,0.01422904991,0.004570745397,0.0007780332235,0,0,-0,0.03253744622,0.01496539042,0.8253866821,0.0005200068699,-0.0003413211671,0.000109653025,0.08616681076,0.07336487048,0.002893226173,0.584588778,0.009978323686,0.008748466972,0.00205728195,0,0,0,0
1.220062971,0,torque,hover,0.009212442674,0.02317039855,-0.02096617222,0,0,-0,0.01429240033,0.004614685662,0.0008152716327,0,0,-0,0.03257785822,0.01504103383,0.8305836986,0.000556592131,0.0005895484355,-7.493343583e-05,0.08613153274,0.07330708996,0.002863853492,0.5846348394,0.009869542428,0.008524308036,0.002211974576,0,0,0,0
1.2300179,0,torque,hover,0.009387704544,0.02324951626,-0.02088774741,0,0,-0,0.01431782451,0.004674621858,0.0008364979294,0,0,-0,0.03263383206,0.01508482406,0.8359848491,0.0004666602181,-0.0008080353145,0.0002379775397,0.08589572109,0.0736355365,0.002828061537,0.584668561,0.009749807878,0.008724683308,0.001859649594,0,0,0,0
1.240061522,0,torque,hover,0.00956123881,0.02332908846,-0.02081099153,0,0,-0,0.01439507119,0.00474487152,0.0009000771679,0,0,-0,0.03269191069,0.01518361022,0.8424664389,4.487877959e-05,-0.001308849431,-0.0006407101173,0.08639054877,0.07404707658,0.00281781734,0.5847123629,0.009859328444,0.008818465329,0.002743083186,0,0,0,0
1.250016451,0,torque,hover,0.00973297935,0.02340910211,-0.02073597908,0,0,-0,0.01442669518,0.004810803104,0.0009088426013,0,0,-0,0.03275206523,0.01523480736,0.8477574517,0.0006511388929,-0.0002790037543,0.0008216294227,0.08642436926,0.07443069886,0.00276677528,0.5847417229,0.009724147692,0.008698513689,0.001215360077,0,0,0,0
1.260041714,0,torque,hover,0.01006008871,0.02356856689,-0.02061790228,0,0,-0,0.01452751178,0.004919393919,0.0009560276521,0,0,-0,0.03289043363,0.01536759656,0.8589247419,-0.0004589466262,-0.0002385196276,0.0003049962397,0.08955550706,0.07601426403,0.00270515119,0.5847962835,0.01053699334,0.008992356665,0.001718688764,0,0,0,0
1.270012856,0,torque,hover,0.01022094488,0.02364878543,-0.02056106925,0,0,-0,0.01449465845,0.004947471432,0.0009385079029,0,0,-0,0.03296195284,0.01534449068,0.8625221158,-8.088247341e-06,0.00111827231,0.0001698185224,0.08842760488,0.07577548727,0.002663717271,0.5848124415,0.01011283345,0.008673050762,0.001810687853,0,0,0,0
1.280028343,0,torque,hover,0.01037980523,0.0237292368,-0.02050550282,0,0,-0,0.01450633537,0.005006022751,0.001012138557,0,0,-0,0.03303471933,0.01537915648,0.8675732728,-0.0004184230056,-0.0001648208709,0.0006541234325,0.08816142078,0.07598156256,0.00261256359,0.5848511632,0.0100452245,0.008839386332,0.001272230443,0,0,0,0
1.290019989,0,torque,hover,0.01051373407,0.02381041087,-0.0204629004,0,0,-0,0.01446949597,0.005083152559,0.001004421036,0,0,-0,0.03310898009,0.01536924251,0.8719653959,0.0002555428073,-0.0009844243759,0.0001316368434,0.08725751023,0.0765770607,0.0025790253,0.5848645754,0.00970035199,0.009030048247,0.001779359836,0,0,0,0
1.300037622,0,torque,hover,0.01077699382,0.02397348732,-0.02036736906,0,0,-0,0.0144421244,0.005148959812,0.0009932969697,0,0,-0,0.03325208884,0.01536467973,0.8795224622,0.0003038514405,0.0006757143419,0.0007568968576,0.08851290532,0.07788655983,0.002487101604,0.5848962961,0.009965153559,0.009029765977,0.001093192049,0,0,0,0
1.310021639,0,torque,hover,0.01090652123,0.02405567467,-0.02032135427,0,0,-0,0.01440266799,0.005235636141,0.001032898901,0,0,-0,0.03332544266,0.01535954463,0.8840600153,-0.0008613422979,-0.0001377548469,-0.0007141169626,0.08775006425,0.07834685868,0.002471673878,0.5849229278,0.009911507586,0.009176438706,0.00257589852,0,0,0,0
1.320053816,0,torque,hover,0.01101810392,0.02412900329,-0.02027216554,0,0,-0,0.01436812337,0.005269008689,0.001060578856,0,0,-0,0.03338514803,0.01534047748,0.8873047821,0.0006575913285,-0.001356191118,0.0006041386514,0.08692298531,0.0782073777,0.002413259178,0.5849477095,0.009497272406,0.009238830958,0.001172605485,0,0,0,0
1.330019712,0,torque,hover,0.01112867985,0.02420283668,-0.02022401989,0,0,-0,0.0143624004,0.005341152195,0.001100596273,0,0,-0,0.0334460132,0.01536286966,0.8914355182,8.363499364e-05,-0.0007563793915,5.663472984e-05,0.08671933018,0.07855072491,0.002374104439,0.5849752408,0.00953782702,0.009172757731,0.001699362808,0,0,0,0
1.340043068,0,torque,hover,0.01123811118,0.02427755296,-0.02017705142,0,0,-0,0.01430545188,0.005369943101,0.001110656071,0,0,-0,0.03350832919,0.01532043731,0.8940538276,0.0004076896294,-0.0001877241884,-0.001016763621,0.08602457711,0.07849179684,0.002361704758,0.5849948044,0.00934632984,0.00902599326,0.002773372348,0,0,0,0
1.350041628,0,torque,hover,0.01143355388,0.0244304724,-0.0200804472,0,0,-0,0.01419442426,0.005452798679,0.00110695418,0,0,-0,0.03362734744,0.01524598443,0.8991301738,0.0005966809113,0.0007095934707,3.58440011e-05,0.08623075464,0.08003725569,0.00229221868,0.5850288979,0.009396063741,0.009211020224,0.001675282585,0,0,0,0
1.360186338,0,torque,hover,0.01151999459,0.02450885996,-0.02003030479,0,0,-0,0.01413368993,0.005525944754,0.001205152366,0,0,-0,0.03368393685,0.0152233258,0.901745273,0.0008526342572,2.974753443e-05,0.0003083534248,0.08543084694,0.08034615144,0.002240807265,0.5850720035,0.009200522811,0.009312437983,0.001354216008,0,0,0,0
1.370023966,0,torque,hover,0.01160551701,0.02458783984,-0.01998132467,0,0,-0,0.01406878326,0.005559464451,0.001174256788,0,0,-0,0.03374171348,0.01517290962,0.9046132046,-0.0006276536151,-0.001025071484,0.0005963655422,0.08486557074,0.08039143268,0.002178873299,0.5850818233,0.009306062567,0.009405480688,0.001005526603,0,0,0,0
1.380196333,0,torque,hover,0.0117558632,0.02474698238,-0.01987889409,0,0,-0,0.01395936869,0.005666205194,0.001166289672,0,0,-0,0.03384942964,0.01511059519,0.9102892241,3.067897978e-06,0.0001272071095,0.0005455811624,0.08501153764,0.08221847501,0.002083043305,0.585116822,0.009283679734,0.00960009019,0.001013989052,0,0,0,0
1.390045643,0,torque,hover,0.0118211247,0.02482732758,-0.01982547343,0,0,-0,0.01384475548,0.005744445603,0.001150949975,0,0,-0,0.03389962508,0.01503331618,0.9124808351,0.0001818698074,-0.000581049826,0.0001556207135,0.08384579567,0.08263154408,0.002032891587,0.5851322758,0.0090238897,0.009714811352,0.001367982699,0,0,0,0
1.400070667,0,torque,hover,0.01188549586,0.02490842901,-0.01977385581,0,0,-0,0.01376614068,0.005806163885,0.00111517997,0,0,-0,0.03395143916,0.01498204908,0.9147177241,-9.529921226e-05,0.0003225235851,-0.0006673681783,0.08332055728,0.08278718873,0.002004706326,0.5851419207,0.008994297319,0.009551749761,0.002176762585,0,0,0,0
1.410024166,0,torque,hover,0.01194891427,0.02499013394,-0.01972398162,0,0,-0,0.01363623701,0.005866087973,0.001113671809,0,0,-0,0.03400468787,0.01488617522,0.9163841901,-0.0003665878612,0.0003072349646,-0.0007956566988,0.08238617983,0.08305316673,0.001981671903,0.5851596157,0.008871823965,0.009553458433,0.002285132849,0,0,0,0
1.420037508,0,torque,hover,0.01202074904,0.02513725869,-0.01956938207,0,0,-0,0.01347486861,0.006050847005,0.001220309292,0,0,-0,0.03404909539,0.01482140305,0.9209094466,-0.0001092760867,-0.0004952060408,8.504022117e-05,0.08160373987,0.08557068694,0.001887208535,0.5852426274,0.008724283107,0.010177551,0.001357909953,0,0,0,0
1.430045128,0,torque,hover,0.01205638517,0.02521229535,-0.01949509978,0,0,-0,0.01337472163,0.006082311273,0.001218702411,0,0,-0,0.0340745532,0.01474323318,0.9221337249,-0.0007081543445,0.0001115000268,-0.0002655277494,0.08095788868,0.08509603937,0.001839663271,0.5852691142,0.008730327767,0.009885389314,0.001654093542,0,0,0,0
1.440036535,0,torque,hover,0.01209148392,0.02528811991,-0.01942279935,0,0,-0,0.01325185783,0.006180022843,0.001246193075,0,0,-0,0.03410187864,0.01467506101,0.9237984291,0.0006591890124,-0.0005204263725,0.0001218862817,0.08019425506,0.0855863172,0.001790903365,0.5853023064,0.008442555389,0.01001180667,0.00121932587,0,0,0,0
1.450033426,0,torque,hover,0.01208960265,0.02536476776,-0.01933763921,0,0,-0,0.01314064395,0.006258657202,0.001274337759,0,0,-0,0.03410973799,0.01461065536,0.9248368344,-0.0004344016779,0.0004327794013,0.0007524243556,0.07924267974,0.08587438361,0.00172364529,0.5853403196,0.008456875396,0.009875631753,0.0005229505976,0,0,0,0
1.460088491,0,torque,hover,0.01208657585,0.02552077547,-0.01917307079,0,0,-0,0.0129089253,0.00641548913,0.001400376437,0,0,-0,0.03413212475,0.0144830904,0.9272583547,-0.001247340231,0.0004980731755,-0.0002637991856,0.07735702129,0.08820135224,0.001631409579,0.5854318887,0.008228082972,0.01032914743,0.001524769792,0,0,0,0
1.470028162,0,torque,hover,0.01208520122,0.02560036071,-0.01907844841,0,0,-0,0.01279524062,0.006474146154,0.001477238955,0,0,-0,0.0341382154,0.01441578946,0.9284166735,-0.001293292269,0.0001866257808,-7.707645273e-05,0.07692083658,0.08802148782,0.001576459992,0.585485624,0.008238842886,0.0102338913,0.001273823107,0,0,0,0
1.480163097,0,torque,hover,0.01204760093,0.02568582445,-0.01897628605,0,0,-0,0.01269736513,0.006608649623,0.001509364694,0,0,-0,0.03413217981,0.01439359278,0.9300323353,0.000535204832,-0.0002147038613,0.0001385872456,0.07624377241,0.08888654709,0.001525522272,0.5855308284,0.007934993579,0.01040670199,0.0010180396,0,0,0,0
1.490031958,0,torque,hover,0.01201095618,0.02577285655,-0.01887689531,0,0,-0,0.01259766333,0.006753086112,0.00150539889,0,0,-0,0.03412975798,0.01437259612,0.9325163849,-0.001043095021,-0.0006468181964,0.0001647905447,0.07571292306,0.08991434337,0.001466904444,0.5855657684,0.008132445129,0.01061656928,0.0009552121212,0,0,0,0
1.500072956,0,torque,hover,0.01193962898,0.02595040575,-0.01868599653,0,0,-0,0.01227843761,0.006921001244,0.001577530289,0,0,-0,0.03413421692,0.01418269686,0.933433778,-9.245233377e-05,0.0002916121739,-0.0004285603354,0.0725536384,0.0924864666,0.00138924711,0.5856532833,0.007380636192,0.0109775259,0.00153400166,0,0,0,0
1.510006428,0,torque,hover,0.01190473232,0.02604041435,-0.01859360933,0,0,-0,0.01213190984,0.006973986514,0.001635035151,0,0,-0,0.03414012506,0.01408875666,0.9331799273,0.0004660435079,0.0009035807452,-0.0002283968788,0.07199224711,0.09206066439,0.001330581496,0.5857014428,0.007321712617,0.01067281456,0.00125712734,0,0,0,0
1.519973516,0,torque,hover,0.01184330042,0.02613505349,-0.01850563288,0,0,-0,0.01199810579,0.007058068179,0.001735033351,0,0,-0,0.03414327509,0.0140278726,0.933368545,0.0004499173956,0.0006522132899,-0.001089054742,0.07127676371,0.09225714786,0.001302696074,0.5857587668,0.00729681812,0.01066051544,0.002100895911,0,0,0,0
1.530011415,0,torque,hover,0.01178304758,0.02623065375,-0.01841944456,0,0,-0,0.01187764201,0.007163686678,0.001770851552,0,0,-0,0.03414913387,0.01398330082,0.9339366473,0.0008972774958,0.0008347479743,0.0001743272878,0.0707815428,0.09274886935,0.001234961287,0.5857991971,0.007252929479,0.01066593896,0.0007597470886,0,0,0,0
1.540107727,0,torque,hover,0.01166648045,0.02642354928,-0.01824559271,0,0,-0,0.01159669459,0.007295214571,0.001909072744,0,0,-0,0.03416448999,0.01383286087,0.9347652898,0.0003345102014,-0.0009169107652,0.001027000835,0.06794047805,0.09516136434,0.001093649384,0.5858972802,0.006818499162,0.0113680007,-0.0001815134478,0,0,0,0
1.550006628,0,torque,hover,0.01158303022,0.02652084455,-0.01814328134,0,0,-0,0.01146871131,0.007370728068,0.001938238973,0,0,-0,0.03415699698,0.01377010318,0.9350908066,0.0006174964365,-0.0002707247913,-0.0002817819186,0.06745973567,0.09517282325,0.001039459655,0.5859417884,0.00682265974,0.01116298661,0.001091376094,0,0,0,0
1.560035944,0,torque,hover,0.0115013551,0.02661888301,-0.01804348826,0,0,-0,0.01135663409,0.007405449636,0.001948397607,0,0,-0,0.03415279741,0.01369708273,0.9353631938,-0.0002596048871,-0.0004241707211,0.0005795657053,0.06717110284,0.09487903435,0.0009534039978,0.5859805065,0.007015273694,0.01101995654,0.0001309721507,0,0,0,0
1.569998741,0,torque,hover,0.01134236436,0.02681724355,-0.01785007119,0,0,-0,0.01105802786,0.007551472634,0.002123950282,0,0,-0,0.03415316709,0.01355787165,0.9353593759,0.0009106538491,0.0002414831106,0.000724688347,0.06390763963,0.09752206,0.000843777341,0.5860952624,0.006240886787,0.01145697007,-6.332269103e-05,0,0,0,0
1.580032825,0,torque,hover,0.01124366373,0.02691391669,-0.01773259044,0,0,-0,0.01085875463,0.00767531665,0.002164305421,0,0,-0,0.03413537241,0.01347246287,0.9357076127,0.0003552209237,-0.000169844905,0.001496967045,0.06299069484,0.09803258548,0.0007408881203,0.5861480998,0.0062764722,0.0115179946,-0.0009333280112,0,0,0,0
1.59002614,0,torque,hover,0.01114643272,0.0270117633,-0.01760312915,0,0,-0,0.01068815682,0.007758283988,0.002229981823,0,0,-0,0.03411375786,0.01339404665,0.9359942001,-0.001162999659,0.0005660086754,-0.0007461346104,0.06245487483,0.09810471079,0.0006945871095,0.5862116607,0.00651681597,0.0113287833,0.001302585455,0,0,0,0
1.600046873,0,torque,hover,0.01105070859,0.02711078338,-0.01747663319,0,0,-0,0.01054074243,0.007875198498,0.002249785932,0,0,-0,0.03409612066,0.01334869054,0.9370847765,-0.0005891389446,0.00034364147,-0.0007945442921,0.06218031887,0.09865487453,0.0006550901829,0.5862625264,0.006510841522,0.01139954551,0.001318233541,0,0,0,0
1.610018253,0,torque,hover,0.01095673721,0.02721096575,-0.01735314727,0,0,-0,0.01041017845,0.00796067249,0.002254053019,0,0,-0,0.03408252437,0.01329755154,0.9378486534,6.475439295e-05,9.814515943e-05,-0.0003269160225,0.061952405,0.09891828424,0.0006012004177,0.5863083752,0.006491050064,0.0114106209,0.0007933306865,0,0,0,0
1.620048285,0,torque,hover,0.01078375336,0.02741501853,-0.0170994103,0,0,-0,0.01013632584,0.008235675283,0.002326986054,0,0,-0,0.03406262482,0.01326598331,0.9414448763,-9.776003571e-05,0.0001308892388,-0.0005521899438,0.05938325959,0.1028644051,0.0005287231068,0.5864188219,0.006044509038,0.0122250031,0.001024152137,0,0,0,0
1.630024672,0,torque,hover,0.01069929916,0.02751953714,-0.01697680354,0,0,-0,0.00998017285,0.008396094665,0.002341411775,0,0,-0,0.03405894574,0.0132506779,0.9435789502,0.0002829207224,-9.482840687e-05,0.001083436655,0.05936924171,0.1034418647,0.0004351430564,0.5864669152,0.006129121589,0.01224773395,-0.0007226348016,0,0,0,0
1.640034199,0,torque,hover,0.01061606966,0.02762542479,-0.01685684919,0,0,-0,0.00982567016,0.008501969278,0.002446317114,0,0,-0,0.03405904277,0.0132216392,0.9452456752,-0.0004891938297,-0.0004290598154,0.0009185720701,0.0592239115,0.1035057785,0.000343469171,0.5865369316,0.006318747953,0.01217818703,-0.0006398157904,0,0,0,0
1.650032282,0,torque,hover,0.01054216549,0.0277239345,-0.01672440767,0,0,-0,0.009689575993,0.008646824397,0.002564219059,0,0,-0,0.0340508386,0.01323747236,0.9475053093,0.0002554049424,-0.0003800425329,-0.0004650621559,0.05927495994,0.1039928738,0.0002956785308,0.5866147975,0.006326718674,0.01217205378,0.0007241374791,0,0,0,0
1.660031796,0,torque,hover,0.01039811037,0.02792567015,-0.01644723117,0,0,-0,0.009416162036,0.008852278814,0.002723134123,0,0,-0,0.03403638003,0.01320766471,0.9508389577,-0.0001847023814,-0.0002618638391,0.0005855595809,0.05697745582,0.1067544021,0.0001982451058,0.5867554996,0.00595274713,0.0126818053,-0.0003870940199,0,0,0,0
1.670017958,0,torque,hover,0.01032751705,0.02802864648,-0.0163128823,0,0,-0,0.009230512194,0.008962456137,0.002747065155,0,0,-0,0.03403487566,0.01315577221,0.9528969311,-0.0007271029172,-0.0009683015523,-2.394261173e-05,0.05676352444,0.1067154548,0.000132365988,0.5868101447,0.00608874973,0.01263035226,0.0001648551221,0,0,0,0
1.680039644,0,torque,hover,0.01028844249,0.0281203147,-0.01617437601,0,0,-0,0.009112917818,0.009093877859,0.002801965224,0,0,-0,0.03403255187,0.01317554154,0.9559197999,-0.001004383666,-0.0003823453735,0.0001702035806,0.05761051437,0.1067706548,6.498722417e-05,0.5868741581,0.006412692448,0.01244541705,-9.849605896e-05,0,0,0,0
1.690025091,0,torque,hover,0.01025009714,0.02821380273,-0.01603864133,0,0,-0,0.008990812115,0.00918306224,0.00288414536,0,0,-0,0.03403411776,0.0131712425,0.9582004737,-0.000691181689,-0.0003106989607,0.0005380702205,0.05807161446,0.1065609065,-1.499967754e-05,0.5869440961,0.006533643885,0.01229200614,-0.0005492769702,0,0,0,0
1.70003438,0,torque,hover,0.01017547958,0.02840630338,-0.01577582955,0,0,-0,0.008826073259,0.009476971813,0.002943679923,0,0,-0,0.03404901253,0.01328073098,0.9657197006,-1.094957497e-05,-0.001092434512,-0.0008144435706,0.05769095804,0.110167947,-6.332685999e-05,0.5870542273,0.006398455224,0.01313827044,0.0008367655831,0,0,0,0
1.71001935,0,torque,hover,0.0101596443,0.02849593945,-0.01564478874,0,0,-0,0.00876438804,0.009606764652,0.003028982785,0,0,-0,0.03405871918,0.01335212198,0.9696214536,-0.0003541063343,-0.001020771917,2.682769082e-05,0.0588685313,0.1099278454,-0.0001246262959,0.5871232096,0.006756164594,0.01293750571,-8.791999856e-05,0,0,0,0
1.720033169,0,torque,hover,0.01014448423,0.02858761884,-0.01551632583,0,0,-0,0.008714022115,0.009729600511,0.003028646577,0,0,-0,0.03407225967,0.0134079084,0.9730402363,-0.0005713597639,0.0006930639502,0.0003867326886,0.05987074291,0.1097697339,-0.0001950406917,0.5871696396,0.007022065656,0.01256072924,-0.0005230496438,0,0,0,0
1.730015993,0,torque,hover,0.01013002731,0.02868133597,-0.01539099216,0,0,-0,0.008666728623,0.00983566232,0.003025260055,0,0,-0,0.03408986838,0.01345379637,0.9763330667,0.0002217775764,1.642310679e-07,-0.0001437424216,0.06058164674,0.1096819484,-0.0002491399928,0.5872141509,0.007061336374,0.01255799483,-3.56200639e-05,0,0,0,0
1.740083218,0,torque,hover,0.01012439653,0.02886454016,-0.01515495777,0,0,-0,0.008599306457,0.01000558864,0.00311792735,0,0,-0,0.03413704482,0.0135565979,0.9820909354,0.0007741814479,0.0001588715968,-0.0002343008819,0.061102753,0.1115137761,-0.0003341604925,0.5873231675,0.007082826546,0.01288940457,1.347080548e-05,0,0,0,0
1.750018835,0,torque,hover,0.01013301034,0.02895444259,-0.01504321396,0,0,-0,0.008566166274,0.01011254638,0.003229082795,0,0,-0,0.03416629817,0.01364073952,0.9859262856,-0.0005791499279,-5.800155122e-05,0.001121757785,0.06192408789,0.1112665994,-0.0004213268484,0.5873917474,0.007422842851,0.01277302316,-0.001445298468,0,0,0,0
1.76012516,0,torque,hover,0.01014218479,0.02904655226,-0.01493357122,0,0,-0,0.008549680002,0.01024268474,0.003225687891,0,0,-0,0.03419908858,0.01372642274,0.990427737,0.0001095183325,-0.0005879219971,-0.0001558916265,0.0627304038,0.1114876112,-0.00046757331,0.5874305116,0.007461314407,0.0128257044,-0.0001849760473,0,0,0,0
1.770034075,0,torque,hover,0.01015213039,0.02914077975,-0.01482658088,0,0,-0,0.008543986827,0.01034865342,0.00318607036,0,0,-0,0.03423562905,0.01379294685,0.9947488401,8.483617421e-06,-0.0006991024711,-0.0003980800975,0.06345850522,0.1116224437,-0.0005059138279,0.5874591176,0.007585290249,0.01280743114,2.747608748e-05,0,0,0,0
1.780045509,0,torque,hover,0.01016274374,0.02923714183,-0.01472984254,0,0,-0,0.008535779081,0.01052070409,0.003246017499,0,0,-0,0.03427914941,0.01393130894,0.9999089769,0.0004980135127,-0.0003000041179,-0.001095798565,0.0640394525,0.1125301124,-0.0005172727404,0.5875093008,0.007587606583,0.01290477808,0.0007364799711,0,0,0,0
1.790037155,0,torque,hover,0.0102284085,0.02942270972,-0.01454146206,0,0,-0,0.008566307835,0.0107975984,0.003327917308,0,0,-0,0.03437688623,0.01417902658,1.009651774,-0.0003633125743,0.0006525091012,-0.0002447290753,0.06589258913,0.1154832475,-0.0005668526478,0.5875982062,0.008061385826,0.01338566766,-0.0001269385291,0,0,0,0
1.800152063,0,torque,hover,0.01026199292,0.0295190569,-0.01444990933,0,0,-0,0.008572624065,0.01093243435,0.003383076983,0,0,-0,0.03443084516,0.01429871372,1.014351254,0.0001631747873,0.0005272477865,-0.0004184143327,0.06641471918,0.1153874085,-0.0006033590452,0.5876453283,0.008011165955,0.01327659127,7.311198781e-06,0,0,0,0
1.810032368,0,torque,hover,0.01029607002,0.02961760946,-0.0143596977,0,0,-0,0.008557134308,0.01106069703,0.003488444258,0,0,-0,0.03448786404,0.01441293897,1.019389786,-0.0006865072064,-0.0004838995228,-0.0001489568094,0.06667764462,0.1155331281,-0.0006440845802,0.5877045891,0.008096197263,0.01336221338,-0.0003053577766,0,0,0,0
1.820042849,0,torque,hover,0.01040522102,0.02979015186,-0.01420171559,0,0,-0,0.008565694094,0.01126460172,0.003629822051,0,0,-0,0.03460361973,0.0146095166,1.028182319,0.0001505389373,0.0001323672623,-0.0004759537987,0.06830371693,0.117373295,-0.0007062345356,0.5877975061,0.008262157687,0.01361573906,6.660564062e-08,0,0,0,0
1.830028772,0,torque,hover,0.01046067942,0.02987961844,-0.01410882175,0,0,-0,0.008654801175,0.01134798583,0.003721557092,0,0,-0,0.03465943253,0.01474897803,1.033138153,-0.0008582922746,0.0001930597355,0.0006701357779,0.06958317603,0.1166243946,-0.0007711890896,0.5878543032,0.008588466714,0.01333876307,-0.001237664056,0,0,0,0
1.840061426,0,torque,hover,0.01051678881,0.02997146919,-0.01401777565,0,0,-0,0.008677161299,0.0114823496,0.003676230321,0,0,-0,0.03471872473,0.01485436467,1.038318268,0.0004587248841,-8.136297402e-05,0.0005675787106,0.06997013058,0.1168381226,-0.0008245606915,0.5878757234,0.008381205845,0.01335979372,-0.00117856851,0,0,0,0
1.850034952,0,torque,hover,0.01059907954,0.03004087508,-0.01394343376,0,0,-0,0.008705276065,0.01153984666,0.003658237634,0,0,-0,0.03477375458,0.0149108214,1.042181453,0.0002553151862,-0.0003641891526,0.0001711242658,0.07063254125,0.1160261456,-0.0008738406283,0.5878979949,0.008460179694,0.01315338785,-0.0008311471942,0,0,0,0
1.860042572,0,torque,hover,0.01076300535,0.03018785641,-0.01379902661,0,0,-0,0.008668188006,0.01182922628,0.003708841512,0,0,-0,0.03489358242,0.01512691585,1.051476326,-0.0001673606312,0.0008222400211,0.0005071319174,0.07196731628,0.1187839578,-0.0009306638622,0.5879630878,0.008721827673,0.01358977863,-0.001171662505,0,0,0,0
1.870013237,0,torque,hover,0.0108447494,0.03026596271,-0.01372869313,0,0,-0,0.008727442473,0.01197050884,0.003719807602,0,0,-0,0.03495874859,0.01527410563,1.057189271,-0.000211132894,-0.0001246138272,7.9886413e-05,0.0728054418,0.1187539514,-0.0009631169536,0.5879912382,0.008805933476,0.01363617364,-0.0007718059626,0,0,0,0
1.880048275,0,torque,hover,0.01094986033,0.03031761386,-0.01366232336,0,0,-0,0.008849605918,0.01205144916,0.003773816861,0,0,-0,0.03501023037,0.0154205916,1.061656555,5.043494457e-05,0.0007276072283,-4.015006652e-06,0.0743810852,0.1177203683,-0.0009982941714,0.5880289346,0.009016442591,0.01321808636,-0.0007364537071,0,0,0,0
1.890022993,0,torque,hover,0.01105514262,0.03037234955,-0.01359683275,0,0,-0,0.008897826076,0.01214899216,0.003811457194,0,0,-0,0.03506522004,0.0155337222,1.065959297,1.237670131e-05,0.000512201339,8.690496543e-06,0.07499705921,0.117317123,-0.001024002096,0.5880621552,0.009036929964,0.01312639398,-0.0007781259682,0,0,0,0
1.900232315,0,torque,hover,0.01116029453,0.03043022193,-0.01353739202,0,0,-0,0.00895697996,0.01226765476,0.003804039909,0,0,-0,0.03512565392,0.01565865776,1.071123515,-0.0009596258751,0.0002708226384,-0.0002365926339,0.07574333406,0.1173356063,-0.001037554219,0.5880816946,0.009219031036,0.01314760757,-0.0005387860373,0,0,0,0
1.910033226,0,torque,hover,0.01138469111,0.03050792031,-0.01341339946,0,0,-0,0.009092723951,0.01241002791,0.003858847544,0,0,-0,0.03521737751,0.01586118299,1.07999455,-0.0006501094904,-0.0004827986413,-0.0006040274748,0.07903310378,0.117831326,-0.001031431728,0.5881401503,0.009802580417,0.01334375766,-0.0001565668994,0,0,0,0
1.920053244,0,torque,hover,0.01150423661,0.0305286143,-0.01334898174,0,0,-0,0.009192178957,0.01248400752,0.003854483832,0,0,-0,0.03524966758,0.01597509447,1.083780142,0.0001031776919,0.0003030991356,-0.0004457708856,0.07969325433,0.1169444189,-0.001033628414,0.5881623258,0.009687382443,0.01301258061,-0.0003356877405,0,0,0,0
1.930045843,0,torque,hover,0.01162382681,0.03055301122,-0.0132856369,0,0,-0,0.009285468608,0.01258604694,0.003888054052,0,0,-0,0.0352860878,0.0161166209,1.088149486,-0.0003365493612,0.000334491051,-0.0002521285205,0.08034361754,0.1166550844,-0.001034536367,0.5881937121,0.009748637792,0.01294712326,-0.0005364676763,0,0,0,0
1.940066576,0,torque,hover,0.011743173,0.03058055788,-0.01322352886,0,0,-0,0.009355796501,0.01261809561,0.003863331629,0,0,-0,0.03532611425,0.01617629736,1.091352368,0.0002991319925,-0.000368044799,-0.000712604553,0.08064437998,0.1158781265,-0.0010263888,0.5882098557,0.009593070838,0.01287660881,-7.417157321e-05,0,0,0,0
1.950035334,0,torque,hover,0.01198236179,0.03057838045,-0.01311586797,0,0,-0,0.009597416967,0.0127168633,0.003874976421,0,0,-0,0.03536439364,0.01639647727,1.097869579,0.0003739749664,6.218554518e-06,6.797110836e-05,0.0844381007,0.1152452037,-0.001042676781,0.5882516557,0.01032445431,0.01270260462,-0.0008888016607,0,0,0,0
1.960090637,0,torque,hover,0.01210287865,0.03058278002,-0.01306995749,0,0,-0,0.009716173634,0.01269490644,0.003874090035,0,0,-0,0.03539222929,0.01644911102,1.100079332,-0.000555992825,0.0002627651847,4.686742614e-05,0.08465269178,0.113906937,-0.001050778897,0.5882679884,0.01032491865,0.01239887125,-0.0008895285738,0,0,0,0
1.970025301,0,torque,hover,0.01222390309,0.03059053794,-0.01302474737,0,0,-0,0.00984628126,0.01276722737,0.003875214607,0,0,-0,0.03542384595,0.01658217831,1.103914984,-0.0007033116999,0.0007363798213,0.001510475064,0.08525468908,0.1138581519,-0.00108642127,0.5882845987,0.01032720306,0.01238306926,-0.00239560446,0,0,0,0
1.980096817,0,torque,hover,0.01245741639,0.03055934235,-0.01294034719,0,0,-0,0.009946078062,0.0127378162,0.00394196948,0,0,-0,0.03544733014,0.01663476942,1.106722191,0.0003864334722,-0.000108829925,0.0001835528674,0.08688204277,0.1121615061,-0.001089094343,0.58833193,0.01039285663,0.01216720586,-0.00107058641,0,0,0,0
1.99003911,0,torque,hover,0.01257480867,0.03054882772,-0.01289853454,0,0,-0,0.01008222252,0.01272226498,0.003955944441,0,0,-0,0.03546447351,0.01670798412,1.108833472,-0.0004442824575,0.0002803627285,0.0006774226786,0.08724138773,0.1113485509,-0.001100395386,0.5883505606,0.01044408913,0.01200497863,-0.001583095476,0,0,0,0
2.000052691,0,torque,hover,0.01269288361,0.03054180369,-0.01285757124,0,0,-0,0.01016335562,0.01276817638,0.003915691283,0,0,-0,0.03548560561,0.01678251363,1.110987463,0.0004233180662,0.001268513501,0.001496064011,0.08713716158,0.1114007027,-0.001125719934,0.5883552589,0.01017198421,0.01196683469,-0.002417613292,0,0,0,0
2.010044336,0,torque,hover,0.01281055436,0.03051225841,-0.01282453537,0,0,-0,0.01030682679,0.01278444473,0.003934342414,0,0,-0,0.03549051879,0.01688643704,1.113317605,0.001230497379,-0.0008545044111,0.0005799364299,0.08773115649,0.1108600275,-0.001130894839,0.5883718991,0.01009567968,0.01220744045,-0.00149086336,0,0,0,0
2.020084381,0,torque,hover,0.01304812636,0.0304640457,-0.01278485358,0,0,-0,0.01047853846,0.01275740564,0.004028375261,0,0,-0,0.03552131984,0.016993498,1.116324415,0.0005198806757,-0.000374009338,4.831121601e-07,1.207908662,1.689252856,-0.03264332728,0.5884100066,0.1687572269,0.2371912374,-0.03307452558,1,0,0,0
2.030025482,0.009941101074,torque,hover,0.01316774637,0.03044518828,-0.0127645582,0,0,-6.573811457e-05,0.01059876848,0.01274196897,0.004005197901,0,0,-0.01321087899,0.03551843276,0.02389738417,1.111999336,0.000791286293,-0.0004688942863,0.0003812018549,0.9266072775,1.291092227,-0.02465810109,0.5917849225,0.09542557655,0.1331584612,-0.01052941497,1,0,0,0
2.040052176,0.01996779442,torque,hover,0.0132881254,0.03042969853,-0.01274444163,0,0,-0.0002646290737,0.01069211215,0.01276539359,0.004005819559,0,0,-0.0264465202,0.035472335,0.03470765812,1.10795795,-0.0006252024323,0.0008906836738,0.0005344016827,0.7154854816,0.9926847319,-0.01869653004,0.5952203452,0.04583551474,0.06242728624,0.004367224148,1,0,0,0
2.050035,0.02995061874,torque,hover,0.01341204718,0.0303992033,-0.01273475587,0,0,-0.0005940460954,0.01076189801,0.01284977328,0.004002686124,0,0,-0.03953547407,0.03537501102,0.04665304401,1.104644149,-0.000124925602,1.383808103e-05,-1.239944959e-05,0.5570029086,0.7692156674,-0.014244503,0.5986610872,0.01253590244,0.01561952291,0.0139500074,1,0,0,0
2.060037136,0.03995275497,torque,hover,0.01366214082,0.030350063,-0.01271435618,0,0,-0.001054700495,0.01100844983,0.01285647787,0.004041036125,0,0,-0.05256090769,0.03526652785,0.05907838043,1.102758151,-0.0009865679312,0.0006255212356,0.0001543989929,0.4415393715,0.599993751,-0.01083259891,0.6021476234,-0.007859679825,-0.01487155993,0.01888114125,1,0,0,0
2.070039749,0.04995536804,torque,hover,0.01378811896,0.03033073619,-0.01270443201,0,0,-0.001645223559,0.01110787503,0.01290310267,0.004029780626,0,0,-0.06549802904,0.03510515452,0.07158205964,1.099274888,-0.0004288589698,0.000527588767,0.0005146281328,0.3520756841,0.4740185243,-0.00836218512,0.6056424912,-0.02097540869,-0.03306944173,0.02093838229,1,0,0,0
2.080052614,0.05996823311,torque,hover,0.0139161963,0.03029607236,-0.01270455122,0,0,-0.002365510122,0.01126792561,0.01288940571,0.004024146125,0,0,-0.07835933793,0.03490570571,0.08414357594,1.095502758,0.0005179049331,-0.001114139683,0.0009034998948,0.2855079248,0.3786024356,-0.006529942733,0.6091628515,-0.0281481239,-0.04300388654,0.02109249429,1,0,0,0
2.090044022,0.0699596405,torque,hover,0.01404505782,0.03026503325,-0.0127042383,0,0,-0.003212173895,0.01136629377,0.01288307551,0.004041532055,0,0,-0.09110425343,0.03468912183,0.09668447013,1.091159,-0.000675330346,0.0003599600168,-0.0002515532251,0.2350935288,0.3069645875,-0.005130376383,0.6127055215,-0.03118827664,-0.04770074005,0.02187206219,1,0,0,0
2.100423813,0.08033943176,torque,hover,0.01430559438,0.03021291457,-0.01270142198,0,0,-0.004226128082,0.01164978836,0.01282732561,0.004058722407,0,0,-0.1042506093,0.03448624137,0.1096866865,1.089131155,-0.0005374772009,-0.000886541151,0.0003214549797,0.2005840661,0.2519717517,-0.004055941247,0.616411304,-0.03082953431,-0.04824409859,0.01984546991,1,0,0,0
2.110046387,0.08996200562,torque,hover,0.01442081295,0.03017241508,-0.01270866394,0,0,-0.005287578358,0.01174104307,0.01289408188,0.004071226344,0,0,-0.1163523797,0.03425502867,0.1216797203,1.086204018,0.0003441559093,-0.001617427799,2.280361696e-05,0.1714897684,0.2123342537,-0.003272997014,0.6198646431,-0.03012551755,-0.04640948253,0.01870358333,1,0,0,0
2.12012434,0.100039959,torque,hover,0.01453695726,0.03013594076,-0.01271529496,0,0,-0.006523669777,0.01186403632,0.01289528701,0.004063648172,0,0,-0.1289386149,0.03402696393,0.1341515776,1.082485609,-0.0002130143548,-0.001381062553,1.747096576e-05,0.1498637903,0.181824653,-0.00268435056,0.6234991935,-0.02787460467,-0.04319939392,0.01697875308,1,0,0,0
2.130044937,0.109960556,torque,hover,0.01465415955,0.03010328114,-0.01272110641,0,0,-0.007863909448,0.011971334,0.01290845033,0.00410401402,0,0,-0.141240153,0.03383111423,0.1464065156,1.077940992,0.000710617227,0.0007850643597,0.0002472361666,0.1335220838,0.1588364425,-0.002243302719,0.6271119517,-0.0252708811,-0.03947434793,0.01497937385,1,0,0,0
2.140262127,0.1201777458,torque,hover,0.01487655286,0.03002516925,-0.01274159551,0,0,-0.009371321134,0.01220875978,0.01288650278,0.004169405904,0,0,-0.1538180208,0.03367760922,0.15898158,1.075319972,-0.001464081579,-9.338310338e-05,-0.0002294158912,0.1237623665,0.1402928273,-0.001891797936,0.630856127,-0.02133262371,-0.03514719146,0.01360528253,1,0,0,0
2.150036573,0.1299521923,torque,hover,0.01498215739,0.02997973002,-0.01275871694,0,0,-0.010933259,0.01228067465,0.01284797583,0.004123316612,0,0,-0.1657640021,0.03356458772,0.1708144798,1.070337836,0.000187229336,-0.001206874149,-0.0004500766227,0.1136196701,0.1268012506,-0.001623645494,0.6344328577,-0.01873234437,-0.03060579219,0.01220464485,1,0,0,0
2.160202265,0.1401178837,torque,hover,0.01508876868,0.02993790247,-0.01277504861,0,0,-0.0126811346,0.01234307047,0.0128222974,0.00413837051,0,0,-0.1780980577,0.03352547933,0.1831034638,1.064946391,-3.099497553e-05,-5.758265161e-06,-0.0005888445885,0.1058659391,0.1166224596,-0.001407982809,0.638191201,-0.01584120771,-0.02641161684,0.0108509297,1,0,0,0
2.170028687,0.1499443054,torque,hover,0.01519632712,0.02989965305,-0.01279003918,0,0,-0.01448941989,0.0124204969,0.01281058323,0.004214578308,0,0,-0.1899331651,0.03358281562,0.1949659613,1.060392409,-0.0007429358666,1.737612365e-05,-0.0008088623872,0.1003025543,0.1089523858,-0.001229136433,0.6418608618,-0.0129443353,-0.02230466774,0.009725162964,1,0,0,0
2.180054665,0.1599702835,torque,hover,0.01535550971,0.02979486808,-0.01285509765,0,0,-0.01645385097,0.01249447931,0.01281032525,0.0041727731,0,0,-0.2019201595,0.03371167257,0.2068683478,1.054857497,0.0007893053116,-0.0001253541122,-0.0001566941501,0.09654987479,0.1023009014,-0.001097844999,0.6455776414,-0.01042423569,-0.01864176069,0.007807355451,1,0,0,0
2.190284014,0.1701996326,torque,hover,0.01543723792,0.02974826656,-0.01288555562,0,0,-0.01858152427,0.0125720799,0.01273630187,0.004222857766,0,0,-0.2140582147,0.03399576057,0.2190134634,1.04883283,0.0001429655385,-0.0007624433492,0.0007366363425,0.09282688357,0.09724451284,-0.001028870066,0.6494275886,-0.00804262269,-0.01517835005,0.005777501666,1,0,0,0
2.200183153,0.180098772,torque,hover,0.01552047394,0.02970498055,-0.01291456819,0,0,-0.0207582887,0.01263728179,0.01266951021,0.004194926005,0,0,-0.2257158882,0.03442085026,0.2306061575,1.042994817,-8.964350855e-05,-0.000161462056,-0.0005601894227,0.08999085799,0.09334635708,-0.0009401338076,0.6531542879,-0.005925186932,-0.01221695529,0.006144616024,1,0,0,0
2.21003747,0.1899530888,torque,hover,0.01557378843,0.02963886224,-0.01295894384,0,0,-0.02303938828,0.01263256557,0.0126708895,0.004140844569,0,0,-0.2372342624,0.0349659892,0.242037343,1.036823719,-0.0005324826925,3.678310532e-05,-0.0003511881223,0.08689600275,0.09071646059,-0.0008664391169,0.6568712691,-0.004192156372,-0.009418961437,0.005118714507,1,0,0,0
2.220127821,0.2000434399,torque,hover,0.01568529755,0.02951844409,-0.01304352283,0,0,-0.02549229427,0.01269410364,0.01255021989,0.004114623182,0,0,-0.2489390852,0.03566986138,0.2536825332,1.028749432,0.0002446795406,0.0005542645813,0.0001623541757,0.08559060207,0.08660978196,-0.0008038208122,0.6606903573,-0.002509820982,-0.007446500105,0.003823235486,1,0,0,0
2.230033636,0.209949255,torque,hover,0.01574401557,0.0294638481,-0.01308345795,0,0,-0.02801478748,0.01278209779,0.01248725224,0.004111226648,0,0,-0.2603418112,0.03659148771,0.2650560747,1.022258422,7.455876039e-05,0.001330398372,-0.0009371460183,0.08434239948,0.08457951909,-0.0007359620465,0.6644800322,-0.0009648418865,-0.005410768493,0.004330766789,1,0,0,0
2.240277529,0.2201931477,torque,hover,0.01578896865,0.0294011943,-0.01314684749,0,0,-0.03074170823,0.01287793554,0.01250059251,0.004112984054,0,0,-0.2720419648,0.0377266601,0.2767375323,1.016980181,0.0002273702994,-0.0003793171782,-0.0003470274096,0.08329114141,0.08357950171,-0.0006847446922,0.6684118675,0.0003393180564,-0.003144309023,0.00321291194,1,0,0,0
2.250033379,0.2299489975,torque,hover,0.01583630405,0.02934307791,-0.01320816576,0,0,-0.03344970797,0.0129333809,0.01253025513,0.00410328852,0,0,-0.2830979782,0.03900672735,0.2877652642,1.012078209,-0.0004054007586,-0.0001527501299,-0.0003902011376,0.08223973979,0.08290689613,-0.0006393549996,0.6721713517,0.001531415847,-0.001401442645,0.002815769392,1,0,0,0
2.26005125,0.2399668694,torque,hover,0.01593687944,0.02923944965,-0.01332265139,0,0,-0.03634224695,0.01302785426,0.0124893263,0.004054021556,0,0,-0.2943628932,0.04048248167,0.2989621435,1.005921065,0.00110373972,0.0002102250728,0.0001605484285,0.08214340086,0.08101003257,-0.0006141094238,0.6760214475,0.00247015198,-0.0002318236204,0.001832034539,1,0,0,0
2.270041704,0.2499573231,torque,hover,0.01597305387,0.02919365652,-0.01338970661,0,0,-0.03933881269,0.01310380269,0.01244553272,0.00406156294,0,0,-0.3055081359,0.04219910114,0.3100967581,0.9999819562,0.0006524030468,-0.0002697816235,-0.0001900150965,0.08122155249,0.0801103212,-0.000587643744,0.6799104325,0.003321814545,0.001071176253,0.00185093103,1,0,0,0
2.280054331,0.2599699497,torque,hover,0.01601153798,0.02915163897,-0.01345477998,0,0,-0.04245330073,0.01311507914,0.01243883837,0.004026213195,0,0,-0.3165890997,0.04412597431,0.3211244445,0.9935855395,0.001011172193,0.0008460185491,0.0007264742162,0.07993474037,0.07965991878,-0.0005913765265,0.6838157813,0.003846963548,0.002056635997,0.000619480912,1,0,0,0
2.290043592,0.2699592113,torque,hover,0.01605211943,0.02911331691,-0.013517946,0,0,-0.04567063855,0.01318923384,0.01240691822,0.004005372059,0,0,-0.3275554037,0.04624987997,0.3320548682,0.9884686836,-0.0004330097872,-0.0004043921945,4.696012184e-05,0.07952739404,0.07899172082,-0.0005815180502,0.6877334897,0.004713609008,0.003140450535,0.001053201419,1,0,0,0
2.300032377,0.2799479961,torque,hover,0.01613961533,0.02904654294,-0.01363895833,0,0,-0.04899691726,0.01323929429,0.01226062048,0.003921672702,0,0,-0.3384324924,0.04852189299,0.3428293688,0.981828767,8.17309483e-05,-0.0002066122397,0.0005758117768,0.07937388614,0.07698786093,-0.0005953056623,0.6916311506,0.00525395293,0.003567091814,0.0002490408544,1,0,0,0
2.310026169,0.2899417877,torque,hover,0.0161542017,0.02902132645,-0.01372306049,0,0,-0.0524331504,0.01324587036,0.01222992688,0.003953287378,0,0,-0.3492262768,0.05100653569,0.353639405,0.9757238491,-6.769211905e-05,0.0002966615721,0.0003524585627,0.07813751182,0.07683884782,-0.0005932060504,0.6955902105,0.005551192249,0.004278683007,0.0003014959224,1,0,0,0
2.320041656,0.2999572754,torque,hover,0.01617118903,0.02899944223,-0.01380433142,0,0,-0.05598462011,0.01324078534,0.0122256279,0.0039610276,0,0,-0.3599544263,0.05368101861,0.3643614166,0.9703231823,-0.0006029839278,-0.0002058303071,0.0003542790364,0.07710312973,0.07690164606,-0.0005992277257,0.699569268,0.0058872015,0.005055811656,0.0001467067436,1,0,0,0
2.330035686,0.3099513054,torque,hover,0.01619023457,0.02898096479,-0.01388341188,0,0,-0.05963513913,0.01324523613,0.01222888567,0.003879889613,0,0,-0.3705707131,0.05652645896,0.3748842965,0.9649358256,-4.782896212e-05,0.00026592621,-0.0002319437335,0.07634256353,0.07691012889,-0.0005905834922,0.7035341638,0.006080438092,0.005577754936,0.0006219629177,1,0,0,0
2.340051889,0.3199675083,torque,hover,0.01620094292,0.02896860987,-0.01405704021,0,0,-0.06339976432,0.01321643684,0.01224873401,0.003739052452,0,0,-0.3811214749,0.05946726268,0.3852821449,0.9597864696,8.708280075e-05,-3.91122594e-05,5.93788609e-05,0.07537004435,0.07710244166,-0.0005863902757,0.7074743474,0.006231174144,0.006158719556,0.0002217231769,1,0,0,0
2.350047112,0.3299627304,torque,hover,0.01619279012,0.0289748311,-0.0141505897,0,0,-0.06726140595,0.01319324877,0.01232930273,0.003741926514,0,0,-0.391561239,0.06262991371,0.3957153853,0.9550970549,0.0002653591509,0.000460891315,-3.923717668e-05,0.07439940199,0.07782739402,-0.0005906451341,0.711487053,0.006340562199,0.00667030788,0.0002381015458,1,0,0,0
2.360061646,0.3399772644,torque,hover,0.01618708856,0.02898438275,-0.0142416954,0,0,-0.07123471342,0.01315862313,0.01236082055,0.003654965665,0,0,-0.4019321124,0.06595695856,0.4059886909,0.9497247295,-4.879742846e-05,0.00106723886,0.0007454178995,0.07348000713,0.07789595454,-0.000624445595,0.7155008699,0.006494715889,0.006941598349,-0.0006692109662,1,0,0,0
2.370043755,0.3499593735,torque,hover,0.01618392766,0.02899711207,-0.01433075964,0,0,-0.0752980685,0.01317788474,0.01243323088,0.00358660752,0,0,-0.4121806922,0.06942452572,0.4161618548,0.9459570925,-0.0006890902878,0.0002418387448,0.0005251203547,0.07324669802,0.07822881403,-0.0006508590082,0.7195216412,0.006816570465,0.007417314362,-0.0005314937386,1,0,0,0
2.380043507,0.3599591255,torque,hover,0.0161136426,0.02904195897,-0.01448205113,0,0,-0.07947073547,0.01311294734,0.01256769709,0.003559930716,0,0,-0.4223585798,0.07298365536,0.426305611,0.9415965455,0.0001341570314,-0.0002333280136,-0.0003606018727,0.07158624039,0.07944822977,-0.0006797828127,0.7235522099,0.006576605476,0.007993142337,0.0003100668303,1,0,0,0
2.390029192,0.3699448109,torque,hover,0.01608269475,0.02906909399,-0.01455461979,0,0,-0.08373865136,0.01305444445,0.01262344141,0.003526528366,0,0,-0.4324334531,0.07674695773,0.4363380287,0.9365145867,0.0004214753862,0.0002831990423,-6.427276821e-05,0.0705700588,0.07941627785,-0.0007042557349,0.7276179631,0.006551685091,0.008082878059,-7.014842344e-05,1,0,0,0
2.400446177,0.3803617954,torque,hover,0.01605427638,0.02909905277,-0.01462510228,0,0,-0.08829763709,0.01302041765,0.01265061926,0.00351817417,0,0,-0.4428490182,0.08082163724,0.4467362083,0.931675977,-0.0001188678943,-0.0006315914798,0.0005774418241,0.06991568835,0.07910146192,-0.0007502619937,0.7318825333,0.006707941009,0.008281463815,-0.0008145870518,1,0,0,0
2.410030842,0.3899464607,torque,hover,0.01601621695,0.02912428789,-0.01470451057,0,0,-0.09258778025,0.012976937,0.01271487866,0.003472808748,0,0,-0.4523471733,0.08467908269,0.4561818991,0.9272713319,0.0003797671816,-0.0003906711645,0.00127072155,0.06912846194,0.0791616948,-0.0008132300297,0.7358045446,0.006660680321,0.008385686928,-0.001608368354,1,0,0,0
2.42005825,0.3999738693,torque,hover,0.01594862901,0.02918185294,-0.0148588419,0,0,-0.09717310734,0.01294247247,0.0124232443,0.003113011364,0,0,-0.4621966719,0.08877824961,0.465655394,0.9184832457,-0.0002871774777,0.001168520306,0.0004465262755,0.0679634306,0.07652426814,-0.0009128221435,0.7398157697,0.006680757122,0.007671075498,-0.0009292815553,1,0,0,0
2.430043221,0.4099588394,torque,hover,0.01591863856,0.02921117283,-0.01491598785,0,0,-0.101836723,0.01276350953,0.01199598424,0.002759452444,0,0,-0.4719156748,0.09306938203,0.4749981971,0.9058307462,-0.0002790380968,0.004079119768,0.001254796982,0.06600737876,0.0728209373,-0.001010714937,0.7438592782,0.006413679348,0.006578122781,-0.00191409089,1,0,0,0
2.440053701,0.4199693203,torque,hover,0.01588143781,0.02924694307,-0.01499266922,0,0,-0.1066092251,0.01250829455,0.01170146465,0.002156383591,0,0,-0.4815705471,0.09747408403,0.484030087,0.8924473411,0.0004071330186,0.008930239826,0.0026584242,0.06377904708,0.0707602815,-0.001129607724,0.747856011,0.006004540998,0.005664567799,-0.003471989356,1,0,0,0
2.450037479,0.4299530983,torque,hover,0.01584481075,0.02928249165,-0.01507335901,0,0,-0.1114648169,0.01208501961,0.01119188592,0.001258632634,0,0,-0.4911109458,0.1019795837,0.492645012,0.8732339653,0.002285874914,0.01333655044,0.003288301639,0.0602645896,0.06709875803,-0.001285206611,0.7517780701,0.005158659253,0.0044767839,-0.004287616829,1,0,0,0
2.460070372,0.4399859905,torque,hover,0.01577328891,0.0293530114,-0.015261814,0,0,-0.1164398015,0.01176476479,0.01091658417,-0.002326621208,0,0,-0.5006090221,0.1065240868,0.4985408033,0.843059709,0.009120224044,0.03077628091,0.003318686038,0.0577550122,0.06441264367,-0.001551149585,0.75501523,0.003943844905,0.001926278844,-0.004526620796,1,0,0,0
2.470043659,0.4499592781,torque,hover,0.01572877355,0.02938195877,-0.01539649069,0,0,-0.1214792326,0.01169206388,0.01093288045,-0.005009946879,0,0,-0.5099619922,0.111194613,0.5052057009,0.8198574677,0.01613677479,0.04171212018,0.003211829346,0.05765535781,0.06364491471,-0.00166294925,0.7584865906,0.003270023112,0.0006457947518,-0.004471691176,1,0,0,0
2.480085135,0.4600007534,torque,hover,0.01568684727,0.02941356413,-0.01555337012,0,0,-0.1266469098,0.01168838609,0.01095923781,-0.00841144193,0,0,-0.5192895854,0.1159871091,0.5111293385,0.7927240833,0.02135389484,0.05178007111,0.001838453813,0.05761073088,0.06200362884,-0.001741097842,0.7618086484,0.002841524479,-0.0007078898155,-0.003111300041,1,0,0,0
2.490036726,0.4699523449,torque,hover,0.01564765722,0.0294475276,-0.01573707163,0,0,-0.1318602973,0.01163341478,0.01091375202,-0.0122550996,0,0,-0.528445257,0.1208164294,0.5164365643,0.7593568819,0.02903384157,0.06049477309,0.00195691688,0.05636558606,0.05907050639,-0.001830468023,0.7649826242,0.001788413365,-0.002152007049,-0.003293806275,1,0,0,0
2.50007987,0.4799954891,torque,hover,0.01555973571,0.02949836105,-0.01620662212,0,0,-0.137213575,0.01146280766,0.01051762514,-0.02156259865,0,0,-0.5375959101,0.1255186891,0.5162677551,0.6844268087,0.03819501027,0.06900843978,0.001071594888,0.05138508385,0.04995581491,-0.002006803031,0.7667229647,-7.718019134e-05,-0.004515688446,-0.002555016701,1,0,0,0
2.510032654,0.4899482727,torque,hover,0.01551046316,0.02951467596,-0.01651066542,0,0,-0.1426089111,0.0112834014,0.01031917334,-0.02700080909,0,0,-0.5465757814,0.1304318141,0.5197999157,0.6408786286,0.04254179448,0.07130401582,0.0002189412044,0.04817143473,0.04538329625,-0.002057927007,0.7694706595,-0.001047239688,-0.005351487968,-0.001735295318,1,0,0,0
2.520050526,0.4999661446,torque,hover,0.01546273567,0.02953184582,-0.01685786247,0,0,-0.1481293401,0.01111831795,0.01004677452,-0.03291734681,0,0,-0.5555254613,0.1354379081,0.5228229108,0.5966020396,0.04463358596,0.07038301229,0.0001329470688,0.04501467532,0.04036142151,-0.00210856834,0.772118687,-0.001671208795,-0.005838542637,-0.001694395088,1,0,0,0
2.530033827,0.5099494457,torque,hover,0.01541659981,0.02954911254,-0.01725174487,0,0,-0.1537194683,0.01095333043,0.009723552503,-0.03923918307,0,0,-0.5643555111,0.1404786857,0.5253205506,0.5520873319,0.04713890702,0.06784480065,-4.430230183e-05,0.04174432136,0.0352583048,-0.002154762893,0.7746414852,-0.002367989193,-0.0061215634,-0.001552616927,1,0,0,0
2.540062428,0.5199780464,torque,hover,0.01528724842,0.02955083363,-0.0182633996,0,0,-0.1594232692,0.01047028974,0.008962903172,-0.05301808938,0,0,-0.5731364313,0.1450277923,0.5203009228,0.4706932178,0.04610970989,0.05496156588,-0.001864131656,0.03294783909,0.02526433745,-0.002204313243,0.7750809651,-0.003529243285,-0.005720397718,0.00021504973,1,0,0,0
2.550047159,0.5299627781,torque,hover,0.01522409823,0.02955094911,-0.01884093881,0,0,-0.1651891589,0.01017500553,0.008504640311,-0.06046611443,0,0,-0.581790128,0.1500760916,0.5214926527,0.4313582966,0.04465014488,0.04509760439,-0.001311729196,0.02919666774,0.02122418389,-0.002217761688,0.7772683826,-0.003737071644,-0.004799077984,-0.0003488731963,1,0,0,0
2.56007123,0.5399868488,torque,hover,0.01516160276,0.02954978496,-0.01947700977,0,0,-0.1710642356,0.009860952385,0.00799585972,-0.06830380857,0,0,-0.5903887776,0.1551829599,0.5222393005,0.3955635371,0.04254055023,0.03357866406,-0.001019534888,0.02552745719,0.01766338012,-0.002238701365,0.7793606154,-0.003847201928,-0.003600213501,-0.0006497894052,1,0,0,0
2.570057392,0.549973011,torque,hover,0.015099518,0.02954730019,-0.02017396688,0,0,-0.1770023554,0.00952907186,0.007508346345,-0.07631262392,0,0,-0.5988660979,0.1603002865,0.5226942812,0.3640364151,0.03951613978,0.02291284129,-0.00140883564,0.0220248744,0.01508627607,-0.002245246786,0.7813788778,-0.003809284323,-0.002359174646,-0.0002442797047,1,0,0,0
2.580063105,0.5599787235,torque,hover,0.01492156647,0.02949717268,-0.02183742821,0,0,-0.1830365607,0.008771009743,0.006352836266,-0.09316573292,0,0,-0.607271111,0.1645536285,0.5142194365,0.3139539171,0.03392712772,0.001089196885,-0.001128881122,0.01261800721,0.008990301501,-0.002290999404,0.7808202401,-0.004547521227,-0.0003985136115,-0.0005908045571,1,0,0,0
2.590049028,0.5699646473,torque,hover,0.01483315695,0.02946926281,-0.02276755869,0,0,-0.1891422374,0.008368221112,0.005752702709,-0.102035366,0,0,-0.6155707745,0.1696142497,0.5136358015,0.2935166167,0.0283861421,-0.007325744722,-0.001797919744,0.009892664713,0.008184269408,-0.002278709542,0.7825497561,-0.003962648462,0.0008121430183,0.0001275563236,1,0,0,0
2.600061178,0.5799767971,torque,hover,0.0147447465,0.02943960577,-0.02376624942,0,0,-0.1953467109,0.007927462459,0.00522215059,-0.1111338213,0,0,-0.6238032472,0.1747110549,0.5127573069,0.277408154,0.02574089728,-0.01497016847,-0.001268367399,0.007122339121,0.008447013086,-0.002278569992,0.7842149266,-0.003831251986,0.002092937193,-0.0003812928615,1,0,0,0
2.610043049,0.5899586678,torque,hover,0.01461782213,0.02937849239,-0.02489422262,0,0,-0.2016140287,0.007450178266,0.004684247542,-0.1204604506,0,0,-0.6319221216,0.179740553,0.5115373771,0.2638491868,0.02030611597,-0.01845252514,-0.001162722358,0.004031398979,0.008555703105,-0.002284848369,0.7857690088,-0.003422944897,0.00269747979,-0.000486783837,1,0,0,0
2.620087385,0.6000030041,torque,hover,0.01436452754,0.02925242111,-0.02738158405,0,0,-0.2080019226,0.006510525011,0.003552074078,-0.1395065337,0,0,-0.6400024033,0.1835367824,0.5005508162,0.2500846504,0.01026641019,-0.02394801751,-0.001910447609,-0.003725585652,0.006605871189,-0.00228638458,0.7843983937,-0.003378257991,0.002922107285,0.0002358380707,1,0,0,0
2.630034447,0.6099500656,torque,hover,0.01423764694,0.02918751724,-0.02873396873,0,0,-0.2144074976,0.005942390766,0.003018809948,-0.1492985934,0,0,-0.6479160508,0.1884921247,0.4986620038,0.2438869403,0.005848298315,-0.02262388915,-0.001871397486,-0.005507999557,0.007758671674,-0.002259841569,0.7857507465,-0.002814295932,0.003100628702,0.0002290186319,1,0,0,0
2.640076637,0.6199922562,torque,hover,0.01408600621,0.0290991459,-0.03022757173,0,0,-0.2209537363,0.005383281503,0.002550768666,-0.1592765749,0,0,-0.6558161648,0.1934467516,0.4965753221,0.2385347642,0.001484611537,-0.01942013204,-0.001946638688,-0.007107810158,0.008874135046,-0.00223156032,0.7870523652,-0.002263976035,0.002985192264,0.0003301817982,1,0,0,0
2.650036335,0.6299519539,torque,hover,0.01393412333,0.02901014686,-0.03179550171,0,0,-0.2275241175,0.004837738816,0.00202082633,-0.1693540663,0,0,-0.6635628433,0.1983568488,0.4942365858,0.2330009381,-0.004070844967,-0.01646727696,-0.001492973533,-0.008344996394,0.009094193416,-0.002214673898,0.7882716311,-0.00151577938,0.002684307766,-0.0001234159691,1,0,0,0
2.660076141,0.6399917603,torque,hover,0.01362925209,0.02883001789,-0.03515781462,0,0,-0.2342249873,0.003741048044,0.001054282882,-0.1898030341,0,0,-0.67128259,0.2016052224,0.4814952438,0.2230670853,-0.01088736858,-0.006949295755,-0.002091386821,-0.01421034273,0.006852131709,-0.00217690735,0.7862504113,-0.001738172479,0.0008578468627,0.0004358441394,1,0,0,0
2.670044899,0.6499605179,torque,hover,0.01346322242,0.02871809341,-0.03703224659,0,0,-0.2409546781,0.003237084253,0.0006055685808,-0.2002390325,0,0,-0.6788590573,0.2063742845,0.4786313545,0.2144697427,-0.01498563308,-0.0008032813203,-0.002221451141,-0.01349735919,0.007004495663,-0.00213192425,0.787282703,-0.000743159295,0.0002126883946,0.0006069921189,1,0,0,0
2.680060387,0.6599760056,torque,hover,0.01329837088,0.02860639244,-0.03898346424,0,0,-0.2477915304,0.002727803541,0.0001116798667,-0.2108309865,0,0,-0.6863820839,0.211177605,0.4755589339,0.203565964,-0.01706487313,0.004280333873,-0.001749819028,-0.01301017898,0.006301051017,-0.002099914261,0.7882729698,-0.000153687476,-0.0004789692282,0.0001543371987,1,0,0,0
2.690060377,0.669975996,torque,hover,0.01313338988,0.02849403024,-0.04101294279,0,0,-0.2546925309,0.002193992492,-0.0003806240275,-0.221533373,0,0,-0.6938045124,0.2159707435,0.4722763889,0.1914898135,-0.01970016956,0.008233544417,-0.001498067752,-0.01278544337,0.005288938046,-0.002074420718,0.7892046749,0.0003982125969,-0.001073456164,-8.387265616e-05,1,0,0,0
2.700077057,0.6799926758,torque,hover,0.01296831388,0.02838109434,-0.04312112927,0,0,-0.2616790128,0.00174779701,-0.0008717634482,-0.2322163284,0,0,-0.701150217,0.2207741201,0.4689379561,0.1784704987,-0.02136260271,0.01234824583,-0.001907348982,-0.01190662261,0.003885065451,-0.002034874343,0.7901244362,0.0009252354869,-0.001767785022,0.0003657753416,1,0,0,0
2.71004653,0.6899621487,torque,hover,0.01259541232,0.02812622115,-0.04775646329,0,0,-0.2687051866,0.0008447379223,-0.001949297963,-0.2537368834,0,0,-0.7083727464,0.2230875771,0.4546408267,0.152190975,-0.02357944101,0.01676210947,-0.0009431120707,-0.0153493723,-0.002923030763,-0.002021559147,0.7873629399,0.0003502004279,-0.00362221293,-0.0006903993082,1,0,0,0
2.720078468,0.6999940872,torque,hover,0.01241021976,0.02799723484,-0.05019077659,0,0,-0.2758476209,0.0004949055146,-0.002466499107,-0.2646132708,0,0,-0.7155513509,0.227725427,0.4509450972,0.1390965182,-0.02355627902,0.01625149138,-0.001239600009,-0.01315002531,-0.004215940227,-0.001991569078,0.7881296431,0.000980128859,-0.003535820411,-0.0003232851451,1,0,0,0
2.730033875,0.7099494934,torque,hover,0.01201221626,0.027725311,-0.05539751053,0,0,-0.2830063185,-0.0003155448358,-0.003579746233,-0.2867675424,0,0,-0.7225867542,0.2296056526,0.4358340276,0.1176642074,-0.02316996641,0.01284722891,-0.001411939738,-0.01583368869,-0.01063958088,-0.001964205828,0.7850008714,0.0002326313209,-0.00416833203,-0.0001730687932,1,0,0,0
2.740052223,0.7199678421,torque,hover,0.01180167962,0.02758229896,-0.05816942453,0,0,-0.290280538,-0.0006577658933,-0.004161919467,-0.2979125679,0,0,-0.7295777034,0.2340419446,0.4316856999,0.1078639463,-0.02166893519,0.008734607138,-0.002000279259,-0.01377167146,-0.01155669036,-0.001905635788,0.7855771265,0.000638308126,-0.003489187913,0.0005300309467,1,0,0,0
2.75004673,0.7299623489,torque,hover,0.01159316581,0.02743785083,-0.06102007627,0,0,-0.2976067894,-0.000929002359,-0.004712919239,-0.3089455068,0,0,-0.7364631182,0.2384544191,0.4275445973,0.1018187572,-0.02173409984,0.003075635293,-0.0002827935969,-0.01162927038,-0.01218838451,-0.001892875951,0.7861453983,0.001218076986,-0.002593289828,-0.001155567211,1,0,0,0
2.76005435,0.7399699688,torque,hover,0.0113864569,0.02729220688,-0.06394842267,0,0,-0.3050111599,-0.001303047175,-0.005243616179,-0.3197833598,0,0,-0.7432686007,0.2428698401,0.4235197076,0.0967767079,-0.02134871669,-0.002625240479,-0.001392194186,-0.01077817966,-0.01244973635,-0.001853617227,0.7867429901,0.00138594576,-0.001671324418,3.707267688e-05,1,0,0,0
2.770038843,0.7499544621,torque,hover,0.01113539096,0.02712207474,-0.067024827,0,0,-0.3124658472,-0.001670938684,-0.005896845367,-0.3305432498,0,0,-0.7499696404,0.2471859589,0.4194711694,0.09158163745,-0.02049210295,-0.009573563933,-0.001801998937,-0.01071308936,-0.01365319002,-0.001807171783,0.7872982742,0.001290972984,-0.0008559167835,0.0005098378225,1,0,0,0
2.780055285,0.7599709034,torque,hover,0.01088680886,0.02695033699,-0.07017597556,0,0,-0.3200111703,-0.001981824404,-0.006466468796,-0.341216296,0,0,-0.7566030827,0.2515203129,0.4154418437,0.08871569561,-0.01984208636,-0.01529998239,-0.001801544218,-0.01021157143,-0.01384317187,-0.001749654278,0.7878643363,0.00132618607,-1.196092226e-05,0.0005753570002,1,0,0,0
2.790055513,0.7699711323,torque,hover,0.01039711293,0.02660339326,-0.07670676708,0,0,-0.3276101179,-0.002614790108,-0.007531506475,-0.3624483943,0,0,-0.7631368232,0.2525239235,0.4007677355,0.08779341599,-0.01774081402,-0.025862718,-0.001902342425,-0.01389374878,-0.01642682845,-0.001664784545,0.7845219842,8.491931237e-05,0.0007608057797,0.0007262453088,1,0,0,0
2.800053835,0.7799694538,torque,hover,0.01010568067,0.026390085,-0.08014988899,0,0,-0.335272492,-0.002860063221,-0.008053773083,-0.3732022941,0,0,-0.76958045,0.2566828859,0.3964702835,0.08736952852,-0.01676900499,-0.03103918582,-0.002429914195,-0.01279570914,-0.01506287289,-0.00157859835,0.7849561436,0.000308541277,0.001848284072,0.001365929509,1,0,0,0
2.810045719,0.789961338,torque,hover,0.00981796626,0.02617637441,-0.08366763592,0,0,-0.3429938524,-0.003159999149,-0.008602002636,-0.3839724362,0,0,-0.7759311549,0.2608288358,0.3920658328,0.08708410467,-0.01667528041,-0.03356762603,-0.001589763211,-0.01247297011,-0.01394277187,-0.001509938909,0.7853569553,0.0004407340051,0.002455009983,0.0005788080347,1,0,0,0
2.820058584,0.7999742031,torque,hover,0.009256438352,0.02574807592,-0.09092587233,0,0,-0.3507946361,-0.003766755573,-0.009574569762,-0.4052078426,0,0,-0.7822061705,0.2613052228,0.3771387014,0.09234772079,-0.01480244379,-0.03787972033,-0.001627867459,-0.0168826267,-0.01464855033,-0.001390231867,0.7817579591,-0.0008510251196,0.002612243064,0.0006974774614,1,0,0,0
2.830036879,0.8099524975,torque,hover,0.008980284445,0.02553373389,-0.09466570616,0,0,-0.3586305497,-0.004050238524,-0.01000393555,-0.4157181084,0,0,-0.7883708641,0.265348932,0.3728090121,0.09493968996,-0.01197423879,-0.03637963161,-0.001125934767,-0.01580255371,-0.01194856829,-0.001326828216,0.7821387694,-0.0008304196717,0.00303530713,0.0002594816756,1,0,0,0
2.840072393,0.8199880123,torque,hover,0.008670191281,0.02528144792,-0.09853515029,0,0,-0.3665729945,-0.004372361582,-0.01043734606,-0.426227808,0,0,-0.7944816429,0.2693670539,0.3684276628,0.09662142714,-0.01207212172,-0.03486637399,-0.001291904948,-0.01578195251,-0.01008358101,-0.001263818806,0.7824976787,-0.0006878561314,0.00321886486,0.0004814094779,1,0,0,0
2.850055933,0.8299715519,torque,hover,0.008363594301,0.02502994239,-0.1024768651,0,0,-0.3745347093,-0.004657613579,-0.01086247526,-0.436673075,0,0,-0.8004719461,0.27333481,0.363990804,0.09785437837,-0.01038836874,-0.03207891434,-0.0009991008556,-0.01574050155,-0.008627929363,-0.001201911567,0.7828232626,-0.0008033664647,0.003114046901,0.0002328990636,1,0,0,0
2.860057116,0.8399727345,torque,hover,0.007761496585,0.02452979051,-0.1106002331,0,0,-0.3825700133,-0.005176173523,-0.01155246422,-0.4573124349,0,0,-0.8063840039,0.2731840273,0.3493010342,0.1021321203,-0.01269704383,-0.02487640455,-0.00237382506,-0.02011464898,-0.009440027617,-0.001085455342,0.7790555922,-0.001459723023,0.001703002966,0.001678210635,1,0,0,0
2.870051861,0.8499674797,torque,hover,0.007421900984,0.02425514348,-0.1148269773,0,0,-0.3906587718,-0.005431126337,-0.01190257166,-0.4675022662,0,0,-0.8122034322,0.2769956236,0.3449493619,0.1004604148,-0.01272137556,-0.01992212981,-0.001393897459,-0.01939407133,-0.008036492758,-0.001011483068,0.7793456307,-0.001129363298,0.001385866064,0.0007329064636,1,0,0,0
2.880086422,0.8600020409,torque,hover,0.007086549886,0.0239821393,-0.1191227138,0,0,-0.3988378175,-0.005721692462,-0.01222348772,-0.4775914252,0,0,-0.8179567166,0.2808307345,0.3406327685,0.09767972175,-0.01339922193,-0.01583620906,-0.000964486564,-0.01918069808,-0.006924850117,-0.0009405497403,0.7796522303,-0.0008664610129,0.001112381578,0.0003427349716,1,0,0,0
2.890034676,0.8699502945,torque,hover,0.006756655406,0.02371131815,-0.1234871149,0,0,-0.4070030632,-0.00603349274,-0.0125282295,-0.4876562655,0,0,-0.8235721638,0.2845859659,0.3362035846,0.09336767671,-0.01468871627,-0.01087168511,-0.0003535241995,-0.01924797799,-0.006266128351,-0.0008895425685,0.7799002703,-0.00061455105,0.0006106837659,-0.000253531506,1,0,0,0
2.90005374,0.8799693584,torque,hover,0.006060432177,0.02316214889,-0.1324705184,0,0,-0.4152824455,-0.006579545792,-0.01315123774,-0.5074602962,0,0,-0.8291386682,0.2838235369,0.3220143173,0.0794158572,-0.01618315838,-0.001243499108,-0.0009360253462,-0.02442562298,-0.01013735904,-0.0007878119433,0.7760344522,-0.001608364117,-0.001580965242,0.0003551101747,1,0,0,0
2.910045862,0.8899614811,torque,hover,0.005694959778,0.02288412489,-0.1370887458,0,0,-0.4235946665,-0.006850562524,-0.0134083014,-0.5171211362,0,0,-0.8346013358,0.2874747959,0.3178370492,0.07067883316,-0.01621386781,0.001267955173,-0.0009564891225,-0.02351640297,-0.009538503967,-0.0007063314816,0.7763077035,-0.001225701783,-0.001626409404,0.0004418552216,1,0,0,0
2.920058012,0.8999736309,torque,hover,0.00533398008,0.02260811441,-0.1417717934,0,0,-0.4319778501,-0.007085463963,-0.01365441829,-0.5266914368,0,0,-0.8399859362,0.2911342192,0.3136719469,0.06070010939,-0.01766390912,0.004795397632,-0.001008633641,-0.02253316516,-0.009460395961,-0.0006249379916,0.7765863945,-0.0006813492698,-0.001955340407,0.0005524135031,1,0,0,0
2.930037498,0.9099531174,torque,hover,0.004588219337,0.02203877829,-0.1513766646,0,0,-0.4403868897,-0.007538958453,-0.01425176393,-0.5453718901,0,0,-0.8452643006,0.2898856149,0.300325501,0.03870531767,-0.01888716035,0.007473266218,-0.0004489167186,-0.02705052737,-0.01479345448,-0.0005281769512,0.7727545672,-0.001578039742,-0.003367387404,8.848356785e-06,1,0,0,0
2.940068007,0.9199836254,torque,hover,0.004203600809,0.0217448324,-0.1562952399,0,0,-0.4488915551,-0.007783189882,-0.01460714266,-0.5544362664,0,0,-0.8504804468,0.2934333173,0.296506498,0.02686168236,-0.02144637145,0.006583289709,-0.001590520144,-0.02568317416,-0.01551189602,-0.0004224477616,0.7730774976,-0.0007539422709,-0.003193716131,0.00126076453,1,0,0,0
2.950048208,0.9299638271,torque,hover,0.003823817242,0.02145229839,-0.1612741947,0,0,-0.4574050508,-0.008046675473,-0.01495588012,-0.5634877086,0,0,-0.8555816718,0.2969314847,0.2925872702,0.01664235704,-0.02285471186,0.005900240038,-0.001090847654,-0.02476544522,-0.01632611019,-0.000332310187,0.7733559165,-0.0002567404406,-0.003097715353,0.0008272928046,1,0,0,0
2.960059643,0.9399752617,torque,hover,0.003449988551,0.02116162144,-0.166312933,0,0,-0.465995895,-0.008261366747,-0.01529220305,-0.5722721815,0,0,-0.8606099078,0.300448988,0.2888611189,0.01030625064,-0.02432068996,0.003012396395,-0.0007511787699,-0.02356722742,-0.01706203791,-0.0002509241116,0.7736898985,0.0002696085124,-0.002704642798,0.000556043693,1,0,0,0
2.97005105,0.9499666691,torque,hover,0.003052627435,0.02086750977,-0.1714613736,0,0,-0.4746192987,-0.008412102237,-0.0156081561,-0.5808447599,0,0,-0.8655392599,0.3038906037,0.2852460978,0.01099457284,-0.02538451925,-0.0002775177127,0.0004547479039,-0.02233172579,-0.01765661413,-0.0002020151443,0.7740246177,0.000708193962,-0.002255034111,-0.0006213192989,1,0,0,0
2.980082035,0.959997654,torque,hover,0.00227478845,0.02028397657,-0.1818929911,0,0,-0.483325958,-0.008749130182,-0.01619791612,-0.5976499319,0,0,-0.8703988739,0.302123233,0.2733695395,0.01722565641,-0.02794910781,-0.009661546908,-9.365717415e-05,-0.02576955923,-0.02167140954,-7.176993823e-05,0.770370665,9.226470753e-05,-0.001816384226,2.254160054e-05,1,0,0,0
2.990041971,0.9699575901,torque,hover,0.001893932582,0.01999497227,-0.1871917248,0,0,-0.492018737,-0.008882940747,-0.01642317139,-0.6059798598,0,0,-0.875135575,0.3054879593,0.2698025689,0.01718069014,-0.02950154431,-0.01507219579,-0.0005011757021,-0.02329366514,-0.02013510628,1.590614944e-05,0.7706889094,0.0009328173024,-0.0006066297751,0.0005313537215,1,0,0,0
3.000144482,0.9800601006,torque,hover,0.001482055173,0.01969743706,-0.1925955415,0,0,-0.5008836935,-0.008942693472,-0.01673551276,-0.6143484712,0,0,-0.8798500004,0.3089203298,0.2661787204,0.01678376266,-0.0288871415,-0.02045356669,0.0008539332775,-0.02110691647,-0.01945720151,6.427593183e-05,0.7710159868,0.001343727077,0.0003227523762,-0.0007883516595,1,0,0,0
3.010050774,0.9899663925,torque,hover,0.001076717977,0.01940174215,-0.1980535686,0,0,-0.5096222778,-0.009053561836,-0.01694106124,-0.6225560904,0,0,-0.8843847641,0.312174066,0.2625323236,0.0132424102,-0.02902776003,-0.02576355264,-3.305066639e-05,-0.01969624012,-0.01779401076,0.0001512421156,0.7712730246,0.001642025797,0.001415986682,0.0001973672423,1,0,0,0
3.02005291,0.9999685287,torque,hover,0.0002847343276,0.01881753281,-0.2091294229,0,0,-0.5184905443,-0.009245586582,-0.0173290614,-0.6386482716,0,0,-0.8888749012,0.3099330315,0.2509963016,0.01109079402,-0.02890252508,-0.03193537146,-0.0002745414677,-0.02231538629,-0.01798215504,0.000298909825,0.7675317856,0.0007935895062,0.001955737275,0.0005576171294,1,0,0,0
3.030041456,1.009957075,torque,hover,-0.0001271660876,0.0184968356,-0.2148088515,0,0,-0.5273911376,-0.009355292656,-0.01749280468,-0.6465947032,0,0,-0.8932701919,0.3131291022,0.2474718498,0.01723493591,-0.02803112566,-0.03519302607,0.0004497885529,-0.02042390025,-0.01549408661,0.0003743869065,0.7677982469,0.001134179854,0.002912524259,-0.0001073646194,1,0,0,0
3.04013586,1.020051479,torque,hover,-0.0005329187843,0.01817931421,-0.2205391526,0,0,-0.5364302084,-0.00944660604,-0.01762851514,-0.6544977427,0,0,-0.8976219633,0.3164141757,0.2439454644,0.02551889957,-0.02606656961,-0.03547121957,0.0003468447539,-0.01876294241,-0.01307858873,0.000461025529,0.768096417,0.001237113952,0.003389356345,6.79892827e-05,1,0,0,0
3.050051928,1.029967546,torque,hover,-0.0009322522092,0.0178650897,-0.2263199091,0,0,-0.5453519181,-0.009483065456,-0.01775264926,-0.662291944,0,0,-0.9018086634,0.3195331803,0.2403608619,0.0348464613,-0.02476577833,-0.0352307111,-0.0007901507779,-0.0170872699,-0.01096552819,0.0005780942878,0.7683195219,0.001412293362,0.003695786263,0.001312258414,1,0,0,0
3.060097456,1.040013075,torque,hover,-0.001325205201,0.01755427942,-0.2321504653,0,0,-0.5544319934,-0.009487169795,-0.01783035137,-0.6699444056,0,0,-0.9059609017,0.3227619747,0.2368791132,0.04381709356,-0.02365126088,-0.03243016824,0.0001196592566,-0.01540179949,-0.00884283392,0.0006684439131,0.7686091499,0.001590946016,0.003639553712,0.0004451034909,1,0,0,0
3.070049047,1.049964666,torque,hover,-0.00210234453,0.01690715738,-0.2440435588,0,0,-0.5634678466,-0.009460329078,-0.01792511158,-0.6849865317,0,0,-0.909985866,0.3198783323,0.2259103979,0.05814107604,-0.02039697394,-0.02641185932,-0.0007199908141,-0.01761611171,-0.008632281009,0.0008527782326,0.764780992,0.0004399354321,0.002515357746,0.001425393825,1,0,0,0
3.080149889,1.060065508,torque,hover,-0.00248088059,0.01658980921,-0.2500610352,0,0,-0.572679724,-0.009381890297,-0.01794247702,-0.6923827529,0,0,-0.9139811745,0.3230544767,0.2225214884,0.06284895101,-0.02003422193,-0.02055285498,-0.0001768634829,-0.01500501046,-0.006718728053,0.0009463915723,0.7650758655,0.001005129838,0.002082315102,0.0009246014014,1,0,0,0
3.090038538,1.069954157,torque,hover,-0.003216559067,0.01596750319,-0.2622352839,0,0,-0.5817367394,-0.009205291979,-0.01798876747,-0.7071374655,0,0,-0.917804699,0.3199163758,0.2116341571,0.06449804128,-0.01579310559,-0.008938574232,-0.0002087631874,-0.01612034444,-0.007872350098,0.001113567869,0.7611754822,3.793149956e-05,6.852446147e-05,0.001056725528,1,0,0,0
3.100065231,1.07998085,torque,hover,-0.00359088066,0.01563780755,-0.268435061,0,0,-0.5909583516,-0.009133536369,-0.01804384775,-0.7143198252,0,0,-0.9215928506,0.3229221399,0.2082573144,0.06039626708,-0.01484513935,-0.002852578182,0.0007575147902,-0.01416318351,-0.007453439524,0.001176741598,0.7614097191,0.0003893385019,-0.0006169035537,0.0001064013846,1,0,0,0
3.110046148,1.089961767,torque,hover,-0.003958352841,0.01531231217,-0.2746792436,0,0,-0.6001751424,-0.009032988921,-0.0180708915,-0.7212747335,0,0,-0.9252749545,0.3258799098,0.2049981516,0.05496507453,-0.01443548594,0.002270998899,0.001154981437,-0.01240600326,-0.007353037613,0.00123271829,0.7616569147,0.0007281597034,-0.0012284697,-0.0002664310362,1,0,0,0
3.120059252,1.099974871,torque,hover,-0.004318963271,0.01499107759,-0.2809664011,0,0,-0.6094581392,-0.008936728351,-0.01807605103,-0.7280116081,0,0,-0.9288799537,0.3288619891,0.2018779359,0.0485753683,-0.01270684972,0.006969007663,-0.0004453431466,-0.01110250863,-0.00752644217,0.001331907668,0.761948279,0.0007512713298,-0.001831580694,0.001431022278,1,0,0,0
3.130060673,1.109976292,torque,hover,-0.004672551062,0.01467411965,-0.2872952223,0,0,-0.6187658944,-0.008778098039,-0.01807547733,-0.734575212,0,0,-0.9323917809,0.3318282222,0.1988345362,0.04254570809,-0.01203840598,0.008757031523,0.001237785094,-0.009589647262,-0.007991830054,0.001381878632,0.7622537755,0.0009530441789,-0.002091181216,-0.0002467039054,1,0,0,0
3.140140533,1.120056152,torque,hover,-0.005023441743,0.01434293389,-0.2937185764,0,0,-0.6281817343,-0.008647434413,-0.01812646165,-0.7409598827,0,0,-0.9358411878,0.3348082417,0.1959134243,0.03665254025,-0.01152773015,0.01116468478,0.001042018062,-0.008704190501,-0.009278435395,0.001436005243,0.7625937438,0.001012859467,-0.002620447404,-1.051032152e-05,1,0,0,0
3.150049686,1.129965305,torque,hover,-0.005703765899,0.01369250007,-0.3066605926,0,0,-0.6374715647,-0.00825983379,-0.01825160906,-0.7535321116,0,0,-0.9391441443,0.3311433478,0.1866900446,0.03458876321,-0.01030180138,0.009585090913,0.00096713932,-0.009960483127,-0.01490404783,0.001537136849,0.7589210233,0.0004218950591,-0.003506840302,0.000135092729,1,0,0,0
3.160060167,1.139975786,torque,hover,-0.006032996345,0.0133732073,-0.3131796718,0,0,-0.646889181,-0.008060851134,-0.01828819886,-0.759726584,0,0,-0.9423922513,0.3340318492,0.1837557661,0.03836432931,-0.008663807064,0.00846415665,0.0008981166175,-0.008406550113,-0.01523130505,0.001589488273,0.75922403,0.0005293639794,-0.003245043555,0.0002514321533,1,0,0,0
3.170051813,1.149967432,torque,hover,-0.006371178199,0.01304155774,-0.3197986484,0,0,-0.6563210572,-0.007918103598,-0.01828340814,-0.7660067081,0,0,-0.9455454228,0.3368352799,0.1806408853,0.04260536096,-0.007864397019,0.006281081121,0.0008234208217,-0.007829283473,-0.01539508021,0.001642625371,0.7594502828,0.000507924737,-0.002833021305,0.0003717996908,1,0,0,0
3.180071592,1.159987211,torque,hover,-0.007026512641,0.01239087898,-0.3331521749,0,0,-0.6658106831,-0.007567601278,-0.01842625998,-0.778704226,0,0,-0.9486183571,0.3329633446,0.1710777823,0.05141302142,-0.006590481848,-0.002540778136,0.0002773812157,-0.009877477674,-0.01971852642,0.001779023046,0.7556107966,-0.0002151533712,-0.002488937019,0.001034409272,1,0,0,0
3.190046549,1.169962168,torque,hover,-0.007343559992,0.0120709585,-0.3398865461,0,0,-0.675287999,-0.0073712538,-0.01852686517,-0.7848137021,0,0,-0.9515889019,0.3356989284,0.1679629345,0.05412478646,-0.00636792602,-0.008292768151,0.0007309751818,-0.008631299713,-0.01943374842,0.001839134542,0.7558086701,5.241513377e-05,-0.001508625562,0.0006246032204,1,0,0,0
3.200070381,1.179986,torque,hover,-0.007670266554,0.01173299458,-0.3467297554,0,0,-0.6848411558,-0.007235938217,-0.01866458729,-0.7908481359,0,0,-0.9544849066,0.3384018546,0.1648566599,0.05506098972,-0.004335498903,-0.01318563707,0.001464723027,-0.008481814717,-0.01945248293,0.001876509158,0.7559948239,-0.0002025082034,-0.0007733598284,-8.693869513e-05,1,0,0,0
3.210047007,1.189962626,torque,hover,-0.007990006357,0.01139891241,-0.3536070585,0,0,-0.6943777035,-0.007065908518,-0.01871261187,-0.7965849638,0,0,-0.9572785895,0.3410548458,0.1619337218,0.05307252843,-0.004532090854,-0.01896946318,0.002091720002,-0.008028524008,-0.01847772355,0.001900461473,0.7562121232,-7.799265045e-05,0.0002712277265,-0.0007036096592,1,0,0,0
3.220067501,1.19998312,torque,hover,-0.008608842269,0.01074360684,-0.3674440384,0,0,-0.7039837952,-0.006746359169,-0.01877182722,-0.8075939417,0,0,-0.9599954985,0.3368212362,0.1537014294,0.04366882628,-0.003342554439,-0.03023505211,0.00139008509,-0.01060691773,-0.01899547341,0.001963714152,0.7525778815,-0.0008560268258,0.001507706903,7.660154151e-05,1,0,0,0
3.23004961,1.209965229,torque,hover,-0.008917321451,0.01040887553,-0.3744898438,0,0,-0.713579714,-0.006599909626,-0.01874427684,-0.8129694462,0,0,-0.9626132585,0.3393667682,0.1509575347,0.03815482673,-0.003173204139,-0.03335820511,0.001369007397,-0.01000067716,-0.01627527314,0.002001876769,0.7528027157,-0.0006957993396,0.002513866848,0.0001251930465,1,0,0,0
3.240062475,1.219978094,torque,hover,-0.009219644591,0.01007943042,-0.3815649748,0,0,-0.7232310056,-0.006436500233,-0.01869489625,-0.8183138371,0,0,-0.9651501032,0.3419389907,0.148161455,0.03466574151,-0.003487332957,-0.03601019084,0.0008465887513,-0.00938802085,-0.01356484805,0.002055032801,0.7530243166,-0.0004886757561,0.003389318332,0.0006922238485,1,0,0,0
3.250051975,1.229967594,torque,hover,-0.009514956735,0.009754924104,-0.3886691928,0,0,-0.7328846442,-0.006219179835,-0.01863093302,-0.8235247731,0,0,-0.9675922221,0.3444850794,0.1454002054,0.03516488977,-0.001578504452,-0.03871327266,0.0007993349573,-0.008580648459,-0.01091782962,0.002109789093,0.7532459645,-0.0005575346473,0.004206605522,0.000776948383,1,0,0,0
3.260064363,1.239979982,torque,hover,-0.009803437628,0.009435633197,-0.3958010674,0,0,-0.7425844357,-0.006032908801,-0.01849384606,-0.8284885287,0,0,-0.9699509291,0.3470502026,0.142793659,0.04039344761,-0.002671347,-0.0386547558,0.001469927491,-0.008086208324,-0.007864328873,0.002143911843,0.7535157923,-0.0003005880202,0.004700014637,0.0001101274574,1,0,0,0
3.270066261,1.24998188,torque,hover,-0.01035234239,0.008790180087,-0.4102807045,0,0,-0.7522971984,-0.005628757179,-0.01817088388,-0.8381704688,0,0,-0.9722181955,0.3422860212,0.1353907565,0.05957705009,-0.003342041513,-0.03601371497,0.001177297207,-0.009517368772,-0.005075659087,0.00222423458,0.7499093827,-0.0005670571175,0.004504956122,0.0004696899218,1,0,0,0
3.28007102,1.259986639,torque,hover,-0.01061689109,0.008475816809,-0.4175518751,0,0,-0.7620349811,-0.005448484328,-0.01803813875,-0.8430039287,0,0,-0.9743971496,0.3447508784,0.1327374813,0.06840738997,-0.004368453752,-0.0311633423,0.001626039622,-0.008696011958,-0.00266136354,0.002241757682,0.7501298825,-0.0002331057073,0.004212419904,1.056571947e-05,1,0,0,0
3.290061951,1.26997757,torque,hover,-0.01087505743,0.00816717837,-0.4248480797,0,0,-0.7717806155,-0.005235059187,-0.01781745814,-0.847750783,0,0,-0.9764843029,0.3471990122,0.1300660863,0.07654251853,-0.0059605157,-0.02566220798,0.001053310581,-0.0075988807,-9.063301953e-05,0.002272097811,0.7503427672,0.0002158444944,0.003875830485,0.000600470156,1,0,0,0
3.300067425,1.279983044,torque,hover,-0.01136116497,0.007563671097,-0.4396322966,0,0,-0.7815608899,-0.00476685632,-0.01725514792,-0.857057929,0,0,-0.9784855729,0.3422008886,0.1227401146,0.08550804758,-0.007080028765,-0.01138491277,0.001948318328,-0.007438525373,0.00192159997,0.002265326257,0.7466779032,0.0003165300054,0.002106707734,-0.0003263420964,1,0,0,0
3.310059071,1.289974689,torque,hover,-0.01159468293,0.007271848153,-0.4470578432,0,0,-0.7913471856,-0.004522679374,-0.01696855947,-0.8613942266,0,0,-0.9803952751,0.3445612685,0.1202898009,0.0862795221,-0.008150321431,-0.004602183588,0.001217196463,-0.005854935938,0.00344192184,0.00228280511,0.7469178005,0.0007801190398,0.001447104995,0.0004180558369,1,0,0,0
3.320066214,1.299981833,torque,hover,-0.01182205975,0.00698637357,-0.4545047283,0,0,-0.8011673407,-0.004328517243,-0.01667740569,-0.8657505512,0,0,-0.9822189923,0.3469344857,0.117736017,0.08421979988,-0.009700502269,0.002995458199,0.001207067864,-0.004836085619,0.00432594929,0.002299409311,0.7471354442,0.00114814868,0.0005498701609,0.0004337697459,1,0,0,0
3.330060482,1.309976101,torque,hover,-0.01203660201,0.006698762998,-0.4620214105,0,0,-0.8109926326,-0.004097273108,-0.01641981676,-0.8699663281,0,0,-0.983951519,0.3492429914,0.1152346379,0.07868164732,-0.008037748747,0.01062552258,0.00096440583,-0.003672181352,0.004148910569,0.002320425235,0.7473422093,0.001097047604,-0.0005619251778,0.0006922037036,1,0,0,0
3.340062618,1.319978237,torque,hover,-0.0124472538,0.006141290069,-0.4770795703,0,0,-0.8208425506,-0.003624317935,-0.01596996561,-0.8781055212,0,0,-0.9855965177,0.3440430732,0.1087312734,0.0608632917,-0.01004157588,0.02085177042,0.001337045105,-0.003130609415,0.0008682445787,0.002299384241,0.7438095295,0.001348131582,-0.002579811166,0.0002956302796,1,0,0,0
3.350059032,1.329974651,torque,hover,-0.01264336705,0.00587138813,-0.484636724,0,0,-0.8307028288,-0.003302788129,-0.0157186836,-0.8819617629,0,0,-0.9871517248,0.3463467581,0.1064091796,0.05171708811,-0.008895762265,0.0251286719,0.002347780392,-0.001115825073,-6.518699294e-05,0.002267790517,0.7440604021,0.001561071897,-0.003263387173,-0.0007571454576,1,0,0,0
3.360064507,1.339980125,torque,hover,-0.01283312403,0.00560724875,-0.4922122955,0,0,-0.8405871664,-0.003051735926,-0.01548109297,-0.8858257532,0,0,-0.9886193954,0.3486562504,0.1039976452,0.04391520739,-0.007023775484,0.028097881,0.002165063284,-8.198702093e-05,-0.001326635733,0.002242239096,0.7442891903,0.001432122183,-0.00382374817,-0.000586416718,1,0,0,0
3.370063066,1.349978685,torque,hover,-0.01300763246,0.005348267034,-0.4998471737,0,0,-0.8504788986,-0.002744030673,-0.01529301144,-0.889483273,0,0,-0.9899971578,0.3509136773,0.1017076543,0.04029960452,-0.006299986504,0.02827425115,0.002169260522,0.001344238726,-0.003138725867,0.002213797302,0.7445286259,0.001554326615,-0.004113844943,-0.0006083739586,1,0,0,0
3.380071163,1.359986782,torque,hover,-0.01317677833,0.005094896536,-0.5074975491,0,0,-0.8603934157,-0.002405307721,-0.01514441241,-0.8929487467,0,0,-0.9912872439,0.3531785358,0.09952687461,0.04246040877,-0.005044434685,0.02793629095,0.002144072205,0.002761687095,-0.005234578064,0.002174208508,0.7447970878,0.00159314943,-0.004389126824,-0.0006079870789,1,0,0,0
3.390057325,1.369972944,torque,hover,-0.01349564455,0.004602853674,-0.5228334069,0,0,-0.870298629,-0.001689799479,-0.01479678228,-0.8994572759,0,0,-0.9924857621,0.3477576732,0.09421305346,0.05712764572,-0.001587564475,0.02200279757,0.001664873911,0.004652267874,-0.009664103535,0.002127453014,0.74148333,0.001415740316,-0.004259049278,-0.0001488422693,1,0,0,0
3.40013361,1.380049229,torque,hover,-0.01363705471,0.004365563858,-0.5305538774,0,0,-0.8803049137,-0.001299661933,-0.01464226749,-0.9025893211,0,0,-0.99360525,0.3500440185,0.09219536009,0.06518120656,0.0009104189812,0.01778879948,0.002435513539,0.005936174773,-0.01070543423,0.002079940763,0.7418007503,0.001253357776,-0.00375750385,-0.0009648723818,1,0,0,0
3.410060644,1.389976263,torque,hover,-0.01377194095,0.004133079201,-0.5382869244,0,0,-0.8901735759,-0.0009094707202,-0.01446813904,-0.9057662487,0,0,-0.994619901,0.3521803008,0.09002847169,0.07124876537,0.00137167098,0.0112118721,0.002372131217,0.007052143697,-0.01125451015,0.002021398283,0.7420258054,0.001334765137,-0.002853790827,-0.0009432734937,1,0,0,0
3.420078754,1.399994373,torque,hover,-0.01402247977,0.003681799397,-0.5537903309,0,0,-0.9001425465,-0.0001875404996,-0.01423895918,-0.9116824865,0,0,-0.9955550554,0.3466555103,0.08507285664,0.07600307549,0.005156427156,-0.003164685331,0.00155996636,0.008209319471,-0.0135427961,0.001953415377,0.7387579053,0.0009901232698,-0.001313024192,-0.0001715484756,1,0,0,0
3.43005681,1.409972429,torque,hover,-0.01414823812,0.003467864124,-0.5615869164,0,0,-0.9100805286,0.0001596178336,-0.01407583524,-0.9144464731,0,0,-0.996397794,0.3487979306,0.08315150997,0.0735961506,0.006470326334,-0.009448067285,0.001831356436,0.008335624697,-0.01250025055,0.001903995093,0.739046334,0.0007377192644,-0.0001841996737,-0.0004865231328,1,0,0,0
3.440076351,1.41999197,torque,hover,-0.01426739525,0.00325820921,-0.5693935156,0,0,-0.9200678448,0.000586146547,-0.01392787974,-0.9171884656,0,0,-0.9971549845,0.3509795715,0.08117249256,0.06926737127,0.007333179936,-0.01691938937,0.001045881887,0.009095387429,-0.01137103087,0.001867750409,0.7393328527,0.0007097567428,0.001064215646,0.0002797536094,1,0,0,0
3.450080395,1.429996014,torque,hover,-0.01438142359,0.003053427441,-0.5772097111,0,0,-0.9300468371,0.00094231189,-0.01370261796,-0.9198257923,0,0,-0.9978219742,0.3531432943,0.0791963009,0.06148847211,0.008805752732,-0.02312321588,0.000674515788,0.009150177574,-0.009254213888,0.001840501342,0.7396166118,0.0004408396065,0.002307516794,0.0006331751487,1,0,0,0
3.460074663,1.439990282,torque,hover,-0.0145892892,0.002655136865,-0.5929298997,0,0,-0.9400222976,0.001646526158,-0.01328435913,-0.9246916771,0,0,-0.9983994817,0.3474090238,0.07491345474,0.04376213069,0.01135586016,-0.03209857643,0.000556588755,0.009631074076,-0.006190895684,0.001771871093,0.7364483335,0.0002096574421,0.003897181645,0.0006871084752,1,0,0,0
3.470058203,1.449973822,torque,hover,-0.01468340959,0.002462139819,-0.6008085012,0,0,-0.9499923693,0.002002238063,-0.01303495653,-0.9269683957,0,0,-0.9988877251,0.3495011278,0.07311845861,0.03826646186,0.01249075402,-0.03361047059,0.001305850106,0.0094447211,-0.003396019855,0.001714685358,0.7367522682,-4.919024153e-05,0.004543293681,-0.0001200579152,1,0,0,0
3.480072975,1.459988594,torque,hover,-0.01477157604,0.002274143277,-0.6086932421,0,0,-0.9599980836,0.002307228977,-0.01277052518,-0.9292126894,0,0,-0.9992884833,0.3516226143,0.07126728918,0.03829731577,0.01287864242,-0.03434855491,0.001463982626,0.00887780783,-0.0005769068555,0.00165280761,0.7370529055,-0.0002749494425,0.005059048425,-0.0003257654963,1,0,0,0
3.490046024,1.469961643,torque,hover,-0.01492785383,0.001913692104,-0.624487102,0,0,-0.9699656586,0.002905447967,-0.01228717808,-0.9334150553,0,0,-0.9995989765,0.3458062117,0.06737750219,0.05059111233,0.01449899282,-0.02940055542,0.002340124687,0.008649301558,0.003062559611,0.001484606831,0.7339552714,-0.0004867855034,0.004761743667,-0.00134549279,1,0,0,0
3.500194311,1.48010993,torque,hover,-0.0149960909,0.001741202897,-0.6323949695,0,0,-0.9801110958,0.003199168947,-0.0119988462,-0.9353888631,0,0,-0.9998241712,0.3480437028,0.06562100212,0.0597520415,0.01382868923,-0.0241740495,0.001094499021,0.008076494319,0.00538097957,0.001424062432,0.7343220704,-0.0005504430843,0.004361058477,-0.00011513976,1,0,0,0
3.510059357,1.489974976,torque,hover,-0.0150591163,0.001573908143,-0.640308857,0,0,-0.9899751248,0.003450699383,-0.01167675573,-0.9372600317,0,0,-0.9999553328,0.3499939329,0.06386669504,0.06806313912,0.01429192536,-0.01892446727,0.001619838644,0.007292058732,0.007564541636,0.001347992858,0.7345869443,-0.0008049648543,0.00394811116,-0.0006984006618,1,0,0,0
3.520065546,1.499981165,torque,hover,-0.01511836238,0.001412219019,-0.6482263207,0,0,-0.9999811649,0.003743805923,-0.01134542748,-0.938952148,0,0,-0.9999999998,0.3520824188,0.0622059083,0.07410576542,0.013098686,-0.01180020627,0.002171267057,0.007061502792,0.009208347606,0.001254716762,0.7349254098,-0.0006899789864,0.003172708174,-0.001322936645,1,0,0,0
3.530053139,1.509968758,torque,hover,-0.0152507443,0.001105549629,-0.6640480757,0,0,-1.009968611,0.004271014128,-0.01055725291,-0.9418850541,0,0,-0.9999558328,0.3462583199,0.05917695913,0.0784235404,0.014164472,0.003161258297,0.001351862447,0.00685704008,0.01194512812,0.001101217788,0.7320567427,-0.0007897782246,0.001593025478,-0.0005968254205,1,0,0,0
3.540068865,1.519984484,torque,hover,-0.01530931052,0.0009606140666,-0.6719607711,0,0,-1.019983301,0.00444933353,-0.01020740997,-0.9431862831,0,0,-0.999822498,0.3483604158,0.05772043503,0.07655824634,0.01414892823,0.009667593986,0.000249946781,0.005478536444,0.0121175513,0.001061284759,0.732454255,-0.001105620806,0.0006536352783,0.0005079257277,1,0,0,0
3.55005002,1.529965639,torque,hover,-0.0153633114,0.000820715446,-0.679874599,0,0,-1.029961653,0.004658609629,-0.009892652743,-0.9445571303,0,0,-0.9996009158,0.3504249566,0.05611938646,0.07081916528,0.01310910936,0.01753679477,0.0006614876911,0.004647881524,0.01147246346,0.001007965107,0.7327982172,-0.001130820203,-0.0006121237175,5.937070717e-05,1,0,0,0
3.560067654,1.539983273,torque,hover,-0.01542456541,0.0006717671058,-0.6877809763,0,0,-1.039973803,0.004889547825,-0.009523524903,-0.9457381964,0,0,-0.9992894835,0.3525310705,0.05461085569,0.06344048287,0.01227375958,0.02277882397,0.001208531437,0.00411596389,0.01086106406,0.0009383061485,0.7331824476,-0.001108898199,-0.0014519647,-0.0005435238126,1,0,0,0
3.5700562,1.549971819,torque,hover,-0.01548063662,0.000528319797,-0.6956872344,0,0,-1.049953332,0.005137871951,-0.009203692898,-0.9468097687,0,0,-0.998890141,0.3546045642,0.05313634232,0.05333776348,0.01077323593,0.0273746755,0.002385104774,0.003882419224,0.00953199165,0.0008359527593,0.7335604017,-0.0009278061596,-0.002331463947,-0.001811518322,1,0,0,0
3.580124855,1.560040474,torque,hover,-0.01557932794,0.0002573826641,-0.7115023136,0,0,-1.060008409,0.005557921715,-0.008557690307,-0.9487693906,0,0,-0.9983978407,0.3488542394,0.05066663216,0.03135164941,0.007612831425,0.03330275789,0.001167801325,0.003887024667,0.007197723442,0.0006962850861,0.7308522066,-0.0004152451412,-0.003381930655,-0.0006688968063,1,0,0,0
3.590056181,1.5699718,torque,hover,-0.01562805846,0.0001119823937,-0.7194032669,0,0,-1.069921046,0.00576706836,-0.008315562271,-0.9497139454,0,0,-0.9978239765,0.3508660179,0.04916281879,0.02216395689,0.006991705857,0.03257573768,0.0002237760928,0.003440679553,0.004745055109,0.0006589122346,0.731195797,-0.0004424727605,-0.003727299565,0.0002675217775,1,0,0,0
3.600079536,1.579995155,torque,hover,-0.01567183621,-2.888518611e-05,-0.727303803,0,0,-1.079919317,0.006001641508,-0.008151457645,-0.9506345391,0,0,-0.9971559001,0.3529636075,0.04760990427,0.01983530662,0.006683438085,0.03151567653,-0.0003419332206,0.003299461519,0.001894756638,0.0006397348295,0.7315527105,-0.0004353271042,-0.004093430931,0.0008312284731,1,0,0,0
3.610063791,1.58997941,torque,hover,-0.01571066491,-0.0001659547706,-0.7352029681,0,0,-1.089871484,0.0062278728,-0.008029172197,-0.9514131546,0,0,-0.996401647,0.3550163502,0.04612177852,0.02611285337,0.005111346953,0.02896114625,0.0004609286261,0.003232198116,-0.0008617785574,0.0005983972052,0.7319075447,-0.0002383893727,-0.004209472348,-1.606883087e-05,1,0,0,0
3.62011385,1.600029469,torque,hover,-0.01577427983,-0.0004285653413,-0.7509964705,0,0,-1.099881189,0.006664268207,-0.007732644677,-0.9529418945,0,0,-0.9955529357,0.3492414046,0.04381674449,0.04317272892,0.004315532278,0.01910025999,0.0009653438465,0.004029782094,-0.004430254473,0.0004972908834,0.7292093905,6.924727354e-05,-0.003346770627,-0.0006082898789,1,0,0,0
3.630066633,1.609982252,torque,hover,-0.0157988593,-0.0005677391891,-0.7588962913,0,0,-1.109785162,0.006893583108,-0.007616399322,-0.9537042379,0,0,-0.9946239574,0.3512448237,0.04218950663,0.04970007425,0.003540926147,0.01419076324,4.35489128e-05,0.004078064842,-0.005961174305,0.000467392477,0.7295063147,0.0001542902235,-0.002889978127,0.0003058050753,1,0,0,0
3.640078783,1.619994402,torque,hover,-0.01581899635,-0.0007033611764,-0.7667946219,0,0,-1.119738438,0.00705708703,-0.007532550488,-0.9544477463,0,0,-0.9936005971,0.353298843,0.04049058561,0.0543875118,0.003783347784,0.008124358952,0.0003375291708,0.003608753071,-0.00718116423,0.0004295978407,0.729802548,-1.597342756e-05,-0.002223537235,-2.439910482e-05,1,0,0,0
3.6500597,1.629975319,torque,hover,-0.01583516411,-0.0008354318561,-0.7746915817,0,0,-1.129650023,0.007237540558,-0.007407574449,-0.9551666379,0,0,-0.9924917407,0.3553124614,0.03873522232,0.05523758515,0.00320539414,0.001036323723,0.0003648849088,0.003526581618,-0.00749478983,0.0003910424223,0.7300687525,2.881397377e-05,-0.001239521931,-8.490510492e-05,1,0,0,0
3.660083055,1.639998674,torque,hover,-0.01584847271,-0.0009638463962,-0.7825865149,0,0,-1.139592167,0.007423363626,-0.007283753715,-0.955749929,0,0,-0.9912890539,0.357358558,0.03702956649,0.05282955108,0.003750226228,-0.006318850443,0.0003288071603,0.003545739632,-0.007331332203,0.000354164398,0.7303573848,-5.39079409e-05,-0.0001569297693,-7.963229039e-05,1,0,0,0
3.670054913,1.649970531,torque,hover,-0.01583773643,-0.001225429703,-0.7983750105,0,0,-1.149470826,0.007863792591,-0.007016335148,-0.9567421675,0,0,-0.9900039288,0.3514549862,0.03489144532,0.03999976667,0.003751614597,-0.01846118085,6.880146248e-05,0.005377864955,-0.006439476963,0.00029395247,0.72763919,0.0003728423018,0.001608739555,0.000126503245,1,0,0,0
3.680117369,1.660032988,torque,hover,-0.01582640409,-0.001350781764,-0.8062646389,0,0,-1.159425797,0.008077057078,-0.006865172647,-0.9571541548,0,0,-0.9886175302,0.3535181799,0.03320110597,0.02943826444,0.00286524836,-0.02325604856,0.0002706468222,0.005634611295,-0.004935600378,0.0002553789639,0.7279312531,0.0005038688961,0.002533181238,-0.0001116719324,1,0,0,0
3.690068722,1.669984341,torque,hover,-0.0158110857,-0.00147208909,-0.8141508102,0,0,-1.16925669,0.008315861225,-0.006667894311,-0.9575813413,0,0,-0.9871579217,0.3554607479,0.03143864621,0.01702285384,0.00355829997,-0.02594767325,0.0002699356701,0.006171644584,-0.00294313021,0.0002171588744,0.728157154,0.0004838092797,0.003241323015,-0.0001431463315,1,0,0,0
3.700084925,1.680000544,torque,hover,-0.01576620899,-0.001710797776,-0.8299497366,0,0,-1.179136536,0.008798755705,-0.006193964276,-0.9584962726,0,0,-0.985599913,0.3495467363,0.02916145781,0.01162604872,0.003568477696,-0.02869685367,6.837930414e-05,0.008573198987,0.001233426399,0.0001496921837,0.7253857758,0.0009967765732,0.004241582948,-5.322433092e-06,1,0,0,0
3.710063934,1.689979553,torque,hover,-0.01573774591,-0.001823671628,-0.8378446102,0,0,-1.188963733,0.009032217786,-0.005980300717,-0.9589176774,0,0,-0.9839590086,0.3514763731,0.02728393709,0.02455726043,0.004275452811,-0.02657410502,-0.0002764666278,0.008686692323,0.00314203521,0.0001265779003,0.7255625618,0.0008360789014,0.004200771469,0.0003328283101,1,0,0,0
3.72008419,1.699999809,torque,hover,-0.01570563763,-0.001932156272,-0.8457357883,0,0,-1.198814627,0.009218486026,-0.00569891138,-0.9591832161,0,0,-0.9822222561,0.3534332567,0.02546086097,0.03749311786,0.004211767577,-0.02387667261,-0.0003320184769,0.008549906338,0.005474293374,0.0001061057833,0.7257644469,0.0007388699133,0.00418407654,0.0003804809683,1,0,0,0
3.730063677,1.709979296,torque,hover,-0.01566985063,-0.002042278647,-0.8536229134,0,0,-1.208607701,0.009418600239,-0.005357124377,-0.9592869282,0,0,-0.9804038646,0.3553363406,0.02373465433,0.04976190315,0.004593892489,-0.02038726769,0.0009257999482,0.008700293421,0.007901925517,5.20496124e-05,0.7259671287,0.0006613532612,0.004081181459,-0.0009352464884,1,0,0,0
3.740072966,1.719988585,torque,hover,-0.01563048176,-0.002147386782,-0.8615040779,0,0,-1.218411349,0.009590871632,-0.005080858711,-0.9592400193,0,0,-0.9784911212,0.357255823,0.02209988387,0.05912737579,0.004101049621,-0.01581617631,-6.888403004e-05,0.008655486117,0.009353356257,2.38248313e-05,0.726190113,0.0006666317607,0.003609235572,6.435601758e-05,1,0,0,0
3.750068426,1.729984045,torque,hover,-0.01554172486,-0.00234307209,-0.8772536516,0,0,-1.228181902,0.009981802665,-0.004357060418,-0.9589013457,0,0,-0.9764921507,0.3512800476,0.02068953307,0.07253464795,0.00460786093,-0.004643025808,3.537769953e-05,0.0107870949,0.0130221269,-2.732474535e-05,0.7236028059,0.001062129785,0.002709902559,-7.983747343e-05,1,0,0,0
3.760086536,1.740002155,torque,hover,-0.01548495702,-0.002437172458,-0.8851282597,0,0,-1.2379541,0.01019114908,-0.004033531994,-0.9586434364,0,0,-0.9743995402,0.3531738912,0.01919332451,0.07532631481,0.006266629323,0.0007510927389,0.0003202402149,0.01084484033,0.01340173374,-6.344569704e-05,0.7238246975,0.0007698734358,0.001930504043,-0.0003878563794,1,0,0,0
3.7700665,1.749982119,torque,hover,-0.01542496867,-0.002526788041,-0.8929944038,0,0,-1.2476678,0.01037377957,-0.003785151523,-0.9583160281,0,0,-0.9722261957,0.3550176511,0.01776050217,0.07404404071,0.006119553931,0.007565360516,-9.312669863e-05,0.01070813701,0.01280917635,-8.885339741e-05,0.7240257252,0.0006983451532,0.0007789005489,2.579758394e-05,1,0,0,0
3.780082703,1.759998322,torque,hover,-0.01529623102,-0.002692259615,-0.9086995125,0,0,-1.25739452,0.01068975497,-0.0031466051,-0.9574103951,0,0,-0.9699559435,0.3490407301,0.01677983217,0.06536665557,0.007835781202,0.01953352056,0.0009656718466,0.01203447692,0.01302638054,-0.0001538833197,0.7215140154,0.000759239178,-0.0007397828276,-0.001090108633,1,0,0,0
3.790081263,1.769996881,torque,hover,-0.01522276923,-0.002774004824,-0.9165408611,0,0,-1.267080983,0.01087029092,-0.002862370107,-0.9568762183,0,0,-0.9676007484,0.3508814679,0.01553614925,0.05728468982,0.008731958456,0.02463787794,-6.832365034e-05,0.01170868244,0.01160425604,-0.0001763493816,0.7217205567,0.00049899241,-0.00173731755,-4.421284459e-05,1,0,0,0
3.800100565,1.780016184,torque,hover,-0.01514727902,-0.00285111391,-0.9243721962,0,0,-1.276763472,0.01105446741,-0.002600382548,-0.9563397169,0,0,-0.9651515275,0.3527281956,0.01437397802,0.04718820277,0.01079649013,0.02885023877,0.0007901086938,0.01140159637,0.009880972775,-0.0002259568511,0.7219060505,0.0001069220496,-0.002631975781,-0.0009483013371,1,0,0,0
3.810078144,1.789993763,torque,hover,-0.01506882627,-0.002924167784,-0.9321931601,0,0,-1.286380811,0.01127046812,-0.002392409602,-0.9556722641,0,0,-0.96262383,0.3545201155,0.01345627525,0.03598193898,0.01171819959,0.03163446859,0.0002205746423,0.01137926835,0.007647059249,-0.0002583650324,0.7220850009,-4.16879105e-05,-0.003405569501,-0.0003873263446,1,0,0,0
3.82007432,1.799989939,torque,hover,-0.0149054192,-0.00307865697,-0.9478000402,0,0,-1.295990341,0.01164525654,-0.00205454207,-0.9539493322,0,0,-0.960002683,0.3485227902,0.01328443443,0.02033969687,0.01212857012,0.03396691382,0.0007958306815,0.01276843353,0.003388914774,-0.0003181331635,0.7196847415,0.0002788102153,-0.004322527325,-0.001009265368,1,0,0,0
3.830067873,1.809983492,torque,hover,-0.01482072845,-0.003160270164,-0.9555872679,0,0,-1.305570715,0.01181432419,-0.001863246085,-0.9529697895,0,0,-0.9572934377,0.3503113685,0.01271785656,0.02407513407,0.01349743642,0.03212066367,-0.0007567962166,0.01189414915,0.00123259336,-0.0003169421032,0.7198955382,-0.0001525502562,-0.004376845694,0.0005715192814,1,0,0,0
3.840075731,1.81999135,torque,hover,-0.01473360136,-0.003238076577,-0.9633615017,0,0,-1.315137225,0.01193111856,-0.00171226135,-0.9520277381,0,0,-0.9544913493,0.3520990257,0.01230255294,0.03279729549,0.0132083511,0.02975256741,-0.0001220995182,0.01074607852,-0.0009352795531,-0.0003336853183,0.7200729684,-0.0003891774141,-0.004362316961,-8.921839765e-05,1,0,0,0
3.850074291,1.82998991,torque,hover,-0.0146442093,-0.003312418004,-0.9711230993,0,0,-1.324666398,0.0120886704,-0.001589629683,-0.9509946704,0,0,-0.9516029597,0.3538619637,0.01220790278,0.04271863615,0.01490693167,0.02601506561,0.0007216818631,0.0100695425,-0.002998529046,-0.0003736399611,0.7202426158,-0.0007636627488,-0.004139558009,-0.000981364881,1,0,0,0
3.860086918,1.840002537,torque,hover,-0.01447638497,-0.003469657153,-0.9866167307,0,0,-1.334179592,0.01232682355,-0.001427246956,-0.9484751821,0,0,-0.9486214555,0.3478815122,0.01241003661,0.05958806654,0.0150023587,0.01583042555,-0.0001848140673,0.009950048568,-0.006402743182,-0.0004462348321,0.7179589295,-0.0006810644768,-0.003217732855,-0.0001185390662,1,0,0,0
3.870074987,1.849990606,torque,hover,-0.01438959036,-0.003543953644,-0.994330883,0,0,-1.343639266,0.0124381911,-0.001414254541,-0.9471513629,0,0,-0.945558478,0.3496226055,0.01261927082,0.06496923257,0.0146268988,0.009007365443,-0.0006032786914,0.008688020688,-0.007971931873,-0.000451715499,0.7181501073,-0.0009055298979,-0.002513764243,0.0002970758742,1,0,0,0
3.880087137,1.860002756,torque,hover,-0.01430062205,-0.003615881316,-1.002030253,0,0,-1.353090597,0.01253438834,-0.001391586033,-0.9458514452,0,0,-0.942399118,0.3513701004,0.01307539543,0.06704471544,0.01490068343,0.001888780622,-0.001685136231,0.007523733927,-0.008804393813,-0.0004266123061,0.7183131642,-0.001174218489,-0.001628374916,0.001410740159,1,0,0,0
3.890064955,1.869980574,torque,hover,-0.01420981064,-0.003685269272,-1.009714603,0,0,-1.362477607,0.0126165878,-0.001350872102,-0.9445046186,0,0,-0.9391619445,0.3530683176,0.01376761818,0.06617811964,0.01383039076,-0.004330691881,-0.0005698280875,0.006521048821,-0.008959151878,-0.0004322488077,0.7184505697,-0.001205098041,-0.0007497133702,0.000265888651,1,0,0,0
3.900078058,1.879993677,torque,hover,-0.01401775051,-0.00384768704,-1.025023222,0,0,-1.371864898,0.01282192301,-0.001263402868,-0.9413922429,0,0,-0.9358243579,0.3471461509,0.01403564176,0.0564614221,0.01151169371,-0.01764517091,-0.0002131844958,0.007011763941,-0.008665224583,-0.0004456024113,0.7162487053,-0.000640556047,0.00108465557,-0.0001209094482,1,0,0,0
3.910055161,1.889970779,torque,hover,-0.01391907595,-0.00392446015,-1.032652378,0,0,-1.381184755,0.01290954649,-0.001187111367,-0.9397679567,0,0,-0.9324101294,0.3488322799,0.01490648338,0.04708443824,0.01031275094,-0.02306247316,0.000331019226,0.006254709674,-0.007250170925,-0.0004740262911,0.7164073257,-0.0006381197939,0.002104046023,-0.0007000134577,1,0,0,0
3.920078754,1.899994373,torque,hover,-0.01381856296,-0.003998341039,-1.040264845,0,0,-1.390513292,0.0130078895,-0.001122495043,-0.9381407499,0,0,-0.9288908895,0.3505437406,0.01600078445,0.03609571139,0.00929936301,-0.02718201652,-0.001087508863,0.005797104859,-0.005735351799,-0.0004624464487,0.7165492447,-0.0005853916186,0.002921057266,0.0007499128689,1,0,0,0
3.930075407,1.909991026,torque,hover,-0.01371554565,-0.004092297051,-1.047840834,0,0,-1.399781178,0.01307965163,-0.001045649522,-0.9364618063,0,0,-0.9252921594,0.352231272,0.0172317057,0.02423350251,0.007814166136,-0.03101911582,-0.001187741989,0.005303671524,-0.004119139762,-0.0004472415647,0.7166753609,-0.0004763560852,0.003686791778,0.0008614484301,1,0,0,0
3.940081835,1.919997454,torque,hover,-0.01350732706,-0.004269308876,-1.06296432,0,0,-1.409021653,0.01313258428,-0.0007320359582,-0.932754159,0,0,-0.9216009506,0.3463471563,0.01724513564,0.01734875476,0.006735642906,-0.03130414709,0.0003486835631,0.005490310478,0.0002069205104,-0.0004707451139,0.7145485308,-0.0002167131406,0.004349853826,-0.0007252554718,1,0,0,0
3.95006752,1.929983139,torque,hover,-0.01340137422,-0.004351841751,-1.070498228,0,0,-1.41820571,0.01320011355,-0.0005351129221,-0.9308089614,0,0,-0.9178286667,0.3479928565,0.01852072874,0.02801324523,0.006856366526,-0.02966502868,-0.0001801437757,0.005173702045,0.002728689531,-0.0004780447922,0.714682862,-0.0003066868458,0.00452446711,-0.000189568685,1,0,0,0
3.960082531,1.93999815,torque,hover,-0.01329859812,-0.004441545345,-1.077994347,0,0,-1.427378457,0.0132122077,-0.0003406024771,-0.9287725687,0,0,-0.9139562792,0.3496653211,0.01985449265,0.04030703761,0.00601970451,-0.02743864991,-0.0009102544282,0.00446316537,0.0048981975,-0.0004630113601,0.7148245033,-0.0003490166493,0.004528048135,0.0005708831793,1,0,0,0
3.970074654,1.949990273,torque,hover,-0.01319500618,-0.004527030978,-1.085471511,0,0,-1.436491148,0.01317732316,-0.0001549395383,-0.9266883731,0,0,-0.9100038909,0.3512967233,0.0212611805,0.05089255487,0.00613093283,-0.02157183364,-0.0006877311389,0.003513339354,0.006621137158,-0.000452974367,0.7149430895,-0.0005649176167,0.003936435214,0.0003611463375,1,0,0,0
3.980080366,1.959995985,torque,hover,-0.01309081167,-0.004608479328,-1.092928648,0,0,-1.445576214,0.01313960832,-4.176430593e-06,-0.9244698882,0,0,-0.9059571972,0.3529205485,0.02270174116,0.05897658612,0.004184274003,-0.0170481205,-0.0007007207023,0.002828725343,0.007737903547,-0.0004416697741,0.7150690803,-0.0004242544807,0.003417930424,0.0003895131736,1,0,0,0
3.990190268,1.970105886,torque,hover,-0.01289190445,-0.004784372635,-1.107762575,0,0,-1.454714303,0.01316292863,0.0003536287695,-0.9199500084,0,0,-0.9017779802,0.3472241251,0.02244126447,0.06623772313,0.004258839414,-0.003122856375,-8.40878929e-05,0.003552142937,0.009087805966,-0.0004578835452,0.7130921342,-0.0002095822664,0.001637491715,-0.0002479298847,1,0,0,0
4.000080347,1.979995966,torque,hover,-0.01279702783,-0.004878035281,-1.115139365,0,0,-1.463612379,0.01314391475,0.0005473440979,-0.9176073074,0,0,-0.8976017212,0.3487420258,0.02394338242,0.06503152043,0.002735675545,0.004543199204,-0.0004094807082,0.003024171202,0.009097319675,-0.0004484874151,0.7131782474,-0.0001155387217,0.000550142739,9.753847978e-05,1,0,0,0
4.01006794,1.989983559,torque,hover,-0.01270153187,-0.004967217334,-1.122495532,0,0,-1.472555832,0.01316216495,0.0007660061819,-0.9152938128,0,0,-0.8932960499,0.3503258704,0.02564626528,0.06106704839,0.001931978739,0.01106094662,-0.001304793521,0.003033517468,0.008928390853,-0.0004144384159,0.7132480721,5.644725123e-06,-0.0003735658391,0.001037317308,1,0,0,0
4.020083904,1.999999523,torque,hover,-0.01249751076,-0.00515153911,-1.137124896,0,0,-1.481481058,0.01317448076,0.001240812824,-0.9105039239,0,0,-0.8888891008,0.3446213751,0.02534377905,0.04550299644,0.001536231837,0.02259201743,-0.0004186999286,0.004145361852,0.007990626851,-0.0004009283048,0.7112790971,0.0003312025606,-0.002001954217,0.0001483987604,1,0,0,0
4.030065298,2.009980917,torque,hover,-0.01238922495,-0.005246628076,-1.144397378,0,0,-1.490331123,0.01316949073,0.001409759629,-0.9079834223,0,0,-0.8844086508,0.3461952858,0.02704057615,0.03344747613,0.0009185530362,0.02738803066,-0.0004676159588,0.003945847083,0.006110920928,-0.0003815259908,0.7113536492,0.0003471452036,-0.002991485182,0.0002162634863,1,0,0,0
4.040088177,2.020003796,torque,hover,-0.01228026301,-0.005337536801,-1.151648164,0,0,-1.499172525,0.01319342852,0.001514136558,-0.9054108858,0,0,-0.8798204678,0.3477822243,0.0288310364,0.01995031003,-3.462512541e-05,0.02859988622,-0.0004215598165,0.004099706402,0.003723363259,-0.0003626260968,0.7114187881,0.0004938305551,-0.00356319928,0.0001839749614,1,0,0,0
4.050064325,2.029979944,torque,hover,-0.01205458306,-0.005534336902,-1.166043997,0,0,-1.507926596,0.01324286778,0.001670416212,-0.9000265002,0,0,-0.8751650039,0.3421398158,0.028218041,0.01380574683,-0.0002247206721,0.03086018935,0.0004475238384,0.005718809843,-0.001355903562,-0.0003545533177,0.7095600677,0.0008600594808,-0.004658066132,-0.0006928928751,1,0,0,0
4.060087919,2.040003538,torque,hover,-0.01193821896,-0.005639343057,-1.173188806,0,0,-1.51667508,0.01320755389,0.001771028386,-0.8972674608,0,0,-0.8703983017,0.3437399361,0.02999212786,0.02755914919,0.0005117541295,0.02970845066,-0.0002065051667,0.00519195456,-0.003442819935,-0.0003324645724,0.709631836,0.0005905088893,-0.004760270569,-1.255417941e-05,1,0,0,0
4.070071697,2.049987316,torque,hover,-0.01182192378,-0.005740634166,-1.180311084,0,0,-1.525340873,0.01316696405,0.001792595256,-0.8944234252,0,0,-0.8655617565,0.3452799855,0.03177386128,0.04103763349,0.0006608792464,0.02557722479,-0.0004469866981,0.004719682969,-0.005859484177,-0.0003043365692,0.709685639,0.0004359341067,-0.004535115682,0.0002489090734,1,0,0,0
4.080142021,2.06005764,torque,hover,-0.01170550752,-0.005838654935,-1.187409759,0,0,-1.53403242,0.01320622955,0.001804248779,-0.891386807,0,0,-0.8605935288,0.3468693968,0.03355422168,0.05332576841,0.001907789148,0.02212908678,-0.0005800224608,0.005009557061,-0.008009535353,-0.0002725556233,0.7097727328,0.0003214003337,-0.004351409435,0.000405307447,1,0,0,0
4.090069771,2.06998539,torque,hover,-0.01158432104,-0.005954092368,-1.194458723,0,0,-1.542551499,0.01319431793,0.001774174161,-0.8882783055,0,0,-0.8556074025,0.3483363728,0.03527925208,0.0633961133,0.001966245938,0.01527727488,-0.0001194220749,0.00484234034,-0.01014025,-0.0002540136277,0.709829072,0.0002673321851,-0.003713091997,-5.473905562e-05,1,0,0,0
4.100087881,2.0800035,torque,hover,-0.011341759,-0.006175600924,-1.208483219,0,0,-1.551097495,0.01313589327,0.001631119172,-0.8820245862,0,0,-0.8504870844,0.3428575735,0.03420272297,0.07651969744,0.005011684261,0.003549639368,-0.0002848760341,0.004968453269,-0.01426462841,-0.000180812135,0.7081319502,-8.967110739e-05,-0.002830442116,0.0001625646714,1,0,0,0
4.110074997,2.089990616,torque,hover,-0.01122035552,-0.006282282062,-1.215444446,0,0,-1.559565549,0.0131141711,0.001586324768,-0.8788818717,0,0,-0.8452938103,0.344361289,0.03609232297,0.07703592582,0.005706782918,-0.005599669181,-0.0002629563678,0.00450120288,-0.01440176613,-0.0001526806639,0.7081578681,-0.0002830556897,-0.001468384343,0.0001563251876,1,0,0,0
4.120097637,2.100013256,torque,hover,-0.01110231131,-0.00639432203,-1.22234869,0,0,-1.568011135,0.01307724044,0.00155096082,-0.8756504655,0,0,-0.83999293,0.3458998042,0.03801157104,0.07431478449,0.005557693075,-0.01252455357,-4.141159661e-05,0.003962939768,-0.0140877651,-0.0001314454034,0.7081915472,-0.0003661937932,-0.0003755532403,-5.668824745e-05,1,0,0,0
4.13010478,2.110020399,torque,hover,-0.01098389551,-0.006503476296,-1.229228616,0,0,-1.576390211,0.01312272064,0.001488043461,-0.8724043965,0,0,-0.8346111612,0.3473961918,0.0400343441,0.06912636619,0.00597795099,-0.01910669729,-0.0003221832449,0.004197374354,-0.01368956906,-0.0001028247819,0.7081931956,-0.0003433266492,0.0006344070962,0.0002462047246,1,0,0,0
4.140090227,2.120005846,torque,hover,-0.01074633189,-0.006713146809,-1.242913246,0,0,-1.584696995,0.01313700713,0.001444497262,-0.8656395674,0,0,-0.8291523337,0.3420185393,0.03880703219,0.04920533579,0.006897866726,-0.03165336698,0.0009283340769,0.004843121156,-0.01235165966,-8.923499311e-05,0.7065767367,-0.0002568243367,0.002466788114,-0.001027581036,1,0,0,0
4.1500597,2.129975319,torque,hover,-0.01062738523,-0.006813537795,-1.249716997,0,0,-1.592935672,0.01308547892,0.001487387344,-0.8622031808,0,0,-0.8236138211,0.3434507602,0.04077475638,0.03477187305,0.007061713841,-0.03514604643,0.000928310852,0.004004994084,-0.009628229851,-9.873897803e-05,0.706563653,-0.0004690567218,0.003481107752,-0.001033402717,1,0,0,0
4.160082102,2.139997721,torque,hover,-0.01051451359,-0.006910518277,-1.256446242,0,0,-1.601161987,0.01304544322,0.001513286959,-0.8587409258,0,0,-0.8179568522,0.3449452931,0.04284640339,0.01967034937,0.007115463726,-0.0375999324,4.740797522e-05,0.003334568726,-0.007116078732,-8.289595168e-05,0.7065495664,-0.0006102479389,0.004248112748,-0.0001235224689,1,0,0,0
4.170068979,2.149984598,torque,hover,-0.01040179189,-0.007004231215,-1.263150454,0,0,-1.609302305,0.01296609081,0.001563931117,-0.855270505,0,0,-0.812231121,0.3463789266,0.04497726054,0.007181073242,0.007735060994,-0.03849305212,-0.0002366130211,0.002422231756,-0.004427622263,-6.351611037e-05,0.7064979709,-0.0008724356134,0.004805005778,0.0001838056609,1,0,0,0
4.180083036,2.159998655,torque,hover,-0.0101764882,-0.007181213703,-1.276518703,0,0,-1.617406916,0.01288661454,0.001758513041,-0.8481659889,0,0,-0.8064007889,0.3411156763,0.04374344679,0.0311228554,0.005182381254,-0.03589002043,-2.435079477e-05,0.002637091224,0.0001453889945,-1.648203361e-05,0.7049143683,-0.0003856464046,0.005045203056,-4.29794535e-06,1,0,0,0
4.190077066,2.169992685,torque,hover,-0.0100706974,-0.007268611342,-1.283116102,0,0,-1.625436663,0.01280197687,0.001897484064,-0.8444698453,0,0,-0.8004932452,0.3425457898,0.04584138323,0.04573895854,0.005205503199,-0.03154755756,0.0001108202996,0.001842515723,0.002979280967,-6.534941277e-06,0.7048723527,-0.0005571244294,0.004897368923,-0.0001281711643,1,0,0,0
4.200093269,2.180008888,torque,hover,-0.009965045378,-0.007351848762,-1.28968668,0,0,-1.633424543,0.01274136547,0.002104973653,-0.8407172561,0,0,-0.7944835164,0.343960856,0.04800345812,0.05893345874,0.004598838277,-0.02608012781,-0.000729598396,0.001502150091,0.005867450594,2.200341033e-05,0.704813235,-0.000525413731,0.004610454659,0.0007508966869,1,0,0,0
4.210075855,2.189991474,torque,hover,-0.009754397906,-0.007505251095,-1.302746296,0,0,-1.641325278,0.01257615909,0.002549920464,-0.8331295252,0,0,-0.7884052292,0.3388026037,0.04652874947,0.07691243298,0.002865956631,-0.01276627462,-0.0001325058984,0.001504761513,0.009936323967,5.49579193e-05,0.7033269634,-0.0002437741806,0.003409698503,0.0001686702602,1,0,0,0
4.22008729,2.200002909,torque,hover,-0.009644920006,-0.007591337431,-1.309182286,0,0,-1.64918746,0.01246515755,0.002766922349,-0.829254806,0,0,-0.7822204124,0.340226647,0.04873674385,0.08074533832,0.001324314973,-0.005073962733,-0.000435516733,0.0009862961744,0.01096473196,7.515337906e-05,0.703257721,-0.0001438630934,0.002445753095,0.0004983254197,1,0,0,0
4.230082273,2.209997892,torque,hover,-0.009536120109,-0.007672772277,-1.315596819,0,0,-1.656974513,0.0123307826,0.002978028962,-0.8252808452,0,0,-0.7759568857,0.3415970416,0.05092906669,0.08106992492,0.0008243026678,0.002795254113,-0.0006212847074,0.0004106839299,0.01143347224,0.0001030757125,0.7031743027,-0.000196951205,0.001375741146,0.0007131426305,1,0,0,0
4.240083218,2.219998837,torque,hover,-0.009428180754,-0.007749948651,-1.321983576,0,0,-1.664703105,0.01221954636,0.003140618093,-0.8213347197,0,0,-0.7696007446,0.3429367692,0.05325021096,0.07716809136,-0.0009533539414,0.01020634454,-0.0008165023173,0.0002242243151,0.01097746681,0.0001351373006,0.7030493174,1.897740524e-05,0.0002063307065,0.0009380624029,1,0,0,0
4.250076056,2.229991674,torque,hover,-0.00932079833,-0.007822853513,-1.32834208,0,0,-1.672361498,0.01212843135,0.003328543156,-0.8173086047,0,0,-0.7631609579,0.3442345629,0.05558907899,0.07032453982,-0.001875114744,0.01740270481,0.0001299620344,0.0003600883366,0.01036575307,0.0001398417104,0.7029082435,0.0001844631351,-0.0009120915665,-2.148324578e-05,1,0,0,0
4.260091782,2.240007401,torque,hover,-0.009100494906,-0.007988302037,-1.340864658,0,0,-1.679972414,0.01200598013,0.003682840383,-0.8088154793,0,0,-0.7566173543,0.3393238896,0.05368753228,0.04862427946,-0.00119150884,0.02798048407,-0.00143350591,0.001579595215,0.008097065912,0.0001914756725,0.7016236862,0.0003584698137,-0.002672867658,0.001607288911,1,0,0,0
4.270083904,2.249999523,torque,hover,-0.008991131559,-0.008064595051,-1.347081661,0,0,-1.687499642,0.01192764472,0.00382600748,-0.8045139909,0,0,-0.7500003179,0.340632177,0.05593431491,0.03454900166,-0.001954810228,0.03165899217,0.0003173782607,0.001640908394,0.006109225464,0.0001918658928,0.7015112711,0.00045881218,-0.003511299195,-0.0001738588765,1,0,0,0
4.280144691,2.26006031,torque,hover,-0.00888206251,-0.008136731572,-1.353268385,0,0,-1.695011345,0.01190214325,0.003985260148,-0.8001039624,0,0,-0.7432481443,0.3419551848,0.0582248003,0.01983748885,-0.001278510899,0.03372300416,-0.0004116254568,0.002178881618,0.004211483247,0.0002110641928,0.7013974124,0.0004699671197,-0.004071453563,0.000582653686,1,0,0,0
4.290074825,2.269990444,torque,hover,-0.008774113841,-0.00822967384,-1.359379053,0,0,-1.702358444,0.01180064678,0.004045676906,-0.7957162857,0,0,-0.7364954293,0.3431902897,0.0605205139,0.004619922013,-0.002332411474,0.03451447189,-0.0002730312699,0.001927349443,0.001268453341,0.0002273802936,0.7012456676,0.000532145323,-0.0046769728,0.0004535715415,1,0,0,0
4.300107956,2.280023575,torque,hover,-0.008667136542,-0.008319125511,-1.365447879,0,0,-1.7097132,0.01166799571,0.004049904644,-0.7912426591,0,0,-0.7295836545,0.3444748735,0.06288383492,0.01515440665,0.0001037986949,0.03307374194,-0.0003354515356,0.001311417546,-0.001797085492,0.0002481538654,0.7010932697,4.373801932e-05,-0.004973158587,0.0005307029597,1,0,0,0
4.310065985,2.289981604,torque,hover,-0.008455183357,-0.008488064632,-1.377493382,0,0,-1.716943891,0.01152554713,0.004101948813,-0.7820708752,0,0,-0.7226351404,0.3396618702,0.06068171707,0.04390456041,-0.001555697061,0.0262255501,-0.0004740505537,0.002006120357,-0.006604240058,0.000290895653,0.6999128516,0.0004308599991,-0.004718325502,0.0007004922816,1,0,0,0
4.32015419,2.300069809,torque,hover,-0.008357483894,-0.0085864719,-1.383414388,0,0,-1.724198099,0.0114148641,0.004104879685,-0.7773942351,0,0,-0.7155059115,0.3409943,0.06306594776,0.05554068882,-0.0006061851745,0.0210514646,0.0008927717572,0.001563106201,-0.008550703601,0.0002751095358,0.6997738195,0.0001890805904,-0.004247131568,-0.0007045550607,1,0,0,0
4.330071449,2.309987068,torque,hover,-0.008260220289,-0.008681676351,-1.389304399,0,0,-1.731258839,0.01135984901,0.004041332752,-0.7726382017,0,0,-0.7084093108,0.3421643486,0.06535081456,0.0656196455,7.021726924e-05,0.01513513643,0.0005254363059,0.001625097468,-0.010660123,0.0002705195446,0.6996043601,0.0001152842493,-0.003738905899,-0.0003352772936,1,0,0,0
4.340088606,2.320004225,torque,hover,-0.008163242601,-0.008773927577,-1.395162702,0,0,-1.738318814,0.01130952314,0.004025439266,-0.7678623199,0,0,-0.7011524762,0.3433653125,0.06778135978,0.07149985346,0.0005556048709,0.007668524049,0.0003517670848,0.00174521012,-0.01167512375,0.0002702188533,0.6994105416,8.258712678e-05,-0.002789441911,-0.0001601273359,1,0,0,0
4.350085974,2.330001593,torque,hover,-0.00798192434,-0.008949978277,-1.406712174,0,0,-1.74529192,0.01113631204,0.004077578895,-0.758173883,0,0,-0.6938210472,0.338792056,0.06543646968,0.07215769187,0.001675904961,-0.006330914795,0.0009319492965,0.001504434463,-0.01228987847,0.0002416960233,0.6983505792,-0.0001067474598,-0.0009006949351,-0.0007734613056,1,0,0,0
4.360096931,2.34001255,torque,hover,-0.007897920907,-0.00903436821,-1.412403941,0,0,-1.752200615,0.01109023765,0.00404139189,-0.75325948,0,0,-0.686390629,0.3400084943,0.06790264688,0.06837105895,0.002521072514,-0.01359507162,0.001248594606,0.001409202249,-0.01198918982,0.0002067503082,0.6981535442,-0.0002291118384,0.0001903684125,-0.001122075005,1,0,0,0
4.370077848,2.349993467,torque,hover,-0.007814332843,-0.009115628898,-1.41806376,0,0,-1.759014084,0.01093936432,0.004063670989,-0.7482776642,0,0,-0.6788938247,0.3411616651,0.07035837051,0.0600149482,0.004006212577,-0.02110607922,0.001446982846,0.0003662324021,-0.01058666132,0.0001614288835,0.6979338765,-0.0006495792618,0.001516786248,-0.001354284575,1,0,0,0
4.380093813,2.360009432,torque,hover,-0.007647079881,-0.009280219674,-1.429234982,0,0,-1.765775813,0.01075297594,0.004147090018,-0.7381814718,0,0,-0.6712816787,0.3367555961,0.06788524997,0.03590836123,0.005275235511,-0.03210766986,0.0008460870595,-0.0002345115618,-0.007696970825,9.159423431e-05,0.6969668091,-0.0008869000724,0.003421396588,-0.0007922126519,1,0,0,0
4.390084028,2.369999647,torque,hover,-0.007563145366,-0.009362852201,-1.434746385,0,0,-1.772443766,0.01066237967,0.004213332664,-0.7330104709,0,0,-0.6636002729,0.3379118013,0.07035065101,0.0220685494,0.005627132021,-0.03454492241,0.0005760962958,-0.000601330685,-0.005291870887,6.74382546e-05,0.6967493131,-0.0009668749356,0.004150011584,-0.0005349090346,1,0,0,0
4.400089025,2.380004644,torque,hover,-0.007479778025,-0.009441800416,-1.440224171,0,0,-1.779044231,0.01054816134,0.004302556161,-0.7277696729,0,0,-0.6558185893,0.3390341104,0.0728473344,0.01235721953,0.005765862763,-0.03578722104,0.0002746274986,-0.001151124326,-0.002693258852,5.151640383e-05,0.6965117577,-0.001058838711,0.004726036866,-0.0002385522451,1,0,0,0
4.410077095,2.389992714,torque,hover,-0.00731534604,-0.009588868357,-1.451079726,0,0,-1.785555427,0.01029541343,0.004458082374,-0.7171490788,0,0,-0.6479613196,0.334693076,0.07009148352,0.03206297961,0.004351537675,-0.03404786065,0.000268404081,-0.002251739497,0.001431948996,3.179151616e-05,0.6956387148,-0.001024657669,0.004991467939,-0.0002428326716,1,0,0,0
4.420089006,2.400004625,torque,hover,-0.00724057341,-0.009676919319,-1.456418514,0,0,-1.79200296,0.01012154669,0.00458244374,-0.7117549181,0,0,-0.6399962997,0.3358020087,0.0726136613,0.04582930595,0.004143710714,-0.02994826436,-8.504736616e-05,-0.003160288942,0.00374122288,2.59368506e-05,0.6953883497,-0.0011494432,0.0047523867,0.0001166079112,1,0,0,0
4.43008399,2.409999609,torque,hover,-0.007166987751,-0.009760571644,-1.461722016,0,0,-1.798359605,0.009933796711,0.004737398587,-0.7062987685,0,0,-0.6319558718,0.3368553108,0.07515310739,0.05802608391,0.002738905605,-0.02471514978,-0.0003510851238,-0.003970412404,0.005936812054,2.124541051e-05,0.6951144063,-0.001081392655,0.004345393602,0.0003864587138,1,0,0,0
4.440105677,2.420021296,torque,hover,-0.007094535511,-0.009839756414,-1.466989517,0,0,-1.804652099,0.009774069302,0.004918932915,-0.7007501721,0,0,-0.623804807,0.3378804116,0.07771947985,0.06797404189,0.002185339108,-0.01882699132,9.267538553e-05,-0.004367908775,0.007882272846,3.392948331e-06,0.6948256454,-0.001035984245,0.003809721507,-7.975863158e-05,1,0,0,0
4.450084209,2.429999828,torque,hover,-0.00702297641,-0.009914081544,-1.472220421,0,0,-1.810835894,0.009632431902,0.005154741928,-0.6951931715,0,0,-0.6156001419,0.3388333663,0.08033931459,0.07553038685,0.001177203143,-0.01180180628,0.0005404122639,-0.004469704465,0.009769887567,-2.83169276e-05,0.6944993041,-0.0008666830514,0.003129916482,-0.0005623424435,1,0,0,0
4.460094452,2.440010071,torque,hover,-0.006900336593,-0.01008833945,-1.482498169,0,0,-1.816956634,0.009311471134,0.005587643944,-0.6838920712,0,0,-0.6072804741,0.3346817209,0.07737740027,0.08042757867,-0.001461280161,0.002438422292,-0.001431475393,-0.005435228458,0.01157935844,1.503598548e-05,0.69374934,-0.0006807495555,0.001448271723,0.001478127758,1,0,0,0
4.470080137,2.449995756,torque,hover,-0.006840341724,-0.01016804297,-1.487573147,0,0,-1.82297894,0.009155779146,0.005750288256,-0.6781522632,0,0,-0.5988924726,0.3356295955,0.07999380295,0.07731867762,-0.001837936114,0.009888801724,-4.497549162e-05,-0.005537374264,0.01101500702,-2.535507964e-06,0.6934210477,-0.0006114402773,0.0002424985594,5.056809013e-05,1,0,0,0
4.480096579,2.460012197,torque,hover,-0.006781199016,-0.01024308801,-1.492610097,0,0,-1.828935201,0.009006096981,0.005907458253,-0.672382772,0,0,-0.5903895914,0.3365493743,0.08269757859,0.07085385751,-0.001634537824,0.01803825237,-0.0004974273033,-0.005595875971,0.01002203285,-7.943890543e-06,0.6930610555,-0.000617129314,-0.00109530093,0.0005037862874,1,0,0,0
4.490086555,2.470002174,torque,hover,-0.006726497784,-0.01033940539,-1.497573018,0,0,-1.83479045,0.008864343166,0.006043015979,-0.6665883064,0,0,-0.5818203474,0.3374429517,0.08544414255,0.06203088509,-0.002557653934,0.02222045697,1.786349821e-05,-0.005629515843,0.008390507373,-2.803902477e-05,0.6926808361,-0.0004679289773,-0.001977187981,-3.732843037e-05,1,0,0,0
4.500087738,2.480003357,torque,hover,-0.00661999546,-0.01051792502,-1.5073843,0,0,-1.840566072,0.008548116311,0.006274138112,-0.6548193693,0,0,-0.5731526313,0.3334134734,0.08235223859,0.04076584341,-0.004507950973,0.03063159436,-0.0004289846402,-0.006350793585,0.004882860796,-4.292280745e-05,0.6920055928,-0.0003665731902,-0.003642569558,0.0004045758598,1,0,0,0
4.510071516,2.489987135,torque,hover,-0.006567625795,-0.01060082391,-1.512231708,0,0,-1.846244739,0.008459488861,0.006369183771,-0.648925364,0,0,-0.5644113212,0.3342457423,0.08517483719,0.03111801477,-0.004141889513,0.03233420104,-0.001490338589,-0.0056772499,0.002598689614,-2.151576203e-05,0.6915848235,-0.0002356021288,-0.004226164913,0.001498176178,1,0,0,0
4.52009511,2.500010729,torque,hover,-0.006543012802,-0.01071814541,-1.516992927,0,0,-1.851857812,0.008242106996,0.006431575399,-0.6428842545,0,0,-0.5555460188,0.3351002556,0.08796172409,0.02931933309,-0.005461259279,0.03242425248,-0.0006057550199,-0.006578701162,-9.935574132e-05,-2.18399961e-05,0.6911773397,-0.0002500506871,-0.00465980374,0.0005964179969,1,0,0,0
4.530079126,2.509994745,torque,hover,-0.006519075949,-0.01083084568,-1.521714568,0,0,-1.857359942,0.00807489641,0.006476401817,-0.636792779,0,0,-0.5466269398,0.3358833471,0.09075806457,0.03456884483,-0.006579225883,0.03153722733,-0.0003430033103,-0.006803523408,-0.002726534235,-2.918075588e-05,0.6907431009,-0.000127998282,-0.004923520931,0.0003220722518,1,0,0,0
4.540109158,2.520024776,torque,hover,-0.006495551672,-0.01093932334,-1.526408672,0,0,-1.86279732,0.007904182188,0.006464683916,-0.6306762099,0,0,-0.5375775357,0.3366291475,0.09365698783,0.04448577074,-0.007266693283,0.02804290317,0.0001798116427,-0.007001653742,-0.005443251313,-5.195237483e-05,0.6902686745,-6.232188646e-05,-0.004842263869,-0.0002272580825,1,0,0,0
4.550084114,2.529999733,torque,hover,-0.006462498568,-0.01116906106,-1.535604477,0,0,-1.868114377,0.007752480451,0.006352164783,-0.6180983782,0,0,-0.5284891334,0.3327601925,0.09016799713,0.06486297873,-0.006710139103,0.01764359511,0.0001281691948,-0.006774781618,-0.01099308521,-8.848471627e-05,0.6897484036,-0.0001118146657,-0.004320580345,-0.0001987505195,1,0,0,0
4.560063362,2.539978981,torque,hover,-0.006452207454,-0.01128986571,-1.540106177,0,0,-1.873342566,0.007669975981,0.006307597738,-0.6117582917,0,0,-0.5193083196,0.3334900044,0.09298178139,0.07227023819,-0.006706320681,0.01125074737,-0.0004937230842,-0.006309101551,-0.01245421,-9.059963837e-05,0.6892912529,1.299603053e-05,-0.00357072487,0.0004345099256,1,0,0,0
4.570038795,2.549954414,torque,hover,-0.006442027166,-0.01140719745,-1.544566035,0,0,-1.87847675,0.007525787223,0.006297838408,-0.6052948236,0,0,-0.5100425457,0.3341676069,0.0957564447,0.07661306124,-0.006576004438,0.004674846306,-0.0001173915371,-0.00644311222,-0.013034903,-0.0001023610198,0.688824976,-2.794278223e-05,-0.002635204978,4.526641394e-05,1,0,0,0
4.580091238,2.560006857,torque,hover,-0.006421440281,-0.01164395642,-1.55329299,0,0,-1.883556618,0.007291513495,0.006115980912,-0.5921168923,0,0,-0.5006157615,0.3305312099,0.09199471911,0.07770419788,-0.007373920176,-0.01036345121,0.0002285873925,-0.007135662459,-0.01539937139,-0.0001324607621,0.6884552505,-0.0001046926799,-0.001024704948,-0.0003201968161,1,0,0,0
4.5900774,2.569993019,torque,hover,-0.006411472335,-0.01176368818,-1.557542205,0,0,-1.888508719,0.007160492241,0.00604250934,-0.5854467154,0,0,-0.4911621951,0.331237566,0.0947489067,0.07320355876,-0.007377361879,-0.01768611744,-0.0004173844354,-0.006904721363,-0.01479761025,-0.0001357985922,0.6880042928,-2.689499711e-05,0.0001803105132,0.0003384002225,1,0,0,0
4.600101948,2.580017567,torque,hover,-0.00640110299,-0.0118798539,-1.561748266,0,0,-1.89338446,0.007094463333,0.005980346352,-0.5787060261,0,0,-0.4815831358,0.3319106356,0.09756511548,0.06538836377,-0.007658902556,-0.02414293215,-0.001080961083,-0.006088837471,-0.01376882246,-0.0001208418121,0.687527401,0.0002133363965,0.001303552099,0.001024793013,1,0,0,0
4.610085011,2.590000629,torque,hover,-0.006390307099,-0.01199239492,-1.565910578,0,0,-1.898144149,0.007011272013,0.005980208982,-0.5719246268,0,0,-0.4719549457,0.3325113522,0.1003935156,0.0543866489,-0.006572353654,-0.02953683026,-0.0006665847613,-0.005565424148,-0.01186449086,-0.0001167602696,0.6870221804,0.000181713774,0.002427116577,0.0006069006474,1,0,0,0
4.620099783,2.600015402,torque,hover,-0.006373813376,-0.01221187785,-1.573971033,0,0,-1.902821934,0.006875719409,0.006091362797,-0.5581462383,0,0,-0.4622071625,0.3291392871,0.0963778319,0.02531138356,-0.007356749848,-0.03699516505,0.0001821955375,-0.005152609431,-0.007859730982,-0.0001428059086,0.6868192164,0.0003336409648,0.004028684323,-0.0002725680065,1,0,0,0
4.630094767,2.610010386,torque,hover,-0.00636477815,-0.01231535804,-1.577935219,0,0,-1.907392698,0.006776323076,0.006151310634,-0.5512279272,0,0,-0.4523897529,0.3297490095,0.09926097861,0.01357562817,-0.006330729928,-0.03793340176,6.024581307e-05,-0.004814608701,-0.005047099973,-0.0001572007295,0.686303944,0.000260075545,0.004633786016,-0.0001592564638,1,0,0,0
4.640107393,2.620023012,torque,hover,-0.006355867721,-0.01241531037,-1.581854343,0,0,-1.911872701,0.006636897568,0.006168907043,-0.5441849232,0,0,-0.4424659788,0.3303129626,0.1021217287,0.01589029112,-0.007519522216,-0.03892068192,0.0002936219389,-0.00485602971,-0.002693369038,-0.0001764048651,0.6857767332,0.0004004188675,0.005108334157,-0.0004088412122,1,0,0,0
4.650094986,2.630010605,torque,hover,-0.006351289805,-0.01253250521,-1.585660696,0,0,-1.916242068,0.006514626555,0.006275018677,-0.5371320844,0,0,-0.4324782368,0.330879806,0.1050440099,0.0285255653,-0.007609222084,-0.03594347462,0.000356551609,-0.004689060534,-1.934738323e-05,-0.0002021415656,0.6852364857,0.0004358546929,0.005099576048,-0.0004923942377,1,0,0,0
4.660123587,2.640039206,torque,hover,-0.006341488101,-0.01275156811,-1.593116164,0,0,-1.92052856,0.006320437416,0.006623032968,-0.5228358507,0,0,-0.422360271,0.3277219761,0.1008917965,0.05529135253,-0.00688658841,-0.02736245468,0.0008133006631,-0.004683366864,0.004880639371,-0.0002495004861,0.6851477798,0.00028426877,0.004634682521,-0.0009901147211,1,0,0,0
4.670095205,2.650010824,torque,hover,-0.006335781887,-0.01285317913,-1.596775174,0,0,-1.924689647,0.006302357186,0.006807021331,-0.5155740976,0,0,-0.4122111574,0.3282274332,0.1037783824,0.06543616175,-0.006151331123,-0.0214608945,0.0001632459607,-0.003474696445,0.006963496295,-0.0002700118892,0.6845973883,0.0004578291098,0.004113349721,-0.0003550714894,1,0,0,0
4.68012619,2.660041809,torque,hover,-0.006329324562,-0.01294950303,-1.600387335,0,0,-1.928772953,0.006241082679,0.007012966089,-0.508257091,0,0,-0.401912445,0.3287017858,0.1067582154,0.0733992317,-0.006160509307,-0.01519102789,-0.0006837869296,-0.002844441933,0.008784053013,-0.0002649250218,0.6840118729,0.0005800925507,0.003504071268,0.0005058628621,1,0,0,0
4.690092802,2.670008421,torque,hover,-0.006324257236,-0.01305432618,-1.603882313,0,0,-1.932727298,0.006174182519,0.00718648266,-0.5007930398,0,0,-0.3915912422,0.3291647547,0.109612037,0.07743958387,-0.006160362624,-0.007881874219,4.930907744e-05,-0.002423203941,0.009614852469,-0.0002794249252,0.6834537471,0.0006443849482,0.002553906023,-0.0002544201164,1,0,0,0
4.700105906,2.680021524,torque,hover,-0.006318621803,-0.01315384917,-1.607330322,0,0,-1.936596056,0.006106796674,0.007390957326,-0.4933784306,0,0,-0.3811329786,0.329588944,0.1126541642,0.07885911759,-0.005760163534,-0.0007938146009,0.0005321965436,-0.002041912813,0.01029318492,-0.0003037502009,0.682834367,0.0006420963401,0.001645578521,-0.00076616163,1,0,0,0
4.71009016,2.690005779,torque,hover,-0.00630648667,-0.0133368168,-1.614079595,0,0,-1.940348957,0.005961413495,0.007810939103,-0.4783528745,0,0,-0.370616109,0.3266027237,0.1081839168,0.07247837717,-0.006099214312,0.01422969066,0.001132760546,-0.001906273807,0.01077181596,-0.0003554601971,0.6828922375,0.0006512729912,-0.0003013316481,-0.001415266761,1,0,0,0
4.720121622,2.700037241,torque,hover,-0.006301828194,-0.0134282317,-1.617305875,0,0,-1.944013406,0.005919962656,0.008025150746,-0.4707454741,0,0,-0.3599602757,0.327044097,0.1112331299,0.06495622523,-0.004880205262,0.01977550983,0.0009199168417,-0.001317448788,0.01001104642,-0.0003925753354,0.6822780761,0.0005920868763,-0.001216859315,-0.001228774484,1,0,0,0
4.730105877,2.710021496,torque,hover,-0.006296390668,-0.01351440791,-1.620484352,0,0,-1.947554027,0.005880799145,0.008197565563,-0.4630696476,0,0,-0.3492657687,0.3274093091,0.1142501935,0.05381956727,-0.004627452698,0.0265442431,-0.0001758067374,-0.0008455366474,0.008505014804,-0.0003939255963,0.6816439665,0.0006360889063,-0.002427265369,-0.0001159768474,1,0,0,0
4.740136862,2.720052481,torque,hover,-0.006283520255,-0.01367242914,-1.626695752,0,0,-1.951003244,0.0057605654,0.008471491747,-0.4476342201,0,0,-0.3384319753,0.3246563834,0.1096817239,0.02750405722,-0.004738493357,0.03305755928,-0.001010710024,-0.0007465511209,0.005213611007,-0.0003576894266,0.6818104075,0.0006068923877,-0.003757729696,0.0007614298257,1,0,0,0
4.750118971,2.73003459,torque,hover,-0.006265714765,-0.01376040466,-1.629660964,0,0,-1.954327331,0.005731465761,0.008519751951,-0.4398031533,0,0,-0.3275621813,0.3250182422,0.1127096786,0.0151476912,-0.004209785257,0.03339425847,-0.0003454071411,-0.0001952485237,0.002157653561,-0.0003535787768,0.6811700055,0.0006368291219,-0.00434672998,8.585038926e-05,1,0,0,0
4.760144234,2.740059853,torque,hover,-0.006247166079,-0.01384451706,-1.632576942,0,0,-1.957556134,0.0057395529,0.008523756638,-0.4319148064,0,0,-0.3165562498,0.3253339401,0.1158153421,0.01712629822,-0.004433356691,0.03340640292,0.0004835076979,0.0005851451051,-0.001041226391,-0.0003648283626,0.6804928825,0.0008157460444,-0.004887910888,-0.0007669195073,1,0,0,0
4.770124435,2.750040054,torque,hover,-0.006227736361,-0.01392480452,-1.635442853,0,0,-1.960660386,0.005735935178,0.008587735705,-0.4239603281,0,0,-0.30551105,0.3255750739,0.1188986191,0.02936822917,-0.003556213342,0.03185369074,-0.0001931227453,0.00115433999,-0.003294939983,-0.0003554733212,0.6797955094,0.0007853413661,-0.004970360994,-7.009361067e-05,1,0,0,0
4.780133009,2.760048628,torque,hover,-0.006207482889,-0.01400113199,-1.638255119,0,0,-1.963662315,0.005726647563,0.008604255505,-0.4159699976,0,0,-0.2943455358,0.325767413,0.1220628422,0.1974965578,-0.002983795246,0.02887153067,7.872678543e-05,0.001467802765,-0.005654827982,-0.01178248036,0.6790590684,0.0007432270427,-0.004887488074,-0.008657237071,1,0,0,0
4.790105104,2.770020723,torque,hover,-0.006142588798,-0.01415397786,-1.643559217,0,0,-1.96654172,0.005743685178,0.008622352034,-0.399715215,0,0,-0.283132161,0.323350836,0.1170424852,0.2030588101,-0.001008809893,0.0178939756,-0.0003787357127,0.002420175739,-0.009483639712,-0.01176075806,0.679458892,0.0006478463553,-0.003896252196,-0.008174558355,1,0,0,0
4.800112963,2.780028582,torque,hover,-0.00610919157,-0.01422531158,-1.646134496,0,0,-1.969318583,0.005714965053,0.00858337339,-0.3914559186,0,0,-0.2717897023,0.3235546882,0.1201096933,0.2055226028,-8.912546036e-05,0.01153407432,0.0001462708751,0.002328769622,-0.01093697578,-0.01175857435,0.6787501237,0.0004614643022,-0.00319649791,-0.008706425984,1,0,0,0
4.810103655,2.790019274,torque,hover,-0.006039575674,-0.0143647762,-1.651049137,0,0,-1.971977019,0.005744835362,0.008610524237,-0.3748648465,0,0,-0.2603778993,0.3213059732,0.114953927,0.2060726986,0.0008128234185,-0.003101160284,-0.000603134511,0.003140031508,-0.01184461819,-0.01171079467,0.6792461099,0.0005001390573,-0.001250202768,-0.007910259727,1,0,0,0
4.820097208,2.800012827,torque,hover,-0.006002662703,-0.01443288382,-1.653389215,0,0,-1.974521711,0.005800109357,0.008607215248,-0.3665162325,0,0,-0.2488740666,0.3215127054,0.1180991305,0.2039335944,0.001534216455,-0.01057406235,-0.002540470567,0.003645033403,-0.01154579779,-0.01163263514,0.6785202869,0.0004814311102,-0.0001200080622,-0.00588236992,1,0,0,0
4.830099106,2.810014725,torque,hover,-0.005964773241,-0.01449759677,-1.655683398,0,0,-1.976952975,0.005858405493,0.008618419059,-0.3580968976,0,0,-0.2372717427,0.3216518304,0.121273724,0.2001269093,0.00270886207,-0.01807559095,-0.003538260702,0.004035731922,-0.01065337464,-0.01152631354,0.6777630027,0.0003745361707,0.001096580243,-0.004791251926,1,0,0,0
4.840141773,2.820057392,torque,hover,-0.005925934296,-0.0145591693,-1.657924652,0,0,-1.979276946,0.005890122149,0.008600072935,-0.3497079611,0,0,-0.2255326584,0.3217365113,0.1246120403,0.1955802359,0.002521465532,-0.02306532115,-0.004266069271,0.004089383652,-0.009717110297,-0.0113992505,0.676943674,0.0003789573534,0.001925944046,-0.003958891899,1,0,0,0
4.850092411,2.83000803,torque,hover,-0.005864592735,-0.01465370692,-1.66209805,0,0,-1.981462902,0.005873529706,0.008671138436,-0.3326231539,0,0,-0.213812729,0.3197546454,0.1192711367,0.1879434961,0.00402180478,-0.03089763224,-0.004410378635,0.003819848166,-0.006125394672,-0.01129277671,0.6775843204,0.0001006670066,0.003534598802,-0.003735996559,1,0,0,0
4.860156536,2.840072155,torque,hover,-0.005832829047,-0.01469622459,-1.6641047,0,0,-1.983554717,0.005865287501,0.008729980327,-0.3240641356,0,0,-0.2018696086,0.3198410767,0.1226463068,0.1858014511,0.002340460895,-0.03272278234,-0.00647976296,0.003525193235,-0.003765129754,-0.0112709605,0.6767571846,0.0002464316892,0.004158985955,-0.001611410757,1,0,0,0
4.870095015,2.850010633,torque,hover,-0.005800241139,-0.01473510452,-1.666057348,0,0,-1.98550202,0.005893778987,0.008890413679,-0.3154364526,0,0,-0.1899872398,0.3198369344,0.1259018709,0.1844732926,0.003868491389,-0.03188766912,-0.007226148155,0.003651486257,-0.0006614612773,-0.01122880087,0.6759299741,5.24785717e-05,0.004564713939,-0.0008218406187,1,0,0,0
4.880114794,2.860030413,torque,hover,-0.005767859984,-0.01476607472,-1.667884469,0,0,-1.987345263,0.005860291887,0.009043570608,-0.3066960573,0,0,-0.1779187896,0.3198538796,0.1292273728,0.1849567647,0.002801671159,-0.02973809652,-0.006012367085,0.003223182189,0.002113752488,-0.01121924175,0.6750918926,9.040786234e-05,0.004690375096,-0.002047141086,1,0,0,0
4.890099525,2.870015144,torque,hover,-0.005734587088,-0.01479307376,-1.66965723,0,0,-1.989061326,0.00592017686,0.00921741128,-0.2979338765,0,0,-0.1658037797,0.3197978999,0.1325834517,0.1864048728,0.002208400751,-0.02654212154,-0.006524983793,0.003790857241,0.004622073047,-0.01119808564,0.6742210877,0.0002950765802,0.00460599953,-0.001513595355,1,0,0,0
4.900130749,2.880046368,torque,hover,-0.005664872006,-0.01483570691,-1.673026443,0,0,-1.990663121,0.005966446362,0.009548351169,-0.2802384794,0,0,-0.1535431214,0.3180334076,0.1271946667,0.1892354769,0.0009023234015,-0.01561692543,-0.008548595011,0.004728139856,0.008854815341,-0.01108730102,0.6749585618,0.0006717578868,0.003739391469,0.0006246003852,1,0,0,0
4.910082102,2.889997721,torque,hover,-0.00562883867,-0.01485241018,-1.674554825,0,0,-1.992130196,0.005980406888,0.009743645787,-0.27120471,0,0,-0.1412917051,0.3179723173,0.1304150787,0.1900446371,0.001483289059,-0.008069961332,-0.007959742099,0.004694300278,0.01006958633,-0.01102386382,0.6741203532,0.0005417310765,0.00280598199,7.554265386e-05,1,0,0,0
4.920103073,2.900018692,torque,hover,-0.005592100788,-0.01486523636,-1.676026583,0,0,-1.99348389,0.005980440881,0.009887230583,-0.2620741725,0,0,-0.1288656276,0.317854352,0.133708786,0.1897834237,-0.0003432264493,-0.001799843274,-0.008325522766,0.004621388465,0.01039442229,-0.01094942301,0.6732418967,0.0007389186515,0.00188851789,0.0005075271869,1,0,0,0
4.930085897,2.910001516,torque,hover,-0.005554593168,-0.01487424504,-1.67744112,0,0,-1.994708177,0.005987508688,0.01010189299,-0.2529270351,0,0,-0.1163980995,0.317664102,0.1370330207,0.1878073666,-0.0005293539143,0.005999852438,-0.007632113528,0.004761431952,0.01096724888,-0.0108073672,0.6723309824,0.0007594355325,0.000869979365,-9.135073459e-05,1,0,0,0
4.940130234,2.920045853,torque,hover,-0.005477794912,-0.01487993915,-1.68009603,0,0,-1.995813944,0.005972563755,0.01051219273,-0.2345309258,0,0,-0.103764345,0.3161158334,0.1313243174,0.180810739,0.001981394133,0.01943898201,-0.008411237039,0.005237483941,0.01190344636,-0.01051153868,0.6732308174,0.0004948993516,-0.000703625561,0.0009202954476,1,0,0,0
4.950100183,2.930015802,torque,hover,-0.005429162178,-0.014870557,-1.681268573,0,0,-1.996785588,0.006031395867,0.01068956126,-0.2251704633,0,0,-0.09113546886,0.3159139067,0.1345957808,0.175789768,0.002413030248,0.02500391938,-0.009059708565,0.005727853514,0.0105992946,-0.01033069372,0.6723293234,0.0005226683206,-0.001758598761,0.001713488677,1,0,0,0
4.960116386,2.940032005,torque,hover,-0.005379668437,-0.01485747658,-1.682381749,0,0,-1.997634509,0.006066943984,0.01089303661,-0.21572496,0,0,-0.07835903275,0.3156485193,0.1379306493,0.171200304,0.001527882763,0.02931219526,-0.008342477493,0.006009742003,0.009408826559,-0.01016864574,0.6713890106,0.0006771208409,-0.002563185856,0.001104396469,1,0,0,0
4.970091581,2.9500072,torque,hover,-0.005329461303,-0.0148407137,-1.683434844,0,0,-1.998352324,0.006077608559,0.01109336596,-0.2062666118,0,0,-0.06554627522,0.3153120185,0.1412876967,0.1669156521,0.002832137514,0.03180135414,-0.00827938132,0.005975278342,0.008108126471,-0.01000803336,0.67041701,0.0004577315117,-0.003109362856,0.001158478727,1,0,0,0
4.980111122,2.960026741,torque,hover,-0.005278826691,-0.01482066326,-1.6844275,0,0,-1.998944222,0.006085536443,0.01119858958,-0.1968197525,0,0,-0.05258751799,0.3149099654,0.1447942665,0.1633004799,0.002344278153,0.03350980952,-0.008139141835,0.005875643017,0.005851795356,-0.009851323439,0.6693813773,0.0004791580427,-0.003745559003,0.001131388052,1,0,0,0
4.990095377,2.970010996,torque,hover,-0.005183976144,-0.01473782212,-1.686056733,0,0,-1.999404435,0.006090884563,0.01151602715,-0.1775311679,0,0,-0.03958563202,0.3137369272,0.1385593325,0.1585945054,0.004925723188,0.03230385855,-0.007347654086,0.006282081272,0.004752196973,-0.009526980358,0.6705517614,0.0002264265995,-0.003467607959,0.0005610596182,1,0,0,0
5.000104427,2.980020046,torque,hover,-0.005135952495,-0.01469213702,-1.686779618,0,0,-1.999735049,0.006075863726,0.01166929211,-0.1678031832,0,0,-0.02646251678,0.313342207,0.1419516554,0.1568235452,0.005737506784,0.03040742315,-0.007847309113,0.00573942373,0.003151556726,-0.009336861945,0.6695487067,-2.123742842e-05,-0.003479847235,0.001207098231,1,0,0,0
5.010089636,2.990005255,torque,hover,-0.005087545607,-0.01464378089,-1.687440038,0,0,-1.999933551,0.006064157933,0.01177318767,-0.1579847038,0,0,-0.01328192926,0.3128778028,0.1453075184,0.1556796529,0.006785362028,0.02669695392,-0.007582292426,0.005220598737,0.001410378457,-0.009154802982,0.6685288021,-0.0002778399898,-0.003273933159,0.0010675484,1,0,0,0
5.020123959,3.000039577,torque,hover,-0.004983231425,-0.01450451277,-1.688408017,0,0,-2,0.006003849208,0.0119678881,-0.1379733682,0,0,0,0.3119691928,0.1386215239,0.1535299268,0.007816762663,0.01849803701,-0.006847612094,0.004724552726,0.001032103385,-0.008822390824,0.6699082857,-0.0004640275768,-0.002001792455,0.0005572194177,1,0,0,0
5.0300982,3.010013819,torque,hover,-0.004931012634,-0.01443203166,-1.68879652,0,0,-2,0.005999115296,0.01205848996,-0.1279018521,0,0,0,0.3115769636,0.1286090212,0.1518348322,0.008462227881,0.01485841535,-0.006955313031,0.004316219469,0.0002264957838,-0.008647896402,0.6723211342,-0.0006220524636,-0.001675105356,0.0007920551373,1,0,0,0
5.040122271,3.020037889,torque,hover,-0.004878318403,-0.01435781363,-1.689120531,0,0,-2,0.006012226455,0.01212065108,-0.1177655756,0,0,0,0.3112490787,0.1185402373,0.1497437295,0.009422252886,0.008449340239,-0.005938769784,0.004015302469,-0.0004012665093,-0.008498197189,0.6747737985,-0.000790271438,-0.0009388206601,-0.0001369405424,1,0,0,0
5.050105572,3.030021191,torque,hover,-0.004824622069,-0.01426046994,-1.689294815,0,0,-2,0.006012827158,0.01214648504,-0.1076643914,0,0,0,0.3110696866,0.1085141114,0.1465117201,0.009679098614,0.003790945979,-0.006825311109,0.003581458301,-0.0007041696677,-0.008319523202,0.677271825,-0.00088789504,-0.0003900380072,0.0008943251072,1,0,0,0
5.060121059,3.040036678,torque,hover,-0.004715890158,-0.01406262256,-1.689456224,0,0,-2,0.006087345071,0.01230547484,-0.08791341633,0,0,0,0.3108977863,0.08897892588,0.138512236,0.009890443645,-0.004165784921,-0.005514656194,0.004119804544,0.001911388659,-0.008010996033,0.6822212564,-0.0006880911899,0.001255099915,-0.0002232062956,1,0,0,0
5.070102453,3.050018072,torque,hover,-0.004660829436,-0.01396169234,-1.689434528,0,0,-2,0.006040619686,0.0124159148,-0.07835029066,0,0,0,0.3109140787,0.07955760223,0.133838526,0.009833160788,-0.007212925702,-0.006429430097,0.003062895809,0.002757058085,-0.007856269279,0.6846538743,-0.0009095960486,0.001740512322,0.0008208733098,1,0,0,0
5.080121517,3.060037136,torque,hover,-0.004592668265,-0.01384983025,-1.689255595,0,0,-2,0.006027560215,0.0125436997,-0.0690067187,0,0,0,0.3110867974,0.0703960447,0.1294997983,0.01023459062,-0.008261177689,-0.005958539434,0.002608207334,0.003884219198,-0.007710779593,0.6870877661,-0.00103756759,0.00200543439,0.0004463745697,1,0,0,0
5.090113878,3.070029497,torque,hover,-0.004524636082,-0.01373685803,-1.689022779,0,0,-2,0.006001831964,0.01260615699,-0.06022565067,0,0,0,0.3113133555,0.0618228613,0.1256874753,0.009329597466,-0.009720231406,-0.005974716041,0.002049025089,0.004489479708,-0.007562428205,0.6893985532,-0.001006963652,0.00220128115,0.0005721280015,1,0,0,0
5.100124359,3.080039978,torque,hover,-0.004389055539,-0.01350801066,-1.688409686,0,0,-2,0.005934657063,0.01276684646,-0.04393649101,0,0,0,0.3119138565,0.04613705415,0.119265194,0.006706548855,-0.006290414371,-0.006129326299,0.001794501834,0.007655469588,-0.007244089995,0.6937507284,-0.0006173517636,0.00226981402,0.0009615959641,1,0,0,0
5.110119581,3.0900352,torque,hover,-0.004302308429,-0.01338042784,-1.687953353,0,0,-2,0.005878428463,0.01287069544,-0.03622988984,0,0,0,0.312363019,0.03889493078,0.1167231212,0.005524091423,-0.003112275386,-0.005898907781,0.001400591887,0.008105958615,-0.007092467748,0.6958700029,-0.0005367520284,0.001791140882,0.0008410090661,1,0,0,0
5.120141029,3.100056648,torque,hover,-0.004216413945,-0.01325169858,-1.687455416,0,0,-2,0.005820707418,0.01300966647,-0.0288085714,0,0,0,0.3128538042,0.03214134164,0.1145166578,0.005830714479,-0.0006180497003,-0.005610139109,0.001063197324,0.008785133766,-0.006943617208,0.6979320028,-0.0006455212779,0.001490393784,0.0006563800178,1,0,0,0
5.130112886,3.110028505,torque,hover,-0.004131481051,-0.01312163286,-1.686917901,0,0,-2,0.005734308157,0.0131580038,-0.02177786641,0,0,0,0.3133841845,0.02608238523,0.112079631,0.004113258328,0.001597488299,-0.006399586797,0.000613906296,0.00944645522,-0.006770582874,0.6999092959,-0.0004994002772,0.001243127295,0.001589405229,1,0,0,0
5.140129805,3.120045424,torque,hover,-0.003960095812,-0.01284718327,-1.685650229,0,0,-2,0.005653550848,0.01338024437,-0.008995714597,0,0,0,0.3146371096,0.01708556285,0.1073234599,0.003001969773,0.008298228495,-0.005373350345,0.001304940774,0.01162443149,-0.006457432222,0.7036093381,-0.0001530939067,0.0007737996914,0.0007730329838,1,0,0,0
5.150125265,3.130040884,torque,hover,-0.003873173846,-0.01270313747,-1.684930325,0,0,-2,0.005669168197,0.01349302754,-0.00308369752,0,0,0,0.3153494436,0.01495695325,0.1044685648,0.002092841081,0.01073334273,-0.005886022933,0.001766055929,0.01099234972,-0.006295454567,0.7053690857,6.130015027e-05,0.0002165769722,0.001416045799,1,0,0,0
5.160125256,3.140040874,torque,hover,-0.003786552232,-0.01255819295,-1.684183121,0,0,-2,0.005662546959,0.01361064706,0.002510078019,0,0,0,0.3160891447,0.01495375014,0.1013818808,0.002269583521,0.01380995195,-0.006204496603,0.001953414592,0.01039403224,-0.00612324691,0.7070580352,5.459398502e-05,-0.0003811958181,0.001867625082,1,0,0,0
5.170112133,3.150027752,torque,hover,-0.003613785375,-0.01226668805,-1.682542086,0,0,-2,0.005605955608,0.01375197992,0.0126786083,0,0,0,0.3177153734,0.0195266689,0.09607472048,0.000543772243,0.01797503047,-0.00444160914,0.002855021283,0.0105520736,-0.005843373635,0.7102306927,0.0004743940855,-0.0008173871122,0.0002808480709,1,0,0,0
5.180144787,3.160060406,torque,hover,-0.003527454799,-0.01212040521,-1.681655049,0,0,-2,0.005621890072,0.01385945361,0.01720122807,0,0,0,0.3185951267,0.02279412971,0.09347942751,0.0003507594229,0.01798353158,-0.005109858233,0.003169320118,0.009413360885,-0.005696935115,0.711698711,0.0005234773072,-0.00108443632,0.001069304119,1,0,0,0
5.190114975,3.170030594,torque,hover,-0.003441553097,-0.01197321806,-1.680727363,0,0,-2,0.005580239929,0.01393035892,0.02143550664,0,0,0,0.3195156009,0.02616629363,0.091654146,0.001608965802,0.01801493764,-0.004133983515,0.00287407783,0.008190499703,-0.005577769319,0.7131083401,0.0002386591432,-0.001350831363,0.0001610420671,1,0,0,0
5.200114489,3.180030107,torque,hover,-0.003356220433,-0.01182566956,-1.679786205,0,0,-2,0.005551804323,0.01394656394,0.02530511469,0,0,0,0.3204496606,0.02942240653,0.09014387541,0.002073052339,0.01764333621,-0.004090205301,0.002706360508,0.006671473349,-0.005459585925,0.7144303861,0.0001107923265,-0.001608691095,0.0002020532321,1,0,0,0
5.210116625,3.190032244,torque,hover,-0.003271376714,-0.01167780347,-1.678833365,0,0,-2,0.005532335024,0.0139869377,0.02890202589,0,0,0,0.3213955198,0.03258171662,0.08762007557,0.001760170911,0.01538689062,-0.005570171401,0.002711622154,0.005703403117,-0.00527567411,0.715687522,0.0001376221845,-0.001462721151,0.001842357595,1,0,0,0
5.220117092,3.200032711,torque,hover,-0.003121161135,-0.01140561327,-1.676763654,0,0,-2,0.005334574729,0.01411013026,0.03538733348,0,0,0,0.3234525702,0.03846838747,0.08366804755,0.003710879944,0.0109636616,-0.004361457191,0.001842583375,0.006472268937,-0.004971618838,0.7180815573,-0.0003205158966,-0.000539085565,0.000827258844,1,0,0,0
5.230103016,3.210018635,torque,hover,-0.003047154285,-0.01126846205,-1.6757195,0,0,-2,0.005277362652,0.01415245887,0.03836915269,0,0,0,0.3244905335,0.04123511279,0.08167092631,0.003703776514,0.009242067114,-0.004016942345,0.001460516337,0.0055935956,-0.004828942817,0.7192158184,-0.0003942249556,-0.0005122979935,0.0005798013023,1,0,0,0
5.240134239,3.220049858,torque,hover,-0.002973569557,-0.01113079302,-1.674670577,0,0,-2,0.005255087744,0.01416577678,0.04115083069,0,0,0,0.3255333625,0.04383692559,0.07979115347,0.005123301409,0.006909776479,-0.003532674629,0.001338045387,0.00475278936,-0.00469928107,0.7203010668,-0.0005959536881,-0.0003840587347,0.0001796461135,1,0,0,0
5.250103235,3.230018854,torque,hover,-0.002923190827,-0.01101225894,-1.673565149,0,0,-2,0.005188188516,0.01413211226,0.04374773428,0,0,0,0.3266336275,0.04626551795,0.07750791448,0.004476969596,0.003549942048,-0.004442023579,0.0005641425834,0.003763470058,-0.004544242189,0.721359927,-0.0006594528993,-0.0001464531764,0.001218184817,1,0,0,0
5.260114908,3.240030527,torque,hover,-0.00282335002,-0.01077449787,-1.671345592,0,0,-2,0.005019316915,0.01399728842,0.04813240469,0,0,0,0.3288430953,0.05037703848,0.07297782192,0.001965429634,0.0005708300741,-0.00444929488,-0.0004555662196,0.003463771153,-0.004242069299,0.7232756394,-0.0004939743565,0.0002176070186,0.001446322613,1,0,0,0
5.270091534,3.250007153,torque,hover,-0.002773547778,-0.01065541897,-1.670237899,0,0,-2,0.004953601398,0.01395397168,0.05007288978,0,0,0,0.3299458651,0.05221633636,0.07040927374,0.003023099387,-0.0001244158193,-0.004291485064,-0.0008512035091,0.002953169987,-0.004089287219,0.7241688899,-0.0006954687953,0.0001907565396,0.001396324315,1,0,0,0
5.280120373,3.260035992,torque,hover,-0.002745166887,-0.01055146474,-1.669087172,0,0,-2,0.00482854154,0.01392874029,0.05175664276,0,0,0,0.331092388,0.05381519013,0.06851979607,0.003024122212,-0.0009925517952,-0.003326326376,-0.00191363412,0.002735844075,-0.003963750564,0.7250126232,-0.0008965261895,0.0002630405777,0.0005046790863,1,0,0,0
5.290133238,3.270048857,torque,hover,-0.002716960618,-0.01044681109,-1.667942166,0,0,-2,0.004715241957,0.01388855744,0.05320977047,0,0,0,0.3322332353,0.05519424977,0.06683300641,0.002029900905,-0.0009863674641,-0.0030285744,-0.002648400893,0.002508500559,-0.003847205066,0.7257958084,-0.0008732268216,0.00021473115,0.0002868989211,1,0,0,0
5.300140858,3.280056477,torque,hover,-0.002688610693,-0.01034192927,-1.666804314,0,0,-2,0.004633024335,0.01378100738,0.0544498302,0,0,0,0.3333669893,0.05635747589,0.06562511622,0.002365905559,-0.0005415514461,-0.002553170547,-0.003071088117,0.001777215568,-0.003743680664,0.7265223745,-0.0009581811815,-3.185072858e-06,-0.0001214998344,1,0,0,0
5.310130596,3.290046215,torque,hover,-0.002643360524,-0.01014470402,-1.664499164,0,0,-2,0.004436045419,0.01369534526,0.05654990301,0,0,0,0.3356645849,0.05835351327,0.06247863773,0.001104579889,-0.0009766094154,-0.003673611209,-0.004113540502,0.002531091926,-0.003504945014,0.7278898176,-0.0009593457123,0.000252457142,0.001192854863,1,0,0,0
5.320125103,3.300040722,torque,hover,-0.002626542468,-0.01005147677,-1.66333437,0,0,-2,0.004316478036,0.0136751458,0.05750174448,0,0,0,0.3368258861,0.05926290757,0.06101174858,0.0006659303326,-0.000104742132,-0.003405122086,-0.004587484516,0.002547233989,-0.003377720425,0.7285530651,-0.0009456553356,0.0001439206594,0.001011930139,1,0,0,0
5.330124378,3.310039997,torque,hover,-0.002609556774,-0.009957309812,-1.662180305,0,0,-2,0.004219249822,0.01366844214,0.05823796988,0,0,0,0.3379764851,0.05996907132,0.05919457439,-0.0008236167487,-0.0005699065514,-0.003367517609,-0.004704008469,0.002738194212,-0.003251289978,0.7291577644,-0.0007109355294,0.0002612640805,0.001066195867,1,0,0,0
5.340135336,3.320050955,torque,hover,-0.002600194188,-0.009774268605,-1.659883976,0,0,-2,0.004065728281,0.0135867279,0.0594029054,0,0,0,0.3402663767,0.06107237094,0.05548634422,-0.003343457123,0.001256002579,-0.002136176918,-0.005077889005,0.003167263852,-0.003023463188,0.7302849205,-0.0004236873639,0.0001176024446,-2.206469459e-05,1,0,0,0
5.350119829,3.330035448,torque,hover,-0.002607825678,-0.009685150348,-1.658743262,0,0,-2,0.00389978243,0.01355956867,0.05982908607,0,0,0,0.3414041065,0.06147023463,0.05440642322,-0.004590159748,0.0003700391389,-0.001665164134,-0.005725623662,0.003123021997,-0.002939423385,0.7308061665,-0.0003674942918,0.0002321408581,-0.00044036358,1,0,0,0
5.36013484,3.340050459,torque,hover,-0.002615084406,-0.009595218115,-1.657616019,0,0,-2,0.003820428858,0.01351510175,0.060174454,0,0,0,0.3425283888,0.06179173542,0.05225618889,-0.004677053075,0.0009354627109,-0.002891465789,-0.005498254963,0.002882654439,-0.002820426843,0.7313020526,-0.0002675785123,0.0001007657545,0.0008948156475,1,0,0,0
5.370111942,3.350027561,torque,hover,-0.002635024721,-0.009428215213,-1.655387402,0,0,-2,0.00359879341,0.0133523019,0.06039248779,0,0,0,0.3447516172,0.06195553133,0.04817288717,-0.006388325244,0.002532347105,-0.003198629711,-0.00629143082,0.002506715798,-0.002583534286,0.7321645899,-0.0002215756571,-0.0001843817786,0.001378522341,1,0,0,0
5.380149603,3.360065222,torque,hover,-0.002648160094,-0.009350862354,-1.65428853,0,0,-2,0.003450012533,0.01327095646,0.06027616188,0,0,0,0.345848047,0.06181615131,0.0463171624,-0.007006675005,0.003269454697,-0.002660589293,-0.006408322726,0.001912322351,-0.002474220813,0.7325331299,-0.0001291397983,-0.0003972640742,0.0009095086389,1,0,0,0
5.390110731,3.37002635,torque,hover,-0.002661194885,-0.009273099713,-1.653206348,0,0,-2,0.003305336693,0.01317977253,0.06010649726,0,0,0,0.3469278154,0.06162323156,0.04521429069,-0.006253297441,0.003622897901,-0.00131637021,-0.006496769997,0.001333794694,-0.00240365216,0.7328820991,-0.0002220131981,-0.0005420015363,-0.0004087589727,1,0,0,0
5.400128365,3.380043983,torque,hover,-0.002673746319,-0.009194944985,-1.652140617,0,0,-2,0.003231332637,0.01309139747,0.05989800766,0,0,0,0.347991158,0.06139704814,0.04323370142,-0.005672104657,0.003864748403,-0.002754679881,-0.005976951925,0.0008084376768,-0.00229356291,0.7332152694,-0.0001512946415,-0.0006511483154,0.001136029434,1,0,0,0
5.410126925,3.390042543,torque,hover,-0.002700265031,-0.009130843915,-1.651088476,0,0,-2,0.003178400919,0.01300209388,0.0595478043,0,0,0,0.3490414233,0.06103357825,0.04204718437,-0.004542634357,0.003860593308,-0.001682865666,-0.005600382109,0.0002099379936,-0.00221422572,0.7335075805,-0.0001989472337,-0.0007383364324,0.0001024035751,1,0,0,0
5.420132875,3.400048494,torque,hover,-0.002751235384,-0.009000397287,-1.649037123,0,0,-2,0.002942146966,0.01284572575,0.05865179375,0,0,0,0.3510890452,0.0601140733,0.03889122593,-0.005002621561,0.001759531093,-0.002110786503,-0.006778406169,5.771089637e-05,-0.00197100748,0.7340234376,-0.0004203225576,-0.0004249043223,0.0007140370634,1,0,0,0
5.43010664,3.410022259,torque,hover,-0.002775504952,-0.008934247307,-1.648038268,0,0,-2,0.002904838417,0.0127819879,0.05813924223,0,0,0,0.3520860476,0.05959856364,0.03731999272,-0.003171480494,0.0004261176509,-0.001897764043,-0.006082652733,-2.774160625e-05,-0.001870763817,0.7342552881,-0.0004694900868,-0.0002278566224,0.0005714323665,1,0,0,0
5.44012785,3.420043468,torque,hover,-0.002822905546,-0.008880340494,-1.647068977,0,0,-2,0.002773773158,0.01271077804,0.05755360425,0,0,0,0.3530540128,0.05900572055,0.03680569715,-0.002462357748,-0.0005661298637,-0.002286703326,-0.006632363886,-0.0001156912947,-0.001761125765,0.7344578918,-0.0006606594462,-8.848693338e-05,0.001047303546,1,0,0,0
5.450115204,3.430030823,torque,hover,-0.002869463991,-0.008825767785,-1.646117568,0,0,-2,0.00265803514,0.01259573549,0.05686919019,0,0,0,0.3540041012,0.05830799684,0.03646523748,-0.002822280163,-0.001103478135,-0.002148070373,-0.006989291659,-0.0005135729698,-0.001659533905,0.7346289711,-0.0006529672533,-8.878107217e-05,0.0009803861775,1,0,0,0
5.460170507,3.440086126,torque,hover,-0.002959166886,-0.008714359254,-1.644270658,0,0,-2,0.00250750524,0.01246057823,0.05525901169,0,0,0,0.3558483682,0.05670195733,0.03423757441,-0.004178331699,-0.004523218609,-0.002265859395,-0.007765798037,-8.006833261e-06,-0.001467100672,0.734889705,-0.0006232685637,0.0004987831542,0.001241955221,1,0,0,0
5.470125198,3.450040817,torque,hover,-0.003002466867,-0.008657717146,-1.643375278,0,0,-2,0.002412871923,0.01234025694,0.05445985869,0,0,0,0.3567424331,0.05589257643,0.03349296043,-0.003816028591,-0.004904788919,-0.002026498085,-0.007653541249,-0.0001620473703,-0.001371040454,0.7350114045,-0.0006026463139,0.000506696602,0.001068745156,1,0,0,0
5.480144739,3.460060358,torque,hover,-0.003063158831,-0.008628734387,-1.642517447,0,0,-2,0.002270253142,0.01229510177,0.05360613018,0,0,0,0.357599795,0.05504489777,0.03361827247,-0.00441659661,-0.005524028093,-0.001424387097,-0.008097283469,0.0002097060504,-0.001293019453,0.7351056694,-0.0005854082134,0.0006704810642,0.0005128422486,1,0,0,0
5.490112066,3.470027685,torque,hover,-0.00312266266,-0.008598512039,-1.641677499,0,0,-2,0.002194428351,0.01219326165,0.0527250655,0,0,0,0.3584392561,0.05416109007,0.03327057315,-0.004237864632,-0.006676698104,-0.001409841352,-0.007970351737,0.0001079588894,-0.001204835034,0.7351865217,-0.0005435842645,0.0007896296372,0.000563225815,1,0,0,0
5.50011611,3.480031729,torque,hover,-0.003238157369,-0.008534520864,-1.64006424,0,0,-2,0.002014036523,0.01207951922,0.05086329579,0,0,0,0.3600514899,0.05231678494,0.03236442585,-0.006537817884,-0.005743319634,-0.00149818277,-0.008875081838,0.0008360241768,-0.001057751099,0.7352988422,-0.0004451570036,0.0007699693032,0.0007598490096,1,0,0,0
5.510118008,3.490033627,torque,hover,-0.003297057468,-0.008514949121,-1.639301538,0,0,-2,0.001958705485,0.01197912544,0.04984114319,0,0,0,0.3608140173,0.05129790959,0.03059295962,-0.008134551346,-0.004347533919,-0.001719151158,-0.008167994209,0.0005714289171,-0.0009639487269,0.7353159521,-3.109741093e-05,0.0005060900006,0.001052100385,1,0,0,0
5.520125389,3.500041008,torque,hover,-0.003354444401,-0.008494241163,-1.63855648,0,0,-2,0.001911186962,0.01188524999,0.04883029312,0,0,0,0.361558878,0.05029223925,0.029145291,-0.007700133603,-0.004284723662,-0.0009732532781,-0.007529223163,0.0004541526073,-0.0008924150156,0.7353295366,6.439771704e-05,0.0004730441862,0.0003445097612,1,0,0,0
5.530116081,3.5100317,torque,hover,-0.003410493024,-0.008472223766,-1.637829065,0,0,-2,0.001862009987,0.01182534918,0.04775739089,0,0,0,0.3622860692,0.04923488955,0.02804076948,-0.006930334028,-0.002309906064,-0.0002652135445,-0.00701953191,0.0005836882304,-0.000841743706,0.7353209989,7.350295795e-05,0.0002395775921,-0.0003407504448,1,0,0,0
5.540184021,3.52009964,torque,hover,-0.00346525549,-0.00844876375,-1.637119174,0,0,-2,0.001771240262,0.01175558474,0.04670912027,0,0,0,0.3629957072,0.04819826741,0.02689926081,-0.007797994185,-0.001655128202,-0.0007874990115,-0.006886943896,0.0006319442102,-0.0007778676905,0.735312364,0.0002129605743,0.0001744149653,0.00023701993,1,0,0,0
5.55010891,3.530024529,torque,hover,-0.00356655987,-0.008444682695,-1.635780096,0,0,-2,0.001675512292,0.01156303845,0.04456722736,0,0,0,0.364335246,0.0460732998,0.02238171769,-0.007483457681,0.0006606138195,-0.0006200030912,-0.007032796888,-0.0006101282124,-0.000639592145,0.7352543581,7.372268545e-05,-0.0004144714177,0.0001651217504,1,0,0,0
5.560152531,3.54006815,torque,hover,-0.003615399124,-0.008440072648,-1.635134935,0,0,-2,0.001637324109,0.01150744408,0.04344143718,0,0,0,0.3649805766,0.04496955152,0.01995468532,-0.007475938182,0.002308296738,-0.0001881630451,-0.006305933679,-0.0006932352272,-0.000579086978,0.7352026208,0.0002394941049,-0.000607103198,-0.0002313229205,1,0,0,0
5.570115328,3.550030947,torque,hover,-0.0036628698,-0.008433749899,-1.634506822,0,0,-2,0.001610249281,0.01145009138,0.04234630987,0,0,0,0.3656088185,0.04389655402,0.0172927913,-0.007174925879,0.002784579061,-0.001105365693,-0.005624326391,-0.0008478331816,-0.0004931778536,0.7351524812,0.000340919154,-0.0006545446307,0.0007652518204,1,0,0,0
5.580157518,3.560073137,torque,hover,-0.003743118141,-0.008448617533,-1.633308649,0,0,-2,0.001486452995,0.01124034915,0.04021372274,0,0,0,0.3668077656,0.04178155679,0.01330203006,-0.00859910436,0.004261877853,-0.0006428461638,-0.005915981555,-0.002681978693,-0.0003445211043,0.7350457932,0.0004025818278,-0.001200317116,0.0003998318736,1,0,0,0
5.590120316,3.570035934,torque,hover,-0.003781667911,-0.008453640155,-1.632733822,0,0,-2,0.001460027532,0.01113716699,0.03913145885,0,0,0,0.367382921,0.04071165976,0.01219069797,-0.007660606876,0.003060587915,-0.0007487611729,-0.005113867134,-0.003142544027,-0.0002722084051,0.7349796056,0.0004446422595,-0.001060114065,0.0005616729707,1,0,0,0
5.600148678,3.580064297,torque,hover,-0.003819181584,-0.008457115851,-1.63217485,0,0,-2,0.001432426623,0.01104281005,0.03805405647,0,0,0,0.3679421834,0.03964980092,0.01247319763,-0.006457252894,0.00292627071,-0.0006154506118,-0.004503613492,-0.00348120409,-0.0002048830936,0.7349089051,0.0003982061771,-0.001047478812,0.0004757388462,1,0,0,0
5.6101408,3.590056419,torque,hover,-0.003843237413,-0.008458422497,-1.631641507,0,0,-2,0.001429617289,0.01099182665,0.03693652898,0,0,0,0.3684756364,0.03856385914,0.01281085541,-0.00566076627,0.00264975545,-0.0009542089538,-0.003658473539,-0.003460339173,-0.0001291697294,0.7348187417,0.0004582061297,-0.0009391270382,0.0008768683982,1,0,0,0
5.620122194,3.600037813,torque,hover,-0.003888785839,-0.008455913514,-1.630560875,0,0,-2,0.001405544579,0.01081401017,0.03474251553,0,0,0,0.3695563452,0.03641374407,0.01489616161,-0.00437534973,0.0001468286209,-0.0004209111794,-0.003233747451,-0.004453980935,2.688031948e-06,0.7346538719,0.0003106341539,-0.0007611791327,0.0004306760002,1,0,0,0
5.630095005,3.610010624,torque,hover,-0.003910365514,-0.00845274888,-1.63004446,0,0,-2,0.001421640394,0.010698203,0.03370783105,0,0,0,0.3700727513,0.03539336779,0.01565165261,-0.002980676712,-0.001945010503,0.001191866701,-0.002574934264,-0.004623048718,3.014580731e-05,0.7345785777,0.0002482659924,-0.0004668785536,-0.001190187037,1,0,0,0
5.640135765,3.620051384,torque,hover,-0.003925396129,-0.008451979607,-1.629552007,0,0,-2,0.001388900913,0.0106032202,0.03259120136,0,0,0,0.3705651905,0.03430078324,0.01541338876,-0.003326233011,-0.00373128755,0.0005426772987,-0.002358458055,-0.004489104934,7.490762695e-05,0.7344738383,0.0003182050236,-0.0001605245148,-0.0004962786088,1,0,0,0
5.650136709,3.630052328,torque,hover,-0.003939949907,-0.008449963294,-1.629074812,0,0,-2,0.001395458239,0.01048935298,0.03157491982,0,0,0,0.3710423429,0.03330089175,0.01496250623,-0.002546897158,-0.004983806517,0.0001657122484,-0.001908454095,-0.004493446599,0.0001280387585,0.7343890097,0.0002868546893,2.407548308e-05,-7.336166143e-05,1,0,0,0
5.660152674,3.640068293,torque,hover,-0.003966671415,-0.008442211896,-1.628164887,0,0,-2,0.001396582695,0.01031126361,0.02948041633,0,0,0,0.3719520888,0.0312628781,0.01202762547,-0.001228349283,-0.007878035307,0.0003483204055,-0.001703588104,-0.004496023781,0.0002208407912,0.7341875503,0.0001091037405,0.000390715336,-0.0001911614474,1,0,0,0
5.670153379,3.650068998,torque,hover,-0.00397581188,-0.008431350812,-1.627745152,0,0,-2,0.001357178204,0.01025414187,0.02846582234,0,0,0,0.3723715443,0.03028683542,0.009209702436,-0.001237382181,-0.008914373815,0.0004983687541,-0.001712571066,-0.003561127352,0.0002610129843,0.73408235,8.933518123e-05,0.0007410945694,-0.0003147342815,1,0,0,0
5.68017292,3.660088539,torque,hover,-0.003984960262,-0.008419098333,-1.627339125,0,0,-2,0.001314504654,0.0101873558,0.02745768428,0,0,0,0.3727772648,0.02931611445,0.007196019014,-0.001153989928,-0.009097132832,-0.0001704547612,-0.001770693426,-0.002807130408,0.0003171429649,0.7339738193,4.878413073e-05,0.0009105337304,0.0004070217336,1,0,0,0
5.690140247,3.670055866,torque,hover,-0.00399381388,-0.008405318484,-1.626946926,0,0,-2,0.001276594005,0.01016633585,0.0264447853,0,0,0,0.373169125,0.02836037282,0.006792107158,-0.0002661799663,-0.009304051287,-0.0007608921733,-0.001796631353,-0.001732926345,0.0003886050402,0.7338590685,-8.949315568e-05,0.001145485635,0.001060215724,1,0,0,0
5.700152159,3.680067778,torque,hover,-0.004014309496,-0.008366326801,-1.626204014,0,0,-2,0.001289859996,0.01009725407,0.02448547073,0,0,0,0.3739111517,0.0265170993,0.01218705191,-0.0008943445282,-0.009581097402,-0.0003441711306,-0.001481026474,-0.0003624116427,0.0005338570423,0.7336313699,5.779455575e-05,0.00137285668,0.0007407757502,1,0,0,0
5.710152626,3.690068245,torque,hover,-0.004025701899,-0.008341505192,-1.625852227,0,0,-2,0.0012758628,0.01005276479,0.02352052554,0,0,0,0.3742623984,0.02561056477,0.01607550514,-0.0001210051487,-0.008870425634,-0.001340398099,-0.001435811945,0.0003781653463,0.0006294921032,0.7335141253,-5.026866085e-05,0.001382324178,0.001824457834,1,0,0,0
5.720166922,3.700082541,torque,hover,-0.004036855418,-0.008315525949,-1.625513315,0,0,-2,0.001232522074,0.009995209984,0.02254435979,0,0,0,0.3746007492,0.02469152672,0.0193655307,0.0006962141488,-0.007320883684,-0.0006515193381,-0.001717178401,0.0008920883365,0.0007047437988,0.733389377,-0.0002336094709,0.001225533354,0.001177628397,1,0,0,0
5.730131149,3.710046768,torque,hover,-0.004058542196,-0.008259470575,-1.624859691,0,0,-2,0.001190544106,0.009987227619,0.02063285187,0,0,0,0.3752531709,0.02295379461,0.02510143835,0.0003087085788,-0.003880134784,0.0002733270521,-0.001991415804,0.002241839642,0.0008308609119,0.7331414526,-0.0002399921419,0.0009745020706,0.0003268634505,1,0,0,0
5.74016881,3.720084429,torque,hover,-0.004058121704,-0.00822521653,-1.624530315,0,0,-2,0.001182029955,0.01004467625,0.01971725188,0,0,0,0.375581691,0.02215993541,0.02759979909,0.00142065878,-0.001749104122,-0.0001754427212,-0.001732802924,0.003240149267,0.0008880756368,0.7330285935,-0.0003271334754,0.0008642859588,0.0008244248542,1,0,0,0
5.750123978,3.730039597,torque,hover,-0.004057634156,-0.008189375512,-1.624213338,0,0,-2,0.001170707634,0.01005526353,0.01888379455,0,0,0,0.3758977862,0.02142607237,0.02842969775,0.001707409159,0.001017734525,0.0004108765861,-0.001639221599,0.003535325221,0.0009263377457,0.7329320813,-0.000340283597,0.0005063969386,0.0002545796794,1,0,0,0
5.760138988,3.740054607,torque,hover,-0.004057047423,-0.008151717484,-1.623908281,0,0,-2,0.001166440896,0.01010990422,0.01802813262,0,0,0,0.3762019285,0.02070227798,0.02900085795,0.0001555492927,0.002936632372,-5.041177792e-05,-0.001411332984,0.004039648004,0.0009754827834,0.7328256218,-7.592084165e-05,0.0003277163255,0.0007598420614,1,0,0,0
5.77013135,3.750046968,torque,hover,-0.004056532402,-0.008112264797,-1.623615265,0,0,-2,0.001143653411,0.01015080977,0.01720102876,0,0,0,0.3764940014,0.02000555605,0.02938498648,0.001297796261,0.003697107779,0.0005577878328,-0.001472735856,0.004301640325,0.001021697504,0.7327220475,-0.0002554523575,0.000256112079,0.0001738092015,1,0,0,0
5.780161619,3.760077238,torque,hover,-0.004025984555,-0.008023840375,-1.623054147,0,0,-2,0.00113770226,0.01011047885,0.01556472667,0,0,0,0.3770527375,0.01859507637,0.02677852139,0.0006601039786,0.007949522696,3.189604831e-05,-0.00111743581,0.003706084681,0.001136594358,0.7325104227,-8.625409146e-05,-0.0004453970665,0.0007931636838,1,0,0,0
5.790141344,3.770056963,torque,hover,-0.004011582118,-0.007977940142,-1.62279129,0,0,-2,0.001099342247,0.01008545514,0.01475689653,0,0,0,0.3773143928,0.01790784616,0.02566223199,-0.000459888106,0.008740385063,-0.0007641667034,-0.001221921749,0.003111222944,0.001214168401,0.7324008225,2.762590121e-05,-0.0006829770439,0.001660581387,1,0,0,0
5.800176144,3.780091763,torque,hover,-0.00399749307,-0.007931009866,-1.622539401,0,0,-2,0.001099964371,0.01004920062,0.01398671325,0,0,0,0.3775650734,0.0172575926,0.02398109008,-0.0006254032487,0.009947989136,0.0005919826799,-0.0009801138779,0.002372692336,0.001252155517,0.7322967876,8.92956019e-05,-0.0009955340917,0.0003077121109,1,0,0,0
5.81013608,3.790051699,torque,hover,-0.003968657926,-0.007883657701,-1.622280955,0,0,-2,0.001014854875,0.01004114654,0.01331590489,0,0,0,0.3778221526,0.0167083176,0.02342668938,1.236243224e-05,0.01068074722,0.0006659000064,-0.001358575725,0.001949929429,0.001286215649,0.7322203316,-0.0001024193247,-0.001154266394,0.0002567914588,1,0,0,0
5.820180655,3.800096273,torque,hover,-0.003913777415,-0.007784410845,-1.621795058,0,0,-2,0.001003800309,0.01011918858,0.01194102317,0,0,0,0.3783052903,0.01568418397,0.02214746279,-0.0006410098285,0.009197238833,0.002413963201,-0.0005374435906,0.002195197121,0.00129007124,0.7320477251,0.0001593125928,-0.0007892719118,-0.00151936822,1,0,0,0
5.830138206,3.810053825,torque,hover,-0.00388748385,-0.00773280533,-1.621567845,0,0,-2,0.000967887172,0.0100991074,0.01117255911,0,0,0,0.3785311143,0.01509154906,0.0229423168,-0.0005347623955,0.008386975154,0.0008819147479,-0.0005791665314,0.001546557766,0.001327508988,0.7319351798,0.0001121146874,-0.0008170092143,6.79156664e-05,1,0,0,0
5.840156317,3.820071936,torque,hover,-0.003846363164,-0.007669095881,-1.621327996,0,0,-2,0.0009765888099,0.01008807775,0.01052098721,0,0,0,0.3787691856,0.01460870324,0.02355243574,-0.00065862888,0.007932169363,0.001333478489,-4.547859389e-05,0.001134770211,0.00135123277,0.7318568379,0.0002320064115,-0.0008326644123,-0.0003738548238,1,0,0,0
5.850125551,3.83004117,torque,hover,-0.00376594835,-0.007539170794,-1.620891929,0,0,-2,0.001083013485,0.01007122826,0.009167897515,0,0,0,0.3792017289,0.01366209727,0.0248647552,-0.001157109276,0.005442852154,0.0015516727,0.001734493506,0.001042779086,0.001395858217,0.7316716709,0.0006768661717,-0.0004542743605,-0.00056131653,1,0,0,0
5.860164881,3.8400805,torque,hover,-0.003726413241,-0.00747288717,-1.620695472,0,0,-2,0.001153976074,0.01007770561,0.008474713191,0,0,0,0.3793964356,0.01321788844,0.02513443629,-0.001273878384,0.003697027685,0.001812926377,0.002404979627,0.0009264291765,0.001401768659,0.7315670523,0.0007836332235,-0.0002476034835,-0.0008229720374,1,0,0,0
5.870152712,3.850068331,torque,hover,-0.003650648752,-0.007411476225,-1.620480895,0,0,-2,0.001213827985,0.01005145721,0.007799824234,0,0,0,0.3796090202,0.01278054884,0.0262574059,-0.002489301842,0.001823054859,0.0004486739053,0.003310415539,0.0005750150709,0.00144442029,0.7314736278,0.001088396949,-8.405058905e-05,0.0005974181116,1,0,0,0
5.880179644,3.860095263,torque,hover,-0.003576198593,-0.007349451538,-1.620276332,0,0,-2,0.001249095658,0.009984563105,0.007236574776,0,0,0,0.3798116214,0.01239434366,0.02774822846,-0.001450178097,0.001596353366,0.0004743655736,0.003785524007,1.03101487e-06,0.001487469348,0.7314048843,0.000975308936,-0.0001961831572,0.0006020747733,1,0,0,0
5.8901546,3.870070219,torque,hover,-0.003503322136,-0.007286924869,-1.620081067,0,0,-2,0.001216194942,0.00993783772,0.006655361503,0,0,0,0.380004958,0.01202221217,0.02862264076,-3.468760042e-05,0.0009087066865,0.0004179461102,0.003574211593,-0.0001768972633,0.001530442826,0.7313282346,0.0006641455899,-0.0001431669036,0.0006895911803,1,0,0,0
5.900142193,3.880057812,torque,hover,-0.003328404622,-0.00717168767,-1.619677544,0,0,-2,0.001334780827,0.009878030978,0.005533610936,0,0,0,0.3804046296,0.01140078883,0.03103656168,0.001019288087,-0.0004292551021,0.0003618842165,0.005796317788,-3.11472522e-05,0.001605918266,0.7311899179,0.0009771630193,7.164910985e-05,0.0008024233259,1,0,0,0
5.910133839,3.890049458,torque,hover,-0.003226138884,-0.007118754555,-1.619472384,0,0,-2,0.001462920569,0.009835293517,0.004998406861,0,0,0,0.3806078702,0.01112911525,0.03275764663,0.002281415509,-0.0007469735574,0.000883616216,0.006793543134,-0.0003214941954,0.00164382276,0.7311284849,0.0009535418158,3.891955045e-05,0.0002985120567,1,0,0,0
5.920163155,3.900078773,torque,hover,-0.003125132993,-0.007065129932,-1.619276643,0,0,-2,0.00155819708,0.009769361466,0.004501975141,0,0,0,0.3808017296,0.01086904696,0.03418986405,0.003421840956,-0.00171261793,0.0004209672043,0.007251731827,-0.0006331699777,0.001693242827,0.7310734808,0.0008226569135,9.545620299e-05,0.0008045160565,1,0,0,0
5.930130482,3.910046101,torque,hover,-0.003025462851,-0.007010629866,-1.61909008,0,0,-2,0.001624652999,0.009748158045,0.003981795162,0,0,0,0.3809864424,0.01065461287,0.03476207897,0.004292381927,-0.002415095922,0.0009837023681,0.007394563017,-0.0004010407723,0.00172454676,0.731009143,0.0006664306362,0.0002423068083,0.0002532801443,1,0,0,0
5.940138102,3.92005372,torque,hover,-0.002746992745,-0.006879968103,-1.618655443,0,0,-2,0.001831006492,0.009700244293,0.003011881374,0,0,0,0.3814165059,0.01032079229,0.03692523288,0.006438232958,-0.002426727209,0.0008676525322,0.01023647778,0.000239567946,0.001792940115,0.7309205947,0.0009972554392,0.0003620807612,0.000421874103,1,0,0,0
5.950148821,3.93006444,torque,hover,-0.002611044561,-0.006813585293,-1.618452787,0,0,-2,0.001835040632,0.009686218575,0.002533425111,0,0,0,0.3816169781,0.01017882347,0.03669885758,0.008754259907,-0.003184859641,0.0002435605275,0.00939509562,0.0006446691579,0.001843017367,0.7308726841,0.0003909508681,0.000540302524,0.001091729075,1,0,0,0
5.960153341,3.94006896,torque,hover,-0.002477587899,-0.006746402942,-1.618259311,0,0,-2,0.00189601304,0.009666689672,0.002112724353,0,0,0,0.3818083371,0.01007488754,0.03657229079,0.009106136858,-0.002523028525,0.001374407671,0.009158896672,0.0008948704784,0.001860588785,0.7308360866,0.0002329056892,0.0004810128015,-4.701524893e-05,1,0,0,0
5.970132828,3.950048447,torque,hover,-0.002306046663,-0.006669015158,-1.618040323,0,0,-2,0.001991407946,0.009597532451,0.001732170698,0,0,0,0.382024853,0.009953830925,0.03687428622,0.01101536117,-0.002049262403,0.000832483347,0.009522401029,0.0007282392704,0.001891639246,0.7308189036,1.606482356e-05,0.0003552778877,0.0005276888948,1,0,0,0
5.980146646,3.960062265,torque,hover,-0.001971272053,-0.006513003726,-1.617615581,0,0,-2,0.002171076601,0.009622034617,0.001012728433,0,0,0,0.3824449625,0.009915782503,0.0364380807,0.01388310082,-0.001420666114,0.001136136125,0.01151006637,0.002101411463,0.001938010843,0.7307903425,0.0001281079905,0.0005534044649,0.0002521635655,1,0,0,0
5.990138054,3.970053673,torque,hover,-0.001807354041,-0.006433655974,-1.617416739,0,0,-2,0.002292461228,0.009674268775,0.0006543331547,0,0,0,0.3826416204,0.009963684393,0.03640128241,0.01441262756,-0.0003492450342,0.001635797322,0.01126118124,0.002722968094,0.001955943391,0.7307715065,-6.776905352e-05,0.0005175575788,-0.000243456386,1,0,0,0
6.000143528,3.980059147,torque,hover,-0.001645894838,-0.006353403907,-1.617226958,0,0,-2,0.00235698442,0.009712962434,0.0002537418914,0,0,0,0.3828293042,0.009998069801,0.03618389493,0.01539862994,-0.0003401354188,0.001001250581,0.01046298144,0.003195506895,0.001989340465,0.7307386976,-0.0004327949762,0.0005906065645,0.0004257201903,1,0,0,0
6.010135174,3.990050793,torque,hover,-0.001447277493,-0.006274843588,-1.617013454,0,0,-2,0.002395963529,0.009731555358,-0.000129136577,0,0,0,0.3830406798,0.01002299791,0.03586234323,0.0164384786,0.0009530064417,0.00115664152,0.009884880331,0.003329378286,0.00201729557,0.730718976,-0.0007265570788,0.0004077887367,0.0002886104407,1,0,0,0
6.020143032,4.000058651,torque,hover,-0.001059918664,-0.006115561351,-1.616615415,0,0,-2,0.002540866379,0.009742336348,-0.0009726353455,0,0,0,0.3834348234,0.01011509461,0.03601016246,0.01727129333,0.001467456343,0.000841863919,0.01138087568,0.00383785226,0.002088548273,0.7306493394,-0.000398381739,0.0004353126799,0.0006622914032,1,0,0,0
6.030135155,4.010050774,torque,hover,-0.0008708565147,-0.006035259925,-1.616415858,0,0,-2,0.00259524351,0.009709631093,-0.001404367038,0,0,0,0.3836326062,0.01014812651,0.03569104172,0.01639014296,0.003076406894,0.001584007172,0.01032363907,0.003329244571,0.002102993517,0.7306121874,-0.0005665239917,6.859076476e-05,-8.050085894e-05,1,0,0,0
6.040148497,4.020064116,torque,hover,-0.0006595274899,-0.005944539327,-1.616188645,0,0,-2,0.002632175805,0.009716903791,-0.001695069484,0,0,0,0.3838579535,0.01020881136,0.03560289292,0.01644059457,0.005147706252,0.001460816129,0.009571685097,0.00324083909,0.002119683271,0.7306208217,-0.0007681461937,-0.0002407909289,5.905069284e-05,1,0,0,0
6.050137758,4.030053377,torque,hover,-0.000247707736,-0.005763214547,-1.615762353,0,0,-2,0.002729250584,0.009607276879,-0.002318211831,0,0,0,0.3842809459,0.01025293538,0.03659235627,0.01666810922,0.005366378929,0.0009807077004,0.01068570327,0.002490959491,0.002208891811,0.7306173165,-0.0004524969685,-0.0003964305831,0.0006168905329,1,0,0,0
6.060155153,4.040070772,torque,hover,-4.707058179e-05,-0.005672534928,-1.615563035,0,0,-2,0.00273309811,0.009563988075,-0.00260551041,0,0,0,0.384478816,0.01028243053,0.03692104481,0.01473925542,0.006956167985,0.002151900204,0.009277162123,0.001960590312,0.002213989964,0.7306167076,-0.000555839403,-0.0007195172777,-0.0005709503594,1,0,0,0
6.070127726,4.050043344,torque,hover,0.0001618945826,-0.005561743397,-1.615338087,0,0,-2,0.002789617283,0.009587352164,-0.002911209362,0,0,0,0.3847021529,0.01040069354,0.03718832898,0.01469977479,0.007190421689,0.002339130268,0.008765517759,0.002192449722,0.002212768096,0.7306207418,-0.0006863720768,-0.0006673029887,-0.0007636937165,1,0,0,0
6.080145836,4.060061455,torque,hover,0.0003674603649,-0.0054507358,-1.615122676,0,0,-2,0.002834466053,0.009610597976,-0.003229851602,0,0,0,0.384916095,0.01052757012,0.03764692872,0.01492488477,0.006425890606,0.002200721065,0.008183811302,0.002382808849,0.002212310041,0.730618042,-0.0008562018918,-0.0004984104791,-0.0006254390712,1,0,0,0
6.090128183,4.070043802,torque,hover,0.0005692723789,-0.005339614581,-1.614916921,0,0,-2,0.002820392838,0.009664123878,-0.003529394744,0,0,0,0.3851205182,0.0106680145,0.03869079373,0.01509136986,0.00652169995,0.001705484814,0.007182513088,0.00280653932,0.002223279849,0.7306166829,-0.001099895265,-0.0004045621043,-0.0001155785955,1,0,0,0
6.10014081,4.080056429,torque,hover,0.0009620718774,-0.005090677179,-1.61452353,0,0,-2,0.00281900703,0.009632115252,-0.004258443136,0,0,0,0.3855112832,0.01090223751,0.04095108834,0.01450254582,0.00371073815,0.001960911322,0.007746596954,0.003496309134,0.002233348947,0.7305744441,-0.0007714077026,0.0001667149068,-0.0003702997737,1,0,0,0
6.110117912,4.090033531,torque,hover,0.001152736833,-0.0049529518,-1.614323974,0,0,-2,0.00279147015,0.009710773826,-0.004594118334,0,0,0,0.3857095511,0.01109943049,0.04186748281,0.01366530452,0.002080061939,0.002610620111,0.0065116832,0.004384482136,0.002219224605,0.7305616934,-0.0009483756623,0.0005554590131,-0.001047000906,1,0,0,0
6.120138884,4.100054502,torque,hover,0.001339507289,-0.004815636203,-1.614133954,0,0,-2,0.002694630995,0.009699189104,-0.004913095385,0,0,0,0.3858984193,0.01120150935,0.04419161025,0.01384932268,0.002231437014,0.001326364465,0.004791764879,0.00441646034,0.002239686034,0.7305496845,-0.00135190018,0.0004853300813,0.0002738606692,1,0,0,0
6.130119085,4.110034704,torque,hover,0.00152210868,-0.00467919372,-1.613953114,0,0,-2,0.002600907581,0.009672879241,-0.005211276002,0,0,0,0.3860782436,0.01129100131,0.04625111879,0.01275917143,0.000423557969,0.002000256209,0.003420261905,0.00445224241,0.00224000631,0.7305396213,-0.001470706881,0.0006912615746,-0.0004139081621,1,0,0,0
6.1401577,4.120073318,torque,hover,0.001874848618,-0.004353741184,-1.613553643,0,0,-2,0.00241696788,0.009648269974,-0.005681909621,0,0,0,0.3864754284,0.01145490917,0.05149364609,0.01099030115,0.0009709530859,0.0003377494577,0.002934675268,0.0063976637,0.00230950928,0.7305650781,-0.001203507065,0.001009309406,0.001328606693,1,0,0,0
6.15013361,4.130049229,torque,hover,0.002045331756,-0.004192890134,-1.613352418,0,0,-2,0.002312582685,0.009639435448,-0.005943588912,0,0,0,0.3866757251,0.01155824397,0.05429058442,0.01094590034,0.001866834471,6.997997843e-05,0.001671227331,0.006500578006,0.002355967036,0.7305716587,-0.001447677574,0.0008324072562,0.001635271598,1,0,0,0
6.160147429,4.140063047,torque,hover,0.002211803803,-0.004033355974,-1.613160372,0,0,-2,0.002223812975,0.009608567692,-0.006156499498,0,0,0,0.3868669771,0.01162636673,0.05593513895,0.008980627172,0.00304525299,0.001070626429,0.0008119472271,0.006359091107,0.002373428823,0.7305872882,-0.001320339731,0.0005765783492,0.0006314688376,1,0,0,0
6.170129299,4.150044918,torque,hover,0.002371953102,-0.003861509264,-1.612957358,0,0,-2,0.002167680999,0.009608441032,-0.006423092447,0,0,0,0.3870691719,0.01175912822,0.05677060717,0.007938297465,0.005085063633,0.001454710262,0.0004228610003,0.006542259813,0.002378699636,0.7305933068,-0.001212976273,0.0002975688343,0.000246258406,1,0,0,0
6.180123806,4.160039425,torque,hover,0.00268137129,-0.003522098297,-1.612580657,0,0,-2,0.001911226893,0.009576707147,-0.007080280688,0,0,0,0.3874446312,0.01206219228,0.05819092384,0.004597429652,0.006870215759,0.00231774617,1.277522249e-06,0.007798377999,0.002378820919,0.7305632393,-0.0007701350291,0.0003491253771,-0.0006315720381,1,0,0,0
6.190114021,4.17002964,torque,hover,0.00283007999,-0.003354702378,-1.612406611,0,0,-2,0.001733337063,0.009546343237,-0.007357229944,0,0,0,0.3876182377,0.012176451,0.05832881951,0.003346247133,0.008177767508,0.002479061019,-0.00119523581,0.007296110465,0.002349732099,0.730556105,-0.0008476242878,9.257367018e-06,-0.0008169572776,1,0,0,0
6.200141907,4.180057526,torque,hover,0.002991101239,-0.003186955117,-1.612229228,0,0,-2,0.001572810463,0.009556982666,-0.007670280989,0,0,0,0.3877954035,0.01235487195,0.05779635008,0.001667973236,0.009450983256,0.001559857978,-0.001715713607,0.007135389039,0.002345615959,0.7305410604,-0.000699306097,-0.0002234793561,0.0001170652455,1,0,0,0
6.210127592,4.190043211,torque,hover,0.003147953423,-0.003020506585,-1.612061143,0,0,-2,0.001444241498,0.009544078261,-0.007932566106,0,0,0,0.3879633873,0.01249403331,0.05625339605,0.0002298441686,0.01033186167,0.001966928132,-0.001806758098,0.006706826941,0.002329101775,0.7305355329,-0.0004900231959,-0.0004506073655,-0.0003076996692,1,0,0,0
6.220145941,4.20006156,torque,hover,0.003449437441,-0.002692694776,-1.611765385,0,0,-2,0.001177379861,0.009403378703,-0.00848368369,0,0,0,0.3882592765,0.01271938062,0.05261302772,-0.00176046032,0.0108949421,0.001542476472,-0.001220849994,0.00632013599,0.002299907171,0.7305030761,-7.160905327e-05,-0.0005457362118,0.0001058584665,1,0,0,0
6.230117798,4.210033417,torque,hover,0.00360081112,-0.002528200159,-1.611621141,0,0,-2,0.001016643015,0.009361831471,-0.008721534163,0,0,0,0.3884037788,0.01283520976,0.05044576976,-0.003854233772,0.009449283592,0.001911741565,-0.001405675389,0.005694765957,0.002279070801,0.7304950973,0.0001706435968,-0.0004890614525,-0.0002853381882,1,0,0,0
6.240143299,4.220058918,torque,hover,0.003747893497,-0.002365350956,-1.611485481,0,0,-2,0.0008631216479,0.009296597913,-0.009018232115,0,0,0,0.3885397957,0.01298076354,0.04846696815,-0.004452996887,0.0101853041,0.001202500891,-0.001438085219,0.004908908763,0.00227644698,0.7304690816,0.0002391484506,-0.0007614774558,0.0004349012107,1,0,0,0
6.250128269,4.230043888,torque,hover,0.003890776774,-0.002204349265,-1.611358285,0,0,-2,0.0006868244964,0.009204805829,-0.009323025122,0,0,0,0.3886674414,0.01311941217,0.04665225419,-0.005915423855,0.01000528596,0.001079832902,-0.001552057071,0.004038806816,0.002275650785,0.7304379288,0.0004053519132,-0.0009104397092,0.0005585423068,1,0,0,0
6.260136127,4.240051746,torque,hover,0.004164562561,-0.001887230552,-1.611129045,0,0,-2,0.0004803162301,0.009183079936,-0.009936269373,0,0,0,0.388897833,0.01353843085,0.04204174355,-0.006033645477,0.009678266011,0.0007313086535,0.000232663309,0.004879441029,0.002256754849,0.7303656824,0.0007710766464,-0.000572153217,0.0009037356708,1,0,0,0
6.270139933,4.250055552,torque,hover,0.004291243386,-0.001734109828,-1.611025929,0,0,-2,0.0003400949354,0.009116184898,-0.01024961006,0,0,0,0.389001606,0.01372133368,0.0403918297,-0.005162479822,0.0083908448,0.00264247274,0.0001726022779,0.004029780012,0.002206249395,0.730323642,0.0006056014963,-0.0005898807833,-0.00108171686,1,0,0,0
6.280153751,4.26006937,torque,hover,0.004414205439,-0.00158269552,-1.61093092,0,0,-2,0.0002324632369,0.009036673233,-0.0105895251,0,0,0,0.3890973393,0.01392312983,0.03934752625,-0.006402756087,0.008228939027,0.001152410638,0.0005077646032,0.003197057035,0.002195270718,0.7302719304,0.0008282529378,-0.0007469844322,0.000427971961,1,0,0,0
6.290128946,4.270044565,torque,hover,0.004649602342,-0.001284980797,-1.6107651,0,0,-2,-2.709041291e-05,0.008847740479,-0.01124387048,0,0,0,0.3892647913,0.01430761577,0.03865342319,-0.005556709599,0.006391736679,0.0003685845004,0.001128192151,0.002937214184,0.002188063606,0.7301661646,0.0007878271121,-0.0004954266214,0.001219774241,1,0,0,0
6.300148726,4.280064344,torque,hover,0.004767498933,-0.001140230917,-1.610688686,0,0,-2,-0.0001004083169,0.008741166443,-0.01147523336,0,0,0,0.3893421735,0.01442563875,0.03851273296,-0.004365768284,0.00496682059,0.001058577211,0.001618915075,0.002093011291,0.002175726815,0.7301352293,0.0007131052428,-0.000484400014,0.0005077636527,1,0,0,0
6.310123205,4.290038824,torque,hover,0.004881942645,-0.0009973441483,-1.610619783,0,0,-2,-0.0002397229255,0.008646160364,-0.01183076203,0,0,0,0.3894120968,0.01465539103,0.03790132699,-0.004322343506,0.00240157824,0.001527205342,0.001504908803,0.001713638813,0.002147285168,0.7300700761,0.0006576882495,-0.00020466622,7.509377985e-06,1,0,0,0
6.320141554,4.300057173,torque,hover,0.004992703442,-0.0008559299749,-1.610558391,0,0,-2,-0.0003863338497,0.008589254692,-0.01209185924,0,0,0,0.3894745522,0.01483703508,0.03682663184,-0.002241988899,0.001241493621,0.001857695985,0.001301435425,0.001814184806,0.002108387351,0.7300261591,0.000313893555,-1.475483256e-05,-0.0003595197357,1,0,0,0
6.3301301,4.310045719,torque,hover,0.005099774338,-0.0007160911919,-1.61050427,0,0,-2,-0.0005049630417,0.008486756124,-0.01240240224,0,0,0,0.3895297736,0.01503660861,0.03616685293,-0.001592095825,-0.0004937846679,0.0008319154149,0.001304894136,0.001610947722,0.002092911741,0.7299670597,0.0002292028502,0.0001746509525,0.0006731625421,1,0,0,0
6.340247869,4.320163488,torque,hover,0.005317473318,-0.0004361140309,-1.610408306,0,0,-2,-0.0007812152035,0.00827040989,-0.01295221969,0,0,0,0.3896282249,0.01538733154,0.03392585362,0.0002608263749,-0.001626900281,0.001709431992,0.001200362085,0.00215747006,0.002007449884,0.7298624698,-4.658355633e-05,0.0004409213916,-0.0002834761294,1,0,0,0
6.350122213,4.330037832,torque,hover,0.005420775153,-0.0002988360357,-1.610370874,0,0,-2,-0.0008963906439,0.008167498745,-0.0132608749,0,0,0,0.389666947,0.01560007548,0.03287932967,0.0006089440431,-0.003276642645,0.00132381171,0.001147246684,0.00214989527,0.001974474627,0.7297978032,-8.640477706e-05,0.000644180192,8.528703153e-05,1,0,0,0
6.360141516,4.340057135,torque,hover,0.005520662293,-0.0001635224035,-1.610340118,0,0,-2,-0.001011226326,0.00803051237,-0.01352900174,0,0,0,0.389699022,0.01576532891,0.03184711152,0.0008030133904,-0.003113478655,0.001757629216,0.001031424017,0.001904658076,0.001927812489,0.7297409772,-0.0001193325254,0.0005424828021,-0.0003902978361,1,0,0,0
6.370141506,4.350057125,torque,hover,0.005620432552,-3.878042844e-05,-1.610324979,0,0,-2,-0.001159313368,0.007931404747,-0.01379115414,0,0,0,0.3897155538,0.01595139872,0.03088472327,0.001300835167,-0.004071756266,0.001668936806,0.000653480306,0.002073823699,0.0018827492,0.729680009,-0.0002524340328,0.0006982747999,-0.0003334255923,1,0,0,0
6.38018918,4.360104799,torque,hover,0.005809456576,0.0002055145451,-1.610312819,0,0,-2,-0.001372598112,0.007675913628,-0.01430035569,0,0,0,0.389730536,0.01628815055,0.02948247457,0.001063617994,-0.001738425461,0.001413908787,0.0007083775183,0.002239395722,0.00179120898,0.7295553304,-0.0001759386024,0.0003802546779,-0.0001391365773,1,0,0,0
6.390130758,4.370046377,torque,hover,0.005898666568,0.0003255219199,-1.610324979,0,0,-2,-0.001525993575,0.007623831742,-0.0144713996,0,0,0,0.3897197998,0.01642780792,0.02913104406,0.003230536357,-0.001953869592,0.001361306175,0.0001430324822,0.002753620537,0.001751046221,0.729507583,-0.0005773738669,0.0005254225816,-0.0001161654839,1,0,0,0
6.400170565,4.380086184,torque,hover,0.005990582053,0.0004505919933,-1.610353708,0,0,-2,-0.001617563306,0.007529621478,-0.01460502949,0,0,0,0.3896926004,0.01651116583,0.02877902101,0.003223492065,0.0001997509535,0.001147461007,0.0001779584881,0.002731507411,0.001716734864,0.7294633257,-0.0005281384134,0.0002154375733,7.787874862e-05,1,0,0,0
6.410130262,4.390045881,torque,hover,0.006078843027,0.0005741107743,-1.610386848,0,0,-2,-0.001793487114,0.007454155013,-0.01477634814,0,0,0,0.3896609934,0.01664696631,0.02786751033,0.002728475258,0.001914667198,0.002589674201,-0.000535094433,0.002873664093,0.001640321368,0.7294078949,-0.0005903292646,1.70235229e-05,-0.001447754252,1,0,0,0
6.420138121,4.40005374,torque,hover,0.006243178155,0.0008168748464,-1.610466719,0,0,-2,-0.002151801251,0.007283993065,-0.01513383351,0,0,0,0.3895841653,0.01693280013,0.02734530319,0.002494744724,0.002417279407,0.001848476008,-0.001967902854,0.003423802844,0.001535019471,0.7292883278,-0.0008259682872,9.234056481e-05,-0.0007731397987,1,0,0,0
6.430126905,4.410042524,torque,hover,0.006314010825,0.0009343376732,-1.610533118,0,0,-2,-0.002343802247,0.007182516158,-0.01531243324,0,0,0,0.3895191801,0.01707491022,0.02730010577,0.002714383649,0.003560726065,0.001737899031,-0.002696996856,0.003084335746,0.001480217086,0.7292189774,-0.0009639544329,-0.0001432676722,-0.0007014718793,1,0,0,0
6.440130711,4.420046329,torque,hover,0.006381050684,0.001050414867,-1.610603213,0,0,-2,-0.002489496488,0.007114859764,-0.01547674555,0,0,0,0.3894504829,0.01721477491,0.02766637829,0.002387749963,0.004399445374,0.0005598420394,-0.002933646356,0.002996444244,0.001458767496,0.7291519375,-0.0009089647604,-0.0002665074218,0.0004833474629,1,0,0,0
6.450125456,4.430041075,torque,hover,0.006444671191,0.001165242866,-1.610677123,0,0,-2,-0.002648999449,0.007047088817,-0.01566120051,0,0,0,0.3893779579,0.01737676208,0.02802398053,0.002575987484,0.004444868769,0.001440515043,-0.003335414004,0.002911422367,0.001411893405,0.7290784014,-0.0009684750958,-0.000276708203,-0.0004474457694,1,0,0,0
6.460144043,4.440059662,torque,hover,0.006564692594,0.001383742201,-1.61088109,0,0,-2,-0.003029912245,0.006886164192,-0.01600529999,0,0,0,0.3891767412,0.01768528352,0.02889950413,-0.0001897986658,0.005454883445,0.000215593609,-0.00480532188,0.002937113386,0.0013524582,0.7289172498,-0.0008690355725,-0.0003608812811,0.0007521180882,1,0,0,0
6.470144749,4.450060368,torque,hover,0.006620625965,0.001487649512,-1.610995054,0,0,-2,-0.003226865083,0.006782484706,-0.01614667103,0,0,0,0.3890641253,0.01780813697,0.02937312603,-0.00141231122,0.00445859367,0.0006319216336,-0.005134820899,0.002389638894,0.00133009877,0.7288400985,-0.0007160031237,-0.0003389139247,0.0003130660068,1,0,0,0
6.480141401,4.46005702,torque,hover,0.006672824733,0.001589866006,-1.61111176,0,0,-2,-0.003400224261,0.006627156865,-0.01634210348,0,0,0,0.3889487336,0.01795954006,0.02966626341,-0.001753774006,0.004113151226,0.0007667438476,-0.005289926285,0.001488371257,0.001303706603,0.7287482292,-0.000652217026,-0.000482521192,0.0001579247827,1,0,0,0
6.490134239,4.470049858,torque,hover,0.006721541751,0.00169037655,-1.611231446,0,0,-2,-0.003553580726,0.006461039186,-0.01653964445,0,0,0,0.3888303292,0.01810891498,0.02938141499,-0.003408662975,0.002765617799,0.0008569377824,-0.00522226917,0.0007029497898,0.001274961907,0.7286547483,-0.0003670620409,-0.0004496731121,4.734306213e-05,1,0,0,0
6.500160694,4.480076313,torque,hover,0.006811184809,0.001853540074,-1.611492395,0,0,-2,-0.003997925669,0.006147798151,-0.01679761708,0,0,0,0.3885717266,0.01832863255,0.03132836642,-0.003449902171,0.003035780042,0.0003058231669,-0.007104334761,-0.0004833747391,0.00123660863,0.728494675,-0.0007763660281,-0.0007042290063,0.0005733052124,1,0,0,0
6.510141134,4.490056753,torque,hover,0.006850379985,0.001933016814,-1.611631513,0,0,-2,-0.004140662029,0.005956567824,-0.01690068096,0,0,0,0.3884337089,0.01839181337,0.03159778883,-0.003932326101,0.002659250749,0.0004200432159,-0.006692646856,-0.001373070421,0.00122129328,0.7284180879,-0.0005523841242,-0.0008062696894,0.0004497140279,1,0,0,0
6.520162821,4.50007844,torque,hover,0.006886329502,0.002010964788,-1.611772418,0,0,-2,-0.004302080721,0.005790353287,-0.0170537699,0,0,0,0.388293859,0.01851667242,0.03092511097,-0.00579015119,0.00108653272,0.001710582292,-0.006443680272,-0.001807170148,0.001168783269,0.7283281787,-0.0002003862284,-0.0006332494382,-0.0009001032294,1,0,0,0
6.530147552,4.510063171,torque,hover,0.006919072475,0.002087573754,-1.611915231,0,0,-2,-0.004445020109,0.005654275883,-0.01713725924,0,0,0,0.3881520574,0.01858533545,0.02980897679,-0.006104664877,0.000118463402,0.00150591624,-0.006075449412,-0.001892892739,0.001122299167,0.7282552454,-5.166962079e-05,-0.0004717846599,-0.0007231900627,1,0,0,0
6.54014492,4.520060539,torque,hover,0.006949336734,0.002155818278,-1.612061739,0,0,-2,-0.004600559361,0.005537364632,-0.01719599776,0,0,0,0.3880064886,0.01864215364,0.02891910995,-0.006260982249,-0.0002635796554,0.00084093638,-0.005881644956,-0.001862056606,0.001096418418,0.7281872498,2.364414739e-05,-0.0003743983864,-6.383676737e-05,1,0,0,0
6.550137043,4.530052662,torque,hover,0.007000048645,0.002289004158,-1.612358451,0,0,-2,-0.00490074046,0.005213815253,-0.01730035245,0,0,0,0.3877115046,0.01872173394,0.02615247776,-0.00762111228,-0.003947588615,0.001097080181,-0.006381691464,-0.002481769847,0.001021777038,0.7280532143,5.588163789e-05,2.34492099e-06,-0.0003808025805,1,0,0,0
6.560153008,4.540068626,torque,hover,0.007020791061,0.002353509422,-1.612508655,0,0,-2,-0.005035548471,0.005033681635,-0.0173267629,0,0,0,0.3875620896,0.0187326296,0.02483972399,-0.006249256898,-0.005639470648,0.0007249888149,-0.005992994622,-0.00256462342,0.001001184275,0.7279920553,-2.700842804e-05,0.0002336498756,-1.378534607e-05,1,0,0,0
6.570139408,4.550055027,torque,hover,0.007047867868,0.002399073215,-1.612665534,0,0,-2,-0.005205402151,0.00492515089,-0.01733972505,0,0,0,0.3874060099,0.01876217971,0.02250622944,-0.008530688472,-0.007089965045,0.001380432397,-0.005734801884,-0.002078369145,0.0009614361571,0.7279319074,0.0003520961562,0.0005522850396,-0.0007089557271,1,0,0,0
6.580153942,4.560069561,torque,hover,0.007091675885,0.002488130936,-1.613003612,0,0,-2,-0.005530430004,0.004597207997,-0.01744743809,0,0,0,0.3870693573,0.01887148837,0.01900386163,-0.008674378507,-0.008437295444,0.001449156436,-0.006308951501,-0.002344567209,0.0008927264949,0.727782016,0.0001827906922,0.0006115724648,-0.0008313405093,1,0,0,0
6.590128899,4.570044518,torque,hover,0.007108768914,0.002531194361,-1.613173604,0,0,-2,-0.005668490194,0.004471366294,-0.01744028367,0,0,0,0.3868999899,0.01887560309,0.01758298463,-0.008618406951,-0.009361308999,0.001399452216,-0.005680432053,-0.001743537251,0.0008543466555,0.7277222114,0.0003326972298,0.0008765655345,-0.0008057291063,1,0,0,0
6.600132465,4.580048084,torque,hover,0.007135456894,0.00256387936,-1.613355637,0,0,-2,-0.005850170739,0.004306496121,-0.01747411676,0,0,0,0.3867186988,0.01892393096,0.01663718806,-0.008705549873,-0.008593218401,0.002039694926,-0.005455201836,-0.001640705921,0.0007972425781,0.727647626,0.0003959472373,0.0007814687182,-0.001499011193,1,0,0,0
6.610131741,4.590047359,torque,hover,0.007158682682,0.002595723374,-1.613537669,0,0,-2,-0.005996932741,0.004148819484,-0.0174586568,0,0,0,0.3865373432,0.01892037533,0.01617109628,-0.008110712282,-0.008032791317,0.001490680384,-0.005012456861,-0.001501915858,0.0007572951488,0.7275855469,0.0004117922563,0.0007281119454,-0.0009680534091,1,0,0,0
6.620146751,4.60006237,torque,hover,0.007195452228,0.002657609293,-1.613902092,0,0,-2,-0.006257384084,0.00388260209,-0.01741952635,0,0,0,0.3861740955,0.01891214829,0.01701268861,-0.007464508992,-0.00677669188,0.000813547289,-0.005155529596,-0.001485498462,0.0007111286046,0.7274633607,0.0002383863599,0.0005055802495,-0.0003140146795,1,0,0,0
6.630128622,4.610044241,torque,hover,0.007217295468,0.002674219664,-1.614118099,0,0,-2,-0.00632115826,0.003763013054,-0.01733795367,0,0,0,0.3859586534,0.01883406346,0.01757293767,-0.006944453344,-0.006224953569,0.0002395562624,-0.004011129003,-0.001210771742,0.0007070140173,0.7274057581,0.0004353642459,0.0005038146287,0.0002701868491,1,0,0,0
6.640154362,4.620069981,torque,hover,0.007236312609,0.002690606751,-1.614332795,0,0,-2,-0.006407024339,0.003660420189,-0.01728838682,0,0,0,0.3857444705,0.01879725926,0.01801532992,-0.005756974686,-0.004448881838,0.0005937515525,-0.003347776097,-0.0008953118141,0.0006933932765,0.7273405185,0.0004112485705,0.0003416223894,-9.930090905e-05,1,0,0,0
6.650135994,4.630051613,torque,hover,0.007252379321,0.002706931205,-1.614546061,0,0,-2,-0.00653740624,0.003562821308,-0.01719515771,0,0,0,0.385531664,0.01873779135,0.0186790116,-0.006283284631,-0.004021366127,0.0001001396886,-0.003182812949,-0.0005747021888,0.0006929056281,0.7272868633,0.0005010273501,0.00036632449,0.0004027393808,1,0,0,0
6.66014266,4.640058279,torque,hover,0.007281933445,0.002713555237,-1.614970922,0,0,-2,-0.006756092422,0.003327816492,-0.01700886525,0,0,0,0.3851074921,0.01860163016,0.01760624683,-0.006455823779,-0.000956642034,0.0003295079805,-0.003462809897,-0.001537614706,0.0006860234954,0.7271801072,0.0004054481556,-0.0002818029861,0.0001602492268,1,0,0,0
6.670138836,4.650054455,torque,hover,0.007295486983,0.002703857142,-1.615181923,0,0,-2,-0.006847491022,0.003213278716,-0.01684352756,0,0,0,0.3848967231,0.01846395716,0.01680136824,-0.005446685944,-0.0005016911309,-0.0003217488993,-0.002962790073,-0.00173185867,0.0007010049032,0.7271455523,0.0003748935129,-0.0003452454639,0.000835748984,1,0,0,0
6.680150509,4.660066128,torque,hover,0.007306291722,0.002694768133,-1.615391254,0,0,-2,-0.006930440199,0.003147377633,-0.01676253416,0,0,0,0.3846875756,0.01840976748,0.01598120724,-0.005513233133,0.001438616775,0.0002070513583,-0.002464369113,-0.001620369326,0.0007012076984,0.7270902336,0.0004860579906,-0.000541047608,0.000297942217,1,0,0,0
6.690122843,4.670038462,torque,hover,0.00731469458,0.002685747342,-1.615599155,0,0,-2,-0.006962914485,0.00297786342,-0.01669332013,0,0,0,0.3844798139,0.01833076064,0.01459589336,-0.003964459524,0.000943205494,0.0004153314803,-0.001830616336,-0.002484427715,0.000695941198,0.7270324198,0.0004011266634,-0.0006279669468,8.393324308e-05,1,0,0,0
6.700132847,4.680048466,torque,hover,0.00731678633,0.002613234334,-1.616010666,0,0,-2,-0.007150127552,0.002684365725,-0.01634789072,0,0,0,0.3840679277,0.01804393733,0.01267260399,-0.002552608959,0.001241576159,0.0002733772271,-0.002727378358,-0.004903017316,0.0006864599686,0.7269708122,-4.097330137e-05,-0.001159997152,0.0002180533029,1,0,0,0
6.710130453,4.690046072,torque,hover,0.007314188406,0.002577629406,-1.616212964,0,0,-2,-0.007196982857,0.002524874639,-0.01614004001,0,0,0,0.3838653807,0.01785139898,0.01306612441,-0.002183898352,0.001213606331,0.0004061846412,-0.002369167052,-0.005444407036,0.0006795706592,0.7269501695,2.902533855e-06,-0.001188115652,7.950720046e-05,1,0,0,0
6.720150709,4.700066328,torque,hover,0.007309405133,0.002542467089,-1.616412997,0,0,-2,-0.00728915818,0.002396401251,-0.0159733966,0,0,0,0.3836650626,0.01772072134,0.0134134406,-0.001614282723,0.0003784630971,0.0009605404921,-0.00251485444,-0.005603304964,0.0006565076594,0.726919905,-0.0001024779911,-0.001023285599,-0.0005009660053,1,0,0,0
6.730138302,4.710053921,torque,hover,0.007294958457,0.002483068965,-1.616610289,0,0,-2,-0.007375291083,0.002230391139,-0.01582937874,0,0,0,0.383467147,0.01760507866,0.01487526954,-0.0005079053226,-0.0003848341876,0.0004213415959,-0.002833965258,-0.006335543891,0.000648917225,0.7268848768,-0.0003150899398,-0.001015022162,4.325758344e-05,1,0,0,0
6.740155697,4.720071316,torque,hover,0.007260116749,0.002366213826,-1.616998792,0,0,-2,-0.007562729064,0.001882334123,-0.01549850963,0,0,0,0.383077321,0.01734767574,0.0184804464,0.0005506885936,-0.002523659496,0.0006251183222,-0.004461600846,-0.008785530292,0.0006256344213,0.726827884,-0.000810409628,-0.001225665821,-0.0001823470155,1,0,0,0
6.750135422,4.730051041,torque,hover,0.007239498664,0.002308675321,-1.617187023,0,0,-2,-0.007630335633,0.001715527847,-0.01530809328,0,0,0,0.3828883852,0.01719019423,0.01968385785,0.000436632341,-0.005795148201,-6.193817535e-05,-0.004449603519,-0.008683083691,0.0006365819701,0.7268079141,-0.0007368098142,-0.0006579847812,0.0005283487891,1,0,0,0
6.760149002,4.740064621,torque,hover,0.00721762469,0.002225432778,-1.617377043,0,0,-2,-0.007700637914,0.001488280715,-0.01509890426,0,0,0,0.3826974968,0.01701445602,0.0218176714,0.0002101558784,-0.006839730311,9.825253801e-05,-0.004607386084,-0.009350361098,0.0006425964495,0.726792034,-0.0006968823295,-0.0006040141501,0.0003709068865,1,0,0,0
6.770148516,4.750064135,torque,hover,0.007193841506,0.00214338419,-1.617564559,0,0,-2,-0.007762586232,0.001404398354,-0.01485346071,0,0,0,0.3825091005,0.01681830476,0.02169080002,0.0008206561906,-0.008365402929,0.0006164562074,-0.004651869047,-0.008608702864,0.0006337900457,0.7267862994,-0.0007500207825,-0.0001647293576,-0.0001611683469,1,0,0,0
6.780204535,4.760120153,torque,hover,0.007140821777,0.001983376686,-1.617931724,0,0,-2,-0.007929305546,0.001144553535,-0.0143286204,0,0,0,0.3821401483,0.01641624962,0.01979439452,-0.001344383461,-0.01387611218,0.001236827462,-0.006058719404,-0.00925432771,0.0005780212126,0.7267862827,-0.0007394266975,0.0003942846061,-0.0008325793393,1,0,0,0
6.790144682,4.770060301,torque,hover,0.007111230399,0.00190532126,-1.618111134,0,0,-2,-0.008085257374,0.001051048981,-0.01404550578,0,0,0,0.3819598227,0.0162404533,0.01934471226,-0.001996650826,-0.01459196117,0.0005951882922,-0.006633114133,-0.007969033881,0.0005693599607,0.7267930398,-0.0007352711317,0.0008069453189,-0.0001851835419,1,0,0,0
6.800187588,4.780103207,torque,hover,0.007090824656,0.001797156292,-1.618294597,0,0,-2,-0.008163053542,0.0009544345085,-0.0137985209,0,0,0,0.3817754896,0.0160606839,0.01898884799,-0.002161546377,-0.0156270247,0.0001389210229,-0.006393956883,-0.007237356347,0.0005737876391,0.7267891679,-0.000611212449,0.001103714324,0.0002838209845,1,0,0,0
6.810149193,4.790064812,torque,hover,0.007068480831,0.001690725214,-1.618475556,0,0,-2,-0.008262434043,0.0007715260144,-0.01358413603,0,0,0,0.3815936622,0.01591828573,0.01945511168,-0.003242318518,-0.01614501886,6.339732499e-05,-0.006470412333,-0.007256570826,0.0005773851647,0.7267779235,-0.0004487887712,0.001140925658,0.0003633017682,1,0,0,0
6.820173979,4.800089598,torque,hover,0.007044060156,0.001585663063,-1.618664145,0,0,-2,-0.008307999931,0.0006396154058,-0.01336684544,0,0,0,0.3814042043,0.01575133415,0.01910756164,-0.004218951333,-0.01520299539,0.0005139059504,-0.006019029049,-0.006831205459,0.0005731119867,0.7267646696,-0.000190281048,0.001085011831,-9.975436849e-05,1,0,0,0
6.830157518,4.810073137,torque,hover,0.007010219153,0.001358826528,-1.619045496,0,0,-2,-0.008446916007,0.0004163950216,-0.01283391472,0,0,0,0.3810214216,0.01536987774,0.01951862884,-0.006093670148,-0.01523106173,0.0002200185263,-0.006390505361,-0.00747661359,0.0005803349405,0.7267615966,-4.871675054e-05,0.0008102410875,0.0002036018075,1,0,0,0
6.840160847,4.820076466,torque,hover,0.007000317331,0.001237745746,-1.6192379,0,0,-2,-0.008454700932,0.0003656178887,-0.01257489808,0,0,0,0.3808284567,0.01515729877,0.01919762541,-0.006310957018,-0.01349880826,0.0009581150953,-0.005260011745,-0.006329572189,0.0005615297689,0.7267575584,0.000245285432,0.0008495962037,-0.0005633914888,1,0,0,0
6.85014677,4.830062389,torque,hover,0.006988738198,0.001119228778,-1.619426847,0,0,-2,-0.008465851657,0.0003026268678,-0.01230053045,0,0,0,0.3806389632,0.01493536999,0.01876481714,-0.007776306476,-0.01170090958,0.0001906246034,-0.004317536049,-0.005553940882,0.0005634514319,0.726758667,0.0006406027415,0.0007799524531,0.0002169649345,1,0,0,0
6.860160589,4.840076208,torque,hover,0.006979236845,0.0008816241752,-1.619816184,0,0,-2,-0.008544084616,0.0002068947069,-0.01185579877,0,0,0,0.3802488934,0.01461520277,0.01839081051,-0.009116955101,-0.009724872187,0.0007131465827,-0.003647331827,-0.00597893308,0.0005599809036,0.7267303747,0.0008745152699,0.0003471976747,-0.000320521783,1,0,0,0
6.870157719,4.850073338,torque,hover,0.006980768871,0.0007622510893,-1.620021582,0,0,-2,-0.008624118753,8.576858818e-05,-0.01161498018,0,0,0,0.3800433009,0.01446687751,0.01732047087,-0.00866183918,-0.007508449256,0.0006154999137,-0.003275514258,-0.005836329373,0.0005492874232,0.7267170232,0.0008522443676,0.0001019994313,-0.000229234801,1,0,0,0
6.880198717,4.860114336,torque,hover,0.006979813799,0.0006450511864,-1.620223284,0,0,-2,-0.008698135614,4.157039075e-05,-0.01136269327,0,0,0,0.3798413986,0.01430978999,0.01705807583,-0.008492405526,-0.006148750428,0.000517243403,-0.002837523961,-0.00515140756,0.0005409624545,0.7267079222,0.000886182033,0.0001022814831,-0.0001350628512,1,0,0,0
6.890160084,4.870075703,torque,hover,0.006976690143,0.0005304492079,-1.620421052,0,0,-2,-0.008687538095,-1.078275091e-05,-0.01112216525,0,0,0,0.3796434292,0.01411297255,0.01661461413,-0.007355777547,-0.004528555088,0.0002418881486,-0.001813101986,-0.004857057726,0.0005449040779,0.7266972678,0.0009222369717,-3.317353099e-05,0.0001485053171,1,0,0,0
6.900183201,4.88009882,torque,hover,0.007007113658,0.0004191104381,-1.6206429,0,0,-2,-0.00863230601,-6.880817091e-05,-0.01094985288,0,0,0,0.3794220398,0.01394348305,0.01720690558,-0.007239701226,-0.00387351308,-0.0003330334148,-0.0002252264925,-0.004788207842,0.0005646210684,0.7266605936,0.001216567845,-8.949142527e-05,0.0007477244904,1,0,0,0
6.910149574,4.890065193,torque,hover,0.00706117833,0.0002034330246,-1.621074796,0,0,-2,-0.008569711819,-0.0001247877371,-0.0105307065,0,0,0,0.3789910448,0.01357760332,0.0204213786,-0.004547320772,-0.003760802094,-0.0003179470077,0.001551730542,-0.005721974041,0.0005817281452,0.7266104124,0.001137138223,-0.0003258203752,0.0007453450214,1,0,0,0
6.92015624,4.900071859,torque,hover,0.007085039746,9.908095672e-05,-1.621284723,0,0,-2,-0.008540116251,-0.00018490605,-0.01030758768,0,0,0,0.3787815577,0.01338708854,0.02178666486,-0.004025232047,-0.004452012014,0.0004623730201,0.00218652854,-0.005428123236,0.000576586527,0.7265909392,0.001134695116,-0.00012863051,-5.244585183e-05,1,0,0,0
6.930145741,4.910061359,torque,hover,0.007140486967,2.726341108e-06,-1.621518016,0,0,-2,-0.00848784484,-0.0001982931426,-0.01005709264,0,0,0,0.3785493348,0.01316160866,0.02409842316,-0.003130332101,-0.003770773066,0.0003054188273,0.003265122617,-0.004856931278,0.0005755361203,0.7265699414,0.001185090953,-7.042151839e-05,0.0001072533647,1,0,0,0
6.940140247,4.920055866,torque,hover,0.007244070061,-0.0001831003028,-1.622005463,0,0,-2,-0.008314347826,-0.0002117192344,-0.009621986188,0,0,0,0.3780639898,0.01271832627,0.02874207417,-0.0008124011219,-0.005091721658,0.0003848774941,0.005583685919,-0.005271162897,0.0005554540127,0.7265036869,0.001307506633,-1.622043148e-06,1.070243951e-05,1,0,0,0
6.950135231,4.93005085,torque,hover,0.007292750757,-0.0002727048413,-1.622241378,0,0,-2,-0.008226785809,-0.0002434412163,-0.009347729385,0,0,0,0.3778291085,0.0124546904,0.03036442426,0.0001013131769,-0.004680362064,0.001408795011,0.006118769954,-0.004823242262,0.0005246212801,0.7264877711,0.00120588508,5.675953421e-05,-0.00105356534,1,0,0,0
6.960156918,4.940072536,torque,hover,0.007359377109,-0.0003656647459,-1.62248683,0,0,-2,-0.008140368387,-0.0002725783852,-0.009124181233,0,0,0,0.3775850737,0.01223072278,0.03164135724,0.001954824897,-0.005176633596,0.0009875670075,0.006655646179,-0.004502050233,0.0005052496506,0.7264555491,0.0009871192381,0.000200271378,-0.0006380346495,1,0,0,0
6.970156193,4.950071812,torque,hover,0.00742361322,-0.0004563738476,-1.622727394,0,0,-2,-0.008049777709,-0.0002578716958,-0.008927835152,0,0,0,0.3773459122,0.01202379555,0.03274087208,0.003235283541,-0.004969554953,-7.180673492e-06,0.007089767758,-0.003888914851,0.0005125849513,0.7264182027,0.0008355011168,0.0003049663985,0.0003807749148,1,0,0,0
6.980157137,4.960072756,torque,hover,0.007544407155,-0.0006304546259,-1.623193264,0,0,-2,-0.007961156778,-0.0002453909838,-0.008434930816,0,0,0,0.3768827826,0.01160121941,0.03180983004,0.006500643678,-0.005963943433,0.000174484594,0.007524047337,-0.004014518556,0.0005107904621,0.7263744663,0.0004516253935,0.0003576926298,0.0001942556678,1,0,0,0
6.990145683,4.970061302,torque,hover,0.00761168031,-0.000709390908,-1.623431921,0,0,-2,-0.007958169095,-0.0001946029079,-0.008258337155,0,0,0,0.3766456677,0.01147041665,0.03044457856,0.00739420671,-0.005494909361,0.0001440490305,0.006833842106,-0.002928317815,0.0005134706145,0.7263328149,0.0001205725813,0.0005302415173,0.0002284594665,1,0,0,0
7.000151873,4.980067492,torque,hover,0.007675929461,-0.0007858214667,-1.62366569,0,0,-2,-0.007933216169,-0.0001420051995,-0.008034837432,0,0,0,0.376413403,0.01129224056,0.02903287043,0.008295255713,-0.004812255967,0.0001780999009,0.006361104359,-0.002076537962,0.0005173876912,0.7263048287,-0.0001356119574,0.0006019569079,0.0001972008298,1,0,0,0
7.01013279,4.990048409,torque,hover,0.007737367414,-0.0008595334366,-1.623894453,0,0,-2,-0.007926193066,-4.918247578e-05,-0.007780848537,0,0,0,0.3761861083,0.01110714002,0.02791481387,0.008538297378,-0.005041820928,-0.0001700556604,0.005785604561,-0.0009974802154,0.0005308086045,0.726286381,-0.0003083473453,0.000840661303,0.0005612104385,1,0,0,0
7.020149469,5.000065088,torque,hover,0.007869983092,-0.001004789723,-1.624335647,0,0,-2,-0.007839318365,-2.406787098e-05,-0.00722070504,0,0,0,0.3757481239,0.01065805202,0.02434030834,0.01008359808,-0.003573502647,0.00168652914,0.005979695171,-0.001421330858,0.0004864367643,0.7262686518,-0.0004116129957,0.000457457017,-0.001362416155,1,0,0,0
7.030153036,5.010068655,torque,hover,0.007941172458,-0.001076788991,-1.624548435,0,0,-2,-0.007802561391,3.888444553e-06,-0.006998907775,0,0,0,0.375537081,0.01048163582,0.02265244594,0.00892132055,-0.002448196057,0.001008392894,0.005547684013,-0.001126037696,0.000468621817,0.7262478389,-0.0003552014407,0.0003458500461,-0.0006848357734,1,0,0,0
7.040159225,5.020074844,torque,hover,0.008009240031,-0.001146683469,-1.624756336,0,0,-2,-0.007827642374,8.841998351e-07,-0.0067233718,0,0,0,0.3753308807,0.01031870701,0.01956129092,0.0100813685,-0.001204304281,0.000449155079,0.004511122997,-0.001158318961,0.0004662651414,0.7262424237,-0.0007483465057,0.0001470634283,-0.0001154631802,1,0,0,0
7.050148249,5.030063868,torque,hover,0.008135288954,-0.001280409866,-1.625181556,0,0,-2,-0.007915441878,3.77873439e-05,-0.00614981493,0,0,0,0.374908907,0.01002376534,0.01461591654,0.009769753553,0.001038088114,-0.000767159625,0.003206546431,-0.001681013645,0.0005204494002,0.7262338666,-0.0009219734474,-0.0002896314104,0.001163621005,1,0,0,0
7.060160398,5.040076017,torque,hover,0.008208990097,-0.001358402311,-1.625404596,0,0,-2,-0.007953478955,0.0001183802087,-0.005900674965,0,0,0,0.3746878023,0.009904029806,0.01326735922,0.01062686741,0.0007386965444,0.0007150662714,0.002399442925,-0.001165167745,0.0005096534893,0.7262162589,-0.001185454038,-0.0001194822495,-0.0003539762358,1,0,0,0
7.070133448,5.050049067,torque,hover,0.008279364556,-0.001433791243,-1.625622272,0,0,-2,-0.007926392369,0.0001443337242,-0.005674691405,0,0,0,0.3744720103,0.009749392327,0.01157263193,0.009635022841,0.002674706746,0.0005678079324,0.002201183864,-0.001401507542,0.0005035487901,0.7261947354,-0.001045710393,-0.0004391574744,-0.0002086878065,1,0,0,0
7.08015275,5.060068369,torque,hover,0.00834670011,-0.00150668947,-1.625834703,0,0,-2,-0.007937023416,0.0001985213748,-0.005397089757,0,0,0,0.3742614149,0.009600225481,0.01149460952,0.007290017325,0.002102172934,-0.0005954325898,0.001775558229,-0.001318951141,0.0005297498313,0.7261881891,-0.00078487526,-0.0003303353089,0.0009936985186,1,0,0,0
7.090143204,5.070058823,torque,hover,0.008410518058,-0.001577140181,-1.626041412,0,0,-2,-0.00800332427,0.0002241467882,-0.005088868085,0,0,0,0.374056479,0.009486834011,0.01278431378,0.008580145426,0.001952188904,-0.0001478412451,0.0007873938353,-0.001464202627,0.0005439058614,0.7261914701,-0.001154727285,-0.0003385833868,0.0005487414753,1,0,0,0
7.100170851,5.08008647,torque,hover,0.008568985388,-0.001755663892,-1.626439929,0,0,-2,-0.008061882108,0.0001954991603,-0.004591932055,0,0,0,0.3736624633,0.009279978612,0.01627532389,0.007378479932,0.0007688865298,-0.0004960295046,0.0004592694068,-0.003380168547,0.0005647697982,0.7261731517,-0.0009652591093,-0.0005978257312,0.0009190340576,1,0,0,0
7.110141754,5.090057373,torque,hover,0.008642634377,-0.001841184683,-1.626636863,0,0,-2,-0.008117624559,0.0002229953097,-0.00434163399,0,0,0,0.3734676925,0.00920843858,0.01813736261,0.005610202905,0.001038823626,0.0005068263854,-0.0001250541001,-0.003347556904,0.0005582610313,0.7261652885,-0.0008251834699,-0.0005929165215,-0.0001076119045,1,0,0,0
7.120163202,5.100078821,torque,hover,0.00871248357,-0.001924285432,-1.626828432,0,0,-2,-0.008175734431,0.0001875803282,-0.00407201238,0,0,0,0.3732782198,0.009135595475,0.02086135746,0.006289613433,-0.0001639819093,-0.0001533739123,-0.0007778231675,-0.003808040768,0.0005702465209,0.7261642699,-0.001034936059,-0.0005056761124,0.0005739241792,1,0,0,0
7.130152941,5.11006856,torque,hover,0.008812515996,-0.002006062306,-1.627020359,0,0,-2,-0.008226361126,0.0002364503744,-0.003770872485,0,0,0,0.3730891278,0.009052535857,0.02199728101,0.004977388307,-0.001062487252,9.628327098e-05,-0.0008128175491,-0.003483421964,0.0005742063178,0.7261711168,-0.0008231459791,-0.0002827956239,0.0003210598956,1,0,0,0
7.140165567,5.120081186,torque,hover,0.008999706246,-0.002161065815,-1.627387404,0,0,-2,-0.00835206639,0.0003612174478,-0.003154553706,0,0,0,0.3727275296,0.008935250423,0.02324992258,0.003665028838,-0.003272465663,0.00203021057,-0.0007596810715,-0.003220850513,0.0005335055477,0.726194452,-0.00057820889,7.962484269e-05,-0.001679491431,1,0,0,0
7.150137663,5.130053282,torque,hover,0.009086678736,-0.002234410727,-1.627562642,0,0,-2,-0.008392699994,0.00043456204,-0.002790810307,0,0,0,0.3725548898,0.008855217644,0.0230035803,0.002839154331,-0.004019669723,0.001022709999,-0.0007924361659,-0.002564418104,0.0005098511731,0.726223219,-0.0004627626898,0.0003240487705,-0.0006717564531,1,0,0,0
7.160172939,5.140088558,torque,hover,0.009199859574,-0.0023103524,-1.627731204,0,0,-2,-0.008472383022,0.0004733155656,-0.00243893452,0,0,0,0.3723896234,0.008829139442,0.0229430147,0.002318875398,-0.004804808646,8.160599828e-05,-0.0008825342393,-0.002298097017,0.0005120925182,0.7262513987,-0.0004072866039,0.0004680572997,0.0002879586852,1,0,0,0
7.17014432,5.150059938,torque,hover,0.009308253415,-0.00238359184,-1.627894402,0,0,-2,-0.008515574038,0.0005145390751,-0.002115281532,0,0,0,0.3722296354,0.008789435,0.0221721449,0.001709561679,-0.005063138437,0.0002466915466,-0.0006488133054,-0.002027193751,0.0005070180404,0.7262743734,-0.0002682355482,0.000535612262,0.0001155836891,1,0,0,0
7.180147648,5.160063267,torque,hover,0.009510560893,-0.002523413161,-1.628205895,0,0,-2,-0.008694416843,0.0005293659051,-0.001580559998,0,0,0,0.3719242861,0.00885275564,0.02192623234,0.0004032978613,-0.005243630148,0.0006307575968,-0.0007090618833,-0.002386994725,0.000497621886,0.7262971586,-0.0001015717695,0.0004122033765,-0.0002819124816,1,0,0,0
7.190152884,5.170068502,torque,hover,0.009642149322,-0.002589436946,-1.628357291,0,0,-2,-0.008706133813,0.0005716406158,-0.001306256279,0,0,0,0.3717767868,0.008822122444,0.01979333153,9.852972289e-05,-0.003532007104,0.0001913432934,0.0001168592611,-0.002036555292,0.0004926586144,0.7263119117,0.0001162588139,0.0002455956459,0.0001607635066,1,0,0,0
7.20015955,5.180075169,torque,hover,0.009768887423,-0.002653029747,-1.628503919,0,0,-2,-0.008736236021,0.0005862326943,-0.00103491894,0,0,0,0.3716339707,0.008816833093,0.01714346262,-0.002063674387,-0.003804570297,0.0002273868595,0.0007058486769,-0.001921968701,0.0004847367295,0.726327641,0.0005145487928,0.0002989607233,0.0001171650726,1,0,0,0
7.210151911,5.19006753,torque,hover,0.009890791029,-0.002714226022,-1.628645658,0,0,-2,-0.008736907504,0.0006722802063,-0.0007113144966,0,0,0,0.3714959512,0.008791557412,0.01371388321,-0.003435328603,-0.002187195467,0.0007028447581,0.001579505097,-0.001300875933,0.000463199521,0.7263583886,0.0008522115172,0.0002091752171,-0.0003832021197,1,0,0,0
7.220152855,5.200068474,torque,hover,0.01000829879,-0.002772725187,-1.628782153,0,0,-2,-0.008718845434,0.0007453849539,-0.0003732007171,0,0,0,0.371363089,0.008758603954,0.01078192417,-0.003708015662,-0.00366896973,0.0009187673568,0.002476503666,-0.00081779758,0.0004354935344,0.7263947162,0.001029551868,0.0005067874213,-0.0006243576875,1,0,0,0
7.230159283,5.210074902,torque,hover,0.0103091998,-0.00286933966,-1.629048109,0,0,-2,-0.00861139223,0.0009229910793,0.0002298395993,0,0,0,0.3711062087,0.008663764477,0.009867042133,-0.00399262039,-0.001273308531,0.0009413651424,0.006207071716,-0.0002220045165,0.0003738650471,0.7264513778,0.00182542239,0.0002733660654,-0.0006958188394,1,0,0,0
7.240175247,5.220090866,torque,hover,0.01045250427,-0.002913526958,-1.629173517,0,0,-2,-0.008631858043,0.001096467604,0.0005679035676,0,0,0,0.370985207,0.00871973216,0.01322559222,-0.003036870621,-0.0005819842918,1.634429464e-05,0.006428428786,0.0009191036817,0.0003632135178,0.7264916806,0.001612268671,0.0004182331489,0.0002411024641,1,0,0,0
7.250146627,5.230062246,torque,hover,0.01075103506,-0.002987724263,-1.629411936,0,0,-2,-0.008598051034,0.001278096228,0.001133007696,0,0,0,0.3707560176,0.00876605487,0.02003335243,-0.001986790681,0.001064194948,0.0002109026682,0.008922885532,0.001272282253,0.0003288386045,0.7265486647,0.001906885633,0.0002375001889,1.792340938e-05,1,0,0,0
7.260164022,5.240079641,torque,hover,0.01090649795,-0.003018125659,-1.629525065,0,0,-2,-0.008558885194,0.001420105109,0.001448062714,0,0,0,0.3706477275,0.008795913819,0.02387485641,-0.001206197427,0.00328576169,0.0003910885134,0.009385922551,0.001700496609,0.0003063282112,0.7265875977,0.00177171308,2.57856859e-06,-0.0001782104289,1,0,0,0
7.270154953,5.250070572,torque,hover,0.01105710212,-0.00304578268,-1.629633188,0,0,-2,-0.008525698446,0.001557901036,0.001778014004,0,0,0,0.3705443449,0.008847368164,0.02652830934,0.001612135791,0.003517348785,0.0001194426222,0.009614159174,0.002005512859,0.0002910173866,0.7266321255,0.001324500891,1.772205014e-05,8.867335168e-05,1,0,0,0
7.280160427,5.260076046,torque,hover,0.01120305248,-0.003070890205,-1.629736423,0,0,-2,-0.008490353823,0.001670802594,0.00214559841,0,0,0,0.3704457515,0.008915227528,0.02825517719,0.003066639882,0.004506156314,0.001504076645,0.009743224363,0.001986257846,0.0002370557028,0.7266879738,0.001068956782,-0.0001461429841,-0.001358813454,1,0,0,0
7.290154219,5.270069838,torque,hover,0.01137168799,-0.003089116886,-1.629837155,0,0,-2,-0.008429429494,0.00172169006,0.002477148315,0,0,0,0.3703503605,0.008952975038,0.02996052237,0.004869036376,0.004808317404,-0.0002484718862,0.01021970566,0.001419904112,0.0002320218339,0.7267356171,0.000864922902,-0.0003324976659,0.0004223947878,1,0,0,0
7.300152302,5.280067921,torque,hover,0.01169424038,-0.00311977556,-1.630027533,0,0,-2,-0.008385250345,0.001886127284,0.003070757957,0,0,0,0.3701703863,0.009126853451,0.03004855025,0.008310756646,0.005537403747,-0.0005482509732,0.01165676944,0.001295808294,0.0002077833039,0.7268172941,0.0007108417367,-0.0004300586626,0.0007097272424,1,0,0,0
7.310160875,5.290076494,torque,hover,0.01184786018,-0.003131899983,-1.630115867,0,0,-2,-0.008394057862,0.001981129404,0.003377805464,0,0,0,0.370087088,0.009262540195,0.0290922023,0.009002731182,0.005951102357,-9.846057947e-05,0.01080161963,0.00118206439,0.0001931053721,0.7268632082,0.0003561225381,-0.0005130467408,0.0002426291086,1,0,0,0
7.320230246,5.300145864,torque,hover,0.01199650764,-0.003142012283,-1.63019979,0,0,-2,-0.008417008445,0.002071941271,0.003617355833,0,0,0,0.3700080861,0.009392775682,0.02729133393,0.01038422063,0.005410660058,-0.0001500280196,0.009874427326,0.001073802614,0.0001797888212,0.7268936062,-7.668477924e-05,-0.0004612832127,0.0002855713724,1,0,0,0
7.3301723,5.310087919,torque,hover,0.01215818524,-0.003134318162,-1.630276203,0,0,-2,-0.008371675387,0.002228950616,0.003898049938,0,0,0,0.3699369289,0.009499892786,0.02587710331,0.01243264601,0.004963702988,-3.283914339e-05,0.009816667662,0.001653197644,0.0001621639948,0.7269371769,-0.0003703230472,-0.000266205355,0.0001524082703,1,0,0,0
7.340193033,5.320108652,torque,hover,0.01246632077,-0.003112544538,-1.630417585,0,0,-2,-0.008386312984,0.002516107634,0.004295337014,0,0,0,0.3698057034,0.009752484973,0.02077921941,0.01349140424,0.003113551531,-0.0002534877567,0.01019178637,0.0031652692,0.0001419587373,0.7269868338,-0.0003470984473,0.0003344830531,0.0003583901809,1,0,0,0
7.350160837,5.330076456,torque,hover,0.0126131447,-0.003098458052,-1.630513668,0,0,-2,-0.00841436442,0.002644814551,0.004470414016,0,0,0,0.3697145404,0.009888436382,0.01769084674,0.01309060957,0.003383877221,-0.0007719357382,0.009025705163,0.003263841215,0.0001463158605,0.7269964836,-0.0005667992729,0.0002644624676,0.0008905470148,1,0,0,0
7.360176802,5.340092421,torque,hover,0.01276117843,-0.003064993769,-1.630612373,0,0,-2,-0.008462618105,0.002758789109,0.00468515791,0,0,0,0.3696206983,0.01005870405,0.01453459018,0.01255869772,0.002805812284,0.000116913463,0.007929805418,0.003477812342,0.0001254832115,0.7270152337,-0.0007302876572,0.0003437038599,-2.95686439e-05,1,0,0,0
7.370155334,5.350070953,torque,hover,0.01290402003,-0.003029886866,-1.630706429,0,0,-2,-0.00851185713,0.002909926465,0.004910217132,0,0,0,0.3695313724,0.01024839578,0.01151547817,0.01304044016,0.00097169535,-0.0003913426481,0.006962366677,0.004117000017,0.0001206148931,0.7270382783,-0.0009855989329,0.000690508316,0.0004828029609,1,0,0,0
7.380163193,5.360078812,torque,hover,0.0131753888,-0.002954853466,-1.63088131,0,0,-2,-0.008563599549,0.003156566992,0.005356379785,0,0,0,0.3693655773,0.01058253074,0.008790947013,0.01092509925,0.001427329262,-0.0001524821855,0.007011641415,0.005705014604,8.448356961e-05,0.7270881675,-0.0005609170385,0.0009304885487,0.0002123391018,1,0,0,0
7.390167952,5.37008357,torque,hover,0.013305448,-0.002901907312,-1.630971193,0,0,-2,-0.00862444099,0.003327972023,0.005512860138,0,0,0,0.369279997,0.01076327121,0.009302939485,0.01039298531,0.003265301464,0.0005219531595,0.005950990953,0.00623404465,4.935296527e-05,0.7270953212,-0.0007172597525,0.0007178434445,-0.0004980163753,1,0,0,0
7.400172949,5.380088568,torque,hover,0.01343062986,-0.002847478492,-1.631056905,0,0,-2,-0.008689052425,0.003451751312,0.005727753509,0,0,0,0.3691984527,0.01096455104,0.01052002192,0.009843956679,0.00259821536,0.0005930298939,0.00498479998,0.006357246234,1.416851157e-05,0.727118795,-0.0008338322325,0.0007648085927,-0.000595588692,1,0,0,0
7.410157442,5.390073061,torque,hover,0.01355081238,-0.002791956766,-1.631138086,0,0,-2,-0.008841485716,0.003521544859,0.005944762379,0,0,0,0.3691212957,0.01122111169,0.01143003628,0.009895533323,0.004204848316,0.000533651677,0.003338468042,0.006052442405,-1.864805514e-05,0.7271444094,-0.001174797101,0.0004104014663,-0.0005573546148,1,0,0,0
7.420179605,5.400095224,torque,hover,0.01376792323,-0.002680637175,-1.631325483,0,0,-2,-0.009006139822,0.003772320226,0.006245405879,0,0,0,0.368941243,0.0115907743,0.01408950299,0.008693039417,0.007053863723,0.0007024732186,0.002730123553,0.007374274653,-9.047913327e-05,0.7271528017,-0.001030022037,0.0003204330889,-0.0007816911893,1,0,0,0
7.430149317,5.410064936,torque,hover,0.01386568323,-0.002624419983,-1.631417871,0,0,-2,-0.009101566859,0.003877949668,0.006413805764,0,0,0,0.3688521803,0.01179041633,0.01521645841,0.007304443046,0.007838527672,0.0009926308412,0.001787539047,0.006911778557,-0.0001345598346,0.7271620481,-0.001003152528,5.549022746e-05,-0.001107754473,1,0,0,0
7.44016099,5.420076609,torque,hover,0.01395915169,-0.002566961339,-1.631505966,0,0,-2,-0.009170479141,0.003991254605,0.006559872068,0,0,0,0.368767271,0.01196075761,0.01644639748,0.007496512495,0.008105366491,0.000650246453,0.001182517373,0.006579574984,-0.0001687149374,0.7271671966,-0.001109946751,-8.771103599e-05,-0.0007840881044,1,0,0,0
7.450151682,5.430067301,torque,hover,0.01414011419,-0.002468325663,-1.631670952,0,0,-2,-0.009364557452,0.004112378694,0.006833122112,0,0,0,0.3686086314,0.0123003314,0.0185054315,0.00536036212,0.01000822429,0.0008677068981,0.0003494635422,0.006194526725,-0.0002644619863,0.7271767374,-0.0009088511548,-0.0003920511389,-0.001074299203,1,0,0,0
7.460159302,5.440074921,torque,hover,0.01422756724,-0.002426676219,-1.63174808,0,0,-2,-0.009490773082,0.004165029153,0.007000887301,0,0,0,0.3685346508,0.0125073844,0.02001965908,0.004503290635,0.00958314538,0.0003102197661,-0.0005419374826,0.00515520762,-0.0002939873823,0.72719133,-0.000945987488,-0.0005798044929,-0.0005278107043,1,0,0,0
7.470151901,5.45006752,torque,hover,0.01431036461,-0.002383830026,-1.631823778,0,0,-2,-0.009639447555,0.004216097295,0.007090639323,0,0,0,0.3684619377,0.01268745804,0.02206553482,0.003909384832,0.01030932553,6.956309517e-05,-0.001472969381,0.004279739067,-0.0003165462367,0.7271866458,-0.00102206277,-0.0008670486085,-0.0002993766925,1,0,0,0
7.480172634,5.460088253,torque,hover,0.01438878104,-0.002339929575,-1.631895661,0,0,-2,-0.00972781051,0.004242411815,0.007292421535,0,0,0,0.3683928832,0.01287663648,0.02298988015,0.002175857546,0.01047725789,-0.0006320907851,-0.001697437287,0.003275653687,-0.0003188404569,0.7272117757,-0.0007760722306,-0.001088334221,0.0004143442151,1,0,0,0
7.490156412,5.470072031,torque,hover,0.01447280403,-0.002312432276,-1.631973028,0,0,-2,-0.00978471525,0.004262626171,0.007422587834,0,0,0,0.3683186954,0.0130002094,0.02269814287,-0.0004914578749,0.009112630971,-0.0008470539469,-0.001427013711,0.002236225918,-0.0003145257153,0.7272167817,-0.0003054142521,-0.00109390643,0.000637718081,1,0,0,0
7.500160456,5.480076075,torque,hover,0.01462798379,-0.002253485611,-1.632114887,0,0,-2,-0.01004127506,0.004302991554,0.00782464724,0,0,0,0.3681827159,0.013437561,0.02338880108,-0.003189765383,0.007537057158,-0.0003766886366,-0.001800983778,0.00162474409,-0.000336171212,0.7272673197,-1.79898655e-05,-0.0009185948653,0.0001422631786,1,0,0,0
7.510150909,5.490066528,torque,hover,0.01469895337,-0.002222177573,-1.632179379,0,0,-2,-0.01017372031,0.004338854458,0.008014397696,0,0,0,0.3681209125,0.01365872664,0.02346432505,-0.002944988199,0.005884173326,-0.0001439495245,-0.002030361481,0.001178694828,-0.0003578062867,0.7272920587,-8.908052794e-05,-0.000756267512,-0.00011141007,1,0,0,0
7.520169973,5.500085592,torque,hover,0.01475295797,-0.002220969647,-1.632248878,0,0,-2,-0.01030580699,0.00433420483,0.008124521002,0,0,0,0.3680536236,0.01382037738,0.02342607839,-0.005451036151,0.004339615814,-0.0006619397318,-0.002273018816,0.0002457575146,-0.0003643521911,0.72729478,0.0002135836389,-0.0007260430873,0.0004111583798,1,0,0,0
7.530152082,5.510067701,torque,hover,0.01480305567,-0.002218064852,-1.632314444,0,0,-2,-0.01041846909,0.004339491948,0.008305071853,0,0,0,0.3679901067,0.0140124911,0.0227404391,-0.005409215577,0.002309017116,-0.0007127585704,-0.00227562864,-0.0003104237491,-0.0003703576591,0.7273167938,0.0002156850996,-0.0005382589861,0.000458014626,1,0,0,0
7.540153742,5.520069361,torque,hover,0.01489275508,-0.002207304817,-1.632460117,0,0,-2,-0.01060422603,0.00430799881,0.008566531353,0,0,0,0.3678481095,0.01429664027,0.02116488088,-0.004353106953,-0.0006315989303,0.000160885771,-0.002196100675,-0.0008242013781,-0.0004415107134,0.7273302995,6.446698812e-05,-0.0002191324374,-0.0004840214185,1,0,0,0
7.550147057,5.530062675,torque,hover,0.01493731514,-0.002224371303,-1.632523417,0,0,-2,-0.0107674282,0.00427907845,0.00867800694,0,0,0,0.3677867724,0.01447604321,0.02006178394,-0.004868284799,-0.004029137082,0.0008932099445,-0.002619428386,-0.001233238456,-0.0004910732837,0.7273355945,5.610384658e-05,0.0001715573975,-0.00126564707,1,0,0,0
7.56016469,5.540080309,torque,hover,0.01497798506,-0.00223942101,-1.632583141,0,0,-2,-0.01088648196,0.004262602422,0.008757934906,0,0,0,0.3677288445,0.01460776139,0.01854115639,-0.006207801867,-0.003210349008,0.0001408194366,-0.00249176564,-0.001456761811,-0.0005206278762,0.7273342046,0.0002882827034,1.95239862e-05,-0.0005212855025,1,0,0,0
7.570157051,5.55007267,torque,hover,0.01501512527,-0.002253156155,-1.632639289,0,0,-2,-0.01099705137,0.004148279317,0.008861828595,0,0,0,0.3676743434,0.01471989695,0.01768356132,-0.005301862489,-0.005376741756,-9.980384493e-05,-0.002440491655,-0.00228831073,-0.0005431161084,0.7273401785,0.0001870012277,0.0001420759375,-0.0002926636722,1,0,0,0
7.580173492,5.560089111,torque,hover,0.01507881004,-0.002276609186,-1.632740021,0,0,-2,-0.01121261157,0.004087445326,0.009144380689,0,0,0,0.3675764489,0.01503494482,0.0136066093,-0.004879898392,-0.005296038464,-0.001571421395,-0.002578185638,-0.002172112132,-0.0005272273358,0.7273752874,6.844322156e-05,0.000143223585,0.001217263295,1,0,0,0
7.590163708,5.570079327,torque,hover,0.015117242,-0.002301784232,-1.632752657,0,0,-2,-0.01128558721,0.004058497492,0.009286759421,0,0,0,0.3675655591,0.01516838097,0.0119310861,-0.005831523333,-0.0061606667,-0.0009035300463,-0.001941378673,-0.002079904132,-0.0005316470321,0.7274068023,0.0003662836738,0.0003053803059,0.0005339264828,1,0,0,0
7.600162268,5.580077887,torque,hover,0.0151523333,-0.002325042151,-1.632762432,0,0,-2,-0.01136088464,0.004055357538,0.009433066472,0,0,0,0.3675573837,0.01531333954,0.01051325755,-0.005757863168,-0.006275565363,-0.001206583343,-0.001423009735,-0.001701989962,-0.0005284525,0.7274403474,0.0004771155081,0.0004218954622,0.000844866349,1,0,0,0
7.610142708,5.590058327,torque,hover,0.01521320827,-0.002365160966,-1.632773161,0,0,-2,-0.01150311157,0.004074879922,0.009792913683,0,0,0,0.3675494348,0.01564696075,0.01117215221,-0.004401075654,-0.006658753846,0.0008231496322,-0.001041050044,-0.0008693138328,-0.0005989799983,0.727527675,0.0003392575178,0.0006219024059,-0.001272881274,1,0,0,0
7.620150805,5.600066423,torque,hover,0.01524898596,-0.002410649555,-1.632764459,0,0,-2,-0.01160944346,0.004027979914,0.009926967323,0,0,0,0.3675599075,0.01579710353,0.01190726295,-0.003145954339,-0.006609306205,-0.0001825129148,-0.001035380287,-0.001095181106,-0.0006228146933,0.7275647865,0.0001713737006,0.0005581498605,-0.0002661885972,1,0,0,0
7.630151987,5.610067606,torque,hover,0.01528126281,-0.002454230562,-1.632753372,0,0,-2,-0.01168238092,0.0039287447,0.01004331373,0,0,0,0.3675726131,0.01589909461,0.01248756504,-0.002033425029,-0.006326398347,-0.0003376689856,-0.0008758805649,-0.001685732242,-0.0006439894376,0.7275982816,6.452041587e-05,0.0003863663929,-0.00012383916,1,0,0,0
7.640216589,5.620132208,torque,hover,0.01531067118,-0.002495976165,-1.632740021,0,0,-2,-0.01169149857,0.003898639698,0.01016366947,0,0,0,0.3675874575,0.01597468959,0.01410607183,-0.002599139232,-0.0053666397,0.000258678454,-0.0001428743697,-0.001611510496,-0.0006807894708,0.727633638,0.0003165925513,0.0002887861282,-0.0007586628569,1,0,0,0
7.650167465,5.630083084,torque,hover,0.01533721201,-0.00253552082,-1.632724404,0,0,-2,-0.01176683418,0.003908528481,0.01030460279,0,0,0,0.367604437,0.01612202904,0.01568466629,-0.003646887839,-0.004216259811,0.0005186625058,-3.815872966e-05,-0.001168351143,-0.000724566726,0.7276750077,0.0004723497885,0.0002514974671,-0.001055406908,1,0,0,0
7.660186291,5.64010191,torque,hover,0.01543623209,-0.002646448556,-1.632671356,0,0,-2,-0.01182217151,0.003932142165,0.0106102461,0,0,0,0.3676623635,0.01636468159,0.01893446818,-0.002076071221,-0.001225768472,-0.000158761497,0.001045863378,-0.001496050592,-0.0008049851771,0.7277717328,0.0004682826439,-0.0002400257302,-0.0004248102278,1,0,0,0
7.670162916,5.650078535,torque,hover,0.01548059005,-0.002697972115,-1.632641554,0,0,-2,-0.01192460954,0.003952618223,0.01078939997,0,0,0,0.3676943781,0.01655991109,0.01890160015,-0.00138691254,-0.001108727651,-0.001241124002,0.0008278182951,-0.001242834401,-0.0008039986917,0.7278279335,0.0003026466721,-0.0001598973832,0.0006786214958,1,0,0,0
7.680155516,5.660071135,torque,hover,0.01552138757,-0.002746660495,-1.632609248,0,0,-2,-0.01196976379,0.004000397865,0.01091715507,0,0,0,0.3677287345,0.01668720177,0.0197948451,-0.002091107424,0.0001285616891,-0.0006733366172,0.001179623486,-0.0009137592848,-0.0008184364911,0.7278720267,0.0004670570237,-0.000225044201,8.992349115e-05,1,0,0,0
7.690150499,5.670066118,torque,hover,0.01557853632,-0.00281609362,-1.632563829,0,0,-2,-0.01205648575,0.003985736053,0.0109818466,0,0,0,0.3677770529,0.0167882666,0.02002915223,-0.001719387481,0.0006700079539,-0.0005770732532,0.001202879239,-0.001436803416,-0.0008353442645,0.7279048722,0.0004022169596,-0.0003948631182,-2.054079332e-05,1,0,0,0
7.700183392,5.68009901,torque,hover,0.01568187587,-0.002947469475,-1.6324687,0,0,-2,-0.012097436,0.003874245333,0.011194814,0,0,0,0.3678775136,0.01693167432,0.02139407698,0.0001377361332,0.001145051559,-0.0008643861511,0.001939523614,-0.003485781721,-0.0008474077827,0.7279933517,0.0002927901882,-0.0008922498687,0.0002627968917,1,0,0,0
7.710153103,5.690068722,torque,hover,0.0157287214,-0.003009680659,-1.632433891,0,0,-2,-0.01213909686,0.003853769507,0.01131310966,0,0,0,0.3679147933,0.01703513023,0.02246799304,-0.0004646168964,0.0004814990971,0.0001974540646,0.002048944267,-0.003576943054,-0.0008872307683,0.728035957,0.0003833361237,-0.000751273579,-0.0008474148024,1,0,0,0
7.720166683,5.700082302,torque,hover,0.01579481177,-0.003081137314,-1.632400393,0,0,-2,-0.0122010503,0.003812067909,0.01146843843,0,0,0,0.3679516819,0.01717330982,0.0234501797,-0.0007055900642,-0.0003502869222,-0.0009224471287,0.002160851229,-0.003933238915,-0.0008950020478,0.7280874779,0.0004226694447,-0.0006612813621,0.000287240443,1,0,0,0
7.730178356,5.710093975,torque,hover,0.0158569701,-0.003149881028,-1.632364988,0,0,-2,-0.01226776559,0.003823055187,0.01152379066,0,0,0,0.3679903084,0.01726011514,0.0234153332,0.001136271632,-0.00188085332,-0.001326992293,0.00213433933,-0.003698146183,-0.0008973002521,0.7281143419,0.0001477667661,-0.0003476209172,0.0006984988602,1,0,0,0
7.740185499,5.720101118,torque,hover,0.01597068459,-0.003279305063,-1.632289529,0,0,-2,-0.01227239147,0.003815638833,0.01158960257,0,0,0,0.3680717419,0.01730576724,0.02504842094,0.0009096767171,-0.003395048436,-0.0004151657631,0.003056926279,-0.004225348357,-0.0009607406217,0.7281584117,0.0003871401997,-0.0002471224151,-0.0002770820526,1,0,0,0
7.750158787,5.730074406,torque,hover,0.01603460312,-0.003360409988,-1.632248521,0,0,-2,-0.01233929489,0.003769224044,0.01162085962,0,0,0,0.3681162198,0.01736403255,0.02462115071,0.001601942815,-0.005501761101,-0.001307784463,0.002761186275,-0.004358735744,-0.0009614647108,0.7281812011,0.0002003027599,3.947615811e-05,0.0006317089331,1,0,0,0
7.760169983,5.740085602,torque,hover,0.01609463245,-0.003438977525,-1.632205963,0,0,-2,-0.01240162458,0.003719359869,0.01169990748,0,0,0,0.3681620802,0.017450552,0.02393213758,0.001985571114,-0.007535084151,-0.001066414639,0.002497244335,-0.00434404601,-0.0009711300633,0.7282166722,7.604060673e-05,0.0003371361607,0.0003792061776,1,0,0,0
7.77016592,5.750081539,torque,hover,0.01615075022,-0.003515232354,-1.632161856,0,0,-2,-0.01248158887,0.003645840567,0.01172653493,0,0,0,0.3682093209,0.01750982112,0.02283418144,0.002547124634,-0.008665596135,-0.0009388639592,0.002036827858,-0.004396828834,-0.0009833574109,0.7282394085,-0.0001078234987,0.00048290874,0.0002411799851,1,0,0,0
7.780175447,5.760091066,torque,hover,0.01625225507,-0.003681378206,-1.63210535,0,0,-2,-0.01254304498,0.003638560884,0.01184227411,0,0,0,0.3682718581,0.01762970671,0.02190693339,0.00419126451,-0.009534263052,0.0005446066498,0.00204699814,-0.004412905627,-0.001049248716,0.7282892657,-0.0003068817916,0.0005511826058,-0.001316973727,1,0,0,0
7.790163517,5.770079136,torque,hover,0.01629813947,-0.003770995419,-1.63207972,0,0,-2,-0.0125470357,0.003606650745,0.01187281311,0,0,0,0.3683003962,0.01764652163,0.02137728317,0.005166423041,-0.009986155666,-0.0005001240061,0.002005013051,-0.004065618456,-0.001079036226,0.728306326,-0.000433625744,0.0006958100911,-0.0002745308775,1,0,0,0
7.800180674,5.780096292,torque,hover,0.01634074748,-0.00385786104,-1.632052064,0,0,-2,-0.01260604337,0.003589187982,0.01193686295,0,0,0,0.3683308116,0.01772803703,0.02092290423,0.005035851616,-0.01005202439,-0.0003116233856,0.001446895879,-0.003532047654,-0.001113207333,0.7283325934,-0.0005249863595,0.0008211102917,-0.0004906354804,1,0,0,0
7.810167789,5.790083408,torque,hover,0.01643150672,-0.004041037522,-1.632009149,0,0,-2,-0.01279209368,0.003580832621,0.01194102224,0,0,0,0.3683796834,0.01786191577,0.02123885372,0.004648723174,-0.008464454673,-0.0002861603571,5.35536745e-05,-0.003591630603,-0.00118717608,0.7283491838,-0.0007348603442,0.0005259071345,-0.0005682081002,1,0,0,0
7.820175886,5.800091505,torque,hover,0.01647951826,-0.004137069453,-1.631994009,0,0,-2,-0.01288060471,0.003572736634,0.01195792761,0,0,0,0.3683980175,0.01793506224,0.02188971702,0.004818716086,-0.007906670682,-0.000538034481,-0.0004415137951,-0.003108719372,-0.001215030148,0.7283589518,-0.0008289101642,0.0005671903019,-0.0003315928894,1,0,0,0
7.830208778,5.810124397,torque,hover,0.01652360335,-0.004230337217,-1.631990552,0,0,-2,-0.01296877209,0.003539416241,0.01199538261,0,0,0,0.3684045047,0.01801681772,0.0225434012,0.004055310506,-0.007042740937,-0.0006720829406,-0.0009094898577,-0.002927278384,-0.001238478001,0.7283696991,-0.0007865650514,0.0004906021721,-0.0002122448366,1,0,0,0
7.840172052,5.820087671,torque,hover,0.01656389423,-0.004320870154,-1.631984591,0,0,-2,-0.01304390281,0.003534552641,0.01204184908,0,0,0,0.3684133187,0.01810090032,0.02317872575,0.003931034356,-0.004773435649,-0.0006429591449,-0.001232470789,-0.002639468954,-0.001261962654,0.7283836396,-0.0008000870823,0.0002487302842,-0.0002593798469,1,0,0,0
7.850150585,5.830066204,torque,hover,0.0166004207,-0.004408728797,-1.631976128,0,0,-2,-0.0131188808,0.003471729113,0.01210550964,0,0,0,0.3684244583,0.01818519453,0.02393230723,0.003826661501,-0.004900273867,-0.0001121509194,-0.001623917261,-0.002867307703,-0.001299566857,0.7284028514,-0.0008332168034,0.0002207371451,-0.0008269951586,1,0,0,0
7.860168457,5.840084076,torque,hover,0.01668650471,-0.004629804753,-1.63196671,0,0,-2,-0.01329297386,0.003469393123,0.01216918137,0,0,0,0.368440466,0.01835289672,0.02525845879,0.002208457561,-0.003633566434,-0.0003563812061,-0.002473742366,-0.003839230035,-0.00134965142,0.7284224088,-0.0007458152769,-0.0001800496116,-0.0006142750733,1,0,0,0
7.870154619,5.850070238,torque,hover,0.01672346517,-0.004735385533,-1.631958604,0,0,-2,-0.01341535337,0.003484674264,0.01216062903,0,0,0,0.3684515809,0.0184389685,0.02559205739,0.0008700357866,-0.001559031196,-0.001509282039,-0.002919302362,-0.003507542029,-0.001352557535,0.7284231597,-0.0006258287882,-0.0003481286817,0.000556575014,1,0,0,0
7.880166769,5.860082388,torque,hover,0.01675660349,-0.004837748129,-1.631948471,0,0,-2,-0.01347183809,0.003481745487,0.01214520633,0,0,0,0.3684645377,0.01846940741,0.02515241882,-0.001024742145,-0.001900336938,-0.001716407598,-0.002692302671,-0.003448542178,-0.001349567749,0.7284229327,-0.0002822500332,-0.0002522763568,0.0007678796066,1,0,0,0
7.890155792,5.870071411,torque,hover,0.01679942012,-0.004953128286,-1.631959319,0,0,-2,-0.01353439037,0.003514279611,0.01218679361,0,0,0,0.3684571845,0.01854852615,0.02439918485,-0.002995147137,-0.0006981773768,-0.001495751436,-0.002340299878,-0.003358043171,-0.001351683287,0.7284295638,7.9686221e-05,-0.0003680680697,0.0005397984983,1,0,0,0
7.900192261,5.88010788,torque,hover,0.01687295362,-0.005173410755,-1.63195765,0,0,-2,-0.01372728031,0.003517916892,0.01208934467,0,0,0,0.3684652385,0.01862702925,0.02438538679,-0.002707643202,0.0009222715744,-0.001116640517,-0.002796821606,-0.00474256736,-0.001385319699,0.7284054635,-8.706429112e-05,-0.0008717166636,0.0001301223626,1,0,0,0
7.910151482,5.890067101,torque,hover,0.01690370589,-0.005278772209,-1.631954551,0,0,-2,-0.0138184363,0.003546513151,0.01198843308,0,0,0,0.3684712383,0.0186346308,0.02469065188,-0.003491594689,0.001309782965,-0.0007760057342,-0.002690646365,-0.004538370477,-0.00140579283,0.7283809958,5.367335172e-05,-0.0008198372841,-0.0002323870172,1,0,0,0
7.920181751,5.90009737,torque,hover,0.01693465561,-0.005391084123,-1.631967306,0,0,-2,-0.01389612351,0.003599243006,0.01188744511,0,0,0,0.3684615449,0.01863781506,0.02479195801,-0.004871012177,6.027722702e-05,-0.0008388132555,-0.002378538068,-0.004264884532,-0.001424056513,0.72835077,0.0003141855265,-0.0005420208885,-0.0001823860291,1,0,0,0
7.930159807,5.910075426,torque,hover,0.01696175337,-0.005500141531,-1.631978273,0,0,-2,-0.01398211624,0.003576507326,0.01180505659,0,0,0,0.3684534487,0.01864538389,0.02531909885,-0.00454032328,-0.0008916915394,-0.0009691186133,-0.002290703697,-0.004650222643,-0.00143829169,0.7283259128,0.0002786491939,-0.0004752730927,-5.973171141e-05,1,0,0,0
7.940164089,5.920079708,torque,hover,0.01698512584,-0.005606072489,-1.631987691,0,0,-2,-0.01404404081,0.003581894794,0.01170109957,0,0,0,0.3684467155,0.01862742022,0.02565730596,-0.004314802587,-0.002396930708,-0.001054340391,-0.002009099929,-0.004666534598,-0.001454478557,0.7282961522,0.000303653954,-0.0002509374835,1.540407517e-05,1,0,0,0
7.950162888,5.930078506,torque,hover,0.01703955792,-0.005831534043,-1.632025361,0,0,-2,-0.01421071496,0.003494645702,0.01157151535,0,0,0,0.3684151031,0.01865628408,0.0268724849,-0.005258847494,-0.004018511623,-0.0004911617725,-0.002148216696,-0.00643896403,-0.001489812488,0.7282496792,0.0003509696091,-0.0004435256282,-0.0005835155329,1,0,0,0
7.960216045,5.940131664,torque,hover,0.01706979983,-0.005950757302,-1.63205266,0,0,-2,-0.01431420539,0.003489251016,0.01158400252,0,0,0,0.3683911435,0.01874194395,0.02766761241,-0.005560459103,-0.005089289043,6.446248153e-05,-0.00199764614,-0.006164619646,-0.001537501363,0.7282429636,0.0004212414438,-0.0001950975607,-0.001183787519,1,0,0,0
7.970166445,5.950082064,torque,hover,0.01709612459,-0.006066980306,-1.632077098,0,0,-2,-0.01435359102,0.003407446668,0.01156876888,0,0,0,0.3683698517,0.01874760468,0.02863309479,-0.005644782912,-0.006216514856,-0.0005119377165,-0.001405389343,-0.006580230112,-0.001568617157,0.7282302909,0.0005593638018,-0.00011501689,-0.0006206481813,1,0,0,0
7.98017931,5.960094929,torque,hover,0.01716278121,-0.006306302734,-1.632135391,0,0,-2,-0.01446398161,0.003295019036,0.01155948825,0,0,0,0.368318749,0.01880653299,0.03062417289,-0.006835798267,-0.007622703444,-0.0007413018029,-0.0007765234907,-0.008071546878,-0.001621381442,0.7282068974,0.0008003737879,-0.0002776728732,-0.0004276899099,1,0,0,0
7.990161419,5.970077038,torque,hover,0.01720244251,-0.006429412402,-1.63216877,0,0,-2,-0.0144912703,0.003249583999,0.01155834366,0,0,0,0.3682893906,0.01881892715,0.03163939766,-0.006967379712,-0.007954631001,-0.001397990156,8.486142895e-05,-0.007743873297,-0.00162749043,0.7281945663,0.0009874632872,-0.0001111251073,0.0002351345346,1,0,0,0
8.000187159,5.980102777,torque,hover,0.01723858155,-0.006549394224,-1.632199168,0,0,-2,-0.01448962279,0.003236725228,0.01156054344,0,0,0,0.3682628343,0.01881679365,0.03291064028,-0.005800617859,-0.007945056073,-0.0008604269824,0.001005328571,-0.00719754908,-0.001647549642,0.7281841635,0.000998817668,4.338224728e-05,-0.0003272877436,1,0,0,0
8.01017642,5.990092039,torque,hover,0.01730522141,-0.006781014614,-1.632255554,0,0,-2,-0.01451027486,0.003266168525,0.01162694767,0,0,0,0.3682138377,0.01887860815,0.03482424457,-0.004719234537,-0.009972319938,-0.001556043979,0.002096163507,-0.007033815101,-0.001670088857,0.7281806546,0.001019178753,0.0003186658616,0.0003633973844,1,0,0,0
8.020180702,6.000096321,torque,hover,0.01733603701,-0.006892538164,-1.632281303,0,0,-2,-0.01453106385,0.003270403948,0.01156506781,0,0,0,0.3681916418,0.0188573103,0.03562637403,-0.003517035861,-0.009902949445,-0.001167522394,0.002427421508,-0.006151411926,-0.001683181245,0.728155676,0.0008843768809,0.0005186673071,-4.018861376e-05,1,0,0,0
8.030156136,6.010071754,torque,hover,0.01736311801,-0.007000839338,-1.632304668,0,0,-2,-0.01457892079,0.003288999433,0.0115608545,0,0,0,0.3681716264,0.01889486188,0.03531652823,-0.001369861304,-0.01011987962,-0.002136501484,0.002355685434,-0.005227772231,-0.001667634303,0.7281461726,0.000537803395,0.0007486510819,0.0009607862826,1,0,0,0
8.040174961,6.02009058,torque,hover,0.01738637686,-0.007105759345,-1.632325172,0,0,-2,-0.01461781189,0.003358865622,0.01160773076,0,0,0,0.3681542567,0.0189658065,0.03543145707,-0.0002973065712,-0.009323914535,-0.0008132544463,0.002335224137,-0.004030301535,-0.001687527786,0.7281506461,0.0003674980232,0.0008854243209,-0.0003995174414,1,0,0,0
8.050178051,6.03009367,torque,hover,0.01741766185,-0.007215042599,-1.632347703,0,0,-2,-0.0146603575,0.00341759203,0.01160985418,0,0,0,0.36813536,0.01901038483,0.03584023365,-0.0001978597575,-0.009131249972,-0.0006861892762,0.002352923473,-0.003194843775,-0.001710566397,0.7281430436,0.0003470149074,0.001006356235,-0.0005452148657,1,0,0,0
8.060194969,6.040110588,torque,hover,0.01746874861,-0.007422141731,-1.6323843,0,0,-2,-0.0147469556,0.003617679235,0.0116480859,0,0,0,0.3681053492,0.01913735111,0.03675121442,0.001504305983,-0.006661326624,-0.0009760057437,0.00213825698,-0.001956685716,-0.001750864837,0.7281394867,5.721888935e-05,0.0008449660891,-0.0002780287027,1,0,0,0
8.070180893,6.050096512,torque,hover,0.01748842187,-0.007520180661,-1.632401466,0,0,-2,-0.01481615193,0.003670203034,0.01160729583,0,0,0,0.3680911299,0.01917597624,0.03642466082,0.001602479839,-0.005004204344,-0.0009453812381,0.00173399787,-0.001502297231,-0.001767057975,0.7281229351,-4.218140703e-05,0.0006775460728,-0.0003199216765,1,0,0,0
8.080187321,6.06010294,torque,hover,0.01751853898,-0.007629369851,-1.63242054,0,0,-2,-0.01487133466,0.003693995066,0.01164205372,0,0,0,0.3680757612,0.01924420975,0.03581069046,0.00228312565,-0.003856177675,-0.001025674515,0.001538004277,-0.001574424357,-0.001780527289,0.7281248727,-0.0001653908192,0.0004658102314,-0.0002479969991,1,0,0,0
8.09017396,6.070089579,torque,hover,0.01754454151,-0.007735141553,-1.632436991,0,0,-2,-0.01492403075,0.003729362041,0.0116563905,0,0,0,0.3680627788,0.01930042162,0.0350645348,0.002157235984,-0.002327199094,-0.001265692757,0.001345776666,-0.001585206066,-0.00178834108,0.7281225777,-0.0001734650375,0.0002301063893,-9.528445854e-06,1,0,0,0
8.100175381,6.080091,torque,hover,0.01758466661,-0.007935727015,-1.632463217,0,0,-2,-0.015054469,0.003905313555,0.01155348308,0,0,0,0.3680427737,0.01937450598,0.03391029862,0.002121038036,-0.0003416820546,-0.0008321297355,0.0005275280837,-0.001494695328,-0.001834671707,0.7280869939,-0.000319072612,-3.11629609e-05,-0.0004834257274,1,0,0,0
8.11016345,6.090079069,torque,hover,0.01759882085,-0.008029916324,-1.632472992,0,0,-2,-0.01510121766,0.004076280165,0.01158642862,0,0,0,0.3680357316,0.01946556352,0.03368200681,0.001097983913,0.002019871958,-0.001042126212,0.0005564441701,-0.0005439653818,-0.001845127435,0.7280917828,-0.0001454274386,-0.0001378287763,-0.0002783674154,1,0,0,0
8.120173931,6.10008955,torque,hover,0.01763243042,-0.008139915764,-1.63249135,0,0,-2,-0.01514218934,0.004123257007,0.01157246623,0,0,0,0.368021424,0.01949895179,0.03295081215,0.001710084849,0.002777589718,-0.001097780885,0.0006469153425,-0.001123141529,-0.001853404033,0.7280816274,-0.0001897917233,-0.0003831305761,-0.0002288357283,1,0,0,0
8.130176306,6.110091925,torque,hover,0.01766197756,-0.008245905861,-1.632507086,0,0,-2,-0.01518328581,0.00420827372,0.011622536,0,0,0,0.3680094868,0.0195786894,0.03271142031,0.001554687507,0.002706741448,-0.0007740823785,0.0006909486084,-0.001274141006,-0.001872151948,0.7280886401,-0.0001425720063,-0.0004012874234,-0.0005727578848,1,0,0,0
8.140254974,6.120170593,torque,hover,0.01770817116,-0.008446652442,-1.632545114,0,0,-2,-0.01532604173,0.00437333528,0.01172949374,0,0,0,0.3679782858,0.01978875034,0.03244477956,0.001022078912,0.005183413625,-0.001064514974,-3.113440856e-05,-0.002055187115,-0.00189604314,0.7281019871,-0.000217102324,-0.0008836930628,-0.0002934061545,1,0,0,0
8.150193214,6.130108833,torque,hover,0.01774892397,-0.008551316336,-1.632560968,0,0,-2,-0.01539906673,0.004414156079,0.01175263524,0,0,0,0.3679668345,0.01986807653,0.03266134971,0.001826972817,0.0045803627,-0.001509360271,-0.0001159531643,-0.002658611009,-0.001896307105,0.7281021313,-0.000324981269,-0.0009099915239,0.0001591009633,1,0,0,0
8.16019845,6.140114069,torque,hover,0.01778502762,-0.008652356453,-1.63257432,0,0,-2,-0.01543861907,0.004467023071,0.01174441352,0,0,0,0.3679576075,0.01990569022,0.03356676342,0.001140738837,0.003717521206,-0.0009211633587,7.172941501e-05,-0.003056375881,-0.00191405928,0.7280952315,-0.0001667722784,-0.0008503754247,-0.00045378071,1,0,0,0
8.170176983,6.150092602,torque,hover,0.01781703532,-0.008749594912,-1.632585406,0,0,-2,-0.01543119829,0.004555501509,0.01167562697,0,0,0,0.367950385,0.01987950552,0.03420488512,0.001785251312,0.001568777836,-0.001029923325,0.0005519096982,-0.00302488069,-0.001927526172,0.7280737988,-0.0001330959952,-0.0005208055677,-0.0003541434838,1,0,0,0
8.180173635,6.160089254,torque,hover,0.01789729856,-0.008930818178,-1.632601738,0,0,-2,-0.01553844847,0.004677311517,0.01170364209,0,0,0,0.3679423267,0.02000739518,0.03533898714,8.641223394e-05,0.001465631183,-0.001575633883,0.0004236648418,-0.003744540657,-0.001920529319,0.728075009,7.70434423e-05,-0.0006414443946,0.0002066280103,1,0,0,0
8.190178871,6.17009449,torque,hover,0.01794476993,-0.00901525002,-1.632590532,0,0,-2,-0.01558299083,0.004706232343,0.01175331976,0,0,0,0.3679578868,0.0200778174,0.03520168552,0.0002492921194,-0.0006899274304,-0.002813756932,0.0005631536937,-0.003904805075,-0.001878492331,0.7280916909,8.116650423e-05,-0.0003644427965,0.001497800131,1,0,0,0
8.200250864,6.180166483,torque,hover,0.01798735932,-0.00909650512,-1.632577181,0,0,-2,-0.01566840336,0.004778408445,0.0117636174,0,0,0,0.3679752974,0.02016716999,0.03461366962,-8.312394493e-05,-0.002032344928,-0.002144601196,0.0003359012003,-0.00354060435,-0.001853317797,0.7280991385,6.788012625e-05,-9.046940814e-05,0.0008356260109,1,0,0,0
8.210182428,6.190098047,torque,hover,0.01802507229,-0.009174532257,-1.632562041,0,0,-2,-0.01575817354,0.004798325244,0.01177154202,0,0,0,0.3679941967,0.02024631226,0.03453998823,-0.00208339002,-0.00352280261,-0.001155141508,0.0001295446232,-0.003574844436,-0.001854741731,0.728106644,0.0002881965842,9.637817258e-05,-0.0001722754452,1,0,0,0
8.220188379,6.200103998,torque,hover,0.01814887486,-0.009329257533,-1.632535219,0,0,-2,-0.01579318382,0.004887021612,0.01177024096,0,0,0,0.3680309523,0.02029399437,0.03499491691,-0.002043155255,-0.004869770259,-9.025773761e-05,0.001447842799,-0.003654776976,-0.001890299368,0.7281161078,0.0005599743071,0.0002208769916,-0.001286452477,1,0,0,0
8.230194807,6.210110426,torque,hover,0.01820348389,-0.009401711635,-1.632519007,0,0,-2,-0.01586896554,0.004975975025,0.01182941161,0,0,0,0.3680516804,0.02040880628,0.03469866005,-0.001711683115,-0.005830775946,-0.000549862918,0.001431357246,-0.002838948278,-0.001911784785,0.7281369858,0.0004795837538,0.0005251829697,-0.0008328496184,1,0,0,0
8.240273237,6.220188856,torque,hover,0.01825316995,-0.009470481426,-1.632500529,0,0,-2,-0.01591396332,0.005112525076,0.01185110211,0,0,0,0.3680743528,0.02049001616,0.03431520385,-0.001687838812,-0.006094256882,-0.001093913568,0.001695084185,-0.001719825324,-0.001917405416,0.7281491704,0.0005117214257,0.0007838612922,-0.0002828037938,1,0,0,0
8.250207663,6.230123281,torque,hover,0.01831096411,-0.009540968575,-1.632480741,0,0,-2,-0.01595993713,0.005195275415,0.01189135946,0,0,0,0.3680988014,0.02056975716,0.03431137584,-0.001371359685,-0.007063975092,-0.001073853811,0.001941940144,-0.001200453071,-0.001922869291,0.7281665574,0.0004995682213,0.000983648398,-0.0003074253776,1,0,0,0
8.260220766,6.240136385,torque,hover,0.01841181889,-0.009671393782,-1.632459641,0,0,-2,-0.01608268172,0.005427306052,0.01198472176,0,0,0,0.3681283021,0.02077839883,0.03476314018,-0.0018782306,-0.006547210272,-0.001313105924,0.002158011549,0.000271624487,-0.00191076538,0.7281978452,0.0005812631608,0.00114868316,-5.423449508e-05,1,0,0,0
8.270177603,6.250093222,torque,hover,0.01845509,-0.009731061757,-1.632445455,0,0,-2,-0.01607310772,0.005540068261,0.01206281502,0,0,0,0.3681462043,0.02084583062,0.03584158311,-0.001702293986,-0.004724174738,-0.001301626791,0.002757046422,0.0008020024073,-0.001906703108,0.7282227851,0.0006680777297,0.0009543483475,-6.432036909e-05,1,0,0,0
8.280177116,6.260092735,torque,hover,0.0185036771,-0.009793954901,-1.632431865,0,0,-2,-0.01611558907,0.005626092199,0.0121182343,0,0,0,0.3681638788,0.0209336267,0.03619129195,-0.001200519502,-0.004412498325,-0.002232420258,0.00282463002,0.001038424366,-0.00187459775,0.7282417569,0.0005828452988,0.0009081053842,0.0009074266786,1,0,0,0
8.290197849,6.270113468,torque,hover,0.01854755171,-0.009853227995,-1.632415771,0,0,-2,-0.01614732668,0.005753221922,0.01220516488,0,0,0,0.3681837352,0.02104285558,0.03646270506,-0.0002922837739,-0.002221103525,-0.002432618057,0.002934433702,0.001534061434,-0.001842761386,0.7282696124,0.0004588149453,0.0006720146658,0.001134937581,1,0,0,0
8.300186872,6.280102491,torque,hover,0.01858698763,-0.009908934124,-1.632397175,0,0,-2,-0.01615921035,0.005856965668,0.01223730016,0,0,0,0.3682057851,0.0210991858,0.0364866055,-7.400711638e-06,-0.001005048049,-0.002769738669,0.0031273055,0.001715972288,-0.001801078496,0.7282844938,0.0004449736974,0.000506877144,0.001508434432,1,0,0,0
8.310176849,6.290092468,torque,hover,0.01866476424,-0.01001683064,-1.632357955,0,0,-2,-0.01620674692,0.006093672477,0.01234881673,0,0,0,0.3682517937,0.02126698767,0.03583067512,0.001779512851,0.002952138893,-0.002112403978,0.003313971576,0.002196940519,-0.001760797657,0.7283269605,0.0002321588275,4.973602048e-05,0.000868287189,1,0,0,0
8.320183754,6.300099373,torque,hover,0.01870325767,-0.01006922778,-1.632337093,0,0,-2,-0.01621312089,0.006160749123,0.01238972135,0,0,0,0.3682760026,0.02131490826,0.03513017056,0.002710110508,0.00419120444,-0.001025069389,0.003285790815,0.001662505196,-0.001764666878,0.7283449091,8.925214951e-05,-0.0002568973418,-0.00024163951,1,0,0,0
8.330175638,6.310091257,torque,hover,0.01873743162,-0.01011826098,-1.632314086,0,0,-2,-0.01625723951,0.006295220461,0.0124180438,0,0,0,0.3683020526,0.02140409888,0.0339221216,0.004472835455,0.005668841302,-0.001016565016,0.002850693303,0.001758533144,-0.00176684302,0.7283604091,-0.0002517415164,-0.0004323396732,-0.0002508328624,1,0,0,0
8.340183258,6.320098877,torque,hover,0.01880638301,-0.01020965073,-1.632272601,0,0,-2,-0.01632614806,0.006513046101,0.0124061238,0,0,0,0.3683495037,0.02151452504,0.03157433311,0.005926069338,0.008457765914,-0.0007603691192,0.002301158901,0.001448216393,-0.001774062438,0.7283724041,-0.000527266838,-0.0008259186769,-0.0005169398003,1,0,0,0
8.350174665,6.330090284,torque,hover,0.0188410636,-0.01025260706,-1.632253766,0,0,-2,-0.01636656001,0.006567291915,0.01241377648,0,0,0,0.3683712722,0.02156607188,0.03074281697,0.006547249854,0.008061535656,-0.001466475893,0.001779023916,0.0006185539134,-0.001768438525,0.7283811729,-0.0007046457321,-0.0009428421222,0.0002066572857,1,0,0,0
8.360173702,6.340089321,torque,hover,0.01887132041,-0.01029238477,-1.632233381,0,0,-2,-0.0163929686,0.006660813466,0.01231954992,0,0,0,0.3683942803,0.02156077841,0.03052377026,0.006219787989,0.008151062764,-0.001520357328,0.001430810896,0.000231090137,-0.001760342641,0.7283646561,-0.0007048215835,-0.001014027388,0.0002675160915,1,0,0,0
8.370170832,6.350086451,torque,hover,0.01891834661,-0.01036328543,-1.632179499,0,0,-2,-0.01655983925,0.006751522887,0.01229760144,0,0,0,0.3684524701,0.02170350982,0.03233702331,0.0047489875,0.006095828023,-0.0003898201103,-0.0001303742526,-0.0007044072177,-0.001798448534,0.7283785596,-0.0007974204359,-0.0008680501577,-0.0009090918805,1,0,0,0
8.380177259,6.360092878,torque,hover,0.01894224249,-0.01039601024,-1.632164001,0,0,-2,-0.01668983325,0.006803628523,0.01223418489,0,0,0,0.3684700902,0.02178336923,0.03325205467,0.004360304214,0.00476712361,-0.001060376526,-0.00112149314,-0.001031006242,-0.001799299538,0.7283680474,-0.0009238113763,-0.0007365609417,-0.0002256251687,1,0,0,0
8.390178919,6.370094538,torque,hover,0.01896141469,-0.01042577252,-1.632146955,0,0,-2,-0.01673421264,0.006907078903,0.01220864058,0,0,0,0.3684889348,0.02183557914,0.03349554076,0.00415305933,0.003677197034,-0.001808423433,-0.001236847723,-0.0008789626,-0.001779557839,0.7283677131,-0.0008652945699,-0.0005334153048,0.0005494239332,1,0,0,0
8.400192499,6.380108118,torque,hover,0.01897639036,-0.01045261975,-1.632128,0,0,-2,-0.01677745953,0.006972645409,0.01220932137,0,0,0,0.3685093877,0.02188991687,0.0337171368,0.00289292261,0.001887808554,-0.001596498187,-0.001379712083,-0.0009719725341,-0.001765028959,0.7283747294,-0.000678676211,-0.0003039231395,0.000343931637,1,0,0,0
8.410157442,6.390073061,torque,hover,0.01898718812,-0.01047683042,-1.632107019,0,0,-2,-0.01683283038,0.007017812226,0.01218662504,0,0,0,0.3685315759,0.02193416734,0.03351253845,0.002552178688,-0.0002727367391,-0.001966176787,-0.001677621389,-0.001062048047,-0.001738794358,0.7283765536,-0.0006636115674,-3.265212054e-05,0.0007397052382,1,0,0,0
8.420190096,6.400105715,torque,hover,0.01899599843,-0.01050379407,-1.632101536,0,0,-2,-0.01694011874,0.007015877869,0.01209568884,0,0,0,0.3685382716,0.02196578826,0.03383968137,0.0008858661749,-0.002058437327,-0.0007331095403,-0.002358733814,-0.001399047415,-0.001745897661,0.7283554585,-0.0005580000122,0.0001218079607,-0.0005192347105,1,0,0,0
8.430177689,6.410093307,torque,hover,0.01899946667,-0.01054982375,-1.632059455,0,0,-2,-0.01715595834,0.007185376249,0.0119975144,0,0,0,0.3685817728,0.02213361449,0.03278310417,-0.001287040999,-0.004519219976,-0.001042969059,-0.003661994209,3.329492262e-05,-0.00176700854,0.7283457113,-0.0005254382716,0.0007502573,-0.0002149459451,1,0,0,0
8.440180302,6.420095921,torque,hover,0.01899452135,-0.01056854706,-1.632023335,0,0,-2,-0.01730094664,0.007257124875,0.01195567846,0,0,0,0.3686181118,0.02224695178,0.03227333113,-0.0009131893748,-0.005955791101,-0.001751082134,-0.004271071509,0.0005839973753,-0.001749971254,0.7283481239,-0.0006712315339,0.001022752243,0.0005198376027,1,0,0,0
8.450175047,6.430090666,torque,hover,0.01898545399,-0.01059756801,-1.632009387,0,0,-2,-0.01743395813,0.007382200565,0.0119116772,0,0,0,0.3686324011,0.02236800918,0.03226109928,-0.001835030736,-0.006102206185,-0.0009434043895,-0.004635659461,0.00145183892,-0.00175511642,0.7283419459,-0.0005786803962,0.001181927621,-0.0003059533239,1,0,0,0
8.460180044,6.440095663,torque,hover,0.01895364374,-0.01064624358,-1.631976247,0,0,-2,-0.01768604293,0.007534136996,0.01186287962,0,0,0,0.3686652493,0.02258953846,0.03325766551,-0.003819528269,-0.005438969005,-0.0003629573621,-0.005883943108,0.002697645375,-0.001772958789,0.7283414529,-0.00057082306,0.001268637113,-0.0009051404621,1,0,0,0
8.470188618,6.450104237,torque,hover,0.01893149316,-0.01066615339,-1.631957054,0,0,-2,-0.01776102372,0.007637675852,0.01183863729,0,0,0,0.3686838459,0.02267027545,0.03339230382,-0.005312598776,-0.00483828038,-0.001391173224,-0.005371870955,0.003193308957,-0.001765869619,0.7283422019,-0.0001953331632,0.001229676541,0.0001442734935,1,0,0,0
8.480193615,6.460109234,torque,hover,0.01891957223,-0.01069778856,-1.631956816,0,0,-2,-0.01788136363,0.007764181588,0.01181912329,0,0,0,0.3686843886,0.02279731029,0.03444512946,-0.005776374135,-0.003448921023,0.000100752768,-0.005197347037,0.003693621956,-0.00179926824,0.7283372704,-6.280063638e-05,0.001089829833,-0.00140093375,1,0,0,0
8.490198135,6.470113754,torque,hover,0.01890307665,-0.01072600018,-1.631953955,0,0,-2,-0.01799248345,0.007867903449,0.01189577486,0,0,0,0.3686872182,0.02295959113,0.03485006687,-0.006857501809,-0.001274720882,-0.0004470133281,-0.004970140429,0.003881729884,-0.001817306781,0.7283576827,0.0001548509158,0.000780367331,-0.0008580281405,1,0,0,0
8.500198603,6.480114222,torque,hover,0.01885702275,-0.01077275164,-1.631962061,0,0,-2,-0.0182005316,0.008040914312,0.01192309242,0,0,0,0.3686781307,0.02319646064,0.03477417178,-0.006160556339,0.002337052254,-0.0008425106644,-0.005460098107,0.004393645664,-0.001834848619,0.7283615685,-9.341085876e-05,0.0003656034697,-0.0004673791412,1,0,0,0
8.510195971,6.490111589,torque,hover,0.01883259602,-0.01080844924,-1.631987453,0,0,-2,-0.01827649958,0.008121789433,0.01182208583,0,0,0,0.3686525795,0.02323264113,0.0337982933,-0.007712886669,0.004548044875,-0.0009965094505,-0.004816331192,0.003871519786,-0.001842653348,0.7283267298,0.0002914074911,-7.80886596e-05,-0.0003196405529,1,0,0,0
8.520199537,6.500115156,torque,hover,0.01880402677,-0.01084080338,-1.632010341,0,0,-2,-0.01835286058,0.008222671226,0.01175706647,0,0,0,0.3686292227,0.0232952447,0.03265398559,-0.008673522621,0.006936627906,-0.001109382953,-0.00424533618,0.003510099348,-0.001849343324,0.7283019161,0.0005544784111,-0.0004828496541,-0.0002121779475,1,0,0,0
8.530190229,6.510105848,torque,hover,0.01877164096,-0.01086957939,-1.632030725,0,0,-2,-0.01842456125,0.008341652341,0.01173424721,0,0,0,0.36860807,0.02338247588,0.03156603897,-0.008344849572,0.008504873142,-0.001400087262,-0.003744973519,0.00327746849,-0.001846779549,0.728288702,0.0006105181648,-0.0007273340772,8.384113262e-05,1,0,0,0
8.540191889,6.520107508,torque,hover,0.01871742494,-0.01093371119,-1.632083893,0,0,-2,-0.01855890453,0.008525867946,0.01167687494,0,0,0,0.3685541344,0.023526002,0.03034238957,-0.00944669731,0.01131632272,-0.001507654553,-0.003432841316,0.002552859106,-0.001837942712,0.7282548255,0.0007489269682,-0.001178109505,0.000199573379,1,0,0,0
8.550185442,6.530101061,torque,hover,0.01869554073,-0.01096926909,-1.63210988,0,0,-2,-0.01860894635,0.008612598293,0.01161359623,0,0,0,0.3685281376,0.02356576651,0.03119563189,-0.008536391892,0.01245861407,-0.001070337021,-0.002614618472,0.001636761365,-0.001842931977,0.7282293323,0.0007952118546,-0.001498943741,-0.0002518768411,1,0,0,0
8.560190678,6.540106297,torque,hover,0.01866965741,-0.01100149937,-1.632133245,0,0,-2,-0.01867556013,0.008687837981,0.01157159824,0,0,0,0.3685044616,0.02362534573,0.0327972594,-0.008544801734,0.01211517956,-0.001395093859,-0.002102317546,0.0007723276866,-0.001837720925,0.7282101753,0.0008877440874,-0.001589500096,8.189068898e-05,1,0,0,0
8.57018137,6.550096989,torque,hover,0.01863176934,-0.0110772578,-1.632183671,0,0,-2,-0.01874722168,0.008741190657,0.01162554231,0,0,0,0.3684544753,0.02372804182,0.03834613098,-0.007094734814,0.00964000728,-0.001767910202,-0.001516144743,-0.001136498716,-0.001825098338,0.7282055254,0.0007426945921,-0.001552343613,0.0004702816762,1,0,0,0
8.580214739,6.560130358,torque,hover,0.01861962117,-0.0111203678,-1.632210374,0,0,-2,-0.01875606924,0.008816158399,0.01164073497,0,0,0,0.3684285032,0.02377018075,0.04144219427,-0.006092729513,0.008272118866,-0.0006333861384,-0.0005631317377,-0.001737032718,-0.001846082933,0.728199669,0.0008029565338,-0.001436487922,-0.0007009531089,1,0,0,0
8.590181589,6.570097208,torque,hover,0.01860357821,-0.01116003189,-1.632233858,0,0,-2,-0.01876714639,0.008839360438,0.01166214421,0,0,0,0.3684054486,0.0237980185,0.04439760847,-0.005932874046,0.006335998885,-0.001032006112,0.0001155152446,-0.002581643137,-0.001854723534,0.7281965634,0.0009048271122,-0.001306169156,-0.0003016652957,1,0,0,0
8.600200176,6.580115795,torque,hover,0.01858390681,-0.01119680051,-1.632254243,0,0,-2,-0.01873363182,0.008852133527,0.01168857794,0,0,0,0.368385222,0.02378932709,0.04697196669,-0.005910909735,0.003434243146,-0.001249613706,0.001024308797,-0.003247415357,-0.001856743962,0.7281958668,0.00106983029,-0.001006997671,-8.196325382e-05,1,0,0,0
8.610184669,6.590100288,torque,hover,0.01858651079,-0.01124296524,-1.632286906,0,0,-2,-0.01869946159,0.008877096698,0.01168274414,0,0,0,0.3683541529,0.02376887082,0.04859715574,-0.004824121948,0.0001060879295,-0.001649649581,0.001973172903,-0.00365081828,-0.001846678862,0.7281825553,0.001088423022,-0.000601662273,0.000332052176,1,0,0,0
8.620188475,6.600104094,torque,hover,0.01858010702,-0.01132602617,-1.632357955,0,0,-2,-0.01870588586,0.008876854554,0.01160011813,0,0,0,0.3682854498,0.02373334054,0.04907769102,-0.002243634313,-0.004016589373,-0.0007277951809,0.002307787456,-0.004195164814,-0.001846334243,0.7281358893,0.0007389190196,-0.000149806646,-0.000606370529,1,0,0,0
8.630183697,6.610099316,torque,hover,0.01857103594,-0.01136322878,-1.632389188,0,0,-2,-0.01867081411,0.008895660751,0.01156972907,0,0,0,0.36825496,0.0236979052,0.0482684109,-0.001443020883,-0.007050906308,-0.0009316031937,0.002789085744,-0.003897773115,-0.001857529983,0.7281168939,0.0007038871995,0.0003458419491,-0.0004071687986,1,0,0,0
8.640182734,6.620098352,torque,hover,0.01855853014,-0.01139732171,-1.63241744,0,0,-2,-0.01859997399,0.008932386525,0.01156750321,0,0,0,0.36822718,0.02365488728,0.04723818512,-0.0006882453454,-0.008253726177,-0.001145734685,0.003423985601,-0.003369652552,-0.001862066629,0.7281061218,0.0007102227389,0.0006213502296,-0.0001933160791,1,0,0,0
8.65018177,6.630097389,torque,hover,0.01855824701,-0.01143526752,-1.632464409,0,0,-2,-0.01856816933,0.008969102986,0.01152783912,0,0,0,0.3681814561,0.023624411,0.04501877608,0.002032975201,-0.01045177411,-0.001288341358,0.003580073047,-0.002764901963,-0.001861255616,0.7280790849,0.0003384701473,0.001034696671,-4.746491016e-05,1,0,0,0
8.660218716,6.640134335,torque,hover,0.01854644157,-0.01150142308,-1.632549405,0,0,-2,-0.01855289191,0.009089762345,0.01140173059,0,0,0,0.3680980751,0.02359730998,0.0397226256,0.002592329867,-0.0117445169,-0.002382374136,0.003314606329,-0.001034455474,-0.00179752531,0.7280163551,0.0001946457176,0.001489639552,0.001113534818,1,0,0,0
8.670184374,6.650099993,torque,hover,0.01853491925,-0.01152945496,-1.632586718,0,0,-2,-0.01853442378,0.009183674119,0.01134480909,0,0,0,0.3680611249,0.02359172373,0.03768618252,0.005450062454,-0.01094654948,-0.0009654815658,0.003063954396,9.992809656e-05,-0.00179952712,0.72798841,-0.0002622701568,0.001576796401,-0.0003302009918,1,0,0,0
8.680202484,6.660118103,torque,hover,0.018521294,-0.01155091263,-1.63264668,0,0,-2,-0.01861706935,0.00932091102,0.01132934447,0,0,0,0.3680012551,0.02370292597,0.0360625697,0.004515361041,-0.01093935315,-0.001109157573,0.00202924326,0.001651682845,-0.001795596833,0.7279627297,-0.0003625189762,0.001859008676,-0.0001775012495,1,0,0,0
8.690190077,6.670105696,torque,hover,0.01850364171,-0.01156874187,-1.632702947,0,0,-2,-0.01862969063,0.00944028236,0.01132487506,0,0,0,0.3679447594,0.02375788499,0.03521327109,0.005929221399,-0.008101500571,-0.002012389014,0.001608218549,0.002696720265,-0.001763435415,0.7279411857,-0.0006272344674,0.001622102696,0.0007655560475,1,0,0,0
8.700181723,6.680097342,torque,hover,0.01845746301,-0.01159452647,-1.632804513,0,0,-2,-0.01867500134,0.009635313414,0.01134562213,0,0,0,0.3678418637,0.02388133332,0.03563141523,0.006856142078,-0.005331777502,-0.001139057451,0.0002671758492,0.004492341124,-0.001748263761,0.7279095874,-0.0009819661821,0.001529791293,-0.0001116551395,1,0,0,0
8.710172892,6.690088511,torque,hover,0.01842576638,-0.0116097806,-1.632874489,0,0,-2,-0.01871419139,0.00974369701,0.0113009112,0,0,0,0.3677709026,0.02393472759,0.03617499041,0.005413646344,-0.002160828095,-0.0009023638559,-0.0003798000155,0.004874658144,-0.001748372765,0.7278728603,-0.0008814754471,0.001105653922,-0.0003521603368,1,0,0,0
8.720189333,6.700104952,torque,hover,0.01839068905,-0.01162167545,-1.632940412,0,0,-2,-0.01873234101,0.009850902483,0.01134058367,0,0,0,0.3677037153,0.02401144971,0.03589352894,0.005408384837,0.001084063551,-0.00203334121,-0.0008271490633,0.005063109766,-0.001717188274,0.727859004,-0.0009335382257,0.0006496372804,0.0008214933516,1,0,0,0
8.73017478,6.710090399,torque,hover,0.01835236326,-0.01163036656,-1.6330024,0,0,-2,-0.01873987541,0.009918018244,0.01134181023,0,0,0,0.3676401947,0.02404551258,0.03500552674,0.00438503921,0.004256882239,-0.001116527128,-0.001180720375,0.004745283773,-0.001710887677,0.7278368424,-0.0008260303196,0.0001107057822,-0.0001078559888,1,0,0,0
8.74021697,6.720132589,torque,hover,0.01824529655,-0.01163750514,-1.633152604,0,0,-2,-0.01884785108,0.01015087962,0.01137656905,0,0,0,0.3674851483,0.02424269314,0.0321870221,0.001792079303,0.01103482861,-0.001359626302,-0.003002323936,0.005193936017,-0.001682594603,0.7277911649,-0.0008232731028,-0.0006599197721,0.000161271065,1,0,0,0
8.750186443,6.730102062,torque,hover,0.01817697287,-0.01163571887,-1.63323009,0,0,-2,-0.01890403964,0.01026013028,0.01140023954,0,0,0,0.3674043536,0.02434334508,0.03084699064,0.00128173863,0.01299601793,-0.001007259591,-0.003579565042,0.004709065508,-0.001676608136,0.7277690554,-0.000831248597,-0.001025473,-0.0001941805783,1,0,0,0
8.760185003,6.740100622,torque,hover,0.01810576767,-0.01163037773,-1.633303285,0,0,-2,-0.01894573122,0.01042932831,0.01142487861,0,0,0,0.3673275998,0.0244589344,0.02971768899,-0.0003582299105,0.01439380553,-0.001598383416,-0.003846166107,0.004674201625,-0.001653834656,0.7277487326,-0.0006156694503,-0.001194403111,0.0004235396422,1,0,0,0
8.770168543,6.750084162,torque,hover,0.01793221012,-0.01160819363,-1.633455276,0,0,-2,-0.01909875125,0.0106262723,0.01139330957,0,0,0,0.3671666497,0.0246472608,0.03005685918,-0.001453355188,0.01612453721,-0.0009259420331,-0.005932488096,0.004257391708,-0.001640234994,0.7276855578,-0.0009094075439,-0.001400326678,-0.0002523713564,1,0,0,0
8.780182838,6.760098457,torque,hover,0.01782978699,-0.01159196161,-1.633534193,0,0,-2,-0.01919523068,0.01073127706,0.01136668585,0,0,0,0.3670823648,0.02475517593,0.0314224291,-0.002590730321,0.01483445056,-0.001400744077,-0.006490275374,0.003546358347,-0.001623964099,0.7276501499,-0.0008086495389,-0.001361690999,0.0002428292285,1,0,0,0
8.790173292,6.770088911,torque,hover,0.01772505417,-0.01157282013,-1.633624315,0,0,-2,-0.01926875673,0.01078165509,0.01137264725,0,0,0,0.3669867165,0.02483679081,0.03282134227,-0.005449809134,0.01372065116,-0.001384260831,-0.006689457711,0.002489865567,-0.001607220211,0.7276189603,-0.0004000605336,-0.001424097748,0.0002390520406,1,0,0,0
8.800178051,6.78009367,torque,hover,0.01761785895,-0.01155136432,-1.63370955,0,0,-2,-0.01936991513,0.01080562919,0.01142645627,0,0,0,0.3668957847,0.02495033341,0.03513352971,-0.005422535352,0.01211618539,-0.0006674326723,-0.007134232617,0.001467703557,-0.001609540021,0.72760167,-0.0004593126117,-0.001402186325,-0.0004927828195,1,0,0,0
8.810203791,6.79011941,torque,hover,0.01750393584,-0.01152605843,-1.633806944,0,0,-2,-0.01940898784,0.01081834268,0.01145784371,0,0,0,0.3667923011,0.02500055058,0.03684890222,-0.006166903768,0.01075211447,-0.001372427447,-0.007006629619,0.0005391509256,-0.001591458954,0.7275743029,-0.0002818936196,-0.001386567131,0.0002383411044,1,0,0,0
8.820188046,6.800103664,torque,hover,0.0172699485,-0.01146891247,-1.63398695,0,0,-2,-0.01957502589,0.01092329342,0.01154294889,0,0,0,0.3665996998,0.02521387806,0.03903877607,-0.007230980322,0.007445210125,-0.0009014415555,-0.008668094464,0.000759373492,-0.001566810118,0.7275305749,-0.0005297828171,-0.0007813691846,-0.0002210818748,1,0,0,0
8.83017993,6.810095549,torque,hover,0.01714974083,-0.01143649966,-1.634069562,0,0,-2,-0.0196350608,0.01095887553,0.01164628286,0,0,0,0.3665105628,0.02532327921,0.03846270331,-0.008964720182,0.003820094513,-0.001594435074,-0.0082173641,0.0004457655852,-0.001538352172,0.7275268204,-0.000127721194,-0.0003553649244,0.0005080163797,1,0,0,0
8.840215445,6.820131063,torque,hover,0.01702111028,-0.01139614545,-1.634172678,0,0,-2,-0.01972980238,0.01101515256,0.01172840316,0,0,0,0.3664003546,0.02545887132,0.03690769877,-0.009616282769,0.001375683583,-0.001820448553,-0.008159909445,0.0006349190736,-0.001502539143,0.7275102615,1.052881645e-05,1.080925282e-05,0.0007660004169,1,0,0,0
8.850185394,6.830101013,torque,hover,0.0167580042,-0.01130869612,-1.634386182,0,0,-2,-0.01985372975,0.0111281164,0.0119012082,0,0,0,0.3661723383,0.02568354174,0.03271382558,-0.01211544685,-0.0009854085511,-0.001233907416,-0.008955720369,0.002072559509,-0.001480916152,0.7274767059,0.0001269487142,0.0006407500718,0.0001898913243,1,0,0,0
8.860189199,6.840104818,torque,hover,0.01662397012,-0.0112617081,-1.634496093,0,0,-2,-0.01988970861,0.01116048638,0.01196110528,0,0,0,0.366055035,0.02575315523,0.0300395966,-0.01245052554,-0.001202783547,-0.002014762489,-0.007999838907,0.002000636841,-0.001439006563,0.7274520719,0.0004274498398,0.0005904380683,0.001014259196,1,0,0,0
8.870175123,6.850090742,torque,hover,0.01648338139,-0.01120166294,-1.634615421,0,0,-2,-0.01997481659,0.01126052532,0.01203353517,0,0,0,0.3659276834,0.02589592047,0.02693711445,-0.01244057808,-0.003367151599,-0.00117696228,-0.007612926757,0.002901606912,-0.001419769997,0.7274271961,0.0005255957341,0.001038091354,0.0001770306483,1,0,0,0
8.880197525,6.860113144,torque,hover,0.01634133793,-0.0111392634,-1.634728789,0,0,-2,-0.01996706985,0.01139410678,0.01209593192,0,0,0,0.3658062053,0.02597731927,0.02437161488,-0.01322653517,-0.003138807137,-0.0005289475084,-0.006411556182,0.003933535975,-0.00141466866,0.7274019337,0.0009077341652,0.001168915845,-0.0004795896068,1,0,0,0
8.890203476,6.870119095,torque,hover,0.01619827002,-0.01107444521,-1.634836555,0,0,-2,-0.01998250932,0.01150067989,0.01215123199,0,0,0,0.365690264,0.02606182563,0.02297887487,-0.01240324322,-0.002599847037,-0.001191257616,-0.005670683833,0.004651888068,-0.00139058952,0.7273768989,0.0009394419294,0.001178799595,0.0002109261834,1,0,0,0
8.900205851,6.880121469,torque,hover,0.01590899937,-0.01093793754,-1.635035157,0,0,-2,-0.01995425113,0.0117067555,0.01238282118,0,0,0,0.3654751308,0.02624032246,0.02449083967,-0.0130220456,-0.0007321336889,-0.0008886316209,-0.005238355451,0.007083713659,-0.001366530749,0.7273636283,0.001002947107,0.001385714079,-7.687159778e-05,1,0,0,0
8.910190582,6.890106201,torque,hover,0.01575787924,-0.01085403468,-1.635111213,0,0,-2,-0.01995420642,0.01177073643,0.0124887852,0,0,0,0.3653901311,0.02631901111,0.02592947216,-0.01180538721,0.0007098902715,-0.00116554636,-0.004471532412,0.007043539037,-0.001345642426,0.7273629226,0.0009904097619,0.001078569165,0.0002166157557,1,0,0,0
8.920197487,6.900113106,torque,hover,0.01560580358,-0.01076836605,-1.635182023,0,0,-2,-0.01997115836,0.01189581491,0.01260737237,0,0,0,0.3653103545,0.02644434564,0.02752652213,-0.01117090043,0.002467143815,-0.001473493408,-0.00394213842,0.007547132691,-0.001312501673,0.7273673137,0.0009977879455,0.0008776706992,0.000552284555,1,0,0,0
8.930190086,6.910105705,torque,hover,0.01545256283,-0.01068075653,-1.635248065,0,0,-2,-0.02003571205,0.01199980266,0.01263502147,0,0,0,0.3652353137,0.02655313143,0.02859623271,-0.01045135502,0.003997797146,-0.001231088769,-0.003948234574,0.007813630371,-0.001285502996,0.7273503856,0.0008693214738,0.0006654608779,0.0003232944006,1,0,0,0
8.940208435,6.920124054,torque,hover,0.01513393875,-0.01047938503,-1.635377884,0,0,-2,-0.019959867,0.01222303417,0.01275934,0,0,0,0.3650864845,0.02665707433,0.03056320866,-0.008983691223,0.009604584426,-0.001454388606,-0.003766438566,0.009671401627,-0.001211867707,0.7273348532,0.0006276573322,0.0003163305901,0.0006020868264,1,0,0,0
8.950185537,6.930101156,torque,hover,0.01496959664,-0.01036614459,-1.635441184,0,0,-2,-0.01993279159,0.01231811382,0.01284923032,0,0,0,0.3650132546,0.02672367543,0.0305053391,-0.007625150029,0.01118805911,-0.001187440241,-0.003123670991,0.009215444498,-0.001181883404,0.727334716,0.0005885315346,-6.143532429e-05,0.000348467556,1,0,0,0
8.960198641,6.94011426,torque,hover,0.01480499655,-0.01025129482,-1.635499597,0,0,-2,-0.0199032072,0.01246706024,0.01297376119,0,0,0,0.3649449562,0.02683064902,0.0301066519,-0.006559165195,0.01402206346,-0.001211045193,-0.002594986154,0.009145216887,-0.001150553698,0.727345138,0.0005576133824,-0.0004945058007,0.0003923719949,1,0,0,0
8.970190763,6.950106382,torque,hover,0.01464009751,-0.01013470255,-1.635553122,0,0,-2,-0.0198480133,0.01264458708,0.01309697516,0,0,0,0.3648815861,0.02693250773,0.02967899418,-0.005742127541,0.01530638337,-0.001627756748,-0.001982170345,0.009215219242,-0.001106723803,0.7273569997,0.0005756727643,-0.0006636822821,0.0008477082836,1,0,0,0
8.9801898,6.960105419,torque,hover,0.01425438374,-0.009855574928,-1.635691285,0,0,-2,-0.01981999353,0.01293241885,0.01324837562,0,0,0,0.3647206596,0.02712192945,0.02695004027,-0.004304760136,0.01699538529,-0.001001259661,-0.00353180953,0.01116527552,-0.001030517659,0.7273454056,-2.659087918e-05,-0.0003508259221,0.0002621948936,1,0,0,0
8.990191936,6.970107555,torque,hover,0.01406202279,-0.00971476268,-1.635752916,0,0,-2,-0.01979363896,0.01294341497,0.01337854937,0,0,0,0.3646478507,0.02717178164,0.02543674586,-0.003624466248,0.01784721017,-0.0004365706118,-0.003473119922,0.009308987944,-0.001022268817,0.7273561257,-7.383957911e-05,-0.0009439003433,-0.000310575908,1,0,0,0
9.000191927,6.980107546,torque,hover,0.01386987884,-0.00957355462,-1.635809541,0,0,-2,-0.01977654733,0.01302467473,0.0134762954,0,0,0,0.364580193,0.02724636698,0.0240989107,-0.00205944106,0.01615700498,-0.0001378602901,-0.003571691064,0.008471316835,-0.001021870431,0.7273604452,-0.0002793926726,-0.0009093847286,-0.0006159192956,1,0,0,0
9.010183573,6.990099192,torque,hover,0.01365035214,-0.009432441555,-1.635883331,0,0,-2,-0.01980146393,0.01309575886,0.01359912567,0,0,0,0.364494515,0.02735933283,0.02240399326,-0.001787403598,0.01527298708,5.471835175e-05,-0.004379754228,0.007784813859,-0.001026866755,0.7273649246,-0.0004662112997,-0.0009422611048,-0.0008175291109,1,0,0,0
9.020191193,7.000106812,torque,hover,0.01321361959,-0.009148752317,-1.636015177,0,0,-2,-0.01975011826,0.01312935911,0.01381798834,0,0,0,0.3643394721,0.02744784224,0.02134824718,-0.001244694926,0.01284091081,-0.0001847256208,-0.006595223616,0.007886765782,-0.001003940129,0.7273727702,-0.001003147409,-0.0004845686665,-0.0005609253638,1,0,0,0
9.03018856,7.010104179,torque,hover,0.01299643517,-0.009006675333,-1.636058927,0,0,-2,-0.01975119114,0.01314598508,0.0139051592,0,0,0,0.3642844115,0.02750054413,0.02094414499,-0.0001377422159,0.01066133473,-0.0004255259992,-0.00685007475,0.006882879435,-0.0009977392002,0.7273790921,-0.001124135272,-0.0004400279276,-0.0003104429771,1,0,0,0
9.04019928,7.020114899,torque,hover,0.01275544986,-0.00885983929,-1.636122942,0,0,-2,-0.01978700235,0.01319782436,0.01399938855,0,0,0,0.3642083355,0.02759874834,0.0199563607,-0.001214105752,0.007207529154,-0.0002699129109,-0.007604819887,0.006686608742,-0.0009957078027,0.7273798887,-0.001066768676,-2.593327964e-05,-0.0004639900167,1,0,0,0
9.050195932,7.030111551,torque,hover,0.01251533069,-0.008712745272,-1.636181593,0,0,-2,-0.01982603595,0.01320408378,0.01412602793,0,0,0,0.3641378568,0.02769411842,0.02028158217,-0.001497299294,0.00686092535,-0.0001102858078,-0.00834996079,0.006213933654,-0.001001079758,0.7273908443,-0.0011187409,-0.0001102413029,-0.0006305834051,1,0,0,0
9.060205698,7.040121317,torque,hover,0.01203806791,-0.008417946286,-1.636284232,0,0,-2,-0.01979712769,0.01324373204,0.0143026663,0,0,0,0.3640122755,0.02778288982,0.02072963989,-0.00281236181,0.003904490499,-0.000952469185,-0.01058512762,0.007801126887,-0.0009837673193,0.7273986333,-0.001382937121,0.0006746926412,0.0002398964463,1,0,0,0
9.070197582,7.050113201,torque,hover,0.01178050041,-0.008274460211,-1.636342883,0,0,-2,-0.01982518658,0.01326561719,0.01437424868,0,0,0,0.3639419535,0.02785020014,0.02182690803,-0.003468486248,0.003474053461,-0.0009105209028,-0.01086736713,0.007457490947,-0.0009645108815,0.72739565,-0.001251970716,0.0005918472172,0.0002130763028,1,0,0,0
9.080245972,7.060161591,torque,hover,0.01152423117,-0.008130700327,-1.636396289,0,0,-2,-0.01983628981,0.01329846028,0.0145130707,0,0,0,0.3638771426,0.0279456018,0.02279712276,-0.004910554737,0.004068413749,-0.001608278486,-0.01092975746,0.007303935446,-0.000930283418,0.72741162,-0.0009793512286,0.0004284647559,0.0009501465337,1,0,0,0
9.090191841,7.07010746,torque,hover,0.01126948465,-0.007986664772,-1.63644433,0,0,-2,-0.01980636641,0.01328626368,0.01468308084,0,0,0,0.363817967,0.02800731719,0.02363151182,-0.00593455229,0.003690389218,-0.0008496191003,-0.0106937116,0.006872638377,-0.0009165911486,0.7274374304,-0.0007169957547,0.000348317825,0.0001901607986,1,0,0,0
9.100214243,7.080129862,torque,hover,0.01074677426,-0.007699342445,-1.636576295,0,0,-2,-0.01973812655,0.01329869125,0.01501582935,0,0,0,0.3636640791,0.02814114354,0.02420457376,-0.008469297551,0.003303539008,-0.0008358855848,-0.01235163418,0.008487405586,-0.0008553489863,0.7274742404,-0.0007459013321,0.0007608342923,0.0002197373473,1,0,0,0
9.110200405,7.090116024,torque,hover,0.01047904138,-0.007555428427,-1.636643529,0,0,-2,-0.01973815076,0.01335494686,0.01510636508,0,0,0,0.3635860557,0.02821615614,0.0245900871,-0.01040501706,0.003361629322,-0.001050974242,-0.01192856339,0.008575244451,-0.0008393492716,0.7274729968,-0.0003197914034,0.0007201460959,0.0004537633408,1,0,0,0
9.120207071,7.10012269,torque,hover,0.01021300815,-0.007411340717,-1.636705279,0,0,-2,-0.01970772073,0.01332513522,0.01520112157,0,0,0,0.3635138066,0.02823167692,0.02406618989,-0.01169555169,0.003979580943,-0.0009977910668,-0.01133858568,0.007933289059,-0.0008246781884,0.7274747935,2.734816839e-05,0.0004443891506,0.0004117224225,1,0,0,0
9.130192757,7.110108376,torque,hover,0.009948834777,-0.007267267909,-1.636761546,0,0,-2,-0.01969446614,0.01334953308,0.01532364357,0,0,0,0.3634473371,0.02830010746,0.02376243085,-0.01220559794,0.004710979294,-0.0007131260936,-0.0109226313,0.00791919867,-0.0008159033335,0.7274856388,0.0002045074061,0.0003209903418,0.0001284853941,1,0,0,0
9.140219927,7.120135546,torque,hover,0.009374815971,-0.006989608984,-1.636897802,0,0,-2,-0.01960768178,0.01334693842,0.01551464666,0,0,0,0.3632904454,0.02834265709,0.02186163196,-0.01514082029,0.006454527378,-0.0004721426521,-0.01223381207,0.00905720417,-0.0008244862869,0.727485047,0.0002240350722,0.0003606415466,-0.0001275097161,1,0,0,0
9.150199175,7.130114794,torque,hover,0.009091353044,-0.006850655656,-1.63696599,0,0,-2,-0.0195984114,0.0133380387,0.01565091498,0,0,0,0.36321244,0.02840690313,0.02036630536,-0.0163383428,0.00726450514,-0.0005331254215,-0.0115052368,0.008399673289,-0.000825683502,0.7274950889,0.0005773412733,7.159144689e-05,-6.524519701e-05,1,0,0,0
9.160211086,7.140126705,torque,hover,0.008810277097,-0.006711841095,-1.637028456,0,0,-2,-0.01954690367,0.01328496635,0.01577697694,0,0,0,0.3631404849,0.02841627659,0.01819413162,-0.01602245867,0.008200376295,-0.0006834617816,-0.01055582717,0.007431890524,-0.0008226037392,0.727504594,0.0007515930641,-0.0002826837407,8.9709653e-05,1,0,0,0
9.170204163,7.150119781,torque,hover,0.008531621657,-0.006573476829,-1.637084961,0,0,-2,-0.01948333532,0.0132173067,0.01593632437,0,0,0,0.3630748198,0.02842998392,0.0156738529,-0.01661293954,0.010134154,-0.0006632545264,-0.009613645772,0.006418022272,-0.0008200312116,0.7275246926,0.001029748335,-0.0007572218388,7.001492767e-05,1,0,0,0
9.180202723,7.160118341,torque,hover,0.00792066101,-0.006276499014,-1.637215734,0,0,-2,-0.01938184723,0.01316805463,0.01621586829,0,0,0,0.3629249996,0.02849575494,0.01435569805,-0.01647394709,0.01080436446,-0.0001594544592,-0.01088646017,0.007111714857,-0.0008831467322,0.7275486069,0.0005796905686,-0.0005725169587,-0.0004973009684,1,0,0,0
9.19019556,7.170111179,torque,hover,0.007620097604,-0.006128486712,-1.63727212,0,0,-2,-0.01925798878,0.01313320361,0.01636081748,0,0,0,0.3628596692,0.02847854486,0.01488649184,-0.01633902453,0.01234105602,0.0003582687641,-0.009296164442,0.006217632368,-0.0009045459572,0.7275651002,0.0009395920174,-0.0009680318788,-0.001037199462,1,0,0,0
9.200200558,7.180116177,torque,hover,0.007322896272,-0.005981178023,-1.637322426,0,0,-2,-0.01916747727,0.01303881034,0.01651182957,0,0,0,0.3628008022,0.02846125921,0.01652431043,-0.01594826393,0.01195302326,6.91363748e-05,-0.008309517374,0.004996543358,-0.0009190262993,0.7275853307,0.001093996043,-0.001153457046,-0.0007517308367,1,0,0,0
9.210194111,7.19010973,torque,hover,0.006999355275,-0.005821709521,-1.637377858,0,0,-2,-0.01910642162,0.01297824644,0.01654553972,0,0,0,0.3627364071,0.02841205928,0.01839201349,-0.01575276814,0.01222912874,-5.191838136e-05,-0.007978436241,0.004431118101,-0.0009309414135,0.7275740122,0.001110992178,-0.001263324936,-0.0006379426722,1,0,0,0
9.220216274,7.200131893,torque,hover,0.006362798624,-0.00550552737,-1.637428761,0,0,-2,-0.0189605765,0.01284901053,0.01667310111,0,0,0,0.3626688569,0.02833006942,0.02257996591,-0.01519288495,0.010624988,-0.0004078088095,-0.009375825999,0.004714009694,-0.0009455824698,0.7275883352,0.0005953915564,-0.0008470777356,-0.0002939259775,1,0,0,0
9.230193853,7.210109472,torque,hover,0.006050441414,-0.005349130835,-1.637447357,0,0,-2,-0.01880832762,0.01276828535,0.01673545688,0,0,0,0.3626425787,0.0282286701,0.02511609438,-0.01390702836,0.008571258746,7.515477773e-05,-0.007837585919,0.003895521548,-0.0009603961269,0.7275975685,0.0007921938458,-0.0007317500453,-0.0007885847172,1,0,0,0
9.24019599,7.220111609,torque,hover,0.005718481727,-0.005179504864,-1.637470841,0,0,-2,-0.01864858717,0.01266255416,0.01679480448,0,0,0,0.3626112507,0.02811006117,0.02721529936,-0.01342916675,0.008058509789,-0.0006968336529,-0.006774829496,0.003201299375,-0.0009542088319,0.7276042797,0.0009626449532,-0.0007956729858,5.667220733e-06,1,0,0,0
9.25020504,7.230120659,torque,hover,0.005391225219,-0.005011572968,-1.637489915,0,0,-2,-0.0184873417,0.01255043037,0.0168283172,0,0,0,0.362584808,0.02797297563,0.02874665761,-0.01201726496,0.006047358736,-0.0001441327186,-0.005934529327,0.002671268456,-0.0009643688854,0.7276060383,0.0009387963717,-0.0006112548887,-0.0005609247047,1,0,0,0
9.260209322,7.240124941,torque,hover,0.005068785977,-0.004845185205,-1.637504578,0,0,-2,-0.01828602143,0.01245869789,0.01690714248,0,0,0,0.3625632354,0.02784688851,0.03022883054,-0.01183019485,0.004917197861,-0.0006978029851,-0.004856411241,0.00242926346,-0.0009578236962,0.727620864,0.00112908841,-0.0004858549271,1.197578452e-05,1,0,0,0
9.270200014,7.250115633,torque,hover,0.004412386101,-0.004523027223,-1.637517095,0,0,-2,-0.01788875088,0.0122204693,0.01709084027,0,0,0,0.3625379754,0.02759427656,0.0311148013,-0.00896004308,0.002072649775,-0.001933520543,-0.005357048284,0.002859479978,-0.0008980802903,0.7276632164,0.0005110154077,3.828667266e-05,0.001310025042,1,0,0,0
9.280201912,7.260117531,torque,hover,0.004078870639,-0.004367176909,-1.637515664,0,0,-2,-0.0177215673,0.01214576885,0.01712103188,0,0,0,0.3625335891,0.02747186527,0.02990454201,-0.00831927266,0.0006578127504,-0.001652519684,-0.004870602707,0.002918658703,-0.0008622275531,0.727671597,0.0005343920854,0.0002362430191,0.001052984686,1,0,0,0
9.290199995,7.270115614,torque,hover,0.00375041971,-0.004212420899,-1.6375103,0,0,-2,-0.01754082926,0.01208933536,0.01721782982,0,0,0,0.362533575,0.02739135601,0.02861668132,-0.008160552941,-0.001078310423,-0.001891573542,-0.004329732159,0.003247069272,-0.0008186106254,0.7276982872,0.0006286881016,0.0005324820134,0.001331685628,1,0,0,0
9.300195694,7.280111313,torque,hover,0.003091691528,-0.003915482666,-1.637480855,0,0,-2,-0.01712037437,0.01187461056,0.01737194322,0,0,0,0.362553472,0.02712744009,0.02607673766,-0.004358460661,-0.002516816603,0.0003622585209,-0.005251291931,0.004133215767,-0.0008228673738,0.7277483689,-0.0001487618175,0.0008859462054,-0.0009710917896,1,0,0,0
9.310189724,7.290105343,torque,hover,0.0027618194,-0.003773243167,-1.637457132,0,0,-2,-0.0169056356,0.01175498124,0.01746688597,0,0,0,0.3625730215,0.02700133708,0.02460091878,-0.004093652125,-0.001648653648,-0.001126541407,-0.004677140536,0.003755939739,-0.0008011105351,0.7277811981,-2.296194018e-05,0.0006370930953,0.0005622717397,1,0,0,0
9.320223808,7.300139427,torque,hover,0.002437556395,-0.003632390406,-1.637430072,0,0,-2,-0.01666980796,0.01165712997,0.01747222245,0,0,0,0.3625963165,0.02681510272,0.02323262676,-0.002754900604,-0.00209743483,-0.0008732729475,-0.004102891008,0.003705444944,-0.0007859171115,0.7277925056,-5.841687469e-05,0.0006625015668,0.000317820691,1,0,0,0
9.330190659,7.310106277,torque,hover,0.00178768055,-0.003358262358,-1.637375236,0,0,-2,-0.01630964503,0.01138928439,0.01762556285,0,0,0,0.3626447208,0.02657782507,0.01961854828,-0.002525204793,-0.00129331788,-0.0002790190338,-0.006034815454,0.004039569207,-0.0007846060803,0.7278516134,-0.0005327561233,0.0005953862361,-0.0002939545235,1,0,0,0
9.340195417,7.320111036,torque,hover,0.001462244778,-0.003225131659,-1.637347221,0,0,-2,-0.01611620374,0.01125753019,0.01764041372,0,0,0,0.362670067,0.02641303097,0.01815383447,-0.002327928552,-0.0003310865141,-0.000488366175,-0.005754864537,0.003675910018,-0.0007734079757,0.7278656996,-0.0004480960472,0.0003651680627,-7.102126134e-05,1,0,0,0
9.350193501,7.330109119,torque,hover,0.001142172259,-0.00309324055,-1.637315631,0,0,-2,-0.01591389999,0.01116656233,0.01776590012,0,0,0,0.362699358,0.02633574632,0.01675583863,-0.001451038057,0.0006695619086,-0.001089957077,-0.005495063216,0.003696148502,-0.0007450199487,0.7279091371,-0.0004729960324,0.0002334229927,0.0005636367727,1,0,0,0
9.360205412,7.340121031,torque,hover,0.0008274088614,-0.002962648869,-1.637280703,0,0,-2,-0.01573604345,0.01103075873,0.01779538952,0,0,0,0.3627323402,0.0261911548,0.01509727096,-0.000780050992,0.001278883079,-0.0007265266031,-0.005604846052,0.003339534129,-0.0007272612062,0.7279294424,-0.0005611090724,7.459205424e-05,0.0002066290103,1,0,0,0
9.370195866,7.350111485,torque,hover,0.0005147947231,-0.002833540319,-1.637249589,0,0,-2,-0.01558409818,0.01093597244,0.01787219569,0,0,0,0.3627618429,0.02611273613,0.01407838336,-0.0006021806039,0.002260326641,-0.0003989840916,-0.00595366267,0.003376308956,-0.0007190952093,0.7279603961,-0.0006366129293,-3.467458878e-05,-0.0001217802003,1,0,0,0
9.380193472,7.360109091,torque,hover,-9.554732242e-05,-0.002579272492,-1.637177348,0,0,-2,-0.01520622894,0.01070152596,0.0179686565,0,0,0,0.3628318322,0.0258577778,0.01334971293,-0.0017086484,0.003064276883,-0.0004398010205,-0.007439847293,0.003536866302,-0.0006959512404,0.7280113523,-0.0007986894864,-7.699333308e-05,-6.872317782e-05,1,0,0,0
9.390196562,7.370112181,torque,hover,-0.0003929377708,-0.002453792375,-1.637120008,0,0,-2,-0.01498574018,0.01063348167,0.01800202578,0,0,0,0.3628885004,0.0257238464,0.01404463885,-0.00176333182,0.002759255702,0.0004170025641,-0.006755433112,0.003608832818,-0.0007081575802,0.7280407346,-0.0005863404506,-4.356461034e-06,-0.0009449810816,1,0,0,0
9.400212049,7.380127668,torque,hover,-0.0006784774014,-0.002333534649,-1.637066364,0,0,-2,-0.01479439717,0.01050088089,0.01802205108,0,0,0,0.3629417717,0.02557219217,0.01396499129,-0.001940073678,0.00220404705,-0.001212493749,-0.006462117425,0.003118339376,-0.0006754924138,0.7280653807,-0.0004693613901,-3.148008169e-05,0.0007408381435,1,0,0,0
9.410215855,7.390131474,torque,hover,-0.0009593013092,-0.002214622451,-1.637010098,0,0,-2,-0.01459471416,0.01036647521,0.01805463992,0,0,0,0.3629979258,0.02542517477,0.01409497458,-0.002316511935,0.002725515515,8.410306327e-05,-0.006157130388,0.002666249353,-0.0006667388276,0.7280941511,-0.0003346939875,-0.0001902392677,-0.0005714563901,1,0,0,0
9.420209169,7.400124788,torque,hover,-0.001505964436,-0.001980729634,-1.63689065,0,0,-2,-0.01406343654,0.01012478955,0.0181158334,0,0,0,0.3631178754,0.02506940427,0.0120328158,-0.004407013301,0.002613564255,-0.001251313253,-0.0056415096,0.002444714532,-0.0005958653297,0.7281530794,4.75320344e-05,-0.0001807671591,0.0008416938148,1,0,0,0
9.430195808,7.410111427,torque,hover,-0.001771580544,-0.001865757513,-1.636826873,0,0,-2,-0.01383033954,0.0100034466,0.01815702207,0,0,0,0.3631822405,0.02492036689,0.01114841466,-0.005253491458,0.003445865121,-2.934777513e-05,-0.004933928923,0.0020722041,-0.0005826888409,0.7281867156,0.000306903576,-0.000357001184,-0.00039098035,1,0,0,0
9.440207005,7.420122623,torque,hover,-0.002028379822,-0.001757437247,-1.636764526,0,0,-2,-0.01361439005,0.009871344082,0.0181686841,0,0,0,0.3632453884,0.02475673912,0.01031437014,-0.006084088702,0.003515413497,0.0003148743999,-0.004400457871,0.00160186402,-0.0005794379046,0.7282123452,0.0005076145015,-0.0004432326836,-0.0007380640094,1,0,0,0
9.450203657,7.430119276,torque,hover,-0.00228076335,-0.001650350168,-1.636699557,0,0,-2,-0.01341360994,0.009758011438,0.01822744496,0,0,0,0.3633113502,0.02464515102,0.009359791022,-0.007489625365,0.002024356741,-0.0005820190418,-0.003953418313,0.001443749695,-0.0005515466977,0.7282508814,0.0007559670399,-0.0002411037019,0.0001964828415,1,0,0,0
9.460198641,7.44011426,torque,hover,-0.002528720768,-0.001544136205,-1.636652231,0,0,-2,-0.01319801062,0.009690457024,0.01823259518,0,0,0,0.363359849,0.02450550894,0.008618771007,-0.007652895525,0.00126383733,-0.001175252139,-0.003352142734,0.001716893645,-0.0005063955504,0.7282694342,0.0008615080875,-4.995528524e-05,0.0008345656732,1,0,0,0
9.470197201,7.45011282,torque,hover,-0.003009577049,-0.001337786904,-1.63654387,0,0,-2,-0.01274518389,0.00950268656,0.01832589321,0,0,0,0.3634710521,0.02426064975,0.008613906592,-0.006314879749,9.782197594e-06,-0.000633548887,-0.002950126349,0.002019180052,-0.0004225768097,0.7283324907,0.0006673599405,0.0002102343153,0.0003425940895,1,0,0,0
9.480201721,7.46011734,torque,hover,-0.003242741339,-0.001238293014,-1.636483431,0,0,-2,-0.01254988834,0.009374675341,0.01833450794,0,0,0,0.3635331412,0.02411510764,0.009076496032,-0.006789278239,-0.0008234010311,-0.0009008702473,-0.002537763884,0.001724185258,-0.0003735390955,0.728356645,0.0007836073128,0.0002519987183,0.0006506861267,1,0,0,0
9.490202904,7.470118523,torque,hover,-0.0036951988,-0.001042448566,-1.636355758,0,0,-2,-0.01198060066,0.00914314203,0.01826638728,0,0,0,0.3636645104,0.02368106295,0.01308017057,-0.005566474982,-0.002570490586,-0.0007535590557,-0.001094109045,0.001795816645,-0.0002806217434,0.7283856087,0.0008664157726,0.000489679728,0.0005715377553,1,0,0,0
9.500215292,7.480130911,torque,hover,-0.003902857425,-0.0009445468895,-1.636288047,0,0,-2,-0.01174828783,0.009018046781,0.01825800724,0,0,0,0.363734119,0.02350962065,0.01437364002,-0.003444499569,-0.002694896189,-0.0005475299549,-0.0005515479551,0.001697305686,-0.0002401416095,0.7284080274,0.0006472700328,0.0004751355178,0.0003913189131,1,0,0,0
9.510217428,7.490133047,torque,hover,-0.004106388427,-0.0008475134964,-1.636217833,0,0,-2,-0.01148747746,0.00895327609,0.01825334318,0,0,0,0.3638063304,0.02335182709,0.01678570411,-0.003219386563,-0.003008999163,-0.0002038262464,0.0002139869624,0.002150745112,-0.0002102921393,0.7284322861,0.0007442065267,0.0006156221441,6.444237983e-05,1,0,0,0
9.520211697,7.500127316,torque,hover,-0.004305590875,-0.0007511332515,-1.636145473,0,0,-2,-0.01117929723,0.008861787617,0.01824150793,0,0,0,0.3638807765,0.02315730075,0.01938481828,-0.002783617703,-0.002790152794,0.0001363677875,0.001233636979,0.002268404383,-0.0001897879501,0.728455446,0.0008633919147,0.0005976574112,-0.0002652898194,1,0,0,0
9.530188799,7.510104418,torque,hover,-0.004676810931,-0.0005549641792,-1.635991335,0,0,-2,-0.01061198395,0.00863223616,0.01820604689,0,0,0,0.3640391309,0.02277256788,0.02178230212,0.0001145520509,-0.0007982287789,-0.0005570325884,0.002355408188,0.002251441979,-0.0001164567506,0.7285021932,0.0006529494878,0.0002970801485,0.0004958855344,1,0,0,0
9.54020071,7.520116329,torque,hover,-0.004849255085,-0.0004555170599,-1.635909557,0,0,-2,-0.01028570719,0.008488058113,0.01819516346,0,0,0,0.3641230193,0.02255896443,0.02257332954,0.0008510382613,-0.000475916313,-0.0008532343782,0.00316372945,0.001849642761,-5.898310188e-05,0.7285289495,0.0006771667829,0.0001638960575,0.000840315133,1,0,0,0
9.550198555,7.530114174,torque,hover,-0.005017558113,-0.0003573267604,-1.635826111,0,0,-2,-0.009991494939,0.008378586732,0.01817014627,0,0,0,0.3642086286,0.02236481393,0.02312665532,0.001734315534,-0.0005521963467,-0.0009610990528,0.003560746563,0.001849097057,7.404228993e-07,0.7285527644,0.0005846643289,0.0001862987716,0.0009930748265,1,0,0,0
9.560198784,7.540114403,torque,hover,-0.005181869492,-0.0002600978769,-1.635741472,0,0,-2,-0.009714823216,0.008289799094,0.01808528975,0,0,0,0.3642954769,0.02213992467,0.02305863774,0.002112856135,0.001623450429,-0.0007503867382,0.003760249406,0.001914615325,5.408652524e-05,0.7285618608,0.0005216142131,-8.413216851e-05,0.0008166990699,1,0,0,0
9.570198298,7.550113916,torque,hover,-0.005318948533,-0.000156484457,-1.635657072,0,0,-2,-0.009435450658,0.008197946474,0.01804444008,0,0,0,0.3643817844,0.0219507602,0.02320663427,0.003374630585,0.0008314048173,-7.086704136e-05,0.004159876661,0.002005709152,8.849994742e-05,0.7285819999,0.0003911355755,6.33535343e-05,0.0001497853002,1,0,0,0
9.580207825,7.560123444,torque,hover,-0.005582368467,4.769941734e-05,-1.635439754,0,0,-2,-0.008768079802,0.008052509278,0.0180406943,0,0,0,0.3646029874,0.02161455019,0.0236736413,0.005462884437,0.002716368763,-0.0007086194237,0.006159268551,0.002240835728,0.000172206714,0.7286595341,0.000541764017,-0.0001142040416,0.0008689212224,1,0,0,0
9.590197325,7.570112944,torque,hover,-0.005708353128,0.0001483211236,-1.635329485,0,0,-2,-0.00839850679,0.007956940681,0.01803746447,0,0,0,0.3647152202,0.02142890445,0.02362949385,0.005232794676,0.00449188333,0.0001402826165,0.006775325388,0.001855963176,0.0001974979484,0.7286984993,0.0006412753675,-0.0004323223513,2.414287948e-05,1,0,0,0
9.600209236,7.580124855,torque,hover,-0.005815629847,0.0002343500673,-1.635227084,0,0,-2,-0.008106228895,0.007856880315,0.01796787977,0,0,0,0.3648193479,0.0212199486,0.02281948702,0.005488693248,0.004518769681,-0.000350728078,0.006769279716,0.001365508774,0.0002350489265,0.7287178298,0.0005302582659,-0.0005215277176,0.0005489989374,1,0,0,0
9.61020422,7.590119839,torque,hover,-0.005919861607,0.0003199418716,-1.635123849,0,0,-2,-0.007765776478,0.007762436289,0.01793580689,0,0,0,0.364924311,0.02102988041,0.02215061924,0.007286997046,0.005026176572,-0.0003928675142,0.007110332963,0.0008962706558,0.0002767897756,0.7287469359,0.0003021651844,-0.0006654363282,0.0006225266438,1,0,0,0
9.620210171,7.60012579,torque,hover,-0.006020707078,0.0004045160313,-1.63501966,0,0,-2,-0.00742683094,0.007617392112,0.01791965775,0,0,0,0.3650302195,0.02083978441,0.02145901816,0.007612011395,0.004799451213,0.0004016405146,0.0073215154,4.27977068e-05,0.0003078903445,0.7287804034,0.00025572539,-0.0007907569627,-0.0001643765214,1,0,0,0
9.630222559,7.610138178,torque,hover,-0.006194408517,0.0005518911639,-1.634828448,0,0,-2,-0.006755010691,0.00728803454,0.01788245142,0,0,0,0.3652245028,0.0204579492,0.02167111471,0.008540490642,0.004441060591,0.0001424990769,0.008964066761,-0.00203816,0.000371867741,0.728839827,0.000504201317,-0.00113910345,0.0001554600697,1,0,0,0
9.640222549,7.620138168,torque,hover,-0.006267916877,0.0006147613749,-1.63474071,0,0,-2,-0.006439984776,0.007115292829,0.01790322922,0,0,0,0.3653135824,0.02031320783,0.02213630209,0.008949682117,0.00349246664,0.0002914817014,0.008655123601,-0.002871226682,0.0004072310363,0.7288766713,0.000302866781,-0.001124952179,2.497395356e-05,1,0,0,0
9.650213718,7.630129337,torque,hover,-0.006338537671,0.0006767813466,-1.634651303,0,0,-2,-0.00613183761,0.006994949188,0.01789261401,0,0,0,0.3654043039,0.02016616926,0.02241873759,0.009376256727,0.003404077841,0.00161215791,0.008393149503,-0.003158538885,0.0004056082808,0.7289061863,0.0001295595338,-0.001103624967,-0.001324162333,1,0,0,0
9.6602211,7.640136719,torque,hover,-0.006406400818,0.0007384647615,-1.634560585,0,0,-2,-0.005818216596,0.006921992172,0.01781740226,0,0,0,0.365496311,0.0199806267,0.0226165401,0.009361122735,0.002253623912,0.000725358841,0.00828029638,-0.002997749934,0.0004283124919,0.7289198138,6.558310042e-05,-0.0008422454408,-0.0004078046896,1,0,0,0
9.67021203,7.650127649,torque,hover,-0.00649267761,0.0008443403058,-1.634371877,0,0,-2,-0.005262701306,0.006640619598,0.01756613702,0,0,0,0.3656867407,0.01950289782,0.02268544987,0.01017467398,-0.001233797753,0.0001474421006,0.009305466807,-0.004232033383,0.0004886714478,0.7289240885,0.0002183423117,-0.0006001864239,0.0002286380186,1,0,0,0
9.680216789,7.660132408,torque,hover,-0.006532740779,0.0008963988512,-1.63427639,0,0,-2,-0.004960164428,0.006485656835,0.0175179448,0,0,0,0.3657830492,0.01932732174,0.0223487555,0.01044751145,-0.003272635629,0.0007089888677,0.008928979114,-0.004430728611,0.0005101220178,0.7289462519,4.039121573e-05,-0.0003226783008,-0.00033325149,1,0,0,0
9.690207243,7.670122862,torque,hover,-0.006605454255,0.0009983964264,-1.634090066,0,0,-2,-0.004343034234,0.006175055634,0.01733313501,0,0,0,0.3659709123,0.0189058411,0.02034444984,0.01035684813,-0.006558374502,0.001125904615,0.01022240436,-0.005163686421,0.0005719107297,0.7289664771,0.0003815188399,-4.334212115e-05,-0.0007099163154,1,0,0,0
9.700209141,7.68012476,torque,hover,-0.006617088336,0.001035770285,-1.634005427,0,0,-2,-0.00404590182,0.0060375873,0.01729268953,0,0,0,0.3660558508,0.01875790215,0.01916115003,0.01078328304,-0.008169803768,-0.0001592656918,0.009756395609,-0.004849342691,0.0006269617263,0.7289866722,0.00014600862,0.0002774785829,0.000632153734,1,0,0,0
9.71020174,7.690117359,torque,hover,-0.006626928225,0.001072967658,-1.633919716,0,0,-2,-0.003759623272,0.005958693568,0.0172025878,0,0,0,0.366141833,0.01858950842,0.01714876835,0.01119670924,-0.008777685463,0.0009774880018,0.009343307051,-0.004023735627,0.0006523330359,0.728994699,-5.354664643e-05,0.0005596986571,-0.0005117170352,1,0,0,0
9.720214605,7.700130224,torque,hover,-0.006635000929,0.001109946985,-1.633833051,0,0,-2,-0.003470215946,0.005812056828,0.0171132125,0,0,0,0.3662287399,0.01840338135,0.0158113847,0.0119078923,-0.009910344146,5.633473847e-05,0.008947613221,-0.003825108992,0.0007029629183,0.7290032288,-0.0002713765513,0.0007492443915,0.000459485802,1,0,0,0
9.730217934,7.710133553,torque,hover,-0.006641186774,0.001146283466,-1.63374567,0,0,-2,-0.00315971463,0.005666590761,0.0170143079,0,0,0,0.3663163296,0.01820935805,0.01520406576,0.0116781136,-0.01097839605,-0.0002529936028,0.008824823411,-0.003557326623,0.0007621052464,0.72900959,-0.0002835249327,0.0009379219909,0.0008148344309,1,0,0,0
9.740215302,7.72013092,torque,hover,-0.006629144307,0.001158891828,-1.633656144,0,0,-2,-0.002882975852,0.005531768315,0.01690980606,0,0,0,0.3664056622,0.01802369417,0.01496041982,0.01180093642,-0.009593592025,0.0002759400231,0.008593102185,-0.003494212156,0.0008054294306,0.7290153122,-0.0003649424366,0.0007390093231,0.0003077759883,1,0,0,0
9.750221968,7.730137587,torque,hover,-0.006601934321,0.001185305766,-1.633473158,0,0,-2,-0.00240702671,0.005324591417,0.01669424586,0,0,0,0.366588211,0.01768736544,0.01642699759,0.01074591372,-0.00982226897,0.0007133699255,0.009644499643,-0.003428622204,0.0009205162296,0.7290265914,7.963381908e-05,0.000701847989,-5.089786269e-05,1,0,0,0
9.760220051,7.74013567,torque,hover,-0.006586663891,0.001198677579,-1.633379817,0,0,-2,-0.002189779421,0.005211013369,0.01655625366,0,0,0,0.3666813051,0.01749455142,0.01782053297,0.01039544586,-0.009582369588,0.0002855872735,0.008739464878,-0.002921668217,0.0009762431078,0.7290252498,-0.0001223928618,0.0007840088102,0.0004209939962,1,0,0,0
9.770220757,7.750136375,torque,hover,-0.006544221658,0.001195511548,-1.633287549,0,0,-2,-0.001910413033,0.005082259886,0.01645004749,0,0,0,0.3667727877,0.01732290697,0.01944508616,0.01117933355,-0.00885851495,-0.0002238788584,0.008759243098,-0.002894092656,0.001048187626,0.7290315199,-0.0002443610258,0.0006828508855,0.000992473305,1,0,0,0
9.78020668,7.760122299,torque,hover,-0.006456231233,0.001189562958,-1.633100986,0,0,-2,-0.001357477508,0.004794852808,0.01631120406,0,0,0,0.3669577416,0.01705546061,0.02132591384,0.008356589824,-0.005649073981,0.0006611681893,0.01107230763,-0.004287321184,0.001150760298,0.7290634618,0.00070907077,-0.0001203086557,0.0001746769805,1,0,0,0
9.790189981,7.7701056,torque,hover,-0.006411039736,0.001186967012,-1.63300705,0,0,-2,-0.001142446417,0.004689377733,0.01613367163,0,0,0,0.367050863,0.01684015462,0.02182618416,0.008266209625,-0.003971826285,0.0008364611422,0.01023171749,-0.003890497686,0.001188200466,0.7290523101,0.0004459527779,-0.0002065366879,2.023869473e-05,1,0,0,0
9.80022049,7.780136108,torque,hover,-0.00635218434,0.001152261859,-1.632927656,0,0,-2,-0.0008614354883,0.004556219094,0.01603912748,0,0,0,0.3671291102,0.01669595202,0.02203174423,0.008970119059,-0.00263906084,0.0007470804267,0.01020411113,-0.004319190937,0.001228585698,0.7290568798,0.0002902207121,-0.000441355366,0.0001410164962,1,0,0,0
9.810213327,7.790128946,torque,hover,-0.006292378064,0.001118464628,-1.632847548,0,0,-2,-0.0005695014843,0.004434053786,0.01589734666,0,0,0,0.3672080723,0.0165139576,0.02288943395,0.008318046108,-0.001535340329,0.000394352217,0.01037648145,-0.004685270831,0.001286018193,0.7290497361,0.0003765132001,-0.0006216112919,0.0005417687671,1,0,0,0
9.82020998,7.800125599,torque,hover,-0.006171442568,0.001054055407,-1.632710338,0,0,-2,-0.000148081861,0.004143368918,0.01576499455,0,0,0,0.3673430193,0.01630105786,0.02428118711,0.009864291176,-0.0004004449002,0.0006831574719,0.011562653,-0.007002492252,0.001396336643,0.7290655329,0.0004492271476,-0.001250315681,0.0003355224339,1,0,0,0
9.830210209,7.810125828,torque,hover,-0.006097112317,0.0009965855861,-1.632649064,0,0,-2,6.80418816e-05,0.00399133563,0.01567407884,0,0,0,0.3674028825,0.0161744285,0.02588896336,0.009209838696,1.118963883e-05,0.0007850107504,0.01085351816,-0.007502778035,0.001449092457,0.7290644877,0.0003168577106,-0.001318784546,0.0002660465594,1,0,0,0
9.840223312,7.820138931,torque,hover,-0.006022579502,0.0009400274721,-1.632586598,0,0,-2,0.0003046184138,0.00380618358,0.01554057933,0,0,0,0.3674639612,0.0160027945,0.02828892433,0.00817641709,-0.0007130036829,0.001066953177,0.01053315402,-0.008248779268,0.001497552818,0.7290530629,0.0003442414267,-0.001292906435,9.960959913e-06,1,0,0,0
9.850208282,7.830123901,torque,hover,-0.005947878584,0.0008842936368,-1.632523417,0,0,-2,0.0004894130398,0.003641045652,0.01539465506,0,0,0,0.3675257786,0.01582694357,0.03019434663,0.008636086248,-0.003248533234,0.0007463990478,0.00988672285,-0.008577857608,0.001553165056,0.7290387821,0.0001029652532,-0.0009307540899,0.0003713890077,1,0,0,0
9.860210419,7.840126038,torque,hover,-0.005787089467,0.000741334341,-1.632414818,0,0,-2,0.0009739000234,0.003288378939,0.01516009681,0,0,0,0.3676314814,0.01554318026,0.0339494343,0.01163894311,-0.004781738389,0.001830562833,0.01187982652,-0.01148359536,0.00163012888,0.7290182726,0.0001996832037,-0.00133807436,-0.0006675712204,1,0,0,0
9.870224714,7.850140333,torque,hover,-0.005701384041,0.0006545007927,-1.632372737,0,0,-2,0.00113552704,0.003118715249,0.01503882091,0,0,0,0.3676720532,0.01540071235,0.03511751141,0.01199201029,-0.008248892613,8.521912969e-05,0.01059129624,-0.01133151701,0.001707772418,0.7290026218,-0.000184812669,-0.0007177793544,0.00115766015,1,0,0,0
9.880215168,7.860130787,torque,hover,-0.005616108887,0.0005692846025,-1.632328987,0,0,-2,0.001258139266,0.003001566045,0.01495014597,0,0,0,0.3677143436,0.01530029992,0.03519513138,0.013450942,-0.00981483981,0.0003113201528,0.00921009687,-0.01067244034,0.001777836975,0.728995879,-0.0007055955064,-0.0002801330636,0.0009745515577,1,0,0,0
9.890202284,7.870117903,torque,hover,-0.005445745308,0.0003675771295,-1.632238507,0,0,-2,0.001610447885,0.00265569496,0.0147826504,0,0,0,0.367801994,0.01510539675,0.03608291572,0.01346950606,-0.01312358398,0.0007184375427,0.009859358117,-0.01284104281,0.00190201905,0.7289859267,-0.0004476016476,-0.0003543195964,0.0006519665154,1,0,0,0
9.900237799,7.880153418,torque,hover,-0.005360434297,0.0002511368657,-1.632191777,0,0,-2,0.001772200805,0.002439542674,0.01467885915,0,0,0,0.3678473679,0.01498535853,0.03651794681,0.01335405279,-0.01645103283,0.0006020789733,0.008646103978,-0.01258709107,0.001979087223,0.7289764182,-0.0007121383763,0.000229360836,0.0008207104357,1,0,0,0
9.910218477,7.890134096,torque,hover,-0.005275052041,0.0001361616887,-1.632143497,0,0,-2,0.001954503357,0.002233882202,0.01460564043,0,0,0,0.3678943478,0.01490419557,0.03667910338,0.01293927617,-0.01812774874,0.0007742697489,0.007878068604,-0.01218830014,0.002050022768,0.7289752317,-0.0008108318071,0.0005873919651,0.0006937748621,1,0,0,0
9.92023921,7.900154829,torque,hover,-0.005189375021,2.293983198e-05,-1.632093787,0,0,-2,0.002163621364,0.002083310392,0.01451912709,0,0,0,0.3679428102,0.01482654683,0.03621571736,0.01271911617,-0.01897138916,0.001706633717,0.007527146553,-0.01130227583,0.002092781527,0.7289712048,-0.0008311597777,0.000921201633,-0.0002267585069,1,0,0,0
9.930232048,7.910147667,torque,hover,-0.005090842023,-0.0001200810948,-1.632049084,0,0,-2,0.002288822317,0.00199872232,0.01448998041,0,0,0,0.3679861518,0.01480517244,0.03593233912,0.01318357605,-0.01967187785,0.002254300984,0.006655153601,-0.0101946728,0.002118775055,0.7289799326,-0.001061396839,0.001261997715,-0.0007663589737,1,0,0,0
9.940230846,7.920146465,torque,hover,-0.004895027261,-0.0003987254458,-1.631951332,0,0,-2,0.002565072151,0.001665918739,0.01422910485,0,0,0,0.3680814342,0.01455411644,0.03776243307,0.01211510506,-0.01984412223,0.001814218936,0.007218677525,-0.01187926854,0.002209495493,0.7289490366,-0.0006623552386,0.0007415879372,-0.0002501725587,1,0,0,0
9.950222969,7.930138588,torque,hover,-0.004797640257,-0.0005344732199,-1.631900907,0,0,-2,0.002708433429,0.001540478785,0.014104601,0,0,0,0.3681307453,0.01444466877,0.03904905577,0.01028432883,-0.01879482158,0.001458075945,0.006491147517,-0.01062282531,0.002262182394,0.7289356676,-0.0005726374086,0.000916696966,0.0001480415178,1,0,0,0
9.960248709,7.940164328,torque,hover,-0.00470087165,-0.0006672704476,-1.631849527,0,0,-2,0.002804304939,0.001504742424,0.01394770946,0,0,0,0.3681810885,0.01430618661,0.04109892424,0.009966524318,-0.01869810373,0.001253095805,0.005602383457,-0.00874457661,0.002318656537,0.7289144442,-0.0007204710336,0.001339280969,0.0003963600711,1,0,0,0
9.970221043,7.950136662,torque,hover,-0.004594255239,-0.0008354555466,-1.631813169,0,0,-2,0.002900802996,0.001377688488,0.01378319226,0,0,0,0.3682164418,0.01415235219,0.04292844961,0.009286586195,-0.01778835244,0.001345072291,0.004926182575,-0.008401855362,0.002377924002,0.728885848,-0.000756596153,0.001262735725,0.0003468628542,1,0,0,0
9.980255127,7.960170746,torque,hover,-0.004383079242,-0.00116204191,-1.631736755,0,0,-2,0.003096049186,0.001198112499,0.01351134665,0,0,0,0.3682911607,0.01391321252,0.04591435449,0.00992921181,-0.01404996589,0.002209852915,0.005557618832,-0.009700774602,0.002451349152,0.7288445175,-0.0006119226802,0.0003306337766,-0.000474981093,1,0,0,0
9.990219593,7.970135212,torque,hover,-0.004278822802,-0.001320349635,-1.631688237,0,0,-2,0.003183453344,0.001152979443,0.01335149072,0,0,0,0.3683389828,0.01377410764,0.04735389747,0.008798045106,-0.0133617688,0.002490706509,0.004793291102,-0.008379205319,0.002484982004,0.7288215291,-0.0006250523358,0.0005811578864,-0.0007382338452,1,0,0,0
10.00025892,7.980174541,torque,hover,-0.004159482196,-0.001520524267,-1.631653786,0,0,-2,0.00326189911,0.001026538783,0.0131979296,0,0,0,0.3683728368,0.01363374906,0.048119105,0.007117229048,-0.01117454376,0.0009718061774,0.004241099823,-0.008575097925,0.002560048213,0.7287950647,-0.0005067909969,0.000251997996,0.0008638651279,1,0,0,0
10.01023316,7.990148783,torque,hover,-0.004041096661,-0.001716387575,-1.631618142,0,0,-2,0.003392841667,0.001032256172,0.01305854972,0,0,0,0.3684080206,0.01353154272,0.04907273797,0.006288166158,-0.009832287207,0.000827187323,0.004428369224,-0.007741320293,0.002652218095,0.7287726259,-0.0003358517045,0.0002869852321,0.001076651805,1,0,0,0
10.02023816,8.00015378,torque,hover,-0.003807133297,-0.00209438731,-1.631542087,0,0,-2,0.003575097537,0.0009943604236,0.01294874493,0,0,0,0.3684835338,0.0134699692,0.05010373522,0.004938263446,-0.006723353639,0.001114093582,0.005770405654,-0.009380710933,0.002810556336,0.728772349,0.0001940674468,-0.0005390197211,0.0008997987583,1,0,0,0
10.03022194,8.010137558,torque,hover,-0.00369808008,-0.002310308861,-1.631511927,0,0,-2,0.003654406639,0.0009162378265,0.01286516339,0,0,0,0.3685138715,0.01340546935,0.05042958647,0.004024295602,-0.005031660665,0.0008747970569,0.005153719354,-0.009558120014,0.002900843911,0.728762113,0.0001421303062,-0.0007424286731,0.001210620158,1,0,0,0
10.04022908,8.020144701,torque,hover,-0.003590142122,-0.002521841088,-1.631479859,0,0,-2,0.003687683959,0.0008418741054,0.01281298045,0,0,0,0.3685462561,0.01335964943,0.05071414983,0.003216281999,-0.003821538296,0.002201432595,0.004368731111,-0.009747921034,0.00296384571,0.7287605345,5.163853968e-05,-0.0008815702608,-9.331929322e-05,1,0,0,0
10.05022144,8.030137062,torque,hover,-0.003483787645,-0.002728810068,-1.631445765,0,0,-2,0.003673412837,0.0008157794946,0.01276297402,0,0,0,0.3685808011,0.01330612505,0.0516714069,0.00318488176,-0.003471016651,0.001798989484,0.003431357037,-0.009536111861,0.003036043021,0.7287602379,-0.000162984848,-0.0008136073529,0.0003701709477,1,0,0,0
10.06025529,8.040170908,torque,hover,-0.003378924448,-0.002931391587,-1.631413937,0,0,-2,0.003706677118,0.0007383733755,0.01260749996,0,0,0,0.3686132069,0.0131618276,0.05289630336,0.004007109441,-0.002667190041,0.001586421276,0.003023010783,-0.009939938263,0.003111940606,0.7287323874,-0.0003521912986,-0.0009618969672,0.0006436790674,1,0,0,0
10.07020926,8.050124884,torque,hover,-0.003182937391,-0.003375135129,-1.6313622,0,0,-2,0.003779033199,0.0005203012843,0.01240294147,0,0,0,0.3686669912,0.01297631544,0.05663055729,0.003788210684,-0.002830123994,0.001629579579,0.003438538703,-0.01411721245,0.003258196135,0.7286993684,-0.0001775330367,-0.001858026783,0.0007073965902,1,0,0,0
10.08024192,8.060157537,torque,hover,-0.003086366458,-0.003590668086,-1.631334066,0,0,-2,0.003868881147,0.0004248130135,0.01232220791,0,0,0,0.3686963373,0.01292228754,0.05868581023,0.003379030852,-0.003849837696,0.001592205837,0.003433214132,-0.01407886358,0.003330554104,0.728689148,-0.0001147422387,-0.001577859026,0.0007959829487,1,0,0,0
10.09021974,8.070135355,torque,hover,-0.002902049804,-0.00403315248,-1.631281853,0,0,-2,0.003912212793,0.0003853357921,0.01220958121,0,0,0,0.3687516242,0.01282683772,0.06205659781,0.004037615377,-0.007660903502,0.00179106195,0.003580650343,-0.01569909917,0.003464471913,0.7286796203,-0.0001428659846,-0.001357485689,0.0006898747631,1,0,0,0
10.10025215,8.08016777,torque,hover,-0.00281473645,-0.00425983686,-1.631257892,0,0,-2,0.003867923748,0.0003355077934,0.01215027459,0,0,0,0.3687774551,0.01275549184,0.06331105456,0.002602079883,-0.01032119524,0.002206851263,0.002412014931,-0.01476736677,0.003520934929,0.7286733396,-0.0002116988031,-0.0006786355655,0.0003059653636,1,0,0,0
10.11023045,8.090146065,torque,hover,-0.002729015891,-0.004481442273,-1.631246209,0,0,-2,0.003843786893,0.0003470345982,0.01211018302,0,0,0,0.3687911186,0.01271029753,0.06385798792,0.002578549786,-0.012233763,0.002052862896,0.00172905882,-0.01343972292,0.003578609179,0.7286674817,-0.0003455342052,-6.087986568e-05,0.0005048848517,1,0,0,0
10.12026072,8.100176334,torque,hover,-0.002644860419,-0.004698148929,-1.631232023,0,0,-2,0.003769110655,0.0003128162934,0.01206847187,0,0,0,0.3688073868,0.0126472156,0.06430318263,0.001582510769,-0.01525505073,0.001848630724,0.000784333082,-0.01251831314,0.003640120964,0.7286621361,-0.0003956433542,0.000568214555,0.0007580844181,1,0,0,0
10.13023663,8.110152245,torque,hover,-0.002582427813,-0.00494088186,-1.631225586,0,0,-2,0.003740258515,0.0003244843683,0.01197574753,0,0,0,0.3688165529,0.01255043238,0.06436676632,0.003353376407,-0.01791566797,0.002268302022,0.0001239340383,-0.01153225578,0.003686965809,0.728641053,-0.0007462924178,0.001126668843,0.000368163625,1,0,0,0
10.14022517,8.120140791,torque,hover,-0.002459703945,-0.005410859827,-1.631206274,0,0,-2,0.003738729749,0.0001741160377,0.01181717496,0,0,0,0.3688416189,0.01239572671,0.06440021522,0.002237797016,-0.02131234109,0.002654938959,-2.156535099e-05,-0.01328050193,0.003758269697,0.7286080964,-0.0005546964427,0.001005845241,2.673970251e-05,1,0,0,0
10.15022779,8.130143404,torque,hover,-0.002399767982,-0.005638586357,-1.631193161,0,0,-2,0.003690224374,0.0001595670183,0.01173897553,0,0,0,0.3688577463,0.01230637087,0.06562123131,0.002955902833,-0.02141388319,0.001029331237,-0.0007348934363,-0.01163318949,0.003844382968,0.7285931245,-0.0007711592159,0.001386775608,0.001748024784,1,0,0,0
10.16024518,8.140160799,torque,hover,-0.002344748704,-0.005884225946,-1.631195068,0,0,-2,0.003606304992,0.0001948851277,0.01165215671,0,0,0,0.3688593222,0.0121990234,0.06658340338,0.002447735285,-0.02201811224,0.002709972905,-0.00161262908,-0.009942759639,0.00388140287,0.7285705119,-0.0008479317376,0.001813990825,6.615923129e-05,1,0,0,0
10.17024732,8.150162935,torque,hover,-0.002291010926,-0.00612414116,-1.63119483,0,0,-2,0.00356885558,0.000196007546,0.0115172388,0,0,0,0.3688631281,0.01205910191,0.06747679746,0.0008899881504,-0.02129909582,0.003053733381,-0.001886788378,-0.008814178719,0.003911904665,0.7285364961,-0.0006383614398,0.001903228462,-0.0002628078164,1,0,0,0
10.18026948,8.160185099,torque,hover,-0.002185900928,-0.006587572861,-1.631204247,0,0,-2,0.003523857798,0.0002006212308,0.0114006903,0,0,0,0.3688610597,0.01193455328,0.0703280203,0.001268359483,-0.01715767756,0.002586659277,-0.001974079843,-0.009314051126,0.004005689473,0.7285037434,-0.0006506214756,0.001021093682,0.0002830047733,1,0,0,0
10.19021606,8.170131683,torque,hover,-0.00214344915,-0.006826803088,-1.631232858,0,0,-2,0.003447188064,0.0002437929797,0.01136961021,0,0,0,0.3688365557,0.01188320566,0.07183115017,0.0002533824008,-0.01655177027,0.002700297395,-0.002580421386,-0.007819319676,0.004036434776,0.7284855893,-0.0006076827032,0.001270056368,0.0001906194941,1,0,0,0
10.20023394,8.180149555,torque,hover,-0.00210197852,-0.007059969474,-1.631258249,0,0,-2,0.003419057932,0.000323448272,0.01126401778,0,0,0,0.3688153199,0.01177593616,0.07286455547,0.0002540818532,-0.01374365576,0.00306562637,-0.002626484202,-0.006409617109,0.004053733057,0.7284496984,-0.0005738255808,0.001174836986,-0.0001700975661,1,0,0,0
10.21023321,8.19014883,torque,hover,-0.002061385661,-0.007287220564,-1.631280899,0,0,-2,0.003335755784,0.0003633093729,0.01118359994,0,0,0,0.3687968659,0.01167613669,0.07357690825,-0.0002057262027,-0.01217119023,0.003667072393,-0.003144292762,-0.005581697825,0.004052716167,0.7284211986,-0.0005908113687,0.001106978916,-0.0007817016436,1,0,0,0
10.22025537,8.200170994,torque,hover,-0.001984493574,-0.007724315394,-1.631316662,0,0,-2,0.003087266348,0.0005263696657,0.01110410225,0,0,0,0.3687695854,0.0115373032,0.07486901358,-0.002166897291,-0.007536972407,0.002346663503,-0.004515849733,-0.005717704216,0.004073569477,0.7283882409,-0.0006034891509,0.0003419237073,0.000583879766,1,0,0,0
10.23023438,8.210150003,torque,hover,-0.00196309248,-0.00794968009,-1.631384254,0,0,-2,0.003002585145,0.0005996240652,0.01100577973,0,0,0,0.3687066852,0.01142375831,0.07500589351,-0.00201612222,-0.004665358923,0.002313521225,-0.004716736396,-0.005055247976,0.004099824152,0.728338929,-0.0006164364364,0.0001028526798,0.0006352996429,1,0,0,0
10.24023271,8.220148325,torque,hover,-0.001942538074,-0.008169146255,-1.631447792,0,0,-2,0.002918042475,0.0006652655429,0.0109920986,0,0,0,0.3686478515,0.01139226851,0.0749349056,-0.003268309403,-0.004210502375,0.00235858839,-0.004818479409,-0.004616977863,0.004126568435,0.7283125524,-0.0004198260917,0.0001421478846,0.0006067622017,1,0,0,0
10.25022769,8.230143309,torque,hover,-0.001904226257,-0.008590308949,-1.63156116,0,0,-2,0.002770867664,0.0008897491498,0.01096332353,0,0,0,0.3685438892,0.01134300771,0.07329326654,-0.00413674349,4.527610872e-05,0.00286944001,-0.005087377797,-0.005291027045,0.004120633908,0.7282643655,-0.0003457732219,-0.0006005175999,8.196725671e-05,1,0,0,0
10.26024675,8.240162373,torque,hover,-0.001891982858,-0.00879493542,-1.631643295,0,0,-2,0.002714213217,0.0009721079259,0.01094472315,0,0,0,0.3684665418,0.01131807899,0.07234313342,-0.004328338895,0.0003417902335,0.003009985201,-0.004815411891,-0.004940370984,0.004117990781,0.7282300009,-0.0002209240269,-0.0005305124626,-6.580298722e-05,1,0,0,0
10.27023077,8.250146389,torque,hover,-0.001880222466,-0.008993971162,-1.631720185,0,0,-2,0.002665409818,0.001059853937,0.01098105777,0,0,0,0.36839442,0.0113495079,0.07142742941,-0.004451862071,0.001591042033,0.002751098713,-0.004504793077,-0.004739990663,0.004116773234,0.7282114601,-0.0001082392143,-0.000635941285,0.000194479995,1,0,0,0
10.28023529,8.260150909,torque,hover,-0.00186911365,-0.009187035263,-1.631792426,0,0,-2,0.002577064792,0.001251810929,0.01095700637,0,0,0,0.3683269101,0.0113253822,0.07127206073,-0.004584986717,0.002661456354,0.001830473659,-0.004472022453,-0.003772402931,0.004138624542,0.7281792275,-6.792583872e-05,-0.0005436339757,0.001147149959,1,0,0,0
10.29022121,8.270136833,torque,hover,-0.001858335105,-0.00937419571,-1.631860018,0,0,-2,0.002595304511,0.001353027183,0.01095927134,0,0,0,0.3682640024,0.01134336442,0.06985978887,-0.006293621846,0.003021508455,0.003086889395,-0.003504756078,-0.003926597626,0.004120644106,0.7281554076,0.0003948664717,-0.0006289953972,-0.0001499955639,1,0,0,0
10.30024195,8.280157566,torque,hover,-0.001851455308,-0.009546316229,-1.631953597,0,0,-2,0.002552208025,0.001508610556,0.01095764898,0,0,0,0.3681748426,0.01135164053,0.06850569233,-0.007991354913,0.001609201659,0.003672446124,-0.003086553019,-0.003397462422,0.004084416727,0.7281211435,0.0007011188612,-0.0003139745339,-0.0007729279504,1,0,0,0
10.31023407,8.290149689,torque,hover,-0.001839751611,-0.009874753654,-1.632125974,0,0,-2,0.002372176852,0.001743412926,0.01088931132,0,0,0,0.3680111339,0.01128023992,0.06637326097,-0.007938166149,0.002419151366,0.003448976669,-0.003457201683,-0.004092943341,0.00400667333,0.7280414845,0.0005265377933,-0.0005870095326,-0.0005964343508,1,0,0,0
10.32024264,8.300158262,torque,hover,-0.001834671595,-0.01003099792,-1.63220489,0,0,-2,0.002329337876,0.001895231893,0.01093819831,0,0,0,0.3679364479,0.01134292295,0.06545178478,-0.007846103981,0.002346778987,0.002866811352,-0.002839796732,-0.003616231717,0.003968493438,0.7280253232,0.000644432073,-0.0004692193899,-3.277575007e-05,1,0,0,0
10.3302443,8.310159922,torque,hover,-0.001841963385,-0.01018515415,-1.632324338,0,0,-2,0.00228646188,0.002052974189,0.01095489692,0,0,0,0.3678213189,0.01137771407,0.06471251221,-0.007196346298,0.002119689016,0.00275739166,-0.002449655422,-0.00321829014,0.003930378696,0.727986312,0.0006255568074,-0.0003595618473,5.094584761e-05,1,0,0,0
10.34026694,8.320182562,torque,hover,-0.00185641821,-0.01047708374,-1.632545471,0,0,-2,0.002206434961,0.002356706653,0.01106573362,0,0,0,0.3676085504,0.01152705001,0.06313898949,-0.006884308998,0.0002503136639,0.003017984796,-0.00209358561,-0.003099966472,0.003839513299,0.7279343516,0.0005956787917,-9.291428843e-05,-0.000278096557,1,0,0,0
10.35022974,8.330145359,torque,hover,-0.001863848651,-0.01061537303,-1.632644773,0,0,-2,0.002148741623,0.002501522889,0.01111052651,0,0,0,0.3675132967,0.01158958613,0.06247861275,-0.006051858421,-0.0006866006297,0.002396960277,-0.001855333161,-0.002689897824,0.003797638649,0.727909756,0.000523652718,9.571984459e-05,0.0003241337413,1,0,0,0
10.36024499,8.340160608,torque,hover,-0.001884338097,-0.01075721439,-1.632794261,0,0,-2,0.00213310495,0.002650948474,0.01112736482,0,0,0,0.3673681031,0.01163597492,0.06162263394,-0.005882672966,-0.0008977376274,0.002827886725,-0.001417787938,-0.002396560127,0.003740263234,0.7278598929,0.000588992335,0.0001498554866,-0.0001574510306,1,0,0,0
10.37024641,8.350162029,torque,hover,-0.001904319623,-0.01089355536,-1.632937312,0,0,-2,0.002104196465,0.00285411533,0.01112631336,0,0,0,0.3672292374,0.01167769095,0.06101120263,-0.004262856208,-0.001075570006,0.001812939765,-0.001177277589,-0.001643300634,0.003705113076,0.7278077938,0.0004078066526,0.00030313509,0.0008505468146,1,0,0,0
10.38023734,8.36015296,torque,hover,-0.001924179145,-0.0110245375,-1.633073688,0,0,-2,0.00208415743,0.003016393166,0.0111589469,0,0,0,0.3670969377,0.01174582632,0.05997526391,-0.003906391095,-0.00152176409,0.002775131958,-0.0009380066444,-0.001317760507,0.003640420253,0.7277666718,0.0004039828758,0.0003852338653,-0.0001767170961,1,0,0,0
10.39024162,8.370157242,torque,hover,-0.001984514762,-0.0112762684,-1.633359313,0,0,-2,0.001960965106,0.003388735699,0.01110431924,0,0,0,0.3668194186,0.01177432884,0.05742503252,-0.003395850305,-0.002020833781,0.002686201595,-0.001816621434,-0.0002735029259,0.003498219519,0.7276493372,0.0001022469589,0.0006229084744,-0.0001834323826,1,0,0,0
10.4002409,8.380156517,torque,hover,-0.002024849644,-0.01139640994,-1.633508205,0,0,-2,0.001889892854,0.003577028867,0.01111893822,0,0,0,0.3666745337,0.01183205889,0.05579018823,-0.002330805175,-0.001822166261,0.003201003186,-0.002088862375,0.0002450107852,0.003405351259,0.7275990965,-8.85431309e-05,0.0006468754075,-0.0007748098946,1,0,0,0
10.41023135,8.390146971,torque,hover,-0.002064780099,-0.01151125319,-1.633650541,0,0,-2,0.001817370066,0.003736567916,0.01115491707,0,0,0,0.3665360803,0.01190365274,0.05497938357,-0.002580684144,-0.00157533586,0.001427984331,-0.002332718252,0.0004833747022,0.003359676971,0.7275566588,-8.623148467e-05,0.000601163196,0.0009975149648,1,0,0,0
10.42025232,8.400167942,torque,hover,-0.00215905346,-0.01173539553,-1.633944988,0,0,-2,0.001679955283,0.004234941211,0.01130870823,0,0,0,0.3662494405,0.01219195877,0.05259539886,-0.001394142513,0.0002285384689,0.002748757368,-0.00347060246,0.002437617308,0.003212662114,0.727488892,-0.0004903491285,0.0007398428508,-0.0004503877101,1,0,0,0
10.43024755,8.410163164,torque,hover,-0.002213125816,-0.0118438499,-1.634102583,0,0,-2,0.001629098202,0.004479480907,0.01138860825,0,0,0,0.366095745,0.01234585388,0.05107127413,-0.002673098817,0.001274571987,0.003023598343,-0.003345750831,0.002903537663,0.003112123508,0.7274520145,-0.0002380744352,0.0006241325348,-0.0008059998821,1,0,0,0
10.44025564,8.420171261,torque,hover,-0.00226614438,-0.01194641087,-1.634253025,0,0,-2,0.001609714702,0.004722153302,0.0114647001,0,0,0,0.3659490427,0.01250317007,0.04933702391,-0.002662642626,0.002345232759,0.003383897245,-0.002986056507,0.003248549252,0.002998890098,0.7274167588,-0.0001243009325,0.0004858092986,-0.001258792848,1,0,0,0
10.45023322,8.43014884,torque,hover,-0.002318410669,-0.01204364933,-1.634396553,0,0,-2,0.001552898553,0.004897288512,0.01146894414,0,0,0,0.36580911,0.01256708432,0.04796030375,-0.003280595876,0.002526216442,0.002288127551,-0.00304694032,0.003039083446,0.002915400405,0.7273658268,-3.388042052e-05,0.0003512826455,-0.0002043038047,1,0,0,0
10.46025085,8.440166473,torque,hover,-0.002449717373,-0.01223963965,-1.634767652,0,0,-2,0.001432169578,0.005237894598,0.01153765991,0,0,0,0.3654455886,0.01275163699,0.04393847929,-0.003136033192,0.004657977261,0.002818544861,-0.004273766321,0.003044535133,0.002682343335,0.7272488053,-0.0003369391125,3.882769769e-05,-0.0009099013556,1,0,0,0
10.4702363,8.45015192,torque,hover,-0.002513824496,-0.01232974418,-1.634949923,0,0,-2,0.001383817755,0.005381063558,0.01155664772,0,0,0,0.36526689,0.01282290541,0.04205925817,-0.003401396098,0.006172727328,0.002663481515,-0.004136954425,0.002430827318,0.00257450073,0.7271875945,-0.0002279095714,-0.0003405523708,-0.0008336895896,1,0,0,0
10.48024535,8.460160971,torque,hover,-0.002577053849,-0.01241493598,-1.635124683,0,0,-2,0.001310635125,0.005548758898,0.01159926038,0,0,0,0.3650955608,0.01292475652,0.04073011735,-0.004831328057,0.007770502008,0.001610955689,-0.004140290342,0.002096240487,0.002495152751,0.7271350808,-4.168484415e-06,-0.0006421883956,0.0001788441188,1,0,0,0
10.49023652,8.47015214,torque,hover,-0.002639396349,-0.01249516942,-1.635292172,0,0,-2,0.001248828252,0.005702154245,0.01160185691,0,0,0,0.3649313568,0.0129875794,0.03945083935,-0.003580794204,0.008317642845,0.001890748274,-0.004120301858,0.001663231805,0.002406752116,0.7270750573,-0.0001501550129,-0.0008076262045,-0.0001722863794,1,0,0,0
10.50024223,8.480157852,torque,hover,-0.002803740557,-0.01265641488,-1.635684252,0,0,-2,0.001070688828,0.005996123888,0.01186033525,0,0,0,0.3645463073,0.01333294523,0.03803913912,-0.004589526914,0.009890831076,0.001719160005,-0.005917076472,0.001154811036,0.002231034488,0.726998562,-0.0004204743728,-0.001055791413,-0.0001207475048,1,0,0,0
10.51023793,8.490153551,torque,hover,-0.002884289948,-0.01272987481,-1.635867357,0,0,-2,0.001032573869,0.006170291454,0.0119533278,0,0,0,0.3643665055,0.01349150663,0.03794213201,-0.002798406174,0.009859088808,0.001210414805,-0.005550675631,0.0008218986319,0.00215518294,0.726955784,-0.0005263494819,-0.001106438228,0.0003380394169,1,0,0,0
10.5202558,8.500171423,torque,hover,-0.002963761566,-0.01279828511,-1.636042595,0,0,-2,0.0009866745677,0.006402398925,0.01200545672,0,0,0,0.3641944161,0.01364167255,0.03731351232,-0.004069374874,0.008636508137,0.001411583973,-0.005226697271,0.001095370372,0.002073180062,0.7269054693,-0.0002339681473,-0.0008545713668,7.237753012e-05,1,0,0,0
10.5302453,8.510160923,torque,hover,-0.003061504336,-0.01287962776,-1.636229038,0,0,-2,0.0009136946755,0.006625604816,0.01207951643,0,0,0,0.3640117721,0.01380754121,0.03689122893,-0.003963484894,0.009035648778,0.001905476092,-0.005444828556,0.00106869219,0.001974162267,0.7268566746,-0.0002720168805,-0.0009079945919,-0.0005032735473,1,0,0,0
10.54024386,8.520159483,torque,hover,-0.003253273433,-0.01302693225,-1.636630893,0,0,-2,0.0007319321157,0.006906832568,0.0122438157,0,0,0,0.3636170965,0.01407661478,0.03625329238,-0.005087654572,0.005107027479,0.002365799854,-0.007277972057,0.000788492712,0.001766587521,0.7267527767,-0.0005380222553,-0.000383590124,-0.001115079273,1,0,0,0
10.55022717,8.530142784,torque,hover,-0.003347051796,-0.01309371181,-1.636818886,0,0,-2,0.0006850766949,0.006987345871,0.01239285152,0,0,0,0.3634324831,0.01424342309,0.0357767931,-0.00428102212,0.003560826182,0.002564999042,-0.006912832972,-0.000100904374,0.001650106004,0.726722493,-0.0005056589037,-0.0003947283261,-0.001405222141,1,0,0,0
10.56026649,8.540182114,torque,hover,-0.003453803714,-0.01316780038,-1.637020469,0,0,-2,0.0006549517857,0.007142383605,0.01256924216,0,0,0,0.3632347173,0.01447164309,0.03423623475,-0.006037508138,0.001554665272,0.001841411577,-0.006493820996,-0.0001466807431,0.001554541824,0.7266942035,-0.0001268532626,-0.0001382390037,-0.0007384596399,1,0,0,0
10.57024026,8.550155878,torque,hover,-0.003558669006,-0.01323682722,-1.637212873,0,0,-2,0.0006009764038,0.007317553274,0.01270045713,0,0,0,0.3630459717,0.01467001601,0.03216377007,-0.006008426193,0.0004385481298,0.002074304968,-0.006342149387,0.0001431366474,0.001454809208,0.726657781,-7.53559637e-05,6.529264225e-05,-0.001048580113,1,0,0,0
10.58030534,8.560220957,torque,hover,-0.003661588067,-0.01330080256,-1.637396455,0,0,-2,0.0006157267489,0.007489691023,0.01284821704,0,0,0,0.3628658837,0.01488459849,0.02985431957,-0.005208500661,-0.0002477012749,0.001708929776,-0.005662790449,0.00040358362,0.001364471659,0.7266287369,-1.45633445e-05,0.0001939642206,-0.000744991044,1,0,0,0
10.59024143,8.570157051,torque,hover,-0.003876799718,-0.01342363469,-1.637749791,0,0,-2,0.0005735725281,0.00770741934,0.01327907108,0,0,0,0.3625195682,0.01536447288,0.02537839265,-0.008047678508,-0.001376680331,0.001607148792,-0.006336998927,0.0007264035533,0.001172533283,0.726610045,0.0001777546805,0.0003851025798,-0.0007752148226,1,0,0,0
10.60024643,8.580162048,torque,hover,-0.003989025019,-0.01348261442,-1.637919426,0,0,-2,0.000470334955,0.007828041911,0.01345794275,0,0,0,0.3623534674,0.01557612527,0.02310025057,-0.008252733387,-0.00311655039,0.0008117725374,-0.00655600534,0.0008724296819,0.001107500454,0.7265939946,0.0001638061017,0.0006196870862,-1.081070937e-05,1,0,0,0
10.61025023,8.590165854,torque,hover,-0.004099568352,-0.01353692356,-1.638080001,0,0,-2,0.0004197355302,0.007991259918,0.01369221136,0,0,0,0.3621962735,0.01585916344,0.01963037324,-0.008538755588,-0.003292352892,0.002477344824,-0.006197536877,0.001433292446,0.0009954128648,0.7265952411,0.0002943662198,0.0007306193883,-0.001789586478,1,0,0,0
10.62028503,8.600200653,torque,hover,-0.004208206199,-0.01358648669,-1.638231516,0,0,-2,0.0003789377515,0.008168091998,0.01396338362,0,0,0,0.3620479771,0.01618139064,0.0163268258,-0.008634765632,-0.00384975085,0.001904236502,-0.005766939948,0.002138733637,0.0008998156054,0.726609115,0.0004054410155,0.0009209500656,-0.001276521978,1,0,0,0
10.63023496,8.610150576,torque,hover,-0.004475654103,-0.01367094088,-1.638557076,0,0,-2,0.0002657516743,0.008442050777,0.01445676014,0,0,0,0.3617290603,0.01674326011,0.01240626523,-0.008980968036,-0.004338112194,0.001940018032,-0.007231512329,0.003753563563,0.0007199220422,0.7266163337,6.075013785e-05,0.001273779362,-0.001434274859,1,0,0,0
10.64025474,8.620170355,torque,hover,-0.004605747294,-0.0137067195,-1.638706326,0,0,-2,0.0002312124998,0.008600616828,0.014620075,0,0,0,0.3615829166,0.01696380447,0.01182171521,-0.008707698435,-0.002370028989,0.001248616143,-0.006653133662,0.004144235442,0.0006395259511,0.7266036847,0.000184626564,0.001018881712,-0.0007937851511,1,0,0,0
10.65022159,8.630137205,torque,hover,-0.004876130261,-0.01377694029,-1.638994455,0,0,-2,0.0002462659613,0.008980610408,0.01517060585,0,0,0,0.3613012372,0.01763120223,0.01317595321,-0.008277889341,-0.0002461084223,0.0007385265199,-0.006705701573,0.006100852306,0.0004995128839,0.7266388678,8.065809346e-05,0.001111089935,-0.0003754280008,1,0,0,0
10.66025591,8.640171528,torque,hover,-0.00501589058,-0.01381155849,-1.639133453,0,0,-2,0.0002287630923,0.009131111205,0.01538231317,0,0,0,0.3611655891,0.01788980388,0.01413443613,-0.008233107626,0.0006891972735,2.678387864e-05,-0.006137167635,0.005938266896,0.0004533584814,0.7266422086,0.0002283849163,0.0008688402369,0.0003114019401,1,0,0,0
10.67022705,8.65014267,torque,hover,-0.00515280664,-0.0138416905,-1.639263749,0,0,-2,0.0002294492297,0.009332095273,0.01557094976,0,0,0,0.3610384834,0.0181547549,0.01531491894,-0.008280987851,0.002316572471,0.0004902146175,-0.005455707222,0.006237089705,0.0003955135667,0.7266428233,0.0003995235096,0.0006592757248,-0.0002066254269,1,0,0,0
10.68024564,8.660161257,torque,hover,-0.005286716856,-0.01386717893,-1.639385939,0,0,-2,0.0002631983953,0.009520304389,0.01575452834,0,0,0,0.3609193113,0.01840952559,0.01531471099,-0.007907059044,0.005471739452,0.0005586664774,-0.004616091888,0.006239991152,0.0003359588744,0.7266450894,0.0005339678479,0.0001863075066,-0.0003248434185,1,0,0,0
10.69023252,8.670148134,torque,hover,-0.005443918519,-0.01388246939,-1.639507174,0,0,-2,0.0002578142448,0.009659917094,0.01597748324,0,0,0,0.3608011037,0.01867245129,0.01378672915,-0.007245960645,0.007957751863,0.0001810445829,-0.004583627243,0.00586733707,0.0002894926249,0.7266577294,0.0004319817024,-0.0002574190268,2.391015293e-05,1,0,0,0
10.70024061,8.680156231,torque,hover,-0.0057477667,-0.01390141435,-1.639724374,0,0,-2,0.0003524055064,0.009912470356,0.01644797623,0,0,0,0.3605895353,0.01920721688,0.008703895262,-0.006166103296,0.01167103276,0.0006479960866,-0.004883037918,0.00577508719,0.0001824362782,0.7266983707,0.0001659127639,-0.0007162081729,-0.0005303558813,1,0,0,0
10.71024346,8.690159082,torque,hover,-0.005894412287,-0.01390539575,-1.639813423,0,0,-2,0.0003600605705,0.01004466228,0.01668283157,0,0,0,0.360503085,0.0194766977,0.006440063118,-0.006808013655,0.01307354216,-5.910899199e-05,-0.004526485635,0.005042895424,0.0001384867064,0.7267256811,0.0003406377061,-0.001061510912,0.0001558675688,1,0,0,0
10.72024918,8.700164795,torque,hover,-0.006068941671,-0.01389062498,-1.639900446,0,0,-2,0.0003293024492,0.01014393847,0.01693613641,0,0,0,0.3604184656,0.0197443826,0.004640077307,-0.006171102636,0.01310147997,0.0004210725601,-0.004906728063,0.00436286964,8.320053781e-05,0.7267584351,0.0001630853009,-0.001188510121,-0.0003734618084,1,0,0,0
10.73024607,8.710161686,torque,hover,-0.006239994429,-0.01387268212,-1.63997972,0,0,-2,0.0003338751849,0.01028822828,0.01714543998,0,0,0,0.3603414919,0.01999813056,0.005452286878,-0.004905457608,0.01355598867,-0.0006308107986,-0.004917614918,0.004096219196,4.618900364e-05,0.726782807,-3.553322055e-06,-0.001271673403,0.0006693920509,1,0,0,0
10.7402699,8.720185518,torque,hover,-0.006571187638,-0.01382765826,-1.640114784,0,0,-2,0.0003533869749,0.01050959155,0.01764215343,0,0,0,0.3602107066,0.02053830505,0.01090871117,-0.004080279265,0.01223333646,-0.0008599016583,-0.00621694551,0.004239535424,-2.671318975e-05,0.7268598741,-0.0004249791054,-0.0009348670465,0.0008519054071,1,0,0,0
10.75025296,8.730168581,torque,hover,-0.006730944384,-0.01380039658,-1.640171051,0,0,-2,0.0004546733107,0.01064919867,0.01790729538,0,0,0,0.3601563953,0.02083946707,0.01318139131,-0.004558125511,0.01085283142,0.0004765684716,-0.005057386362,0.003814963851,-9.540799242e-05,0.7269066952,-5.046237774e-05,-0.0008358418854,-0.000560002258,1,0,0,0
10.76027036,8.740185976,torque,hover,-0.006897320505,-0.01374656148,-1.64022553,0,0,-2,0.0005243278574,0.01080590021,0.01805634424,0,0,0,0.3601030554,0.02104932223,0.01372642549,-0.003969205543,0.008965355344,0.0003272404429,-0.00449298364,0.003991962683,-0.0001578511506,0.7269247351,1.037365244e-05,-0.0005316120769,-0.0004534527283,1,0,0,0
10.77025509,8.750170708,torque,hover,-0.007059786934,-0.0136898933,-1.640273094,0,0,-2,0.0005412502796,0.01099310536,0.01829311438,0,0,0,0.3600565241,0.02134898946,0.01296387911,-0.004613539204,0.007119635586,0.0006013605162,-0.004411075987,0.004558029764,-0.0002384648022,0.7269675388,0.0001177605174,-0.0001598119745,-0.0007895937886,1,0,0,0
10.78026533,8.76018095,torque,hover,-0.007218399085,-0.01363050658,-1.640329003,0,0,-2,0.0006133890129,0.011105082,0.01852142811,0,0,0,0.3600015581,0.02160422161,0.01203437947,-0.003692587605,0.003669560421,0.0003299964883,-0.003969255405,0.004542964366,-0.0003107374199,0.7270051772,8.952245746e-05,0.0002765701367,-0.0005654877255,1,0,0,0
10.79025435,8.770169973,torque,hover,-0.007533060387,-0.0135036353,-1.640440464,0,0,-2,0.0007145733689,0.01132513862,0.01899881102,0,0,0,0.3598918658,0.02212971306,0.008566346556,-0.004595289472,-0.0003339626128,-0.0004269189376,-0.004636405697,0.006499309088,-0.0004143800141,0.7270858727,3.052135892e-05,0.001234735323,0.0001352006489,1,0,0,0
10.80025101,8.780166626,torque,hover,-0.007689811289,-0.01343596727,-1.640496016,0,0,-2,0.0007572987815,0.01149346121,0.01919922978,0,0,0,0.3598371482,0.02238936301,0.007869862352,-0.004078133963,-0.0003595525341,-0.0002560628636,-0.004300740318,0.007036447017,-0.0004690787277,0.7271165689,4.223279344e-05,0.001262830816,-7.999875508e-05,1,0,0,0
10.81025124,8.790166855,torque,hover,-0.007991056889,-0.01329236478,-1.64058423,0,0,-2,0.0009305433487,0.01185933501,0.01963477954,0,0,0,0.3597502458,0.02295722774,0.01381098381,-0.004623985849,-0.001235617208,-0.0002322564833,-0.003922494687,0.01025949215,-0.0005670463192,0.7271949922,0.000172238915,0.002011719848,-0.0001734160679,1,0,0,0
10.82028842,8.800204039,torque,hover,-0.00814626459,-0.01321337279,-1.64063096,0,0,-2,0.001025844947,0.01198702678,0.01980429515,0,0,0,0.3597041304,0.02317220912,0.01746230269,-0.00473289052,-0.0003693515609,-0.0001427228126,-0.00323692885,0.01002394558,-0.0006235737512,0.7272210284,0.0003372161443,0.00169554876,-0.0003080308467,1,0,0,0
10.83026934,8.810184956,torque,hover,-0.008297296241,-0.01313189603,-1.640667677,0,0,-2,0.001102821203,0.0121894395,0.01999653317,0,0,0,0.3596679166,0.02344482861,0.02142433134,-0.005462715868,0.001600010553,-0.0008546546451,-0.002698826906,0.01053589809,-0.0006615366516,0.7272564404,0.0005391365276,0.001433396973,0.0003884589427,1,0,0,0
10.84030867,8.820224285,torque,hover,-0.008444130421,-0.01304793637,-1.640697598,0,0,-2,0.001217111479,0.01229466498,0.02011236921,0,0,0,0.3596383847,0.02360397302,0.0234548239,-0.004796358291,0.004285872914,-2.614598088e-05,-0.002020307923,0.01005354936,-0.000722077212,0.7272749538,0.0005720871009,0.0008654951084,-0.0005021476239,1,0,0,0
10.85026073,8.830176353,torque,hover,-0.008730741218,-0.01285577286,-1.640747666,0,0,-2,0.001368994708,0.01259432454,0.02039662562,0,0,0,0.3595882867,0.02401069541,0.02524346784,-0.003692870261,0.01104139537,0.0004886377719,-0.002180827061,0.01189312793,-0.0008625952316,0.7273288855,0.0003242661937,0.0003623817245,-0.001129781751,1,0,0,0
10.86026716,8.840182781,torque,hover,-0.0088709509,-0.01274788845,-1.640767097,0,0,-2,0.001457600738,0.01271141972,0.02060431615,0,0,0,0.3595684645,0.02425371384,0.02470236437,-0.004883718211,0.01357447542,8.875897038e-05,-0.00165888751,0.01098169367,-0.0009299273833,0.7273745136,0.000586549588,-0.0002443071021,-0.0007714021414,1,0,0,0
10.87025762,8.850173235,torque,hover,-0.009007034823,-0.01263805665,-1.640779734,0,0,-2,0.001600366086,0.01287657768,0.02076175995,0,0,0,0.3595553461,0.02448301657,0.02418553936,-0.003670083359,0.01572060399,-0.0006275522173,-0.0007539615737,0.01048992391,-0.0009761706712,0.727409828,0.0005965063406,-0.0006622040644,-7.712658067e-05,1,0,0,0
10.88027287,8.860188484,torque,hover,-0.009138799272,-0.01252634544,-1.640785933,0,0,-2,0.001737899147,0.01303757261,0.02095841989,0,0,0,0.3595485687,0.02474376603,0.02378224523,-0.004084812943,0.0176250916,-0.0002680618491,-8.687239508e-07,0.009919471736,-0.001031075725,0.7274574225,0.000785259792,-0.001042150814,-0.0004820934376,1,0,0,0
10.89025307,8.870168686,torque,hover,-0.00927179493,-0.01238944288,-1.640798926,0,0,-2,0.001850260887,0.01314388961,0.02117763087,0,0,0,0.3595342484,0.02499354614,0.02336594878,-0.004309578799,0.01858093031,-0.0008344278904,0.0003864439736,0.009170104352,-0.001068941571,0.7275082935,0.0008535694756,-0.001314383536,6.803953199e-05,1,0,0,0
10.90027332,8.880188942,torque,hover,-0.009526117705,-0.01211255044,-1.640797853,0,0,-2,0.002049066359,0.01333345473,0.02138554491,0,0,0,0.3595325338,0.02528480214,0.02485960658,-0.003822091268,0.01776079461,-0.0004931672011,0.0005520114942,0.009750049657,-0.001179728715,0.7275614016,0.0007536714185,-0.0009108732901,-0.0003578468322,1,0,0,0
10.91026092,8.890176535,torque,hover,-0.009647249244,-0.01197301224,-1.640788555,0,0,-2,0.002156675793,0.01340230647,0.02152105421,0,0,0,0.3595403796,0.02544462308,0.02665062364,-0.003696857952,0.01730382815,-0.0006986685912,0.0009343368159,0.008450723486,-0.001226731363,0.7275991226,0.0007829463845,-0.001146806379,-0.0001827301971,1,0,0,0
10.92027545,8.900191069,torque,hover,-0.009762585163,-0.01181434095,-1.640794396,0,0,-2,0.002287529409,0.01348086447,0.02162252739,0,0,0,0.359532408,0.02558320129,0.02833362441,-0.00260721799,0.01495588012,-0.001399985747,0.00148688388,0.007737265648,-0.001253380609,0.7276227138,0.0007196744328,-0.0009687513178,0.0005119878977,1,0,0,0
10.93026328,8.9101789,torque,hover,-0.009873921983,-0.01165519468,-1.640794396,0,0,-2,0.002433613874,0.0135731902,0.0217086561,0,0,0,0.359530254,0.02571808155,0.02999230239,-0.0005263478961,0.01420570258,-0.0005486735026,0.0020119054,0.00728044183,-0.001310915872,0.7276445251,0.0005174528544,-0.0009517329493,-0.0003977071498,1,0,0,0
10.94028401,8.920199633,torque,hover,-0.009981462732,-0.01149571221,-1.640788674,0,0,-2,0.002574186306,0.01363872923,0.02183843032,0,0,0,0.3595338057,0.02587582673,0.03154409361,-0.0001703307498,0.01272908598,-0.00036374302,0.002379650587,0.006733426233,-0.001371980396,0.7276794818,0.0005191788143,-0.0008550046257,-0.0006299257417,1,0,0,0
10.95026684,8.930182457,torque,hover,-0.01018252969,-0.01116701309,-1.640773773,0,0,-2,0.002935133874,0.0137607567,0.02208787389,0,0,0,0.3595439724,0.02618869239,0.03250276557,0.00192521594,0.007515245583,-0.002084992826,0.003625405408,0.008258364994,-0.001407242232,0.7277480545,0.000490515496,0.0002793469427,0.001097991115,1,0,0,0
10.96026111,8.940176725,torque,hover,-0.01027608663,-0.01099783275,-1.640764832,0,0,-2,0.003086848184,0.01384974178,0.0222242754,0,0,0,0.3595503523,0.02636782881,0.03221496136,0.002305183327,0.005242961459,-0.001242262311,0.003779787271,0.008135281923,-0.001439995803,0.7277858646,0.0004301632451,0.0005083972993,0.0002152760593,1,0,0,0
10.97025108,8.950166702,torque,hover,-0.01036562491,-0.01082827337,-1.640749931,0,0,-2,0.00327019277,0.01396167558,0.02236361802,0,0,0,0.3595626642,0.02656603012,0.03226125851,0.002396577969,0.003187459195,-0.001246244065,0.004219021368,0.008393517193,-0.001470938227,0.7278265639,0.0004789730166,0.0007940911975,0.0001968148713,1,0,0,0
10.98027658,8.960192204,torque,hover,-0.01053132396,-0.01048121974,-1.640729189,0,0,-2,0.003597279079,0.014128129,0.02252630703,0,0,0,0.3595779199,0.02683242356,0.03270425589,0.004940330051,0.001708394033,-0.0009695155895,0.004910054681,0.01098873032,-0.001550948766,0.7278752946,0.0002689923367,0.001535281613,-0.0001455538552,1,0,0,0
10.99024916,8.970164776,torque,hover,-0.01060761418,-0.01030420884,-1.640723705,0,0,-2,0.003737007966,0.01417549606,0.02258905396,0,0,0,0.3595805252,0.02692907863,0.03257668569,0.004803852644,0.001339771436,-0.002451842651,0.004642691827,0.0105411488,-0.001546521837,0.7278931853,0.0001871873711,0.001371866497,0.001366689054,1,0,0,0
11.00028968,8.980205297,torque,hover,-0.01068058331,-0.0101272082,-1.6407125,0,0,-2,0.003847549204,0.01425482053,0.02268288285,0,0,0,0.3595888529,0.02706504605,0.03252270616,0.006924085319,0.001564440783,-0.001883992227,0.004104809528,0.01058047448,-0.001556696742,0.7279210489,-0.000250964036,0.001264891784,0.0007782921534,1,0,0,0
11.01025844,8.990174055,torque,hover,-0.01081675664,-0.00977377221,-1.640677333,0,0,-2,0.004111363087,0.01428190805,0.02273798548,0,0,0,0.3596182809,0.02716417103,0.03312465982,0.00732238451,0.004314005375,-0.00107143959,0.003979877873,0.01184136069,-0.001621055495,0.7279477586,-0.0002892069328,0.001122363106,-9.532312327e-05,1,0,0,0
11.0202868,9.000202417,torque,hover,-0.01087582111,-0.009603166953,-1.640678525,0,0,-2,0.00420749234,0.01433016732,0.02274647169,0,0,0,0.3596142749,0.02721137008,0.03319304584,0.007287243847,0.005737920757,-0.001474602846,0.003364013028,0.01124391658,-0.00163579866,0.7279494981,-0.000431521561,0.0007214232996,0.0003049705404,1,0,0,0
11.03025889,9.010174513,torque,hover,-0.01093186252,-0.009432579391,-1.640674472,0,0,-2,0.004310076591,0.01435031462,0.02275314368,0,0,0,0.359615509,0.02724360177,0.03266660172,0.008856393397,0.009487112053,-0.0001896452159,0.002800675846,0.01039128105,-0.001680373086,0.7279526797,-0.0007664540774,-2.208906376e-05,-0.001036089766,1,0,0,0
11.04027557,9.020191193,torque,hover,-0.01098509971,-0.009262426756,-1.640665174,0,0,-2,0.004403312225,0.01433934458,0.02278811671,0,0,0,0.3596219994,0.02728193953,0.03188649047,0.008411166258,0.01055230387,-0.0004740390868,0.002228012532,0.009401111557,-0.001714889084,0.727964939,-0.0008130976982,-0.0003879478728,-0.0007702561533,1,0,0,0
11.05026817,9.030183792,torque,hover,-0.01103530917,-0.009092425928,-1.640650511,0,0,-2,0.004539188929,0.01440578792,0.02287393995,0,0,0,0.3596338494,0.02741072948,0.03141290675,0.008326193318,0.01318592951,-0.0005535394885,0.002171603321,0.009073354282,-0.001745696233,0.727992024,-0.0007863835212,-0.0007903136385,-0.0007097358342,1,0,0,0
11.06026435,9.040179968,torque,hover,-0.01113762427,-0.008742232807,-1.640653729,0,0,-2,0.004885589238,0.01439792383,0.02281875908,0,0,0,0.3596251041,0.02742015607,0.03014676218,0.007311257068,0.0150458226,-0.0006227293052,0.002994412215,0.009058035579,-0.001794205684,0.72797685,-0.0003829808048,-0.0009124776718,-0.0006684646578,1,0,0,0
11.07025552,9.050171137,torque,hover,-0.0111836791,-0.008568074554,-1.640659571,0,0,-2,0.005012894049,0.01435872819,0.02280018479,0,0,0,0.3596165051,0.02740712696,0.03023346909,0.007197073195,0.01588806883,-0.0005636558053,0.002520837514,0.007558729609,-0.001822844984,0.7279700275,-0.0004880332583,-0.001335898053,-0.0007488733547,1,0,0,0
11.08027864,9.060194254,torque,hover,-0.01122687571,-0.008394616656,-1.640660048,0,0,-2,0.005148746539,0.01429836918,0.02282396331,0,0,0,0.3596132836,0.02742054437,0.03079342904,0.006625145208,0.01547029521,-0.001092177699,0.002220863376,0.006117718894,-0.001834984181,0.7279758739,-0.0004814742532,-0.001545429325,-0.0002185999253,1,0,0,0
11.09026313,9.070178747,torque,hover,-0.01126637682,-0.00822718814,-1.640677571,0,0,-2,0.005256226286,0.01427612081,0.02286637016,0,0,0,0.359593139,0.02746463953,0.03183348488,0.00473410124,0.01466078404,-0.0007920362987,0.001883937564,0.00522170991,-0.001849925033,0.7279802843,-0.0003019446045,-0.001560966283,-0.0005344646051,1,0,0,0
11.10028124,9.080196857,torque,hover,-0.01133623067,-0.007894315757,-1.640695095,0,0,-2,0.005512214731,0.01416401472,0.02293079905,0,0,0,0.3595703618,0.02751045927,0.03542218026,0.004368528258,0.01298739109,-0.0001861936616,0.002390638793,0.00464107628,-0.001905409914,0.7279902416,-0.0001100539221,-0.001297600002,-0.001188809109,1,0,0,0
11.11024356,9.090159178,torque,hover,-0.01136673614,-0.007729036734,-1.640695691,0,0,-2,0.005646116566,0.01415106095,0.02290355414,0,0,0,0.3595671385,0.02750825241,0.03657293539,0.003272854956,0.01096484438,-0.0003683642717,0.002356666931,0.003990180873,-0.001925475716,0.7279831121,9.602324797e-06,-0.001117102886,-0.001018135649,1,0,0,0
11.12027812,9.100193739,torque,hover,-0.0113937417,-0.00757529214,-1.640717745,0,0,-2,0.005737383384,0.01405617595,0.02291829512,0,0,0,0.3595426835,0.02749076029,0.03842021531,0.002676008502,0.009643393569,-5.270418569e-06,0.001961170039,0.002724047494,-0.001954325667,0.7279788469,-2.242626863e-05,-0.001178621879,-0.001410405832,1,0,0,0
11.13028622,9.110201836,torque,hover,-0.01141796354,-0.007422458846,-1.640734196,0,0,-2,0.005876998417,0.0139614474,0.02291653119,0,0,0,0.3595238252,0.02747050283,0.03906643105,0.002561339876,0.006754429545,-0.00115430844,0.002105738673,0.001793008224,-0.00194475982,0.7279724097,1.108989154e-05,-0.0009398484262,-0.0002337641166,1,0,0,0
11.14027858,9.120194197,torque,hover,-0.01145813428,-0.007119777612,-1.640730023,0,0,-2,0.006071414333,0.01371629536,0.02289923653,0,0,0,0.3595231511,0.02737469386,0.03908118192,0.002188698621,0.001975440187,-0.001778653474,0.00245560635,0.001355837107,-0.00191058005,0.7279695029,0.0001401939235,-0.0003102371894,0.0004265853371,1,0,0,0
11.15026736,9.130182981,torque,hover,-0.01146331616,-0.006985919084,-1.640734911,0,0,-2,0.006169959903,0.0135855265,0.02296100929,0,0,0,0.3595158062,0.02738325918,0.03873051382,0.001471747411,-0.0003618843912,-8.472613263e-05,0.002375091297,0.0005928635985,-0.001922977539,0.7279833699,0.0001939655794,-0.0001435790483,-0.001308733976,1,0,0,0
11.16026163,9.14017725,torque,hover,-0.01146601327,-0.006852892693,-1.640734434,0,0,-2,0.006301647052,0.0134468209,0.02296164259,0,0,0,0.3595138084,0.02734528805,0.03745722672,0.001662891358,-0.002523393137,-0.000994113856,0.002629135483,5.188236339e-05,-0.001900273077,0.727983665,0.0002025624571,5.037260407e-05,-0.0003668747955,1,0,0,0
11.17026067,9.150176287,torque,hover,-0.01146606263,-0.006720561069,-1.640728712,0,0,-2,0.006470149383,0.01336383261,0.02296791039,0,0,0,0.35951703,0.02734921869,0.03505610441,0.000968151493,-0.003497840604,-0.002204329474,0.003286024404,0.0001714908159,-0.001841578572,0.7279872919,0.000422458827,0.0002307127301,0.0009088100923,1,0,0,0
11.18026137,9.160176992,torque,hover,-0.01143424958,-0.00647809403,-1.640718341,0,0,-2,0.006667243317,0.01318228152,0.02293903008,0,0,0,0.3595219303,0.02728413056,0.03108607157,-0.0008353666053,-0.006605916191,-0.001676461427,0.00450552594,0.001032005012,-0.001765893761,0.7279836842,0.0009138806542,0.000831930237,0.0004267952693,1,0,0,0
11.19026732,9.170182943,torque,hover,-0.01140332408,-0.00636756327,-1.640710235,0,0,-2,0.006800096482,0.01312756166,0.02299822122,0,0,0,0.3595270743,0.02734030663,0.02925870611,0.0005712620332,-0.00637701666,-0.001641130075,0.004933462657,0.001348504616,-0.001708082846,0.7280015904,0.0007547153735,0.000855058493,0.0004318602006,1,0,0,0
11.20026207,9.180177689,torque,hover,-0.01137019228,-0.006256762426,-1.640696645,0,0,-2,0.00697254343,0.01306776982,0.02306872047,0,0,0,0.3595376606,0.02741439101,0.02756411072,0.0002296140156,-0.008708130568,-0.003165688831,0.00570780565,0.001758549838,-0.001606065657,0.7280243293,0.0009208572991,0.001246500311,0.0020571321,1,0,0,0
11.21025276,9.190168381,torque,hover,-0.01133500785,-0.006146451458,-1.640677929,0,0,-2,0.007116711698,0.01291797776,0.02309503593,0,0,0,0.3595533507,0.02740259877,0.02730910319,0.001143887057,-0.009125870652,-0.00175524829,0.006042615021,0.001495052466,-0.001542894129,0.7280377043,0.0008088662503,0.00120758601,0.0006653388275,1,0,0,0
11.22026396,9.200179577,torque,hover,-0.01121642999,-0.00596701866,-1.64067471,0,0,-2,0.007480921224,0.01267889049,0.02303723246,0,0,0,0.3595498261,0.02733921224,0.02943363517,0.001467659953,-0.009244073182,-0.002458918374,0.009057301939,0.001562342761,-0.001366228833,0.728024003,0.001397407604,0.001161634068,0.001512689095,1,0,0,0
11.23025751,9.21017313,torque,hover,-0.01115417108,-0.005877366289,-1.640665889,0,0,-2,0.00768537866,0.01255192328,0.02305583097,0,0,0,0.3595552286,0.02735301016,0.03128845398,0.003161331872,-0.008288035169,-0.001696523163,0.009525818139,0.001512866039,-0.001285431661,0.7280317985,0.001168547944,0.001008566353,0.0007940859177,1,0,0,0
11.24026799,9.220183611,torque,hover,-0.01108994335,-0.005787514616,-1.640651822,0,0,-2,0.007881132886,0.0125238942,0.02307249233,0,0,0,0.3595658426,0.02740985377,0.03445493955,0.002724950667,-0.006988164969,-0.0007946477854,0.01002389421,0.002339811496,-0.001228729822,0.7280410269,0.001251121349,0.001018569972,-8.313548634e-05,1,0,0,0
11.25025225,9.230167866,torque,hover,-0.01099966094,-0.00573242642,-1.640653849,0,0,-2,0.008097458631,0.01238047611,0.02308787592,0,0,0,0.3595601615,0.02742070457,0.03614890741,0.004164141137,-0.004368513357,-0.001152849291,0.01072793033,0.00154632294,-0.001160969868,0.7280440571,0.001129287037,0.0004709339384,0.0003325046365,1,0,0,0
11.2602644,9.240180016,torque,hover,-0.01081490703,-0.005620500073,-1.640618086,0,0,-2,0.008415907621,0.01219958719,0.02306682989,0,0,0,0.3595885321,0.02741780571,0.03716611827,0.006724456791,-0.001152819139,-0.0008665081696,0.01284928768,0.0009655000648,-0.0009769754259,0.7280514925,0.001213039687,-8.691521754e-05,0.0001811712861,1,0,0,0
11.27024722,9.25016284,torque,hover,-0.01072093006,-0.005563351326,-1.64059341,0,0,-2,0.008556520566,0.01208826993,0.02306420729,0,0,0,0.3596094917,0.02740981524,0.03663862925,0.007322730497,0.0003237067722,-0.0008959841216,0.01230115964,0.0006037402493,-0.0008966500231,0.7280596891,0.0009060548806,-0.0003187648688,0.0002685350679,1,0,0,0
11.28026104,9.260176659,torque,hover,-0.01062583644,-0.005505695008,-1.640564084,0,0,-2,0.008684705943,0.01195283793,0.023107538,0,0,0,0.3596350911,0.0274272267,0.03516571703,0.008292806335,0.002229969716,-0.001222397201,0.01173764284,-1.12567054e-06,-0.0008062022352,0.7280812287,0.0005756064859,-0.000656859026,0.000666604768,1,0,0,0
11.29026318,9.270178795,torque,hover,-0.01051706541,-0.005476634484,-1.64054811,0,0,-2,0.00887603499,0.01185541321,0.02313828468,0,0,0,0.3596474154,0.02747207742,0.03439971183,0.009173793718,0.003945634235,-0.001057756599,0.0119469781,-0.0006790513175,-0.0007191946195,0.7280947225,0.0004608197904,-0.000972595597,0.0005641769606,1,0,0,0
11.30029774,9.280213356,torque,hover,-0.01029565092,-0.0054153651,-1.640502334,0,0,-2,0.00924789533,0.01158854272,0.02307664603,0,0,0,0.3596858334,0.02742898982,0.03146341591,0.01253601257,0.004978955258,-0.0006870214711,0.01394042662,-0.00297345514,-0.0005103704527,0.7280955095,0.0004898277578,-0.001523330257,0.0003487473626,1,0,0,0
11.31026387,9.290179491,torque,hover,-0.01018295251,-0.005383375566,-1.640476584,0,0,-2,0.009463906288,0.01151880063,0.02303345315,0,0,0,0.3597078809,0.02743698698,0.03060659523,0.01348436344,0.004102248698,-0.0006168414257,0.01364482106,-0.003044085234,-0.0004155403722,0.7280938176,0.0002300630093,-0.001303018482,0.0003436734977,1,0,0,0
11.32029414,9.300209761,torque,hover,-0.01004677266,-0.00536667509,-1.640469074,0,0,-2,0.009627280757,0.01141471788,0.02300985716,0,0,0,0.3597113084,0.02743052762,0.02966854614,0.01413602289,0.004165049177,0.0002305433882,0.01310879477,-0.003620954945,-0.0003446341873,0.7280904865,-2.375569369e-05,-0.00134839243,-0.0004691917146,1,0,0,0
11.33029461,9.310210228,torque,hover,-0.009910145774,-0.005348807201,-1.640456796,0,0,-2,0.009760393761,0.01126287598,0.02301038243,0,0,0,0.3597195248,0.02741523958,0.02847257692,0.01536819339,0.003378835507,0.0003616663453,0.01231565931,-0.004497994997,-0.0002687415451,0.7280949993,-0.0003943342927,-0.001350184968,-0.0005498615024,1,0,0,0
11.34028792,9.320203543,torque,hover,-0.009635260329,-0.005310686305,-1.640418172,0,0,-2,0.01007693633,0.01095718145,0.02301284485,0,0,0,0.3597500976,0.02740794591,0.02686322882,0.01692867093,0.0005560472491,-0.0007811323158,0.01356288481,-0.006631106095,-4.483526563e-05,0.728109485,-0.0002160192894,-0.001351848338,0.0007824680869,1,0,0,0
11.35028434,9.330199957,torque,hover,-0.009490463883,-0.005320637487,-1.640411735,0,0,-2,0.01014050376,0.01072437782,0.02300225571,0,0,0,0.35975283,0.02733031035,0.02666605281,0.01635710709,-0.001462153159,0.0003934001434,0.01176248238,-0.007728380819,2.820961722e-05,0.728109057,-0.0005817856775,-0.00122717141,-0.0003675228929,1,0,0,0
11.36026931,9.340184927,torque,hover,-0.009345806204,-0.005329532083,-1.640400648,0,0,-2,0.01025229599,0.01055432577,0.02299612202,0,0,0,0.3597602561,0.0273006409,0.02638581818,0.01643418707,-0.003621340962,8.408418944e-05,0.01075288954,-0.008048430199,0.0001222272546,0.7281114589,-0.000817611125,-0.0009098329712,1.113701355e-05,1,0,0,0
11.37025809,9.350173712,torque,hover,-0.00920053944,-0.00533735007,-1.640384555,0,0,-2,0.01044496708,0.0103724841,0.02301164158,0,0,0,0.3597727138,0.0273170535,0.02649945115,0.01613032445,-0.006093550939,2.207289435e-05,0.01059617299,-0.008364122499,0.0002230000535,0.7281211624,-0.0007882053056,-0.0005695608578,0.0001445607747,1,0,0,0
11.38025641,9.360172033,torque,hover,-0.008894080296,-0.005378732458,-1.6403898,0,0,-2,0.01071856916,0.01006762777,0.0229918696,0,0,0,0.3597603804,0.02729232349,0.02380125525,0.01505322382,-0.01150298212,0.0003265587729,0.01191574969,-0.009536909839,0.0004361419095,0.7281141794,-0.0002284523077,-9.472380806e-05,-1.311095369e-05,1,0,0,0
11.3902626,9.370178223,torque,hover,-0.0087334048,-0.005411603488,-1.640395045,0,0,-2,0.01081395801,0.009927631356,0.02298600599,0,0,0,0.3597516939,0.02727372405,0.0215087556,0.01441070531,-0.01370576303,-0.001091049169,0.01073947096,-0.008860941192,0.0005763214141,0.7281107744,-0.0004404454264,0.0004122174867,0.001525893237,1,0,0,0
11.4002831,9.380198717,torque,hover,-0.008573151194,-0.005442721304,-1.640395164,0,0,-2,0.01085792948,0.009800028056,0.0229535941,0,0,0,0.3597481895,0.02721769029,0.01921732135,0.01343128365,-0.01434043609,-0.0006601995556,0.009418022659,-0.008061732019,0.0007034604566,0.7281025022,-0.0006151442673,0.0007009462315,0.001175928735,1,0,0,0
11.41027284,9.390188456,torque,hover,-0.008413391188,-0.005471889861,-1.640390515,0,0,-2,0.01090215798,0.009715274908,0.02294038422,0,0,0,0.3597495076,0.02719383834,0.01712025101,0.01234198548,-0.01516140997,-0.0003328549792,0.008453326952,-0.006933450271,0.0008207844645,0.7281008356,-0.0006717738699,0.001068502122,0.0009247043506,1,0,0,0
11.42030859,9.400224209,torque,hover,-0.008076271974,-0.005573129281,-1.640406132,0,0,-2,0.01097762398,0.009442045353,0.02287274227,0,0,0,0.3597277249,0.0270706998,0.01723465106,0.01143156365,-0.01722584292,-5.733187209e-05,0.008959079393,-0.00752547983,0.001039597901,0.7280780011,-0.0003337945403,0.001085949672,0.0008021674867,1,0,0,0
11.43027616,9.410191774,torque,hover,-0.007909151725,-0.005620278418,-1.640401006,0,0,-2,0.01097839046,0.009382749908,0.02286420204,0,0,0,0.3597298693,0.02704316527,0.01920397549,0.01197988912,-0.01642202586,0.0004920623032,0.007685230865,-0.006030441975,0.001140264727,0.728077687,-0.0007036513424,0.001314891502,0.0003161465844,1,0,0,0
11.44028664,9.420202255,torque,hover,-0.007742817048,-0.005665024277,-1.640391111,0,0,-2,0.0110047264,0.009281347506,0.02281653509,0,0,0,0.3597368434,0.02697854125,0.02270952814,0.01173249166,-0.01702190191,-0.0004944968969,0.006841922093,-0.005066128186,0.001267360504,0.7280691738,-0.0008378120844,0.001588972188,0.001412285152,1,0,0,0
11.45026445,9.430180073,torque,hover,-0.007568033412,-0.005719678011,-1.640399098,0,0,-2,0.01102959551,0.009162631817,0.02276858687,0,0,0,0.3597260045,0.0269075147,0.0261547788,0.01063910592,-0.01593963243,-0.0001275759278,0.006269657334,-0.004520533087,0.001382953695,0.7280541117,-0.0007842033118,0.001521332521,0.001123382244,1,0,0,0
11.46026063,9.440176249,torque,hover,-0.0073943967,-0.005772105418,-1.640402198,0,0,-2,0.01102330629,0.009052751586,0.02272836864,0,0,0,0.3597201324,0.02683364183,0.02974185056,0.01088694483,-0.01403520629,-0.0002582664019,0.005523533849,-0.003972358115,0.00150019157,0.7280427802,-0.0009517757274,0.001345760353,0.001344168706,1,0,0,0
11.47024274,9.450158358,torque,hover,-0.007049977779,-0.005869825836,-1.64039433,0,0,-2,0.01102543715,0.008933050558,0.02267286554,0,0,0,0.3597226639,0.02674730806,0.03675553769,0.01000136696,-0.01085937861,0.0001673519,0.006194137219,-0.003697407721,0.001723805186,0.7280315498,-0.0005653486439,0.0008600935255,0.001075226338,1,0,0,0
11.48027873,9.460194349,torque,hover,-0.006879841909,-0.00592250051,-1.640414,0,0,-2,0.01105595659,0.008851197548,0.02263971977,0,0,0,0.3597005699,0.0267045836,0.03873930134,0.009694197215,-0.009385935031,0.001024964149,0.005679343475,-0.003120234062,0.001799275992,0.7280160298,-0.0006315956103,0.0007881102755,0.0002577933113,1,0,0,0
11.49028158,9.470197201,torque,hover,-0.006710581947,-0.005972868297,-1.640428782,0,0,-2,0.01103765797,0.008725963533,0.02256239951,0,0,0,0.3596834278,0.02659011479,0.03934669854,0.008288178593,-0.006104483269,0.001741065527,0.004898088911,-0.003128522219,0.001849201616,0.727991083,-0.0006025298403,0.0003338500188,-0.0004325504766,1,0,0,0
11.5002687,9.480184317,torque,hover,-0.006375326775,-0.006066106725,-1.640465021,0,0,-2,0.01104878541,0.008653343655,0.02247177996,0,0,0,0.3596426608,0.02649409198,0.04059835675,0.007041301113,-0.002399813849,0.0005336566246,0.005972469967,-0.003380714498,0.001990833072,0.7279550364,-0.0001221516598,-0.0002376082752,0.0009016899044,1,0,0,0
11.51027513,9.490190744,torque,hover,-0.006216867361,-0.006118967663,-1.640501499,0,0,-2,0.0109897051,0.008614041843,0.02244676836,0,0,0,0.3596043149,0.02643544486,0.04136235632,0.006097138859,-0.0005393959,-0.0003371006169,0.004827110429,-0.002937891179,0.002094969772,0.7279355042,-0.0002716424197,-0.0003501128889,0.001864860094,1,0,0,0
11.52028084,9.500196457,torque,hover,-0.006059638225,-0.006168903783,-1.640532374,0,0,-2,0.01094941795,0.008616964333,0.02243167907,0,0,0,0.359571618,0.02640685619,0.04190749935,0.005398646928,0.0003760368563,0.0001055536777,0.00417347672,-0.002339308375,0.002182150205,0.7279205243,-0.0003214715924,-0.0003046359236,0.001477181311,1,0,0,0
11.53026772,9.510183334,torque,hover,-0.005903432611,-0.006215730682,-1.640557647,0,0,-2,0.01089766808,0.00862439163,0.02240241505,0,0,0,0.3595445607,0.02636299491,0.04169119991,0.004959342536,0.002850813093,0.001295917085,0.003609496927,-0.00199463352,0.002233447599,0.727903982,-0.0003767246475,-0.0005422038046,0.0003033815412,1,0,0,0
11.5402813,9.520196915,torque,hover,-0.005594428163,-0.006301306188,-1.640592337,0,0,-2,0.01081970055,0.008545952849,0.02234407142,0,0,0,0.3595064291,0.02625560431,0.04107648411,0.00548669463,0.002298891544,0.002195647219,0.004144281133,-0.003266848925,0.002298686321,0.7278766886,-0.0002726933683,-0.0007118695886,-0.0005645844682,1,0,0,0
11.55027246,9.530188084,torque,hover,-0.005461853929,-0.006360676605,-1.640610456,0,0,-2,0.01076720841,0.008415570483,0.02228773758,0,0,0,0.3594873211,0.0261437918,0.04124441874,0.004646081943,0.003200716339,0.001388923847,0.003205653656,-0.004247596664,0.002339604557,0.7278558623,-0.0003677437645,-0.001022722315,0.0002872162639,1,0,0,0
11.5602746,9.54019022,torque,hover,-0.005330002401,-0.006417695433,-1.64062345,0,0,-2,0.01071605925,0.008309395052,0.02226573601,0,0,0,0.3594733651,0.02606996302,0.04185685433,0.003848204622,0.002744996222,0.001373024075,0.002553127053,-0.004878914511,0.002380864603,0.7278455971,-0.0003889299579,-0.001051257352,0.0003326296885,1,0,0,0
11.57026124,9.550176859,torque,hover,-0.005068305414,-0.006523905322,-1.640633583,0,0,-2,0.01061234623,0.00824896805,0.02229493856,0,0,0,0.3594613619,0.0260332797,0.04231541526,0.004284307361,0.0007343632169,0.002887700917,0.002787048659,-0.005725541436,0.002380508382,0.7278493727,-0.0003502827128,-0.0009032098059,-0.001210500027,1,0,0,0
11.58026552,9.560181141,torque,hover,-0.004966784734,-0.006585585885,-1.640645027,0,0,-2,0.01050040778,0.008199796081,0.02235225216,0,0,0,0.3594496285,0.02602149872,0.04370186789,0.00375639298,0.00126990478,0.001742590801,0.001446808377,-0.005662940456,0.002402346403,0.7278597524,-0.0005669993799,-0.0009130105155,-2.911670119e-05,1,0,0,0
11.59026074,9.570176363,torque,hover,-0.004865807947,-0.006644498557,-1.640650868,0,0,-2,0.01041258965,0.008121589199,0.02239553258,0,0,0,0.3594434918,0.02599888678,0.04520611069,0.003082236741,-0.0003157407627,0.0009119676542,0.0006039327241,-0.005845790314,0.002442180892,0.7278686107,-0.0006284472138,-0.0006978885551,0.000844611738,1,0,0,0
11.60027599,9.580191612,torque,hover,-0.004765488207,-0.006700657774,-1.640651584,0,0,-2,0.0102605382,0.008088164032,0.022380732,0,0,0,0.3594424752,0.0259151347,0.04642094994,0.00334811653,-0.00227200659,0.00164889032,-0.0005790328861,-0.005479749803,0.002458238256,0.7278645843,-0.000886513068,-0.0003193762418,0.0001053980776,1,0,0,0
11.61026621,9.590181828,torque,hover,-0.004666022025,-0.006754070055,-1.640647531,0,0,-2,0.01014955901,0.008020617999,0.02235352993,0,0,0,0.359446222,0.0258268109,0.04755449833,0.003186183283,-0.003587626154,0.001139102271,-0.001207743644,-0.00544714924,0.002485887611,0.7278591529,-0.0009424271671,-0.0001272352113,0.0006447043395,1,0,0,0
11.62027287,9.600188494,torque,hover,-0.004528017715,-0.006887935568,-1.640651822,0,0,-2,0.009877255186,0.007985929027,0.02234065533,0,0,0,0.3594427069,0.02569902942,0.04924373641,0.002219320508,-0.006237531547,0.002041195286,-0.002783466127,-0.005501155215,0.002520044244,0.7278543045,-0.00109127381,0.0001870673615,-0.0002479414753,1,0,0,0
11.6302743,9.610189915,torque,hover,-0.004459397867,-0.00694999937,-1.640646696,0,0,-2,0.009733124636,0.007942994125,0.02235712856,0,0,0,0.3594481684,0.02564500084,0.04964882655,0.00228395802,-0.007793848868,0.002765452722,-0.00356206309,-0.005003700107,0.002495733995,0.7278603217,-0.001195038197,0.0005012562016,-0.001002259439,1,0,0,0
11.64035058,9.620266199,torque,hover,-0.004390936345,-0.007009441964,-1.640636563,0,0,-2,0.009608019143,0.007861791179,0.02237202786,0,0,0,0.3594586099,0.02558572694,0.05011633134,0.002199145965,-0.00933784619,0.002419065684,-0.004074091202,-0.004796405189,0.002478632358,0.7278677602,-0.001214028013,0.0007310160561,-0.0006608877686,1,0,0,0
11.65027261,9.630188227,torque,hover,-0.004355918616,-0.007086798549,-1.640641093,0,0,-2,0.009436189197,0.00781996455,0.02237469889,0,0,0,0.3594551719,0.02551118701,0.05096648682,0.0004528796417,-0.01025104895,0.002194358734,-0.005158729879,-0.004325798699,0.002463496634,0.7278667651,-0.001143316978,0.0009269643001,-0.000441902406,1,0,0,0
11.66027403,9.640189648,torque,hover,-0.004285919014,-0.00723200012,-1.640635014,0,0,-2,0.009148967452,0.007711234502,0.02234339528,0,0,0,0.3594633005,0.02534549379,0.05270710851,-0.001311688568,-0.01073684637,0.001286603743,-0.006664831753,-0.004494964941,0.002482355778,0.7278609905,-0.001166220072,0.0008431514013,0.0004999369664,1,0,0,0
11.67025256,9.65016818,torque,hover,-0.004250445403,-0.007299945224,-1.640643358,0,0,-2,0.009016262367,0.007702159695,0.02232575417,0,0,0,0.3594559103,0.02527954806,0.05301815804,-0.003123138566,-0.009999318048,0.00124916411,-0.006683280275,-0.003518835591,0.002491552684,0.7278534823,-0.0008338988212,0.0009421596759,0.000543333672,1,0,0,0
11.68029308,9.660208702,torque,hover,-0.004246067721,-0.007382462732,-1.640672565,0,0,-2,0.008764076978,0.007647963706,0.02232806943,0,0,0,0.3594283458,0.02517624036,0.05478092008,-0.003716341686,-0.009481163695,0.001319348579,-0.008051715727,-0.003109795879,0.002497464541,0.7278434368,-0.0009959482501,0.0009297620715,0.0004785998866,1,0,0,0
11.69028234,9.670197964,torque,hover,-0.004241521936,-0.007461649366,-1.64069593,0,0,-2,0.008587636985,0.007615699433,0.02233791538,0,0,0,0.3594065689,0.02511431564,0.05530299756,-0.005407349672,-0.008665111847,0.001627247315,-0.008403197935,-0.002632164475,0.002496840474,0.7278374451,-0.0007643136628,0.0008932270952,0.0001642078021,1,0,0,0
11.70033407,9.680249691,torque,hover,-0.004232220817,-0.007610120345,-1.640725851,0,0,-2,0.008111274801,0.007584512234,0.02241016366,0,0,0,0.3593796596,0.02501065852,0.05619174977,-0.008843447082,-0.006266047712,0.001175295794,-0.01061025004,-0.002402615151,0.002522129435,0.7278448657,-0.0007793590187,0.0005397902177,0.0006458631167,1,0,0,0
11.71027422,9.690189838,torque,hover,-0.004254220985,-0.007698407862,-1.640756249,0,0,-2,0.007979941554,0.007524596993,0.02242645063,0,0,0,0.3593514105,0.02496486961,0.05508268549,-0.008976539597,-0.004373450298,0.001685394091,-0.01007444684,-0.002515968694,0.00250977145,0.7278379915,-0.0005466588013,0.0002441081639,0.0001144023264,1,0,0,0
11.72031403,9.700229645,torque,hover,-0.004275319166,-0.007783281151,-1.640780926,0,0,-2,0.00777222123,0.007509784307,0.02238309942,0,0,0,0.3593288203,0.02485573219,0.05420586517,-0.01035679877,-0.00185795303,0.001949462923,-0.01013782563,-0.002266042455,0.002496220306,0.7278180529,-0.0003059852354,-3.82729149e-05,-0.0001670031523,1,0,0,0
11.73027396,9.710189581,torque,hover,-0.004296171945,-0.007864622399,-1.640800238,0,0,-2,0.007533720229,0.00750736054,0.02237530239,0,0,0,0.3593115343,0.02477441341,0.05321869846,-0.01215239428,-3.736172948e-05,0.001268902444,-0.01031516875,-0.002038497076,0.002499561221,0.727809074,-5.175736943e-05,-0.0002234310126,0.0005265104825,1,0,0,0
11.74030423,9.720219851,torque,hover,-0.004362317733,-0.00803683605,-1.640839458,0,0,-2,0.007221258711,0.007473098114,0.02224167436,0,0,0,0.3592769347,0.02454966092,0.04926936721,-0.01307505928,0.002610169584,0.001257142401,-0.0108959915,-0.003285115914,0.002479521189,0.7277610193,-9.747976962e-05,-0.0008404067186,0.0005218257086,1,0,0,0
11.75027609,9.730191708,torque,hover,-0.004406990483,-0.008127581328,-1.640868306,0,0,-2,0.007041715086,0.007471784484,0.02229323611,0,0,0,0.3592506822,0.02454387278,0.04776475505,-0.01446121279,0.004196555354,0.001149957068,-0.0103290105,-0.003362510111,0.002487702919,0.7277636565,0.0002735511356,-0.001025980302,0.0006338784854,1,0,0,0
11.76028872,9.740204334,torque,hover,-0.004450593609,-0.00821477361,-1.640891075,0,0,-2,0.006909703836,0.007460533176,0.02234075032,0,0,0,0.3592304416,0.02454613386,0.0459404103,-0.01532300189,0.003598006908,0.001450309064,-0.009359124204,-0.003578296702,0.002485684185,0.7277674785,0.000638984937,-0.0009447795878,0.0003258142654,1,0,0,0
11.7702384,9.750154018,torque,hover,-0.004492831882,-0.008298582397,-1.640908241,0,0,-2,0.006775246002,0.007408274338,0.022285074,0,0,0,0.3592157335,0.02444199276,0.04454005694,-0.01563464105,0.003428953001,0.001673572231,-0.008544656194,-0.004147898308,0.002475875495,0.7277471676,0.0008671609025,-0.00101068454,9.054314591e-05,1,0,0,0
11.78033376,9.760249376,torque,hover,-0.00462422194,-0.008510865271,-1.640983105,0,0,-2,0.006467020605,0.007367322221,0.02211664431,0,0,0,0.3591475315,0.02419185292,0.04343481867,-0.0155860791,0.003303448902,0.002731650835,-0.009444147264,-0.005928154853,0.002420545168,0.727677374,0.0005415839144,-0.00132505279,-0.001027257822,1,0,0,0
11.79029059,9.770206213,torque,hover,-0.00468768971,-0.008611507714,-1.641039014,0,0,-2,0.006332112011,0.007254141849,0.02209851891,0,0,0,0.359094865,0.0241052433,0.04430903026,-0.01495655812,0.001506327884,0.001510494389,-0.008635513564,-0.006824694304,0.002418350865,0.7276525533,0.0006638728024,-0.001219472877,0.0002151324317,1,0,0,0
11.8002727,9.780188322,torque,hover,-0.004749281332,-0.008709236979,-1.641088486,0,0,-2,0.00628659362,0.007170443889,0.02211394906,0,0,0,0.3590485783,0.02408242654,0.0449727564,-0.014134706,-3.032728637e-05,0.001822168473,-0.007174380435,-0.007333301468,0.002405529968,0.7276385734,0.0008931094504,-0.001063000357,-0.0001113133938,1,0,0,0
11.81027031,9.790185928,torque,hover,-0.004809041973,-0.008804112673,-1.641131759,0,0,-2,0.006174028385,0.007039937656,0.02210908569,0,0,0,0.3590084315,0.02401022738,0.0459979846,-0.01312190946,-0.002189947525,0.001740629668,-0.006595319645,-0.007993907975,0.002394830922,0.7276217007,0.000870220203,-0.0008654035316,-3.442666369e-05,1,0,0,0
11.82026672,9.800182343,torque,hover,-0.004942404572,-0.009020742029,-1.64124012,0,0,-2,0.006041419692,0.006989084184,0.02200215869,0,0,0,0.3589073038,0.0238629637,0.04612608859,-0.01191846002,-0.005472268444,0.001950604958,-0.006496401546,-0.008696310598,0.002377498348,0.7275554026,0.0006328052607,-0.0005562197241,-0.0002570654083,1,0,0,0
11.83026266,9.81017828,torque,hover,-0.005006154533,-0.009123592637,-1.641285419,0,0,-2,0.005967489444,0.006939737592,0.02199690416,0,0,0,0.3588655066,0.02382508512,0.04568280457,-0.01237080526,-0.007967518643,0.002120266203,-0.005533961366,-0.008213961756,0.002358672853,0.7275377054,0.0009142837961,-6.602367725e-05,-0.0004423224332,1,0,0,0
11.84027958,9.820195198,torque,hover,-0.005068087485,-0.009222857654,-1.64132452,0,0,-2,0.005892756861,0.006951546762,0.02204090729,0,0,0,0.3588298294,0.02385058029,0.04443234238,-0.01106108446,-0.01052611694,0.001745291054,-0.004726987706,-0.00712147902,0.002349376225,0.7275347396,0.0009004865383,0.0005424142976,-6.429861914e-05,1,0,0,0
11.85026431,9.83017993,torque,hover,-0.005228947848,-0.009430620819,-1.641405582,0,0,-2,0.00572963478,0.006957095582,0.02213595994,0,0,0,0.3587565119,0.02390043129,0.04115867242,-0.009361283854,-0.01301672868,0.00287844101,-0.005531067225,-0.006397871048,0.002293620468,0.7275295743,0.0003994367567,0.0009412177828,-0.001251529614,1,0,0,0
11.86029172,9.840207338,torque,hover,-0.005306148436,-0.009528608061,-1.641432881,0,0,-2,0.005633018911,0.00700786151,0.02217271365,0,0,0,0.3587329482,0.02392635066,0.03994730608,-0.009454349056,-0.01538814232,0.001690093544,-0.004976204912,-0.004763623803,0.002283159314,0.7275290414,0.0005531139503,0.001601093609,-4.707877933e-05,1,0,0,0
11.87028408,9.850199699,torque,hover,-0.005381463096,-0.009622668847,-1.641454577,0,0,-2,0.005565385334,0.00704878848,0.02214060351,0,0,0,0.3587148951,0.02389278671,0.0396564269,-0.00883628428,-0.0148265101,0.00184369029,-0.00430700595,-0.003454164319,0.002266754789,0.7275130697,0.0006226363931,0.001749423636,-0.0002167421374,1,0,0,0
11.88027692,9.860192537,torque,hover,-0.00545413373,-0.009728607722,-1.641479492,0,0,-2,0.005558265373,0.007075532805,0.02216053754,0,0,0,0.3586939474,0.02391750201,0.04044844189,-0.007495235186,-0.01606379636,0.001564512728,-0.003328081099,-0.002528748146,0.002256464619,0.7275091245,0.0006546642916,0.002043535059,5.814161925e-05,1,0,0,0
11.89047766,9.870393276,torque,hover,-0.00552422693,-0.009830582887,-1.641498566,0,0,-2,0.005558763165,0.007112441584,0.02218879201,0,0,0,0.3586787363,0.02395473155,0.04175278203,-0.006199632306,-0.01314314455,0.001417480875,-0.002499381062,-0.00169645699,0.002254981935,0.7275093973,0.0006461177393,0.001740811626,0.000202719837,1,0,0,0
11.9002912,9.880206823,torque,hover,-0.005591868423,-0.009928544052,-1.641512275,0,0,-2,0.005525042769,0.007166132797,0.02219960839,0,0,0,0.3586687805,0.02397294661,0.04294496972,-0.00532483682,-0.01185759716,0.001842973405,-0.002163992255,-0.0008097192844,0.002241062268,0.727507188,0.000577019868,0.001688560277,-0.0002417033709,1,0,0,0
11.91030765,9.890223265,torque,hover,-0.005721707828,-0.01012886502,-1.64152205,0,0,-2,0.005422665272,0.007242124062,0.0224360954,0,0,0,0.3586666594,0.02419156953,0.04538615628,-0.00428061327,-0.006462502759,0.0001395855215,-0.00296841283,-0.0005435929051,0.002288899946,0.727563661,0.0001930489111,0.0008778701131,0.001528677154,1,0,0,0
11.92029715,9.900212765,torque,hover,-0.00578339491,-0.01023110375,-1.641518593,0,0,-2,0.005431708414,0.00731484266,0.02253188938,0,0,0,0.3586740058,0.02430424692,0.04576989856,-0.00257257442,-0.002969158581,0.0007471838617,-0.002207454432,-8.454953029e-05,0.002307139465,0.7275892224,0.0001411803985,0.0004772932249,0.0009189168136,1,0,0,0
11.93028259,9.910198212,torque,hover,-0.005842873827,-0.01032919623,-1.641509414,0,0,-2,0.005406614859,0.007354636211,0.02262563631,0,0,0,0.3586869553,0.02439757317,0.04534315695,-0.00216841232,-0.0006464280887,0.0005279725883,-0.001953311566,-6.434185383e-05,0.002329248061,0.7276163574,0.0001427184684,0.0001497345282,0.001156255244,1,0,0,0
11.94030786,9.920223475,torque,hover,-0.005963357631,-0.01052491833,-1.641485572,0,0,-2,0.005342859309,0.007403302472,0.02276234888,0,0,0,0.3587184561,0.02452508021,0.04220942479,-0.0005030423636,0.005591997411,0.001586210099,-0.002835014136,-0.001484950731,0.002343557651,0.7276597684,-0.0003005904645,-0.001000606794,8.83900505e-05,1,0,0,0
11.9502809,9.930196524,torque,hover,-0.00602450734,-0.01062237192,-1.641471505,0,0,-2,0.005328190979,0.007424733136,0.02281909436,0,0,0,0.3587364089,0.02458103636,0.04019951396,0.0004375988501,0.008458103053,0.001898673014,-0.002618509631,-0.002029201603,0.002326205551,0.7276793077,-0.0003546224494,-0.001458763027,-0.0002445103719,1,0,0,0
11.96033144,9.940247059,torque,hover,-0.006083234213,-0.01071607973,-1.641452432,0,0,-2,0.005334232468,0.007475071587,0.02285024151,0,0,0,0.3587592492,0.02462649525,0.03878433594,0.00154218229,0.009671224281,0.002184950281,-0.00234161681,-0.002405657249,0.002299342217,0.7276941506,-0.0004213220078,-0.001637785571,-0.0005564182013,1,0,0,0
11.97026658,9.950182199,torque,hover,-0.006139757577,-0.01080592722,-1.641428351,0,0,-2,0.00526683731,0.007485314738,0.02292625979,0,0,0,0.3587869728,0.02468568208,0.03808906296,0.001669295598,0.009878784418,0.002174669411,-0.002838228723,-0.003109510091,0.002272922529,0.7277221978,-0.0005355966734,-0.00175373467,-0.0005644581496,1,0,0,0
11.98029208,9.960207701,torque,hover,-0.006193127483,-0.01090129185,-1.641400456,0,0,-2,0.00527123129,0.007498814259,0.02298804,0,0,0,0.3588186529,0.0247480924,0.03919736058,0.001924478565,0.009515337646,0.001044604112,-0.002677134705,-0.003893870154,0.00227631921,0.7277479983,-0.0005102097851,-0.00180817771,0.0005886325773,1,0,0,0
11.99028444,9.970200062,torque,hover,-0.006292497739,-0.0110812299,-1.641330838,0,0,-2,0.005344667938,0.007509934716,0.02305196039,0,0,0,0.3588954678,0.02482654774,0.04279195724,0.001645777491,0.007482316811,0.002121087629,-0.002727575571,-0.006003824265,0.002218838446,0.7277894571,-0.0004529040538,-0.00187776314,-0.0005483629901,1,0,0,0
12.00028872,9.980204344,torque,hover,-0.006338220555,-0.01116599422,-1.641289115,0,0,-2,0.005397270899,0.007502674591,0.02310400642,0,0,0,0.3589405961,0.02488404654,0.04470815143,0.0009446024778,0.005232381634,0.002518055029,-0.002212316886,-0.006464664047,0.002179662247,0.7278177806,-0.0002309670976,-0.001593815296,-0.0009811349112,1,0,0,0
12.01027465,9.990190268,torque,hover,-0.006372110453,-0.0112541737,-1.641245961,0,0,-2,0.005434494466,0.007485296577,0.023164507,0,0,0,0.3589870758,0.02494309082,0.04672477666,0.001556763775,0.0032394554,0.001839321922,-0.001901580698,-0.006952311117,0.002158552195,0.7278487721,-0.0002496690524,-0.001368214543,-0.0003047428477,1,0,0,0
12.02026391,10.00017953,torque,hover,-0.006433180068,-0.01142097171,-1.641146064,0,0,-2,0.005454488099,0.007473945618,0.02328824997,0,0,0,0.3590932635,0.02505900816,0.04824394776,0.0002093402145,-0.002043033717,0.001086120028,-0.002175192081,-0.007871790353,0.002137637489,0.7279163963,-0.0001349697136,-0.0008059476974,0.0004486341045,1,0,0,0
12.0302701,10.01018572,torque,hover,-0.006460958626,-0.01149923354,-1.641083002,0,0,-2,0.00546413241,0.007484453265,0.02334628068,0,0,0,0.3591592791,0.02511817281,0.04752027423,0.0003436748812,-0.005056466442,0.001648152131,-0.002018761832,-0.007371798126,0.002120770443,0.7279539919,-0.0001291640506,-0.0002473631833,-0.0001356141778,1,0,0,0
12.04030871,10.02022433,torque,hover,-0.006485769525,-0.01157111023,-1.64102459,0,0,-2,0.005483181681,0.007444599643,0.02338021621,0,0,0,0.3592204074,0.02514203363,0.04669152588,-0.0001792896073,-0.007388489321,0.00108313153,-0.00182034852,-0.007207534534,0.002118935017,0.7279838107,-2.615288145e-05,0.0001100296325,0.000438160957,1,0,0,0
12.05029225,10.03020787,torque,hover,-0.006508500781,-0.01164003648,-1.640962124,0,0,-2,0.005550902802,0.007457239553,0.02339165658,0,0,0,0.359285468,0.02517126419,0.04440033572,-0.001231305883,-0.01083278283,0.0007178810774,-0.001139177343,-0.006427618647,0.002125133858,0.7280093831,0.0002528901994,0.0007428586794,0.0008126772541,1,0,0,0
12.06029892,10.04021454,torque,hover,-0.006546823774,-0.01176843327,-1.640826583,0,0,-2,0.005700775888,0.00752266543,0.02340429835,0,0,0,0.3594257927,0.02523589749,0.03871037717,-0.002617924241,-0.01373351645,0.001315832022,0.0001211471578,-0.005114566137,0.002112423712,0.7280617564,0.0006767869994,0.001312239262,0.0001902696782,1,0,0,0
12.07026911,10.05018473,torque,hover,-0.006562717259,-0.01182779297,-1.64075315,0,0,-2,0.0057284059,0.007570135407,0.02345451154,0,0,0,0.3595014119,0.0253028792,0.03619903146,-0.002355353208,-0.0145440856,0.001354636392,0.0002979059105,-0.003804493486,0.002096188552,0.7281011146,0.0006212634413,0.001656412602,0.0001395118136,1,0,0,0
12.08032918,10.0602448,torque,hover,-0.006563452538,-0.01188824885,-1.640689135,0,0,-2,0.005794828292,0.007610760629,0.02337893285,0,0,0,0.3595673892,0.02526021008,0.03484266243,-0.001974952174,-0.01355258003,0.001234450261,0.0009208098955,-0.002812323892,0.00208185819,0.7281051527,0.0006581763226,0.001663232994,0.0002500277569,1,0,0,0
12.09029746,10.07021308,torque,hover,-0.006562224124,-0.01194535568,-1.64062202,0,0,-2,0.00584508758,0.007667090744,0.02334060892,0,0,0,0.359636326,0.02525338303,0.03437379958,-0.002500712872,-0.01296613924,0.001357225468,0.001383512831,-0.001758612114,0.002065725551,0.7281197468,0.0007789355453,0.001739420211,0.0001126743747,1,0,0,0
12.10030675,10.08022237,torque,hover,-0.006554850843,-0.01204973087,-1.640499473,0,0,-2,0.005885423627,0.007812561467,0.02326154336,0,0,0,0.3597621315,0.02523437591,0.0353717184,-0.001866179402,-0.0110534057,0.001903980388,0.001920240039,7.112821592e-06,0.001997322456,0.7281440609,0.0007376669398,0.001718014683,-0.0004939504668,1,0,0,0
12.1103003,10.09021592,torque,hover,-0.006544657052,-0.01210197899,-1.640441775,0,0,-2,0.005921171978,0.007884650491,0.02327157371,0,0,0,0.3598213548,0.02527437702,0.03662155156,-0.001459672931,-0.007894083858,0.001343051437,0.002216335943,0.0007467324829,0.001978970522,0.7281674828,0.0006960449942,0.00137172627,6.455819063e-05,1,0,0,0
12.12031341,10.10022902,torque,hover,-0.006532902829,-0.01215057634,-1.640380263,0,0,-2,0.005940310191,0.008056659251,0.02326161973,0,0,0,0.3598842457,0.02532390167,0.03847923336,-0.001791601535,-0.005066570826,0.001111085294,0.00247171212,0.002141810766,0.00196852677,0.7281871782,0.0007493656623,0.001236562498,0.0002944731061,1,0,0,0
12.13027406,10.11018968,torque,hover,-0.006505079102,-0.01223624405,-1.640245199,0,0,-2,0.006051092874,0.00830859784,0.02336619981,0,0,0,0.3600216083,0.02552700171,0.03940763255,0.0006212493172,0.001488253125,0.001925762394,0.003557225837,0.003242719452,0.001909713871,0.7282625344,0.0006217024207,0.0005139094096,-0.0005795370959,1,0,0,0
12.1402874,10.12020302,torque,hover,-0.00649217749,-0.01226589363,-1.640194893,0,0,-2,0.006174884271,0.008410211653,0.02333309688,0,0,0,0.3600726533,0.02555962178,0.03841633166,0.001531643327,0.006334460806,0.002036753576,0.004261409929,0.003065902146,0.001868634066,0.7282723296,0.0006086856336,-0.0002299760421,-0.0007219187212,1,0,0,0
12.15028501,10.13020062,torque,hover,-0.006476958748,-0.01229233481,-1.640150547,0,0,-2,0.006262393203,0.008517069742,0.02329451591,0,0,0,0.3601175937,0.02558109687,0.03747916537,0.001598000643,0.008244704455,0.001044299337,0.004563832931,0.002864628197,0.001854404286,0.7282785802,0.0006166731603,-0.0005446070471,0.0002798677475,1,0,0,0
12.16029429,10.14020991,torque,hover,-0.006459858734,-0.01231552474,-1.640102506,0,0,-2,0.006313819438,0.008645989001,0.02322322316,0,0,0,0.3601660844,0.0255721633,0.0365585327,0.001142566791,0.01086593699,0.0007428825484,0.004586737132,0.002725143381,0.001848451534,0.7282778705,0.0006338863101,-0.0009270714885,0.0005851226619,1,0,0,0
12.17028594,10.15020156,torque,hover,-0.006441147532,-0.01233542245,-1.640050888,0,0,-2,0.006363979541,0.008761223406,0.0231505502,0,0,0,0.3602180093,0.02555791943,0.03541293851,0.002643404296,0.01180628408,0.001117469859,0.004544210617,0.002373869245,0.001830674871,0.7282781105,0.0003764860032,-0.001114781443,0.0001920449556,1,0,0,0
12.18030357,10.16021919,torque,hover,-0.006410107948,-0.01236984972,-1.639972091,0,0,-2,0.006460970733,0.008875369094,0.02297149226,0,0,0,0.3602973746,0.02545988563,0.03510952527,0.003088043304,0.01269963104,0.0002158868156,0.004864310299,0.000937739107,0.001821444838,0.7282612176,0.0003753996863,-0.001447301188,0.001104082451,1,0,0,0
12.19028878,10.1702044,torque,hover,-0.00639214227,-0.01238297671,-1.639927387,0,0,-2,0.006488733459,0.008941636421,0.02287042513,0,0,0,0.3603421763,0.02539907222,0.03566083404,0.004685289226,0.01244499534,0.0006294359337,0.004403303786,0.000195292788,0.001817655268,0.7282517587,2.30712767e-05,-0.001542218952,0.0006811780152,1,0,0,0
12.20035958,10.1802752,torque,hover,-0.006372677628,-0.01239364687,-1.639879227,0,0,-2,0.006544396281,0.008950202726,0.02283107676,0,0,0,0.360390323,0.02538096368,0.03702112307,0.004792123567,0.01198739279,0.001615726971,0.004214464684,-0.000979459344,0.001784729587,0.7282592075,-4.317153256e-05,-0.00170219777,-0.0003465759418,1,0,0,0
12.21027446,10.19019008,torque,hover,-0.006361383945,-0.01241006795,-1.639825821,0,0,-2,0.006550511811,0.00898345653,0.02277893573,0,0,0,0.3604440543,0.0253474182,0.03841815843,0.004844012205,0.01161541976,0.002123830141,0.003558323327,-0.001817104725,0.00173669651,0.728265309,-0.0002032232114,-0.001784785287,-0.0008979931922,1,0,0,0
12.22028422,10.20019984,torque,hover,-0.006333386526,-0.01243523601,-1.639707446,0,0,-2,0.006664649583,0.009058161639,0.02264449,0,0,0,0.3605627148,0.0252832113,0.04214596083,0.006891318131,0.007562340237,0.0003861979349,0.003692325116,-0.00278147921,0.001722995614,0.7282740383,-0.0004029170913,-0.001328615955,0.000859548336,1,0,0,0
12.23027039,10.210186,torque,hover,-0.006316627841,-0.01244453155,-1.63964355,0,0,-2,0.006684516557,0.009034574963,0.0225756932,0,0,0,0.3606265898,0.02521841054,0.04373117081,0.007430030964,0.00568098668,0.001302746939,0.002995509485,-0.003655616506,0.001698716937,0.7282797305,-0.0006239658043,-0.001234374689,-9.084710537e-05,1,0,0,0
12.24028897,10.22020459,torque,hover,-0.006303630304,-0.01244714297,-1.639572978,0,0,-2,0.006699293852,0.009108218364,0.02253938466,0,0,0,0.3606969716,0.02521634472,0.04312956953,0.007828841917,0.002515326487,0.001741628163,0.002376443048,-0.003335039728,0.001661038846,0.7282960636,-0.0007936192322,-0.0006919442081,-0.0005656518195,1,0,0,0
12.25029182,10.23020744,torque,hover,-0.00628899876,-0.01244721375,-1.639499307,0,0,-2,0.006723916624,0.00916888006,0.02250705287,0,0,0,0.3607703349,0.02521600375,0.04211512339,0.007183212321,-0.0003581889323,0.0008093334618,0.001951859573,-0.003033428005,0.001648250048,0.7283145367,-0.0007677885439,-0.0002236004549,0.0003738887643,1,0,0,0
12.2603004,10.24021602,torque,hover,-0.006272844039,-0.01244494505,-1.639422655,0,0,-2,0.006718740333,0.009236285463,0.0224291347,0,0,0,0.3608465697,0.02516975415,0.04021919709,0.007835213095,-0.002599457977,0.00116418174,0.001294894533,-0.002548961558,0.001625269217,0.7283225363,-0.0009713049623,0.000177364083,-4.297958604e-06,1,0,0,0
12.27029991,10.25021553,torque,hover,-0.006243451033,-0.01242560614,-1.639258623,0,0,-2,0.006729835644,0.009309807792,0.02241748385,0,0,0,0.3610093037,0.02518941824,0.03548829102,0.006180796772,-0.007016138639,0.001616746769,0.000686984045,-0.00148291512,0.001543724882,0.7283789956,-0.0007933619426,0.0009660534588,-0.0005256473939,1,0,0,0
12.28030634,10.26022196,torque,hover,-0.006229758728,-0.01240877807,-1.639171243,0,0,-2,0.00675884448,0.009334845468,0.02241184749,0,0,0,0.3610958041,0.02520143302,0.03248671289,0.005318873096,-0.008441670798,0.001594976289,0.0004710751601,-0.001038165079,0.001502955399,0.7284092192,-0.0006934222765,0.001191704638,-0.0005331682711,1,0,0,0
12.29029989,10.27021551,torque,hover,-0.006214473862,-0.01239012368,-1.639081001,0,0,-2,0.00676451344,0.009382464923,0.02242135257,0,0,0,0.3611850751,0.02522907729,0.02958187038,0.004280446563,-0.009258078411,0.001277919393,0.0001610030937,-0.0002947185986,0.001470305627,0.7284443099,-0.0005967790083,0.001398080122,-0.0002336527112,1,0,0,0
12.30029225,10.28020787,torque,hover,-0.00619793497,-0.01236940082,-1.63898766,0,0,-2,0.006750433706,0.009474124759,0.02242669836,0,0,0,0.361277353,0.02526428694,0.02726660091,0.003533437382,-0.008510067128,0.001236547017,-0.0001847739227,0.0007895539047,0.001438550516,0.7284794502,-0.0005514858935,0.001463185584,-0.0002140113233,1,0,0,0
12.31027865,10.29019427,torque,hover,-0.006160368677,-0.01232448127,-1.638810039,0,0,-2,0.006731351838,0.009660163894,0.0223278068,0,0,0,0.361452668,0.0252420447,0.02583956709,0.002360799117,-0.006123906933,0.001014706912,-0.0002963217896,0.003081440155,0.001396993324,0.7285186447,-0.0003766123032,0.001530886005,-1.901202272e-05,1,0,0,0
12.32030106,10.30021667,torque,hover,-0.006139851641,-0.01229892392,-1.638717651,0,0,-2,0.006706891116,0.009744461626,0.0222166609,0,0,0,0.3615437688,0.02516976246,0.02637749412,0.00195779535,-0.004728245549,0.0004191573826,-0.0005739797876,0.00356528218,0.001387805946,0.7285238899,-0.0003741198323,0.001355699602,0.0005818496207,1,0,0,0
12.33027315,10.31018877,torque,hover,-0.006095787976,-0.01224082801,-1.638521791,0,0,-2,0.006694161799,0.009957049973,0.02215252444,0,0,0,0.3617367723,0.02519303446,0.02706827626,0.000796360895,0.001273773378,0.0007728905766,-0.0003484647307,0.005191189398,0.001356931179,0.7285784836,-0.0001400350185,0.0008205243702,0.0001988720995,1,0,0,0
12.34029078,10.3202064,torque,hover,-0.00608012313,-0.01221673843,-1.638422132,0,0,-2,0.006737022195,0.01007768698,0.02211093344,0,0,0,0.3618352824,0.02521588032,0.02636745527,-0.0003307424777,0.00266898307,0.0009916106937,3.88929262e-05,0.005219824161,0.001328846374,0.7286039948,9.842152606e-05,0.0005693822468,-4.386990324e-05,1,0,0,0
12.35027981,10.33019543,torque,hover,-0.006062940229,-0.01219027769,-1.638320565,0,0,-2,0.00673234975,0.01015025098,0.02203400992,0,0,0,0.361935596,0.02517637228,0.02550682721,-0.0002041866101,0.004656567704,0.001046268502,-5.968695433e-05,0.004817465995,0.00130111888,0.7286212541,4.360240232e-05,0.0001570763006,-0.0001186210563,1,0,0,0
12.36030054,10.34021616,torque,hover,-0.006044350099,-0.01216159482,-1.638216376,0,0,-2,0.006770321634,0.01026292332,0.02207051031,0,0,0,0.3620384357,0.02526405105,0.02408028659,-0.0009409452323,0.006091426127,0.001352399471,0.0003365429574,0.004737650095,0.001263630147,0.7286682124,0.000223433742,-7.986526845e-05,-0.000457372645,1,0,0,0
12.37027812,10.35019374,torque,hover,-0.006024488714,-0.01213071868,-1.638109803,0,0,-2,0.006776765455,0.01032077055,0.02199362218,0,0,0,0.3621435673,0.02522225746,0.02232117118,-0.0009936908027,0.008854429238,0.001322695869,0.0003894692258,0.004089882303,0.001227232833,0.7286873009,0.0002226596719,-0.00061421343,-0.0004526659732,1,0,0,0
12.38029861,10.36021423,torque,hover,-0.006005600095,-0.01206520665,-1.637899637,0,0,-2,0.00672712503,0.01047502644,0.0218301788,0,0,0,0.3623510855,0.02513040184,0.02042011954,5.024698112e-05,0.01239157654,0.001888679108,8.776255149e-05,0.003935032908,0.001154123976,0.7287219331,-9.825497897e-06,-0.001041227089,-0.001081756736,1,0,0,0
12.39028311,10.37019873,torque,hover,-0.005994162522,-0.01202953607,-1.637797117,0,0,-2,0.006741259247,0.01050906628,0.0217002891,0,0,0,0.3624521596,0.02503572642,0.02034509483,-0.001555578783,0.01302313991,0.001382089453,0.000237795072,0.002804571111,0.001113816405,0.7287261119,0.0002394784358,-0.001361155755,-0.0005942851833,1,0,0,0
12.40028834,10.38020396,torque,hover,-0.005981334951,-0.01199236326,-1.637692809,0,0,-2,0.006754477508,0.01050309185,0.02163179778,0,0,0,0.3625549527,0.02497744142,0.02212737673,-0.001041620853,0.01353997551,0.001088949968,0.0003341022125,0.001456136844,0.001081519205,0.7287465071,0.000178855846,-0.001693860514,-0.0003194523121,1,0,0,0
12.41028523,10.39020085,torque,hover,-0.005986581556,-0.01195374224,-1.637600899,0,0,-2,0.00671374565,0.01052449178,0.02159599401,0,0,0,0.3626456117,0.02494446362,0.02485393539,-0.002476657974,0.01379600726,0.00130225881,-0.000102564785,0.0005706937111,0.001043346115,0.7287706899,0.0002638356553,-0.001863611168,-0.0005639536021,1,0,0,0
12.42028856,10.40020418,torque,hover,-0.005990570411,-0.01191376522,-1.637506366,0,0,-2,0.006662481464,0.01051014196,0.02158009447,0,0,0,0.3627388311,0.02491088559,0.02839693973,-0.002663181163,0.01322973426,0.001693057478,-0.0005118338861,-0.0005007595737,0.0009902814765,0.7288008702,0.0001897193538,-0.001956701631,-0.001000877718,1,0,0,0
12.43027329,10.41018891,torque,hover,-0.005994571839,-0.01182965748,-1.637310982,0,0,-2,0.006632052362,0.01054525375,0.02137127146,0,0,0,0.362931398,0.0247369711,0.03447014477,-0.002900137799,0.009657704271,0.0003976282314,-0.000358669522,-0.001094612015,0.000930611711,0.728818619,0.000239668845,-0.001447062239,0.0002744766161,1,0,0,0
12.44029498,10.4202106,torque,hover,-0.006007596385,-0.01178563666,-1.637234092,0,0,-2,0.006601137575,0.01052074227,0.02126931399,0,0,0,0.3630070201,0.02463015942,0.03743510915,-0.002273044083,0.008747439831,0.0008940475527,-0.0005690710541,-0.001960764709,0.0008994331492,0.7288205886,0.0001086919831,-0.001475584761,-0.0002543323732,1,0,0,0
12.45030284,10.43021846,torque,hover,-0.006019263528,-0.01174064819,-1.637154818,0,0,-2,0.006537273992,0.01046591997,0.02120718174,0,0,0,0.3630849773,0.02453601413,0.03902627063,-0.00228367094,0.004356184043,0.0006993092829,-0.0010070718,-0.002688934593,0.0008724273993,0.7288335379,2.013341149e-05,-0.0009950501285,-7.567297797e-05,1,0,0,0
12.46029282,10.44020844,torque,hover,-0.006029596552,-0.01169490162,-1.637078166,0,0,-2,0.006504199933,0.01042402163,0.02114040032,0,0,0,0.3631602736,0.02445161282,0.03957079481,-0.002404314,0.002130847657,0.0004035888996,-0.001048897084,-0.003079635207,0.0008538579119,0.7288443633,4.415827619e-05,-0.0007489824949,0.0002119022396,1,0,0,0
12.47028756,10.45020318,torque,hover,-0.006076158956,-0.01159908436,-1.636934042,0,0,-2,0.006409883499,0.01038079429,0.02099173516,0,0,0,0.3633020071,0.02427963018,0.03648283343,-0.00190045964,-0.003055630019,0.0008091145428,-0.001836651489,-0.00248235735,0.0007762912684,0.7288588879,-0.0002002704027,0.0001146129932,-0.0002559888606,1,0,0,0
12.48029685,10.46021247,torque,hover,-0.006112301722,-0.01154884603,-1.636866212,0,0,-2,0.0063391109,0.01041070931,0.02086902037,0,0,0,0.3633687991,0.02416781344,0.03227735683,-0.002015209291,-0.005836414639,0.001621391857,-0.002222403448,-0.001699897102,0.0007216459131,0.7288523602,-0.0002382316684,0.0006516780728,-0.00112175118,1,0,0,0
12.49029541,10.47021103,torque,hover,-0.006146837957,-0.01149739046,-1.636796236,0,0,-2,0.006291025784,0.01039831992,0.02072098479,0,0,0,0.3634376807,0.02402209968,0.02817641979,-0.001319702948,-0.007394502871,0.0009557260782,-0.002402778482,-0.001262230061,0.0006831864976,0.7288401934,-0.0003370546747,0.0009169272985,-0.0004716088123,1,0,0,0
12.50029397,10.48020959,torque,hover,-0.006179395597,-0.01144513488,-1.636724114,0,0,-2,0.006285543088,0.01040147431,0.02060663141,0,0,0,0.3635086589,0.02392346083,0.0228400673,-0.001690175734,-0.01035088208,0.0002674466232,-0.002146136349,-0.0005373284324,0.0006637792527,0.7288373416,-0.0001904222436,0.001428854754,0.0002152635252,1,0,0,0
12.51028275,10.49019837,torque,hover,-0.00630199397,-0.01130844839,-1.636627913,0,0,-2,0.006147066131,0.01048399042,0.02033128217,0,0,0,0.3636026266,0.02368673705,0.01300012659,-0.000551376841,-0.01095762756,0.0008066172595,-0.003843117923,0.002610835991,0.0006086529682,0.7288023837,-0.0007152869512,0.002083898441,-0.0003697490809,1,0,0,0
12.52031422,10.50022984,torque,hover,-0.006360244937,-0.01123885438,-1.636574268,0,0,-2,0.006029192358,0.01049525104,0.0202442538,0,0,0,0.3636550935,0.02358667562,0.01245479051,-0.001960007241,-0.009701731615,0.0007616580115,-0.004499233312,0.003324815322,0.0005706853371,0.7287997482,-0.000610096589,0.001959129845,-0.0003504552904,1,0,0,0
12.53030396,10.51021957,torque,hover,-0.006504069082,-0.01107832696,-1.636480927,0,0,-2,0.005833387841,0.01060220879,0.01999142021,0,0,0,0.3637459943,0.02336861414,0.02019897666,-0.001918887952,-0.007819606923,0.0005394785549,-0.006415710707,0.006358343052,0.0005185815256,0.7287694084,-0.0009950047822,0.002236464782,-0.00015863299,1,0,0,0
12.54034448,10.5202601,torque,hover,-0.006589257624,-0.01098769438,-1.636441231,0,0,-2,0.005717345979,0.01066816039,0.01980754174,0,0,0,0.3637844505,0.02321284991,0.02516409887,-0.002267790958,-0.00490767369,-1.931648694e-05,-0.006803776016,0.007157076227,0.0004956014515,0.7287371371,-0.0009460880292,0.001894138136,0.0003915390912,1,0,0,0
12.55029368,10.5302093,torque,hover,-0.006672305521,-0.01089650393,-1.636399508,0,0,-2,0.005632471759,0.01069469191,0.01960506849,0,0,0,0.3638249189,0.02303171474,0.02837672576,-0.002770676045,-0.001745591289,0.0001546015847,-0.006894698486,0.007395913244,0.0004669696097,0.7287008961,-0.0008173490097,0.001411249407,0.0001907139658,1,0,0,0
12.56033349,10.54024911,torque,hover,-0.006753031164,-0.01080476586,-1.636355519,0,0,-2,0.005551039707,0.01077040285,0.01942689344,0,0,0,0.3638676335,0.02289584696,0.03056089208,-0.003552582813,0.001959250309,0.0006957736914,-0.006858370273,0.007871133996,0.0004226945389,0.7286716356,-0.0006354355138,0.0009383411722,-0.0003957095266,1,0,0,0
12.5702858,10.55020142,torque,hover,-0.006861301139,-0.01068271231,-1.636323452,0,0,-2,0.005420736037,0.01082093176,0.0191536285,0,0,0,0.363898103,0.02265697305,0.03193530567,-0.004924888723,0.006097171921,0.0003460919834,-0.007489958376,0.00825852252,0.000388244138,0.7286139672,-0.0005419069825,0.0004103079362,-6.668163858e-05,1,0,0,0
12.58029771,10.56021333,torque,hover,-0.007069829851,-0.01043844875,-1.636280417,0,0,-2,0.005310875364,0.01101754606,0.01890923455,0,0,0,0.3639380146,0.02252001043,0.03078796236,-0.006103598978,0.01157495193,0.0002506488236,-0.008327964524,0.01035099031,0.000286525552,0.7285675989,-0.0005500697832,0.0001719148337,-4.69627595e-05,1,0,0,0
12.59030819,10.57022381,torque,hover,-0.007169825491,-0.0103156399,-1.636254191,0,0,-2,0.005254764576,0.0111277923,0.01879785769,0,0,0,0.3639626795,0.02246774946,0.02810152717,-0.007379935589,0.01534736343,0.000362640887,-0.007740694238,0.01001619468,0.0002419730958,0.7285488833,-0.0001864691077,-0.0004680919311,-0.0001961827093,1,0,0,0
12.60030866,10.58022428,torque,hover,-0.007267270703,-0.01019238681,-1.636225104,0,0,-2,0.005166145042,0.01124627329,0.01866064966,0,0,0,0.3639902096,0.02239168514,0.02435864842,-0.008534789085,0.01902764291,6.642976223e-05,-0.007450626577,0.009578599687,0.0002060374553,0.7285246693,6.552597515e-05,-0.001084824698,7.700144211e-05,1,0,0,0
12.61030126,10.59021688,torque,hover,-0.007379643153,-0.01003588736,-1.63621068,0,0,-2,0.005091025028,0.01134279836,0.01858306676,0,0,0,0.3640025378,0.02235862207,0.02061216964,-0.008582206443,0.02052868158,0.0006158895558,-0.007228099958,0.009209858525,0.000154385978,0.7285102651,0.0001360497007,-0.001359590257,-0.0005216595097,1,0,0,0
12.62033391,10.60024953,torque,hover,-0.00759608252,-0.009723984636,-1.636172533,0,0,-2,0.004960744176,0.01149612479,0.01831221581,0,0,0,0.3640366493,0.02218348745,0.01283061162,-0.01094012335,0.02231307328,0.0005336855538,-0.007726943532,0.009800347284,6.853579826e-05,0.7284554989,0.0002902765514,-0.001308721499,-0.0005008220449,1,0,0,0
12.63028646,10.61020207,torque,hover,-0.007700380869,-0.009568985552,-1.636153936,0,0,-2,0.004905735608,0.011558461,0.01825301908,0,0,0,0.3640533194,0.02215484074,0.01087282245,-0.01257149689,0.02335407399,0.0008678795421,-0.006851263352,0.008428984737,3.118860707e-06,0.7284472674,0.000724361114,-0.001770143293,-0.000887408901,1,0,0,0
12.64031076,10.62022638,torque,hover,-0.00781027833,-0.009387382306,-1.636153102,0,0,-2,0.004846383352,0.01160622854,0.01815707795,0,0,0,0.3640517664,0.0220878123,0.01256497839,-0.0120816594,0.02175101265,0.0001184703142,-0.006198381916,0.007448283693,-4.118929726e-05,0.7284232839,0.0007924890331,-0.001750625997,-0.0001558384812,1,0,0,0
12.65031195,10.63022757,torque,hover,-0.007917509414,-0.009207056835,-1.636148691,0,0,-2,0.004812967964,0.01164894179,0.01806777157,0,0,0,0.3640538858,0.02202968168,0.01611289467,-0.01208056044,0.02080716938,0.0004548164434,-0.005385295182,0.006526695798,-9.802234242e-05,0.7284022696,0.0009557592926,-0.001801854613,-0.0005383607192,1,0,0,0
12.66034508,10.6402607,torque,hover,-0.008122951724,-0.008850855753,-1.636129737,0,0,-2,0.004807180259,0.01164574083,0.01787571982,0,0,0,0.3640685215,0.02186946777,0.02539895085,-0.01079710852,0.01675075665,3.731798643e-05,-0.00479758454,0.006349173371,-0.0001807312463,0.7283604761,0.0008132360214,-0.001126573737,-0.0001716931477,1,0,0,0
12.67029929,10.65021491,torque,hover,-0.008232818916,-0.008642407134,-1.636143804,0,0,-2,0.004805896431,0.01166446973,0.01778492332,0,0,0,0.3640519224,0.0218050451,0.0277453263,-0.01067480631,0.01400328148,-0.0004025365924,-0.003871645766,0.005717855004,-0.000212379683,0.7283323944,0.0009863813957,-0.0009068532242,0.0002559132744,1,0,0,0
12.68033648,10.66025209,torque,hover,-0.00833958853,-0.008435891941,-1.636154056,0,0,-2,0.004794389475,0.0116810007,0.01771875285,0,0,0,0.364039262,0.02175743896,0.02858243747,-0.009391048923,0.01038238127,-0.0005740913912,-0.003207830639,0.005345977254,-0.0002437522394,0.7283119538,0.000928355484,-0.0005111085438,0.0004088239898,1,0,0,0
12.69031143,10.67022705,torque,hover,-0.008443485014,-0.008231785148,-1.636160612,0,0,-2,0.004771490116,0.01164554246,0.01760196313,0,0,0,0.3640304313,0.02163827357,0.02921616897,-0.008461023681,0.008308951743,-0.001082273317,-0.00281079719,0.004730866304,-0.0002608542224,0.7282800213,0.0008569429413,-0.0003916849251,0.0009133168607,1,0,0,0
12.70035338,10.680269,torque,hover,-0.008656146936,-0.007795586716,-1.636180758,0,0,-2,0.004811309278,0.01156146824,0.01738388278,0,0,0,0.3640056875,0.02142464995,0.02829556221,-0.00660859514,0.004264446907,-0.0003031070519,-0.002570611593,0.006255225595,-0.0003714830126,0.7282175427,0.000583073929,0.0005259887876,4.043267257e-05,1,0,0,0
12.71030641,10.69022202,torque,hover,-0.008764477447,-0.00756416982,-1.636199951,0,0,-2,0.004867139738,0.01153741311,0.01729450189,0,0,0,0.3639842143,0.02135183238,0.02652954401,-0.005995091982,0.002075890778,-0.0005458415253,-0.00165788926,0.006177517664,-0.0004085872708,0.7281879907,0.0006934377986,0.0007321180551,0.0002619460261,1,0,0,0
12.72039986,10.70031548,torque,hover,-0.008869160898,-0.007335449569,-1.63621521,0,0,-2,0.004932049662,0.01155899093,0.01724600978,0,0,0,0.3639668176,0.02133917146,0.02446395948,-0.004901213571,0.001216909965,-4.611734767e-05,-0.0008235771359,0.006587863587,-0.0004588865446,0.7281702373,0.0007071915515,0.0008708900703,-0.0002833439253,1,0,0,0
12.73028469,10.71020031,torque,hover,-0.009076307528,-0.00686312886,-1.636268258,0,0,-2,0.005003245082,0.01161596738,0.01723316312,0,0,0,0.3639096893,0.02137627354,0.02073913791,-0.003154945793,0.0005925371661,0.000731372973,-0.0007629005422,0.01019274873,-0.0005567924808,0.7281479368,0.0004244284702,0.00170343107,-0.001146500371,1,0,0,0
12.74034238,10.720258,torque,hover,-0.009179137647,-0.006619991735,-1.636305094,0,0,-2,0.005032975692,0.01159515884,0.01724383421,0,0,0,0.3638709465,0.02138056059,0.02035252988,-0.002616730053,-0.0004316630075,0.0002008736192,-0.0004918608316,0.009986387188,-0.000616836906,0.7281373822,0.0003968746502,0.001660393556,-0.0006512376691,1,0,0,0
12.75031352,10.73022914,torque,hover,-0.009278746322,-0.006379760802,-1.636339784,0,0,-2,0.005046210717,0.01159923058,0.01726259291,0,0,0,0.3638345083,0.02140101649,0.02098376402,-0.002302267589,0.0001785855857,0.0004495857283,-0.0003973154393,0.01015343786,-0.000683451796,0.7281296641,0.000359223577,0.001501743638,-0.0009542412564,1,0,0,0
12.76035237,10.74026799,torque,hover,-0.00937514659,-0.006142389029,-1.636369824,0,0,-2,0.005103291012,0.01160163805,0.01719137095,0,0,0,0.3638028682,0.02135848355,0.02246843552,-0.001856099116,0.001938687172,-0.0008123634034,3.913261518e-05,0.01023118502,-0.0007133856274,0.7281007976,0.0003832891513,0.001185523091,0.0003082228268,1,0,0,0
12.77033353,10.75024915,torque,hover,-0.009473008104,-0.005899036303,-1.636424541,0,0,-2,0.005180547014,0.01163333096,0.01714051142,0,0,0,0.3637466846,0.02135344441,0.0242623831,-0.001003000885,0.003652031533,-0.001197124715,0.0005107916289,0.01062114707,-0.0007311094306,0.7280681598,0.0003561952704,0.0009713276372,0.0006865323733,1,0,0,0
12.78033376,10.76024938,torque,hover,-0.009658399969,-0.005419677589,-1.636519313,0,0,-2,0.005273050629,0.01170947775,0.0170519501,0,0,0,0.3636493744,0.0213468015,0.02527409826,0.001663557021,0.009120967239,-0.0004529376456,0.0002090973032,0.01329507,-0.0007990762048,0.7280115816,-9.286140906e-05,0.0008254497699,-0.0001247700719,1,0,0,0
12.79030013,10.77021575,torque,hover,-0.009746321477,-0.005183953326,-1.636559486,0,0,-2,0.005281646736,0.01171222143,0.01705191098,0,0,0,0.3636081285,0.02135040026,0.02407784234,0.002636625199,0.01137543656,-0.0001407984673,-0.0001329883769,0.01243099045,-0.0008462460919,0.7279971419,-0.0003009914653,0.0002420039337,-0.0004798065024,1,0,0,0
12.80033731,10.78025293,torque,hover,-0.009836064652,-0.004937030841,-1.636617303,0,0,-2,0.005327824969,0.01168508362,0.0170269534,0,0,0,0.3635493185,0.02132707294,0.02275883613,0.001486792229,0.01356221829,-0.0003430171637,-0.0001132882914,0.01147167598,-0.0008857420613,0.7279699815,-0.0001286305514,-0.0003113720954,-0.0003011253576,1,0,0,0
12.81028819,10.79020381,torque,hover,-0.009922497906,-0.004693132825,-1.636670232,0,0,-2,0.005378887523,0.01168994326,0.0169781968,0,0,0,0.3634955322,0.02130367036,0.02161835608,0.001303478843,0.01510486566,-0.0002335179161,-3.136559308e-05,0.01086567038,-0.0009288967913,0.7279385657,-8.186756885e-05,-0.000659638225,-0.0004432036953,1,0,0,0
12.82033563,10.80025125,torque,hover,-0.01008656807,-0.00421387516,-1.636764765,0,0,-2,0.005441847257,0.0116561465,0.01692858525,0,0,0,0.3633996859,0.0212616192,0.01808234333,0.002316494472,0.01949281245,-0.0005477790255,-0.0007012368728,0.01135740367,-0.001002100192,0.7278919934,-0.000354467914,-0.001014056462,-0.0001799173191,1,0,0,0
12.83030343,10.81021905,torque,hover,-0.0101756053,-0.003962649964,-1.636825204,0,0,-2,0.005440523382,0.0115639735,0.01688332856,0,0,0,0.36333893,0.02117478597,0.0179529415,0.0009061012533,0.01922493428,0.0001774645789,-0.001144633373,0.009555306218,-0.001052395585,0.7278587454,-0.0002499800061,-0.001378663161,-0.000954748364,1,0,0,0
12.84036374,10.82027936,torque,hover,-0.01026183274,-0.00371493306,-1.636880636,0,0,-2,0.005436369218,0.01154776849,0.01682580262,0,0,0,0.3632833306,0.02111901279,0.0192121382,0.002343059983,0.01941115037,0.0005571530783,-0.001541765473,0.008628264063,-0.001114603264,0.7278242235,-0.000521303299,-0.001572472942,-0.001389072743,1,0,0,0
12.85029292,10.83020854,torque,hover,-0.0104251178,-0.003229709808,-1.636976838,0,0,-2,0.005474964157,0.01138659753,0.01679541543,0,0,0,0.3631871834,0.02101703631,0.02433552134,0.000784245145,0.0175009463,-0.0003082124458,-0.002254186928,0.008221399565,-0.001169349354,0.7277818777,-0.0004355086635,-0.00122638519,-0.0005480183949,1,0,0,0
12.86031175,10.84022737,torque,hover,-0.01050246041,-0.002992317313,-1.637017846,0,0,-2,0.005520229228,0.01129948348,0.01677412912,0,0,0,0.3631463888,0.02096479586,0.02723848237,0.0007809043746,0.01608144119,-0.0006615919992,-0.002019292882,0.006647009515,-0.001192495646,0.7277617118,-0.0003563405526,-0.001370532469,-0.0002017030993,1,0,0,0
12.87029529,10.85021091,torque,hover,-0.01058611739,-0.002741678851,-1.637072325,0,0,-2,0.005560844205,0.01120368112,0.01678326912,0,0,0,0.3630923851,0.0209314018,0.02991096994,0.0001955484331,0.01485510729,-0.0004712374648,-0.001937648693,0.005497796606,-0.001219766531,0.7277443918,-0.0002423703418,-0.001423777658,-0.000412992893,1,0,0,0
12.88030124,10.86021686,torque,hover,-0.01066684909,-0.00249489327,-1.63712132,0,0,-2,0.005557463504,0.01110315789,0.01682768948,0,0,0,0.3630439956,0.02091259546,0.03199729973,0.0004276338732,0.01297724433,-0.001134303864,-0.002261663917,0.004595700731,-0.001230519244,0.7277380196,-0.0003391995083,-0.001322584079,0.0002535088682,1,0,0,0
12.89028549,10.87020111,torque,hover,-0.01074450929,-0.002252127044,-1.637165308,0,0,-2,0.005627206527,0.01095417328,0.0168176908,0,0,0,0.3630007304,0.02084452181,0.03437239476,0.001094020787,0.01167347468,-0.0009811857017,-0.00198751352,0.003401563182,-0.001242212966,0.7277196093,-0.0003524605603,-0.001366428656,9.18165882e-05,1,0,0,0
12.9003346,10.88025022,torque,hover,-0.01090790611,-0.001763020176,-1.637248874,0,0,-2,0.00572248688,0.01066487469,0.01680100895,0,0,0,0.3629193716,0.0207065282,0.03620198362,-0.0009430067148,0.007516295649,-0.001504428103,-0.002247061902,0.003657329432,-0.001246251279,0.7276852775,-0.0001243092037,-0.0006280283317,0.0006227736608,1,0,0,0
12.91030049,10.89021611,torque,hover,-0.01099356636,-0.001516683609,-1.637288451,0,0,-2,0.005770653021,0.01052183006,0.01679867879,0,0,0,0.3628812843,0.02064473185,0.0360169953,-0.001298233168,0.005046947394,-0.0005290322588,-0.002153055471,0.003040456504,-0.001267440096,0.7276704504,-5.290982152e-05,-0.0004192748997,-0.0003843804421,1,0,0,0
12.92035055,10.90026617,torque,hover,-0.011075899,-0.001274741488,-1.637323022,0,0,-2,0.005802671425,0.01037340797,0.01683575474,0,0,0,0.362848303,0.02060876576,0.03533795344,-0.001675856882,0.003426937852,-0.0006423961022,-0.002172343951,0.002591456685,-0.001284516132,0.7276674334,-8.654471981e-06,-0.0002896655504,-0.0002809654839,1,0,0,0
12.93030882,10.91022444,torque,hover,-0.01115520205,-0.00103692757,-1.637352824,0,0,-2,0.00579718221,0.01025186572,0.01687247306,0,0,0,0.3628201867,0.02057640444,0.03364764189,-0.001638991758,0.001417472376,-0.001074249041,-0.002462901018,0.002623501263,-0.001288685968,0.7276660851,-8.386879448e-05,1.927035584e-06,0.0001545002942,1,0,0,0
12.94033504,10.92025065,torque,hover,-0.01122971252,-0.0007819193415,-1.637388349,0,0,-2,0.005927889142,0.0101566799,0.01694422588,0,0,0,0.3627863388,0.0206253438,0.03075094523,-0.001960088965,0.000273910322,-0.001398306689,-0.00143638846,0.003052176538,-0.001278740731,0.727671519,0.0001954686322,0.000254122886,0.0004975030364,1,0,0,0
12.95030165,10.93021727,torque,hover,-0.01136849169,-0.0002847836004,-1.637445331,0,0,-2,0.006015582941,0.009912925772,0.0169486776,0,0,0,0.3627329762,0.02053560342,0.02610592216,-0.001778315636,-0.001230159542,-0.0007021518541,-0.001420829683,0.005030567641,-0.001282784835,0.7276522548,0.000141478242,0.000891847446,-0.0002156535445,1,0,0,0
12.9603126,10.94022822,torque,hover,-0.01143333316,-4.257494584e-05,-1.637466788,0,0,-2,0.006078190636,0.009787298739,0.01699926145,0,0,0,0.3627134579,0.02053559125,0.02440363722,-0.0008365580579,-0.001560803736,-0.0004595360369,-0.001146881025,0.004937862689,-0.001300568183,0.7276574144,6.191842755e-05,0.0008569843275,-0.0004753803051,1,0,0,0
12.9702971,10.95021272,torque,hover,-0.01149178389,0.0002167140046,-1.637491822,0,0,-2,0.006168473978,0.009721104056,0.01708080806,0,0,0,0.3626903459,0.02059863926,0.02269657189,-0.00248934282,-0.00113680691,-0.0004006832023,-0.0004645788744,0.005608911954,-0.001317960136,0.7276691566,0.000427988745,0.0009048731902,-0.0005443137614,1,0,0,0
12.98030972,10.96022534,torque,hover,-0.01159913372,0.000722542638,-1.637527585,0,0,-2,0.006337528117,0.00950370077,0.01715264842,0,0,0,0.3626586737,0.02060820076,0.02243259594,-0.001759560895,-0.000485324068,-0.0004152967304,0.0004266787801,0.007592855846,-0.001368215959,0.7276746259,0.0004892871165,0.001210756279,-0.0005637025921,1,0,0,0
12.99028587,10.97020149,torque,hover,-0.01164826192,0.0009690037696,-1.63754797,0,0,-2,0.0063837911,0.009385192767,0.01722424291,0,0,0,0.3626404489,0.02062787376,0.02284574945,-0.002165962942,0.001117713982,-0.0005637309514,0.0004988975059,0.007288255605,-0.001378271576,0.7276855023,0.0005197236872,0.0008466591943,-0.0004211038706,1,0,0,0
13.00035048,10.98026609,torque,hover,-0.01169531513,0.001234653057,-1.637554646,0,0,-2,0.006457111333,0.009319253266,0.01730568893,0,0,0,0.3626360982,0.02068887715,0.02327014129,-0.0006055450067,0.002139904769,-0.001578194206,0.0008147651307,0.007686202941,-0.001358293818,0.7277038716,0.0003421534874,0.000749742331,0.0006255929882,1,0,0,0
13.01030636,10.99022198,torque,hover,-0.01173919532,0.001495707547,-1.63755703,0,0,-2,0.006563352421,0.009187386371,0.0172889363,0,0,0,0.3626361159,0.02064928526,0.02400843108,-0.0005780892097,0.004210891202,-0.0004820091999,0.001329426291,0.007351533681,-0.00137117155,0.7276988455,0.0004256118755,0.0003489860454,-0.0004983402491,1,0,0,0
13.02030659,11.00022221,torque,hover,-0.01181799173,0.002003954491,-1.637549996,0,0,-2,0.006718157791,0.008963775821,0.01733158715,0,0,0,0.3626481572,0.02063654124,0.02401486726,0.0003787703172,0.008368548006,-0.001491691452,0.00192733216,0.008353122759,-0.00136464819,0.7277124213,0.0003973676902,3.876542193e-05,0.0005369353818,1,0,0,0
13.03031015,11.01022577,torque,hover,-0.01186723541,0.002277921885,-1.637530088,0,0,-2,0.006861289963,0.008874089457,0.01737608202,0,0,0,0.3626712795,0.02068223851,0.02361504731,0.001516347867,0.01029074471,-0.001802853541,0.002432890355,0.007984982055,-0.001336974346,0.7277310308,0.0003210499446,-0.0003259311244,0.0008752947282,1,0,0,0
13.04030919,11.02022481,torque,hover,-0.01191282179,0.002547156764,-1.637506485,0,0,-2,0.006985948887,0.008733277209,0.01739251614,0,0,0,0.3626981552,0.02067784394,0.02353557715,0.002391931368,0.01201516204,-0.0001802123297,0.002623384201,0.007122765063,-0.001359547769,0.7277438407,0.000210462188,-0.0007562572762,-0.0007935728916,1,0,0,0
13.05030107,11.03021669,torque,hover,-0.0119547816,0.00281167333,-1.637479544,0,0,-2,0.00713627832,0.008678003214,0.01739995554,0,0,0,0.3627284157,0.02071213801,0.02345355181,0.002768407576,0.01408251468,-0.0008303686045,0.003079077743,0.006933591408,-0.001356371576,0.7277556166,0.0002336960947,-0.001052811366,-0.0001267022234,1,0,0,0
13.06030202,11.04021764,torque,hover,-0.01199312415,0.003071564483,-1.63745451,0,0,-2,0.007292425726,0.008527343161,0.01741673611,0,0,0,0.3627568084,0.02071805375,0.02365389603,0.002900188556,0.01328261849,-0.0007702059811,0.003430558587,0.00590259733,-0.001354078822,0.7277690046,0.0002635533472,-0.001142025956,-0.000185141153,1,0,0,0
13.07029986,11.05021548,torque,hover,-0.0120891938,0.003617100883,-1.637364268,0,0,-2,0.00753466133,0.008211866952,0.01747786254,0,0,0,0.3628552135,0.02072876164,0.02410960882,0.00413063122,0.01309706829,-0.0009587712702,0.003746117657,0.005930469257,-0.001313573342,0.7278173728,0.0001567418506,-0.0009802364236,3.832094099e-05,1,0,0,0
13.08030796,11.06022358,torque,hover,-0.01213208027,0.00388186425,-1.63731432,0,0,-2,0.007609844208,0.008052133024,0.01756021194,0,0,0,0.3629092986,0.02076313123,0.02486155184,0.004588172305,0.0122679621,-0.0008079796098,0.003091190339,0.004959504902,-0.001314812196,0.7278564449,-8.645089518e-05,-0.001065728393,-0.0001227233272,1,0,0,0
13.09030366,11.07021928,torque,hover,-0.01221382618,0.004410768859,-1.637192488,0,0,-2,0.007829896174,0.007776244078,0.01764168032,0,0,0,0.3630398372,0.02080879935,0.02621732656,0.005080733914,0.01083037257,-0.001422837726,0.003289387343,0.005328305416,-0.001278841771,0.7279214339,-9.201940812e-05,-0.0006799991521,0.0005318093648,1,0,0,0
13.10030913,11.08022475,torque,hover,-0.012252138,0.004675033037,-1.637120485,0,0,-2,0.007972222753,0.007603098173,0.01773576811,0,0,0,0.3631163904,0.02087871902,0.02701950386,0.004630251788,0.00935904216,-0.001502409694,0.003246873003,0.00427176425,-0.001258028687,0.7279714361,-5.759161696e-05,-0.0007201860783,0.0006271862894,1,0,0,0
13.1103003,11.09021592,torque,hover,-0.01228676829,0.004933895078,-1.637049437,0,0,-2,0.008074726909,0.00746942265,0.01777289622,0,0,0,0.3631919871,0.02090141931,0.02684577368,0.005418245215,0.008085849695,-0.002097622724,0.002889541455,0.003805433576,-0.001216153355,0.7280066925,-0.0002616274245,-0.0006392802491,0.001259821374,1,0,0,0
13.12030768,11.1002233,torque,hover,-0.01231849566,0.005187742412,-1.636975765,0,0,-2,0.008093284443,0.007323683705,0.01782615669,0,0,0,0.3632702204,0.02090237925,0.02683033137,0.005139806308,0.006329296622,-0.0006367409369,0.001904051887,0.003445151346,-0.001216895828,0.7280470102,-0.0004504772005,-0.000468203403,-0.0002359595722,1,0,0,0
13.13030362,11.11021924,torque,hover,-0.01234732848,0.00543620903,-1.636899471,0,0,-2,0.008175631054,0.00707665598,0.01786500774,0,0,0,0.3633510738,0.02088249278,0.02807260122,0.00552653335,0.005755576771,-0.0002523289586,0.001544255595,0.002233991826,-0.00122506734,0.7280845167,-0.0005687267434,-0.0006564965213,-0.0006342321888,1,0,0,0
13.14033103,11.12024665,torque,hover,-0.01241275575,0.005933990702,-1.636723995,0,0,-2,0.008213680238,0.006630814634,0.01790908165,0,0,0,0.3635364417,0.02078863756,0.02882640489,0.005552849732,0.003158237785,-0.0007180857356,0.0002763882597,0.002255167234,-0.00120524083,0.7281593881,-0.000805171809,-0.00024615037,-0.000151752479,1,0,0,0
13.15033126,11.13024688,torque,hover,-0.01244153548,0.006174355745,-1.636632919,0,0,-2,0.008260978386,0.006390242372,0.0179795716,0,0,0,0.3636324378,0.02079288235,0.02911166487,0.005685253534,0.001107788645,-0.0006674481556,-0.0001952834065,0.001548068473,-0.001201251544,0.7282102868,-0.0008920475959,-0.0001210690252,-0.0002007567702,1,0,0,0
13.16033697,11.14025259,torque,hover,-0.01246725023,0.006409039721,-1.636539817,0,0,-2,0.008350228891,0.006151622161,0.01794571616,0,0,0,0.3637304123,0.02072721656,0.02883930996,0.005449639633,0.0002734737063,-0.001540581463,-0.00022634527,0.001001384748,-0.00117042414,0.728235444,-0.0008251380546,-0.0001217398898,0.0007139214979,1,0,0,0
13.17030621,11.15022182,torque,hover,-0.012500274,0.006643500179,-1.636446238,0,0,-2,0.008386588655,0.00592842279,0.01787337475,0,0,0,0.363829261,0.02061403868,0.02936134476,0.006544724572,-0.0004540373629,-0.0002216018183,-0.0008679680234,0.0008419091072,-0.001177903028,0.7282510474,-0.001084806845,-4.291334309e-05,-0.0006366169963,1,0,0,0
13.18035221,11.16026783,torque,hover,-0.01255719457,0.007096651476,-1.636261225,0,0,-2,0.00847895164,0.005479581188,0.01776950248,0,0,0,0.3640246451,0.02043706557,0.02932848335,0.005682178773,-0.003233691677,-0.001034318004,-0.001467866837,0.001482750002,-0.001134257395,0.7282918005,-0.001018006496,0.0004732123938,0.0002236238791,1,0,0,0
13.19031072,11.17022634,torque,hover,-0.01258147042,0.007315115537,-1.636166573,0,0,-2,0.008542346768,0.005263802595,0.01776158251,0,0,0,0.3641243843,0.02039983135,0.02923781145,0.0045868163,-0.004657471087,-0.0003184319648,-0.001616898687,0.001490190464,-0.00112964037,0.7283241073,-0.0008635040273,0.0006571005834,-0.0005003286227,1,0,0,0
13.20033026,11.18024588,torque,hover,-0.01261517592,0.007531061769,-1.636074543,0,0,-2,0.008612436242,0.005082015879,0.0177601669,0,0,0,0.3642219074,0.02038196437,0.02887865532,0.003156382358,-0.004601151217,-0.0007160285604,-0.001711315603,0.001849257874,-0.001113290655,0.7283571391,-0.000660914557,0.0007156492563,-8.250851995e-05,1,0,0,0
13.21030545,11.19022107,torque,hover,-0.01264572702,0.007742078975,-1.635980725,0,0,-2,0.00864244625,0.004939730279,0.01777957566,0,0,0,0.3643211311,0.02037660725,0.02887225789,0.002110959729,-0.004177547526,-0.001092923805,-0.002025741917,0.002518461135,-0.001086512102,0.7283961344,-0.0005711994094,0.0007921234494,0.0003195117846,1,0,0,0
13.22033191,11.20024753,torque,hover,-0.01269841567,0.008150096983,-1.635787845,0,0,-2,0.008744116873,0.004580971785,0.01768796146,0,0,0,0.364524578,0.02025608212,0.02915487988,0.000958745135,-0.003325038822,-0.0006605311646,-0.001904901357,0.003540426086,-0.001052750214,0.7284428667,-0.0003615816626,0.0008555747262,-9.425348218e-05,1,0,0,0
13.23033953,11.21025515,torque,hover,-0.01272651833,0.008368837647,-1.635716319,0,0,-2,0.008820941672,0.004405356012,0.01764018275,0,0,0,0.3646019774,0.02020871646,0.02883009395,2.425701314e-05,-0.001631232444,-0.0007518547354,-0.001691841832,0.003699286426,-0.00103219702,0.72845672,-0.0001822504067,0.0006298981036,1.555768263e-05,1,0,0,0
13.24033356,11.22024918,torque,hover,-0.01275143493,0.008582524024,-1.635642529,0,0,-2,0.008897732012,0.004240724258,0.0176199805,0,0,0,0.3646815403,0.02018952922,0.02809644856,-0.001176949008,-0.001274495153,-0.001401115558,-0.001402306612,0.003907235018,-0.0009979477636,0.7284783902,4.067156416e-05,0.0006085215431,0.000703149511,1,0,0,0
13.25033474,11.23025036,torque,hover,-0.01277314126,0.00879152026,-1.635566592,0,0,-2,0.008950890973,0.004047558177,0.01760711893,0,0,0,0.364763146,0.02016213812,0.02718182362,-0.001162280329,0.0005898883101,-0.001917789108,-0.001339286503,0.003752173169,-0.0009494321662,0.7285026802,3.637771834e-05,0.0003011476329,0.001264304973,1,0,0,0
13.26036668,11.2402823,torque,hover,-0.01282078866,0.009201531298,-1.635415316,0,0,-2,0.009011620656,0.003703885712,0.01758794673,0,0,0,0.3649260649,0.02010631608,0.02407669554,-0.003746225033,0.004589242861,-0.001749657677,-0.001085015081,0.00418885031,-0.0008790769853,0.728552758,0.0004115606437,-0.0001314353637,0.001144156397,1,0,0,0
13.27033639,11.25025201,torque,hover,-0.01284659654,0.009402500466,-1.635340095,0,0,-2,0.009054141119,0.003507464193,0.01756223105,0,0,0,0.3650072447,0.02006767889,0.02180805474,-0.004269693978,0.003932953347,-0.0014967717,-0.0009421661474,0.003695544791,-0.0008350906231,0.7285735324,0.000486868028,-0.0001459880256,0.0009177878295,1,0,0,0
13.28037262,11.26028824,torque,hover,-0.01286951266,0.009598420002,-1.635262847,0,0,-2,0.009098625742,0.00332570984,0.01756057702,0,0,0,0.3650903242,0.0200554033,0.01984470184,-0.003657860914,0.00480562821,-0.000617222162,-0.0007480911294,0.003312159088,-0.0008151268901,0.7286011452,0.0004196764698,-0.0003377969214,3.632805988e-05,1,0,0,0
13.29033422,11.27024984,torque,hover,-0.01288967486,0.00978924334,-1.635182977,0,0,-2,0.009107086807,0.003115743399,0.01760208979,0,0,0,0.3651758939,0.02006191546,0.0178815387,-0.003497711848,0.006104125641,-0.0008255437715,-0.0008545156926,0.002653688131,-0.0007897871837,0.7286406365,0.0003494987543,-0.000640256095,0.0002644897077,1,0,0,0
13.30035615,11.28027177,torque,hover,-0.01293814462,0.01017412916,-1.635075092,0,0,-2,0.009116854519,0.002640046878,0.01756964438,0,0,0,0.365295903,0.01996945886,0.01553990041,-0.002332559554,0.006089761388,-0.00103808858,-0.001081986707,0.001633440431,-0.0007685683968,0.7286715175,0.0001025265767,-0.0007963149963,0.0004920755249,1,0,0,0
13.3103621,11.29027772,torque,hover,-0.01295810565,0.01035858039,-1.635016918,0,0,-2,0.00920382794,0.002438158961,0.01758458279,0,0,0,0.3653599085,0.01999681524,0.01451682976,-0.001617233385,0.005922576878,-0.000237918488,-0.0004492617217,0.001120249231,-0.0007579069201,0.72869638,0.0001506624786,-0.0008420047164,-0.0003099689355,1,0,0,0
13.32042122,11.30033684,torque,hover,-0.0129748201,0.01053866465,-1.634956002,0,0,-2,0.009252348915,0.002265733201,0.01754735224,0,0,0,0.3654265038,0.01996619839,0.01376237805,-0.0021043499,0.005603252444,-0.0007526328554,-0.0001658038542,0.000917409097,-0.0007339278764,0.7287090379,0.0002731331981,-0.0007945865286,0.0002329879159,1,0,0,0
13.33033991,11.31025553,torque,hover,-0.01298015751,0.01071792375,-1.634908557,0,0,-2,0.00928555429,0.002019428648,0.01751522161,0,0,0,0.365479302,0.01992693149,0.01335093985,-0.002472598106,0.004254810978,-0.0009674378671,3.909310739e-05,0.0001594039008,-0.0006975265004,0.7287180493,0.0003550631769,-0.0007404902157,0.000478437349,1,0,0,0
13.3403492,11.32026482,torque,hover,-0.01298333239,0.01106060296,-1.634805918,0,0,-2,0.009385637008,0.001572651672,0.01739420183,0,0,0,0.365592152,0.01982729615,0.01402049222,-0.000733344059,0.002643550979,-0.0003388168116,0.0007764182639,-0.0006501383051,-0.0006530745432,0.7287244899,0.0002641244408,-0.0006336008279,-0.0001249006791,1,0,0,0
13.35035706,11.33027267,torque,hover,-0.01298124902,0.01122421399,-1.63473618,0,0,-2,0.009434871376,0.001291067107,0.01736473478,0,0,0,0.365666725,0.01980448601,0.01493398306,-0.0007389196544,0.001851535519,-0.0006289698649,0.0009257832608,-0.001540528385,-0.0006290802719,0.7287421959,0.0002791597014,-0.0006879785812,0.0001876088992,1,0,0,0
13.36036777,11.34028339,torque,hover,-0.01296443306,0.01137455925,-1.634674191,0,0,-2,0.00952947326,0.0009900465375,0.01730646566,0,0,0,0.3657326941,0.01978142579,0.01643858321,-0.0003095923457,0.0008782153018,-5.211995449e-05,0.001549804515,-0.002572747672,-0.0006194222173,0.7287497413,0.0003435797344,-0.0007427760329,-0.0003894364809,1,0,0,0
13.37034464,11.35026026,torque,hover,-0.01294514816,0.01151966117,-1.634610057,0,0,-2,0.009649876505,0.0007256256067,0.01721737161,0,0,0,0.3658006151,0.01975055782,0.01764440894,-0.0006088032387,-0.0006264775875,0.0006276217755,0.002361761408,-0.003104528691,-0.000628965983,0.7287502645,0.0005423276453,-0.0006030290269,-0.001085006683,1,0,0,0
13.38035274,11.36026835,torque,hover,-0.01289866865,0.01179541368,-1.634476662,0,0,-2,0.009874151088,0.0001944422693,0.0170732867,0,0,0,0.3659410038,0.01972393942,0.01908741707,-0.0003376748064,-0.00349985878,0.000299285748,0.004100382199,-0.004217536478,-0.0006324069105,0.7287618079,0.0008603515614,-0.0004336312908,-0.0007447791353,1,0,0,0
13.3903296,11.37024522,torque,hover,-0.01287155319,0.01192632597,-1.634407282,0,0,-2,0.009966725484,-3.01289474e-05,0.01698995568,0,0,0,0.3660135922,0.01969759169,0.01884037962,-0.0001183420391,-0.004483351018,-0.0008022771799,0.004314671818,-0.003964254691,-0.0005987053333,0.7287657229,0.0008123448134,-0.000188621361,0.0003979864286,1,0,0,0
13.40036726,11.38028288,torque,hover,-0.01282856241,0.01205822919,-1.634338379,0,0,-2,0.01007387973,-0.0003056869318,0.01685640402,0,0,0,0.3660852278,0.01963962459,0.01907341356,0.0003849498171,-0.006812866777,0.0003384200099,0.004745348301,-0.004056801828,-0.0005957707904,0.7287566836,0.00078245142,0.0001421236502,-0.0007634167593,1,0,0,0
13.41035223,11.39026785,torque,hover,-0.01278340723,0.0121851936,-1.634268045,0,0,-2,0.01020217966,-0.0005811060546,0.01676018722,0,0,0,0.3661581039,0.01962972312,0.01967721003,-0.0003357410023,-0.007673698477,-0.001156997518,0.005377953289,-0.004116170695,-0.0005577342658,0.7287576163,0.0009678164469,0.0002650001613,0.0007861693487,1,0,0,0
13.42034268,11.4002583,torque,hover,-0.01268719323,0.0124245584,-1.634162068,0,0,-2,0.01034993585,-0.001132908626,0.01649419405,0,0,0,0.3662686538,0.01950546311,0.01924908469,0.001523545943,-0.01045747008,-0.0007738029235,0.006362889657,-0.004679546237,-0.000490379673,0.7287282944,0.0008828339289,0.0004710724825,0.0004462162302,1,0,0,0
13.43033314,11.41024876,torque,hover,-0.01262354292,0.01255126297,-1.63409698,0,0,-2,0.01040918846,-0.001290534274,0.01636939123,0,0,0,0.3663357859,0.0194415445,0.01926112715,0.002312809695,-0.01129132416,-0.0004180677643,0.006322406001,-0.003157307852,-0.0004751301182,0.7287201878,0.0007024569547,0.0009515063312,9.104048656e-05,1,0,0,0
13.44035006,11.42026567,torque,hover,-0.01255843509,0.01267378032,-1.634030461,0,0,-2,0.01049310341,-0.00149419927,0.01629271917,0,0,0,0.3664042061,0.01943683484,0.02046618271,0.003244093154,-0.01166623458,-0.0005147675402,0.006453024642,-0.002295455186,-0.0004666038947,0.7287247542,0.000556666319,0.001181068602,0.00019372173,1,0,0,0
13.45030785,11.43022346,torque,hover,-0.01249177288,0.01279180497,-1.633962512,0,0,-2,0.0105834119,-0.001702229725,0.0161753837,0,0,0,0.3664738971,0.01940487649,0.02228469364,0.00321216695,-0.009505179711,-0.0003272975737,0.006651323683,-0.001728553445,-0.0004634666484,0.7287195173,0.0005670074642,0.0009834059475,4.835313531e-06,1,0,0,0
13.46035218,11.4402678,torque,hover,-0.01242325548,0.0129061481,-1.633893609,0,0,-2,0.01068550907,-0.001854641596,0.01601181738,0,0,0,0.3665443976,0.01933903036,0.02467010853,0.003573006252,-0.00930524338,-0.001607336686,0.00696823267,-0.0007924907878,-0.0004238104959,0.7287029347,0.0005529467042,0.001142906877,0.00133692927,1,0,0,0
13.47033548,11.4502511,torque,hover,-0.01225545071,0.01313693356,-1.633693933,0,0,-2,0.01094510872,-0.002196952468,0.01588773727,0,0,0,0.366746383,0.01941757453,0.02952014064,0.005305946805,-0.006604548078,-0.0007052094443,0.009244488041,-0.0002680460118,-0.0003981376239,0.7287436201,0.0008303641169,0.000799469712,0.0004508845437,1,0,0,0
13.48035264,11.46026826,torque,hover,-0.01216919627,0.0132460231,-1.633583188,0,0,-2,0.01105784811,-0.002395917196,0.01593749225,0,0,0,0.3668580469,0.01954533405,0.0307924908,0.005562345497,-0.00510870805,-0.0002268471144,0.009157970786,-0.0001305338456,-0.0003997164993,0.7287962472,0.0007037898997,0.0006085050008,-4.072727561e-05,1,0,0,0
13.4903059,11.47022152,torque,hover,-0.01197124738,0.0134584168,-1.633345246,0,0,-2,0.01120721642,-0.002728943247,0.01577061601,0,0,0,0.3670969193,0.01953870928,0.03186800222,0.006191831082,-0.002776345937,-0.0007195805665,0.01023543609,-0.0001197149966,-0.0003948316483,0.7288399852,0.0008465510106,0.0002599709992,0.0004714176657,1,0,0,0
13.50035572,11.48027134,torque,hover,-0.01186034642,0.01356211491,-1.633219004,0,0,-2,0.01126264222,-0.002914569341,0.01570073143,0,0,0,0.3672232264,0.01954110518,0.03083462859,0.007684780285,1.85027493e-05,-0.0005821994855,0.009599277002,-0.0001444474564,-0.0003991690095,0.7288679235,0.0004253895229,-0.0001174691608,0.0003239906758,1,0,0,0
13.5103426,11.49025822,torque,hover,-0.01174853649,0.01366168633,-1.63309288,0,0,-2,0.01141911745,-0.003131603124,0.01560075395,0,0,0,0.3673492947,0.01958536967,0.03018683864,0.008482919075,0.0005567298504,-0.0005968596088,0.009899188795,-0.0006271991168,-0.0004002576183,0.7288881444,0.0003436224475,-0.0002788377675,0.0003385684188,1,0,0,0
13.52035165,11.50026727,torque,hover,-0.0116354404,0.01375723071,-1.632967234,0,0,-2,0.01156585291,-0.00327962311,0.01548683736,0,0,0,0.3674747562,0.01960528023,0.02964122992,0.009336941876,0.001599248149,9.258169302e-05,0.01007775433,-0.0005612158792,-0.0004212839998,0.7289047097,0.0002311612657,-0.0003743878125,-0.0003783923623,1,0,0,0
13.53034568,11.5102613,torque,hover,-0.01148822531,0.01384232938,-1.632835031,0,0,-2,0.01168767549,-0.003419552464,0.01540535409,0,0,0,0.3676053647,0.01963721039,0.02899374105,0.009499465115,0.003033937421,3.004983046e-05,0.01035594824,-0.0006991378486,-0.0004398290896,0.7289318723,0.0002416946407,-0.0005706603816,-0.0003268122209,1,0,0,0
13.54036665,11.52028227,torque,hover,-0.01119349152,0.01400231104,-1.632548571,0,0,-2,0.01187638193,-0.00378378504,0.01528044883,0,0,0,0.3678884504,0.01971947245,0.02593550373,0.01093479805,0.004029472359,0.0008734795847,0.01191233243,-0.002465142394,-0.0005111728687,0.7290037996,0.0004366002475,-0.001049837643,-0.001222752462,1,0,0,0
13.55030584,11.53022146,torque,hover,-0.01104583498,0.01407654956,-1.632406235,0,0,-2,0.01199100446,-0.004024827853,0.01515830681,0,0,0,0.368028988,0.01974228185,0.02538281411,0.01065102313,0.002629488008,0.001137885265,0.01149163886,-0.003352642391,-0.0005656716407,0.729024258,0.0003171459311,-0.0009969402393,-0.001539280111,1,0,0,0
13.56037545,11.54029107,torque,hover,-0.01086704899,0.01413736679,-1.632255673,0,0,-2,0.01210688893,-0.0042202943,0.01506714988,0,0,0,0.3681763811,0.01978399983,0.02563650396,0.01148819458,0.004205990117,0.0006641231012,0.01145443961,-0.004004271552,-0.0006060362231,0.7290555697,0.0001492018466,-0.00129405171,-0.001086512592,1,0,0,0
13.57035875,11.55027437,torque,hover,-0.01068869792,0.01419476327,-1.632105947,0,0,-2,0.01219321322,-0.004442747217,0.01498723403,0,0,0,0.368322921,0.01982497504,0.02587703382,0.01244688686,0.003306861501,0.0007272471557,0.01110972506,-0.004819764527,-0.0006573180406,0.729089417,-9.295663753e-05,-0.001282013136,-0.001192198553,1,0,0,0
13.58037257,11.56028819,torque,hover,-0.01033385284,0.014299009,-1.631810665,0,0,-2,0.01237269398,-0.004825048614,0.01465246081,0,0,0,0.3686117693,0.01977521829,0.02684209432,0.01295877341,0.0007295416435,0.0005995585234,0.01265711158,-0.006678333364,-0.0007044352578,0.72911129,0.0002507831452,-0.001265254317,-0.001084342,1,0,0,0
13.59034681,11.57026243,torque,hover,-0.0101238247,0.01434118859,-1.631658077,0,0,-2,0.01250211988,-0.004994094837,0.01445992291,0,0,0,0.3687599945,0.0197568559,0.02883349089,0.0111437235,-0.0003604684607,0.0001357237197,0.01271339711,-0.00671904346,-0.0007394280867,0.7291176465,0.0004525873228,-0.001042673585,-0.000644054718,1,0,0,0
13.60036159,11.5802772,torque,hover,-0.009914497845,0.01438064128,-1.631507277,0,0,-2,0.01259258669,-0.005213216413,0.01435085572,0,0,0,0.3689064741,0.01979135985,0.03002638514,0.01184833795,-0.002996891737,3.086783181e-05,0.01235455658,-0.007084183005,-0.0007846721575,0.7291444976,0.0002159753428,-0.0007025789217,-0.0005786494981,1,0,0,0
13.61032891,11.59024453,torque,hover,-0.009499976411,0.01444976125,-1.631209254,0,0,-2,0.01263130177,-0.005655309651,0.01414844766,0,0,0,0.3691959633,0.01979168722,0.02858366703,0.01316899899,-0.007328885607,-0.001054100692,0.01290784833,-0.008688425777,-0.000815262265,0.7292009214,0.0002025159282,-0.0004616510793,0.0005054071066,1,0,0,0
13.62035751,11.60027313,torque,hover,-0.009265938774,0.01447913144,-1.631060958,0,0,-2,0.01272073481,-0.005854721647,0.01402312797,0,0,0,0.3693393015,0.01981774401,0.02751365039,0.01306038536,-0.009852538817,-0.001440518419,0.01257700503,-0.008221145551,-0.0008133775217,0.7292227842,9.080661156e-05,4.265076968e-05,0.0008910357366,1,0,0,0
13.63034081,11.61025643,torque,hover,-0.009033570997,0.01450527459,-1.63091445,0,0,-2,0.01279992331,-0.006085512228,0.01385239512,0,0,0,0.3694809222,0.01981818221,0.02640064065,0.0136466641,-0.01103244256,-0.0009799975669,0.01217034026,-0.008053188769,-0.000836794415,0.729232472,-0.0001187465815,0.0002646738643,0.0003993667818,1,0,0,0
13.64035058,11.6202662,torque,hover,-0.008802585304,0.01452834532,-1.630769491,0,0,-2,0.01291165501,-0.006297086366,0.01367942616,0,0,0,0.3696210586,0.01983660334,0.02535806964,0.01339153387,-0.01309083402,-0.0001931936422,0.01212550005,-0.007660131785,-0.0008809782403,0.7292410533,-0.000115237742,0.0006447190605,-0.0004391584798,1,0,0,0
13.65033674,11.63025236,torque,hover,-0.008345253766,0.0145651456,-1.630480051,0,0,-2,0.0129950922,-0.006691601593,0.01326853875,0,0,0,0.36990104,0.01974092383,0.02236756056,0.01303526014,-0.01529632136,-0.0004511136212,0.01343946083,-0.007996856585,-0.0009611682324,0.7292415992,0.0002924852131,0.000766204989,-0.0002312581173,1,0,0,0
13.66034651,11.64026213,torque,hover,-0.008082637563,0.01457368676,-1.630320787,0,0,-2,0.01301736571,-0.006870572455,0.01311085839,0,0,0,0.3700546468,0.01971170169,0.02134588423,0.01369356457,-0.01538625918,-0.001195921912,0.01259094619,-0.007025648421,-0.0009789772162,0.7292592636,-4.674715796e-05,0.00100468453,0.0005075239136,1,0,0,0
13.67033505,11.65025067,torque,hover,-0.007822565734,0.01457961556,-1.630163789,0,0,-2,0.0130580347,-0.00701401243,0.01295909751,0,0,0,0.3702061329,0.0196887493,0.02147803193,0.01353231538,-0.01568408683,-0.0012621223,0.01210181619,-0.005905694577,-0.001002048349,0.729277632,-0.0001646259126,0.00128577228,0.000553010035,1,0,0,0
13.68033409,11.66024971,torque,hover,-0.007564732805,0.01458324119,-1.630009055,0,0,-2,0.01312686969,-0.007161086425,0.01274157222,0,0,0,0.3703554987,0.01964544551,0.02258094908,0.01384979207,-0.01443543378,-0.0008751890273,0.01190632634,-0.005071319958,-0.001034536544,0.7292785101,-0.0002671139379,0.001270626042,0.0001348227049,1,0,0,0
13.69030499,11.67022061,torque,hover,-0.007309098262,0.01458433457,-1.629856706,0,0,-2,0.01317711361,-0.007352737244,0.01257172506,0,0,0,0.3705026101,0.0196404516,0.02333181096,0.01499495376,-0.0131514091,-0.0006285645068,0.01146876738,-0.004790141444,-0.001073684387,0.7292905933,-0.0005284966462,0.001120646699,-0.0001442888217,1,0,0,0
13.70033312,11.68024874,torque,hover,-0.006736375391,0.01457313169,-1.629570246,0,0,-2,0.01325098332,-0.007622469217,0.01215034723,0,0,0,0.3707775044,0.0195274559,0.02613139531,0.01566558704,-0.01128053293,-0.0006448798231,0.01377796072,-0.005095703495,-0.001142783399,0.7292875258,-2.735447092e-06,0.0006899306451,-0.0001647564442,1,0,0,0
13.71034169,11.69025731,torque,hover,-0.006454480346,0.01456414349,-1.62942183,0,0,-2,0.01327295229,-0.007764466107,0.01193314418,0,0,0,0.3709204154,0.01946427822,0.02674917462,0.01720454171,-0.008689654991,-0.0003149920376,0.01273850991,-0.004515312492,-0.001205239382,0.7292862265,-0.0004979921859,0.0004745085654,-0.0005470046873,1,0,0,0
13.72034836,11.70026398,torque,hover,-0.006175394636,0.01455309335,-1.62927556,0,0,-2,0.01330632251,-0.007879702374,0.01176593918,0,0,0,0.3710613671,0.01943155303,0.02719835429,0.01518426463,-0.007007852662,-0.001389178215,0.0120947502,-0.003947590453,-0.001236494198,0.7292968493,-0.0003848244018,0.0003818941474,0.0005205840029,1,0,0,0
13.73031354,11.71022916,torque,hover,-0.005867057014,0.01453879476,-1.629126072,0,0,-2,0.01330149546,-0.008003754541,0.01158286259,0,0,0,0.3712051581,0.01936885577,0.02728539059,0.01502984576,-0.005140512716,-0.000787122699,0.01157359254,-0.003719670306,-0.001283464202,0.7293046183,-0.0004920714943,0.0001828426437,-0.0001270454345,1,0,0,0
13.74031043,11.72022605,torque,hover,-0.005260618404,0.01450464875,-1.628833652,0,0,-2,0.01328056864,-0.008249864914,0.0113132894,0,0,0,0.3714869004,0.01929829764,0.02779288713,0.0123842461,-0.002967759967,0.0003172210418,0.01343881419,-0.005078038709,-0.00143833656,0.7293422881,0.0003753165894,-0.0004338693937,-0.001353396652,1,0,0,0
13.75030708,11.7302227,torque,hover,-0.004963102285,0.01448458247,-1.628690362,0,0,-2,0.01323809754,-0.008371245116,0.01117280405,0,0,0,0.3716251913,0.01923945222,0.0276998444,0.01258363854,-0.002248538658,-0.0007296330878,0.01222963765,-0.004824229202,-0.001495536659,0.7293586174,7.633436165e-06,-0.0004247118524,-0.0003350245799,1,0,0,0
13.76033568,11.7402513,torque,hover,-0.004650305957,0.01445521321,-1.628540754,0,0,-2,0.01324141491,-0.008456007577,0.01100213733,0,0,0,0.3717694847,0.01918035867,0.0280218704,0.0126592638,-0.001518941368,-0.0003966375371,0.01186002929,-0.004571774937,-0.001559316347,0.7293696245,-0.0001163659205,-0.0004270432391,-0.0007225791895,1,0,0,0
13.77033019,11.75024581,torque,hover,-0.004341326188,0.01442411263,-1.62839365,0,0,-2,0.01323903538,-0.008602161892,0.01084063295,0,0,0,0.3719115237,0.01915172498,0.02815574759,0.01320545189,-0.001894872985,-0.0007563197287,0.01142907384,-0.004950044468,-0.001619175523,0.7293820228,-0.0003053454547,-0.0004309161159,-0.0004020279096,1,0,0,0
13.78033662,11.76025224,torque,hover,-0.004036039114,0.01439085882,-1.628261924,0,0,-2,0.01322760992,-0.008778201416,0.01064857002,0,0,0,0.372038417,0.01911592341,0.02828772409,0.01131983288,-0.00129379821,-0.001345754135,0.01106079747,-0.005606815435,-0.001661241135,0.7293810894,-0.0001365853989,-0.0006310442023,0.0001654136808,1,0,0,0
13.79030466,11.77022028,torque,hover,-0.003412338672,0.01431542356,-1.628003001,0,0,-2,0.01326953527,-0.009107079357,0.01023083739,0,0,0,0.3722879833,0.01907064483,0.02993659527,0.01195015851,-0.003016951261,-0.001439340995,0.01380268116,-0.008148780767,-0.001743290696,0.7293691233,0.0004683800293,-0.0009481759402,0.0002126378188,1,0,0,0
13.80033946,11.78025508,torque,hover,-0.003094131825,0.01427335851,-1.627876043,0,0,-2,0.01322426833,-0.009274896234,0.009968105704,0,0,0,0.3724104477,0.01898072982,0.03071667476,0.01231823862,-0.002953588031,-0.001903955475,0.0126983892,-0.008189349897,-0.001779293504,0.7293485595,9.973068772e-05,-0.0008863090589,0.0006535985743,1,0,0,0
13.81030679,11.79022241,torque,hover,-0.00277996459,0.01422948577,-1.627751827,0,0,-2,0.0131313866,-0.009415782988,0.00973375421,0,0,0,0.372530413,0.01886362251,0.03202505157,0.01165532134,-0.003070431761,-0.0006832674844,0.01148944432,-0.008050675719,-0.001848902936,0.7293341917,-0.000118575239,-0.0007712868066,-0.0006467653284,1,0,0,0
13.82030511,11.80022073,torque,hover,-0.002153423149,0.01412136108,-1.627519846,0,0,-2,0.01303499471,-0.009772329591,0.009349139407,0,0,0,0.3727539607,0.01878339481,0.03442942783,0.01196511649,-0.006711299531,-0.001119467663,0.01289583553,-0.01038595393,-0.00195103787,0.7293208407,0.0002272807608,-0.0007869321716,-0.000273795642,1,0,0,0
13.83032942,11.81024504,torque,hover,-0.001840361976,0.0140571529,-1.627411008,0,0,-2,0.0130686108,-0.00995303411,0.009165079333,0,0,0,0.372858616,0.01881090523,0.03563707721,0.01251678821,-0.007982105948,-0.001200248487,0.01252809249,-0.01024829558,-0.002002404074,0.7293137175,2.451670602e-05,-0.0005053661803,-0.00023342349,1,0,0,0
13.84033585,11.82025146,torque,hover,-0.001531196758,0.01399114635,-1.627304077,0,0,-2,0.01300440636,-0.01010925416,0.008941327222,0,0,0,0.37296159,0.01874190323,0.03683225135,0.01202491019,-0.008778739721,-5.744778173e-05,0.01145978441,-0.00985827163,-0.002085014968,0.7292958056,-0.0001787328274,-0.0002528050769,-0.001463276496,1,0,0,0
13.85030222,11.83021784,torque,hover,-0.001226481982,0.0139235612,-1.627199411,0,0,-2,0.01288456842,-0.01025139261,0.008753912523,0,0,0,0.3730625265,0.0186476309,0.03719329982,0.01320701744,-0.01010690536,-0.0009872672381,0.01007251669,-0.009349271556,-0.002140147142,0.7292862673,-0.0006575145329,7.849531492e-05,-0.0005608195681,1,0,0,0
13.86031175,11.84022737,torque,hover,-0.0006204959936,0.01372942515,-1.626995921,0,0,-2,0.01277999952,-0.01062732562,0.008458021097,0,0,0,0.3732571834,0.01864957261,0.0384930177,0.01161017548,-0.01356573962,-0.001350566978,0.0113764907,-0.01169778536,-0.002252020877,0.7292851286,-4.087923278e-05,-5.709935718e-05,-0.0002715439749,1,0,0,0
13.87030768,11.8502233,torque,hover,-0.0003237449564,0.01363049913,-1.626896501,0,0,-2,0.01264586672,-0.01079599001,0.008298336528,0,0,0,0.3733525366,0.01858315728,0.0388111719,0.01286154147,-0.01412593666,-0.001018717536,0.009658285072,-0.01097315988,-0.002300352369,0.7292807069,-0.0006210050796,0.0002380045045,-0.0006472325076,1,0,0,0
13.88033175,11.86024737,torque,hover,-3.119577741e-05,0.01353058312,-1.626799107,0,0,-2,0.01249905583,-0.01093180105,0.008065477945,0,0,0,0.3734460931,0.01846029808,0.03902163312,0.01292732824,-0.01421153266,-0.001531574875,0.008167102461,-0.01008989936,-0.00233219995,0.729257002,-0.0009438484502,0.0004793244079,-0.0001503396524,1,0,0,0
13.89030743,11.87022305,torque,hover,0.0002761778305,0.01340087224,-1.626695871,0,0,-2,0.01237014681,-0.01112623233,0.007854570635,0,0,0,0.3735446856,0.01839858304,0.03948272073,0.01197849307,-0.01467937604,-0.001639639377,0.007247032997,-0.0101900535,-0.002357848891,0.7292409775,-0.0009732363087,0.0005252417984,-6.013651522e-05,1,0,0,0
13.9003346,11.88025022,torque,hover,0.0008766035317,0.01313948072,-1.626487374,0,0,-2,0.01209941506,-0.0114502646,0.007567015011,0,0,0,0.3737446935,0.01829656035,0.04073091388,0.01154785231,-0.01559025142,-0.001354965731,0.007490863848,-0.01197681338,-0.002411257559,0.7292437266,-0.0007278468757,0.0001450825807,-0.0003849617562,1,0,0,0
13.91031218,11.89022779,torque,hover,0.001169414842,0.01300815493,-1.626385808,0,0,-2,0.01192008611,-0.01156014297,0.007395743392,0,0,0,0.3738424054,0.018177524,0.04187837549,0.01078584325,-0.01697905362,-0.001092337188,0.006117189342,-0.01059193836,-0.002452710928,0.7292371437,-0.0009093719479,0.0007040010978,-0.0006863754244,1,0,0,0
13.92033958,11.9002552,torque,hover,0.001457509235,0.01287658699,-1.626286387,0,0,-2,0.01181040052,-0.01166986302,0.007225119509,0,0,0,0.3739382236,0.01810728072,0.04280618898,0.0110322265,-0.01646261476,-0.001601740019,0.005535294432,-0.009534486038,-0.002477133196,0.7292299972,-0.001027231952,0.0008857824377,-0.000185028074,1,0,0,0
13.93031192,11.91022754,torque,hover,0.001757298596,0.01271137781,-1.626173496,0,0,-2,0.01167317387,-0.01177272573,0.007060033269,0,0,0,0.3740466844,0.01801954852,0.04364901031,0.009069239721,-0.01611652225,-0.001524180407,0.005031936319,-0.008972304449,-0.002501939716,0.7292291253,-0.0008226450475,0.0009576868928,-0.0002836643408,1,0,0,0
13.94031239,11.920228,torque,hover,0.002051757649,0.01254634373,-1.626063347,0,0,-2,0.01144560147,-0.01192829479,0.006846448407,0,0,0,0.3741526975,0.01789301163,0.04496710744,0.008242846467,-0.01585862972,-0.001167701092,0.003812222328,-0.008856006919,-0.002535745663,0.7292148878,-0.0009434282808,0.0009329161942,-0.000670245898,1,0,0,0
13.95029831,11.93021393,torque,hover,0.002624840941,0.01221751701,-1.62584722,0,0,-2,0.01100792829,-0.01214218978,0.006570620462,0,0,0,0.3743614029,0.01765730192,0.04652286892,0.005658225156,-0.01258497778,-0.002333040815,0.003572993606,-0.01045027228,-0.002567661796,0.7292233165,-0.0005504143597,1.569851024e-05,0.0004958508905,1,0,0,0
13.96033454,11.94025016,torque,hover,0.002914072014,0.01200738084,-1.625717163,0,0,-2,0.01082902588,-0.01228823978,0.006407015491,0,0,0,0.3744867301,0.01758745252,0.04634886932,0.004430965055,-0.01232370548,-0.001711451449,0.003120674229,-0.01047576712,-0.002580378288,0.72922902,-0.0004531857604,2.904712031e-05,-0.0001472781484,1,0,0,0
13.97032857,11.95024419,torque,hover,0.003197804792,0.01179831661,-1.625589728,0,0,-2,0.01060634479,-0.01242761035,0.006266661454,0,0,0,0.3746097673,0.01749888838,0.0462409181,0.003667322453,-0.01155109145,-0.001768997405,0.002417654869,-0.01047825817,-0.002588169854,0.7292396406,-0.0004778730136,-2.784744582e-05,-9.392610273e-05,1,0,0,0
13.98033237,11.96024799,torque,hover,0.003749331925,0.01138388738,-1.625342131,0,0,-2,0.01018718816,-0.01261380315,0.006082314998,0,0,0,0.3748495291,0.01731708371,0.04550957518,0.00255005341,-0.009538102895,-0.001538955024,0.002700698361,-0.01279366854,-0.002585945224,0.7292827233,-0.0002084837524,-0.0008449327474,-0.0003252302963,1,0,0,0
13.99033046,11.97024608,torque,hover,0.004017470405,0.0111546237,-1.62519896,0,0,-2,0.009949227795,-0.01274482626,0.005958281457,0,0,0,0.3749885132,0.01723133333,0.0459675542,0.001686147298,-0.008907253854,-3.46089073e-05,0.001926188366,-0.01259851912,-0.00263574728,0.7293031802,-0.0002496598081,-0.0007804212884,-0.001893703623,1,0,0,0
14.00034904,11.98026466,torque,hover,0.004280253779,0.01092702709,-1.625059009,0,0,-2,0.009718608111,-0.01280458178,0.005806192756,0,0,0,0.3751246027,0.01709153394,0.04580311952,0.0008755504969,-0.0092726117,-0.001378070679,0.001469126025,-0.01189515264,-0.002645041174,0.7293153709,-0.0002162294247,-0.0004816215197,-0.0005334709531,1,0,0,0
14.01034498,11.9902606,torque,hover,0.004537756089,0.01070142444,-1.624922276,0,0,-2,0.009483476169,-0.01283727959,0.005612603854,0,0,0,0.3752577929,0.01691843342,0.04557749167,0.001050447347,-0.008827483281,-0.001719956752,0.001074333674,-0.01118289665,-0.002642637859,0.7293158707,-0.0003007234421,-0.0003216016257,-0.0001825481791,1,0,0,0
14.02033353,12.00024915,torque,hover,0.005041706841,0.01023371331,-1.624613643,0,0,-2,0.00901824329,-0.01297849882,0.005264158826,0,0,0,0.375559669,0.01665777632,0.04510945168,0.000954592484,-0.01042364724,-0.001916711801,0.001072980041,-0.01372251076,-0.002620508754,0.729339437,-0.0002520089925,-0.0006973625524,3.504836847e-05,1,0,0,0
14.0303359,12.01025152,torque,hover,0.005287651904,0.009991591796,-1.624452949,0,0,-2,0.008768710308,-0.01310858037,0.005119321402,0,0,0,0.3757171529,0.01658109199,0.04545676834,0.001873464906,-0.01197165251,-0.001335997134,0.0004237604339,-0.01348735375,-0.002623907003,0.7293609707,-0.0004950948411,-0.000352204141,-0.0005562371857,1,0,0,0
14.04033613,12.02025175,torque,hover,0.005528492387,0.00975081604,-1.624295712,0,0,-2,0.008568390273,-0.01328010298,0.005047493614,0,0,0,0.3758714608,0.01659082996,0.04541864224,0.001327388338,-0.01195246167,-0.001955078216,0.0002747439503,-0.0137304839,-0.00260800047,0.7293998105,-0.0004118589044,-0.0003555905398,8.559035209e-05,1,0,0,0
14.05030823,12.03022385,torque,hover,0.005990833044,0.009269561619,-1.623966098,0,0,-2,0.008074036799,-0.01337173022,0.004843629431,0,0,0,0.3761958405,0.01635402047,0.04445125589,0.000389277353,-0.01391054317,-0.002303072251,-8.478435674e-05,-0.01506581199,-0.002562286303,0.7294676319,-0.000333790557,-0.0004211985586,0.0004737660592,1,0,0,0
14.06031275,12.04022837,torque,hover,0.006212464068,0.00902951695,-1.623794436,0,0,-2,0.007831482217,-0.01343333535,0.004747839645,0,0,0,0.3763651856,0.01625818543,0.04389826969,-0.0004630770709,-0.01369449403,-0.002004591515,-0.0004462880179,-0.01386152231,-0.002536767412,0.7295055882,-0.0002656749911,-0.000103121663,0.0001880889251,1,0,0,0
14.07031178,12.0502274,torque,hover,0.006429271773,0.008791496977,-1.623632312,0,0,-2,0.007626387291,-0.01346078981,0.004544274881,0,0,0,0.3765252484,0.01612467301,0.04303188969,-0.001292720204,-0.01453742664,-0.001841893536,-0.0003596657745,-0.01261898278,-0.002514683058,0.7295127942,-0.0001007443143,0.0003327333901,3.726072912e-05,1,0,0,0
14.08036828,12.0602839,torque,hover,0.006641393527,0.008555884473,-1.623474479,0,0,-2,0.007409768645,-0.01344060153,0.004355939105,0,0,0,0.3766812704,0.01595395394,0.04181728961,-0.002189569874,-0.01651814394,-0.002308254363,-0.0003108137034,-0.01108255257,-0.002477595898,0.7295222925,5.424097297e-05,0.0009539940692,0.0005384874005,1,0,0,0
14.09035587,12.07027149,torque,hover,0.00684050424,0.008317677304,-1.623305321,0,0,-2,0.007120038383,-0.01345837396,0.004260523245,0,0,0,0.3768485872,0.01581059248,0.04102754567,-0.001519838581,-0.01660508849,-0.002706782427,-0.001063093308,-0.01011198578,-0.002426153469,0.7295593854,-0.000193703018,0.001147091483,0.0009864185304,1,0,0,0
14.10043168,12.0803473,torque,hover,0.007222653367,0.007847436704,-1.62297821,0,0,-2,0.006442246959,-0.01350982953,0.004013898317,0,0,0,0.3771726114,0.01549610982,0.04081679022,-0.001436186722,-0.01794049889,-0.00213882653,-0.003155213804,-0.0108625251,-0.002333565328,0.7296152784,-0.00066000672,0.0009987571678,0.000486185554,1,0,0,0
14.11034751,12.09026313,torque,hover,0.007406067569,0.007615956943,-1.622820616,0,0,-2,0.006198541727,-0.01348530129,0.003870052751,0,0,0,0.3773289553,0.01533794571,0.04098479177,-0.00125050277,-0.01813980937,-0.002248349367,-0.003029545976,-0.009202911033,-0.002290291665,0.7296359224,-0.0005848431789,0.001386334303,0.0006283706593,1,0,0,0
14.12038827,12.10030389,torque,hover,0.007566753309,0.007381291594,-1.622639179,0,0,-2,0.005896064453,-0.0134907905,0.003673815401,0,0,0,0.3775088453,0.01517438381,0.04165084341,-0.002427574946,-0.01758538932,-0.002078664722,-0.003627360414,-0.008052607391,-0.002249103661,0.7296518567,-0.0005019881312,0.001522859487,0.0004868103345,1,0,0,0
14.13033485,12.11025047,torque,hover,0.007722593844,0.00714921765,-1.622462392,0,0,-2,0.005567013286,-0.01344484091,0.003567593638,0,0,0,0.3776842535,0.01498276037,0.04276170599,-0.002472357592,-0.01555668004,-0.001562713995,-0.004341600648,-0.006723035336,-0.002209821736,0.7296888935,-0.000602468627,0.001488459425,-7.43338873e-06,1,0,0,0
14.14037204,12.12028766,torque,hover,0.008020567708,0.006693053525,-1.622116089,0,0,-2,0.004985513631,-0.01332277898,0.003276624717,0,0,0,0.3780282751,0.01459753594,0.04451116401,-0.002705917228,-0.01314820349,-0.001643167343,-0.005509800327,-0.006611497985,-0.002115662487,0.7297404726,-0.0007959006416,0.001028393655,0.0001485770717,1,0,0,0
14.15033412,12.13024974,torque,hover,0.008152469061,0.006454812363,-1.62192595,0,0,-2,0.004619150888,-0.01324626524,0.003123055678,0,0,0,0.3782170205,0.01437197184,0.04546485601,-0.003517006058,-0.01098198909,-0.001789395465,-0.006310312629,-0.005364392856,-0.00206565921,0.7297702944,-0.0007895254129,0.0009874318413,0.0003344979814,1,0,0,0
14.16035771,12.14027333,torque,hover,0.008280109614,0.00621934887,-1.621740818,0,0,-2,0.004292283673,-0.01316794287,0.002942316234,0,0,0,0.3784009108,0.01415894217,0.04540572388,-0.003917137627,-0.00849384442,-0.002133889589,-0.006643012697,-0.004494156289,-0.00199697963,0.7297914502,-0.0007315178486,0.0008074704725,0.0007335046504,1,0,0,0
14.17034435,12.15025997,torque,hover,0.008403368294,0.005986831617,-1.621560574,0,0,-2,0.003999473993,-0.01311592665,0.002809084486,0,0,0,0.3785800552,0.01399693822,0.04466276633,-0.004221245646,-0.006143264007,-0.001392071834,-0.006693817104,-0.004173768987,-0.001954472708,0.7298229229,-0.0006302769785,0.0005224725006,6.231168232e-06,1,0,0,0
14.18035746,12.16027308,torque,hover,0.00863726344,0.005530868191,-1.62121439,0,0,-2,0.003397171153,-0.01291368157,0.0024721222,0,0,0,0.3789244401,0.01357996066,0.04222719638,-0.00695220707,-0.003301651916,-0.001474184915,-0.007840808725,-0.004831129013,-0.001854855371,0.7298627735,-0.0004968750739,-6.604870638e-05,0.000163927908,1,0,0,0
14.19035292,12.17026854,torque,hover,0.00874830503,0.005294505972,-1.621029735,0,0,-2,0.003100998932,-0.01286916714,0.002371782204,0,0,0,0.3791081992,0.01344830875,0.03966782084,-0.007085183635,-0.001656715176,-0.002130972454,-0.007605141797,-0.004847268677,-0.00178796854,0.7299041982,-0.0003593119696,-0.0002845432571,0.0008775958919,1,0,0,0
14.20036912,12.18028474,torque,hover,0.008854812011,0.005061395932,-1.620849729,0,0,-2,0.002736491384,-0.01277564187,0.00223988248,0,0,0,0.3792874289,0.01325603575,0.03803020444,-0.008453517221,-0.0005489681498,-0.000783461961,-0.007911322148,-0.004500536478,-0.001755188769,0.7299358662,-0.000193068284,-0.0003401726937,-0.0004719522043,1,0,0,0
14.21034241,12.19025803,torque,hover,0.008956738748,0.004831185099,-1.620674491,0,0,-2,0.002412695671,-0.01275806129,0.002053137869,0,0,0,0.3794619946,0.01314551647,0.0355171734,-0.00872812327,0.0009235466132,-0.0009288784931,-0.007898658805,-0.005049764581,-0.001717998991,0.7299519608,-0.0001110377353,-0.0006551413621,-0.0002990615039,1,0,0,0
14.22036505,12.20028067,torque,hover,0.009054111317,0.004603789654,-1.620504498,0,0,-2,0.002070837887,-0.01271337084,0.001841686084,0,0,0,0.37963141,0.01301191667,0.03350845573,-0.009856712073,0.0008392489399,-0.0007687243051,-0.007973185016,-0.005305632909,-0.001684142075,0.7299598647,5.921043831e-05,-0.0006754435116,-0.0004383765294,1,0,0,0
14.23035669,12.21027231,torque,hover,0.009197032079,0.00414298242,-1.620171905,0,0,-2,0.001448224764,-0.01254346222,0.001434718026,0,0,0,0.3799620136,0.01270803742,0.03012746794,-0.01093535684,0.001155607286,-0.0004758628493,-0.009360027396,-0.00699974436,-0.001613099448,0.7299770154,-0.0001577187652,-0.001061768437,-0.0006795380712,1,0,0,0
14.2403667,12.22028232,torque,hover,0.009262817912,0.003917338792,-1.620013595,0,0,-2,0.001161315246,-0.01247686706,0.001178097562,0,0,0,0.3801194728,0.01258605493,0.02838303329,-0.01181953587,0.0005050085019,-0.001731086639,-0.008705382302,-0.006908760608,-0.001547490954,0.7299692442,0.0001678938102,-0.0008998144926,0.0006427801247,1,0,0,0
14.25035429,12.23026991,torque,hover,0.009324635379,0.003694484709,-1.61986053,0,0,-2,0.0008187402273,-0.01245189458,0.0009141500923,0,0,0,0.3802717644,0.01251222141,0.02795598311,-0.0119695412,0.001577506773,-0.001073553576,-0.008695973649,-0.007274145599,-0.001498099997,0.7299576896,0.0002210079859,-0.001091045454,7.474733812e-06,1,0,0,0
14.26036406,12.24027967,torque,hover,0.009417619556,0.00326497783,-1.619603634,0,0,-2,0.0002637066355,-0.0122276796,0.0004648930626,0,0,0,0.3805269333,0.01223935518,0.02615350673,-0.01204140577,-0.002237494336,-0.001891782274,-0.009540648841,-0.007848196986,-0.001374546972,0.7299366849,-6.946842712e-06,-0.000655724228,0.0009393907707,1,0,0,0
14.27036119,12.2502768,torque,hover,0.00945916865,0.003054974601,-1.619481564,0,0,-2,-2.383551873e-06,-0.01210076176,0.0002551782527,0,0,0,0.3806482487,0.01210345226,0.0246256852,-0.01180910226,-0.004531777464,-0.001459132065,-0.008663347846,-0.0069230783,-0.001308610259,0.7299276567,0.0002128935384,-0.0001069711526,0.0005456729026,1,0,0,0
14.28037834,12.26029396,torque,hover,0.009497216903,0.002848068252,-1.619364023,0,0,-2,-0.0003137374297,-0.01201138552,-2.088274778e-05,0,0,0,0.3807650922,0.01201550038,0.02313088643,-0.01299047098,-0.006249887869,-0.00133350445,-0.008324891094,-0.006366506572,-0.001244008053,0.7299001538,0.0004774302347,0.0002432124422,0.0004648460451,1,0,0,0
14.29036427,12.27027988,torque,hover,0.009519318119,0.002638943261,-1.619257927,0,0,-2,-0.0005190898664,-0.01192032453,-0.0003116939915,0,0,0,0.3808701979,0.01193569203,0.02152424117,-0.01303832792,-0.008088781498,-0.000862753659,-0.007299963542,-0.005917791091,-0.001194255462,0.7298648223,0.0007278377096,0.0005658129476,1.935595425e-05,1,0,0,0
14.30036879,12.2802844,torque,hover,0.009556232952,0.002228885191,-1.619059563,0,0,-2,-0.001041808166,-0.01166202594,-0.0008584653842,0,0,0,0.3810668003,0.01173989676,0.01887124743,-0.01276192069,-0.008674717508,-0.001308790292,-0.008357691861,-0.005460105018,-0.001100910939,0.7297978862,0.0003598016316,0.00064839217,0.0005523321514,1,0,0,0
14.31034279,12.29025841,torque,hover,0.009570243768,0.002028788906,-1.618962049,0,0,-2,-0.001312201843,-0.01154683996,-0.001095537911,0,0,0,0.3811635152,0.01167268564,0.01778692145,-0.0133529054,-0.009934411384,-0.00171306706,-0.007711851664,-0.004585243949,-0.001030013508,0.7297730191,0.0006145256027,0.0009795696694,0.001013887195,1,0,0,0
14.32036901,12.30028462,torque,hover,0.009565530345,0.001839536126,-1.618868947,0,0,-2,-0.001605069265,-0.01139543019,-0.001354934531,0,0,0,0.3812555086,0.01158740369,0.01729704107,-0.01217573602,-0.009490625933,-0.001176189282,-0.007565655776,-0.003407348523,-0.0009726245632,0.7297408494,0.0004964464274,0.001130239169,0.00050960723,1,0,0,0
14.33035493,12.31027055,torque,hover,0.00955835171,0.001653314801,-1.618780017,0,0,-2,-0.001846061321,-0.01127943769,-0.001566371298,0,0,0,0.3813433768,0.01153634154,0.01737972317,-0.01179004088,-0.009124687873,-0.001341645955,-0.007080668113,-0.002749560082,-0.0009080001052,0.7297193711,0.000565159425,0.001160460898,0.000722603767,1,0,0,0
14.34035993,12.32027555,torque,hover,0.009548909031,0.001470134943,-1.618695259,0,0,-2,-0.002051562769,-0.01110919099,-0.001840430661,0,0,0,0.3814271207,0.01144596957,0.01900304036,-0.01161516365,-0.009075533599,-0.0002275590523,-0.006355771907,-0.001717407306,-0.0008749075939,0.7296804918,0.00070785497,0.001319229699,-0.0003906012262,1,0,0,0
14.35036206,12.33027768,torque,hover,0.009522404522,0.001112046186,-1.618536353,0,0,-2,-0.002502829768,-0.01075668354,-0.002332519274,0,0,0,0.3815841018,0.01128765005,0.02307290039,-0.009784131311,-0.007894742303,-0.0002862388792,-0.007490845109,-0.0004669893024,-0.000779913426,0.7296130631,0.0001151950323,0.001305752141,-0.0002507776567,1,0,0,0
14.36037326,12.34028888,torque,hover,0.009505137801,0.0009368376923,-1.618461728,0,0,-2,-0.002693311544,-0.0106286779,-0.002540773246,0,0,0,0.3816578025,0.01125514326,0.02465721031,-0.01040224452,-0.006462718826,-0.000253779348,-0.006594106593,-0.000106494808,-0.0007521714423,0.7295872236,0.0004384149284,0.001117863569,-0.0002718257729,1,0,0,0
14.37038803,12.35030365,torque,hover,0.009486144409,0.0007639658288,-1.618390679,0,0,-2,-0.002923412714,-0.01048967429,-0.002730177715,0,0,0,0.3817279714,0.01122646333,0.02559082514,-0.009896712378,-0.005219425075,-0.0008438912919,-0.006250042028,0.0003042266434,-0.000706669469,0.7295648473,0.0004570822455,0.0009793774448,0.000358814287,1,0,0,0
14.380373,12.36028862,torque,hover,0.009464805946,0.0005937744863,-1.618312836,0,0,-2,-0.003153473139,-0.01038185041,-0.00300301984,0,0,0,0.3818049587,0.01125812325,0.02501598871,-0.008004615083,-0.003152923891,-0.001617534901,-0.006137023075,0.0003068715315,-0.0006485070502,0.7295238005,0.0002299871522,0.0006442011548,0.001185781932,1,0,0,0
14.39036512,12.37028074,torque,hover,0.009421028197,0.0002892176562,-1.618185282,0,0,-2,-0.003571890993,-0.009980596602,-0.003425918519,0,0,0,0.3819310389,0.01114036047,0.02632162341,-0.007716550957,-0.0003561414778,-2.725550803e-05,-0.007364355335,0.001516854051,-0.0006162966853,0.7294625529,-0.0001276801308,0.0004926783665,-0.0004031820114,1,0,0,0
14.40036941,12.38028502,torque,hover,0.00939615164,0.0001415006554,-1.618126869,0,0,-2,-0.003779019229,-0.00977886375,-0.003634975525,0,0,0,0.3819887377,0.01109595465,0.02590245963,-0.007555702701,0.001839991543,-3.386002209e-05,-0.006751034674,0.002018864842,-0.0006082674748,0.7294305992,3.337100826e-05,0.000271488557,-0.0003979080737,1,0,0,0
14.41034317,12.39025879,torque,hover,0.009369218722,-3.35882055e-06,-1.618072391,0,0,-2,-0.003995822277,-0.009576717392,-0.003889051266,0,0,0,0.3820425122,0.01108173413,0.02509406205,-0.007319982164,0.002745763632,-4.205137157e-05,-0.006414819899,0.002379488422,-0.0005998602695,0.7293858042,0.0001026588224,0.000200412182,-0.000387126117,1,0,0,0
14.42037106,12.40028667,torque,hover,0.009331792593,-0.0002725188388,-1.617976308,0,0,-2,-0.004378600977,-0.009189637378,-0.004297081381,0,0,0,0.3821377474,0.01104927554,0.02151290702,-0.0069678328,0.007225765381,6.369155744e-05,-0.00721358297,0.00241360164,-0.0006004985217,0.7293169791,-0.0001634941171,-0.0003870272858,-0.0004945869093,1,0,0,0
14.43035769,12.41027331,torque,hover,0.009310062043,-0.0004030937853,-1.617922068,0,0,-2,-0.004543849267,-0.009004803374,-0.004556236323,0,0,0,0.3821915569,0.01106762573,0.01936872879,-0.006145435851,0.007539573126,-0.0004735854454,-0.006334847799,0.002189230549,-0.0005903860121,0.7292708445,-3.586705618e-05,-0.0004903690995,5.343566074e-05,1,0,0,0
14.44036603,12.42028165,torque,hover,0.009286670946,-0.0005317258183,-1.617871642,0,0,-2,-0.004685061518,-0.008849513717,-0.00477523962,0,0,0,0.3822415557,0.01109353902,0.01691855533,-0.005707436241,0.009052973241,-0.0005603524623,-0.005541202891,0.001600239773,-0.0005786357671,0.7292335316,0.0001044340681,-0.0008334795967,0.0001443274977,1,0,0,0
14.45036626,12.43028188,torque,hover,0.009261578321,-0.0006581303896,-1.61782527,0,0,-2,-0.004820995964,-0.008721797727,-0.005036090501,0,0,0,0.3822875023,0.01116574965,0.01536037912,-0.007207534276,0.009340387769,-0.001566362567,-0.004858755895,0.0008054318352,-0.0005462631961,0.7291841497,0.0004644263549,-0.001037855484,0.001189384274,1,0,0,0
14.46038961,12.44030523,torque,hover,0.009261578321,-0.0006581303896,-1.61782527,0,0,-2,-0.004820995964,-0.008721797727,-0.005036090501,0,0,0,0.3822875023,0.01116574965,0.01536037912,-0.007207534276,0.009340387769,-0.001566362567,-0.00328619423,0.0007161279769,-0.0005506570027,0.7291841497,0.0008464572527,-0.001089619427,0.001179358685,1,0,0,0
14.47033286,12.45024848,torque,hover,0.009200857952,-0.0009920119774,-1.617741823,0,0,-2,-0.00518873008,-0.008177178912,-0.005714247935,0,0,0,0.3823701788,0.01124463447,0.01798941317,-0.006414321717,0.008625999093,-0.0007616366493,-0.004568165941,0.0006417124972,-0.0004963863981,0.7290422056,0.0002937240946,-0.0008597450436,0.0004114226296,1,0,0,0
14.48035455,12.46027017,torque,hover,0.009177505039,-0.001099054003,-1.617720723,0,0,-2,-0.005297510885,-0.008084699512,-0.005901868455,0,0,0,0.3823910041,0.01132510658,0.01995563871,-0.005975587294,0.006779614836,3.235479016e-05,-0.003839688574,-0.0003105351731,-0.0005145974042,0.7290022449,0.0003980821372,-0.0008189434924,-0.0004124596702,1,0,0,0
14.49035811,12.47027373,torque,hover,0.009160383604,-0.001193144592,-1.617718339,0,0,-2,-0.005365150981,-0.007960098796,-0.006100158207,0,0,0,0.3823932591,0.01137365148,0.02206222344,-0.005781499669,0.005056935828,-0.0001391199912,-0.002833084542,-0.0006745160405,-0.0005286821856,0.7289527908,0.0005864874138,-0.0006536621636,-0.0002502788383,1,0,0,0
14.50038314,12.48029876,torque,hover,0.009141919203,-0.001285442035,-1.617735028,0,0,-2,-0.005456294399,-0.007791283075,-0.006331983488,0,0,0,0.3823764319,0.01142669048,0.02244308252,-0.004497718532,0.002741982462,-0.001173002878,-0.00227724299,-0.000470485028,-0.0005149745104,0.7288879024,0.0005072668109,-0.0002833897525,0.0008127460873,1,0,0,0
14.51033568,12.4902513,torque,hover,0.00910168048,-0.001465534675,-1.617775202,0,0,-2,-0.005552958231,-0.007439979818,-0.006685400847,0,0,0,0.3823359579,0.01144042085,0.02246004082,-0.003198602702,-0.001116287662,-0.0006358012324,-0.001900091025,0.0004789680833,-0.000507986841,0.728783636,0.0003586151276,0.0004552205265,0.000273607755,1,0,0,0
14.5203557,12.50027132,torque,hover,0.009070976637,-0.00153925654,-1.617816448,0,0,-2,-0.005639478564,-0.00721529033,-0.006848525722,0,0,0,0.3822942835,0.01143531537,0.02043337786,-0.002045806265,-0.002430690918,-0.00200679712,-0.001680792716,0.001417618249,-0.0004790531977,0.7287272445,0.0002295305972,0.0007989291074,0.001690866144,1,0,0,0
14.53035259,12.51026821,torque,hover,0.009039606899,-0.001611015061,-1.617859006,0,0,-2,-0.005680372939,-0.007018550765,-0.006985869724,0,0,0,0.3822512907,0.01141617569,0.01954631994,-0.001632873318,-0.00262089842,-0.0004756191338,-0.001208159038,0.001981994663,-0.0004925046114,0.7286769367,0.0002629611927,0.0008864170715,0.0001201404669,1,0,0,0
14.5403583,12.52027392,torque,hover,0.00900739152,-0.001681122929,-1.617902637,0,0,-2,-0.005746292416,-0.006841482129,-0.00709817186,0,0,0,0.382207214,0.01141095079,0.01830569654,-0.0003019877768,-0.00489401212,0.0002113563969,-0.001172263758,0.002496448083,-0.0005252811042,0.7286325932,6.776900256e-05,0.001243819289,-0.0006027850116,1,0,0,0
14.55034947,12.53026509,torque,hover,0.008935658261,-0.001800082508,-1.618018389,0,0,-2,-0.005861981772,-0.006459925324,-0.007403532043,0,0,0,0.3820903527,0.01144140517,0.01755371974,0.001783915795,-0.003957757726,-0.0003645608376,-0.002022208944,0.004516354166,-0.0005559867492,0.7285130826,-0.0004203470859,0.001465721074,-3.618357389e-05,1,0,0,0
14.56035542,12.54027104,torque,hover,0.008896732703,-0.001849572756,-1.618089795,0,0,-2,-0.005886688828,-0.006314556114,-0.007431923877,0,0,0,0.3820182945,0.01139123421,0.01810078115,0.001535206102,-0.002252451377,0.0005144117167,-0.001763418016,0.004530015859,-0.0005976204461,0.7284799615,-0.0003126298691,0.001139798474,-0.0009643819129,1,0,0,0
14.57035065,12.55026627,torque,hover,0.008857231587,-0.001897918992,-1.618161082,0,0,-2,-0.005943340249,-0.006139902398,-0.007510052063,0,0,0,0.3819463467,0.01137640439,0.01880244583,0.002416527364,-0.001490298659,0.0003844856692,-0.001917319287,0.004858843831,-0.0006350665022,0.7284342506,-0.0004614787531,0.001038768693,-0.0008600434566,1,0,0,0
14.58036113,12.56027675,torque,hover,0.008776146919,-0.001984199276,-1.618321538,0,0,-2,-0.006087483373,-0.005622549448,-0.007721525151,0,0,0,0.3817845023,0.01132662645,0.02173320724,0.001600089599,0.002047209535,-0.0002970177738,-0.003117428613,0.007537779017,-0.0006695117014,0.728322262,-0.0005961195612,0.001113037276,-0.0001884008115,1,0,0,0
14.59034896,12.57026458,torque,hover,0.008734635077,-0.00202135602,-1.618409872,0,0,-2,-0.006169212516,-0.005375550129,-0.0077572749,0,0,0,0.3816954355,0.01127523996,0.02297132691,0.002594067482,0.003611145541,-0.0007342268946,-0.00332468556,0.007820815097,-0.0006860839043,0.7282810806,-0.0007523299886,0.0008761519484,0.0002426305865,1,0,0,0
14.60036111,12.58027673,torque,hover,0.008692387491,-0.002056976315,-1.618497849,0,0,-2,-0.00625888072,-0.005181929562,-0.007854793221,0,0,0,0.381606709,0.01130149364,0.02289676947,0.002848785603,0.006716174074,-3.926814315e-06,-0.003698633007,0.00747673441,-0.0007224767832,0.7282243958,-0.0008417071544,0.000303261742,-0.0005288372828,1,0,0,0
14.61034298,12.5902586,torque,hover,0.00864934735,-0.0020910725,-1.618585944,0,0,-2,-0.006343497895,-0.004951844458,-0.007956043817,0,0,0,0.3815178446,0.01131633166,0.02299907019,0.002201469149,0.008037597872,-0.0006599756307,-0.003973692279,0.007450475107,-0.0007403762757,0.728166708,-0.0007835059663,8.025756418e-05,0.0001259187481,1,0,0,0
14.62037659,12.60029221,torque,hover,0.008584608324,-0.002123260405,-1.618752003,0,0,-2,-0.00648403354,-0.004668973386,-0.008124773391,0,0,0,0.3813505463,0.01139534756,0.02016477875,0.0009310010937,0.01213312615,-8.149488713e-05,-0.004904261881,0.007106296192,-0.0007918146447,0.7280636506,-0.0007860699144,-0.0005098156256,-0.000499981498,1,0,0,0
14.63036227,12.61027789,torque,hover,0.008551279083,-0.002138510812,-1.618834972,0,0,-2,-0.006508816965,-0.004502325784,-0.008142662235,0,0,0,0.3812669352,0.01135511268,0.01905579306,0.0003670757869,0.01352879871,0.0002196240821,-0.0044005065,0.006249777945,-0.000837613334,0.7280289994,-0.0005610996472,-0.0008996105796,-0.0008419544575,1,0,0,0
14.64037633,12.62029195,torque,hover,0.008517499082,-0.002152834553,-1.618917465,0,0,-2,-0.006553844083,-0.00433139829,-0.008172352798,0,0,0,0.3811837888,0.01133583846,0.01828969078,-0.001220429433,0.01420738269,-0.0002532726503,-0.004129148695,0.005512922001,-0.0008688358868,0.7279915214,-0.0002699338184,-0.001140053731,-0.0003827571139,1,0,0,0
14.65036726,12.63028288,torque,hover,0.008484357968,-0.002146285959,-1.619012713,0,0,-2,-0.006593083963,-0.004186400678,-0.008246189915,0,0,0,0.3810877896,0.01135756818,0.01860988977,-0.001226294786,0.01539282408,0.0003968343372,-0.003882735864,0.004766998109,-0.0009182393982,0.7279382291,-0.0002149538501,-0.001437002297,-0.001081130054,1,0,0,0
14.66039777,12.64031339,torque,hover,0.0084161954,-0.002132578054,-1.619202018,0,0,-2,-0.006781933364,-0.003910094965,-0.008297399618,0,0,0,0.380896946,0.01140746699,0.02292511377,-0.002174351597,0.01528155617,7.037272735e-05,-0.005057940069,0.004568104086,-0.001011963867,0.7278565051,-0.0003721679294,-0.001319991358,-0.0008140554446,1,0,0,0
14.67037272,12.65028834,torque,hover,0.008380400017,-0.00212519872,-1.619273424,0,0,-2,-0.006898388267,-0.003730371362,-0.008320046589,0,0,0,0.3808247276,0.01143357365,0.02481946177,-0.003547444474,0.01363762002,-0.0006237205234,-0.005161369199,0.004117809225,-0.001034158691,0.7278247965,-0.0001962720982,-0.001172890953,-0.0001216875986,1,0,0,0
14.68037081,12.66028643,torque,hover,0.008329793811,-0.002090006601,-1.61935842,0,0,-2,-0.006931099109,-0.003599398071,-0.008332796395,0,0,0,0.3807384479,0.01142065222,0.02648466216,-0.003092241241,0.01229137834,-0.0003451305383,-0.004735419773,0.003581241869,-0.001064075714,0.727790695,-0.0001545645726,-0.001090978991,-0.0004275478839,1,0,0,0
14.6903615,12.67027712,torque,hover,0.00827897992,-0.002055407036,-1.61944294,0,0,-2,-0.006984198466,-0.003509632545,-0.008330239914,0,0,0,0.3806526531,0.01142319771,0.0279144615,-0.004495583475,0.01050086785,-0.0006182835205,-0.004537704851,0.002861892558,-0.001078769133,0.7277606586,7.919204334e-05,-0.000991613506,-0.0001585141312,1,0,0,0
14.70037675,12.68029237,torque,hover,0.008176575415,-0.001987373689,-1.619609714,0,0,-2,-0.007091708016,-0.003230599919,-0.008225121535,0,0,0,0.3804833453,0.01133056586,0.02743954697,-0.005215839483,0.005944300909,-0.00157209055,-0.004909180228,0.004111559224,-0.001059880855,0.7277267555,5.474885024e-05,-1.500721472e-05,0.0008303005149,1,0,0,0
14.71034503,12.69026065,torque,hover,0.008125172928,-0.001953684725,-1.619691849,0,0,-2,-0.007139044348,-0.003099531401,-0.008168329485,0,0,0,0.3803999543,0.01128249333,0.02602751367,-0.00672108354,0.003189374227,-0.0005424264818,-0.004407684956,0.003917927159,-0.001075193572,0.7277113461,0.0003702191261,0.0002742787501,-0.0002276676813,1,0,0,0
14.72035861,12.70027423,torque,hover,0.008060224354,-0.001885216101,-1.619788766,0,0,-2,-0.007221338805,-0.002990075853,-0.008136094548,0,0,0,0.3803013329,0.01128203538,0.02397090425,-0.007093533408,0.0005897418014,-0.0004552692699,-0.004371488798,0.004184907408,-0.001091447899,0.7276843476,0.0004089556728,0.000643304662,-0.0003265197925,1,0,0,0
14.73035169,12.71026731,torque,hover,0.007995357737,-0.001817822806,-1.619884253,0,0,-2,-0.007257347461,-0.002851774916,-0.008019996807,0,0,0,0.3802041711,0.01118579729,0.02185825403,-0.007281560916,0.0004097741621,-5.804975444e-05,-0.003881807951,0.004686376307,-0.001116400026,0.7276791333,0.0005265150752,0.0007250879452,-0.0007494288028,1,0,0,0
14.74036503,12.72028065,torque,hover,0.007866866887,-0.00168521225,-1.62009275,0,0,-2,-0.007299157325,-0.002531863283,-0.007842498831,0,0,0,0.3799924295,0.01100876093,0.01874714684,-0.006804766133,-0.002646228764,-0.0003416060936,-0.003528963423,0.007758058982,-0.001137690976,0.7276484835,0.0004655505668,0.00176832345,-0.0004728560765,1,0,0,0
14.75035572,12.73027134,torque,hover,0.007792979944,-0.001583998441,-1.620198131,0,0,-2,-0.007366001606,-0.002397280186,-0.007790873293,0,0,0,0.3798851137,0.01098647526,0.0190537321,-0.006481190678,-0.001846716274,-0.001370690414,-0.003415954171,0.008266327911,-0.00112296116,0.7276233196,0.0004294550746,0.001651344479,0.0005850972522,1,0,0,0
14.76037288,12.7402885,torque,hover,0.007719571702,-0.00148439093,-1.6203022,0,0,-2,-0.007373595145,-0.002241936512,-0.007766058668,0,0,0,0.3797791652,0.01094110835,0.0206055485,-0.006601992995,-0.001073317602,-0.001367410412,-0.002764755911,0.008866168969,-0.001098399094,0.7275918343,0.0005783297887,0.001572899043,0.0005982907659,1,0,0,0
14.7703402,12.75025582,torque,hover,0.007575226016,-0.001288775587,-1.620506525,0,0,-2,-0.007320059929,-0.001941653434,-0.007691147737,0,0,0,0.3795712615,0.0107938431,0.02579397732,-0.005663627759,0.001422435162,-0.001528615947,-0.00192056271,0.01165705778,-0.00104768052,0.7275366667,0.0005774061892,0.001767106225,0.0007986897236,1,0,0,0
14.78035641,12.76027203,torque,hover,0.007501467131,-0.001167153707,-1.620607495,0,0,-2,-0.007293274626,-0.001755377976,-0.007676715031,0,0,0,0.3794684531,0.01073336668,0.02897641244,-0.006230741274,0.003340998664,-0.001541693578,-0.001124581271,0.01203299352,-0.001016131827,0.7275036657,0.0008080095711,0.001466924986,0.0008339317223,1,0,0,0
14.79035187,12.77026749,torque,hover,0.007428543177,-0.001047001337,-1.620712996,0,0,-2,-0.007293737959,-0.001564676641,-0.007571955677,0,0,0,0.3793611883,0.01062926805,0.03179779039,-0.006606020033,0.005540049635,-0.001161372988,-0.0006463886685,0.01236150318,-0.0009933908172,0.7274919304,0.0009256392848,0.001140886917,0.0004629468378,1,0,0,0
14.80036759,12.78028321,torque,hover,0.007356661838,-0.0009280455415,-1.620816708,0,0,-2,-0.00724992808,-0.001356040593,-0.007488769479,0,0,0,0.3792557857,0.01051104046,0.03420097406,-0.007033253089,0.008821463212,-0.0008031924954,0.0002076149252,0.01260652649,-0.000979655189,0.7274753836,0.001131031783,0.0006704587774,0.0001077506275,1,0,0,0
14.81034684,12.79026246,torque,hover,0.007210691459,-0.0006739804521,-1.621019363,0,0,-2,-0.007238382939,-0.001037268201,-0.00724174222,0,0,0,0.3790498269,0.01029140142,0.03476342084,-0.006285843439,0.01455345005,-0.001702378388,0.0005122123683,0.01437453395,-0.0008990613446,0.7274645156,0.0009926105304,0.0003140038397,0.001083999093,1,0,0,0
14.82036376,12.80027938,torque,hover,0.007136743516,-0.0005392556777,-1.621118188,0,0,-2,-0.007175689563,-0.0008682750631,-0.007151558995,0,0,0,0.3789494049,0.0101680489,0.03451960926,-0.004718238954,0.01629861258,-0.001199457329,0.00131581964,0.01351275907,-0.0008651994092,0.7274515535,0.0009207969487,-0.0001842655048,0.0005933994655,1,0,0,0
14.83035707,12.81027269,torque,hover,0.007064095233,-0.0004063523083,-1.621215224,0,0,-2,-0.007133533712,-0.0007323962054,-0.007033723406,0,0,0,0.3788508584,0.0100447485,0.03294583714,-0.004316829611,0.02005436085,-0.001138801919,0.001778080394,0.01231324028,-0.0008314648572,0.7274462668,0.0009283593082,-0.000996457621,0.000554720494,1,0,0,0
14.84036565,12.82028127,torque,hover,0.006992506795,-0.0002752965374,-1.621310115,0,0,-2,-0.007107280195,-0.0005993415834,-0.006871947553,0,0,0,0.378754538,0.009904357893,0.03109673559,-0.003292425768,0.02173305862,-0.001173267839,0.001996893506,0.01115229422,-0.0007958763604,0.7274529038,0.0007961578344,-0.00146957505,0.0006140814343,1,0,0,0
14.85035491,12.83027053,torque,hover,0.006830268074,4.08922424e-05,-1.62150526,0,0,-2,-0.007103885524,-0.0002009729651,-0.006599881221,0,0,0,0.3785563658,0.009698660309,0.02779298207,-0.000876836828,0.02329696715,-0.001074365573,0.00147492472,0.01304992782,-0.0007048506142,0.7274511812,0.0003008779664,-0.001047686844,0.0005789415579,1,0,0,0
14.86036825,12.84028387,torque,hover,0.006750649773,0.0001959987567,-1.621604443,0,0,-2,-0.007106552832,-7.252452633e-05,-0.006562611554,0,0,0,0.3784558198,0.009673480416,0.02658373308,-0.0001377988083,0.02312240377,-0.0007519700448,0.001317562019,0.01144788803,-0.0006716220509,0.7274247042,0.0001614737423,-0.001407417621,0.0002722762496,1,0,0,0
14.87035322,12.85026884,torque,hover,0.006671857089,0.0003490363015,-1.621701837,0,0,-2,-0.007154459134,9.268565918e-05,-0.006433244795,0,0,0,0.378357154,0.009621928846,0.02549584105,0.0004371160758,0.02157229371,-0.0001222763531,0.0007966788786,0.01050386686,-0.0006554847667,0.7274222302,-3.091584098e-05,-0.001396999186,-0.0003593147376,1,0,0,0
14.88036275,12.86027837,torque,hover,0.006576573476,0.0005197016289,-1.621798158,0,0,-2,-0.007151091006,0.0001762350876,-0.006205185782,0,0,0,0.3782593752,0.00946960886,0.02528990082,0.001868542051,0.02025615051,0.001153224846,0.0004813551686,0.009208156836,-0.0006743921185,0.7274451715,-0.0002793600139,-0.001491577562,-0.001674461463,1,0,0,0
14.89035296,12.87026858,torque,hover,0.006482656579,0.0006875544204,-1.621891737,0,0,-2,-0.00714512961,0.0002760068164,-0.006047794595,0,0,0,0.3781644565,0.009365088167,0.02530366424,0.00219310401,0.01910010725,0.0002467702725,0.0002117089696,0.008277404003,-0.0006588884243,0.7274511914,-0.0003570484549,-0.001510329515,-0.0007406490043,1,0,0,0
14.90036178,12.8802774,torque,hover,0.006389999762,0.0008525786689,-1.621982932,0,0,-2,-0.007161307149,0.0003252951137,-0.005923624616,0,0,0,0.3780720336,0.009299433616,0.0256993747,0.002629506402,0.0172591228,0.0007775544073,-0.0002986493041,0.00712801788,-0.0006581424226,0.7274496507,-0.0005018982435,-0.001479935745,-0.001281552234,1,0,0,0
14.9103446,12.89026022,torque,hover,0.006193445995,0.00120336446,-1.622166634,0,0,-2,-0.007180254906,0.0005178315332,-0.005722167902,0,0,0,0.3778860405,0.009196054345,0.02405326624,0.00355196395,0.01298337709,-0.0006724237464,-0.001756050325,0.008862728472,-0.0005683109842,0.7274342421,-0.0009039349686,-0.0003568992221,0.0002576887636,1,0,0,0
14.92034745,12.90026307,torque,hover,0.006089971401,0.001388734905,-1.622258902,0,0,-2,-0.007153680548,0.0005677625886,-0.005641418509,0,0,0,0.3777927392,0.009128148911,0.02307477223,0.002276551444,0.01065661106,-0.0009353120113,-0.00174200938,0.00794762731,-0.0005062498853,0.7274213268,-0.0006658425985,-0.0002845405342,0.0005738994014,1,0,0,0
14.93035746,12.91027308,torque,hover,0.005987951998,0.001570625347,-1.622349024,0,0,-2,-0.007146436255,0.0006537027075,-0.00550218299,0,0,0,0.3777017107,0.009042836725,0.02079040323,0.001790036797,0.00798481144,-0.000586453767,-0.001886074215,0.007685253837,-0.0004538939842,0.7274240332,-0.0005878155509,-4.58174395e-06,0.0002585555167,1,0,0,0
14.94034171,12.92025733,torque,hover,0.005784013774,0.001942026429,-1.622506857,0,0,-2,-0.007100009825,0.0008435554337,-0.005281992257,0,0,0,0.3775424471,0.008889385102,0.01471980528,0.0004146907886,0.004780297168,-0.0003035729169,-0.002470278172,0.01036179431,-0.0003910636015,0.7274228117,-0.0004919007612,0.00105198506,1.8329886e-05,1,0,0,0
14.95035839,12.93027401,torque,hover,0.005681884009,0.00213089888,-1.622575521,0,0,-2,-0.00711202994,0.0009030469228,-0.005157534964,0,0,0,0.3774732594,0.008831570105,0.01084827481,4.511739098e-05,0.00279800361,-0.0003958654415,-0.002653351896,0.009872921042,-0.0003390060059,0.7274295579,-0.0004487598955,0.001108622666,0.0001512498084,1,0,0,0
14.96036983,12.94028544,torque,hover,0.005581238307,0.002316601109,-1.622642159,0,0,-2,-0.007084560581,0.0009600118501,-0.005006050691,0,0,0,0.3774062224,0.008727723924,0.007565561293,-0.00219548936,0.002587451832,-0.0001868861291,-0.002369692553,0.009538956077,-0.0002915779827,0.7274438909,-5.044335006e-05,0.0009761787097,-2.337038662e-05,1,0,0,0
14.9703393,12.95025492,torque,hover,0.005384338554,0.002678086516,-1.622765303,0,0,-2,-0.007048877422,0.00101025356,-0.004710435402,0,0,0,0.3772826263,0.008537885384,0.00383825829,-0.003308922518,0.004684773274,-0.00110607734,-0.002696317465,0.01100273068,-0.000166461402,0.7274743514,1.523658024e-05,0.0009837876986,0.001003614017,1,0,0,0
14.98034859,12.96026421,torque,hover,0.005284867249,0.002862127963,-1.622808695,0,0,-2,-0.007021008059,0.001082410221,-0.004588203039,0,0,0,0.3772391845,0.008456818148,0.004285507272,-0.004116047174,0.00551296724,-6.538679372e-06,-0.002248977958,0.01057688216,-0.0001235319583,0.7274896973,0.0002369885094,0.0006987437612,-8.331206254e-05,1,0,0,0
14.99034762,12.97026324,torque,hover,0.005187113769,0.003043298842,-1.622850776,0,0,-2,-0.006968611386,0.001167966519,-0.004470130429,0,0,0,0.3771971702,0.008361085843,0.006362361429,-0.003978834953,0.005415308755,-0.001047068741,-0.001655841978,0.01039961183,-4.789655567e-05,0.7275044684,0.0003489728032,0.0006219645184,0.0010321724,1,0,0,0
15.00038266,12.98029828,torque,hover,0.00509092724,0.003221620806,-1.622891426,0,0,-2,-0.00694291899,0.00122714357,-0.004356343299,0,0,0,0.3771566954,0.008287806247,0.007996057281,-0.003744238988,0.006718887947,6.681828381e-05,-0.001416597267,0.01003421944,-4.086195201e-06,0.7275186691,0.0003571479976,0.000323812666,-7.094186262e-05,1,0,0,0
15.01036382,12.99027944,torque,hover,0.004996182863,0.003396713408,-1.622931242,0,0,-2,-0.006922480185,0.00122645637,-0.004313061945,0,0,0,0.3771171539,0.0082478743,0.00854771663,-0.00451407861,0.008924761787,0.0002361517982,-0.001256978158,0.009157879734,3.391237287e-05,0.7275152833,0.0004818536409,-0.0001925346299,-0.0002161072184,1,0,0,0
15.02036977,13.00028539,torque,hover,0.004789173603,0.003755834186,-1.622993231,0,0,-2,-0.006892355625,0.001231431379,-0.004023858346,0,0,0,0.377055893,0.008075421059,0.009186283717,-0.00361379236,0.01191192493,-0.001337134046,-0.001762212217,0.009851614586,0.0002030412156,0.7275663003,0.0001913841945,-0.0003577528777,0.001504695699,1,0,0,0
15.03036451,13.01028013,torque,hover,0.004687754903,0.003930428997,-1.623015404,0,0,-2,-0.00691294251,0.001261477126,-0.003877681447,0,0,0,0.3770342281,0.008025989789,0.009458170743,-0.00403223373,0.01218978316,-0.0006562889321,-0.001860684196,0.009038048116,0.0002673803858,0.7275954172,0.0002295082487,-0.0005764988482,0.0008576020256,1,0,0,0
15.04038835,13.02030396,torque,hover,0.004587837961,0.004101863131,-1.623036385,0,0,-2,-0.006872782484,0.001260911115,-0.003744824324,0,0,0,0.3770138471,0.007927720046,0.01069045158,-0.003412642516,0.01291731559,-0.001030025887,-0.001466401893,0.007992905452,0.0003425645568,0.7276215762,0.0002384712605,-0.0008918148797,0.001293106686,1,0,0,0
15.0503521,13.03026772,torque,hover,0.004472278524,0.004283526447,-1.623056293,0,0,-2,-0.006854480132,0.001274448005,-0.003612960922,0,0,0,0.3769945735,0.007852490193,0.01167454638,-0.003866913496,0.0121990284,-0.000142228906,-0.001453463987,0.007450573057,0.0003920613587,0.7276478863,0.0003010969066,-0.0008741745837,0.0004253809212,1,0,0,0
15.06037593,13.04029155,torque,hover,0.004247060511,0.004636392929,-1.623092771,0,0,-2,-0.006753892638,0.00126208819,-0.003362532239,0,0,0,0.3769596706,0.007649480729,0.01481448423,-0.002220800146,0.01298500132,-0.0001440708729,-0.001621330188,0.007873828207,0.0004866954875,0.7276983265,1.366005858e-05,-0.0007595275933,0.000493415348,1,0,0,0
15.07035208,13.0502677,torque,hover,0.004137568641,0.004807730205,-1.623109818,0,0,-2,-0.006711565424,0.001233812189,-0.003308044979,0,0,0,0.3769435547,0.007583572017,0.01659060802,-0.002494662767,0.0118913902,-0.0002816233318,-0.001399014139,0.006695773147,0.0005421237492,0.7277060382,0.0001142804477,-0.0008616724623,0.0006752423692,1,0,0,0
15.08037615,13.06029177,torque,hover,0.004016401712,0.004987832159,-1.623126745,0,0,-2,-0.006713352166,0.001243546954,-0.003196431324,0,0,0,0.376927659,0.007538745223,0.01700433661,-0.0008976855315,0.01094297972,-0.0007242246647,-0.001769330662,0.006252312835,0.0006079956541,0.7277283087,-0.0001809345106,-0.0008004976088,0.001171326209,1,0,0,0
15.09036016,13.07027578,torque,hover,0.003897050396,0.005164315458,-1.623142362,0,0,-2,-0.006711920723,0.001198797021,-0.003035756061,0,0,0,0.3769131687,0.007463431446,0.01812242289,-0.002195522189,0.009737713262,-0.0006454701652,-0.002029677919,0.005458969914,0.0006740309264,0.7277634717,-4.449158688e-05,-0.0007859595651,0.001139697839,1,0,0,0
15.10036421,13.08027983,torque,hover,0.003779541934,0.005337064154,-1.623133063,0,0,-2,-0.006677468773,0.001140519511,-0.00292388699,0,0,0,0.3769236755,0.00737824431,0.01948652314,-0.002109658206,0.009355114773,-8.785067621e-05,-0.001973543151,0.004656094842,0.0007242592104,0.7277952743,-2.809135083e-05,-0.0008805338384,0.0006090987449,1,0,0,0
15.11035919,13.09027481,torque,hover,0.003547554836,0.005688526668,-1.623117566,0,0,-2,-0.006543305703,0.001053559245,-0.002778359223,0,0,0,0.3769420558,0.00718638411,0.02055929299,-0.001192484051,0.006443271413,0.000404168386,-0.00217268003,0.005395125428,0.0007994768576,0.727837946,-0.0001875710137,-0.0002174567348,0.000163208191,1,0,0,0
15.12038755,13.10030317,torque,hover,0.003433016594,0.005867363885,-1.62311101,0,0,-2,-0.006479442585,0.001010534819,-0.002629016992,0,0,0,0.376950292,0.007065131788,0.02043401637,4.379830352e-05,0.005957401358,0.0005932555068,-0.001945951683,0.004883887574,0.0008335036824,0.7278782744,-0.0002839786383,-0.0002695606506,-3.425182958e-06,1,0,0,0
15.13039327,13.11030889,torque,hover,0.003320518415,0.006042217836,-1.623103857,0,0,-2,-0.0064473534,0.0009493041434,-0.00252924161,0,0,0,0.3769591978,0.00699046546,0.01942426048,0.000906042289,0.003985970281,0.001684440416,-0.002119853517,0.004454220465,0.0008353215983,0.7279062485,-0.0004220298131,-9.275881081e-05,-0.001113129658,1,0,0,0
15.14040446,13.12032008,torque,hover,0.003210044699,0.006213086192,-1.623096228,0,0,-2,-0.006435563322,0.000829725177,-0.002409219742,0,0,0,0.3769686465,0.006921651458,0.0190706046,0.0009873814415,0.003351414111,0.001358975773,-0.002514381177,0.003675041828,0.0008446536079,0.7279395024,-0.0004998323449,-0.0001797494506,-0.0007755093959,1,0,0,0
15.15035534,13.13027096,torque,hover,0.002979529556,0.006611523684,-1.623067379,0,0,-2,-0.006308360957,0.0007384344935,-0.002172542503,0,0,0,0.3770023748,0.006712722576,0.01641000244,-0.001163066947,0.000551090925,0.0009978356538,-0.002738241351,0.005897040583,0.0009012101889,0.7280101797,-0.0002373733057,0.000731662996,-0.0003645284006,1,0,0,0
15.16037083,13.14028645,torque,hover,0.002867631847,0.006804013625,-1.623047829,0,0,-2,-0.006242803764,0.0006624015514,-0.002057335805,0,0,0,0.3770244785,0.00660636097,0.01597585664,-0.002751576249,-0.0001598004019,0.0007295116084,-0.002362546879,0.005697680564,0.0009368658653,0.7280465622,7.938124974e-05,0.0007365198548,-6.209800702e-05,1,0,0,0
15.17035556,13.15027118,torque,hover,0.002757823095,0.006991881877,-1.62302804,0,0,-2,-0.006200647913,0.0005526694003,-0.001939083915,0,0,0,0.3770468813,0.0065202396,0.01626652262,-0.00210054568,-0.0009333853959,0.0002514677763,-0.002316215095,0.005367194139,0.0009838620543,0.7280837872,-4.712384549e-07,0.000728394003,0.0004586813181,1,0,0,0
15.18037915,13.16029477,torque,hover,0.002536159707,0.007405069657,-1.622968316,0,0,-2,-0.006053109188,0.0005812516902,-0.001870025881,0,0,0,0.3771129245,0.006361995061,0.02011053553,-0.003749438096,-0.00291529228,0.001199138118,-0.001964286359,0.00898260784,0.001066984837,0.7281232056,0.0002857766444,0.001782931535,-0.0004424106398,1,0,0,0
15.19037414,13.17028975,torque,hover,0.002428317675,0.00760509586,-1.622939229,0,0,-2,-0.006013307255,0.0005019461969,-0.00176415348,0,0,0,0.377145276,0.006286815698,0.02299161991,-0.005362235475,-0.001859196811,0.0003267794673,-0.001743192341,0.008682058088,0.001116020049,0.7281606762,0.0005416816658,0.001466593209,0.0004823062767,1,0,0,0
15.20037174,13.18028736,torque,hover,0.002322317567,0.007800436579,-1.622909904,0,0,-2,-0.005955271889,0.0004490179417,-0.00164406409,0,0,0,0.3771779167,0.006194338311,0.02616353161,-0.005753913894,-0.001575018512,0.001011135988,-0.001323643188,0.008710790008,0.001145125087,0.7282018425,0.0006666972062,0.001360022397,-0.0001927411168,1,0,0,0
15.21036696,13.19028258,torque,hover,0.002218096517,0.008016694337,-1.622869611,0,0,-2,-0.005910059437,0.0004016985185,-0.001622459153,0,0,0,0.3772221067,0.006141867627,0.02982487139,-0.006488503423,-0.0005446847645,0.0006198642659,-0.0009740861906,0.009074979574,0.001183811944,0.7282220265,0.0008155710546,0.001242741563,0.0002342590122,1,0,0,0
15.22036576,13.20028138,torque,hover,0.002015070757,0.008434966207,-1.622773051,0,0,-2,-0.005797219928,0.0003284674021,-0.001614799374,0,0,0,0.3773266225,0.006026875372,0.03571624046,-0.005756665953,0.003397333901,0.0004018865293,-0.0006329542725,0.01118912879,0.00125213072,0.7282591748,0.0007204637321,0.001141035873,0.0005049612634,1,0,0,0
15.23037601,13.21029162,torque,hover,0.001916331705,0.008637363091,-1.622726798,0,0,-2,-0.005748305004,0.0003312453337,-0.001605594181,0,0,0,0.3773769273,0.00597751341,0.03774252978,-0.005267248023,0.006179692689,0.000693009235,-0.000222377265,0.01111420478,0.001295326749,0.7282784061,0.0007214286709,0.000681168973,0.0002395186048,1,0,0,0
15.24036551,13.22028112,torque,hover,0.001819169964,0.00883546751,-1.622681499,0,0,-2,-0.005735527724,0.000288575422,-0.001599181327,0,0,0,0.3774263192,0.005961286351,0.03837753403,-0.004378340673,0.007688934915,0.0006481016753,-0.0002461011127,0.01061968657,0.001336996652,0.7282965753,0.0005683176347,0.0003256594634,0.0003127681057,1,0,0,0
15.25034785,13.23026347,torque,hover,0.001709240954,0.009032088332,-1.622633457,0,0,-2,-0.005688598845,0.0002929459442,-0.001524969935,0,0,0,0.3774784865,0.005896737017,0.03786636078,-0.003684859956,0.01189417671,0.001567869913,-8.739978144e-05,0.01037630051,0.00135261214,0.7283329619,0.0004931415244,-0.0003141328665,-0.000613874442,1,0,0,0
15.26036644,13.24028206,torque,hover,0.001495509874,0.009413015097,-1.622539878,0,0,-2,-0.005572557915,0.000224333111,-0.001420052373,0,0,0,0.3775804354,0.00575502179,0.0349214876,-0.001798631274,0.01563361101,0.0006384662702,-0.0002690405351,0.01062330144,0.001440468385,0.7283937654,0.0001649077776,-0.0006695966353,0.0003925188236,1,0,0,0
15.27035046,13.25026608,torque,hover,0.001391734579,0.009597057477,-1.622492075,0,0,-2,-0.005476464517,0.0001514913165,-0.001369198435,0,0,0,0.3776324587,0.005647062739,0.03278654144,-0.001068033976,0.01775998995,3.24161665e-05,0.0001824496701,0.008984327277,0.001497708065,0.7284240991,0.0001739232219,-0.001318271711,0.001052857649,1,0,0,0
15.28036809,13.26028371,torque,hover,0.00127676595,0.00978878513,-1.62244153,0,0,-2,-0.005380894057,9.632165165e-05,-0.001424750779,0,0,0,0.3776875012,0.005567154884,0.03147555382,-0.000633537129,0.01782798953,-0.0001102510432,0.0004051423642,0.007825504657,0.001556870339,0.7284284616,0.0001647856095,-0.001535868329,0.001242270759,1,0,0,0
15.2903645,13.27028012,torque,hover,0.001164116897,0.009976199828,-1.622392535,0,0,-2,-0.005316881929,6.260668306e-05,-0.001400141977,0,0,0,0.3777410187,0.005498504396,0.0303063373,-8.579401765e-05,0.01741013862,0.001220105099,0.0003089382851,0.006987029992,0.001583899277,0.7284526014,6.593599004e-05,-0.001600563542,-9.366936855e-05,1,0,0,0
15.3003757,13.28029132,torque,hover,0.0009460495785,0.01033853367,-1.622297764,0,0,-2,-0.005139657296,-8.155147952e-05,-0.001435578917,0,0,0,0.3778448881,0.005337004271,0.03026654746,0.001617698465,0.01641511917,0.0003953281848,7.045107273e-06,0.006303209113,0.001657927231,0.7284781714,-0.0002256103991,-0.001445313838,0.0007982561953,1,0,0,0
15.31035924,13.29027486,torque,hover,0.0008309935802,0.01052549761,-1.622262001,0,0,-2,-0.005008761771,-0.0001566132414,-0.001412985846,0,0,0,0.3778855283,0.005206606494,0.03144382846,0.001540737343,0.01473912876,0.0006542836782,0.0003327591237,0.005144186277,0.001698332967,0.7284969573,-0.0001253476956,-0.001431436711,0.000567838559,1,0,0,0
15.32037067,13.30028629,torque,hover,0.0007183905691,0.01070786547,-1.622226715,0,0,-2,-0.004964468535,-0.0002669727837,-0.00140088331,0,0,0,0.3779256928,0.005165239234,0.03257068659,0.001752052573,0.01262389868,0.0005233115517,-0.0001964491276,0.003994720239,0.001742951736,0.7285129023,-0.0002684449653,-0.001350258462,0.0007304112952,1,0,0,0
15.33036184,13.31027746,torque,hover,0.0006077783182,0.01088552829,-1.622192383,0,0,-2,-0.004951316863,-0.0003941364703,-0.001392315025,0,0,0,0.3779648922,0.005158432259,0.03352303238,0.002316746861,0.009419664741,0.0004372818803,-0.0009517973639,0.003036073868,0.001787827551,0.728527599,-0.0005004882897,-0.001075155507,0.0008467498526,1,0,0,0
15.34036398,13.3202796,torque,hover,0.0003852615482,0.01123423595,-1.622140408,0,0,-2,-0.004761259072,-0.0006348370807,-0.001536377473,0,0,0,0.3780267558,0.005043120245,0.03435598078,0.002893976402,0.003948570229,0.001140026376,-0.001326783326,0.003032635341,0.001842153617,0.7285100499,-0.0006219293896,-0.0002426556883,0.0001719172256,1,0,0,0
15.350353,13.33026862,torque,hover,0.0002740116615,0.01140515413,-1.622120261,0,0,-2,-0.004659594968,-0.00078487664,-0.001554342685,0,0,0,0.3780519139,0.004974317821,0.03447560405,0.002137180418,0.002191934967,0.001277461532,-0.001257178535,0.002267241734,0.001868061645,0.728512846,-0.0004689116307,-0.0001715466886,5.424286308e-05,1,0,0,0
15.36036372,13.34027934,torque,hover,0.0001653014042,0.01157116145,-1.622100592,0,0,-2,-0.004560838919,-0.0009685878176,-0.001542262733,0,0,0,0.3780765556,0.004911006856,0.03434037253,0.002342847874,-0.0009941277094,0.001117474865,-0.001292958947,0.001540156715,0.001896958031,0.7285230625,-0.0004815796477,0.0001081907374,0.0002402535268,1,0,0,0
15.37035871,13.35027432,torque,hover,-5.178524589e-05,0.01190364081,-1.622056127,0,0,-2,-0.004438502714,-0.001249112305,-0.001582772238,0,0,0,0.3781312878,0.004875013421,0.03264069819,0.003424780443,-0.005686043296,0.00213126489,-0.002488019008,0.002540288345,0.001911393533,0.7285290394,-0.0008546315171,0.0009590730917,-0.0007853858281,1,0,0,0
15.38037324,13.36028886,torque,hover,-0.0001598210656,0.01207069028,-1.622031569,0,0,-2,-0.004330049269,-0.001381961396,-0.001628487604,0,0,0,0.3781611582,0.004828158639,0.03260853177,0.00360175455,-0.00635422254,0.001320766984,-0.002363845117,0.002720561982,0.001935945574,0.7285264054,-0.0008077133146,0.001058738292,6.129239497e-05,1,0,0,0
15.39034724,13.37026286,torque,hover,-0.0002654863056,0.01223281212,-1.62199831,0,0,-2,-0.004286381416,-0.001557251322,-0.001611352665,0,0,0,0.3781996692,0.004836791781,0.03383570807,0.004144087899,-0.007227063179,0.0006981238839,-0.002925746308,0.002678569882,0.001973593784,0.7285428325,-0.0009752330526,0.001134656765,0.000721939648,1,0,0,0
15.40037799,13.38029361,torque,hover,-0.0003690588928,0.01238999609,-1.621965766,0,0,-2,-0.00422015693,-0.001704377471,-0.001603712561,0,0,0,0.3782373994,0.004825610952,0.03528713883,0.00342339091,-0.006057445426,0.001144108828,-0.003170172694,0.002867671203,0.001998352871,0.7285565993,-0.000891327495,0.000989132317,0.0002866469194,1,0,0,0
15.41035223,13.39026785,torque,hover,-0.0004898466868,0.01255693752,-1.621931076,0,0,-2,-0.004110251553,-0.001833210583,-0.001587852603,0,0,0,0.3782777126,0.004772431745,0.0368856524,0.002466755919,-0.005544478539,0.001321213436,-0.003162664031,0.003336996552,0.002017549776,0.7285732417,-0.0007243827055,0.001005589984,0.0001220075524,1,0,0,0
15.42035937,13.40027499,torque,hover,-0.0007229039911,0.01287677698,-1.621864438,0,0,-2,-0.004022995941,-0.002130864421,-0.001635984634,0,0,0,0.3783554376,0.004837512299,0.04075992566,-0.0002222036273,-0.002671508119,0.00173633825,-0.004514100988,0.004275908907,0.002064434313,0.7285852711,-0.0006318987947,0.0007725805001,-0.0002733057824,1,0,0,0
15.43037081,13.41028643,torque,hover,-0.0008361206274,0.01302990038,-1.621832609,0,0,-2,-0.003991940059,-0.00221563736,-0.001665140851,0,0,0,0.3783927231,0.00485976629,0.04221274191,-0.001835592324,-0.0005272388225,0.001254762406,-0.004653269761,0.004697765379,0.002088455929,0.7285895018,-0.000414481676,0.0005614958643,0.0002346456507,1,0,0,0
15.44036841,13.42028403,torque,hover,-0.0009511858225,0.0131858252,-1.621806979,0,0,-2,-0.0039253328,-0.002332765143,-0.001688238932,0,0,0,0.3784240105,0.004868283218,0.04313999351,-0.002260666341,0.0007584442501,0.0008716266602,-0.004500070204,0.004738548243,0.002122893955,0.7285930007,-0.0003021455819,0.000386453245,0.0006514715555,1,0,0,0
15.45037222,13.43028784,torque,hover,-0.001063802629,0.01333724055,-1.621782184,0,0,-2,-0.003898046678,-0.002465274185,-0.001742018037,0,0,0,0.3784543966,0.004930210092,0.04327862538,-0.002743915422,0.003440754954,0.001816990669,-0.004681731288,0.004511418491,0.002130673765,0.7285884172,-0.0002667674155,-3.143341372e-05,-0.0003068583174,1,0,0,0
15.46038103,13.44029665,torque,hover,-0.001282886369,0.01362646837,-1.621728301,0,0,-2,-0.003867833177,-0.002745435806,-0.001739992178,0,0,0,0.3785192263,0.005052239506,0.04329385271,-0.00267424155,0.005989739671,0.0002566080366,-0.005729732478,0.004324565232,0.002167132479,0.7286085792,-0.0005244726517,-0.000381509488,0.001299917267,1,0,0,0
15.47036362,13.45027924,torque,hover,-0.001387399388,0.013778124,-1.621706009,0,0,-2,-0.003852831898,-0.00288728578,-0.001741043525,0,0,0,0.378547362,0.005119762237,0.04276993668,-0.00354132452,0.006641177461,0.001717222622,-0.00562427938,0.003861000627,0.002173913431,0.7286164608,-0.0003491411485,-0.0005466065894,-0.0001802202365,1,0,0,0
15.48037934,13.46029496,torque,hover,-0.001489943243,0.01392519288,-1.621684194,0,0,-2,-0.003806152148,-0.003005927429,-0.001742197084,0,0,0,0.3785749335,0.005153410964,0.0417914924,-0.003630349413,0.00750907883,0.002326884773,-0.005233336095,0.003524062303,0.002165946098,0.7286241496,-0.0002265418411,-0.0007043968857,-0.0008033199266,1,0,0,0
15.49036455,13.47028017,torque,hover,-0.001590030501,0.01406830549,-1.621663094,0,0,-2,-0.003798712976,-0.003120011184,-0.001759687089,0,0,0,0.3786017171,0.005221224829,0.04096042569,-0.00512612192,0.006952362601,0.002148926258,-0.00514689775,0.003268255233,0.002160252526,0.7286274471,5.29915301e-06,-0.0006446719716,-0.0006251926013,1,0,0,0
15.50036955,13.48028517,torque,hover,-0.001784077496,0.01434125286,-1.621623158,0,0,-2,-0.00367275672,-0.003383450443,-0.001823692,0,0,0,0.3786527283,0.005316270435,0.03999376584,-0.005817637779,0.006148098502,0.0005251094699,-0.004721036641,0.002867736708,0.002233457237,0.7286257947,0.0001622228207,-0.0005539532067,0.00108249814,1,0,0,0
15.51035595,13.49027157,torque,hover,-0.001872723806,0.01447160635,-1.62162447,0,0,-2,-0.00353945815,-0.003569571069,-0.001858106232,0,0,0,0.3786568055,0.005359305961,0.03898395405,-0.007181890775,0.005110596772,0.0009189212578,-0.003417684901,0.001843277151,0.002266259365,0.7286165827,0.0006359687254,-0.0006180024382,0.0007139950737,1,0,0,0
15.52037024,13.50028586,torque,hover,-0.001958979294,0.01459723897,-1.6216259,0,0,-2,-0.003489876864,-0.003733395599,-0.001863503712,0,0,0,0.3786606348,0.005439680994,0.0383500907,-0.008866647258,0.004444746301,0.001248947228,-0.002898069691,0.001242719124,0.002283260431,0.7286147163,0.0009421653871,-0.0006250596934,0.0003909129232,1,0,0,0
15.53037357,13.51028919,torque,hover,-0.002125155414,0.0148355579,-1.621629596,0,0,-2,-0.003315146547,-0.004053678829,-0.001941316063,0,0,0,0.3786671003,0.005584909734,0.03826488021,-0.009495129809,0.001066926518,0.000653820869,-0.001716267819,0.0006134702682,0.002330277645,0.7285936488,0.001190467471,-0.0002496163202,0.001032846977,1,0,0,0
15.54038692,13.52030253,torque,hover,-0.002206956968,0.01494764723,-1.621641874,0,0,-2,-0.003219132079,-0.004215353169,-0.001982025569,0,0,0,0.3786597075,0.005662193836,0.03878614695,-0.008019489236,-0.0006548247766,0.0008489114116,-0.0009126823196,0.0003215966934,0.002355224836,0.7285788641,0.00111216499,-5.557033851e-05,0.0008544027625,1,0,0,0
15.55037951,13.53029513,torque,hover,-0.002286293777,0.01505564339,-1.621654272,0,0,-2,-0.003089285456,-0.004369602073,-0.002059597289,0,0,0,0.378652069,0.005734025453,0.03957741398,-0.007581570651,-0.002185640158,0.001061312039,9.038083889e-05,0.0001817269573,0.002373212833,0.7285546767,0.001221608938,0.0001399461138,0.0006542365867,1,0,0,0
15.56038356,13.54029918,torque,hover,-0.0023629684,0.01515995525,-1.621667147,0,0,-2,-0.003024780424,-0.004493325017,-0.002118993551,0,0,0,0.3786438376,0.005816304668,0.04049661591,-0.006707606837,-0.002415800234,0.000895350473,0.0004147409506,0.0003873728572,0.00239248935,0.7285349624,0.001109725607,0.0002298025989,0.0008356818576,1,0,0,0
15.5703733,13.55028892,torque,hover,-0.002437608317,0.01526013948,-1.62168014,0,0,-2,-0.002934210934,-0.004689246882,-0.002188269282,0,0,0,0.3786353521,0.00594871016,0.04133099015,-0.006369580049,-0.003619329305,0.001636399305,0.0008945921568,-2.556049481e-05,0.002393297336,0.728512632,0.001114964313,0.0003038465076,8.09096672e-05,1,0,0,0
15.58037448,13.5602901,torque,hover,-0.002581289038,0.01545836125,-1.621661782,0,0,-2,-0.002637782833,-0.00504955044,-0.002222590614,0,0,0,0.3786626876,0.006115207843,0.04273723156,-0.004710554145,-0.003652086249,0.00263207336,0.002490928392,-0.0005511056569,0.002330036187,0.7285104389,0.001166366947,0.0001694535295,-0.000974456336,1,0,0,0
15.5903697,13.57028532,torque,hover,-0.00264904229,0.01555113588,-1.621653438,0,0,-2,-0.002489004983,-0.005235840101,-0.002295347629,0,0,0,0.3786752917,0.006235205538,0.04372232727,-0.003440044122,-0.004321610089,0.00222287816,0.003125448072,-0.0006702651782,0.00231064311,0.7284949311,0.001073765018,0.0002543302414,-0.0005714496824,1,0,0,0
15.60039234,13.58030796,torque,hover,-0.002714100294,0.01563985273,-1.621646166,0,0,-2,-0.002339595463,-0.00537886424,-0.002386902925,0,0,0,0.3786866715,0.00633270819,0.04493727615,-0.002509116428,-0.00420379499,0.001709378092,0.003692261864,-0.0004164096962,0.002303887612,0.7284742946,0.001016149815,0.0003137112584,-5.296031262e-05,1,0,0,0
15.61038613,13.59030175,torque,hover,-0.002778853755,0.01575493999,-1.621650815,0,0,-2,-0.002203019569,-0.005523143802,-0.002440712415,0,0,0,0.3786872667,0.006427712639,0.0459218477,-0.001324628713,-0.00378924422,0.001736996579,0.004042975096,7.272124738e-05,0.002294290702,0.7284589392,0.0008785183227,0.0003800474601,-8.827765229e-05,1,0,0,0
15.62034011,13.60025573,torque,hover,-0.002841014415,0.01586570218,-1.621655822,0,0,-2,-0.002054179786,-0.005641392898,-0.002482654294,0,0,0,0.37868735,0.006496810045,0.04731582447,-0.0007100626826,-0.003618971212,0.001125002862,0.00447177328,0.0006503590111,0.00230451795,0.7284464722,0.0008441181453,0.0004905667146,0.0005427606948,1,0,0,0
15.63038492,13.61030054,torque,hover,-0.002956682583,0.01607492939,-1.621671796,0,0,-2,-0.001744467183,-0.005927495658,-0.002551969839,0,0,0,0.3786810999,0.00668512682,0.04806453407,0.001243048348,-0.002936433768,0.002746087266,0.005460824306,0.0008109050817,0.002238951948,0.7284230294,0.0007596864403,0.0004069141154,-0.001151613845,1,0,0,0
15.64040661,13.62032223,torque,hover,-0.003015602706,0.0161915645,-1.621691585,0,0,-2,-0.001577579416,-0.006061533,-0.002606797265,0,0,0,0.3786667635,0.006784270861,0.0483293571,0.002680771286,-0.001920767245,0.002054716228,0.005624525426,0.001147831948,0.002221679205,0.7284019376,0.0005533678585,0.0003425554944,-0.0004609704475,1,0,0,0
15.65037918,13.6302948,torque,hover,-0.003071766347,0.0163040366,-1.621711373,0,0,-2,-0.001409677207,-0.006102202926,-0.002628687536,0,0,0,0.3786522711,0.006792206456,0.04889310089,0.002684795996,-0.001298593357,0.002639484825,0.005876639348,0.00214243448,0.002188706045,0.7283892553,0.0005730501937,0.0004814498612,-0.001080399081,1,0,0,0
15.66040707,13.64032269,torque,hover,-0.003125117393,0.01641253009,-1.621731281,0,0,-2,-0.001244073152,-0.006234764587,-0.00268837763,0,0,0,0.3786375062,0.006902708291,0.04849214287,0.004549340811,-0.0006139227771,0.002103408333,0.005898254683,0.002096490448,0.00216837434,0.7283668874,0.000289015225,0.0003579596108,-0.000550611977,1,0,0,0
15.67037988,13.6502955,torque,hover,-0.003222172381,0.0166254621,-1.621783376,0,0,-2,-0.0009757698281,-0.006441001315,-0.002825616626,0,0,0,0.3785955669,0.007100896705,0.04735174547,0.005933728069,-0.0005311435671,0.0018459321,0.006019267332,0.002659831793,0.002120625253,0.7283132323,0.0001381233425,0.0004464396604,-0.0003217383584,1,0,0,0
15.68040228,13.6603179,torque,hover,-0.003265816718,0.01673004963,-1.621814966,0,0,-2,-0.0008020607056,-0.006522776093,-0.002822808921,0,0,0,0.3785689896,0.00715249324,0.0466600583,0.006489161402,0.0009630525019,0.002044928959,0.00602128584,0.002845502314,0.00209757533,0.7283025118,4.421790213e-05,0.0002677599099,-0.0005416237774,1,0,0,0
15.69039249,13.67030811,torque,hover,-0.003307147184,0.01683072373,-1.621845961,0,0,-2,-0.00071614841,-0.006612201687,-0.002836833941,0,0,0,0.3785428483,0.007230608999,0.0449811793,0.006644397508,0.001084567164,0.002658277284,0.005258626233,0.002956687355,0.002053112006,0.7282877592,-0.0001640490224,0.0002658280119,-0.001204111157,1,0,0,0
15.70039654,13.68031216,torque,hover,-0.003346483456,0.01692775451,-1.621881127,0,0,-2,-0.0006568942918,-0.006740645971,-0.002890116768,0,0,0,0.3785123904,0.007363463394,0.04332427061,0.006297904532,0.001580544747,0.001304052304,0.004391357797,0.002672553225,0.002044556946,0.7282615189,-0.0003103602019,0.0001229199643,0.0001633741668,1,0,0,0
15.71037745,13.69029307,torque,hover,-0.003430808662,0.01712249778,-1.621945739,0,0,-2,-0.0004238935653,-0.006958065554,-0.002914563287,0,0,0,0.3784573619,0.00755572903,0.04045502455,0.007362452801,0.002971246373,0.001102333306,0.004224197981,0.002447485859,0.002033813167,0.7282319303,-0.0004275747721,-0.0001075547609,0.000364180656,1,0,0,0
15.7204051,13.70032072,torque,hover,-0.003469788935,0.01721374132,-1.621976972,0,0,-2,-0.0003277836076,-0.007099881303,-0.00291566574,0,0,0,0.3784306572,0.007682243378,0.03835043554,0.007967581972,0.004073162097,0.001667156699,0.003599879208,0.001870018137,0.002019210121,0.7282203226,-0.0006352191613,-0.0003797849924,-0.0002241107989,1,0,0,0
15.73040652,13.71032214,torque,hover,-0.003506822744,0.01730076596,-1.622007847,0,0,-2,-0.0002448055602,-0.007253774907,-0.002878611675,0,0,0,0.3784041255,0.007807918118,0.03683725046,0.007266671397,0.003316862741,0.0009014469106,0.002979207406,0.001272937364,0.00202431798,0.7282185055,-0.0006528077425,-0.0003882223831,0.0005566350841,1,0,0,0
15.74038696,13.72030258,torque,hover,-0.003558672965,0.01748974808,-1.622067451,0,0,-2,7.067978004e-06,-0.007494864054,-0.00285511883,0,0,0,0.3783537586,0.008020270611,0.03471012707,0.006599441171,0.003216524608,0.0008672961267,0.003354814805,0.0007474116519,0.002013378588,0.7282028406,-0.0003959990605,-0.0004392986966,0.0005905406286,1,0,0,0
15.75037503,13.73029065,torque,hover,-0.003581463359,0.0175777059,-1.622090697,0,0,-2,0.000156891183,-0.007655275986,-0.002888948191,0,0,0,0.3783348301,0.008183757506,0.03413533124,0.006862179842,0.00229987991,0.0007930117426,0.003340176503,0.000200012111,0.002018996566,0.7281857837,-0.0004278431745,-0.0004105937426,0.000670647341,1,0,0,0
15.76040363,13.74031925,torque,hover,-0.003602340352,0.01766142063,-1.622113705,0,0,-2,0.0002528913901,-0.007792345714,-0.002889036201,0,0,0,0.3783159458,0.008314513573,0.03326975356,0.006476556882,0.002159633441,0.001686268137,0.002892184283,-6.142201477e-05,0.001996810404,0.7281773925,-0.0004704390604,-0.0004206177152,-0.000257769371,1,0,0,0
15.77038693,13.75030255,torque,hover,-0.003621306503,0.01774125546,-1.622136474,0,0,-2,0.0003689028672,-0.007994203828,-0.002894963138,0,0,0,0.3782971194,0.00851024064,0.03252066082,0.005943144206,0.001628832426,0.001550940098,0.00266024031,-0.0008806465624,0.001977979343,0.7281675514,-0.0004385169621,-0.0005056497426,-0.0001345126515,1,0,0,0
15.78039765,13.76031327,torque,hover,-0.003622553544,0.01789894514,-1.622181892,0,0,-2,0.0006155162118,-0.008302363567,-0.00281604263,0,0,0,0.3782591936,0.008788526446,0.03221506718,0.005827371497,-0.001427965006,0.0008373465971,0.003414264663,-0.001629338672,0.001975665855,0.7281709808,-0.0002029877992,-0.0002193239729,0.0005972937973,1,0,0,0
15.79038119,13.77029681,torque,hover,-0.003620990319,0.01797145233,-1.622203231,0,0,-2,0.0007692841464,-0.008465034887,-0.002706123749,0,0,0,0.3782413032,0.008920298172,0.03190081361,0.006550597958,-0.001722082263,0.001426188741,0.003494229051,-0.001789268511,0.001959008693,0.7281910396,-0.0002952645879,-0.0001850381126,-1.440319313e-05,1,0,0,0
15.80039144,13.78030705,torque,hover,-0.003617660142,0.01803960279,-1.622223735,0,0,-2,0.0009019837598,-0.008678520098,-0.002664960222,0,0,0,0.3782240358,0.009123173723,0.03185075956,0.00571989594,-0.003133058082,0.0008235277492,0.003370549023,-0.002295908848,0.001957242464,0.7281939325,-0.0002198355352,-8.103648038e-05,0.0005957653826,1,0,0,0
15.81038451,13.79030013,torque,hover,-0.003603735007,0.01810389571,-1.622238159,0,0,-2,0.001030049636,-0.008793291636,-0.002641827101,0,0,0,0.3782125676,0.009239168278,0.03134284352,0.004719443619,-0.003611596068,0.00197756174,0.003471974997,-0.001882162329,0.001922846657,0.7281945219,-7.11033819e-05,0.0001049818216,-0.000605619468,1,0,0,0
15.82039356,13.80030918,torque,hover,-0.003572126152,0.01822123677,-1.622250319,0,0,-2,0.001211284078,-0.009082481265,-0.002563082846,0,0,0,0.378205758,0.00951462394,0.03116014387,0.004929641262,-0.006519781426,0.0006172932335,0.003845281469,-0.002063087546,0.001889298563,0.728209942,-3.403706663e-06,0.0004366087561,0.0007565227773,1,0,0,0
15.83037615,13.81029177,torque,hover,-0.003555078292,0.01827413402,-1.622255802,0,0,-2,0.001300875098,-0.009218818508,-0.002510941122,0,0,0,0.3782026726,0.009642806439,0.03130573196,0.004796741996,-0.006752088666,0.001148062525,0.003479043061,-0.001680948916,0.001870439886,0.7282211061,-9.344974577e-05,0.0005597225727,0.0001984183353,1,0,0,0
15.8403852,13.82030082,torque,hover,-0.003528787754,0.01832673326,-1.622252822,0,0,-2,0.001376761822,-0.009376186877,-0.002460290445,0,0,0,0.3782079481,0.009790882624,0.03144526914,0.00408247998,-0.005613499787,0.0008612158708,0.003191053956,-0.001574903827,0.001858929157,0.7282349451,-7.648685548e-05,0.0004246381922,0.0004796910233,1,0,0,0
15.85037231,13.83028793,torque,hover,-0.003474554513,0.0184202455,-1.622246385,0,0,-2,0.001510087401,-0.009692291729,-0.002338906983,0,0,0,0.3782184183,0.01008421384,0.03226789354,0.002950475551,-0.006817250978,2.980396857e-05,0.003523335113,-0.001966322495,0.001842781485,0.7282678788,0.0001649955045,0.0004504419813,0.001315643457,1,0,0,0
15.86037993,13.84029555,torque,hover,-0.00344621134,0.01846153289,-1.622243047,0,0,-2,0.001616062247,-0.009809021838,-0.00232499931,0,0,0,0.3782235057,0.0102095146,0.03292465216,0.002478988376,-0.006071954966,0.0004017232859,0.003606081287,-0.001427750752,0.001843890311,0.7282725451,0.0002222613287,0.0004831843599,0.0009365023847,1,0,0,0
15.87037539,13.85029101,torque,hover,-0.00340681849,0.01848835684,-1.622223616,0,0,-2,0.001740192762,-0.009909763932,-0.002300292719,0,0,0,0.3782438662,0.01032099989,0.03311526564,0.002048524795,-0.004906480666,0.001122092828,0.003994064034,-0.00108472709,0.001824569602,0.7282857756,0.0003434802326,0.0004061678763,0.0001896479818,1,0,0,0
15.88039708,13.8603127,torque,hover,-0.003366726683,0.01851225458,-1.622204661,0,0,-2,0.00181239564,-0.01002465095,-0.00228581205,0,0,0,0.3782636069,0.01044046653,0.03338806872,0.001908230013,-0.00552801555,0.00101551949,0.003899352264,-0.0008638694575,0.001801468525,0.7282962356,0.0003095257878,0.0005434807769,0.000278835357,1,0,0,0
15.8904109,13.87032652,torque,hover,-0.003326300764,0.01853291504,-1.622186065,0,0,-2,0.001867856248,-0.01017940324,-0.002228399739,0,0,0,0.3782828345,0.01058654347,0.0329074284,0.0009467712953,-0.005052538589,0.002027114388,0.003737649637,-0.001047349119,0.001749186154,0.7283174279,0.0003777817431,0.0004315846068,-0.0007917525769,1,0,0,0
15.90040946,13.88032508,torque,hover,-0.003285463434,0.01855042577,-1.622167826,0,0,-2,0.001954421401,-0.01028229296,-0.002199577866,0,0,0,0.3783015523,0.01069502007,0.03239754518,0.00107884116,-0.00394151127,0.002630188828,0.003953660571,-0.00086132517,0.001680582705,0.7283312696,0.0003865363732,0.0003252237723,-0.001455234907,1,0,0,0
15.9103961,13.89031172,torque,hover,-0.00319381454,0.01852617785,-1.622114658,0,0,-2,0.00213943189,-0.01057894435,-0.002124636201,0,0,0,0.3783526809,0.01100024142,0.02992793126,0.003543083789,-0.002191944746,0.002725808183,0.005073787972,-0.002807210773,0.001571231333,0.7283692914,0.0002984839674,-0.0003791810486,-0.00162424228,1,0,0,0
15.9204278,13.90034342,torque,hover,-0.003147062613,0.01851008832,-1.622089028,0,0,-2,0.002234064275,-0.01075411774,-0.002120316029,0,0,0,0.3783771001,0.01118650221,0.02841350217,0.003602438606,-0.001908535836,0.001741966,0.004942939742,-0.003333664239,0.001525583242,0.7283795373,0.0002308053695,-0.0004802302346,-0.0006575663784,1,0,0,0
15.93039513,13.91031075,torque,hover,-0.003061311319,0.0184310507,-1.62204206,0,0,-2,0.002348119626,-0.01109190006,-0.002167743165,0,0,0,0.3784194495,0.01154309417,0.02548173135,0.00270111626,-0.001613897737,0.001055332134,0.005117710238,-0.005828210842,0.001447317126,0.7283842454,0.0003893850771,-0.001041937268,-1.521387926e-05,1,0,0,0
15.94042611,13.92034173,torque,hover,-0.003022013232,0.01836925,-1.622020841,0,0,-2,0.002469553147,-0.01123342197,-0.00215624948,0,0,0,0.3784373222,0.01170204571,0.02487200282,0.003398942063,-0.002056956757,0.0008717676392,0.00513455431,-0.006042820748,0.001426493862,0.7283947024,0.0002690678443,-0.0009250175394,0.0001555431868,1,0,0,0
15.95040989,13.93032551,torque,hover,-0.002982089063,0.01830550656,-1.622000217,0,0,-2,0.002509622602,-0.01141616516,-0.002169885905,0,0,0,0.3784545152,0.01188845816,0.02389682847,0.004445049446,-0.001879246323,0.0009227484115,0.00439832716,-0.006598360281,0.001401574239,0.7283985566,-6.138086736e-05,-0.0009854860028,8.206911358e-05,1,0,0,0
15.96042562,13.94034123,torque,hover,-0.002941780491,0.01823978499,-1.621980309,0,0,-2,0.002557723084,-0.01160793472,-0.002164225327,0,0,0,0.3784709107,0.01208180314,0.02349665795,0.004339223728,-0.003150543664,0.0006423431914,0.003883056385,-0.007142251746,0.001384651528,0.7284070388,-0.0001615966847,-0.0008485027342,0.0003521905762,1,0,0,0
15.97040176,13.95031738,torque,hover,-0.002896904713,0.01814317703,-1.621952295,0,0,-2,0.002666070126,-0.01179891638,-0.002222644165,0,0,0,0.3784939021,0.01229888226,0.02328260567,0.005083716009,-0.005222954787,0.00127069396,0.003956518479,-0.007905037524,0.0013512637,0.7284021872,-0.0002333868133,-0.0006632612726,-0.0003109757268,1,0,0,0
15.98040724,13.96032286,torque,hover,-0.002804338001,0.01794610731,-1.621899366,0,0,-2,0.002840707544,-0.01222555339,-0.00220575952,0,0,0,0.3785366775,0.01274359251,0.02315348551,0.005768455565,-0.009204735048,0.001083735842,0.004435222644,-0.01117491654,0.001295887619,0.7284252608,-0.0001728812906,-0.000835457242,-0.0001566104926,1,0,0,0
15.99040961,13.97032523,torque,hover,-0.002757417969,0.01784513891,-1.621878386,0,0,-2,0.002905545523,-0.01238457207,-0.002242395189,0,0,0,0.3785525164,0.01291697164,0.02284236672,0.004340184387,-0.01050606184,0.0004088633286,0.004037058985,-0.01056938325,0.001286475937,0.7284234214,-7.084430499e-05,-0.000409508976,0.0005190163942,1,0,0,0
16.00040412,13.98031974,torque,hover,-0.002707123058,0.01772229932,-1.621839285,0,0,-2,0.003002055222,-0.01253731083,-0.002271157457,0,0,0,0.3785854393,0.01309025037,0.02220990791,0.005054682959,-0.01176872104,0.001090542297,0.003969236791,-0.01024855022,0.001258423724,0.7284301356,-0.0001831650787,-9.030159587e-05,-0.0001956310018,1,0,0,0
16.01040339,13.99031901,torque,hover,-0.002656612545,0.01759865694,-1.621801496,0,0,-2,0.002995730378,-0.01269938517,-0.002299678512,0,0,0,0.3786170613,0.01324904923,0.02156369217,0.00351926405,-0.01285588741,0.0003856147814,0.003120730483,-0.009931051575,0.001246566395,0.72843644,-0.0001633790821,0.0001800834609,0.0005083504806,1,0,0,0
16.02042675,14.00034237,torque,hover,-0.002555744257,0.01734875143,-1.621730328,0,0,-2,0.003044005483,-0.01301125251,-0.00228111865,0,0,0,0.3786759248,0.01355589036,0.01933736207,0.004186759703,-0.01639213413,0.0009257942438,0.002925663445,-0.01131830555,0.001179801571,0.72846664,-0.0002613174925,0.0002775354266,-8.906767194e-05,1,0,0,0
16.03039122,14.01030684,torque,hover,-0.002505594864,0.01722256467,-1.621696115,0,0,-2,0.003065401223,-0.0131616462,-0.002270411467,0,0,0,0.3787040064,0.01370329828,0.0191582768,0.003418273525,-0.01684866473,0.0001131108365,0.002490179619,-0.01030151131,0.00117540226,0.728481613,-0.0002416572306,0.0006242296727,0.0007331896612,1,0,0,0
16.04042006,14.02033567,torque,hover,-0.002454245929,0.01708315872,-1.621646404,0,0,-2,0.003081032308,-0.01330396626,-0.00228289701,0,0,0,0.3787470146,0.0138455732,0.01909441805,0.002688176464,-0.01786042005,0.0009866980836,0.002137631709,-0.009449292072,0.001146334765,0.7284963184,-0.0002059883256,0.0009782811649,-0.0001790341163,1,0,0,0
16.0503943,14.03030992,torque,hover,-0.002402868122,0.01694332063,-1.621598601,0,0,-2,0.003063905519,-0.01350108534,-0.002300855704,0,0,0,0.3787881577,0.01403427089,0.01936213782,0.002393710194,-0.0174604468,0.000723339268,0.001552433458,-0.009186748828,0.001123839964,0.7285089277,-0.0002815056352,0.0009804268029,7.227359202e-05,1,0,0,0
16.06041241,14.04032803,torque,hover,-0.002301371191,0.01666161418,-1.621523619,0,0,-2,0.003053580876,-0.01376271155,-0.002268189099,0,0,0,0.3788499398,0.01427869977,0.02161769327,0.002019818407,-0.01848144084,0.000951068243,0.001406592485,-0.01000803,0.001061628862,0.7285441252,-0.0002302642023,0.0008174400993,-0.0002040725569,1,0,0,0
16.07039833,14.05031395,torque,hover,-0.002240985632,0.01650701649,-1.62147212,0,0,-2,0.003077538684,-0.01385250688,-0.002237929264,0,0,0,0.3788942588,0.01436563672,0.02320848411,0.002461286029,-0.01630910486,0.0008779581403,0.001473201003,-0.008692942664,0.001038331243,0.7285703428,-0.0002534712903,0.0008497362347,-0.0001449951224,1,0,0,0
16.08044481,14.06036043,torque,hover,-0.002180991927,0.01635254174,-1.621422291,0,0,-2,0.003086602315,-0.01393768564,-0.00227339915,0,0,0,0.3789369925,0.01445525989,0.02489859953,0.00171147252,-0.01600748301,0.001069473452,0.001438889553,-0.007568637081,0.001005153897,0.7285792942,-0.0001409365801,0.001074131056,-0.0003646910387,1,0,0,0
16.09038591,14.07030153,torque,hover,-0.0020619079,0.01604314893,-1.621327162,0,0,-2,0.003140675137,-0.014159129,-0.0022422818,0,0,0,0.3790181427,0.01467557842,0.02618581332,0.0005893646157,-0.01277647913,0.0008795291651,0.002170810027,-0.008969553787,0.0009382359102,0.7286214422,0.0001940852047,0.0002103774302,-0.0002195261958,1,0,0,0
16.10043836,14.08035398,torque,hover,-0.0019994881,0.01587836258,-1.621265769,0,0,-2,0.003148213262,-0.01423213352,-0.002299941145,0,0,0,0.3790722069,0.01475651044,0.02642313428,0.001060401672,-0.01108357031,0.0009417391266,0.002064830397,-0.007892214745,0.0009084910488,0.7286289775,9.610883393e-05,0.0002771327512,-0.0003034691245,1,0,0,0
16.11041474,14.09033036,torque,hover,-0.001937465044,0.01571412571,-1.621197104,0,0,-2,0.003179636551,-0.01425705943,-0.002281841589,0,0,0,0.3791336456,0.01478447271,0.02623660899,0.0005533462972,-0.008575406857,0.001257770578,0.002271305401,-0.00683103064,0.0008668966683,0.7286583763,0.0002079662198,0.0002094007187,-0.0006553044094,1,0,0,0
16.12043452,14.10035014,torque,hover,-0.001875513466,0.0155507857,-1.621130228,0,0,-2,0.003192888806,-0.01427542977,-0.002225793665,0,0,0,0.3791934184,0.01479650606,0.0254729638,0.0005873957416,-0.006854654755,0.00152500195,0.002308140602,-0.006039718383,0.0008178473408,0.7286967569,0.0002019862553,0.000173682713,-0.000962463963,1,0,0,0
16.13040686,14.11032248,torque,hover,-0.001813982381,0.01538784057,-1.62106514,0,0,-2,0.003210409079,-0.0143608572,-0.002265575109,0,0,0,0.3792515056,0.01488871306,0.02422792798,0.0003617641923,-0.007344578393,0.001053342712,0.002349124917,-0.006005625022,0.0007841826419,0.7287101817,0.000233418722,0.0002552278149,-0.000506875048,1,0,0,0
16.14039707,14.12031269,torque,hover,-0.001696196152,0.01503369119,-1.620915174,0,0,-2,0.003291523317,-0.01446331199,-0.00234058057,0,0,0,0.3793866021,0.01501665199,0.0202260978,-7.593577902e-05,-0.004761058837,0.001759293489,0.003224351617,-0.0081679478,0.0006860010913,0.7287453835,0.0004956623801,-0.0006195323105,-0.001296292281,1,0,0,0
16.1503861,14.13030171,torque,hover,-0.001637485111,0.01485759113,-1.620844126,0,0,-2,0.003334898502,-0.01453150902,-0.002378114965,0,0,0,0.3794504004,0.01509773934,0.01856790177,0.0003711988975,-0.004883279093,0.000500734488,0.003305513314,-0.007921095471,0.0006653464342,0.7287615536,0.0004244757561,-0.0004819115753,-2.925886627e-05,1,0,0,0
16.16039681,14.14031243,torque,hover,-0.001579181175,0.01468225662,-1.620775461,0,0,-2,0.003311055247,-0.01453898288,-0.002413995098,0,0,0,0.3795119409,0.01510537926,0.01757039599,0.0007920970093,-0.005425317679,0.0005359124625,0.002861675957,-0.007196076186,0.0006433073626,0.7287772886,0.0002430135271,-0.0001947233822,-8.111840914e-05,1,0,0,0
16.17039156,14.15030718,torque,hover,-0.001523962594,0.01448510867,-1.620691776,0,0,-2,0.003302483819,-0.01460048649,-0.002430887893,0,0,0,0.3795877625,0.0151654153,0.0155926561,0.0007810054231,-0.004487582482,0.0003666574776,0.002556607929,-0.007438845635,0.0006260954457,0.7288032708,0.0001667238683,-0.0003556191457,7.86753973e-05,1,0,0,0
16.18038392,14.16029954,torque,hover,-0.001414728584,0.01409415435,-1.620509982,0,0,-2,0.003322779667,-0.01468380634,-0.002510745777,0,0,0,0.3797542894,0.01526299045,0.01406198883,0.000679329678,-0.007763613481,0.0003967085504,0.002896654774,-0.009522014922,0.0005804847609,0.7288487928,0.0002596074769,-0.000395880684,1.3886331e-05,1,0,0,0
16.19036102,14.17027664,torque,hover,-0.001360233524,0.01390072703,-1.620424032,0,0,-2,0.003328097519,-0.01469526067,-0.002618336817,0,0,0,0.3798328524,0.01529322095,0.01412307559,0.0007889310946,-0.008772972971,0.0002173535759,0.002776986582,-0.008671443131,0.0005669137096,0.7288526144,0.0002094057336,-1.047581955e-05,0.0001867708087,1,0,0,0
16.20039868,14.1803143,torque,hover,-0.001325304853,0.01369458344,-1.620324016,0,0,-2,0.003340444993,-0.01476194151,-0.002668365836,0,0,0,0.3799251915,0.0153685935,0.01361281305,0.001038361108,-0.009744957089,0.0002713048016,0.002474203631,-0.008554134731,0.0005517956637,0.7288761213,0.0001032871174,0.0001707643248,0.0001210921225,1,0,0,0
16.21039009,14.19030571,torque,hover,-0.001290363492,0.0134898182,-1.620227456,0,0,-2,0.003306362778,-0.01477917377,-0.002727794228,0,0,0,0.3800142436,0.01538820566,0.01321005084,0.001951917424,-0.01121326908,0.0003628740378,0.001844881583,-0.007942107569,0.0005388188179,0.7288959993,-0.0001586150266,0.0005209051875,1.966128532e-05,1,0,0,0
16.22041106,14.20032668,torque,hover,-0.001255644136,0.01328645274,-1.620133996,0,0,-2,0.00326846703,-0.01482507586,-0.002733167727,0,0,0,0.380100365,0.01542517283,0.01328882197,0.0003539500467,-0.012557026,0.0006767637678,0.001369191113,-0.007599856564,0.0005169593972,0.7289284598,-2.877815654e-05,0.0007703433205,-0.0003171367029,1,0,0,0
16.23039985,14.21031547,torque,hover,-0.001216423116,0.01286907028,-1.619950652,0,0,-2,0.003195086494,-0.01486813836,-0.002865273738,0,0,0,0.3802691145,0.01547513843,0.01424751418,0.0008330799174,-0.01292440947,0.001154755708,0.000437057858,-0.008783822843,0.0004770351157,0.7289613249,-0.0002809334098,0.0004422101533,-0.0008312632097,1,0,0,0
16.24040151,14.22031713,torque,hover,-0.001211394789,0.01265526749,-1.619860649,0,0,-2,0.003178068902,-0.01494299248,-0.002899301937,0,0,0,0.3803518757,0.01554989061,0.01420306027,0.001938466914,-0.01338304486,0.001298312447,-3.052674218e-05,-0.00839831778,0.0004455285519,0.7289852778,-0.0004992171219,0.0006091775703,-0.000998044918,1,0,0,0
16.25039577,14.23031139,torque,hover,-0.001205729437,0.01244322769,-1.619773626,0,0,-2,0.003178265877,-0.0148772914,-0.002934973454,0,0,0,0.3804318374,0.0154935226,0.01652903946,0.0005388351274,-0.01352599822,0.001163324574,-7.403044378e-05,-0.006888301392,0.0004177416736,0.7290077385,-0.0002726436315,0.0009775459432,-0.0008819909,1,0,0,0
16.26039314,14.24030876,torque,hover,-0.001224228763,0.01200313307,-1.619607687,0,0,-2,0.003052718705,-0.01490603853,-0.003067750484,0,0,0,0.380583612,0.01552160331,0.01834268757,0.001327688689,-0.01237123553,0.0008052617777,-0.001888139522,-0.008126390787,0.0003627904869,0.7290341469,-0.0007505656819,0.0004328486248,-0.000553014737,1,0,0,0
16.27039218,14.2503078,torque,hover,-0.00124827493,0.0117749963,-1.619528651,0,0,-2,0.002961069345,-0.0148946736,-0.003113534534,0,0,0,0.3806555608,0.01550204279,0.02004023947,0.001894219778,-0.01155332476,0.0002757869661,-0.002848499446,-0.007141061275,0.0003691447874,0.7290511508,-0.0009778553899,0.0005682390488,-7.139183692e-06,1,0,0,0
16.28040004,14.26031566,torque,hover,-0.001271893154,0.01154938154,-1.619452357,0,0,-2,0.002835552441,-0.01481647231,-0.003136546584,0,0,0,0.3807249851,0.01540798928,0.02232659592,0.0004051203141,-0.009911328554,0.0004873112193,-0.003801185724,-0.005836168318,0.0003698615549,0.7290729328,-0.0009137506477,0.000645743111,-0.0002227794877,1,0,0,0
16.29038548,14.2703011,torque,hover,-0.00131804531,0.01110508479,-1.619310737,0,0,-2,0.00264095678,-0.01480402611,-0.003237293568,0,0,0,0.3808534828,0.01538225964,0.02390582586,0.0006681099185,-0.007374203764,0.0002219329472,-0.005752865906,-0.007284867709,0.0003856272136,0.7290986816,-0.00131440404,-9.766188561e-05,6.205066042e-05,1,0,0,0
16.30040622,14.28032184,torque,hover,-0.001377631212,0.01085303817,-1.619229078,0,0,-2,0.002539440291,-0.01480943244,-0.003310438478,0,0,0,0.3809280524,0.01538593673,0.0245733772,0.0001840641635,-0.006325828843,0.0001506579283,-0.006489553663,-0.007085966006,0.0003958930414,0.72910972,-0.001310140399,-0.0001561907174,0.0001415240973,1,0,0,0
16.31038642,14.29030204,torque,hover,-0.001435853192,0.0106037613,-1.619150996,0,0,-2,0.002473363886,-0.01478953939,-0.003461266868,0,0,0,0.3809992981,0.01538922911,0.02458905295,-0.001893235603,-0.005299273878,0.0002947335888,-0.006697594248,-0.006850723612,0.0004095063328,0.7290997754,-0.0009744870987,-0.0002081093671,1.573445085e-06,1,0,0,0
16.32040834,14.30032396,torque,hover,-0.001492788433,0.01035717409,-1.61907661,0,0,-2,0.002385582542,-0.01479681581,-0.003593676724,0,0,0,0.3810670923,0.01541269849,0.02499446781,-0.001966083189,-0.005382145755,0.0001760484156,-0.007089624406,-0.006903195122,0.0004268653921,0.7290931673,-0.0009746763593,-0.0001802751278,0.0001353667919,1,0,0,0
16.33040738,14.310323,torque,hover,-0.001548450091,0.01011315919,-1.61900568,0,0,-2,0.002292517805,-0.01477343682,-0.003675870365,0,0,0,0.3811316643,0.01539552196,0.02560363174,-0.002923584078,-0.005190196447,-3.360386472e-05,-0.007398234265,-0.006735849765,0.0004503544574,0.7290980411,-0.0008413338448,-0.0001443004027,0.0003651025592,1,0,0,0
16.34042072,14.32033634,torque,hover,-0.00174809352,0.00958199054,-1.618853569,0,0,-2,0.002053014236,-0.01475882996,-0.003763750894,0,0,0,0.3812708646,0.01536892156,0.02724189057,-0.00657577673,-0.002895240672,0.0001562122925,-0.01033206569,-0.009411606448,0.0005113977132,0.7291309271,-0.0009757582378,-0.00107186689,0.0002162550073,1,0,0,0
16.35040832,14.33032393,torque,hover,-0.001845163992,0.009321191348,-1.618780971,0,0,-2,0.001958436798,-0.01470443979,-0.003836449236,0,0,0,0.3813374328,0.01532234861,0.02784558305,-0.006716777571,-0.004537116271,-6.373114593e-05,-0.01023033203,-0.008771714581,0.0005456423541,0.7291388313,-0.0008355641046,-0.0006188503977,0.0004656445095,1,0,0,0
16.36040974,14.34032536,torque,hover,-0.001940504764,0.009063699283,-1.618711829,0,0,-2,0.001847569481,-0.01466280967,-0.003956271335,0,0,0,0.3814008199,0.01529913668,0.02850106576,-0.007355235983,-0.003597884439,-3.032714449e-05,-0.01026611253,-0.00845882818,0.0005791523754,0.7291335426,-0.0006772715032,-0.0006271429761,0.0004542087831,1,0,0,0
16.37040091,14.35031652,torque,hover,-0.002065373119,0.008775664493,-1.618637443,0,0,-2,0.001778520411,-0.01469184458,-0.004081298597,0,0,0,0.3814691052,0.01535156117,0.02902867502,-0.008159781806,-0.005063195713,0.0009476224659,-0.01032547822,-0.009138888092,0.0005858533234,0.7291288608,-0.0005170852999,-0.0005454283187,-0.000536283673,1,0,0,0
16.38041759,14.3603332,torque,hover,-0.002308154013,0.008209323511,-1.61849916,0,0,-2,0.00154123432,-0.01474455092,-0.004287172575,0,0,0,0.3815961368,0.01543233728,0.03105799737,-0.01068406925,-0.007158364635,0.0005257729208,-0.01278617112,-0.01215001438,0.0006395552219,0.7291269271,-0.0007331034007,-0.0009492475091,-6.231294334e-05,1,0,0,0
16.39039898,14.3703146,torque,hover,-0.002426231746,0.007931252941,-1.618434787,0,0,-2,0.001449500909,-0.01471677236,-0.004370176699,0,0,0,0.3816553462,0.01542021031,0.0305435547,-0.01145519223,-0.008326422423,0.0004602436675,-0.01214027177,-0.01138089146,0.000664965817,0.7291292967,-0.00039258133,-0.0005277373851,2.153004837e-05,1,0,0,0
16.40041447,14.38033009,torque,hover,-0.002572599798,0.007619581651,-1.61837256,0,0,-2,0.001344035612,-0.01476868521,-0.004435244016,0,0,0,0.3817121685,0.0154787559,0.03039984376,-0.01350697968,-0.01007450186,0.0002677306475,-0.01202615304,-0.01170542047,0.0006963619237,0.7291354798,-3.044615091e-05,-0.0003133832681,0.0002396480498,1,0,0,0
16.4103992,14.39031482,torque,hover,-0.002716212999,0.007311681751,-1.618313193,0,0,-2,0.001236267854,-0.01477379911,-0.0045525725,0,0,0,0.3817664953,0.01550868836,0.02992356563,-0.01361882593,-0.01078172401,0.0002855746425,-0.01186058481,-0.01154202239,0.0007312936111,0.7291273772,5.919135124e-05,-0.0001399460288,0.0002478308792,1,0,0,0
16.4204092,14.40032482,torque,hover,-0.002995106857,0.006708710454,-1.618229747,0,0,-2,0.001112519763,-0.01464761235,-0.004768006504,0,0,0,0.3818409403,0.01544422655,0.02520099223,-0.01495076716,-0.01481877733,0.0009274279582,-0.01260977728,-0.01242069775,0.0007844404407,0.7291032592,6.737681118e-06,0.0001618892969,-0.000358587318,1,0,0,0
16.43040109,14.41031671,torque,hover,-0.0031732223,0.006368815899,-1.61817944,0,0,-2,0.0009566026274,-0.0146188233,-0.004875075538,0,0,0,0.381886856,0.01543993021,0.02431214182,-0.01563049667,-0.01532769855,0.001443888061,-0.01277635985,-0.01172193087,0.0007873863653,0.729094524,0.0001082755945,0.0004216000452,-0.0008805498947,1,0,0,0
16.44040728,14.4203229,torque,hover,-0.003348018974,0.006034009159,-1.618132353,0,0,-2,0.0009112053085,-0.01454402227,-0.005064891651,0,0,0,0.3819299916,0.01542763774,0.02194933443,-0.01637025364,-0.01571100019,0.0006903137546,-0.01183145258,-0.01079485598,0.0008186515036,0.7290636278,0.0004647475626,0.0006952816406,-9.334871274e-05,1,0,0,0
16.45041251,14.43032813,torque,hover,-0.003518838901,0.005704235286,-1.618088961,0,0,-2,0.0009153289138,-0.0145050399,-0.005260081962,0,0,0,0.381969845,0.01545647022,0.01947836629,-0.01757660322,-0.01496265363,-0.0004812973493,-0.01053911669,-0.01037174379,0.0008816526681,0.7290300423,0.0009346053511,0.0006778899435,0.001139168012,1,0,0,0
16.46041226,14.44032788,torque,hover,-0.003685730509,0.00537955109,-1.618049026,0,0,-2,0.0008897713851,-0.0143856816,-0.00543603953,0,0,0,0.3820066375,0.01540422195,0.01751594629,-0.01798484847,-0.01639598981,9.865612083e-05,-0.009556700408,-0.009181277456,0.0009284913681,0.7290000569,0.001191977122,0.001130124148,0.0005828868852,1,0,0,0
16.47040367,14.45031929,torque,hover,-0.004083318636,0.004673591815,-1.617970705,0,0,-2,0.0007675378583,-0.01422905456,-0.005686583463,0,0,0,0.3820797013,0.01534250109,0.01798334725,-0.01730102301,-0.01556471456,-0.0001665948803,-0.01144705411,-0.01076127068,0.001050879041,0.7289653306,0.0005231780159,0.0005144292814,0.0009548727582,1,0,0,0
16.48041368,14.46032929,torque,hover,-0.004275946412,0.004329281859,-1.61793983,0,0,-2,0.0007272818475,-0.01411472075,-0.00585126644,0,0,0,0.3821086233,0.01529678396,0.01907304989,-0.01682319306,-0.01436756738,-0.0002678037563,-0.0104587327,-0.009578891856,0.001110627032,0.7289349604,0.0007122127193,0.0006392578408,0.001097477711,1,0,0,0
16.49039602,14.47031164,torque,hover,-0.004464476369,0.003990344703,-1.617911935,0,0,-2,0.0007089123246,-0.01405666955,-0.005970808212,0,0,0,0.3821349813,0.01528865809,0.0201221887,-0.01603946462,-0.01458955742,0.0004324256734,-0.009500159413,-0.009065090503,0.001150164195,0.7289149805,0.0008317888806,0.0007841956622,0.00041077846,1,0,0,0
16.50040364,14.48031926,torque,hover,-0.004870291334,0.003255901393,-1.617848873,0,0,-2,0.0007337203133,-0.0139094824,-0.006065772846,0,0,0,0.3821960288,0.01519228904,0.02211672388,-0.01482092217,-0.01109009981,-0.0004878071777,-0.01016995922,-0.01140632745,0.001247486061,0.7289142407,0.0004061578345,-0.0003134673434,0.001420363113,1,0,0,0
16.51041055,14.49032617,torque,hover,-0.005065952893,0.002897718688,-1.617820621,0,0,-2,0.000762627169,-0.01380685437,-0.006135226227,0,0,0,0.3822239379,0.01512784944,0.02308932862,-0.01408084575,-0.01035303064,0.001033803215,-0.008808493715,-0.01051635649,0.001267879774,0.7289070982,0.0006467900693,-0.0001420610878,-0.0001199761928,1,0,0,0
16.52040958,14.5003252,torque,hover,-0.005256909411,0.002545319032,-1.617794514,0,0,-2,0.0007687280886,-0.01373916026,-0.006138287019,0,0,0,0.3822501112,0.01506764863,0.02363811715,-0.01289935224,-0.008953345008,0.001062860363,-0.007948266766,-0.01015805779,0.001287783653,0.7289160429,0.0006858647696,-0.0002074909373,-0.0001383328718,1,0,0,0
16.53041196,14.51032758,torque,hover,-0.005460346583,0.002163433004,-1.617769837,0,0,-2,0.0007779560401,-0.01363291033,-0.006162385456,0,0,0,0.3822752844,0.01498120336,0.0245095305,-0.01269557234,-0.008544894867,0.0002823729301,-0.007370955177,-0.009930293882,0.001329310377,0.7289191479,0.0007815235359,-0.0001751652302,0.0006850984186,1,0,0,0
16.54040551,14.52032113,torque,hover,-0.005852744915,0.001418518834,-1.617735147,0,0,-2,0.0008430485614,-0.01348327659,-0.006331706885,0,0,0,0.3823122863,0.01491978521,0.02635036825,-0.01087284554,-0.007400725037,0.0008347316762,-0.008216261138,-0.01282281644,0.001387744022,0.7288893647,0.0002475188679,-0.001006187759,0.0001710486365,1,0,0,0
16.55040169,14.53031731,torque,hover,-0.006041853223,0.001055152272,-1.617721558,0,0,-2,0.0008614197141,-0.01339321397,-0.006444491446,0,0,0,0.3823276407,0.01488797147,0.02713693775,-0.01054929011,-0.008804260753,0.0008308017859,-0.007345404095,-0.01209043988,0.001408773527,0.7288659828,0.0004275808264,-0.0005535643552,0.0001888026289,1,0,0,0
16.56040549,14.54032111,torque,hover,-0.006226438563,0.0006976358127,-1.617710114,0,0,-2,0.0008785406826,-0.01332651917,-0.006517647766,0,0,0,0.3823412253,0.01486094476,0.02813578554,-0.01033299696,-0.008675575256,0.0004778938601,-0.006657940094,-0.01172793217,0.001438988492,0.7288518888,0.0005603843692,-0.0004316602856,0.0005675633932,1,0,0,0
16.57042146,14.55033708,torque,hover,-0.006424005143,0.0003199609055,-1.617704034,0,0,-2,0.0009050087538,-0.01319758035,-0.006615503225,0,0,0,0.3823500699,0.01479053924,0.02836730251,-0.009882742539,-0.009250595234,0.001905641984,-0.006172089219,-0.01115620323,0.001428518766,0.7288295782,0.0006015906058,-0.0001823939039,-0.0008937616246,1,0,0,0
16.58039427,14.56030989,torque,hover,-0.006804115139,-0.0004153604677,-1.617698312,0,0,-2,0.001022319542,-0.0129092196,-0.006816092413,0,0,0,0.382362458,0.01463394013,0.02981140961,-0.009770642966,-0.01181293,0.0003078783629,-0.006763942635,-0.01241747562,0.001478719494,0.7287813433,0.0003836470016,-0.0001646869298,0.000777863193,1,0,0,0
16.59038901,14.57030463,torque,hover,-0.006987011526,-0.0007730291691,-1.617704511,0,0,-2,0.00105648092,-0.01275306102,-0.0069029429,0,0,0,0.3823601144,0.01453985344,0.03017167979,-0.007907616906,-0.01238582283,-9.664298705e-05,-0.006039598282,-0.01110171071,0.001521639256,0.728757356,0.0003058926674,0.00025152642,0.001220517804,1,0,0,0
16.60038948,14.5803051,torque,hover,-0.007172022946,-0.001145941438,-1.617722392,0,0,-2,0.001121706213,-0.01263722032,-0.007004154846,0,0,0,0.3823465975,0.01449192007,0.03053081215,-0.00787455868,-0.01315958705,0.0006588569377,-0.005311288163,-0.01055790933,0.00154139473,0.7287255314,0.0004698552969,0.0004827231876,0.0004617953849,1,0,0,0
16.6103847,14.59030032,torque,hover,-0.007352478337,-0.001512247603,-1.617741823,0,0,-2,0.001205526059,-0.01247281581,-0.007092824206,0,0,0,0.382331871,0.01439904797,0.03092235719,-0.00735392049,-0.01547558419,0.0006071224343,-0.00452990122,-0.009543788625,0.001559403013,0.7286962811,0.0005645983565,0.001015411708,0.0005258673163,1,0,0,0
16.62039971,14.60031533,torque,hover,-0.007697748486,-0.002223667689,-1.617784619,0,0,-2,0.00147475081,-0.01203300711,-0.007192572113,0,0,0,0.3822993555,0.01409614286,0.0330848879,-0.006521764211,-0.01560803782,0.0007423367933,-0.003969576713,-0.009182936129,0.001580459261,0.728655878,0.0005192244731,0.0009780064591,0.0004023413982,1,0,0,0
16.63040757,14.61032319,torque,hover,-0.007865840569,-0.002591232769,-1.617828846,0,0,-2,0.001564263017,-0.01189501211,-0.007256975863,0,0,0,0.3822608755,0.01402148104,0.03390671147,-0.006333618425,-0.01502097864,0.0004655668163,-0.003342796749,-0.008499529021,0.001595560002,0.7286238214,0.0006149702893,0.001025163434,0.0006913091807,1,0,0,0
16.6404047,14.62032032,torque,hover,-0.008029170334,-0.002952216426,-1.617873549,0,0,-2,0.001647919882,-0.0117774969,-0.007258001249,0,0,0,0.3822221963,0.01393210879,0.03441872997,-0.00578144379,-0.01574328355,0.001246408792,-0.002902071682,-0.00799309429,0.001587830267,0.7286076775,0.000610191969,0.001204119807,-0.0001105204087,1,0,0,0
16.65039873,14.63031435,torque,hover,-0.008187511936,-0.003306344617,-1.617918491,0,0,-2,0.001821999438,-0.01157127786,-0.007281934377,0,0,0,0.3821835246,0.01379277788,0.0353198737,-0.004813051783,-0.01288606972,0.002491584281,-0.001722146422,-0.006975505049,0.001540802385,0.7285855186,0.0007156336403,0.001005166115,-0.001421255658,1,0,0,0
16.66041803,14.64033365,torque,hover,-0.008493984118,-0.003996550571,-1.618054271,0,0,-2,0.002121657133,-0.01117128879,-0.007354908623,0,0,0,0.3820610688,0.01354229682,0.03581018097,-0.002814188367,-0.009710528888,0.002166734077,-0.001427510779,-0.007641511053,0.001493612266,0.7285182404,0.0004446601803,0.0003172596684,-0.001125059942,1,0,0,0
16.67040944,14.65032506,torque,hover,-0.008642585017,-0.004332871176,-1.618137598,0,0,-2,0.002272427548,-0.0109608816,-0.007389468607,0,0,0,0.3819847668,0.01341301974,0.03597387565,-0.002311232965,-0.008104852401,0.0006296993233,-0.0007696032944,-0.006631496029,0.001495858179,0.7284794847,0.0004954888569,0.000335775846,0.0004383635749,1,0,0,0
16.68042064,14.66033626,torque,hover,-0.008786919527,-0.004662410356,-1.618220806,0,0,-2,0.002371007809,-0.0107341418,-0.007486730814,0,0,0,0.3819087599,0.01330017355,0.03521501682,-0.0008847700665,-0.007175895385,0.001013252302,-0.000729900069,-0.005665751025,0.001487955102,0.7284248821,0.0002739693836,0.0004228003135,4.466716897e-05,1,0,0,0
16.69040298,14.6703186,torque,hover,-0.009059283882,-0.005310577806,-1.618411183,0,0,-2,0.002490876941,-0.01030375622,-0.007654543966,0,0,0,0.381733281,0.01307531658,0.03212799071,-0.00134590629,-0.003876161063,0.0009367335588,-0.002057743804,-0.006388742105,0.00145826974,0.7283138202,7.17235399e-06,-0.000242813846,0.0001104161781,1,0,0,0
16.70041275,14.68032837,torque,hover,-0.009187756106,-0.005629102699,-1.618517518,0,0,-2,0.002623483073,-0.01005404629,-0.007720127702,0,0,0,0.3816346233,0.01294476272,0.03110671319,-0.0008363872766,-0.003142834641,0.001576746814,-0.001355224066,-0.005489572129,0.001425036888,0.7282588222,9.985810049e-05,-0.0001181802509,-0.0005712131726,1,0,0,0
16.7103951,14.69031072,torque,hover,-0.009311557747,-0.005940510891,-1.618606091,0,0,-2,0.002767560305,-0.009789526463,-0.007815472782,0,0,0,0.3815538087,0.01282871128,0.03019188835,0.000163259785,-0.002796248067,0.001214876072,-0.0007308911767,-0.004683162295,0.001400829187,0.7282026841,9.626366025e-05,1.973206343e-05,-0.0002245073771,1,0,0,0
16.7204113,14.70032692,torque,hover,-0.009430903941,-0.006244865246,-1.618694544,0,0,-2,0.002889758674,-0.009539871477,-0.007869568653,0,0,0,0.3814731854,0.01269999857,0.02945449419,-0.0003935693821,-0.003148051677,0.0008078715764,-0.0003899897593,-0.0041159348,0.001387548749,0.728157061,0.0002320789023,0.0001820016543,0.0001782771622,1,0,0,0
16.73040152,14.71031713,torque,hover,-0.009540621191,-0.00654890202,-1.61881578,0,0,-2,0.003038451541,-0.009244151413,-0.007908390835,0,0,0,0.3813598319,0.01253910558,0.02946272534,-0.001286772895,-0.002754845424,0.0007867604145,0.0002632656819,-0.003379746998,0.001372828135,0.7281033731,0.000476582517,0.0002698239164,0.0001850719135,1,0,0,0
16.74040794,14.72032356,torque,hover,-0.00974854175,-0.00713603152,-1.619054914,0,0,-2,0.003257663222,-0.008740995079,-0.007977454923,0,0,0,0.3811366106,0.0122742475,0.02712203665,-0.0001278585842,-0.002402854385,0.002260210691,0.0001085276531,-0.003970556748,0.001289761182,0.7279994784,0.0002470395037,4.083072269e-05,-0.001372829426,1,0,0,0
16.75038028,14.7302959,torque,hover,-0.009846733883,-0.007419693749,-1.619172573,0,0,-2,0.003426022362,-0.008493185975,-0.007960900664,0,0,0,0.3810269533,0.01213456949,0.02695526782,-0.0004617936793,-0.002655620687,0.0009246733389,0.0008416717774,-0.00355909532,0.001262043578,0.727961133,0.000433978243,0.0001529496143,-3.750985279e-05,1,0,0,0
16.76040816,14.74032378,torque,hover,-0.009944284335,-0.007703464944,-1.619326591,0,0,-2,0.003593110945,-0.008249958977,-0.007953087799,0,0,0,0.3808811837,0.0120093245,0.02659539779,-0.0001513465395,-0.003030033782,0.001361667993,0.001382375045,-0.003288336565,0.001221830957,0.727907407,0.0004762361204,0.0002412930127,-0.0005137534218,1,0,0,0
16.77038693,14.75030255,torque,hover,-0.01003760658,-0.007980341092,-1.619478583,0,0,-2,0.003724264679,-0.007962570526,-0.008005723357,0,0,0,0.3807374265,0.01188967128,0.02625794218,0.0003400388814,-0.002884167945,0.0008300191257,0.001561942055,-0.00264369275,0.001196761855,0.7278390552,0.0004084094303,0.0003400867973,1.05613538e-05,1,0,0,0
16.78041029,14.76032591,torque,hover,-0.01021201722,-0.008513672277,-1.619799972,0,0,-2,0.004033488687,-0.007384058088,-0.008064306341,0,0,0,0.3804324244,0.01165445758,0.02542878156,0.001698853564,-0.001893485547,0.0005595824914,0.002206156702,-0.002403377284,0.001111777535,0.7277078294,0.0003365771285,0.0002078352733,0.0002207309055,1,0,0,0
16.79038858,14.7703042,torque,hover,-0.01030258555,-0.008781061508,-1.619978547,0,0,-2,0.004170238506,-0.00711668143,-0.008051166311,0,0,0,0.3802624817,0.01152646185,0.02482307223,0.001907924889,-0.0009707763093,-0.0003172308207,0.002164616869,-0.00214738458,0.001117168293,0.7276465336,0.0002607470837,0.0001119590589,0.001120112255,1,0,0,0
16.80041575,14.78033137,torque,hover,-0.01038915105,-0.009041805752,-1.6201545,0,0,-2,0.004300798755,-0.006851448677,-0.008084749803,0,0,0,0.3800951099,0.01143688761,0.02458621222,-0.0001821701298,-0.00171407836,0.0007267099572,0.00222212942,-0.001885179592,0.001093180717,0.727574332,0.0005257294906,0.0002473491107,4.117056169e-05,1,0,0,0
16.81041646,14.79033208,torque,hover,-0.01047167182,-0.009295753203,-1.620327711,0,0,-2,0.00443430664,-0.006548216101,-0.0080568064,0,0,0,0.3799304066,0.0112895677,0.0244059303,5.555274765e-05,-0.002437658841,0.001562325982,0.002370615354,-0.001270438506,0.001044669854,0.7275186752,0.0004885863171,0.0004546349672,-0.0008437653089,1,0,0,0
16.82041287,14.80032849,torque,hover,-0.01062667836,-0.009783001617,-1.620666265,0,0,-2,0.004738169257,-0.005868759472,-0.008083262481,0,0,0,0.3796086347,0.01105584542,0.02384952349,0.002050212817,-0.0004135653435,0.001527097193,0.003045326232,-0.0002246273303,0.0009499956543,0.7273892215,0.000346435641,0.0003698230022,-0.0008808206705,1,0,0,0
16.83043623,14.81035185,torque,hover,-0.0107026333,-0.01003487129,-1.620850921,0,0,-2,0.004871897865,-0.005576177966,-0.008012517355,0,0,0,0.3794328259,0.01091006801,0.02281802011,0.002121482044,-0.0001440252381,0.001349893981,0.002951477987,-0.000166003286,0.0009008897971,0.7273402805,0.0002814818632,0.0002999745757,-0.0007333258374,1,0,0,0
16.84041786,14.82033348,torque,hover,-0.0107749356,-0.01027945057,-1.621032119,0,0,-2,0.00497278804,-0.005217427388,-0.007957671769,0,0,0,0.3792603609,0.01073660605,0.02193854542,0.002785583492,-0.0003573655267,0.000989702763,0.002656641369,0.0005345776049,0.0008638220985,0.7272885026,9.781082423e-05,0.000449751876,-0.0003898746671,1,0,0,0
16.85040212,14.83031774,torque,hover,-0.01090820972,-0.01074811537,-1.621383786,0,0,-2,0.005214259494,-0.0046452838,-0.007729538251,0,0,0,0.3789257821,0.01041695374,0.02049104178,0.002004693495,-0.000742093951,0.0008255047724,0.002782230657,0.0004904624534,0.0007964867878,0.7272189506,0.0002355572631,0.0004415895402,-0.0002730881962,1,0,0,0
16.86041999,14.84033561,torque,hover,-0.01095706224,-0.01097556483,-1.621551394,0,0,-2,0.005360132549,-0.004341006745,-0.007643799763,0,0,0,0.3787662436,0.01029577755,0.0205607154,0.002181206597,-0.0006584199728,0.0003482847242,0.003097404494,0.0007239828179,0.0007731277877,0.7271799231,0.0002617710439,0.0004404964555,0.0001945726124,1,0,0,0
16.87042546,14.85034108,torque,hover,-0.01100223605,-0.01119647082,-1.621715665,0,0,-2,0.005532112904,-0.004073205404,-0.007581650279,0,0,0,0.3786098894,0.010231163,0.02018953131,0.003458571387,-5.169887299e-05,0.00054952153,0.003508315998,0.0006074120377,0.0007444167275,0.7271361391,0.0001582587696,0.0002905722847,-3.341141319e-05,1,0,0,0
16.88044071,14.86035633,torque,hover,-0.01104393508,-0.01141075231,-1.621876478,0,0,-2,0.005659447052,-0.003751778509,-0.007379751187,0,0,0,0.3784568291,0.01002825561,0.01944127242,0.003709217999,0.0005547006731,0.001531534363,0.003524377381,0.001039053037,0.0006899589223,0.7271290015,0.0001057992402,0.0002774928955,-0.001071693718,1,0,0,0
16.89042068,14.87033629,torque,hover,-0.01108351164,-0.01161913387,-1.622033358,0,0,-2,0.005761303008,-0.003520610975,-0.007231688593,0,0,0,0.3783075882,0.009893666352,0.0180128847,0.004400989972,0.0006309598102,0.0001497418998,0.003216776609,0.0006852502656,0.0006750192215,0.7271097294,-7.586092533e-05,0.0001557478833,0.0003277686936,1,0,0,0
16.90044332,14.88035893,torque,hover,-0.01113307569,-0.0120352963,-1.622388721,0,0,-2,0.006105584092,-0.002939234953,-0.007017505355,0,0,0,0.3779670252,0.009755134065,0.0173960732,0.003362849355,0.001830018824,0.001334069413,0.004807431648,0.0007744479306,0.0005782348398,0.7270351452,0.0004444861358,6.203992714e-06,-0.0009613571126,1,0,0,0
16.9104085,14.89032412,torque,hover,-0.0111532025,-0.01223349944,-1.622559905,0,0,-2,0.006245376077,-0.002594913123,-0.006781024858,0,0,0,0.3778029615,0.009577086957,0.0166663638,0.005384050775,0.001252523973,0.001479414408,0.004761359892,0.001397750621,0.000520708183,0.7270329656,0.0001135936896,0.0002139937771,-0.001148862775,1,0,0,0
16.92041993,14.90033555,torque,hover,-0.01117020007,-0.01242517028,-1.62272656,0,0,-2,0.006403897889,-0.002329286886,-0.006611879449,0,0,0,0.3776432272,0.009494863634,0.01634428591,0.003895847593,0.0009538982413,0.001265906263,0.004916332953,0.001278657511,0.0004687150293,0.7270154097,0.0003217160861,0.0001998801487,-0.0009677853857,1,0,0,0
16.93042469,14.91034031,torque,hover,-0.01117361896,-0.01261152979,-1.622887731,0,0,-2,0.006541410927,-0.002039116342,-0.006376435049,0,0,0,0.3774884954,0.009359859844,0.01579224738,0.005175844301,0.001607220038,0.0006705211126,0.004967511872,0.001412425761,0.0004335291684,0.7270166256,0.0001248447836,0.0001189682587,-0.000385406166,1,0,0,0
16.94042563,14.92034125,torque,hover,-0.01117207576,-0.01296565868,-1.623197317,0,0,-2,0.006842497271,-0.001427985844,-0.005958963186,0,0,0,0.3771911789,0.009185213918,0.01606480254,0.005208992865,0.00118072785,0.0004225696903,0.006304765448,0.002236985718,0.0003505715358,0.7270100697,0.0004262638266,0.0003562769136,-0.0002038871122,1,0,0,0
16.95039463,14.93031025,torque,hover,-0.01116745267,-0.01313348021,-1.623348355,0,0,-2,0.006973075215,-0.001114469953,-0.005765503738,0,0,0,0.3770459677,0.0091162961,0.01603993368,0.005127371289,0.001713789185,0.0003501999017,0.006095823994,0.002534107611,0.0003266995374,0.7270042697,0.0003374579923,0.0003151343336,-0.0001419271466,1,0,0,0
16.96041989,14.94033551,torque,hover,-0.01114552561,-0.01329788379,-1.623498678,0,0,-2,0.00711818831,-0.0007576252101,-0.00557446247,0,0,0,0.3769009177,0.00907288447,0.01715020971,0.004012570251,0.002408358734,0.00025567392,0.006340671672,0.003099112932,0.0003041623768,0.7269980579,0.0005031799681,0.0003152506959,-5.984680508e-05,1,0,0,0
16.97040272,14.95031834,torque,hover,-0.01112118922,-0.01345616486,-1.623644829,0,0,-2,0.007316475734,-0.0004717317061,-0.005381037947,0,0,0,0.3767598229,0.009094444313,0.01874371743,0.003441291163,0.002024976769,0.0003301058023,0.00701526268,0.002987367021,0.0002740735672,0.726993999,0.0006886221833,0.0003048474022,-0.0001590818561,1,0,0,0
16.98041797,14.96033359,torque,hover,-0.01106546819,-0.01375562046,-1.623924255,0,0,-2,0.007591169793,5.228665395e-05,-0.004905397538,0,0,0,0.3764898769,0.009038336004,0.01962392478,0.00545687601,0.00171599153,-0.001391730621,0.008269661796,0.003223329946,0.000258536827,0.7270131357,0.0006725601607,0.0003831910942,0.001574208144,1,0,0,0
16.9904151,14.97033072,torque,hover,-0.0110133877,-0.01388924196,-1.624047399,0,0,-2,0.007773972116,0.0003678083885,-0.004700435326,0,0,0,0.3763702489,0.009091975458,0.02169820019,0.004809463397,0.001466291607,-0.0007029320695,0.008697820255,0.003603424454,0.000259034498,0.7270202823,0.0007921013914,0.0004685300676,0.0008749123938,1,0,0,0
17.00041509,14.98033071,torque,hover,-0.01095943712,-0.01401688717,-1.624167323,0,0,-2,0.007914516144,0.000755085377,-0.004580375273,0,0,0,0.3762536158,0.009175486764,0.02440831986,0.003753374098,0.001048333361,0.0001221288403,0.008868669048,0.004648349379,0.0002399089306,0.7270070107,0.0009059744606,0.0007248602532,2.495525196e-05,1,0,0,0
17.01042366,14.99033928,torque,hover,-0.01090378687,-0.01413836516,-1.62428391,0,0,-2,0.008050990291,0.001121076872,-0.004396607634,0,0,0,0.3761400888,0.00924150511,0.02639737116,0.004587725736,0.002631019801,2.191984458e-05,0.008979295519,0.005311015858,0.0002235371002,0.727011121,0.0007520422359,0.0006047753433,0.0001196172495,1,0,0,0
17.02041435,15.00032997,torque,hover,-0.01084624603,-0.01425403543,-1.62440002,0,0,-2,0.008250878192,0.001479313476,-0.004264124669,0,0,0,0.3760268126,0.009404685986,0.02809548875,0.006854899693,0.00366272754,-0.0002432712354,0.009537461514,0.005738175695,0.0002124894975,0.7270023887,0.0005191060025,0.0005098315078,0.000380260596,1,0,0,0
17.03041816,15.01033378,torque,hover,-0.01069003809,-0.01442912873,-1.624618649,0,0,-2,0.0085001681,0.002205276396,-0.00399800064,0,0,0,0.3758106371,0.00964883987,0.03067816374,0.007946636528,0.004842554219,0.0009488555952,0.01128537411,0.008210390162,0.0001352224432,0.7269901211,0.0007676379546,0.0008830215926,-0.0009017806685,1,0,0,0
17.04042387,15.02033949,torque,hover,-0.01061007474,-0.0145087149,-1.624722958,0,0,-2,0.008682645857,0.002554302104,-0.003797098529,0,0,0,0.3757072465,0.009814823257,0.0317892854,0.008277490735,0.005979910493,-0.000109440487,0.01138345021,0.008224039338,0.0001160208506,0.7270030005,0.0006706625535,0.0006445064914,0.000167446253,1,0,0,0
17.05041194,15.03032756,torque,hover,-0.0105284499,-0.01458327007,-1.624823689,0,0,-2,0.008860510774,0.002875151113,-0.003545430955,0,0,0,0.3756072204,0.00996720752,0.03177363141,0.009943976998,0.007032105234,-0.0003601571661,0.01135790863,0.008014893057,0.0001049902463,0.7270300799,0.0003764595344,0.0003858737017,0.0004187388832,1,0,0,0
17.0604322,15.04034781,torque,hover,-0.01034000888,-0.01468527038,-1.624989867,0,0,-2,0.009191949852,0.003545270301,-0.003178496612,0,0,0,0.3754399721,0.01035199132,0.03109365073,0.01173015777,0.008369116113,0.0008469485911,0.01333859154,0.009748068597,3.836337404e-05,0.7270623917,0.0006102498667,0.0006015493992,-0.0008731619369,1,0,0,0
17.07042074,15.05033636,torque,hover,-0.01024394203,-0.01472917851,-1.625058174,0,0,-2,0.00933537446,0.003878212767,-0.002926569199,0,0,0,0.3753708298,0.01052399914,0.02947706574,0.0134223057,0.009548766539,0.0002714432194,0.01252168025,0.009455216699,1.221649634e-05,0.727101279,0.000115499302,0.0002969591846,-0.0002960604208,1,0,0,0
17.08042359,15.06033921,torque,hover,-0.01014709286,-0.01476888731,-1.625123262,0,0,-2,0.009394752793,0.004125169944,-0.002646929119,0,0,0,0.3753047454,0.01059644473,0.02575320106,0.013448135,0.01086331625,-0.0005880568642,0.0110833337,0.008534884285,1.28951975e-05,0.7271484514,-0.0002576329496,-0.0001453472414,0.0005934065623,1,0,0,0
17.09045267,15.07036829,torque,hover,-0.01004986651,-0.01480459049,-1.625185013,0,0,-2,0.009442887269,0.004415789619,-0.002402393613,0,0,0,0.3752418558,0.01069760782,0.02188118104,0.01414697058,0.01184113044,-0.0002191280364,0.009822775888,0.008136976267,2.334208323e-06,0.7271878998,-0.0006457751333,-0.000389247281,0.0002185288147,1,0,0,0
17.10043311,15.08034873,torque,hover,-0.009832933545,-0.0148141887,-1.625292301,0,0,-2,0.009736290202,0.005024040118,-0.001955158776,0,0,0,0.3751293195,0.01112919457,0.0163279358,0.01585135981,0.01331530605,0.0002829706646,0.01152549588,0.009640809285,-7.077498843e-05,0.7272619546,-0.0003714575166,-0.0001702557076,-0.0003623587397,1,0,0,0
17.11043477,15.09035039,torque,hover,-0.009722838178,-0.01481378451,-1.625341892,0,0,-2,0.009861079976,0.005280210637,-0.001752349082,0,0,0,0.3750768981,0.01132220164,0.01304479374,0.01508556679,0.01288532745,-0.00036917135,0.01066627062,0.008757037809,-8.494678778e-05,0.7272952168,-0.0004869117494,-0.0003549094959,0.0002993938809,1,0,0,0
17.12043953,15.10035515,torque,hover,-0.009612232447,-0.01480996795,-1.62538898,0,0,-2,0.009905121289,0.005550652742,-0.001573265297,0,0,0,0.3750268611,0.01146282414,0.009185421383,0.01510616299,0.01255353633,0.0002810177684,0.009286855832,0.008266829172,-0.0001155369214,0.7273233719,-0.0008106098086,-0.0004418976732,-0.0003771434526,1,0,0,0
17.13043213,15.11034775,torque,hover,-0.009486303665,-0.01479201764,-1.625434399,0,0,-2,0.009958735667,0.005837471224,-0.001328539802,0,0,0,0.3749775773,0.01161970328,0.006448156427,0.01411358081,0.01269235834,3.194992314e-05,0.008474350529,0.008103433485,-0.0001404497655,0.7273687511,-0.0008399702166,-0.0005072882153,-0.0001368352187,1,0,0,0
17.14042592,15.12034154,torque,hover,-0.009360047057,-0.01477080584,-1.62549603,0,0,-2,0.01008791756,0.006100090686,-0.001188210328,0,0,0,0.3749120041,0.01184858771,0.004769581546,0.0141359074,0.01225547679,0.0008384643588,0.008411672859,0.007722952458,-0.0001852087951,0.7273817991,-0.000829104925,-0.0005396388269,-0.0009911496195,1,0,0,0
17.15040684,15.13032246,torque,hover,-0.009107023478,-0.01471955702,-1.625610948,0,0,-2,0.0101679489,0.006565947086,-0.0007718395791,0,0,0,0.3747889617,0.01212825554,0.004849116542,0.01434141118,0.01164408121,-0.0004623777932,0.008615641833,0.008686104707,-0.0002417148395,0.7274453884,-0.0006895807497,-0.0001553959203,0.0002838834365,1,0,0,0
17.16042185,15.14033747,torque,hover,-0.008971080184,-0.01468564477,-1.625673175,0,0,-2,0.01019630674,0.006854017265,-0.0006284345291,0,0,0,0.374722191,0.01230191667,0.006988045871,0.0135808792,0.01105948351,-0.0001188499373,0.007591528216,0.008496132268,-0.0002563972922,0.7274589975,-0.0008191841046,-0.0001559872609,-7.108080363e-05,1,0,0,0
17.17042041,15.15033603,torque,hover,-0.008836210705,-0.01464861073,-1.625732541,0,0,-2,0.01027203817,0.007159196306,-0.0004419244942,0,0,0,0.3746582326,0.01252853372,0.00760214323,0.01153347176,0.009893071838,-0.0004391514231,0.007276211554,0.008553250995,-0.0002553019521,0.7274845677,-0.000597999556,-1.491809602e-05,0.0002586498919,1,0,0,0
17.18043232,15.16034794,torque,hover,-0.00870128721,-0.01460840367,-1.625789165,0,0,-2,0.01033365168,0.007406021003,-0.0003053822147,0,0,0,0.3745969387,0.01271718374,0.008597000132,0.01142925955,0.009243123233,-0.0003487796057,0.006850360224,0.008196685191,-0.0002621191041,0.7274985008,-0.0006719866559,-4.145251705e-05,0.000163580716,1,0,0,0
17.19041657,15.17033219,torque,hover,-0.008424106985,-0.0145185031,-1.625907898,0,0,-2,0.01045084,0.007905645296,6.147591193e-06,0,0,0,0.3744684944,0.01310417193,0.008774318876,0.008304812014,0.008000096306,-0.0002757623442,0.008394118615,0.009940667656,-0.0002918634182,0.7275341444,0.0001796548639,0.0005625908971,5.981769852e-05,1,0,0,0
17.20041251,15.18032813,torque,hover,-0.008281566203,-0.01446912345,-1.625969887,0,0,-2,0.0104991952,0.008150232956,0.0001290641376,0,0,0,0.3744014763,0.0132919545,0.008265942624,0.007671251893,0.008589247242,-9.329629393e-05,0.007849169774,0.009378895014,-0.0002934925654,0.7275426997,9.524189274e-05,0.0002809872269,-0.0001202645629,1,0,0,0
17.21040583,15.19032145,torque,hover,-0.00813933555,-0.01441674214,-1.626029015,0,0,-2,0.01053228043,0.008409078233,0.0002922415442,0,0,0,0.3743372666,0.01348061322,0.007666692728,0.006856903434,0.008780547418,-0.0002261260379,0.00738948991,0.009128506827,-0.0002915826122,0.7275624978,6.983098533e-05,0.0001508770504,2.13705539e-05,1,0,0,0
17.22041345,15.20032907,torque,hover,-0.007997430861,-0.01436143368,-1.626085162,0,0,-2,0.01054969616,0.008653615601,0.000440977863,0,0,0,0.3742759886,0.01365194541,0.00699131713,0.00544471154,0.009106782265,0.0003918373841,0.007000569191,0.008863705904,-0.000305925125,0.7275797264,0.0001517008389,1.2685862e-05,-0.0006134488613,1,0,0,0
17.23040366,15.21031928,torque,hover,-0.007721665315,-0.01426865347,-1.626205921,0,0,-2,0.01067235973,0.009187577292,0.000634623284,0,0,0,0.3741460035,0.01409658063,0.004336078568,0.003775193356,0.01157428976,-0.0001514898031,0.009219032881,0.01055148368,-0.0002867104979,0.7275848073,0.0008917483119,0.0001112135828,-4.884178531e-05,1,0,0,0
17.24041343,15.22032905,torque,hover,-0.007584323641,-0.01421756949,-1.626262188,0,0,-2,0.01071753353,0.009447257966,0.0008383534732,0,0,0,0.374085035,0.01431150043,0.004197046173,0.005174559075,0.01231952012,-0.0006396038225,0.008765117931,0.009796911024,-0.0002611986039,0.7276159543,0.0005275193293,-0.0002125070945,0.0004699141811,1,0,0,0
17.25040603,15.23032165,torque,hover,-0.007318047341,-0.01412039809,-1.626386285,0,0,-2,0.01070747618,0.009863520041,0.001091013313,0,0,0,0.3739520659,0.01459895146,0.006788806479,0.003432230791,0.01295990497,-0.0009626409737,0.009454667706,0.01019733953,-0.0002205387583,0.7276348641,0.0009008986867,-0.000151498412,0.0008311172783,1,0,0,0
17.26040411,15.24031973,torque,hover,-0.007188905962,-0.01407439075,-1.626454473,0,0,-2,0.01073510759,0.01002730988,0.001164588728,0,0,0,0.3738796998,0.01473586595,0.009310911485,0.005583674181,0.01333166566,-0.000290427357,0.00872912565,0.008484090592,-0.0001990957179,0.7276287447,0.000382151622,-0.0006315164836,0.0001636309552,1,0,0,0
17.27040815,15.25032377,torque,hover,-0.007059692405,-0.01402580179,-1.626519918,0,0,-2,0.01076473016,0.01016319171,0.001261832425,0,0,0,0.3738100235,0.01485806522,0.01185318114,0.006742331665,0.01246935688,-0.0002133817761,0.008141797126,0.006945595648,-0.0001801245033,0.7276296321,6.590382311e-05,-0.0008614059513,9.915958861e-05,1,0,0,0
17.28040695,15.26032257,torque,hover,-0.006930368487,-0.01397485379,-1.626582742,0,0,-2,0.01078808401,0.01027906686,0.001316506416,0,0,0,0.3737429268,0.01495911633,0.01511967427,0.005483982153,0.01287162118,-0.0005538543919,0.007715998596,0.005539412244,-0.0001510639797,0.7276206813,0.0001359776114,-0.001207237598,0.0004698302011,1,0,0,0
17.29039025,15.27030587,torque,hover,-0.006803434342,-0.01394490153,-1.626646519,0,0,-2,0.01080583967,0.01038775221,0.001335847192,0,0,0,0.3736757538,0.01504845689,0.01892571996,0.007329721935,0.01369868033,-0.0007804980851,0.007217425467,0.004059895325,-0.0001151105813,0.7276024361,-0.000227407764,-0.001601909904,0.0007265573612,1,0,0,0
17.30040574,15.28032136,torque,hover,-0.006676304154,-0.0139120603,-1.626708269,0,0,-2,0.0108470507,0.01053585671,0.001383343711,0,0,0,0.3736105389,0.01518474317,0.02180977184,0.007598077413,0.0122380564,0.0003558860917,0.007056992071,0.003237626665,-9.671835623e-05,0.727592056,-0.0002800373456,-0.001509765521,-0.0004190139718,1,0,0,0
17.31040597,15.29032159,torque,hover,-0.006422463804,-0.01383874752,-1.626804948,0,0,-2,0.01083187293,0.01077594142,0.00144453242,0,0,0,0.3735067682,0.01534721664,0.02631876477,0.007397052366,0.009897218086,0.001085831551,0.00751593834,0.00316078169,-9.756494102e-05,0.727572455,-7.748630445e-05,-0.001061055714,-0.00116707596,1,0,0,0
17.32041049,15.30032611,torque,hover,-0.006321678404,-0.01381171215,-1.626855969,0,0,-2,0.01085194387,0.01082031894,0.001556443167,0,0,0,0.3734530688,0.0154034575,0.02833816992,0.008970329538,0.007107824553,0.0001298434217,0.006603924592,0.001717693823,-7.573231265e-05,0.7275823325,-0.0004976969751,-0.000970038256,-0.0001793348153,1,0,0,0
17.33039117,15.31030679,torque,hover,-0.006220139563,-0.01378242578,-1.626904488,0,0,-2,0.01083531044,0.01088397484,0.001671995386,0,0,0,0.3734018034,0.01544863843,0.029070531,0.009128857404,0.004923947155,-0.0002147811028,0.005580760634,0.0009064921457,-4.190675557e-05,0.7275940363,-0.0007246967578,-0.0008092452285,0.000196011718,1,0,0,0
17.34040666,15.32032228,torque,hover,-0.006016021594,-0.01371672563,-1.626994133,0,0,-2,0.01078205649,0.01102907117,0.001842568978,0,0,0,0.3733064665,0.01553345466,0.02690207213,0.007558530662,0.0001943409297,-5.102000796e-05,0.005309078622,0.001427125223,1.307462278e-05,0.7276047881,-0.0004825077139,1.009444977e-05,6.543673261e-05,1,0,0,0
17.35039663,15.33031225,torque,hover,-0.005913553294,-0.01368018705,-1.627035856,0,0,-2,0.0107252188,0.01115224231,0.001897439244,0,0,0,0.3732617984,0.01558855678,0.02427875099,0.009111314081,-0.001287372666,0.0007501669461,0.004175441104,0.001689590441,2.04535877e-05,0.7276035624,-0.0009237300362,0.0002736245536,-0.0007452802032,1,0,0,0
17.36041474,15.34033036,torque,hover,-0.005847366992,-0.01366228983,-1.627095699,0,0,-2,0.01068701502,0.01122846268,0.001894655405,0,0,0,0.3732003046,0.01561667005,0.02223701936,0.008329994045,-0.003305894788,0.0005424423143,0.002999043961,0.001518148286,3.387348143e-05,0.7275811686,-0.001031666102,0.0004984655334,-0.0005223888789,1,0,0,0
17.370399,15.35031462,torque,hover,-0.005780059844,-0.0136417849,-1.627153158,0,0,-2,0.01063062344,0.01126761269,0.002004120732,0,0,0,0.3731410924,0.01562004322,0.02105001122,0.008394050412,-0.004271196201,0.0001109987206,0.001852595154,0.001263645939,6.20439601e-05,0.7275881025,-0.001236045026,0.0005567648651,-6.080544649e-05,1,0,0,0
17.38043523,15.36035085,torque,hover,-0.005643354729,-0.01359522529,-1.627230763,0,0,-2,0.01053512935,0.01128967851,0.002236613771,0,0,0,0.3730597557,0.01560282771,0.02009217202,0.006648210809,-0.005711073987,3.654561078e-05,0.0009652746896,0.001648306813,0.0001477499435,0.7276189364,-0.00107252113,0.0007924298618,7.799223132e-05,1,0,0,0
17.39042687,15.37034249,torque,hover,-0.005598736461,-0.01359251421,-1.62727356,0,0,-2,0.0104573993,0.01139414031,0.002332468051,0,0,0,0.3730162217,0.01564046165,0.02065601854,0.005984790623,-0.004989419132,0.0003138175525,-0.0001797358927,0.002088428353,0.0001662406799,0.7276277014,-0.001177400663,0.0007781039013,-0.0001886373644,1,0,0,0
17.4004395,15.38035512,torque,hover,-0.005552837625,-0.01358683687,-1.627313972,0,0,-2,0.01039719116,0.01144359354,0.002452111803,0,0,0,0.3729749482,0.01565472035,0.02200375541,0.005353726447,-0.004660474602,0.0004409652902,-0.0009736457627,0.002064912002,0.0001886448408,0.7276433767,-0.001197184638,0.0007106814846,-0.0003005991667,1,0,0,0
17.41040039,15.39031601,torque,hover,-0.005505823996,-0.01357858162,-1.627351999,0,0,-2,0.01030182466,0.01146506332,0.002565733856,0,0,0,0.3729359522,0.01562556426,0.02376996407,0.003590460634,-0.003313123714,-0.0004018854233,-0.00184905852,0.00188300471,0.0002346651433,0.7276583877,-0.001081871591,0.0004748271706,0.0005931113434,1,0,0,0
17.42042089,15.4003365,torque,hover,-0.005422731861,-0.01357592084,-1.627413034,0,0,-2,0.01019454841,0.01163723879,0.002768765436,0,0,0,0.3728736496,0.01571687646,0.0253042708,0.001346851117,-0.003799702739,-0.0003758694511,-0.002149569074,0.003247150342,0.000320470777,0.7276877026,-0.0007608634164,0.0008285675151,0.0006280104096,1,0,0,0
17.43041348,15.4103291,torque,hover,-0.005386255216,-0.01358034555,-1.627441049,0,0,-2,0.01008872874,0.011724554,0.002862236463,0,0,0,0.3728452893,0.01573022605,0.02623483163,-0.0008797305636,-0.002012809273,-0.001155363745,-0.002736933419,0.003386158038,0.0003967695401,0.7277012189,-0.0005399682603,0.0005958405481,0.001478638793,1,0,0,0
17.4404304,15.42034602,torque,hover,-0.005348843988,-0.01358158048,-1.627467036,0,0,-2,0.009962077253,0.01181572489,0.002949912101,0,0,0,0.372818828,0.01573392257,0.02736596511,-0.001014237758,-0.001088963239,-0.0001150194948,-0.003337456029,0.003586221707,0.0004437916352,0.7277139931,-0.0006127613751,0.0005054633972,0.0004537244284,1,0,0,0
17.45041323,15.43032885,torque,hover,-0.005310837645,-0.01357964333,-1.627491117,0,0,-2,0.009796315804,0.01197337825,0.003010957269,0,0,0,0.3727941523,0.01576056641,0.02850185509,-0.002504469594,0.0004714141833,0.0002782831143,-0.00398449762,0.004337682733,0.0004792282594,0.7277206816,-0.0005082316938,0.0004581807005,7.947396072e-05,1,0,0,0
17.46043062,15.44034624,torque,hover,-0.00525632361,-0.01362064015,-1.627501011,0,0,-2,0.009603627026,0.01205005962,0.003170016222,0,0,0,0.3727849885,0.01573157945,0.02641867326,-0.003996228799,0.002811279614,0.0002598528226,-0.004342754693,0.003548126864,0.0005387145936,0.7277574158,-0.0003654273228,-3.392975708e-05,0.0001416566194,1,0,0,0
17.47042465,15.45034027,torque,hover,-0.005227320828,-0.01363646053,-1.627503753,0,0,-2,0.009469517507,0.01210921071,0.003271487541,0,0,0,0.3727824194,0.01571646833,0.02508663765,-0.005851813126,0.003819179023,0.0006661012885,-0.004438514854,0.003083052192,0.0005691766637,0.7277821346,-9.113917571e-05,-0.0002612473594,-0.0002507861696,1,0,0,0
17.48044276,15.46035838,torque,hover,-0.005197455175,-0.01364924759,-1.627504826,0,0,-2,0.009369461797,0.01212875266,0.003375387285,0,0,0,0.3727813977,0.01569352397,0.02256141156,-0.006945006084,0.005912309978,0.001116743428,-0.004142953063,0.002247949684,0.0005858783063,0.7278080938,0.0001548994487,-0.0007079642045,-0.0006998706855,1,0,0,0
17.4904151,15.47033072,torque,hover,-0.005182669964,-0.01367357187,-1.627491117,0,0,-2,0.009290623479,0.01218724065,0.003438720247,0,0,0,0.3727957818,0.01570570967,0.02084816909,-0.006209037267,0.007537035272,-0.0001610031468,-0.003852987971,0.00165337604,0.0006376064726,0.727829112,0.0001364358734,-0.001012741979,0.0006363768908,1,0,0,0
17.50042391,15.48033953,torque,hover,-0.005148441065,-0.01371317729,-1.627426744,0,0,-2,0.009104120545,0.0121516576,0.003618750023,0,0,0,0.3728610856,0.01560907253,0.01937074325,-0.007038193755,0.007382198237,0.0008817153284,-0.003898392633,-0.0002198167097,0.0007070489679,0.727898087,0.0002004696049,-0.00130204246,-0.000375960379,1,0,0,0
17.51040483,15.49032044,torque,hover,-0.005129500758,-0.01372936368,-1.627393603,0,0,-2,0.009012471884,0.01210456155,0.003713344922,0,0,0,0.3728945348,0.01554136385,0.0210222325,-0.006151528563,0.007397365756,-0.0001454626909,-0.003623892308,-0.001341872466,0.0007625296805,0.727934079,0.0001590632571,-0.001479135608,0.0007083029676,1,0,0,0
17.52055764,15.50047326,torque,hover,-0.005124189891,-0.01375315804,-1.627355456,0,0,-2,0.008957344107,0.01204616763,0.003782379674,0,0,0,0.372933456,0.01548065128,0.02314261256,-0.007251586765,0.006359776948,-3.677899804e-05,-0.003151359945,-0.002446187817,0.0008142822341,0.7279654092,0.0004289110053,-0.001498201883,0.0006335508303,1,0,0,0
17.53042698,15.5103426,torque,hover,-0.00511710206,-0.01377460919,-1.627317309,0,0,-2,0.008867380209,0.01202131063,0.003787648398,0,0,0,0.3729722677,0.01541066583,0.02532315033,-0.007079301868,0.005687444471,0.0009414569358,-0.002987030751,-0.003048026631,0.0008432465411,0.7279805556,0.0004394970707,-0.001451712836,-0.0003423650031,1,0,0,0
17.54042578,15.5203414,torque,hover,-0.005108677316,-0.01379343681,-1.627279043,0,0,-2,0.008732077666,0.01201102231,0.003803827334,0,0,0,0.3730110845,0.01532915326,0.02729228925,-0.007261707447,0.003815604607,-0.0001628946629,-0.003139550281,-0.003306911595,0.0009023441117,0.7279985038,0.0004252146274,-0.001170139247,0.0008254291483,1,0,0,0
17.55055022,15.53046584,torque,hover,-0.005109038204,-0.01382621378,-1.627208233,0,0,-2,0.008587616496,0.01193821989,0.003891736967,0,0,0,0.3730830579,0.01521229331,0.02873587911,-0.006009344943,-0.001480797539,0.0003969274403,-0.003076011092,-0.003997790302,0.0009770510286,0.7280464515,0.0002207258299,-0.0005310042898,0.00031120716,1,0,0,0
17.56071615,15.54063177,torque,hover,-0.005117096938,-0.0138403317,-1.627174616,0,0,-2,0.008545025252,0.01196508482,0.004007276148,0,0,0,0.3731172825,0.01523938888,0.02748329558,-0.006745543797,-0.004449071828,0.0002013125923,-0.002419694294,-0.003375519482,0.001028638164,0.7280879261,0.00048318374,5.436173844e-05,0.0005475277274,1,0,0,0
17.57050681,15.55042243,torque,hover,-0.005122859962,-0.01385169104,-1.627140403,0,0,-2,0.008479034528,0.01198546309,0.004027277231,0,0,0,0.3731519694,0.01522380747,0.02578398226,-0.005836359691,-0.007278947625,-0.0004987196298,-0.002098917206,-0.00269253107,0.001099776813,0.728105395,0.0004285962804,0.0006018037051,0.001312538819,1,0,0,0
17.5804224,15.56033802,torque,hover,-0.005149307661,-0.01388613414,-1.627060652,0,0,-2,0.008414634503,0.01195466612,0.004073113669,0,0,0,0.3732333018,0.01517598006,0.02323064574,-0.007250393741,-0.01028679218,-0.0002836606291,-0.00169241122,-0.002049423595,0.00120775706,0.7281459357,0.0006714614777,0.001073763025,0.001172869706,1,0,0,0
17.59041882,15.57033443,torque,hover,-0.005168889184,-0.01390828658,-1.627015233,0,0,-2,0.008429717273,0.01202337258,0.004072243813,0,0,0,0.3732797801,0.01523826732,0.0229362521,-0.007296513766,-0.01144018956,0.0006868587807,-0.0007143654706,-0.0008904066074,0.001242493229,0.7281621585,0.0008872581991,0.001458419218,0.0002080204215,1,0,0,0
17.60042119,15.58033681,torque,hover,-0.005185951479,-0.01392723154,-1.626969695,0,0,-2,0.008372165263,0.01209179498,0.004126294516,0,0,0,0.373326225,0.01527517475,0.02367490957,-0.007393009961,-0.01187750511,0.001401461195,-0.0004593998482,0.0002700171505,0.001256870371,0.7281923351,0.0009280458667,0.001723421703,-0.000508436927,1,0,0,0
17.61040759,15.59032321,torque,hover,-0.005212369375,-0.01395667717,-1.626881957,0,0,-2,0.008410943672,0.01216205023,0.00419962313,0,0,0,0.3734153607,0.01537193136,0.03025313996,-0.005148893222,-0.01187525876,0.0002752760483,0.0007594122948,0.001784117953,0.001327811822,0.7282426658,0.0008278055447,0.001921769522,0.0006874414876,1,0,0,0
17.62041807,15.60033369,torque,hover,-0.005245293491,-0.01397498511,-1.626837254,0,0,-2,0.008323440328,0.01219868101,0.00419213064,0,0,0,0.3734611742,0.01535126824,0.03293294386,-0.004634168465,-0.01000629924,0.0005516202655,0.00028460693,0.002469446716,0.001363106381,0.7282569267,0.0006201944331,0.001744801631,0.0004341155932,1,0,0,0
17.63041925,15.61033487,torque,hover,-0.005275717005,-0.01399027742,-1.62679255,0,0,-2,0.008269299753,0.01226667501,0.004190229345,0,0,0,0.3735068429,0.01537565141,0.03598452412,-0.004433687311,-0.007745177485,0.0006040496519,0.0002605084888,0.003267270167,0.001398123286,0.7282725953,0.0005750125608,0.001550350564,0.0004064660452,1,0,0,0
17.64043546,15.62035108,torque,hover,-0.005303479731,-0.01400254201,-1.626747727,0,0,-2,0.008254886605,0.01235669572,0.004250001628,0,0,0,0.3735524824,0.01545618309,0.03937853759,-0.003110890277,-0.006426522508,-0.0003187778057,0.0005759561133,0.004101434187,0.001457000917,0.728303939,0.0004591355139,0.001500064608,0.001387735857,1,0,0,0
17.65063691,15.63055253,torque,hover,-0.005328472704,-0.01401152369,-1.626702428,0,0,-2,0.008247639984,0.01246610004,0.004310203716,0,0,0,0.3735984379,0.0155565122,0.04181415724,-0.001755754463,-0.003531041788,0.0005130647914,0.0008740802559,0.004862349161,0.001491325253,0.7283355641,0.0003367765607,0.001218352547,0.0005639830317,1,0,0,0
17.6605618,15.64047742,torque,hover,-0.005423794035,-0.01401237492,-1.62663579,0,0,-2,0.008160076104,0.01269243006,0.0043084668,0,0,0,0.3736664256,0.01569227545,0.04190930294,0.0007107357378,0.003087685909,0.001043153112,-0.0003627919576,0.006339460201,0.001528689535,0.7283591908,-0.0002818839086,0.0006149331718,5.33133996e-05,1,0,0,0
17.67059922,15.65051484,torque,hover,-0.005466907751,-0.01400839724,-1.62661469,0,0,-2,0.008105286397,0.01272825059,0.004284811206,0,0,0,0.3736879877,0.0156864157,0.03963854179,0.002222099341,0.006321557797,0.0005462216795,-0.0007847952972,0.005719174298,0.001556528003,0.7283608414,-0.0005475974285,-4.225419637e-06,0.0005774849591,1,0,0,0
17.68044567,15.66036129,torque,hover,-0.005507166032,-0.01400183979,-1.62659359,0,0,-2,0.008091153577,0.01279692817,0.004211851861,0,0,0,0.373709416,0.01571521024,0.03722843672,0.004058595747,0.007639918011,0.001172649674,-0.0008875592632,0.005385423664,0.001564879534,0.7283499837,-0.0007737303133,-0.0002621471723,-5.665635773e-05,1,0,0,0
17.69042635,15.67034197,torque,hover,-0.005581557285,-0.01398959197,-1.626587749,0,0,-2,0.008022495545,0.01286865398,0.004149555229,0,0,0,0.3737158975,0.01572200683,0.03420991933,0.003808793379,0.009841538966,0.001408264739,-0.001842165668,0.005102350995,0.001566538107,0.7283362979,-0.000907786004,-0.0006150920842,-0.0002954116972,1,0,0,0
17.70044017,15.68035579,torque,hover,-0.005719979759,-0.01395711116,-1.626573563,0,0,-2,0.007928014733,0.01303084008,0.004186722916,0,0,0,0.3737309504,0.015817233,0.02895035556,0.002515548375,0.01265210658,0.0006638703635,-0.00358623211,0.00503646044,0.001561791129,0.7283508373,-0.001049018249,-0.0009089824741,0.000458791342,1,0,0,0
17.71041012,15.69032574,torque,hover,-0.005784058943,-0.01393697131,-1.626565218,0,0,-2,0.00787579082,0.01310814079,0.004134877119,0,0,0,0.3737395228,0.01584135868,0.02744836511,0.00218590186,0.01279380359,0.0008299697074,-0.003838769924,0.004445235562,0.001570191644,0.7283406967,-0.0009883133587,-0.001040004717,0.0002944611837,1,0,0,0
17.72043896,15.70035458,torque,hover,-0.005884183105,-0.01390752196,-1.626575947,0,0,-2,0.007720981725,0.0131322369,0.004106188659,0,0,0,0.3737292687,0.01577751533,0.02699601891,0.0008034782368,0.01308566984,0.001143952482,-0.0053144863,0.003630805434,0.001569250466,0.7283295184,-0.001071851695,-0.001234721337,-2.561413863e-05,1,0,0,0
17.73043776,15.71035337,torque,hover,-0.005980920512,-0.01387654711,-1.626585722,0,0,-2,0.00762886228,0.01312809717,0.004029238131,0,0,0,0.3737198858,0.01570927226,0.02741425377,0.0002526484895,0.01318361051,0.001449226169,-0.005995958488,0.002590799516,0.001551139071,0.7283064521,-0.001075818128,-0.001443039209,-0.0003504602935,1,0,0,0
17.74043846,15.72035408,torque,hover,-0.006163721904,-0.01380839106,-1.626613259,0,0,-2,0.007437549997,0.0133010773,0.003894243622,0,0,0,0.3736928167,0.01572898409,0.0299379202,-0.001620408846,0.009801179171,0.00159691344,-0.008041967185,0.00322610989,0.001515284163,0.728262177,-0.001214534634,-0.0007034726006,-0.0005249611313,1,0,0,0
17.75042963,15.73034525,torque,hover,-0.006274104118,-0.0137659749,-1.626633286,0,0,-2,0.007361419965,0.01333774813,0.003878602525,0,0,0,0.373673078,0.0157203558,0.03133558702,-0.002340434818,0.009595247917,0.001825549989,-0.008118734293,0.00262305131,0.001479863632,0.7282509305,-0.001040555082,-0.0008119559731,-0.0007845411673,1,0,0,0
17.76043248,15.7403481,torque,hover,-0.006380423903,-0.01372182369,-1.626652002,0,0,-2,0.007302056532,0.01335889567,0.003833868541,0,0,0,0.3736545539,0.0156996392,0.03235986933,-0.003380408278,0.006808373146,0.001447599148,-0.008008252847,0.002108650652,0.00145574058,0.7282327902,-0.000798116967,-0.0005396743342,-0.0004158465029,1,0,0,0
17.77043319,15.75034881,torque,hover,-0.006482768338,-0.01367632393,-1.626669765,0,0,-2,0.00724750571,0.0133242188,0.003774208017,0,0,0,0.3736368997,0.01563028445,0.03222282327,-0.00597396167,0.004782184027,0.002921642037,-0.007785654873,0.001317173217,0.001389295109,0.7282112275,-0.0003400413278,-0.0004409628527,-0.001963582239,1,0,0,0
17.78046203,15.76037765,torque,hover,-0.00658116024,-0.01362963207,-1.626686573,0,0,-2,0.007194042206,0.01327795256,0.003743378446,0,0,0,0.373620119,0.01555863585,0.03247649343,-0.006350625306,0.004047707655,0.001291941386,-0.007554226538,0.0006233317639,0.001367216053,0.7281973248,-0.0002072875658,-0.0004914841883,-0.0003202986569,1,0,0,0
17.79046631,15.77038193,torque,hover,-0.006822493859,-0.01349810604,-1.626748204,0,0,-2,0.007083126344,0.01329403464,0.003684088588,0,0,0,0.3735580923,0.01550724168,0.03078458281,-0.009514198638,0.0008118201513,0.0007058865158,-0.008700631037,0.001745412466,0.001347897711,0.7281599702,-6.19826158e-05,0.0002353569253,0.0002675329246,1,0,0,0
17.80044055,15.78035617,torque,hover,-0.006936871912,-0.01343064941,-1.62678647,0,0,-2,0.007056682836,0.01338558365,0.003673918545,0,0,0,0.3735195326,0.01557139363,0.02833162015,-0.009705174714,-0.0003550138208,0.0009681945667,-0.00781364928,0.002588601772,0.001332474852,0.7281435275,0.0001941764311,0.0005580358434,-1.080035841e-05,1,0,0,0
17.81041503,15.79033065,torque,hover,-0.007046775892,-0.01336180232,-1.626823068,0,0,-2,0.007048306521,0.01337381825,0.003630002728,0,0,0,0.3734825533,0.01554717206,0.02620911662,-0.009659772739,-0.001678770175,0.001107311575,-0.006976880799,0.002507307068,0.001308973103,0.728119147,0.0003839823113,0.0006718873504,-0.0001700430755,1,0,0,0
17.82045841,15.80037403,torque,hover,-0.007323527709,-0.01321374718,-1.626875162,0,0,-2,0.006936452352,0.01344834082,0.00362991821,0,0,0,0.3734305582,0.01556112297,0.02347551286,-0.01180024166,-0.00313685881,0.0002894061035,-0.008047256263,0.004538274245,0.001303556285,0.7281002746,0.0003538136145,0.001274621226,0.0006652281834,1,0,0,0
17.83045053,15.81036615,torque,hover,-0.007454933599,-0.01313804742,-1.626898766,0,0,-2,0.006838453468,0.01345450804,0.003623999888,0,0,0,0.3734069033,0.01552164964,0.02284317457,-0.01242280286,-0.003585738596,0.0005705876392,-0.00778211494,0.004681134588,0.001290941916,0.7280902426,0.000510491313,0.001284469586,0.0003697369041,1,0,0,0
17.84042692,15.82034254,torque,hover,-0.007582158782,-0.01306129713,-1.626920819,0,0,-2,0.006794346962,0.01348033547,0.003665508237,0,0,0,0.3733847368,0.01553443098,0.02304823198,-0.01178106572,-0.003574640956,-7.380013994e-05,-0.007047645164,0.005023268234,0.001294823893,0.7280927869,0.0005930445523,0.001285931397,0.001027023744,1,0,0,0
17.85041189,15.83032751,torque,hover,-0.007890447974,-0.01291445643,-1.626927614,0,0,-2,0.006676973309,0.01351497695,0.003761413274,0,0,0,0.3733792273,0.01553656347,0.02504224269,-0.01181949396,-0.001504456042,-0.0003705798008,-0.008193570974,0.006477243846,0.001308433123,0.728114678,0.0002507232732,0.001254049954,0.001341780055,1,0,0,0
17.86043167,15.84034729,torque,hover,-0.008037531748,-0.01283938065,-1.626923919,0,0,-2,0.006594497245,0.01356466208,0.003763576271,0,0,0,0.3733834678,0.01554515865,0.02608124224,-0.01137381885,0.0001533050527,0.0006321230903,-0.00770487771,0.006686917361,0.001288257306,0.7281165841,0.0003313944666,0.001003286973,0.0003027708811,1,0,0,0
17.87041593,15.85033154,torque,hover,-0.008179876022,-0.01276301313,-1.62691915,0,0,-2,0.006542961113,0.01363312732,0.003832083428,0,0,0,0.3733887053,0.01559991552,0.02659982339,-0.01164144371,0.002920327941,0.0009286288405,-0.006958557372,0.006909843575,0.001256557014,0.7281356979,0.0005554846034,0.0006217432164,-2.594396919e-05,1,0,0,0
17.88041162,15.86032724,torque,hover,-0.008317414671,-0.01268506609,-1.62691319,0,0,-2,0.006524320226,0.01374737266,0.003866941668,0,0,0,0.373395043,0.01570064481,0.02709188081,-0.01080673002,0.004742330406,0.001429863856,-0.006011398834,0.007387888154,0.0012099285,0.7281467019,0.0006572999184,0.0004465017255,-0.0005731272799,1,0,0,0
17.89042807,15.87034369,torque,hover,-0.008483880199,-0.01260838006,-1.626889825,0,0,-2,0.006498594768,0.01382965967,0.003943525255,0,0,0,0.3734195365,0.01578108399,0.02661129158,-0.01144287642,0.00701909326,0.001827269793,-0.005585542498,0.007411359904,0.001151911634,0.7281746114,0.0008253386603,0.0001115619333,-0.001021839024,1,0,0,0
17.90042925,15.88034487,torque,hover,-0.008799579926,-0.01245050039,-1.626841307,0,0,-2,0.006537675858,0.01400362048,0.003939030692,0,0,0,0.3734700228,0.01594862236,0.02492497669,-0.01095016114,0.01114256773,0.001633934211,-0.005500118313,0.008361811483,0.001070606172,0.7281910951,0.0006853265512,-0.0001798295113,-0.000885533688,1,0,0,0
17.91039896,15.89031458,torque,hover,-0.008949355222,-0.01236943807,-1.626824737,0,0,-2,0.006537361536,0.01404858474,0.003950889688,0,0,0,0.3734874445,0.01599091487,0.02356907027,-0.009710407816,0.01358060818,0.000231665821,-0.004734052903,0.007353518257,0.001050489057,0.7282001427,0.0006849305878,-0.0007627585207,0.0005234550084,1,0,0,0
17.92042136,15.90033698,torque,hover,-0.009130964987,-0.01228287909,-1.626798034,0,0,-2,0.006571894977,0.01410790905,0.00402744161,0,0,0,0.373515664,0.01607616831,0.0224109382,-0.009719409049,0.01645847969,0.0007316307747,-0.004121583983,0.006499866753,0.001015907993,0.7282292643,0.0008111563767,-0.001333711865,-1.338799659e-05,1,0,0,0
17.93041086,15.91032648,torque,hover,-0.009306387976,-0.01219524443,-1.626770616,0,0,-2,0.006581350695,0.01412255596,0.004062662367,0,0,0,0.3735445171,0.01610173871,0.02147688505,-0.009006481618,0.01664680988,0.001527846907,-0.003842861436,0.005358459961,0.0009490784695,0.7282481723,0.0007543217509,-0.001575761052,-0.0008742313543,1,0,0,0
17.94041204,15.92032766,torque,hover,-0.009639897384,-0.01201882306,-1.626715302,0,0,-2,0.006636084523,0.01405617036,0.00399719039,0,0,0,0.3736025229,0.01604964405,0.02572939608,-0.008893282153,0.01710457355,0.0008970348281,-0.004365405147,0.003721397545,0.0008562339532,0.7282516689,0.0005403682989,-0.00183914235,-0.0003021228935,1,0,0,0
17.95040441,15.93032002,torque,hover,-0.009833578952,-0.01192650292,-1.626671433,0,0,-2,0.006648375653,0.01404558402,0.003966577351,0,0,0,0.3736484435,0.01603786348,0.02860073957,-0.008672729135,0.01599218696,0.001177346101,-0.004112857734,0.002604251486,0.0007970135047,0.7282598371,0.0005709097389,-0.001877964774,-0.0006305364477,1,0,0,0
17.96040368,15.9403193,torque,hover,-0.01002110541,-0.0118336454,-1.626627684,0,0,-2,0.006626800634,0.0140519049,0.003963521216,0,0,0,0.3736941856,0.01603371505,0.03139143975,-0.007976481691,0.01540012006,0.0005765799433,-0.004153342114,0.001805976919,0.0007470009371,0.728274959,0.0004664277865,-0.001909561281,-5.570593803e-05,1,0,0,0
17.97040868,15.9503243,torque,hover,-0.01020253636,-0.01174034085,-1.626584291,0,0,-2,0.006666058209,0.01401193161,0.003918099683,0,0,0,0.3737395065,0.01600381406,0.03512376211,-0.007519262843,0.01364761591,-9.309388247e-07,-0.003677007427,0.0007116304249,0.0007128134488,0.7282791856,0.000516589299,-0.001850389512,0.0005087793733,1,0,0,0
17.98040891,15.96032453,torque,hover,-0.01057581138,-0.01155536342,-1.626494408,0,0,-2,0.006755945738,0.01381871477,0.003936812282,0,0,0,0.3738339227,0.01587759968,0.0404002846,-0.005505409092,0.007668302394,0.0005921577686,-0.004694180038,-0.0006743371346,0.0006153908286,0.7283165597,-3.15240375e-05,-0.001214447332,-0.0001655228509,1,0,0,0
17.99039912,15.97031474,torque,hover,-0.01076704729,-0.01146331616,-1.62643981,0,0,-2,0.006815557368,0.01381214894,0.004039210267,0,0,0,0.3738910973,0.01592301794,0.04054435661,-0.004956586286,0.005346558988,-0.0003471531963,-0.004124957458,-0.0007883113878,0.0005851522869,0.7283623541,5.872094571e-05,-0.0008814894768,0.0007722487042,1,0,0,0
18.00040817,15.98032379,torque,hover,-0.01095174998,-0.01137117296,-1.626384974,0,0,-2,0.006888992619,0.01372333616,0.00409327494,0,0,0,0.3739484355,0.0158916039,0.04018313408,-0.004422476981,0.001637146692,0.0009848553455,-0.003626713565,-0.001396085687,0.0005176555071,0.7283959797,0.0001204717033,-0.0004898526216,-0.0006301198097,1,0,0,0
18.0103929,15.99030852,torque,hover,-0.01132508554,-0.01119071897,-1.626247644,0,0,-2,0.006984340027,0.01357540488,0.004078896251,0,0,0,0.3740913165,0.0158022156,0.03597405299,-0.003532945644,-0.003265663283,0.0004138204094,-0.004826556297,-0.0009377309952,0.0004063376896,0.7284422407,-0.0002926760968,0.0002933786441,-0.0001270458203,1,0,0,0
18.02040648,16.0003221,torque,hover,-0.0115136262,-0.01110237185,-1.626165986,0,0,-2,0.007009374443,0.0135457376,0.004102484323,0,0,0,0.3741760231,0.01579394551,0.03081283037,-0.001924179611,-0.006608466152,-0.0002637837315,-0.00476862126,-0.0004409578445,0.0003693497124,0.7284779141,-0.0004549979652,0.0008388913908,0.0005388910998,1,0,0,0
18.03040075,16.01031637,torque,hover,-0.01169613097,-0.0110139735,-1.626088381,0,0,-2,0.007022804581,0.01346155163,0.004078093451,0,0,0,0.3742566046,0.0157214504,0.02584540087,-0.001794112264,-0.007665123791,-2.803311145e-05,-0.004890114446,-0.0003245064341,0.0003253816262,0.728499952,-0.0004579868268,0.0009635319913,0.0002677899818,1,0,0,0
18.0404098,16.02032542,torque,hover,-0.0118726436,-0.01092558634,-1.626011372,0,0,-2,0.007039322983,0.01343674771,0.004150670487,0,0,0,0.3743365094,0.01572661193,0.01986740784,-0.00316106854,-0.008955167606,0.0008389473078,-0.004836772689,0.0004552415268,0.0002578424631,0.7285463568,-0.0002230018457,0.001271965243,-0.0006623766742,1,0,0,0
18.0504005,16.03031611,torque,hover,-0.01207001694,-0.01083297748,-1.62590909,0,0,-2,0.007067413535,0.01341527421,0.004177514464,0,0,0,0.3744423155,0.01572798599,0.01344197853,-0.002358114347,-0.00946273841,7.988837751e-06,-0.00500993045,0.001329525068,0.0002133031962,0.7285903223,-0.0003480896836,0.001481506629,0.0001517454222,1,0,0,0
18.06042266,16.04033828,torque,hover,-0.01244511176,-0.0106483791,-1.62570858,0,0,-2,0.007202960551,0.01326253451,0.00421776576,0,0,0,0.3746496175,0.01567057786,0.003970596036,-0.002860639477,-0.01011831407,0.0008629253716,-0.006038148662,0.002734616212,9.249264697e-05,0.7286733132,-0.0005004712895,0.0017575465,-0.0008052101924,1,0,0,0
18.0704093,16.05032492,torque,hover,-0.01262317505,-0.01055622101,-1.625610352,0,0,-2,0.007255367469,0.01324167289,0.004203402903,0,0,0,0.3747511003,0.01567325282,0.005924670054,-0.003690553596,-0.008413500153,0.001580025535,-0.00558632871,0.003459233996,-5.145373179e-06,0.7287053228,-0.0002431154591,0.001614796481,-0.001607654416,1,0,0,0
18.08040857,16.06032419,torque,hover,-0.01282332838,-0.01046130713,-1.625495911,0,0,-2,0.007300897501,0.01315730158,0.00419170782,0,0,0,0.3748695635,0.01562011856,0.009473897189,-0.003599674674,-0.00706494553,0.0005279363832,-0.005622562576,0.003618894956,-7.329516543e-05,0.7287438947,-0.0002421450762,0.001399325037,-0.0005870988777,1,0,0,0
18.09038663,16.07030225,torque,hover,-0.01301688608,-0.01036680769,-1.625383377,0,0,-2,0.007342971861,0.01311152894,0.004205891863,0,0,0,0.374986032,0.01560515791,0.01303812763,-0.004364006687,-0.004645216744,-0.0001233314397,-0.005586921164,0.004045875056,-0.0001323857074,0.7287883351,-0.0001114684288,0.001115689693,3.160839049e-05,1,0,0,0
18.10041142,16.08032703,torque,hover,-0.01338563859,-0.01017729472,-1.625162959,0,0,-2,0.007420824841,0.01312316675,0.004259929992,0,0,0,0.3752140188,0.01566630621,0.01798694088,-0.004997705575,0.0006678372156,-0.001099970308,-0.006677149979,0.005910309455,-0.0001954197183,0.728882042,-0.0002922016353,0.0007699964402,0.0009773765186,1,0,0,0
18.11039758,16.0903132,torque,hover,-0.01359621901,-0.0100843031,-1.625051141,0,0,-2,0.007406474091,0.01314019877,0.004237031564,0,0,0,0.3753307839,0.01566758178,0.01942631714,-0.004383279942,0.00309985457,-0.0001564306294,-0.007048527728,0.006167532515,-0.000251972902,0.728916871,-0.0004275581982,0.0004595547275,-2.701328946e-05,1,0,0,0
18.12043905,16.10035467,torque,hover,-0.01380021963,-0.009990822524,-1.624941587,0,0,-2,0.007495218888,0.01318798307,0.004156811628,0,0,0,0.3754451697,0.01572832752,0.01970475242,-0.003884271486,0.006323859096,-1.073255862e-05,-0.006455348014,0.006370647853,-0.000326355439,0.7289363008,-0.000322046912,4.308172504e-05,-0.0002318298527,1,0,0,0
18.13040781,16.11032343,torque,hover,-0.01399746351,-0.009897159413,-1.624834061,0,0,-2,0.007537151221,0.01314096618,0.004106512293,0,0,0,0.3755574054,0.01569576644,0.01805638292,-0.004587111995,0.008555080742,0.0001389909303,-0.006407270334,0.005635870955,-0.0004046221403,0.7289626099,-0.000193654483,-0.0004355589202,-0.0004426606977,1,0,0,0
18.14041352,16.12032914,torque,hover,-0.01418859232,-0.009803614579,-1.62472856,0,0,-2,0.007520090789,0.01310470793,0.004049886018,0,0,0,0.375667513,0.01564246503,0.01666002376,-0.004680089653,0.0104082264,0.0003371441271,-0.006818914849,0.005035548243,-0.0004878998275,0.7289866094,-0.0002610182448,-0.0008042866578,-0.0007069373341,1,0,0,0
18.1504178,16.13033342,torque,hover,-0.01457880903,-0.009613488801,-1.624508381,0,0,-2,0.007604255341,0.01306655444,0.003908102401,0,0,0,0.3758974819,0.01561514677,0.01341424736,-0.005043609068,0.0154174529,-0.001197780599,-0.008037174546,0.004583171952,-0.0005989078501,0.729030652,-0.0005006389824,-0.001462263325,0.0007684632662,1,0,0,0
18.16042733,16.14034295,torque,hover,-0.01477716491,-0.009517274797,-1.624394178,0,0,-2,0.007635412272,0.01307358593,0.003848296357,0,0,0,0.3760168565,0.01562138132,0.01438092856,-0.005868454464,0.01488299854,-0.0002552286314,-0.007708224306,0.003963200992,-0.0006684346025,0.7290569802,-0.0002704302009,-0.001478965759,-0.0002400244038,1,0,0,0
18.17040277,16.15031838,torque,hover,-0.01515538152,-0.009325287305,-1.624172688,0,0,-2,0.007689067163,0.01295150816,0.00370471389,0,0,0,0.3762483427,0.01551090657,0.02167982031,-0.00622949237,0.01600582711,-0.0004201609408,-0.008876761883,0.002484370509,-0.0008091057946,0.7291010236,-0.000497628965,-0.001811187695,-0.0001798475926,1,0,0,0
18.18042326,16.16033888,torque,hover,-0.0153393764,-0.009231873788,-1.62406528,0,0,-2,0.007723415736,0.01288920082,0.003609886393,0,0,0,0.3763607813,0.01545360567,0.02627024551,-0.006327403244,0.01425725967,0.000309493742,-0.008248745807,0.001273421337,-0.000890724801,0.7291159818,-0.0002927052482,-0.001789763671,-0.0009783085384,1,0,0,0
18.19040942,16.17032504,torque,hover,-0.01551711094,-0.009138758294,-1.623960376,0,0,-2,0.007824469358,0.01281856466,0.003527867608,0,0,0,0.3764705787,0.01542672261,0.03021758138,-0.007918848656,0.01306647714,-0.0001971621532,-0.00707736903,0.000127479337,-0.000954405491,0.7291332372,0.00021673478,-0.00182508968,-0.0005035075283,1,0,0,0
18.20043325,16.18034887,torque,hover,-0.01568854041,-0.009046404622,-1.623857617,0,0,-2,0.007904065773,0.01266472321,0.003463971429,0,0,0,0.3765780925,0.01532542227,0.03522965849,-0.007878957316,0.01183501165,-0.0002325460082,-0.006336104428,-0.001517565368,-0.001016331611,0.7291543018,0.0003707764495,-0.001963052316,-0.0005100958393,1,0,0,0
18.2104063,16.19032192,torque,hover,-0.01585391909,-0.008955108933,-1.623757124,0,0,-2,0.008011095226,0.01253628638,0.003370164428,0,0,0,0.3766832124,0.01525431516,0.03944941713,-0.008211036213,0.01013756171,-0.0001857030293,-0.005410880314,-0.002661944192,-0.001077812593,0.7291669452,0.0006038395571,-0.001909162533,-0.0005992794833,1,0,0,0
18.22042894,16.20034456,torque,hover,-0.01614944078,-0.008757934906,-1.623600006,0,0,-2,0.008274866268,0.01232151221,0.003121237271,0,0,0,0.3768480612,0.01516691126,0.0445849309,-0.01093754545,0.005352810957,-0.0006360859261,-0.003945737977,-0.003446778398,-0.001159794161,0.7291607638,0.001201216851,-0.00130248899,-0.0001958932344,1,0,0,0
18.23042011,16.21033573,torque,hover,-0.01628813148,-0.008660689928,-1.623524785,0,0,-2,0.008442267776,0.01221848186,0.00295255403,0,0,0,0.3769269137,0.01514201966,0.04554388373,-0.0103876153,0.0009624676895,-0.0001113513135,-0.002374153888,-0.003711183839,-0.001210670059,0.7291452392,0.001418266623,-0.0007143156259,-0.0007628310003,1,0,0,0
18.24044108,16.2203567,torque,hover,-0.01642063446,-0.008564400487,-1.623451591,0,0,-2,0.008630236611,0.01208086871,0.002871931065,0,0,0,0.3770035688,0.01512204883,0.04544038806,-0.00980253797,-0.003488315269,-0.001312423963,-0.0008810622184,-0.003992812565,-0.001225667435,0.7291512968,0.001594337515,-0.0001483783741,0.0004516138348,1,0,0,0
18.25044155,16.23035717,torque,hover,-0.01654647477,-0.008463066071,-1.623388767,0,0,-2,0.008757380769,0.01193598658,0.002747897524,0,0,0,0.3770695293,0.01505690653,0.04455208573,-0.008445251733,-0.005528313108,-0.00116069545,-0.0001414015319,-0.004012217031,-0.001244098811,0.7291426309,0.001481374387,0.0001281704233,0.0002831981758,1,0,0,0
18.26042771,16.24034333,torque,hover,-0.01678040996,-0.008264121599,-1.6232692,0,0,-2,0.009169626981,0.01172313001,0.002434865804,0,0,0,0.3771948744,0.01508119384,0.04168431076,-0.006811497733,-0.01121013891,0.0001149276723,0.002157047838,-0.002837343736,-0.001315592678,0.729106533,0.001644655988,0.001106844122,-0.00106689521,1,0,0,0
18.27040482,16.25032043,torque,hover,-0.01688818634,-0.008166210726,-1.623227596,0,0,-2,0.00937652681,0.01159786526,0.002255601576,0,0,0,0.3772391046,0.01508368231,0.04055580919,-0.005071698222,-0.01263039187,-0.0001500603394,0.003175908947,-0.002353090687,-0.001354187856,0.7290761196,0.001536750456,0.001361431216,-0.0008266412445,1,0,0,0
18.28043699,16.26035261,torque,hover,-0.01699811034,-0.008054364473,-1.62319231,0,0,-2,0.009531108662,0.0114746755,0.00207498949,0,0,0,0.3772768791,0.01506040476,0.03954557464,-0.004618382547,-0.01236804482,-0.0004148449516,0.003565604756,-0.001620412885,-0.001384221586,0.7290431085,0.001464634284,0.001436166326,-0.0005803473115,1,0,0,0
18.29042101,16.27033663,torque,hover,-0.01710266247,-0.007943433709,-1.623158574,0,0,-2,0.00969420746,0.01144339237,0.00191247568,0,0,0,0.3773129463,0.01511907572,0.03840053585,-0.002093165414,-0.01315585617,-0.0008087225142,0.003995033309,-9.335334906e-05,-0.001402281858,0.7290141227,0.001131667641,0.00183239661,-0.0001930470703,1,0,0,0
18.30044055,16.28035617,torque,hover,-0.01729427092,-0.00772429537,-1.623095512,0,0,-2,0.01008371543,0.01138462406,0.001620008727,0,0,0,0.3773801125,0.01529429338,0.03933047322,0.002292332472,-0.01093850378,-0.0006530803512,0.005229602775,0.002652915567,-0.001425046995,0.7289627318,0.0007450177682,0.001994585183,-0.0003693001684,1,0,0,0
18.31042814,16.29034376,torque,hover,-0.01740160026,-0.007599992212,-1.623072028,0,0,-2,0.01020319015,0.01135782897,0.001473129843,0,0,0,0.3774059771,0.01533869224,0.03910562663,0.003533962648,-0.008730810136,-0.001429999829,0.00464553598,0.003733748441,-0.00141782936,0.7289340185,0.0003836009493,0.001843088017,0.0004260039423,1,0,0,0
18.32042766,16.30034328,torque,hover,-0.01750329137,-0.007476834115,-1.623049736,0,0,-2,0.01037255768,0.01135194022,0.0013374181,0,0,0,0.3774304834,0.01543519312,0.03958589128,0.005903689191,-0.007280860562,-0.001380714471,0.004516530272,0.004759413096,-0.001416254061,0.7289076685,6.385718964e-07,0.001788523448,0.0003756593641,1,0,0,0
18.33042288,16.3103385,torque,hover,-0.01759921201,-0.007354472298,-1.623028398,0,0,-2,0.01052490715,0.01134353131,0.001239505364,0,0,0,0.3774538509,0.01552371562,0.03995346508,0.006719141733,-0.003803561674,-0.0004537662899,0.004229494421,0.00548111025,-0.001438940938,0.7288905666,-0.0001884434177,0.001391767792,-0.0005851766725,1,0,0,0
18.34044313,16.32035875,torque,hover,-0.01779272035,-0.007107611746,-1.622994065,0,0,-2,0.01082945894,0.01129564829,0.001012921333,0,0,0,0.3774924818,0.01568103507,0.03820331148,0.008719294332,0.003184207948,0.0003761720145,0.003680733345,0.00671213025,-0.001502886079,0.728845566,-0.0005287457523,0.0006518426994,-0.001477149098,1,0,0,0
18.35041785,16.33033347,torque,hover,-0.01789013296,-0.006983558182,-1.62298286,0,0,-2,0.01097679324,0.01127134357,0.0008990129572,0,0,0,0.3775059617,0.01575885148,0.03611710894,0.00960191898,0.006164742634,-0.000739266281,0.003083666486,0.00647367591,-0.00151857248,0.7288207634,-0.0007750377876,0.0001468168955,-0.0003532018644,1,0,0,0
18.36045051,16.34036613,torque,hover,-0.01798215136,-0.006860216148,-1.622972608,0,0,-2,0.01111655589,0.01123734843,0.0007961533265,0,0,0,0.3775183107,0.0158268656,0.03258285081,0.01003588643,0.01048079226,-0.002006964991,0.002473723088,0.005932677662,-0.001496599689,0.7287984231,-0.0009495223886,-0.000580915774,0.0009538509176,1,0,0,0
18.37040591,16.35032153,torque,hover,-0.01806891151,-0.006738094147,-1.622962952,0,0,-2,0.01120104548,0.0111599043,0.0007094487082,0,0,0,0.3775298972,0.01582751406,0.02849538329,0.0104734702,0.01274825167,-0.001800397411,0.001414570684,0.00497622841,-0.001474475677,0.7287799865,-0.001217090497,-0.001089148159,0.0007586633882,1,0,0,0
18.38044095,16.36035657,torque,hover,-0.01824766956,-0.006503583398,-1.622972369,0,0,-2,0.01133752614,0.01104108617,0.0004956381745,0,0,0,0.3775249772,0.01583321635,0.02491792161,0.009436551481,0.01651750319,-0.0009822698776,-0.0004910606078,0.003987761857,-0.00147420099,0.7287224604,-0.001394940348,-0.001688169931,-7.683949194e-05,1,0,0,0
18.39039826,16.37031388,torque,hover,-0.01832983829,-0.006388199516,-1.622974038,0,0,-2,0.01138774864,0.01097560488,0.0003701001988,0,0,0,0.377525321,0.01582029379,0.02653378343,0.009224670008,0.01671395265,-0.0008765466046,-0.001446617045,0.002860431892,-0.001475097208,0.728690059,-0.001521439734,-0.001910724744,-0.0001861093952,1,0,0,0
18.40043998,16.3803556,torque,hover,-0.01840702072,-0.006273899693,-1.622976422,0,0,-2,0.01151811797,0.01090395171,0.000221946364,0,0,0,0.3775247785,0.01586229696,0.03004344161,0.009809466079,0.01669046283,-0.0004107534769,-0.001627808553,0.001677087606,-0.001486557746,0.7286516008,-0.001572244826,-0.002103363968,-0.0006667461271,1,0,0,0
18.4104147,16.39033031,torque,hover,-0.01847902313,-0.006160786375,-1.62297976,0,0,-2,0.01166077051,0.01087170932,8.778346091e-05,0,0,0,0.3775230997,0.01594287736,0.03422330092,0.008368609473,0.01651513577,-7.422426279e-05,-0.001610370002,0.0009037812269,-0.001506075262,0.7286163329,-0.001308866946,-0.002171182099,-0.001021007953,1,0,0,0
18.42042351,16.40033913,torque,hover,-0.01863252372,-0.005915950518,-1.623021841,0,0,-2,0.01181947999,0.01061961986,-0.0001009405678,0,0,0,0.377484704,0.01588982763,0.04407301799,0.006062738132,0.01297996845,-0.0005271394621,-0.002714650753,-0.0008371943279,-0.001511002052,0.7285531821,-0.001159794866,-0.001913151351,-0.0005639368239,1,0,0,0
18.43041444,16.41033006,torque,hover,-0.01870233566,-0.005796197336,-1.623043418,0,0,-2,0.01189189125,0.01053358987,-0.0002364326356,0,0,0,0.3774647507,0.01588802988,0.04753494334,0.003515336197,0.01060781162,-0.0006994897267,-0.003052250822,-0.001509201649,-0.001507245069,0.7285109961,-0.0008528573978,-0.001674215134,-0.0003852318431,1,0,0,0
18.4404397,16.42035532,torque,hover,-0.01876741461,-0.00567807816,-1.623065114,0,0,-2,0.01200174913,0.01039335039,-0.0003225313267,0,0,0,0.3774445187,0.01587979033,0.05007640495,0.001565505867,0.008154748008,-0.001229010988,-0.00293527834,-0.002508067664,-0.001487205126,0.7284812621,-0.0005370400698,-0.001510026187,0.0001705724713,1,0,0,0
18.45040369,16.43031931,torque,hover,-0.01884974353,-0.005543522537,-1.623097658,0,0,-2,0.01205329504,0.01031557005,-0.0004438755568,0,0,0,0.377414121,0.01587104068,0.05042098292,-7.964728138e-05,0.003196278587,-0.0006561093614,-0.00336971111,-0.002316911177,-0.001483436592,0.7284387484,-0.0004051143719,-0.0007366054138,-0.0004116874157,1,0,0,0
18.46040988,16.4403255,torque,hover,-0.01900025271,-0.005279906094,-1.62317121,0,0,-2,0.01218839269,0.01012694649,-0.0006343059358,0,0,0,0.3773444365,0.01585920256,0.04673202791,-0.003897708841,-0.002951706294,-0.001303522266,-0.003330261295,-0.001431990136,-0.001461433345,0.7283639166,0.0001104459189,0.0003203463916,0.0002636248312,1,0,0,0
18.47040367,16.45031929,torque,hover,-0.01906822994,-0.005151079968,-1.623208046,0,0,-2,0.01229923498,0.01000425126,-0.0007532655727,0,0,0,0.3773092997,0.01587210236,0.04294827362,-0.005185971037,-0.006389795337,-0.0008311116835,-0.002726587261,-0.001377684069,-0.001456441857,0.7283204405,0.0004098801475,0.0007618281641,-0.000212035818,1,0,0,0
18.48042059,16.46033621,torque,hover,-0.01914748549,-0.0050006276,-1.623254776,0,0,-2,0.01239899453,0.009933600202,-0.0007698013796,0,0,0,0.3772646237,0.01590610174,0.0379154847,-0.00527007319,-0.008819933981,-0.001008605002,-0.002325921425,-0.0004066144823,-0.001446359751,0.7282993871,0.000483507433,0.001263042014,-2.365678267e-05,1,0,0,0
18.49041224,16.47032785,torque,hover,-0.0192218069,-0.004852266982,-1.623300433,0,0,-2,0.01249105018,0.009872188792,-0.000799039728,0,0,0,0.3772208717,0.01594129576,0.03278341993,-0.006897142157,-0.0101072574,-0.0008322439971,-0.001866585806,0.0006358779762,-0.001449779372,0.7282755007,0.0007759298495,0.001601514929,-0.0002050185985,1,0,0,0
18.50041842,16.48033404,torque,hover,-0.01935585402,-0.004560242407,-1.623391151,0,0,-2,0.01270936988,0.009800606407,-0.001019023475,0,0,0,0.3771334906,0.01608161614,0.02483163957,-0.007197293919,-0.01270730048,-0.001493534306,-0.0004328331057,0.003868416743,-0.001423360906,0.7281869417,0.001052651329,0.002520814327,0.0004891445278,1,0,0,0
18.51043725,16.49035287,torque,hover,-0.01942857541,-0.004392568022,-1.623437285,0,0,-2,0.01277891081,0.009796838276,-0.001047635451,0,0,0,0.3770891701,0.01613617494,0.02549743584,-0.006419178098,-0.01182940509,-0.001045607263,-0.000241684376,0.005338002146,-0.001414919596,0.728163029,0.0009316616923,0.002598606513,3.878700771e-05,1,0,0,0
18.52041674,16.50033236,torque,hover,-0.01949652284,-0.004226888064,-1.623482704,0,0,-2,0.01283132937,0.009788061492,-0.00106671406,0,0,0,0.3770454284,0.01617365265,0.02843590668,-0.006818011869,-0.009794558398,-0.001615960035,-9.119146543e-05,0.006545752381,-0.001398228807,0.7281417851,0.0009710567497,0.002457881657,0.0006320513239,1,0,0,0
18.53043509,16.5103507,torque,hover,-0.0195600111,-0.004063022323,-1.623527527,0,0,-2,0.01290089171,0.009817800485,-0.001084001386,0,0,0,0.3770021555,0.01624799287,0.03273802816,-0.007075590082,-0.00725567434,-0.001448349678,0.0003468014151,0.007823095087,-0.001385073211,0.7281211975,0.001059965013,0.002274586865,0.0004718441919,1,0,0,0
18.54041338,16.520329,torque,hover,-0.01967367157,-0.00371055305,-1.623612404,0,0,-2,0.01314796228,0.009914366528,-0.00119590119,0,0,0,0.3769196785,0.01651041354,0.04216603945,-0.005422872491,-0.001255411305,-0.0006086821086,0.002276194851,0.01142078158,-0.001377663142,0.7280620783,0.001186979397,0.002128084558,-0.0003737584521,1,0,0,0
18.55042553,16.53034115,torque,hover,-0.01972403564,-0.003522650804,-1.623652816,0,0,-2,0.01322011277,0.009964227676,-0.001193596399,0,0,0,0.376880153,0.01659764704,0.04581190071,-0.005559664685,0.001709775301,-0.00131320837,0.002582856476,0.01193955997,-0.001372788838,0.7280480626,0.001212546034,0.001708373279,0.0003476505134,1,0,0,0
18.5604167,16.54033232,torque,hover,-0.01976996101,-0.003336625639,-1.623692632,0,0,-2,0.0133339623,0.01002179924,-0.001256411429,0,0,0,0.3768411069,0.01672750969,0.04783350515,-0.005395245273,0.006724979263,-0.00170892023,0.003299368247,0.01216766518,-0.001356010943,0.7280177432,0.001294190402,0.0009712983276,0.0007645076059,1,0,0,0
18.57040071,16.55031633,torque,hover,-0.01985374838,-0.002947242465,-1.623788953,0,0,-2,0.01357406098,0.01011163089,-0.001314980793,0,0,0,0.376746081,0.01697731974,0.0477365148,-0.003652236657,0.01385166682,-0.001077469671,0.004958538188,0.0137302899,-0.001323226526,0.7279681053,0.001351989552,0.0003625696982,0.000152098091,1,0,0,0
18.58041573,16.56033134,torque,hover,-0.01989122294,-0.002745211124,-1.623844743,0,0,-2,0.01371454261,0.01008436456,-0.001320107491,0,0,0,0.3766908208,0.01707412579,0.04521239834,-0.001035783091,0.0178639181,-0.001031356049,0.005392961901,0.01226509881,-0.001323118525,0.7279466452,0.001024086729,-0.000581115476,0.0001033041858,1,0,0,0
18.59046102,16.57037663,torque,hover,-0.01992404088,-0.002545861294,-1.623899579,0,0,-2,0.01385993697,0.01006691251,-0.001342809875,0,0,0,0.3766363969,0.01718265749,0.04242559083,-0.0005070037441,0.02061193623,-0.000902966538,0.005848977324,0.01090757108,-0.001325849769,0.7279210747,0.001000404397,-0.001268127187,-2.859934295e-05,1,0,0,0
18.60042191,16.58033752,torque,hover,-0.01995189115,-0.002349394141,-1.6239537,0,0,-2,0.01403964963,0.009988112375,-0.001336806337,0,0,0,0.3765825505,0.01728181708,0.03912088694,0.001362317242,0.022370819,-0.001617444563,0.006444402618,0.009034468344,-0.001307999623,0.7279029999,0.0008301605867,-0.001897478585,0.0007124856185,1,0,0,0
18.61040449,16.59032011,torque,hover,-0.01998196915,-0.002136387862,-1.624000311,0,0,-2,0.01421559136,0.009923652746,-0.001348757418,0,0,0,0.3765363322,0.01738910775,0.03694985953,0.001731235301,0.0249110274,-0.00155776192,0.006897439947,0.00754892178,-0.001291630811,0.7278831008,0.0008368201575,-0.002504233397,0.0006658303178,1,0,0,0
18.62041402,16.60032964,torque,hover,-0.02002745681,-0.00171919656,-1.624091268,0,0,-2,0.01450843457,0.009863738902,-0.001360297552,0,0,0,0.376445786,0.01759654592,0.0369931622,0.004077801015,0.0242705401,-0.000710811757,0.008049916183,0.006900218863,-0.001293398365,0.7278472771,0.0007528683131,-0.002294338399,-0.0001904355682,1,0,0,0
18.63041115,16.61032677,torque,hover,-0.02004332095,-0.001515288255,-1.624118328,0,0,-2,0.01466666721,0.009776742198,-0.001377559034,0,0,0,0.3764187324,0.01768031346,0.03921674909,0.00494941324,0.0235517174,-0.00107684487,0.007974083508,0.004992925602,-0.001292941526,0.7278330728,0.0005645762185,-0.002563022633,0.0001795739694,1,0,0,0
18.64043665,16.62035227,torque,hover,-0.02005836926,-0.001295124996,-1.624133229,0,0,-2,0.01483391877,0.009744370356,-0.001355575514,0,0,0,0.3764038322,0.01779987317,0.04183413903,0.005516606383,0.02133391239,-0.001313317101,0.008036485173,0.004051493931,-0.001285301702,0.7278332464,0.0004631406166,-0.002385415862,0.0004240096578,1,0,0,0
18.65040445,16.63032007,torque,hover,-0.0200739447,-0.0008647331269,-1.624163151,0,0,-2,0.01521109603,0.009572227485,-0.001315765665,0,0,0,0.3763735488,0.01802043898,0.04632126567,0.007591071539,0.01406109426,-0.00050351338,0.009444878628,0.003495187397,-0.001284317438,0.72783243,0.000520355374,-0.001333727677,-0.0003933028398,1,0,0,0
18.66041827,16.64033389,torque,hover,-0.02007472329,-0.0006552365958,-1.624178171,0,0,-2,0.01538100373,0.009402856231,-0.001345034107,0,0,0,0.3763581684,0.01807755785,0.04756623869,0.009927015752,0.01044192631,-0.0006272530882,0.008908002359,0.001795113687,-0.001294553331,0.7278195117,2.982683358e-05,-0.001209063124,-0.0002835849621,1,0,0,0
18.67040253,16.65031815,torque,hover,-0.02007089183,-0.0004497816262,-1.624193311,0,0,-2,0.01557390485,0.00923939608,-0.001302947174,0,0,0,0.3763425444,0.01815518173,0.04850089989,0.009516788647,0.007598452736,-0.0006186179235,0.008720359234,0.0005544073614,-0.001303945158,0.7278246337,2.127176369e-05,-0.001074084412,-0.0003023206851,1,0,0,0
18.68042064,16.66033626,torque,hover,-0.02009102888,-0.0002232251718,-1.624185324,0,0,-2,0.01566518843,0.009089566767,-0.001256540534,0,0,0,0.3763513919,0.01815481332,0.04575904469,0.01064016111,0.001353139407,-1.39727008e-05,0.007400498157,0.0003572837797,-0.001332349596,0.7278393516,-0.0004479083773,-0.0002337330906,-0.0009509341884,1,0,0,0
18.69043875,16.67035437,torque,hover,-0.02010666952,-8.110675935e-07,-1.624177575,0,0,-2,0.01579206437,0.008995273151,-0.001175834215,0,0,0,0.3763598985,0.0182122712,0.04185379212,0.01102947537,-0.001295296941,-0.001050106948,0.00666676033,0.0007938047202,-0.001340250917,0.7278626921,-0.0006497153577,0.000227349001,9.399840307e-05,1,0,0,0
18.70041132,16.68032694,torque,hover,-0.02011780813,0.0002176639246,-1.624160051,0,0,-2,0.0158795733,0.00885459315,-0.001116663101,0,0,0,0.3763780554,0.01821569665,0.03723956997,0.01077989489,-0.004294575192,-0.00189403072,0.005705828491,0.0009939883306,-0.001324562076,0.7278841079,-0.0008035495144,0.0006597012005,0.0009603116157,1,0,0,0
18.71041155,16.69032717,torque,hover,-0.02014539205,0.0006626413087,-1.624118924,0,0,-2,0.01610294916,0.008646334521,-0.001053826883,0,0,0,0.3764211194,0.01830777494,0.02627634766,0.01031692419,-0.01084217988,-0.001406489173,0.005479051066,0.003833353487,-0.001306990481,0.7279150901,-0.0006816040887,0.002105411412,0.0004757484228,1,0,0,0
18.72040772,16.70032334,torque,hover,-0.02016172558,0.0008887772565,-1.624095559,0,0,-2,0.01612378098,0.008557627909,-0.001002719393,0,0,0,0.3764457913,0.01828154137,0.02225705737,0.01038746256,-0.01053060312,-0.001660959795,0.003971727513,0.004762113132,-0.001300146361,0.7279366275,-0.001007643543,0.002163043321,0.0007350220158,1,0,0,0
18.73039913,16.71031475,torque,hover,-0.02018194646,0.001329076244,-1.624051332,0,0,-2,0.01627457142,0.008355528116,-0.000946822227,0,0,0,0.3764923346,0.01831865162,0.02522733846,0.008977624588,-0.01031394769,-0.0002861453395,0.003414978336,0.007560171488,-0.001356310995,0.7279669265,-0.0008263808971,0.00258509178,-0.000704164867,1,0,0,0
18.74043894,16.72035456,torque,hover,-0.02020951733,0.001559710596,-1.624033093,0,0,-2,0.01636290364,0.008281780407,-0.0009447195916,0,0,0,0.3765129109,0.01836368692,0.0299948659,0.008282613009,-0.009734286927,-0.001052501029,0.002678380027,0.008352221836,-0.001362748491,0.727974124,-0.0008639790148,0.002555347361,7.104227535e-05,1,0,0,0
18.75042295,16.73033857,torque,hover,-0.02023245208,0.001786278794,-1.62402308,0,0,-2,0.01642036811,0.008202731609,-0.0009556867881,0,0,0,0.3765251484,0.01838006071,0.03494300514,0.006471764762,-0.007026427425,-0.001262535457,0.001924383114,0.008977929708,-0.001366886883,0.72797503,-0.000749622854,0.002208322464,0.0002829817824,1,0,0,0
18.76042819,16.74034381,torque,hover,-0.02025120147,0.002008940093,-1.624013901,0,0,-2,0.01642801985,0.008131446317,-0.0009686585981,0,0,0,0.3765364442,0.01835588611,0.03965391302,0.005724486429,-0.003784691216,-0.0004434934526,0.0009572215173,0.009524318019,-0.001394009869,0.7279751479,-0.0008288387494,0.001793601088,-0.0005713403239,1,0,0,0
18.77040553,16.75032115,torque,hover,-0.02028918453,0.002463994548,-1.624004126,0,0,-2,0.01642828248,0.007970259525,-0.0009340728866,0,0,0,0.3765509525,0.01828348967,0.04455739146,0.004780897871,0.005259831436,-0.0001723866881,-0.0001694286351,0.01134496429,-0.001417717987,0.7279876622,-0.0008757588037,0.0009020556613,-0.0008652493922,1,0,0,0
18.78042388,16.7603395,torque,hover,-0.0203082487,0.002696575131,-1.624003291,0,0,-2,0.01645900495,0.007922200486,-0.000929272559,0,0,0,0.3765544072,0.01828998776,0.04485813987,0.004294582643,0.009689474478,-0.0003251484886,-0.0005324547367,0.01111284244,-0.001443953759,0.7279893166,-0.0008397294464,0.0001967411831,-0.0007272033409,1,0,0,0
18.79041791,16.77033353,torque,hover,-0.0203231778,0.00292524416,-1.624002695,0,0,-2,0.01650550589,0.007877117954,-0.0008955475641,0,0,0,0.3765575147,0.01831072684,0.04323604805,0.003174395766,0.01431280375,-0.0004219832772,-0.0006123307419,0.01063042924,-0.001466079842,0.7279982295,-0.0006572756776,-0.0005553510234,-0.0006415858928,1,0,0,0
18.80044174,16.78035736,torque,hover,-0.02033393644,0.003149948316,-1.624002218,0,0,-2,0.0165789146,0.007804601919,-0.0008859783411,0,0,0,0.3765603843,0.01834549476,0.03979561828,0.001711550402,0.01763107628,-0.0006637280458,-0.0003712990562,0.009693221324,-0.001480013182,0.7280009585,-0.0003677655126,-0.001197640099,-0.0004009189036,1,0,0,0
18.81043553,16.79035115,torque,hover,-0.02035591938,0.003378026187,-1.624010682,0,0,-2,0.01662006788,0.007735114079,-0.0009297701763,0,0,0,0.3765550978,0.01835546564,0.03575371831,0.0001660830749,0.02116212063,-0.0007869844558,-0.0004762199594,0.008753878886,-0.001490684459,0.7279869488,-0.0001641314246,-0.001836825176,-0.0002819520605,1,0,0,0
18.82044077,16.80035639,torque,hover,-0.02038673125,0.003820751561,-1.624035835,0,0,-2,0.01677674241,0.007416648325,-0.0009687702404,0,0,0,0.3765358816,0.01836856756,0.02759718714,-0.001508190413,0.02370073833,-0.00146657601,0.0004441098734,0.006567932106,-0.001471296531,0.7279680976,0.0002818680347,-0.002457202064,0.0004324065703,1,0,0,0
18.8304162,16.81033182,torque,hover,-0.02039561607,0.004034946673,-1.624048829,0,0,-2,0.01682548411,0.007232305128,-0.0009932026733,0,0,0,0.3765256231,0.01834092704,0.02728365476,-0.002152144443,0.02343401872,-0.00093934295,0.0004465718377,0.004425479356,-0.001476079249,0.727957234,0.0003506469348,-0.002808868827,-0.0001092619969,1,0,0,0
18.84042454,16.82034016,torque,hover,-0.0204226505,0.004240463953,-1.624064088,0,0,-2,0.01687841676,0.007067808416,-0.0009385091253,0,0,0,0.3765141116,0.01832254534,0.03017559807,-0.002038283739,0.02405563742,-0.001182369655,0.0003441671096,0.002585644498,-0.001473428455,0.7279656059,0.0002929481139,-0.003187546107,0.0001375571812,1,0,0,0
18.85039163,16.83030725,torque,hover,-0.02046357654,0.004639365245,-1.624093294,0,0,-2,0.01693675295,0.006694093347,-0.000853471458,0,0,0,0.3764918766,0.01823164555,0.04029017779,-0.002736766823,0.01879822463,-0.001072488376,0.000457364683,0.0003197261804,-0.001488098886,0.727976587,0.0003793956299,-0.002709883866,1.172152305e-05,1,0,0,0
18.8604126,16.84032822,torque,hover,-0.02047789842,0.004831374157,-1.624107361,0,0,-2,0.01693801768,0.00641247211,-0.0007623692509,0,0,0,0.3764810257,0.01812725706,0.04607416855,-0.002314608777,0.01534099691,-0.001340398681,7.674724698e-05,-0.001893663046,-0.001470235541,0.7279945146,0.0002235557256,-0.002631063604,0.000292135734,1,0,0,0
18.87040997,16.85032558,torque,hover,-0.02050575987,0.005007211119,-1.624112725,0,0,-2,0.01695099846,0.006115528755,-0.0006999947364,0,0,0,0.3764794837,0.01803402432,0.05183918324,-0.001282120938,0.01202853676,0.0002639017184,-0.0003224253721,-0.003892781743,-0.001496638601,0.7280082869,-6.61355671e-06,-0.002516323925,-0.001364823685,1,0,0,0
18.88041735,16.86033297,torque,hover,-0.02052911557,0.005178050604,-1.624117851,0,0,-2,0.01702218875,0.005847471766,-0.0006610538112,0,0,0,0.3764779496,0.0180106865,0.05560043988,-0.001230256166,0.007869635709,-0.0003256881319,-6.717363152e-05,-0.005225533336,-0.001496540353,0.7280162058,5.884217802e-05,-0.002131120115,-0.0007620472844,1,0,0,0
18.89039803,16.87031364,torque,hover,-0.02054795064,0.005343962926,-1.624123096,0,0,-2,0.01708263904,0.005550198257,-0.0006472703535,0,0,0,0.3764760588,0.01797331956,0.05784019787,-0.001575610833,0.003552026348,-0.001926095458,0.0001001474073,-0.006412406904,-0.001451558761,0.7280176957,0.0001512847704,-0.001706806355,0.0009012956319,1,0,0,0
18.90040302,16.88031864,torque,hover,-0.0206006486,0.005658136681,-1.624130487,0,0,-2,0.01711048372,0.005021795165,-0.0005695285508,0,0,0,0.3764761502,0.01784128478,0.05522374879,-0.0001511263254,-0.006695395336,-0.001090037986,-0.0005057951891,-0.006986080103,-0.001383818387,0.7280346893,-0.0001762646781,-0.0003707314978,9.532961099e-05,1,0,0,0
18.91044259,16.89035821,torque,hover,-0.02063454501,0.005806872156,-1.624132514,0,0,-2,0.01712227985,0.004741760436,-0.0005147213233,0,0,0,0.376478248,0.01777418627,0.05103474675,0.0003033895919,-0.01247734111,-0.001684026443,-0.0009068688671,-0.006827182193,-0.001343728054,0.7280478531,-0.0003069649082,0.0004899406272,0.0007286954945,1,0,0,0
18.92046762,16.90038323,torque,hover,-0.02066387609,0.005951104686,-1.624134421,0,0,-2,0.01715991087,0.004442149773,-0.0004853666178,0,0,0,0.3764802048,0.01773219717,0.04590382156,0.0009271712042,-0.01639778167,-0.0007109130383,-0.001027100231,-0.00659403821,-0.001328535902,0.7280545857,-0.0003898012556,0.001075761634,-0.0002493432273,1,0,0,0
18.9303956,16.91031122,torque,hover,-0.02070931904,0.006226093508,-1.624149919,0,0,-2,0.01723210886,0.003940102644,-0.0004751464585,0,0,0,0.3764716774,0.01768320528,0.03175303376,0.0006567297387,-0.02194375731,-0.0009233856108,-0.001141959931,-0.005170729111,-0.001241953736,0.7280515763,-0.000337148319,0.002001087607,3.241191348e-05,1,0,0,0
18.940413,16.92032862,torque,hover,-0.02075852454,0.006348036695,-1.624151587,0,0,-2,0.01726410165,0.003661557101,-0.0005079125403,0,0,0,0.3764747576,0.01765542924,0.02587642812,6.43779058e-05,-0.0240342617,-0.0005647632643,-0.001481521303,-0.004263852027,-0.001224696422,0.7280426379,-0.0003101393022,0.002438683957,-0.0003202706071,1,0,0,0
18.95041084,16.93032646,torque,hover,-0.02080289088,0.006465867627,-1.624153972,0,0,-2,0.01727561094,0.003443740075,-0.000543428876,0,0,0,0.3764768316,0.01762388703,0.02188130833,0.0004719359567,-0.02372097783,-0.001818241435,-0.001862634027,-0.002841068127,-0.001167841121,0.7280327639,-0.0004271168103,0.002649500166,0.0009977591937,1,0,0,0
18.96044397,16.94035959,torque,hover,-0.02084274031,0.00657976931,-1.624156713,0,0,-2,0.01731657051,0.003184571164,-0.0005659036688,0,0,0,0.3764782719,0.01761605389,0.02189334942,0.0003994628496,-0.02338673361,-0.001147073577,-0.001923963949,-0.001909873649,-0.001127681934,0.7280260048,-0.0004007716786,0.002732411138,0.0003449180166,1,0,0,0
18.9704082,16.95032382,torque,hover,-0.02087819763,0.006689421367,-1.624159813,0,0,-2,0.0172921475,0.002937001875,-0.0005948852049,0,0,0,0.3764790747,0.01754987845,0.02528184327,0.0002243568015,-0.02139542624,-0.001362872077,-0.002483581392,-0.000947054521,-0.001081860763,0.7280174796,-0.0004780466721,0.002596291027,0.0005974037844,1,0,0,0
18.98042202,16.96033764,torque,hover,-0.02097789757,0.006891962141,-1.624159694,0,0,-2,0.01730741188,0.002562419511,-0.0005913926871,0,0,0,0.3764883891,0.01750606309,0.03594386919,-0.0002790545404,-0.01662326977,-0.001115664374,-0.003301629418,0.0007958444132,-0.001037029839,0.7280183128,-0.0005596637643,0.002142268051,0.0003770385724,1,0,0,0
18.99041867,16.97033429,torque,hover,-0.02102063596,0.006988774519,-1.624144793,0,0,-2,0.01735604368,0.00244474737,-0.0005369372084,0,0,0,0.376507433,0.01753560217,0.04019467852,-0.001712297322,-0.01237838622,-0.0005660963943,-0.002876756301,0.002186031951,-0.001000229747,0.7280374836,-0.0002283599695,0.001832408974,-0.0001545243629,1,0,0,0
19.00042796,16.98034358,torque,hover,-0.02105861716,0.007082549389,-1.624130249,0,0,-2,0.01739007793,0.002313158941,-0.0005248802481,0,0,0,0.3765258259,0.01755109723,0.04283671233,-0.001044886885,-0.007865056396,-0.0008323676884,-0.002668831067,0.003010228209,-0.0009555129077,0.7280457796,-0.0002531365629,0.001361101664,0.0001501314955,1,0,0,0
19.01042533,16.99034095,torque,hover,-0.0211017672,0.007168677635,-1.624109507,0,0,-2,0.01740154624,0.002152492525,-0.0004676052195,0,0,0,0.3765505777,0.01754040166,0.04330930405,-0.002034922829,-0.003421808127,-0.0007856185548,-0.002733559643,0.003180567665,-0.0009121736244,0.7280677973,-0.0001192329038,0.0007660269039,0.0001333783675,1,0,0,0
19.02045417,17.00036979,torque,hover,-0.02117476054,0.007332161069,-1.624069452,0,0,-2,0.01740580425,0.00187532499,-0.0003617136099,0,0,0,0.3765978064,0.01751027418,0.04052057031,-0.001343626529,0.003928226419,-0.001033101813,-0.003162851361,0.0027858565,-0.0008217886099,0.7281091748,-0.0003072080041,-0.0003263480253,0.0004485096913,1,0,0,0
19.03040028,17.0103159,torque,hover,-0.02120508626,0.007409297395,-1.624049783,0,0,-2,0.01738294773,0.001674690517,-0.0003010139044,0,0,0,0.3766206569,0.01746602615,0.0358338866,-0.002224489348,0.008007268421,-0.001093323343,-0.003314453936,0.001887800956,-0.0007642951308,0.7281316965,-0.0002021745497,-0.001042126201,0.0005504713204,1,0,0,0
19.04041386,17.02032948,torque,hover,-0.02123582922,0.007492403965,-1.624032021,0,0,-2,0.01732307486,0.001541624661,-0.0002239253372,0,0,0,0.3766417636,0.01739297766,0.03172368502,-0.002046435606,0.01034750137,-0.0008050092147,-0.003692366511,0.001594382339,-0.0007146623141,0.7281577347,-0.0002964603733,-0.001350764332,0.0002909221561,1,0,0,0
19.05040693,17.03032255,torque,hover,-0.02126283757,0.007572477683,-1.624014378,0,0,-2,0.01729439758,0.001387756201,-0.0001990151068,0,0,0,0.3766625,0.01735112855,0.02654068536,-0.003640374634,0.01205901243,-4.579579763e-05,-0.003631550153,0.0008855109382,-0.0006848620281,0.7281704732,-4.516815038e-05,-0.00166354056,-0.0004606160853,1,0,0,0
19.06042457,17.04034019,torque,hover,-0.02130478621,0.00772394333,-1.623977184,0,0,-2,0.01731650159,0.001012714929,-0.0001518276549,0,0,0,0.3767050718,0.01734675389,0.01657700821,-0.003991164267,0.01407264173,2.52570353e-05,-0.003213931509,-0.001835224927,-0.0006308738607,0.7281958673,8.510040587e-05,-0.002381803089,-0.0004930017159,1,0,0,0
19.07041454,17.05033016,torque,hover,-0.02134318091,0.007812504657,-1.623970985,0,0,-2,0.01735904813,0.0008492355119,-0.0001610953623,0,0,0,0.3767152591,0.01738055536,0.01464817839,-0.004517782014,0.01260989066,-0.0005094085936,-0.002654650732,-0.002418669247,-0.0005800829274,0.7281957415,0.0002844310641,-0.002190616096,9.17788715e-05,1,0,0,0
19.08041644,17.06033206,torque,hover,-0.02137675695,0.007897602394,-1.623965025,0,0,-2,0.01742373034,0.0007065501995,-0.0001537732023,0,0,0,0.3767248868,0.01743872812,0.01502541659,-0.002955157775,0.01035032235,-0.00137284596,-0.002019394692,-0.002815976012,-0.0005075006924,0.7281997229,0.0002047248838,-0.00186649772,0.001028439656,1,0,0,0
19.09041262,17.07032824,torque,hover,-0.02140603773,0.007979156449,-1.623959422,0,0,-2,0.01743138582,0.0004730464425,-0.0001555965137,0,0,0,0.3767338604,0.01743849749,0.01793619522,-0.004541035276,0.0082397433,-0.0004435650771,-0.001930344303,-0.003918243478,-0.0004627551711,0.7282012211,0.0004244530988,-0.001746367038,0.0001137078081,1,0,0,0
19.10042024,17.08033586,torque,hover,-0.02146844938,0.008145185187,-1.62397635,0,0,-2,0.01746990532,3.194419696e-05,-0.0001608115126,0,0,0,0.3767240686,0.01747067465,0.02267044079,-0.004658998922,0.002429533517,-0.0003212930751,-0.001763515619,-0.005741204597,-0.0003864821797,0.7281936393,0.0004285413811,-0.00125778457,4.328941956e-05,1,0,0,0
19.11040974,17.09032536,torque,hover,-0.02150162868,0.008229458705,-1.624022722,0,0,-2,0.01747635379,-0.0001577823132,-0.000243866074,0,0,0,0.3766815066,0.01747876734,0.02314340288,-0.005340336356,-0.000349447917,-0.001003080513,-0.001580874595,-0.00561248522,-0.000328900431,0.728155753,0.0005440979366,-0.0007836664315,0.0007795227919,1,0,0,0
19.12041855,17.10033417,torque,hover,-0.0215303842,0.008309962228,-1.62406826,0,0,-2,0.01752511598,-0.0003438432468,-0.0002270301047,0,0,0,0.3766394641,0.01752995896,0.02296177437,-0.004573389888,-0.00248658238,-0.0004134369956,-0.001032136485,-0.005482722247,-0.0002872231811,0.728143477,0.0005428445677,-0.0004249920802,0.0002121493907,1,0,0,0
19.13044524,17.11036086,torque,hover,-0.0215852242,0.00846495945,-1.624182224,0,0,-2,0.01758623309,-0.000818233937,-0.0001733283134,0,0,0,0.3765323067,0.01760611098,0.01981181191,-0.004236828536,-0.008721211925,-0.0001981689857,-0.0007082633513,-0.006274753096,-0.000212563132,0.7281156885,0.0005208495471,0.0002144662368,4.6772218e-05,1,0,0,0
19.14042139,17.12033701,torque,hover,-0.02161103114,0.008538507856,-1.624250412,0,0,-2,0.01770097576,-0.001049333601,-0.0002177249698,0,0,0,0.3764673899,0.01773338795,0.01724657252,-0.005082606804,-0.01157570723,-2.421855606e-05,0.0003410101299,-0.005901354017,-0.0001759266586,0.7280796343,0.0008526755932,0.0006934142205,-0.0001006594268,1,0,0,0
19.15039968,17.1303153,torque,hover,-0.02163205668,0.00860818103,-1.624317169,0,0,-2,0.01776429079,-0.001249722904,-0.0002103803272,0,0,0,0.3764035547,0.01780943836,0.01402039052,-0.005238654558,-0.0137111051,-0.0002690999245,0.0008736438813,-0.005151032969,-0.000134248277,0.7280572536,0.0009514949931,0.001137833669,0.0001792542986,1,0,0,0
19.16041589,17.14033151,torque,hover,-0.0216484908,0.008674287237,-1.624382734,0,0,-2,0.01784907654,-0.001426426577,-0.000287145609,0,0,0,0.3763405781,0.0179082852,0.01193548181,-0.004691446666,-0.01511067804,0.0001896745816,0.0015662363,-0.004229252668,-0.0001056746708,0.7280139705,0.0009869754949,0.001498572165,-0.0002661407601,1,0,0,0
19.17040372,17.15031934,torque,hover,-0.02166410908,0.008760693483,-1.624467015,0,0,-2,0.01791113243,-0.00162087183,-0.0003777906823,0,0,0,0.37625936,0.01798829108,0.01249902372,-0.004949566908,-0.01572642103,-0.0001964397525,0.002009221754,-0.003256013303,-6.747834023e-05,0.7279603959,0.001071683845,0.001745963416,0.0001542457788,1,0,0,0
19.18040633,17.16032195,torque,hover,-0.02168220654,0.008921829052,-1.624661684,0,0,-2,0.01805619895,-0.001935044187,-0.0003917704744,0,0,0,0.3760698985,0.0181638157,0.02082104229,-0.003190516261,-0.01599486358,0.0007056170725,0.003174500685,-0.001737736529,-3.20502982e-05,0.7278861973,0.001022485669,0.00195600411,-0.0007372583259,1,0,0,0
19.1904037,17.17031932,torque,hover,-0.02168470435,0.008996820077,-1.624755859,0,0,-2,0.0181299448,-0.002100505866,-0.0004532407911,0,0,0,0.3759778374,0.01825684668,0.02575038325,-0.002463200828,-0.01452175528,0.0004464895173,0.003548845202,-0.0007877129282,-2.08336816e-05,0.7278364076,0.0009549403235,0.001899870409,-0.0004654313279,1,0,0,0
19.20042253,17.18033814,torque,hover,-0.02168286778,0.009068692103,-1.624848366,0,0,-2,0.018194139,-0.002208639635,-0.0005127474433,0,0,0,0.3758871328,0.01833487641,0.03055060559,-0.0008700151229,-0.01285522431,4.416480442e-05,0.003811191927,0.0004538196574,1.005542402e-06,0.7277877431,0.0007498532029,0.001885525478,-3.948794842e-05,1,0,0,0
19.2104032,17.19031882,torque,hover,-0.02167628333,0.009158246219,-1.624955893,0,0,-2,0.01828067936,-0.002314487705,-0.0005380979273,0,0,0,0.3757816085,0.01843446882,0.03513021441,-0.000271002209,-0.01049205195,-0.0005211935495,0.004275151767,0.001601981078,4.325471876e-05,0.7277422939,0.0007363551649,0.001751725386,0.0005677952291,1,0,0,0
19.22041726,17.20033288,torque,hover,-0.02165166102,0.009326717816,-1.625164986,0,0,-2,0.01835905202,-0.002534381347,-0.0006312504411,0,0,0,0.3755756516,0.0185439035,0.03875834248,0.002809951315,-0.004605071619,-0.0002362267696,0.004473146855,0.002528952365,8.563535726e-05,0.7276428548,0.000340305797,0.001046171834,0.0003103323733,1,0,0,0
19.23041129,17.21032691,torque,hover,-0.02163360827,0.009405885823,-1.625244141,0,0,-2,0.0184342172,-0.002606583294,-0.0006113080308,0,0,0,0.375497587,0.01862762298,0.03944746086,0.003147866577,-0.001209872426,0.0003092220868,0.004645719719,0.003109152385,9.455813843e-05,0.7276192031,0.0003113480107,0.0006769729667,-0.0002378610595,1,0,0,0
19.24047041,17.22038603,torque,hover,-0.0216069892,0.009507546201,-1.625327945,0,0,-2,0.01845580712,-0.002667341614,-0.0005623980542,0,0,0,0.3754149763,0.01865603975,0.0389437418,0.004358734936,0.001826306805,0.0001352081017,0.004376882413,0.003769054761,0.0001068681322,0.7276012606,6.541194576e-05,0.0003871650676,-5.230928535e-05,1,0,0,0
19.25045991,17.23037553,torque,hover,-0.02157655172,0.009605751373,-1.625409484,0,0,-2,0.01859541424,-0.002722566482,-0.0005311074783,0,0,0,0.375334348,0.01880116683,0.03759066986,0.005455614068,0.0055011441,-0.0005352290464,0.005122532972,0.003970488138,0.0001284478384,0.727579626,8.037474254e-05,-8.688934818e-05,0.0006501412278,1,0,0,0
19.2604146,17.24033022,torque,hover,-0.02150372788,0.009792131372,-1.625566721,0,0,-2,0.01879330911,-0.002905582311,-0.0004214613,0,0,0,0.3751780599,0.01902126456,0.0301349551,0.007122141309,0.01069819555,-8.24087183e-05,0.006208021134,0.00310463891,0.0001518244609,0.727550431,0.0001245441066,-0.0009438487612,0.0002150018377,1,0,0,0
19.27040982,17.25032544,torque,hover,-0.0214594081,0.009898835793,-1.625640035,0,0,-2,0.0188718196,-0.00294268108,-0.0003188884584,0,0,0,0.3751051543,0.01910252959,0.02604214502,0.007336951792,0.01210602093,0.0007646597805,0.00600883117,0.003084055672,0.0001395254897,0.7275498997,1.734253391e-05,-0.001106393374,-0.0006577644214,1,0,0,0
19.28043747,17.26035309,torque,hover,-0.02141157538,0.01000194903,-1.625711083,0,0,-2,0.01896595024,-0.003043844365,-0.0002330727439,0,0,0,0.3750342486,0.01921006454,0.02092929719,0.007562032435,0.01393624954,-0.0003765016736,0.005915726425,0.002242892951,0.0001492142606,0.7275459013,-5.799322195e-05,-0.001512818473,0.0005113860682,1,0,0,0
19.29045749,17.27037311,torque,hover,-0.02136020362,0.0101012215,-1.625780225,0,0,-2,0.01904898509,-0.003154447302,-0.0002424640697,0,0,0,0.3749649759,0.01930992387,0.0156674925,0.009006439708,0.01460935175,-0.0002610174415,0.005660491668,0.001276083731,0.000154550429,0.7275184455,-0.000328828557,-0.001771015861,0.0003967998716,1,0,0,0
19.3004179,17.28033352,torque,hover,-0.02126032859,0.01030635368,-1.625922799,0,0,-2,0.01911711693,-0.003351309104,-0.0001188794413,0,0,0,0.374822591,0.01940900731,0.01059510077,0.007714745589,0.01207096782,-0.0002042158012,0.005441105097,7.189583313e-05,0.0001667046194,0.7274981069,-0.0001512886335,-0.001545474082,0.0003482955553,1,0,0,0
19.31041789,17.29033351,torque,hover,-0.02121167444,0.01041207742,-1.625981688,0,0,-2,0.01921311952,-0.00347085949,-3.611779539e-05,0,0,0,0.3747639842,0.01952414228,0.01269533837,0.007073197979,0.01088422816,-1.066844652e-05,0.00530263609,-0.0007016839118,0.0001553220838,0.7274977018,-0.000110950329,-0.001511430372,0.0001411209059,1,0,0,0
19.32043672,17.30035233,torque,hover,-0.02115928754,0.01051396132,-1.626038551,0,0,-2,0.01932335086,-0.003563235281,4.922629887e-05,0,0,0,0.3747071175,0.01964919737,0.01472000673,0.008626726456,0.008453907445,-0.0001054745226,0.005262447436,-0.001124187127,0.0001458342105,0.7274986901,-0.0003440845461,-0.001228146647,0.0002292247626,1,0,0,0
19.33042002,17.31033564,torque,hover,-0.02110359073,0.01061192714,-1.626093507,0,0,-2,0.01936190948,-0.003720841836,0.0001249243796,0,0,0,0.374651892,0.01971658715,0.01677532253,0.008479407057,0.0059120683,9.059101285e-05,0.004572572005,-0.00193880107,0.000128710573,0.727497914,-0.0004841480773,-0.001032968386,1.213835381e-05,1,0,0,0
19.34046483,17.32038045,torque,hover,-0.02098204009,0.01082816254,-1.626170516,0,0,-2,0.01943263225,-0.003967185039,0.0002435191273,0,0,0,0.3745743961,0.0198349453,0.01751401041,0.008439699188,0.0004992805189,6.102652333e-05,0.004484077608,-0.00212370868,9.115114514e-05,0.7275000197,-0.0004301669196,-0.0002873216634,1.479775584e-05,1,0,0,0
19.35045242,17.33036804,torque,hover,-0.02091711946,0.01093012188,-1.626203418,0,0,-2,0.01944398321,-0.004089719616,0.0003271055757,0,0,0,0.3745408901,0.01987212338,0.01701801108,0.00808706414,-0.001138155581,0.000765482313,0.003702234499,-0.002086213481,4.792033515e-05,0.7275092677,-0.0005615427519,-5.879160476e-05,-0.0007390865085,1,0,0,0
19.36040998,17.34032559,torque,hover,-0.02084909938,0.01102777943,-1.626235008,0,0,-2,0.01956825145,-0.004301353358,0.0003876449191,0,0,0,0.3745084324,0.02003917099,0.01684395577,0.008105566725,-0.003950640094,0.0007600135286,0.003952889353,-0.00278669998,7.305433359e-06,0.727513061,-0.0004942696447,0.0001511284188,-0.0007620546057,1,0,0,0
19.37045312,17.35036874,torque,hover,-0.0207908079,0.01112184394,-1.626253963,0,0,-2,0.01968802325,-0.004433093593,0.0004745681654,0,0,0,0.3744890568,0.02018652505,0.01485373458,0.00827871915,-0.005681861192,-0.001255490002,0.004026048459,-0.002552189018,2.157923628e-05,0.7275281719,-0.0004962430652,0.0004297428154,0.001300070625,1,0,0,0
19.38045764,17.36037326,torque,hover,-0.02066461928,0.01129855961,-1.626288414,0,0,-2,0.01969441026,-0.004679770675,0.0006454343675,0,0,0,0.374452979,0.02025306482,0.0122912356,0.008381842636,-0.008051711135,0.0004622580309,0.003297999333,-0.001863960351,-5.335040769e-05,0.7275589595,-0.0006146250763,0.0008417324994,-0.0005059852482,1,0,0,0
19.39044118,17.3703568,torque,hover,-0.02059771121,0.01138119958,-1.626303911,0,0,-2,0.01964499429,-0.004836117849,0.0007304258179,0,0,0,0.3744363286,0.02024468716,0.01384782843,0.00864766445,-0.00802980084,0.0006634385209,0.001951318404,-0.001656704507,-9.955028771e-05,0.7275748553,-0.0009498394912,0.0008491551445,-0.0007493666049,1,0,0,0
19.40040588,17.3803215,torque,hover,-0.02053980343,0.0114626633,-1.626308203,0,0,-2,0.01969661564,-0.004916488193,0.0007766046328,0,0,0,0.3744313495,0.02031579776,0.01491344737,0.008345769718,-0.007767732721,0.0004186878505,0.001677951063,-0.0008737741951,-0.0001370072203,0.7275849784,-0.0009368236441,0.0009584036813,-0.0005277942301,1,0,0,0
19.4104588,17.39037442,torque,hover,-0.02047869377,0.01154070254,-1.626312017,0,0,-2,0.01971541718,-0.005119886249,0.0008664621855,0,0,0,0.3744265923,0.02038778228,0.01708831003,0.007448890712,-0.00687136082,0.0005178591236,0.001103655787,-0.001266004306,-0.0001822876535,0.7276062932,-0.0009137568171,0.0007049067575,-0.0006617902881,1,0,0,0
19.42045498,17.4003706,torque,hover,-0.02034766413,0.01168615278,-1.626324177,0,0,-2,0.0197188668,-0.005323443562,0.001104981638,0,0,0,0.3744118247,0.02045467534,0.02052971189,0.004583270289,-0.005551206879,-0.001274979208,0.001071719615,-0.0005737543237,-0.0001815756139,0.7276622916,-0.0004553918083,0.0006182550966,0.001166199867,1,0,0,0
19.43039298,17.4103086,torque,hover,-0.02029369585,0.01174745616,-1.626321435,0,0,-2,0.0196916461,-0.005402621813,0.001215333352,0,0,0,0.3744135505,0.02045547075,0.02259176686,0.004849169869,-0.003891394241,-0.0007277965778,0.0002786079374,-8.70738316e-05,-0.0001885810574,0.727691242,-0.0006666585103,0.0004866993155,0.0006014369293,1,0,0,0
19.44040847,17.42032409,torque,hover,-0.02023679018,0.01180581469,-1.626317978,0,0,-2,0.01968504302,-0.005544063635,0.001293625799,0,0,0,0.3744157563,0.02049173072,0.02399553553,0.00467096502,-0.003730049357,-0.001100575202,-0.0002112265967,-0.0002518349388,-0.0001857760317,0.727712287,-0.0007317672231,0.0004120581778,0.0009823565981,1,0,0,0
19.45039797,17.43031359,torque,hover,-0.02017670311,0.01186088566,-1.626313567,0,0,-2,0.01973017305,-0.005674438551,0.001378667541,0,0,0,0.3744186561,0.02057619269,0.02341906236,0.002643324202,-0.001422801288,-0.000598087674,-2.499546668e-05,-0.0004749318977,-0.0001958399379,0.7277353871,-0.0003875965621,3.941744874e-05,0.0004652291712,1,0,0,0
19.46041083,17.44032645,torque,hover,-0.0200480558,0.01196204405,-1.626302481,0,0,-2,0.0196695067,-0.005963555537,0.001578325871,0,0,0,0.3744260287,0.02061418446,0.02293253642,0.001090603066,0.0006299710367,0.000227481316,-0.0001369754173,-0.001559022151,-0.000262110891,0.7277899265,-0.0001834609247,-0.0004820702187,-0.0004226842264,1,0,0,0
19.47044444,17.45036006,torque,hover,-0.0199919045,0.01201653108,-1.626294374,0,0,-2,0.01964887045,-0.006026343442,0.00163614878,0,0,0,0.3744328616,0.02061727208,0.02239074989,0.0003999430046,0.0006438317942,-0.0002978937991,-0.0003675921628,-0.001026569479,-0.0002816342058,0.7278075158,-0.0001429537608,-0.0003197991692,9.611575636e-05,1,0,0,0
19.48046803,17.46038365,torque,hover,-0.01993268169,0.01206883881,-1.626285553,0,0,-2,0.01963987388,-0.006113860756,0.001722722081,0,0,0,0.3744401909,0.02064150456,0.0208768495,-0.0008463650593,0.002166404855,-0.0007660326664,-0.0003453721108,-0.0009606329169,-0.0002949394264,0.7278326415,3.149700607e-05,-0.0004867752799,0.0005628790151,1,0,0,0
19.49044681,17.47036242,torque,hover,-0.01987058669,0.01211846154,-1.626276016,0,0,-2,0.01962189749,-0.006177247502,0.001820519217,0,0,0,0.3744480116,0.02065167155,0.02016472702,0.0003892983077,0.002284896327,0.0003625564277,-0.0003813331501,-0.0007774614737,-0.0003348793482,0.7278608799,-0.0001498096559,-0.0004334167959,-0.0006154923314,1,0,0,0
19.50046253,17.48037815,torque,hover,-0.01974767819,0.01221497171,-1.626250029,0,0,-2,0.01964107715,-0.006312042009,0.002037696308,0,0,0,0.3744705829,0.02073079815,0.01759742683,-0.001061207149,0.002155695343,0.001127750613,0.0006419132316,-0.0009726492414,-0.0004330694824,0.7279253201,0.0002814936596,-0.0004294948351,-0.001462084196,1,0,0,0
19.51046252,17.49037814,torque,hover,-0.01968632825,0.01226205751,-1.626233459,0,0,-2,0.01968362182,-0.006369906012,0.002174307592,0,0,0,0.3744854298,0.02080260282,0.01524116372,-0.002370520262,0.001829535118,-7.965679833e-05,0.001138550024,-0.0008896550146,-0.0004679125939,0.7279659397,0.0005458360476,-0.0003487970037,-0.000257333577,1,0,0,0
19.52041698,17.50033259,torque,hover,-0.01962182857,0.01230650768,-1.626216054,0,0,-2,0.01969682053,-0.006484472193,0.002238251269,0,0,0,0.374500874,0.02085720229,0.01405729899,-0.001128207077,0.001697851578,-0.0002339102357,0.00126502845,-0.001330874857,-0.0004986033791,0.7279884113,0.0003684955232,-0.0004209977407,-0.0001229543353,1,0,0,0
19.53047657,17.51039219,torque,hover,-0.0195541922,0.01234800275,-1.626198292,0,0,-2,0.01976085082,-0.006642469671,0.002289397642,0,0,0,0.3745164304,0.02097271966,0.01288814609,-0.0008796995389,0.001435981831,-0.0006604467053,0.001815887898,-0.00213750124,-0.0005161485316,0.7280077331,0.0004324749686,-0.0005520452325,0.000300132709,1,0,0,0
19.54042339,17.52033901,torque,hover,-0.01949613914,0.01238565892,-1.626174688,0,0,-2,0.01976262406,-0.006746477447,0.002370194066,0,0,0,0.3745382058,0.02101651939,0.01207508891,-0.002424227307,0.0006921947352,-0.001000461518,0.001817194809,-0.002299814172,-0.0005249065364,0.7280367281,0.000609292031,-0.0004591364457,0.0006377193258,1,0,0,0
19.55047059,17.53038621,torque,hover,-0.019370066,0.01245326735,-1.626126528,0,0,-2,0.01983756572,-0.0070376941,0.002450765343,0,0,0,0.3745819757,0.02119113972,0.01297662698,-0.001535799471,-0.002201945987,0.001162554952,0.003124632853,-0.003693976115,-0.0006240999887,0.7280744578,0.0007401052754,-0.0003598828518,-0.001634129571,1,0,0,0
19.56047678,17.5403924,torque,hover,-0.01930217445,0.01248270273,-1.626102448,0,0,-2,0.0198573079,-0.007206609938,0.002392992144,0,0,0,0.3746034858,0.02125968756,0.01393310082,-0.001424635411,-0.002548648976,0.0002224609489,0.003138627843,-0.004046998427,-0.0006694496616,0.7280684499,0.0006798537511,-0.0003613810772,-0.000711858163,1,0,0,0
19.57048178,17.5503974,torque,hover,-0.01923461258,0.01250585262,-1.626075149,0,0,-2,0.01987979934,-0.007296070457,0.002370443661,0,0,0,0.3746280304,0.02130863836,0.01430278061,0.0005162347807,-0.003671083599,0.0005645714118,0.003187014087,-0.003673712854,-0.0007234366328,0.7280725729,0.0003884233588,-9.119617187e-05,-0.001100153302,1,0,0,0
19.5804925,17.56040812,torque,hover,-0.01909061708,0.01254556421,-1.626021504,0,0,-2,0.01992883347,-0.007459355984,0.002386831446,0,0,0,0.374675537,0.02141255145,0.01456707003,0.00078227825,-0.005547602661,-0.0003182221262,0.004160932538,-0.003529637945,-0.0007990261053,0.7280960658,0.0005584479175,0.0001766351823,-0.0002541037968,1,0,0,0
19.59045458,17.5703702,torque,hover,-0.01901369169,0.01256229915,-1.62599206,0,0,-2,0.01999663562,-0.007579811849,0.002421354176,0,0,0,0.3747015762,0.0215216621,0.01531251901,0.002083223779,-0.006062051281,-0.000100877849,0.004432631383,-0.003421323368,-0.0008406442719,0.7281154101,0.0004050330769,0.0002760816129,-0.0005057552762,1,0,0,0
19.60047746,17.58039308,torque,hover,-0.01895519719,0.01258376334,-1.625959873,0,0,-2,0.02002706565,-0.00764508592,0.00240912009,0,0,0,0.3747314599,0.02157161461,0.01556464571,0.002486528363,-0.007524367422,-0.0004256116226,0.004195444302,-0.002648993696,-0.0008735301928,0.7281239317,0.0002651034061,0.0006508339887,-0.0002014352046,1,0,0,0
19.61045599,17.59037161,torque,hover,-0.01889324374,0.0126034338,-1.625927687,0,0,-2,0.02004901506,-0.007689829916,0.002504672157,0,0,0,0.3747611196,0.0216187389,0.01619403244,0.002368850866,-0.006846497767,-0.001103816088,0.004021277193,-0.001863134463,-0.0008956046424,0.7281597899,0.0002220878829,0.0007148617627,0.0004720830517,1,0,0,0
19.62046862,17.60038424,torque,hover,-0.01882765628,0.01262160204,-1.625895262,0,0,-2,0.02010752447,-0.007726741955,0.002545987489,0,0,0,0.3747907958,0.02169094589,0.01734359591,0.002854102757,-0.006752259564,-0.001327924081,0.004226065128,-0.001176674117,-0.0009095117228,0.7281819759,0.0001897934039,0.0008273763741,0.0006905547831,1,0,0,0
19.63046145,17.61037707,torque,hover,-0.01870433055,0.01264152676,-1.625827432,0,0,-2,0.02011634968,-0.007837527432,0.002525335643,0,0,0,0.3748529993,0.02173641371,0.01923881018,0.00320213614,-0.005529589951,-0.000335171324,0.004317709412,-0.0009279415331,-0.0009558851183,0.7282012406,0.0001736745032,0.00063913808,-0.0003530106432,1,0,0,0
19.64049101,17.62040663,torque,hover,-0.01864670776,0.01264343876,-1.625792146,0,0,-2,0.02012085915,-0.007884289138,0.002516886918,0,0,0,0.3748854151,0.02175650955,0.02002556989,0.003926027566,-0.004369298462,-0.0008064499707,0.003824722566,-0.0005994034618,-0.0009806694789,0.7282118468,-5.052391097e-05,0.0005324412141,0.0001076999693,1,0,0,0
19.65048003,17.63039565,torque,hover,-0.01858566143,0.01264400966,-1.625757337,0,0,-2,0.02014917135,-0.007933583111,0.00253554387,0,0,0,0.3749171494,0.02180274822,0.02082910686,0.003758295206,-0.00379335694,-0.0007495073369,0.003679518323,-0.000406429729,-0.001005714449,0.7282291472,-5.899783519e-05,0.0004779181089,3.123615922e-05,1,0,0,0
19.66048837,17.64040399,torque,hover,-0.0185213834,0.01264306251,-1.625734448,0,0,-2,0.02014796622,-0.008002599701,0.002551413607,0,0,0,0.3749367837,0.02182869342,0.02101491222,0.003674022853,-0.00221526064,-0.0006871590158,0.00333442192,-0.0004789179134,-0.0010319666,0.7282414217,-0.0001224725058,0.0002293091416,-5.173714508e-05,1,0,0,0
19.67046928,17.6503849,torque,hover,-0.01840234362,0.01261098962,-1.625680327,0,0,-2,0.02014085092,-0.008134197444,0.00258140685,0,0,0,0.3749838671,0.02187424753,0.02026751962,0.003869349835,-0.0004707861226,-0.0001879164338,0.003247348428,-0.001482980852,-0.001073896963,0.7282685471,-0.0001313230882,-0.0002497435722,-0.0005888683153,1,0,0,0
19.68048215,17.66039777,torque,hover,-0.01833816245,0.01259298809,-1.625653744,0,0,-2,0.02008010074,-0.008218662813,0.002541561378,0,0,0,0.3750066548,0.02184528321,0.01950753767,0.004256796092,0.0008242863114,-0.0009833798977,0.002368914476,-0.001774273802,-0.001092039241,0.7282680334,-0.0003774755279,-0.0004649775257,0.0002058801723,1,0,0,0
19.69046402,17.67037964,torque,hover,-0.01827080362,0.01257424895,-1.625627398,0,0,-2,0.02009328827,-0.008253900334,0.002566797659,0,0,0,0.3750290372,0.02187362692,0.01955141846,0.005304535385,0.0009050042718,-0.0002589211217,0.002298959033,-0.001720118937,-0.001128242251,0.7282839406,-0.0005102297923,-0.0004280168761,-0.0005572132383,1,0,0,0
19.70048165,17.68039727,torque,hover,-0.01814472675,0.01250024233,-1.625577569,0,0,-2,0.02005799301,-0.008407882415,0.002610103693,0,0,0,0.3750701854,0.02190498143,0.01898224934,0.005078226794,0.002714693546,-0.0006469225045,0.001989627278,-0.00349812044,-0.001141789623,0.728312864,-0.0004898929386,-0.001042611175,-0.0001700078573,1,0,0,0
19.71046662,17.69038224,torque,hover,-0.01807704754,0.01246184111,-1.625526905,0,0,-2,0.0200171303,-0.0084906267,0.002659912221,0,0,0,0.3751162166,0.02190551027,0.01961867874,0.004388128407,0.0009324852726,-0.0006924463669,0.001423117705,-0.003793123061,-0.00116022187,0.7283437893,-0.0005029220634,-0.0007994972793,-0.0001392868442,1,0,0,0
19.7204802,17.70039582,torque,hover,-0.01800663024,0.01242241543,-1.62547648,0,0,-2,0.01998213306,-0.008594381623,0.002719259821,0,0,0,0.3751618618,0.0219213004,0.02018536137,0.003090500832,0.0001483125088,-0.001245956286,0.001082838149,-0.004237374296,-0.001161830582,0.7283770378,-0.0003781716676,-0.0007408060805,0.00042185683,1,0,0,0
19.73047948,17.7103951,torque,hover,-0.01793335006,0.01238218695,-1.62542665,0,0,-2,0.01999674551,-0.008606912568,0.002746707527,0,0,0,0.3752067671,0.02194295279,0.02046755945,0.002681125421,-0.0004315772967,-0.0008576520486,0.001354774677,-0.003897456466,-0.001172592598,0.7284020102,-0.0002386298203,-0.0005347802364,1.953585066e-05,1,0,0,0
19.74048853,17.72040415,torque,hover,-0.01778240316,0.01226950437,-1.625339866,0,0,-2,0.02003951557,-0.008818252943,0.002839999739,0,0,0,0.3752825214,0.02207734965,0.02183591759,0.0021548972,-0.00279237167,-0.0007942992961,0.002265409217,-0.005962697562,-0.001204930425,0.7284569476,6.608664674e-05,-0.0006690100992,-6.520513185e-05,1,0,0,0
19.75048947,17.73040509,torque,hover,-0.01770221815,0.01221183036,-1.625296831,0,0,-2,0.02007369325,-0.008906884119,0.00285722618,0,0,0,0.3753198131,0.02214609416,0.02225499121,0.002458980307,-0.004158401396,-0.0005990113714,0.002444123886,-0.005962739,-0.001222751206,0.7284768349,5.116268103e-05,-0.0004252447993,-0.0002773383345,1,0,0,0
19.76048994,17.74040556,torque,hover,-0.01761892997,0.01215386763,-1.625254393,0,0,-2,0.02007034421,-0.008975075558,0.002791742794,0,0,0,0.3753563819,0.02216223197,0.02212755728,0.001186612644,-0.005262085237,-0.001077573979,0.002404344653,-0.005721311832,-0.001226293018,0.7284755486,0.0002002118347,-0.0001784099374,0.0002053450162,1,0,0,0
19.7704742,17.75038981,torque,hover,-0.01754402369,0.0120784184,-1.625219822,0,0,-2,0.02006956935,-0.009092593566,0.002782391384,0,0,0,0.3753849529,0.0222082096,0.02211212232,0.000632845331,-0.007285336498,-0.0008503273712,0.002301524993,-0.006018668111,-0.001231731704,0.7284856248,0.0002339994089,5.277781587e-05,-3.183367228e-05,1,0,0,0
19.78048325,17.76039886,torque,hover,-0.01738445461,0.01192551758,-1.625208497,0,0,-2,0.02012797818,-0.009313518181,0.002672537696,0,0,0,0.3753839473,0.02233874625,0.02171613621,0.0002596085542,-0.009612160735,-0.001737084356,0.003482501215,-0.007484312693,-0.001240844322,0.7284617304,0.0005377816082,-2.397050908e-06,0.000865161007,1,0,0,0
19.79046512,17.77038074,torque,hover,-0.01730030403,0.01184852328,-1.625203013,0,0,-2,0.02012662031,-0.009372355416,0.002594200429,0,0,0,0.3753830965,0.02235289169,0.02145037185,-0.0004146040592,-0.01061265822,-0.0004136753269,0.00343431731,-0.006638498073,-0.001255684918,0.7284438043,0.0005792392535,0.0003673766692,-0.0004953959087,1,0,0,0
19.80046916,17.78038478,torque,hover,-0.017219726,0.01176105626,-1.625202298,0,0,-2,0.02013229951,-0.009459442459,0.002584805479,0,0,0,0.3753773551,0.02239356503,0.02179957038,0.0004410598485,-0.01083445456,0.0002238694142,0.003382096909,-0.006269342213,-0.001286602851,0.7284416203,0.0004167953113,0.0004941868744,-0.001167320265,1,0,0,0
19.81046438,17.79038,torque,hover,-0.01713603549,0.01167352125,-1.625201225,0,0,-2,0.02015881427,-0.009501302615,0.00257208501,0,0,0,0.3753718641,0.02243363915,0.02219466658,0.0004066862457,-0.01064413227,-0.0004959233338,0.003630939881,-0.005590559258,-0.00129976267,0.7284387337,0.0004547310252,0.0006260209417,-0.0004440558487,1,0,0,0
19.82046914,17.80038476,torque,hover,-0.01695967093,0.01149873063,-1.625198126,0,0,-2,0.02017569356,-0.009571362287,0.002571752295,0,0,0,0.3753615539,0.02247851188,0.02410900535,0.001933239982,-0.0116866203,-0.0001419757464,0.004503092549,-0.005536206319,-0.001345841518,0.7284396788,0.0004280682077,0.0006932050509,-0.0008369532476,1,0,0,0
19.83045983,17.81037545,torque,hover,-0.01686824113,0.01142399479,-1.625211358,0,0,-2,0.02019503526,-0.009567937814,0.002515366999,0,0,0,0.3753419392,0.02248804025,0.0251527858,0.001641056384,-0.009935193695,-0.001247069449,0.004585389439,-0.004307852035,-0.001331966131,0.7284205538,0.0004556220445,0.0007351947906,0.0002984724132,1,0,0,0
19.84047532,17.82039094,torque,hover,-0.01677392051,0.01134877838,-1.625224471,0,0,-2,0.02020794339,-0.009694983251,0.002433689311,0,0,0,0.3753223365,0.0225449888,0.02572893658,0.002607041504,-0.00940433424,-0.0008684569038,0.004490632719,-0.004424146839,-0.001340618237,0.7283950341,0.0002740338417,0.0006207401467,-9.302029197e-05,1,0,0,0
19.85048866,17.83040428,torque,hover,-0.01657774858,0.01119670738,-1.625250101,0,0,-2,0.02014131472,-0.00979316514,0.002247346332,0,0,0,0.3752834592,0.02250842525,0.02714251911,0.004378288984,-0.008313165978,-0.0008790601278,0.004435925576,-0.004547131837,-0.001354694682,0.728338425,3.262543352e-05,0.0003663338658,-9.075756246e-05,1,0,0,0
19.86049151,17.84040713,torque,hover,-0.01647638157,0.0111252768,-1.625274777,0,0,-2,0.02013260499,-0.009877229109,0.00227638497,0,0,0,0.375252229,0.02254026102,0.0273539352,0.004343200941,-0.00742681371,-0.0009846020257,0.00418117144,-0.004154263422,-0.00135707852,0.7283368088,-2.944937426e-05,0.0003502701263,1.482287945e-05,1,0,0,0
19.8704772,17.85039282,torque,hover,-0.01637251861,0.01105348486,-1.625298262,0,0,-2,0.02012450621,-0.009866141714,0.002229723148,0,0,0,0.3752221097,0.02252350256,0.02816849606,0.005517813377,-0.006704715081,-0.001059600618,0.004031311944,-0.003085772808,-0.001364592943,0.7283164481,-0.0002252137788,0.0005056868526,8.631342561e-05,1,0,0,0
19.88048196,17.86039758,torque,hover,-0.01626626961,0.01098177582,-1.625320911,0,0,-2,0.02011715993,-0.009847643785,0.002231780207,0,0,0,0.3751927643,0.02250904384,0.02858846756,0.006167328451,-0.006414331496,-0.00220594299,0.003897642166,-0.002188749359,-0.001338673378,0.7283087447,-0.0003365355843,0.0006613949657,0.00127249208,1,0,0,0
19.89046407,17.87037969,torque,hover,-0.01615774445,0.01091011707,-1.625342488,0,0,-2,0.02008534037,-0.009845325723,0.0022115584,0,0,0,0.3751644365,0.02247759611,0.02850702531,0.006373155396,-0.004927963018,-0.002121891826,0.003561797233,-0.001666948592,-0.001314626377,0.7282957824,-0.0004290337286,0.0005539106528,0.001204603273,1,0,0,0
19.90047216,17.88038778,torque,hover,-0.01590842009,0.01075551659,-1.625388503,0,0,-2,0.02010106668,-0.009842553176,0.002211041283,0,0,0,0.3751033625,0.02249038546,0.02842800871,0.007263999898,-0.002658050973,-0.0007710761274,0.004642261861,-0.002206959298,-0.001335934557,0.7282789509,-0.000243971901,7.090249665e-05,-0.0001833379749,1,0,0,0
19.91047668,17.8903923,torque,hover,-0.01578066871,0.01067818515,-1.62541008,0,0,-2,0.02011466585,-0.009848273359,0.002164627193,0,0,0,0.3750742078,0.02250053069,0.0281559576,0.005646307953,-0.002036715625,-0.0006173607544,0.004646052492,-0.002016249375,-0.001358720546,0.7282593544,-3.473347089e-05,3.817991516e-05,-0.000357400638,1,0,0,0
19.92046475,17.90038037,torque,hover,-0.01565091126,0.01060097385,-1.62543118,0,0,-2,0.02008071356,-0.009831159376,0.002109184396,0,0,0,0.3750455074,0.02245741326,0.02802378933,0.00591260707,-0.001744779642,-0.0005304049118,0.004275800197,-0.001684953758,-0.001382850557,0.7282376456,-0.0001727491738,8.019327657e-05,-0.0004639933102,1,0,0,0
19.93047404,17.91038966,torque,hover,-0.01552052703,0.01050399803,-1.625473857,0,0,-2,0.02004431188,-0.009837158024,0.002083719475,0,0,0,0.3749947367,0.02242511992,0.02771256187,0.005151643418,-0.001428436721,0.0001161844339,0.003959435965,-0.001874524895,-0.001424643694,0.7282157177,-0.0001480210549,-6.69909469e-06,-0.00115339098,1,0,0,0
19.94047952,17.92039514,torque,hover,-0.01538807433,0.01040735096,-1.625515342,0,0,-2,0.02007501014,-0.00985431578,0.00205205963,0,0,0,0.3749451494,0.0224571708,0.02677956487,0.005497469101,-0.001164418412,-0.001313713845,0.004268111911,-0.002234299002,-0.00142593226,0.7281926541,-0.000127792806,-0.0001196339538,0.0003023322349,1,0,0,0
19.95046759,17.93038321,torque,hover,-0.01511705294,0.01021503843,-1.625593662,0,0,-2,0.0201024469,-0.009896680713,0.001949410653,0,0,0,0.3748506076,0.02249117299,0.02545186389,0.005475491285,-0.001122940681,-0.0009468336357,0.005514375692,-0.003888822375,-0.001446330744,0.7281382429,0.0001873808846,-0.0004972386841,-8.399702823e-05,1,0,0,0
19.96046638,17.940382,torque,hover,-0.01497729309,0.01009862125,-1.62564826,0,0,-2,0.02012291551,-0.009925695136,0.001882205601,0,0,0,0.3747873085,0.02251652394,0.02493566355,0.004419849254,-0.0007369940286,-0.0008266096702,0.005471875863,-0.004258316445,-0.00145939395,0.7281014186,0.0002829804993,-0.0005893654654,-0.0002168049798,1,0,0,0
19.97045779,17.95037341,torque,hover,-0.0148356501,0.009982804768,-1.625701904,0,0,-2,0.02008220181,-0.009949609637,0.001802726998,0,0,0,0.374724989,0.02248420303,0.02493884526,0.00574300997,-0.0006902603782,-3.110079342e-05,0.004901843456,-0.004523467931,-0.001496263305,0.7280618264,-6.241825416e-05,-0.0006091790364,-0.001053678253,1,0,0,0
19.98046184,17.96037745,torque,hover,-0.01454802696,0.009752329439,-1.625803947,0,0,-2,0.02002830803,-0.01008001156,0.001878022915,0,0,0,0.3746057111,0.02250037168,0.02456674568,0.005805672146,-0.0005099385162,-0.002019218169,0.005348806056,-0.007110721778,-0.001480156925,0.7280439334,5.402312435e-05,-0.001174981744,0.0009844748895,1,0,0,0
19.99045229,17.97036791,torque,hover,-0.01440177765,0.009637557901,-1.625851631,0,0,-2,0.02002385445,-0.0101139741,0.001967226155,0,0,0,0.3745494568,0.02251926282,0.02481707162,0.005744369701,-0.001166975475,-0.00171389489,0.00510293758,-0.007041323796,-0.001466436575,0.7280492759,-1.881996873e-05,-0.0009803271659,0.0006821310001,1,0,0,0
20.00047088,17.9803865,torque,hover,-0.01423948165,0.009516646154,-1.625899196,0,0,-2,0.02004619129,-0.01016575284,0.00202249526,0,0,0,0.374492645,0.02256729499,0.02603626304,0.006818755995,-0.001057432382,-0.0004540129739,0.00522614685,-0.007325657402,-0.001487063898,0.7280460613,-0.000152845398,-0.0009902785215,-0.0006151375351,1,0,0,0
20.01045918,17.9903748,torque,hover,-0.01407570485,0.009396140464,-1.625944853,0,0,-2,0.02004755847,-0.0102107618,0.002041320782,0,0,0,0.3744378,0.02259051234,0.02707921475,0.007107632235,-0.002222479554,-0.001194867888,0.005160116761,-0.007494788573,-0.001496578646,0.7280342998,-0.0002181171553,-0.0008057606658,0.000131395885,1,0,0,0
20.02046275,18.00037837,torque,hover,-0.01374421734,0.009156490676,-1.625995755,0,0,-2,0.02004757337,-0.01031630207,0.002057896694,0,0,0,0.3743686952,0.02263992547,0.02845850374,0.006594709586,-0.005697445944,-0.001016220427,0.006363371792,-0.00918830665,-0.001524822918,0.7280200878,0.0001573043957,-0.0006998164127,-7.240989467e-05,1,0,0,0
20.03047132,18.01038694,torque,hover,-0.01355799381,0.009050127119,-1.626007199,0,0,-2,0.02006489784,-0.01036571618,0.002148182597,0,0,0,0.374347885,0.0226861827,0.02863369835,0.006182772573,-0.008095348254,-0.0006449185894,0.006436712052,-0.008626100132,-0.001547856869,0.7280388645,0.0001902043572,-0.0001820358168,-0.0004706626456,1,0,0,0
20.04047394,18.02038956,torque,hover,-0.01337080076,0.008943914436,-1.626017451,0,0,-2,0.02005802467,-0.01037119329,0.002155149123,0,0,0,0.3743283567,0.02268326854,0.02882175787,0.005938134622,-0.007788096555,-0.0005962371943,0.006383426197,-0.007815146786,-0.001586886455,0.7280369512,0.0001736158074,-9.317180036e-06,-0.0005496660901,1,0,0,0
20.05047679,18.03039241,torque,hover,-0.013182519,0.008837910369,-1.626026988,0,0,-2,0.0201058574,-0.01040344406,0.002203383017,0,0,0,0.3743096327,0.02274493453,0.02925797288,0.005712825339,-0.009142211638,-0.0002926460293,0.006827516579,-0.007374129709,-0.001633015305,0.7280457727,0.000273312547,0.000285249964,-0.0008944147779,1,0,0,0
20.06046915,18.04038477,torque,hover,-0.01299337484,0.008732106537,-1.626035571,0,0,-2,0.02007632516,-0.01041742694,0.002186257625,0,0,0,0.3742919603,0.02272358551,0.02891156479,0.005823228508,-0.009812773205,-0.001389747369,0.006578472217,-0.006748330672,-0.001647641189,0.7280383604,0.0001650756977,0.0005116359528,0.0002111909058,1,0,0,0
20.07047296,18.05038857,torque,hover,-0.01259381231,0.008534853347,-1.62602818,0,0,-2,0.02009992674,-0.01044431515,0.002325077774,0,0,0,0.3742811375,0.02277052394,0.02963539749,0.00630403962,-0.01100742444,-0.000569786469,0.00860292433,-0.006905319243,-0.001738842464,0.728076345,0.0005730580108,0.0005455769567,-0.0006931030715,1,0,0,0
20.08048415,18.06039977,torque,hover,-0.0123931244,0.008436507545,-1.626023293,0,0,-2,0.02008681186,-0.01040280238,0.002385993954,0,0,0,0.3742770924,0.0227462365,0.02986394591,0.006948863156,-0.01175212208,-0.001298454823,0.008242777769,-0.005560109107,-0.001764044809,0.7280936157,0.0003377954181,0.0009442381491,2.976490457e-05,1,0,0,0
20.09045649,18.0703721,torque,hover,-0.01197688561,0.008253689855,-1.626011014,0,0,-2,0.0200290978,-0.01039202977,0.002427272499,0,0,0,0.374271734,0.02269472831,0.03145426983,0.009172781371,-0.01167138573,-0.0009867434856,0.009235386442,-0.005135042728,-0.001838369826,0.7281086406,0.0002664117747,0.0009140894847,-0.0003427181443,1,0,0,0
20.10047626,18.08039188,torque,hover,-0.01176131237,0.008168666624,-1.626003265,0,0,-2,0.01998073421,-0.01039678324,0.00249507674,0,0,0,0.3742707751,0.02266160298,0.03237156198,0.008831590414,-0.00979844667,-0.001333820168,0.008440913542,-0.004258996509,-0.001870870096,0.7281286957,7.715322515e-05,0.0008324322027,-1.074790391e-05,1,0,0,0
20.11048746,18.09040308,torque,hover,-0.01154583972,0.008083641529,-1.625994802,0,0,-2,0.01996876113,-0.01034177653,0.002533191582,0,0,0,0.3742706777,0.02263008667,0.033449522,0.009697027504,-0.009078713134,-0.001838068943,0.008138338847,-0.003098821985,-0.001889339818,0.7281414916,-0.0001407431301,0.0009694423232,0.0004899177967,1,0,0,0
20.12049174,18.10040736,torque,hover,-0.01133016869,0.007998920977,-1.625985742,0,0,-2,0.01997002587,-0.01030149683,0.00256737927,0,0,0,0.3742713199,0.02261667983,0.03465327601,0.01013541408,-0.008127613924,-0.001339086099,0.007977605759,-0.002327297041,-0.001920469392,0.7281535157,-0.0002529225846,0.0009715632931,-4.02172933e-05,1,0,0,0
20.130481,18.11039662,torque,hover,-0.01109991036,0.007922409102,-1.62596035,0,0,-2,0.01996421255,-0.01024226286,0.002609607764,0,0,0,0.3742881675,0.02258946179,0.03596898047,0.01104152203,-0.007665382698,-0.001455239137,0.007916261128,-0.001470767307,-0.001947482681,0.7281734995,-0.0003975044771,0.001056390281,5.842825753e-05,1,0,0,0
20.14048767,18.12040329,torque,hover,-0.01064096112,0.00776998559,-1.625913382,0,0,-2,0.01980539598,-0.01007053349,0.002625667723,0,0,0,0.374318582,0.02237327615,0.03910656944,0.01122965571,-0.004270023201,-0.0005496889935,0.008339692012,-0.0005998987867,-0.002074053175,0.7281947075,-0.0002546330057,0.0007024757621,-0.0009550703891,1,0,0,0
20.15047693,18.13039255,torque,hover,-0.01041254494,0.007694310974,-1.625890017,0,0,-2,0.01974780299,-0.01006867737,0.002643893939,0,0,0,0.3743339461,0.0223236234,0.0392768322,0.01147322264,-0.003403899027,-0.001855340437,0.007523729169,-0.0006594889088,-0.002096343656,0.7282078726,-0.0004947718778,0.0005314417382,0.0003605460593,1,0,0,0
20.16049314,18.14040875,torque,hover,-0.01019175444,0.007615069859,-1.625842094,0,0,-2,0.01961092465,-0.01005274709,0.002718382282,0,0,0,0.3743741437,0.02220440704,0.03950059328,0.01119513996,-0.0009008097695,-0.001081780647,0.006129506982,-0.0006904657234,-0.002138493416,0.7282441717,-0.0007749086847,0.0001561971482,-0.0004540732183,1,0,0,0
20.17047596,18.15039158,torque,hover,-0.00997163076,0.007535990793,-1.625794291,0,0,-2,0.0195750948,-0.009994800203,0.002775880275,0,0,0,0.3744143919,0.02215368771,0.03978153829,0.01111702248,0.0008609481738,-0.0006792736822,0.005887351283,-0.0005810966876,-0.002192543968,0.728276157,-0.0007934949638,-6.813035608e-05,-0.0009022314783,1,0,0,0
20.18048668,18.1604023,torque,hover,-0.00953267701,0.007378248032,-1.625700116,0,0,-2,0.01937149465,-0.009953022934,0.00273971865,0,0,0,0.3744939432,0.02195047901,0.03980614473,0.01044710353,0.004521642812,-0.0007324729813,0.005918217167,-0.002010259365,-0.00229347452,0.7283012474,-0.0006040302839,-0.0008701792309,-0.0009181222927,1,0,0,0
20.19047952,18.17039514,torque,hover,-0.009318511002,0.007302513812,-1.625638723,0,0,-2,0.01925650425,-0.009890079498,0.002676726552,0,0,0,0.3745484305,0.02181264527,0.0402804162,0.009670775384,0.006580387708,-0.0007622917765,0.004917104175,-0.001985276426,-0.002341976422,0.7283075759,-0.0007206088553,-0.00110205551,-0.0009219416947,1,0,0,0
20.20047736,18.18039298,torque,hover,-0.009105262347,0.007226933725,-1.625578523,0,0,-2,0.01911474392,-0.009885570966,0.002684187144,0,0,0,0.3746018914,0.02168646603,0.04097795806,0.008814351633,0.00613739714,-0.001408275333,0.0038662967,-0.002522069951,-0.00237502667,0.7283313246,-0.0008227200954,-0.001119950247,-0.0002886592995,1,0,0,0
20.21048188,18.1903975,torque,hover,-0.008893089369,0.007151356433,-1.625519276,0,0,-2,0.01898768917,-0.009859691374,0.002680620411,0,0,0,0.3746545633,0.02156227214,0.04230622981,0.007957307622,0.005029923283,-0.0005946476595,0.00319458691,-0.00282835517,-0.002430013006,0.7283519346,-0.0008251155505,-0.0009949046408,-0.001158415354,1,0,0,0
20.2204833,18.20039892,torque,hover,-0.008681600913,0.007075819187,-1.625460863,0,0,-2,0.01893263496,-0.009858859703,0.002641692292,0,0,0,0.3747065551,0.02150861036,0.04356470532,0.006575040519,0.005422486924,-0.0003447004128,0.003303536406,-0.003464380669,-0.002490874398,0.7283633095,-0.0005752423435,-0.001156931163,-0.00145741763,1,0,0,0
20.23046565,18.21038127,torque,hover,-0.008266413584,0.006917587016,-1.625323534,0,0,-2,0.01868568733,-0.009743566625,0.002653387608,0,0,0,0.3748314832,0.02123987918,0.04574800156,0.004228643142,0.001051839092,-0.0002881055407,0.003809210718,-0.003999156714,-0.002591462679,0.7284161306,-9.075997287e-05,-0.0006165412576,-0.001592070337,1,0,0,0
20.24047327,18.22038889,torque,hover,-0.00806027092,0.006839104928,-1.625256658,0,0,-2,0.01856221259,-0.009727147408,0.00268082926,0,0,0,0.3748924032,0.0211272331,0.04588766041,0.003418549662,4.693014489e-05,-0.002611818956,0.003328004806,-0.004122267338,-0.002588124885,0.7284473731,-9.893203947e-05,-0.0004882780555,0.0007759725311,1,0,0,0
20.25046706,18.23038268,torque,hover,-0.007651084103,0.006682460662,-1.625137568,0,0,-2,0.01826100983,-0.009662144817,0.002812681487,0,0,0,0.3750000502,0.02085024459,0.04626841948,0.0001918065682,-0.002856600331,-0.001791161252,0.003710077423,-0.00450597207,-0.002652037674,0.7285240482,0.0004290506138,-0.0001770818393,-0.0001090183324,1,0,0,0
20.26047564,18.24039125,torque,hover,-0.007460073102,0.006602779496,-1.625089169,0,0,-2,0.0181610696,-0.009683045559,0.002804163145,0,0,0,0.3750431721,0.0207713541,0.04640896056,-0.0003277018259,-0.003985246178,-0.001166856848,0.003566262109,-0.004666461183,-0.002687157817,0.7285394942,0.0004405354468,-5.613545281e-05,-0.0007706695815,1,0,0,0
20.27046394,18.25037956,torque,hover,-0.007269903552,0.006523209158,-1.625041485,0,0,-2,0.01799677499,-0.009633589536,0.002781099174,0,0,0,0.3750857127,0.02060156474,0.04586466648,-0.0008924872382,-0.005158795509,-0.002167997649,0.003070455734,-0.004076001978,-0.002693080709,0.7285509618,0.0003832751446,0.0002388971838,0.0002445380006,1,0,0,0
20.28048038,18.260396,torque,hover,-0.007080828771,0.006444196682,-1.624994397,0,0,-2,0.01780660637,-0.009586872533,0.002698821481,0,0,0,0.3751278022,0.0204026222,0.04500754299,-0.002153765177,-0.006325613707,-0.002747303806,0.002587442557,-0.003514999306,-0.002680956403,0.7285471879,0.0004345710608,0.0005078222046,0.0008435355394,1,0,0,0
20.29046607,18.27038169,torque,hover,-0.006893209182,0.006365536712,-1.624948382,0,0,-2,0.01762599871,-0.009546332993,0.00265542022,0,0,0,0.375168965,0.02022027598,0.04458134834,-0.002042724285,-0.00727869384,-0.001951617305,0.002333293803,-0.003035227725,-0.002689586649,0.7285528858,0.0003575958333,0.000714549318,2.767298983e-05,1,0,0,0
20.30047059,18.28038621,torque,hover,-0.006535457447,0.006187095307,-1.624847174,0,0,-2,0.01729113236,-0.009437505156,0.002595953643,0,0,0,0.3752607566,0.01986929131,0.04430940659,-0.002709137974,-0.008479882032,-0.001932539744,0.002872471334,-0.002624980134,-0.002706130825,0.7285745346,0.0005512517625,0.0008790889395,-4.334309083e-06,1,0,0,0
20.31046748,18.2903831,torque,hover,-0.006358052138,0.006099017337,-1.624815464,0,0,-2,0.0171586182,-0.009406515397,0.002572826343,0,0,0,0.3752879679,0.01973626474,0.04461087567,-0.001859741285,-0.008484675549,-0.001731990371,0.00300856154,-0.00227056675,-0.00271525252,0.7285802039,0.0004609436536,0.0009201880163,-0.0002146740983,1,0,0,0
20.32048368,18.3003993,torque,hover,-0.006181388628,0.006011209451,-1.624783993,0,0,-2,0.01698189043,-0.009348752908,0.00251327618,0,0,0,0.3753150627,0.01954738705,0.04515160871,-0.002247664146,-0.006733267102,-0.001501528779,0.002843669422,-0.001756165755,-0.002728763574,0.7285765267,0.000473401938,0.0007589810707,-0.0004577879368,1,0,0,0
20.3304615,18.31037712,torque,hover,-0.005998962559,0.005914078094,-1.62473774,0,0,-2,0.01683252491,-0.009296914563,0.002493399894,0,0,0,0.3753568009,0.01939029547,0.04606527784,-0.002141987905,-0.007004612591,-0.001226580353,0.003043636517,-0.001468318952,-0.002752288889,0.7285882794,0.0005046709578,0.0008267352906,-0.000754901717,1,0,0,0
20.34047079,18.32038641,torque,hover,-0.005636606365,0.005722771864,-1.624647737,0,0,-2,0.01659981348,-0.009185437113,0.002354403958,0,0,0,0.3754382015,0.01911725086,0.04802919159,-0.001867053565,-0.004455218557,-0.001391239464,0.004537574443,-0.001643786868,-0.002781558101,0.7285857409,0.0007875033029,0.0003689618624,-0.0006104443487,1,0,0,0
20.35045385,18.33036947,torque,hover,-0.005457197316,0.005628534127,-1.624603987,0,0,-2,0.01639937423,-0.009114948101,0.002334938617,0,0,0,0.3754778664,0.0189069747,0.04834178335,-0.0008754087612,-0.004191007465,-0.002335583791,0.004031446375,-0.001176122846,-0.00277267328,0.7285966643,0.0005111475328,0.0004333056965,0.0003598281426,1,0,0,0
20.36048007,18.34039569,torque,hover,-0.005279481877,0.005517493468,-1.624547482,0,0,-2,0.01625143923,-0.009108453058,0.002282918897,0,0,0,0.3755301709,0.01876925445,0.04837596267,-0.0008757985779,-0.001937812078,-0.002402281389,0.004025729937,-0.001676023944,-0.002760372548,0.7286039905,0.0005034580934,-4.091055836e-07,0.0004372965738,1,0,0,0
20.37048101,18.35039663,torque,hover,-0.005102633033,0.00540734129,-1.624492168,0,0,-2,0.01614298671,-0.009093028493,0.002261225134,0,0,0,0.3755814263,0.01866527059,0.04878107293,-0.0004490223073,0.000295367674,-0.001736080041,0.00437566321,-0.002168403314,-0.002766342705,0.7286185922,0.0005205937235,-0.0004052466416,-0.00024538668,1,0,0,0
20.38048291,18.36039853,torque,hover,-0.004751678091,0.005190495867,-1.624378681,0,0,-2,0.01586368866,-0.008936348371,0.002152387286,0,0,0,0.3756872301,0.01833433149,0.04931875929,0.0003574811562,0.001402389607,-0.001535443356,0.005068504052,-0.002698880815,-0.002761291111,0.7286321908,0.0005590526081,-0.0006392800438,-0.0004464969945,1,0,0,0
20.39048553,18.37040114,torque,hover,-0.004580868874,0.005071467254,-1.624322414,0,0,-2,0.01572240144,-0.008839075454,0.002054848475,0,0,0,0.3757397403,0.01815338988,0.04918313266,0.001672513434,0.001739005675,-0.002413937589,0.004890089301,-0.002548066352,-0.002745592808,0.7286278827,0.0003251714391,-0.0006092672357,0.0004607329645,1,0,0,0
20.40049911,18.38041472,torque,hover,-0.004411093425,0.004953930154,-1.62426734,0,0,-2,0.01558392961,-0.008812543005,0.002002810128,0,0,0,0.3757912069,0.01801474464,0.04908178543,0.002082303399,0.0008280567126,-0.00225036894,0.004695221688,-0.003020043215,-0.002734503314,0.7286346903,0.0002234083324,-0.0005601766829,0.000302332755,1,0,0,0
20.41046453,18.39038014,torque,hover,-0.004242327064,0.004837790038,-1.624213576,0,0,-2,0.01547072269,-0.008753743023,0.001957722241,0,0,0,0.3758415062,0.01788306332,0.04926386906,0.002751078457,0.001249523368,-0.001842363272,0.004749414862,-0.003208140139,-0.00273336283,0.7286427925,0.0001500878126,-0.0006284583757,-0.0001120748743,1,0,0,0
20.42048907,18.40040469,torque,hover,-0.003914163914,0.004591275938,-1.624105334,0,0,-2,0.01515048556,-0.008671298623,0.001923951553,0,0,0,0.3759430811,0.01756218159,0.04899339388,0.003843829967,-0.001191915944,-0.001658940688,0.00440265802,-0.004435252345,-0.002740513013,0.7286735209,-5.410740096e-05,-0.0005446982347,-0.0003043484721,1,0,0,0
20.43048024,18.41039586,torque,hover,-0.00375493709,0.004460625816,-1.624031067,0,0,-2,0.01502156723,-0.008680090308,0.001865790924,0,0,0,0.3760141425,0.01744914398,0.04851585661,0.004684052896,-0.003438018961,-0.002090022666,0.004060577906,-0.004864888308,-0.00272695452,0.7286857416,-0.0002295337678,-0.0002988117453,0.000144704356,1,0,0,0
20.44048357,18.42039919,torque,hover,-0.003596481867,0.004331613425,-1.623958588,0,0,-2,0.01487819571,-0.008587269112,0.001842308906,0,0,0,0.3760835564,0.0172770368,0.04822526489,0.003779000603,-0.003093985608,-0.001409917953,0.003776623551,-0.004354077726,-0.002730623353,0.7287060847,-0.0001468855825,-0.0001995752908,-0.0005503696011,1,0,0,0
20.45046926,18.43038487,torque,hover,-0.003275752999,0.004059415311,-1.623809576,0,0,-2,0.0145729268,-0.008601969108,0.00174482516,0,0,0,0.3762265866,0.01701200996,0.04735965375,0.005195799749,-0.005850053392,-0.001289759995,0.003300807615,-0.006030269712,-0.002731986933,0.7287354635,-0.0003966735403,-0.0002198635697,-0.0006733858492,1,0,0,0
20.46050048,18.4404161,torque,hover,-0.003113645362,0.003916156013,-1.623733044,0,0,-2,0.01439867634,-0.00860468857,0.001734191319,0,0,0,0.3763002172,0.01686327268,0.04691667112,0.005369953346,-0.007479076274,-0.001168374321,0.002662605897,-0.005939356779,-0.002745006842,0.7287605444,-0.0005349157239,6.027149813e-05,-0.000805388105,1,0,0,0
20.47046638,18.45038199,torque,hover,-0.002952913987,0.003774649929,-1.62365818,0,0,-2,0.01424029097,-0.008538982831,0.001719584339,0,0,0,0.3763723329,0.01669302504,0.045896247,0.005156437401,-0.008354458027,-0.002353603486,0.002310877927,-0.005229777214,-0.002723765604,0.7287840091,-0.0005467820481,0.0003631094767,0.0004169978562,1,0,0,0
20.4804821,18.46039772,torque,hover,-0.002793543972,0.003634869121,-1.623584986,0,0,-2,0.0140779186,-0.008553779684,0.001658694469,0,0,0,0.3764429294,0.01655615313,0.04514460438,0.005113224499,-0.008211850189,-0.002243552823,0.001877140559,-0.005297740132,-0.002704249484,0.7287951451,-0.0006008337612,0.0003277899856,0.0003197748043,1,0,0,0
20.49050689,18.47042251,torque,hover,-0.002620561048,0.003475301201,-1.623494983,0,0,-2,0.01388386451,-0.008593813516,0.001659945934,0,0,0,0.3765301755,0.01641251793,0.04437371783,0.004733944312,-0.008407374844,-0.002561605768,0.001341445206,-0.005721068448,-0.002674224224,0.7288281288,-0.0006303426667,0.0002599541914,0.0006663253794,1,0,0,0
20.50048566,18.48040128,torque,hover,-0.002449293621,0.00331749511,-1.623405814,0,0,-2,0.01374792494,-0.008593908511,0.00163810607,0,0,0,0.3766167623,0.01629552378,0.04388975348,0.005800039507,-0.00911571458,-0.002116393065,0.001328594243,-0.005701887368,-0.002660575641,0.7288549787,-0.0007346953989,0.0003705007052,0.0002225930605,1,0,0,0
20.51048326,18.49039888,torque,hover,-0.002111857757,0.003007020336,-1.623233795,0,0,-2,0.01339212805,-0.008589840494,0.001573139569,0,0,0,0.3767841228,0.01598778351,0.04296846714,0.004577739164,-0.008724050596,-0.002662339015,0.0008305823877,-0.006746333269,-0.002621190242,0.7289009448,-0.0006140236129,2.599620266e-05,0.0008075010363,1,0,0,0
20.52053571,18.50045133,torque,hover,-0.001946094795,0.002854618477,-1.623150349,0,0,-2,0.01318817679,-0.008543803357,0.001590978703,0,0,0,0.3768654877,0.01579416968,0.04217308219,0.00438503921,-0.009200355038,-0.0031812815,0.0002783724732,-0.005855841695,-0.002572387572,0.7289357319,-0.0006796658253,0.0003315318729,0.001372161115,1,0,0,0
20.53049135,18.51040697,torque,hover,-0.001780734281,0.002681731479,-1.623058558,0,0,-2,0.01297367085,-0.008519235998,0.001604688703,0,0,0,0.376955188,0.01560347856,0.04210489865,0.003811001079,-0.009264261462,-0.00193029712,-0.0003046104817,-0.00552455718,-0.002557472506,0.7289725004,-0.0006967786596,0.0004272446852,0.0001100178307,1,0,0,0
20.54049039,18.52040601,torque,hover,-0.00145557255,0.002343039494,-1.622881293,0,0,-2,0.01263905875,-0.008487965912,0.001501867548,0,0,0,0.3771287943,0.01529859398,0.04244526945,0.003009648528,-0.008785045706,-0.001778813777,-0.0004274990305,-0.006556624132,-0.002557977163,0.7290107822,-0.0005571303857,7.540006217e-05,-4.532084889e-05,1,0,0,0
20.55046749,18.53038311,torque,hover,-0.001295873895,0.002176714363,-1.622808576,0,0,-2,0.01244724169,-0.008459293284,0.00152493082,0,0,0,0.3771999311,0.01512676048,0.0427659909,0.003134978469,-0.008385173976,-0.001536152442,-0.0007812093591,-0.005923317467,-0.002557834646,0.7290430228,-0.0006256531969,0.0002020379426,-0.0002918745695,1,0,0,0
20.56049013,18.54040575,torque,hover,-0.001152269659,0.002013206482,-1.622731686,0,0,-2,0.01225019991,-0.00840984378,0.00146595214,0,0,0,0.3772754455,0.0149312386,0.04283139254,0.001964759082,-0.007160669193,-0.002090721158,-0.001216600661,-0.005257217101,-0.002540597298,0.7290559527,-0.0005342094002,0.0002078742425,0.0002852662843,1,0,0,0
20.5704987,18.55041432,torque,hover,-0.001010516076,0.001852178713,-1.622656822,0,0,-2,0.01201316155,-0.008306635544,0.001385558047,0,0,0,0.3773490765,0.01467092416,0.0431126611,0.001973088831,-0.006847860757,-0.002217231086,-0.001890582658,-0.004236595482,-0.002518232517,0.7290626764,-0.0006591053644,0.000408686128,0.0004317871552,1,0,0,0
20.58050227,18.56041789,torque,hover,-0.0007327386411,0.00153741648,-1.622512817,0,0,-2,0.01156974211,-0.008105775341,0.001297961688,0,0,0,0.3774910245,0.01418616336,0.04369313549,0.001889415784,-0.00553547591,-0.001785166678,-0.002951882491,-0.003947337687,-0.002466497019,0.7290926215,-0.0008382312623,0.0002499894614,3.215986978e-05,1,0,0,0
20.59049702,18.57041264,torque,hover,-0.0005984172458,0.001386871911,-1.622437119,0,0,-2,0.01136347558,-0.008003814146,0.001209588838,0,0,0,0.3775659019,0.0139518,0.04418948184,0.0005174247781,-0.006165661383,-0.001485779765,-0.00308279851,-0.003098439689,-0.002461918524,0.7290976345,-0.0006313895272,0.0005282166186,-0.0002711470806,1,0,0,0
20.6004951,18.58041072,torque,hover,-0.0004653079086,0.001238447381,-1.622363687,0,0,-2,0.01119826548,-0.007878507487,0.001089142752,0,0,0,0.3776386308,0.01373529257,0.04398735283,-0.001513292664,-0.005402905867,-0.001995719504,-0.002734600215,-0.002277611053,-0.002445168612,0.7290937133,-0.0002394113052,0.0005902274309,0.0002569158831,1,0,0,0
20.61048436,18.59039998,torque,hover,-0.0003337284725,0.001092681079,-1.622292995,0,0,-2,0.01098613255,-0.007747904863,0.0008976932731,0,0,0,0.3777087325,0.01347334373,0.0440603666,-0.002085615881,-0.005315444432,-0.002063869033,-0.00282221322,-0.001510761127,-0.002429237739,0.7290707643,-0.0001676860298,0.0007225735636,0.0003378185101,1,0,0,0
20.62049174,18.60040736,torque,hover,-0.000204197102,0.0009492156678,-1.622222304,0,0,-2,0.01073078159,-0.007665476296,0.0007633895148,0,0,0,0.3777789434,0.01320954064,0.04389651583,-0.002497600159,-0.003521802835,-0.002184803598,-0.003284504593,-0.001328021451,-0.00240761869,0.7290622971,-0.000206134245,0.0004792840448,0.0004781260339,1,0,0,0
20.63048363,18.61039925,torque,hover,3.297080548e-05,0.0006629996351,-1.622075796,0,0,-2,0.01026931405,-0.007465847302,0.0005476990482,0,0,0,0.3779247869,0.01270817301,0.04390303625,-0.003090213751,-0.002978107426,-0.001092957798,-0.004088298011,-0.001546534449,-0.002410116004,0.729060642,-0.000313144592,0.0003119371582,-0.0006319143058,1,0,0,0
20.64048934,18.62040496,torque,hover,0.0001488883281,0.0005233243573,-1.622006297,0,0,-2,0.01004684251,-0.007375652436,0.0004181801924,0,0,0,0.3779940945,0.01247053198,0.0432227771,-0.002474446315,-0.001739728847,-0.002741972217,-0.004093513403,-0.00135649185,-0.002372007985,0.7290529652,-0.0003666403434,0.0001720229582,0.001073776719,1,0,0,0
20.65046954,18.63038516,torque,hover,0.0002632603573,0.000386084459,-1.62193954,0,0,-2,0.009836019017,-0.007242131978,0.0002472213819,0,0,0,0.3780607489,0.01221707265,0.0430851458,-0.00165673939,-0.0005084057339,-0.001609877567,-0.004022896205,-0.0009180885739,-0.002364832789,0.7290337767,-0.0004314614976,9.484021032e-05,-7.534387207e-05,1,0,0,0
20.66047859,18.64039421,torque,hover,0.0004557105713,0.0001056590336,-1.621786714,0,0,-2,0.009343610145,-0.006948114373,3.34804281e-05,0,0,0,0.3782135757,0.01164390247,0.04337753725,-0.002579431282,0.0003151066776,-0.001433789614,-0.005358375668,-0.0006072876693,-0.002353350011,0.7290348247,-0.0005977035558,3.904075004e-05,-0.0002419558329,1,0,0,0
20.67047191,18.65038753,torque,hover,0.0005496558151,-3.070051389e-05,-1.621722221,0,0,-2,0.009079065174,-0.006837671157,-7.485756214e-05,0,0,0,0.3782781792,0.01136612401,0.04359047646,-0.003365367884,0.0005380245275,-0.000940996455,-0.00562077266,-0.0005563311974,-0.002366332519,0.7290306624,-0.0005024309784,9.051296114e-06,-0.0007539531017,1,0,0,0
20.68050289,18.66041851,torque,hover,0.0006419116398,-0.0001646742603,-1.621660352,0,0,-2,0.008854493499,-0.006720061414,-0.0002211699612,0,0,0,0.3783402286,0.01111801226,0.04366143504,-0.003819922917,0.0005248641828,-0.0006338556996,-0.005481556436,-0.000498231685,-0.002388110752,0.7290159404,-0.0003669124906,1.402720575e-05,-0.001084419565,1,0,0,0
20.69046807,18.67038369,torque,hover,0.0007178940577,-0.0002939296537,-1.621590257,0,0,-2,0.008662665263,-0.006602983456,-0.0003431836085,0,0,0,0.3784105384,0.01089765732,0.04325357828,-0.00405582739,0.002304801485,-0.001238802914,-0.005257691952,-0.000550623914,-0.002392303469,0.7290103659,-0.0002534265866,-0.0002500542869,-0.0004739789155,1,0,0,0
20.70047355,18.68038917,torque,hover,0.0007929806015,-0.0004208325408,-1.621522665,0,0,-2,0.00846131891,-0.006500031799,-0.0004146020801,0,0,0,0.3784783997,0.01067783808,0.0423407821,-0.004768340848,0.002515495522,-0.00230733119,-0.005137593773,-0.0007364247484,-0.00236310833,0.7290167126,-0.0001092995995,-0.0003200264063,0.0006342392936,1,0,0,0
20.71046162,18.69037724,torque,hover,0.0009409239865,-0.0006676031044,-1.621395111,0,0,-2,0.008143679239,-0.006227449048,-0.0006823574658,0,0,0,0.3786066467,0.01027454354,0.03989231237,-0.006302492227,0.001666264609,-0.001928560669,-0.004848466094,-0.0008476444774,-0.002292650291,0.7289949866,0.0001416442759,-0.000208077103,0.0003000001458,1,0,0,0
20.72048807,18.70040369,torque,hover,0.0009939923184,-0.0007691441569,-1.621337771,0,0,-2,0.007894737646,-0.006066712551,-0.0008294954314,0,0,0,0.3786643143,0.009990993261,0.03897681811,-0.00849468261,0.001255635289,-0.00237377244,-0.005056447488,-0.0002037472628,-0.002257594782,0.7289783538,0.0003926841531,-7.20138983e-06,0.0007803258941,1,0,0,0
20.73047805,18.71039367,torque,hover,0.001046084217,-0.0008684506756,-1.621282816,0,0,-2,0.007679679431,-0.005911110435,-0.0009216076578,0,0,0,0.3787196245,0.009734888978,0.03813416975,-0.006789563224,0.0002531435748,-0.002301360713,-0.005005425106,0.0002957373307,-0.002218409534,0.7289748255,0.000168316301,0.0002255146645,0.0007356077584,1,0,0,0
20.74048162,18.72039723,torque,hover,0.001148973824,-0.001061757677,-1.621180654,0,0,-2,0.007327078376,-0.005633442663,-0.001090803533,0,0,0,0.3788225768,0.009306535666,0.03560314236,-0.008765898645,-0.0001994468912,-0.003501508851,-0.004997431308,0.0007822541654,-0.00211863091,0.7289688238,0.0003898428003,0.0003708465825,0.002033008516,1,0,0,0
20.75047469,18.73039031,torque,hover,0.001195746358,-0.001140896813,-1.621130109,0,0,-2,0.007134757005,-0.005460659042,-0.001171460724,0,0,0,0.3788734959,0.009060677398,0.03528067215,-0.008221146651,0.0004581981048,-0.001383515075,-0.004546076335,0.001402351805,-0.002109608187,0.7289665967,0.0004212123372,0.0003841465001,-0.0001188105311,1,0,0,0
20.76048136,18.74039698,torque,hover,0.001241559978,-0.001218241639,-1.621081591,0,0,-2,0.006897154264,-0.005313265137,-0.001241223887,0,0,0,0.3789224017,0.008794439158,0.03451521078,-0.009106895886,0.001085176016,-0.002332445467,-0.004513769631,0.001712541767,-0.00206776577,0.7289663863,0.0005449403174,0.0003269243562,0.0008781203965,1,0,0,0
20.77047968,18.7503953,torque,hover,0.001286343089,-0.001293734997,-1.62103498,0,0,-2,0.006685619242,-0.005186850671,-0.001300230389,0,0,0,0.3789694116,0.008561046875,0.03416287736,-0.009332062677,-0.0001303799509,-0.001581228222,-0.00423925292,0.001849837741,-0.002045905328,0.7289682305,0.0006301499155,0.000484183321,0.0001291348541,1,0,0,0
20.780478,18.76039362,torque,hover,0.001330136671,-0.001367802266,-1.620990276,0,0,-2,0.0064610634,-0.00509413518,-0.00138832652,0,0,0,0.3790145258,0.00834404003,0.03366209946,-0.008646517061,0.0002813578758,-0.001863680547,-0.004159648437,0.001695203891,-0.002014621461,0.7289620145,0.0005429021308,0.0003501800365,0.000438951297,1,0,0,0
20.79047489,18.77039051,torque,hover,0.001406309661,-0.001505020307,-1.620878458,0,0,-2,0.006115151104,-0.004780919757,-0.001492501236,0,0,0,0.3791271375,0.007904418175,0.03376255886,-0.007685631979,0.0007689414779,-0.0008015586063,-0.004152153417,0.002757544893,-0.001980474933,0.7289759471,0.0003470239581,0.0005035948412,-0.0006151724253,1,0,0,0
20.80047345,18.78038907,torque,hover,0.001439014915,-0.001567566418,-1.620812178,0,0,-2,0.005951469298,-0.004587885458,-0.001599049545,0,0,0,0.379193793,0.007682814539,0.03420067623,-0.007708787452,0.002566551557,-0.0005654178676,-0.003481410355,0.003229415671,-0.001979783108,0.728972848,0.000512248954,0.0003206468355,-0.0008583755381,1,0,0,0
20.81046319,18.79037881,torque,hover,0.001502323081,-0.001688921591,-1.620687008,0,0,-2,0.005522490479,-0.004321211949,-0.001722107059,0,0,0,0.3793197271,0.007220555832,0.0336924088,-0.007371816318,0.004439161159,-0.001730003161,-0.004446809172,0.003518114916,-0.001941574543,0.728986811,0.0001939108906,0.000114532654,0.0003587567163,1,0,0,0
20.82050776,18.80042338,torque,hover,0.001527595101,-0.001753810793,-1.620624781,0,0,-2,0.005318392068,-0.004144685809,-0.001848457963,0,0,0,0.3793823486,0.006991459896,0.03293009539,-0.005616792012,0.005430368241,-0.002100886311,-0.004146030399,0.003498752103,-0.001902172909,0.7289772194,5.047693576e-05,-5.783135269e-05,0.0007615410382,1,0,0,0
20.83048344,18.81039906,torque,hover,0.001552041154,-0.001816705684,-1.620565653,0,0,-2,0.005151467398,-0.003982472233,-0.00203276379,0,0,0,0.3794418704,0.006821277745,0.03249375716,-0.00520320842,0.005514342804,-0.001407687902,-0.003654563503,0.003327573224,-0.001880531354,0.728951829,0.0001317688229,-0.0001309625497,6.866093171e-05,1,0,0,0
20.84048867,18.82040429,torque,hover,0.001575924689,-0.001877476112,-1.620509386,0,0,-2,0.004984251689,-0.003800135572,-0.002119279699,0,0,0,0.3794985303,0.006616278539,0.03255443444,-0.003631640924,0.007022459991,0.0001803540654,-0.003349304642,0.003275519459,-0.001902395925,0.7289501923,2.443532055e-06,-0.0003634059991,-0.001567360731,1,0,0,0
20.85047841,18.83039403,torque,hover,0.001599233481,-0.001936255139,-1.620455503,0,0,-2,0.004877468105,-0.003642984899,-0.002208502963,0,0,0,0.3795528046,0.006475995632,0.03231891024,-0.003250225214,0.007477702107,-0.0008920058608,-0.002668385647,0.002924952962,-0.001893260098,0.7289470336,0.0001195154375,-0.000510116214,-0.000471431216,1,0,0,0
20.86048508,18.8404007,torque,hover,0.00164008874,-0.002083055209,-1.620360732,0,0,-2,0.004547850229,-0.003438028274,-0.002526168246,0,0,0,0.3796485253,0.006235744232,0.03152141425,-0.003119644476,0.007120238151,-0.0008523903089,-0.003725068713,0.001813616043,-0.001845307269,0.7289007143,-0.000158704898,-0.0006579776903,-0.0004744677141,1,0,0,0
20.87048244,18.85039806,torque,hover,0.001659463043,-0.002153575188,-1.620317221,0,0,-2,0.004370153882,-0.003319409909,-0.002624852816,0,0,0,0.3796925132,0.006083303329,0.03168770256,-0.002596806735,0.008239336312,-0.0009322929545,-0.003705095901,0.001149658363,-0.0018338218,0.72889139,-0.0001997703912,-0.0009467654613,-0.0003865506773,1,0,0,0
20.88048124,18.86039686,torque,hover,0.001678093919,-0.002222711919,-1.620276093,0,0,-2,0.004194961395,-0.003229866037,-0.002747367136,0,0,0,0.3797341197,0.005964709708,0.03207476593,-0.003433321603,0.007474854589,-0.001353746862,-0.003689060826,0.0003679093976,-0.00180923865,0.7288751672,-5.971245654e-05,-0.0009902054182,6.037866612e-05,1,0,0,0
20.89049864,18.87041426,torque,hover,0.001699089422,-0.002292436082,-1.620223284,0,0,-2,0.004102977924,-0.003145328257,-0.002860443667,0,0,0,0.3797874358,0.005908439359,0.0325068028,-0.002279379405,0.006423342507,-0.002274119295,-0.003043720502,-0.0003804044472,-0.001766046292,0.7288655969,-5.454646124e-05,-0.0009807953909,0.001027445133,1,0,0,0
20.90048766,18.88040328,torque,hover,0.001739313477,-0.002427050378,-1.620125175,0,0,-2,0.00378468167,-0.00301669375,-0.003033771645,0,0,0,0.3798865605,0.005712094793,0.03427552845,-0.003587837564,0.00518596638,-0.001219929545,-0.004087749605,-0.001471324127,-0.00170479769,0.7288570953,-0.0001263532211,-0.0009778510869,1.530741276e-06,1,0,0,0
20.91048193,18.89039755,torque,hover,0.001758060767,-0.002492064144,-1.620078683,0,0,-2,0.003668306628,-0.002950038295,-0.003036984242,0,0,0,0.3799335578,0.005602006136,0.03463570374,-0.003676836146,0.002722650068,-0.001736584818,-0.003550592857,-0.001887836224,-0.001673067423,0.7288730912,2.889320439e-05,-0.0006970898518,0.0005504769029,1,0,0,0
20.92049956,18.90041518,torque,hover,0.001779531478,-0.002561199479,-1.620015979,0,0,-2,0.003557061078,-0.002858811757,-0.003109725192,0,0,0,0.3799968195,0.005522307393,0.03512555863,-0.004598738626,0.002358654281,-0.0009372023051,-0.002999402792,-0.002064911478,-0.001663060177,0.7288773286,0.0002851066613,-0.0006582950886,-0.0002571339571,1,0,0,0
20.93049264,18.91040826,torque,hover,0.001800105092,-0.002628539689,-1.619956017,0,0,-2,0.003399459878,-0.00276444247,-0.003173800651,0,0,0,0.3800573364,0.005410312394,0.03507765894,-0.00316699245,0.001037992653,-0.0006671219599,-0.003040710399,-0.002062949679,-0.001659749887,0.7288827598,7.111085234e-05,-0.0004517710039,-0.000528986802,1,0,0,0
20.94048667,18.92040229,torque,hover,0.001837837626,-0.002758228686,-1.619842887,0,0,-2,0.003034505993,-0.002533416962,-0.003226925386,0,0,0,0.3801715614,0.005102888944,0.03196835812,-0.003150732955,-0.001882329932,-0.001620038063,-0.004455445935,-0.001151662851,-0.001577935864,0.7289101723,-0.0002716459912,0.0001583003193,0.0005065843061,1,0,0,0
20.95047712,18.93039274,torque,hover,0.0018664042,-0.002818911802,-1.619759917,0,0,-2,0.002945165383,-0.002416595584,-0.003282355145,0,0,0,0.3802551121,0.005028696515,0.03006713167,-0.004227900412,-0.004060448147,-0.002216376131,-0.00346813244,-0.0008096292697,-0.001536830815,0.7289261532,0.0001295137229,0.000513019832,0.001141927476,1,0,0,0
20.96048641,18.94040203,torque,hover,0.001894397312,-0.002877717139,-1.619680047,0,0,-2,0.002890879055,-0.002317991108,-0.00331364898,0,0,0,0.3803355579,0.004970969126,0.02880902676,-0.004609940108,-0.004314207938,-0.0014378255,-0.002395178638,-0.0006246182883,-0.001515957116,0.7289471424,0.0004250643684,0.0005553573219,0.0003613759458,1,0,0,0
20.97048378,18.9503994,torque,hover,0.001921581454,-0.002934798133,-1.619602442,0,0,-2,0.002742798533,-0.002204502933,-0.003282876918,0,0,0,0.3804137324,0.004812489775,0.02691100788,-0.004237902351,-0.005013891961,-0.002093461109,-0.002342104595,-0.0001447688606,-0.001475100368,0.7289830198,0.000362956928,0.0007265298245,0.001059315356,1,0,0,0
20.98049831,18.96041393,torque,hover,0.001983288676,-0.00304848724,-1.619395852,0,0,-2,0.002539962996,-0.00205764547,-0.003300567623,0,0,0,0.3806215235,0.004645327064,0.0255765554,-0.003541397862,-0.00359467743,-0.0005578979617,-0.002276314236,0.0001612849844,-0.001451553109,0.7290533366,0.0002426274349,0.0005358167286,-0.0004872420632,1,0,0,0
20.99048567,18.97040129,torque,hover,0.002017925493,-0.003105445765,-1.619287848,0,0,-2,0.00238277996,-0.001951779006,-0.003361702664,0,0,0,0.3807301645,0.004559399788,0.02461510375,-0.003624523757,-0.002917222213,-0.001747765578,-0.002247473947,0.0004748993372,-0.001419891275,0.7290769198,0.0002501573558,0.000487794479,0.0007474023114,1,0,0,0
21.00049543,18.98041105,torque,hover,0.002051044954,-0.003160502994,-1.61918354,0,0,-2,0.00226557767,-0.001827931032,-0.003435484366,0,0,0,0.3808350975,0.004502968673,0.02452652538,-0.003497161902,-0.00272780587,-0.000381205813,-0.001893976494,0.0008984373737,-0.001426477472,0.7290959604,0.0003035025103,0.0005334489772,-0.0006497475005,1,0,0,0
21.01047945,18.99039507,torque,hover,0.002082920866,-0.003213515505,-1.619082928,0,0,-2,0.002131277928,-0.001687952434,-0.003500101622,0,0,0,0.3809363217,0.004431956723,0.02485530962,-0.004676479846,-0.00143942656,-0.0001076152403,-0.00168990533,0.001386345051,-0.001440441293,0.7291159749,0.0004945634074,0.0004415379984,-0.0009385713761,1,0,0,0
21.02049637,19.00041199,torque,hover,0.002165190876,-0.003320747754,-1.618860841,0,0,-2,0.001880591968,-0.001432468649,-0.003693825798,0,0,0,0.381159775,0.004385537779,0.02536259159,-0.003997209482,0.0006174714072,-0.0004303221067,-0.001719322469,0.002150435484,-0.001434243955,0.7291472259,0.0003456948038,0.000309264121,-0.0006046122376,1,0,0,0
21.03047395,19.01038957,torque,hover,0.002204266377,-0.003371818457,-1.618755937,0,0,-2,0.001820238191,-0.001415871782,-0.003766496899,0,0,0,0.3812653457,0.004416385271,0.02598041645,-0.004151638597,0.001807701774,-0.0006596132298,-0.0009187996361,0.001162469514,-0.001436651731,0.7291668056,0.0005383297001,-0.0001047148034,-0.0003757582681,1,0,0,0
21.04049063,19.02040625,torque,hover,0.002242217306,-0.003421650268,-1.618654728,0,0,-2,0.001744622132,-0.001329450402,-0.00385539839,0,0,0,0.3813672138,0.004435678246,0.02625732861,-0.003163051326,0.001708280528,-0.001111266087,-0.0004010016831,0.0009966545508,-0.001425518683,0.7291809079,0.0004964735134,-0.0001247630095,9.125021724e-05,1,0,0,0
21.05048704,19.03040266,torque,hover,0.002278937725,-0.003469763556,-1.618557096,0,0,-2,0.001631220104,-0.001231631846,-0.003896573558,0,0,0,0.3814654928,0.004400122899,0.02666503984,-0.003601095174,0.004031977151,-0.0005382137024,-0.0002772281141,0.0008804822739,-0.001429374575,0.7292058036,0.0005568794383,-0.000460476094,-0.0004950371556,1,0,0,0
21.06048656,19.04040217,torque,hover,0.002342934487,-0.003573570168,-1.618339181,0,0,-2,0.001440024818,-0.0009578767349,-0.004008469637,0,0,0,0.3816847397,0.004365664686,0.0264844589,-0.001190527109,0.004016032442,-0.001061488176,-0.0004278262015,0.001488487064,-0.001400438759,0.7292562977,0.0001519947838,-0.0002753329915,6.005642959e-05,1,0,0,0
21.07048941,19.05040503,torque,hover,0.002372783143,-0.00362263713,-1.618235826,0,0,-2,0.001294407994,-0.0009110402898,-0.004122094717,0,0,0,0.3817887345,0.004415557872,0.02583473898,-0.0003760803374,0.004121019971,-0.001317152637,-0.0008403790678,0.0007659092508,-0.001383623383,0.7292649072,-5.640850369e-05,-0.0004544340947,0.0003330646164,1,0,0,0
21.08049965,19.06041527,torque,hover,0.002401042962,-0.003670011647,-1.618136287,0,0,-2,0.001164041343,-0.0007772570243,-0.004173184745,0,0,0,0.3818888968,0.004401657829,0.02540858392,-0.001980607864,0.004662985448,-0.001731146011,-0.0009161315476,0.000873257756,-0.001354794569,0.7292879673,0.0001520104333,-0.0004884654167,0.0007761026386,1,0,0,0
21.090487,19.07040262,torque,hover,0.002458015922,-0.003757556668,-1.617911935,0,0,-2,0.001091704122,-0.0006031313096,-0.004364966881,0,0,0,0.382114447,0.004539660905,0.02599929381,0.0007782798493,0.004406122025,-0.0005722445785,-0.000358540867,0.0005691467164,-0.001352096251,0.7293205832,-9.424431585e-05,-0.0004858340964,-0.0004038126292,1,0,0,0
21.10049248,19.0804081,torque,hover,0.002485170728,-0.003799058963,-1.617804408,0,0,-2,0.0009796072263,-0.0004960822407,-0.004445440136,0,0,0,0.3822225522,0.004579046397,0.0256649983,-0.0003921907919,0.003840667196,-0.001536234282,-0.0005423776655,0.0004814226053,-0.001334205051,0.7293390963,2.548171384e-05,-0.0004176768197,0.0005916796619,1,0,0,0
21.11048031,19.09039593,torque,hover,0.002511114813,-0.003838756587,-1.617700934,0,0,-2,0.000891060743,-0.0003795640951,-0.00455285795,0,0,0,0.3823265846,0.004654736691,0.02571828848,-4.921879008e-05,0.002827369142,-0.0002652473631,-0.0005327683144,0.0005265564948,-0.00135171282,0.7293493119,-1.890370649e-05,-0.0002615940354,-0.0007151116285,1,0,0,0
21.1204927,19.10040832,torque,hover,0.00253044581,-0.003869072534,-1.61759913,0,0,-2,0.0007671476924,-0.0002470545878,-0.004609187134,0,0,0,0.3824288149,0.004679119317,0.02499356188,-9.788844909e-05,0.001700335182,-0.000875884376,-0.0008886576778,0.0008881626537,-0.001351028646,0.7293718639,-9.21561972e-05,-2.569635257e-05,-9.176955331e-05,1,0,0,0
21.13048935,19.11040497,torque,hover,0.002548489254,-0.003897675546,-1.61750114,0,0,-2,0.0006486052298,-0.0001143063782,-0.004713568371,0,0,0,0.382527208,0.004759357255,0.02413986355,-0.0002841766691,0.001641404349,-0.001337824506,-0.001154936625,0.001205008761,-0.001335735873,0.7293808509,-0.0001198625886,4.130397984e-05,0.0003902628403,1,0,0,0
21.14049792,19.12041354,torque,hover,0.00258146436,-0.003950369079,-1.617316365,0,0,-2,0.0004859553301,5.586021871e-05,-0.00485156104,0,0,0,0.38271273,0.004876158064,0.02284430656,-0.000473840948,-0.001366684097,-0.001843802631,-0.001602306482,0.001696280676,-0.001316687404,0.7294127467,-0.0001839009543,0.0005470318529,0.0009209425543,1,0,0,0
21.15048933,19.13040495,torque,hover,0.002584857401,-0.003957128618,-1.617254257,0,0,-2,0.0003441798035,9.995207802e-05,-0.004971571267,0,0,0,0.382774926,0.004984472993,0.02216341831,-0.001608588966,-0.001622083946,-0.0009996608132,-0.002106635866,0.001604567368,-0.001309080705,0.7294047828,-0.0001289503406,0.0005191261966,6.818822045e-05,1,0,0,0
21.16049933,19.14041495,torque,hover,0.002586887684,-0.003963550553,-1.617195249,0,0,-2,0.0001921596995,0.0001659953996,-0.005067207385,0,0,0,0.3828340103,0.005073565857,0.021359851,-0.001138175954,-0.001486607129,-0.001308875158,-0.002634047071,0.001775365412,-0.001288173121,0.7294018692,-0.0002946245557,0.0005051729007,0.0003989025376,1,0,0,0
21.17049575,19.15041137,torque,hover,0.00258763996,-0.003969110083,-1.61713922,0,0,-2,5.34079918e-05,0.0002786677214,-0.005198448896,0,0,0,0.382890097,0.005206186612,0.02072211562,-0.0007943553501,-0.002324130153,-0.001671516569,-0.002961616702,0.002397058443,-0.001261548702,0.7293888387,-0.0003876368047,0.0007296530619,0.0007879825974,1,0,0,0
21.18050075,19.16041636,torque,hover,0.002574368846,-0.003943298943,-1.617034554,0,0,-2,-0.0002137723786,0.0005154345999,-0.005437673535,0,0,0,0.3829943987,0.005466229499,0.02113732192,-0.001880945289,-0.001174860517,-0.001442110748,-0.004116337102,0.004540295754,-0.001215903621,0.7293659809,-0.0004904144566,0.001002905247,0.00059054465,1,0,0,0
21.19048738,19.170403,torque,hover,0.002560456283,-0.003912774846,-1.61698544,0,0,-2,-0.000356933655,0.0006363107241,-0.005525832996,0,0,0,0.383043103,0.005573788951,0.02225728489,-0.001680068672,-0.0008884940762,-0.0008475756622,-0.004273189848,0.005147194237,-0.001200750669,0.7293613521,-0.0005058122042,0.001032243633,-4.807900382e-06,1,0,0,0
21.20049262,19.18040824,torque,hover,0.00254548993,-0.00388154434,-1.616939306,0,0,-2,-0.0004812665284,0.0007941572112,-0.005654527806,0,0,0,0.3830888161,0.00573026944,0.02384895903,-0.001914892346,3.472461322e-05,-0.0007301678997,-0.00423991476,0.005946563479,-0.001188488471,0.7293453605,-0.0004224094344,0.00101969624,-0.0001168253919,1,0,0,0
21.21048951,19.19040513,torque,hover,0.002529679099,-0.003849748056,-1.616896152,0,0,-2,-0.0005957130925,0.0009161307826,-0.0057938057,0,0,0,0.3831315411,0.005895960837,0.02485383253,-0.002883614041,0.002604781417,-0.0001311878441,-0.004150015738,0.006197700091,-0.001192820185,0.7293256211,-0.0002359354368,0.0006584463148,-0.0007315093277,1,0,0,0
21.22050047,19.20041609,torque,hover,0.002503416501,-0.003789693816,-1.616861105,0,0,-2,-0.0006945651257,0.001041731215,-0.005927180406,0,0,0,0.383165815,0.006057977567,0.02553691511,-0.004325464834,0.00288693537,-0.001624923781,-0.003961221656,0.006740587929,-0.001154893682,0.7293044361,2.425083174e-05,0.000694416164,0.0008171432429,1,0,0,0
21.23049164,19.21040726,torque,hover,0.002447497798,-0.003669878002,-1.616799831,0,0,-2,-0.001100062858,0.00136712275,-0.006254849955,0,0,0,0.3832255569,0.00649633057,0.02825498016,-0.005315070041,0.004842717666,-0.001448744209,-0.006220356891,0.009543521528,-0.00108056843,0.7292433902,-0.0003714245362,0.001038855817,0.0006964782387,1,0,0,0
21.2404902,19.22040582,torque,hover,0.002417974873,-0.003609637497,-1.616773605,0,0,-2,-0.001217297278,0.001480938052,-0.006395776756,0,0,0,0.3832510217,0.006676896771,0.02825868747,-0.005828533787,0.006350984331,-0.0002184196346,-0.005699266495,0.009176701767,-0.001074982365,0.7292171118,-0.0001329992946,0.000656937826,-0.0005549728261,1,0,0,0
21.25047803,19.23039365,torque,hover,0.002370175906,-0.003525376786,-1.616759539,0,0,-2,-0.001335191075,0.001606848557,-0.00653746631,0,0,0,0.3832640046,0.006863174429,0.02822367946,-0.005982920993,0.008003113791,-0.0003285003186,-0.005444587751,0.009195223483,-0.001065589537,0.7291862306,-2.492161797e-05,0.000373632997,-0.000438111059,1,0,0,0
21.26049423,19.24040985,torque,hover,0.002322050044,-0.003441371256,-1.616747856,0,0,-2,-0.001437847968,0.001789543428,-0.006659881677,0,0,0,0.3832746283,0.007044423072,0.02808477374,-0.006301091518,0.009346252307,-0.0008181328303,-0.005049772742,0.009602254706,-0.001035006865,0.7291593703,0.0001269571173,0.000238560886,8.139184876e-05,1,0,0,0
21.27048731,19.25040293,torque,hover,0.002225332428,-0.003272915026,-1.616736054,0,0,-2,-0.001630387502,0.002132223686,-0.007037864998,0,0,0,0.3832843801,0.007532335958,0.02533228835,-0.007567534223,0.01298660785,-0.001505843247,-0.005354506769,0.01145591057,-0.0009669806268,0.7290677341,0.0001959474501,0.0002020877318,0.0008317781526,1,0,0,0
21.28048491,19.26040053,torque,hover,0.002182055032,-0.003163916757,-1.616740346,0,0,-2,-0.00176193763,0.002300526714,-0.007237420417,0,0,0,0.3832789247,0.007795967013,0.02373709875,-0.006929173134,0.01405531634,-0.001083444105,-0.005031491116,0.01114653962,-0.0009270243135,0.7290155498,0.0001950868022,-7.840291059e-05,0.0004284034657,1,0,0,0
21.29048228,19.2703979,torque,hover,0.002138220705,-0.003055426525,-1.616747141,0,0,-2,-0.001875844668,0.002464691643,-0.007381781936,0,0,0,0.3832710029,0.008005260936,0.02124475422,-0.007207794115,0.01495922357,-0.00249081105,-0.004610587143,0.0107699466,-0.0008371088053,0.7289764622,0.0003353328228,-0.000331072957,0.001926037058,1,0,0,0
21.30047989,19.28039551,torque,hover,0.002049608389,-0.002840582049,-1.616767049,0,0,-2,-0.002019453794,0.002735495567,-0.007647900842,0,0,0,0.3832489591,0.008369678424,0.01686164924,-0.007419992238,0.0153459087,-0.0008170650108,-0.004336954171,0.01170474551,-0.0007467023552,0.7289017513,0.0003741617356,-0.0001024368362,0.0002885627712,1,0,0,0
21.31048369,19.29039931,torque,hover,0.002005101182,-0.00273432117,-1.616779923,0,0,-2,-0.002130722627,0.002798397793,-0.007721516769,0,0,0,0.3832350767,0.008484858887,0.01433287286,-0.008875103667,0.01612909883,-0.0008548023179,-0.00392183488,0.01003655729,-0.0007041285387,0.7288784181,0.00066417892,-0.0006449685417,0.0003576200393,1,0,0,0
21.32050776,19.30042338,torque,hover,0.001964296447,-0.002606808441,-1.616787195,0,0,-2,-0.002219100948,0.00289508584,-0.007780761924,0,0,0,0.3832267053,0.008593380426,0.01317400239,-0.007688695099,0.01620920002,-0.0006630304852,-0.003335584362,0.009139414621,-0.000666489425,0.7288607556,0.0006201646313,-0.0008699581038,0.0001879318872,1,0,0,0
21.33048987,19.31040549,torque,hover,0.001923177158,-0.002480563009,-1.616796136,0,0,-2,-0.002293942031,0.002969309455,-0.007878156379,0,0,0,0.3832167184,0.008726071087,0.01312402518,-0.008365618996,0.01531439461,-0.0007866843953,-0.002716679015,0.00821601333,-0.000615416599,0.7288328165,0.0008330219991,-0.0009497839499,0.0003518634092,1,0,0,0
21.34050441,19.32042003,torque,hover,0.001839987468,-0.002232335508,-1.616789818,0,0,-2,-0.002452566056,0.003134136088,-0.008004453033,0,0,0,0.3832211015,0.008939192225,0.0155185798,-0.007680761628,0.01515763346,0.0001474473247,-0.002800246983,0.008703439194,-0.0005393378545,0.7288030747,0.00064855465,-0.0006923864371,-0.0005439712982,1,0,0,0
21.35049677,19.33041239,torque,hover,0.001800076803,-0.002083330881,-1.616771579,0,0,-2,-0.002437466523,0.003244683612,-0.008089524694,0,0,0,0.3832383115,0.009050393614,0.01829823772,-0.006861692294,0.01514451485,-0.0007268991903,-0.001404793381,0.008068471677,-0.0004880639388,0.7287881068,0.0008407401242,-0.0008471314172,0.0003846268364,1,0,0,0
21.36050224,19.34041786,torque,hover,0.001760694431,-0.001936136861,-1.616755962,0,0,-2,-0.002392808441,0.003287842497,-0.00816205889,0,0,0,0.3832529727,0.009118916923,0.02153931055,-0.005982822273,0.01387603115,-0.0007504335954,-0.0001204978082,0.006983439673,-0.0004253061485,0.7287753648,0.0009782185652,-0.0009206546088,0.0004550241895,1,0,0,0
21.37049079,19.35040641,torque,hover,0.001683266251,-0.001647092868,-1.616732955,0,0,-2,-0.002371247392,0.003492638702,-0.008398600854,0,0,0,0.3832742805,0.009399884872,0.02441282897,-0.003136550309,0.01130679902,-0.0002821529051,0.0007224790501,0.008535053685,-0.0003309176204,0.72872374,0.0007058562359,-0.0001281237511,4.774323823e-05,1,0,0,0
21.38051748,19.3604331,torque,hover,0.001650463091,-0.001492311712,-1.616705775,0,0,-2,-0.002372066956,0.003548469162,-0.008375541307,0,0,0,0.3833006832,0.00940042697,0.02525570681,-0.002384134568,0.01032171678,-0.0005251838011,0.00116698952,0.007622327673,-0.0002770776205,0.7287394467,0.0006651001425,-0.0002469886768,0.0003333473624,1,0,0,0
21.39049506,19.37041068,torque,hover,0.0016178597,-0.00133944652,-1.616671681,0,0,-2,-0.002363579581,0.003633885877,-0.00843815133,0,0,0,0.3833340729,0.00948651848,0.02478076299,-0.0001212501884,0.008431100287,-0.0004576166102,0.001503214958,0.007254635306,-0.0002204726399,0.7287359493,0.000396788744,-9.853133639e-05,0.0003036777508,1,0,0,0
21.4004941,19.38040972,torque,hover,0.00158514292,-0.001188072725,-1.616640806,0,0,-2,-0.002431476722,0.003751954297,-0.008501127362,0,0,0,0.3833643119,0.009605123972,0.02248135685,0.0007347484934,0.007194587961,-0.000767823949,0.001088106804,0.00738935377,-0.0001551763568,0.7287312118,0.0001587839873,7.716056905e-05,0.0006653221135,1,0,0,0
21.41048551,19.39040112,torque,hover,0.001516224816,-0.0008852743194,-1.616574764,0,0,-2,-0.002498316579,0.003848868422,-0.008518945426,0,0,0,0.3834292556,0.009676146187,0.01744866104,0.003352283034,0.005774067715,0.0002704684739,0.0002153775917,0.00876854029,-8.425018966e-05,0.7287507026,-0.0003881690626,0.0005933518389,-0.0003439828452,1,0,0,0
21.42050529,19.4004209,torque,hover,0.001480347593,-0.0007341007004,-1.616539121,0,0,-2,-0.002508920152,0.00386506482,-0.008486004546,0,0,0,0.3834644394,0.009656380251,0.01475010158,0.00440072827,0.005691328552,2.391030102e-05,9.821801818e-05,0.007824234427,-4.123309831e-05,0.7287720068,-0.000537635403,0.0003235354964,-6.254471883e-05,1,0,0,0
21.43051434,19.41042995,torque,hover,0.001444683759,-0.0005852142349,-1.616505861,0,0,-2,-0.002510129474,0.003864042927,-0.008488450199,0,0,0,0.3834973064,0.009658434889,0.01154363446,0.005568294786,0.004165671766,0.0004760725715,-6.992455871e-05,0.007049567988,-1.112906307e-05,0.7287834736,-0.0007105769779,0.0003179837526,-0.0005013580996,1,0,0,0
21.44052482,19.42044044,torque,hover,0.001409140066,-0.0004386225191,-1.616475105,0,0,-2,-0.002517178422,0.003881981596,-0.008484071121,0,0,0,0.3835277342,0.00966361377,0.008443163877,0.005275271367,0.004682664759,9.984095232e-05,-0.0003045509399,0.006615697743,2.939195816e-05,0.7287957665,-0.0006961090735,0.0001266812982,-8.798654742e-05,1,0,0,0
21.45051026,19.43042588,torque,hover,0.001371843973,-0.0002902567503,-1.616435885,0,0,-2,-0.002582616638,0.003942957148,-0.008546399884,0,0,0,0.3835666776,0.009760008747,0.004568659495,0.005013667978,0.004748760257,-0.0006246656412,-0.00102707764,0.006762039522,8.720956253e-05,0.7287942231,-0.0007992663709,0.0001451474025,0.000691388293,1,0,0,0
21.46050429,19.44041991,torque,hover,0.001296013594,8.049630651e-07,-1.616273761,0,0,-2,-0.002693014685,0.003972535022,-0.008610911667,0,0,0,0.3837284278,0.009858050636,0.004284489492,0.003995233681,0.004849682096,-0.0007517006597,-0.002554534383,0.008018393572,0.000172103018,0.7288366778,-0.0009432507007,0.0004377896204,0.0008808379096,1,0,0,0
21.47049761,19.45041323,torque,hover,0.001258277916,0.0001431281707,-1.616199374,0,0,-2,-0.002676140983,0.003976775333,-0.008727696724,0,0,0,0.3838027151,0.009957367259,0.006249050386,0.003677833825,0.005249905866,-0.0001878110634,-0.002319078323,0.007302025244,0.0002192049906,0.7288340486,-0.0007989111651,0.0001850420291,0.0003432631885,1,0,0,0
21.48050094,19.46041656,torque,hover,0.001209242386,0.0002925566223,-1.616128922,0,0,-2,-0.002705934225,0.004071182571,-0.008774946444,0,0,0,0.3838730946,0.01004471466,0.008386363216,0.002124697901,0.007119649556,6.983819185e-05,-0.002538339479,0.007564832776,0.0002580095712,0.7288476519,-0.000605685989,-2.07261158e-05,0.0001102057542,1,0,0,0
21.49050021,19.47041583,torque,hover,0.001160226646,0.000440243457,-1.616062522,0,0,-2,-0.002780688461,0.00410024263,-0.008845721371,0,0,0,0.3839394835,0.01013858987,0.01092086706,0.001575520146,0.005331086461,0.000958931807,-0.003172323013,0.00737540075,0.000271875487,0.7288538112,-0.0006520714337,0.0001740839366,-0.0007850427979,1,0,0,0
21.50049376,19.48040938,torque,hover,0.001111099846,0.0005858874065,-1.616000295,0,0,-2,-0.002844037721,0.004093039781,-0.008918021806,0,0,0,0.3840017597,0.01021629278,0.01302119639,0.001000004122,0.006218784023,0.0004839512985,-0.003631220595,0.006883493338,0.0002986283814,0.7288580653,-0.0006496045326,-6.828447722e-05,-0.000281916487,1,0,0,0
21.510602,19.49051762,torque,hover,0.001013226225,0.0008844316471,-1.615881085,0,0,-2,-0.002973176073,0.004104549531,-0.008998187259,0,0,0,0.3841212691,0.01032736543,0.01592110082,-0.0009648391278,0.008398050442,0.001185702044,-0.004835869835,0.007915810131,0.0003141330327,0.7288810291,-0.000621794833,-8.46891208e-05,-0.0009877668884,1,0,0,0
21.52054,19.50045562,torque,hover,0.0009645266109,0.00103723642,-1.615824223,0,0,-2,-0.003013101174,0.004100848921,-0.009068408981,0,0,0,0.3841783884,0.01039864328,0.01604048865,-0.002890542848,0.007389171049,0.000385124149,-0.004610823534,0.007316827447,0.0003479991073,0.7288838812,-0.0002722448372,-9.382234212e-05,-0.0001443297351,1,0,0,0
21.53050375,19.51041937,torque,hover,0.0009157386376,0.001187611022,-1.615770936,0,0,-2,-0.003090447746,0.004085636698,-0.009078765288,0,0,0,0.3842319906,0.01042435963,0.01701864846,-0.001973666018,0.008711697534,0.0002261906047,-0.004820723767,0.00669314258,0.000384430917,0.7289006157,-0.0004271722032,-0.0004167426601,4.267954433e-05,1,0,0,0
21.54050207,19.52041769,torque,hover,0.0008104968001,0.001498265541,-1.615672827,0,0,-2,-0.003169305623,0.003935775254,-0.009175004438,0,0,0,0.3843309483,0.01047451819,0.0164790778,-0.004819279071,0.006664753426,0.0004699339916,-0.005207588062,0.006521063758,0.0004381891994,0.7289118459,-0.0001285557097,-0.0001119109474,-0.00016536825,1,0,0,0
21.55049253,19.53040814,torque,hover,0.0007540722145,0.001658304129,-1.615628719,0,0,-2,-0.003265238134,0.003915817011,-0.009305542335,0,0,0,0.3843755976,0.01061077382,0.01693853595,-0.004973372445,0.007648160681,-0.0004212574277,-0.005332917234,0.006146553879,0.0004956079343,0.7288947975,-0.000120176349,-0.0003304544109,0.0007833365153,1,0,0,0
21.5604949,19.54041052,torque,hover,0.0006974689895,0.001815739321,-1.615588427,0,0,-2,-0.003320524935,0.003925354686,-0.009382277727,0,0,0,0.3844164944,0.0106986649,0.01644394087,-0.005860377569,0.007371782791,-9.592906281e-05,-0.005012137913,0.00605475541,0.0005439402175,0.7288900189,8.833678951e-05,-0.0003000566137,0.0004892074591,1,0,0,0
21.57048321,19.55039883,torque,hover,0.000640891667,0.001970691141,-1.61555171,0,0,-2,-0.00338489865,0.003890632186,-0.009479614906,0,0,0,0.3844538749,0.01079155487,0.01633599693,-0.005690699909,0.006699248217,-0.0003402754373,-0.0048683622,0.005638298028,0.0005970784148,0.7288787089,0.0001001407112,-0.0002915792249,0.0007771284356,1,0,0,0
21.58049154,19.56040716,torque,hover,0.0005204568151,0.002286449773,-1.615495324,0,0,-2,-0.003459327156,0.003943391144,-0.009694140404,0,0,0,0.3845118262,0.01102241517,0.01515432012,-0.005623937584,0.005410773214,0.0005290560657,-0.004887643377,0.007614727696,0.0006665269389,0.7288449279,4.590675166e-05,0.0003835103806,-5.808476096e-05,1,0,0,0
21.59049845,19.57041407,torque,hover,0.0004566244315,0.002447308274,-1.615480542,0,0,-2,-0.003426470794,0.003926227801,-0.009741644375,0,0,0,0.3845275169,0.01104787771,0.01466811629,-0.005526530556,0.004433391616,-0.0001303839963,-0.003911848548,0.007135660013,0.0007174457063,0.7288383128,0.0002629509685,0.0003673275547,0.0006542727074,1,0,0,0
21.6005125,19.58042812,torque,hover,0.0003937045112,0.00260553346,-1.615468502,0,0,-2,-0.003412065329,0.003903114237,-0.009791099466,0,0,0,0.3845405268,0.01107890425,0.01458498103,-0.005676060915,0.004540664144,-7.596801152e-05,-0.00326300974,0.006738112374,0.0007650542214,0.7288302095,0.0004188333811,0.0002336627033,0.0006352021927,1,0,0,0
21.61049867,19.59041429,torque,hover,0.0003313423076,0.002761147916,-1.615459323,0,0,-2,-0.003426661249,0.003915767651,-0.00986051932,0,0,0,0.3845507327,0.01114921903,0.01489367888,-0.007248837966,0.004159803502,2.820979535e-05,-0.002843473735,0.006790678649,0.0008080249704,0.7288160249,0.000703297435,0.0002828525821,0.0005620133123,1,0,0,0
21.62049103,19.60040665,torque,hover,0.0002041847183,0.003083412303,-1.615481138,0,0,-2,-0.003428006079,0.003830582602,-0.009911425412,0,0,0,0.3845312785,0.01116516648,0.0161234987,-0.005395017099,0.004909269977,-3.61888051e-05,-0.002643400774,0.007560447849,0.0009076335315,0.7287953643,0.0004157702892,0.0003731510942,0.000697241101,1,0,0,0
21.63048792,19.61040354,torque,hover,0.0001415268634,0.00324019324,-1.615482807,0,0,-2,-0.003441299312,0.003805413377,-0.009942289442,0,0,0,0.3845308706,0.01118806647,0.01711929304,-0.005869130138,0.005545825697,-0.0003382933792,-0.002299268036,0.007093956939,0.0009620034603,0.7287870165,0.0005416141394,0.0001509820442,0.001044914805,1,0,0,0
21.64048505,19.62040067,torque,hover,7.913848822e-05,0.003394037718,-1.615486741,0,0,-2,-0.003484952729,0.003720060224,-0.009990458377,0,0,0,0.3845282461,0.01121574795,0.01771401528,-0.007030932233,0.005309371743,0.000172911241,-0.002239784411,0.006256863484,0.001000665252,0.7287734422,0.0006890966443,-1.932457636e-05,0.0005519020829,1,0,0,0
21.65048456,19.63040018,torque,hover,5.227117867e-07,0.00354508427,-1.615507603,0,0,-2,-0.003509662813,0.003640374867,-0.01006125193,0,0,0,0.3845087401,0.01126049966,0.01813652525,-0.006136863027,0.005720799323,0.0005192093085,-0.002209393989,0.00561304534,0.001028306596,0.7287480024,0.0005484215751,-0.0002155883127,0.0002175183472,1,0,0,0
21.66049528,19.6404109,torque,hover,-0.0001543598191,0.003838743316,-1.615555525,0,0,-2,-0.00354420743,0.003509661416,-0.01013012975,0,0,0,0.3844636709,0.01129153038,0.01922218927,-0.005369471386,0.006489732303,0.0004281349538,-0.002668588776,0.005890327272,0.001096324537,0.7287133213,0.0002874543668,-0.0001957042825,0.0003556065905,1,0,0,0
21.67049932,19.65041494,torque,hover,-0.00023049007,0.003981255461,-1.615582347,0,0,-2,-0.003496433608,0.003430887125,-0.01021048892,0,0,0,0.3844383377,0.01132475688,0.02005344543,-0.00609885389,0.006693700328,0.0006465404294,-0.00181908459,0.005066132444,0.00111943401,0.72868328,0.0005842073111,-0.0004018453224,0.0001534986839,1,0,0,0
21.68049121,19.66040683,torque,hover,-0.0003267737047,0.004115425982,-1.615617394,0,0,-2,-0.00344063458,0.003363556229,-0.0102422582,0,0,0,0.3844047749,0.01131615349,0.02136508081,-0.005740924273,0.005499272607,-0.0002687658998,-0.001280298826,0.004498257212,0.001166195903,0.7286625832,0.000641610728,-0.000343103117,0.00112112466,1,0,0,0
21.69049716,19.67041278,torque,hover,-0.0004215765803,0.004247274715,-1.615654111,0,0,-2,-0.003427563235,0.003350596642,-0.010278726,0,0,0,0.3843695872,0.0113413798,0.02222098813,-0.005762761459,0.006249886937,0.0004418197786,-0.001124827884,0.004478056033,0.001189724616,0.7286401227,0.0006576387451,-0.0004222174179,0.0004143709759,1,0,0,0
21.70050454,19.68042016,torque,hover,-0.000515097403,0.004376894329,-1.615687609,0,0,-2,-0.003469614312,0.003300991608,-0.0103546856,0,0,0,0.3843376596,0.011408518,0.02223863506,-0.004732082132,0.005469781347,0.0009434193489,-0.001516308193,0.004214813125,0.001196998338,0.7286088129,0.0004073718819,-0.0003485161664,-9.391554963e-05,1,0,0,0
21.71049714,19.69041276,torque,hover,-0.0007151938044,0.004630307201,-1.615770459,0,0,-2,-0.003476316342,0.003085968317,-0.01041768957,0,0,0,0.384258105,0.01140772684,0.02223174988,-0.003284718143,0.0048607965,0.001043415861,-0.002471349302,0.003770240322,0.001200249818,0.7285629304,-4.089190101e-05,-0.0003115336859,-0.0001994578991,1,0,0,0
21.72049785,19.70041347,torque,hover,-0.000821057125,0.004754194058,-1.615819216,0,0,-2,-0.003508294001,0.002985936124,-0.01042480394,0,0,0,0.3842110767,0.01139738911,0.02189304548,-0.003303200239,0.004304674454,0.001036000554,-0.002714985493,0.003185684299,0.001203441029,0.7285435304,-6.534908531e-05,-0.000348194492,-0.0001896176901,1,0,0,0
21.73048544,19.71040106,torque,hover,-0.0009252203163,0.004875352606,-1.615869284,0,0,-2,-0.003441105364,0.002899949206,-0.01047472097,0,0,0,0.384162768,0.01140046889,0.02189582001,-0.001489091432,0.002418808173,0.0009036416886,-0.002166626117,0.002833344929,0.001213789792,0.7285127837,-0.0001571656268,-0.0001454412361,-4.316560662e-05,1,0,0,0
21.74050045,19.72041607,torque,hover,-0.001150584081,0.005093293265,-1.615993142,0,0,-2,-0.003377929563,0.002727620071,-0.01064982265,0,0,0,0.3840423575,0.01150082788,0.02109094623,-0.001757076359,0.0008748775581,0.0008007708238,-0.002979209983,0.002999678597,0.001210929217,0.7284236253,-0.0002889639455,0.0001333930817,5.748756246e-05,1,0,0,0
21.7504909,19.73040652,torque,hover,-0.001271908404,0.005190304946,-1.616067648,0,0,-2,-0.00340533047,0.002631726908,-0.01072091609,0,0,0,0.3839695404,0.01155250207,0.02056565476,-0.001351822633,-0.0001766516361,0.0007717568078,-0.003463044661,0.002632977677,0.001215440698,0.7283786717,-0.0004187791693,0.0001966619106,9.003174244e-05,1,0,0,0
21.76050568,19.7404213,torque,hover,-0.001391715137,0.005285153631,-1.616142988,0,0,-2,-0.003462290624,0.002520854119,-0.01076472364,0,0,0,0.3838959172,0.01158539758,0.01988650501,-0.001295931404,0.0003202624212,0.001497331192,-0.004141807173,0.002230876874,0.00119797253,0.728340334,-0.0005394165494,4.344154268e-05,-0.0006630315984,1,0,0,0
21.77049613,19.75041175,torque,hover,-0.001647907542,0.005437077954,-1.616316795,0,0,-2,-0.003525166772,0.002369214315,-0.01086733583,0,0,0,0.3837252649,0.01166786036,0.01967056256,-0.002408479108,-0.0009538162267,0.001418209984,-0.006083019134,0.00247894152,0.001165811689,0.7282514831,-0.0007890798485,0.0002846134151,-0.0006112877901,1,0,0,0
21.7804985,19.76041412,torque,hover,-0.00178356329,0.00549481716,-1.616414428,0,0,-2,-0.003578495933,0.002222581301,-0.01086333767,0,0,0,0.3836290726,0.0116515066,0.01961805278,-0.00176144985,-0.001287867548,0.00180591445,-0.006507684826,0.001599146783,0.001127533146,0.7282171605,-0.0008981983547,0.0001332612023,-0.001032484847,1,0,0,0
21.79048395,19.77039957,torque,hover,-0.001917259302,0.005550907459,-1.616511822,0,0,-2,-0.003569222987,0.00209838571,-0.01079707965,0,0,0,0.3835331424,0.01156371499,0.01993855556,-0.003254295792,-0.001225579064,0.0006278470391,-0.006263225754,0.001045175401,0.001126494901,0.7281987035,-0.0005657881412,1.835852746e-05,0.0001701088403,1,0,0,0
21.8004899,19.78040552,torque,hover,-0.002048641443,0.005605241749,-1.616608739,0,0,-2,-0.003541251412,0.001953476574,-0.010755172,0,0,0,0.3834377065,0.01149044199,0.02002514557,-0.004149819724,-0.002348049544,0.0007246702444,-0.005900689887,0.0004832333037,0.001121540762,0.72817423,-0.0003123956304,7.188034981e-05,7.183988729e-05,1,0,0,0
21.81048846,19.79040408,torque,hover,-0.002194402274,0.005632068496,-1.616721511,0,0,-2,-0.003569522174,0.001796544064,-0.01074443199,0,0,0,0.3833261481,0.01146350199,0.0201810618,-0.005655581132,-0.002530482365,0.0008169919602,-0.006227119065,-0.000247535454,0.001111104327,0.7281361144,-0.0001534227984,-3.952963085e-05,-3.028217023e-05,1,0,0,0
21.82049727,19.80041289,torque,hover,-0.002478836337,0.005682391115,-1.616956949,0,0,-2,-0.003573575756,0.001528506633,-0.0107859252,0,0,0,0.383093217,0.01146485755,0.02014744967,-0.006123638246,-0.002385496162,0.0007664243458,-0.007542007593,-0.001266648971,0.001083996481,0.7280403401,-0.0003963605189,-0.0002628433701,-4.278137119e-06,1,0,0,0
21.83050179,19.81041741,torque,hover,-0.002617555903,0.005705621559,-1.617074013,0,0,-2,-0.003563925391,0.001375048072,-0.01078768261,0,0,0,0.3829774372,0.01144405599,0.01963070813,-0.006087513641,-0.001545435051,0.001295262482,-0.007099997762,-0.001694712814,0.001053074662,0.7279974942,-0.0002515915393,-0.0004161251346,-0.0005623768807,1,0,0,0
21.84051299,19.82042861,torque,hover,-0.002753989771,0.005727555603,-1.617190719,0,0,-2,-0.003567928914,0.001216895762,-0.01082598232,0,0,0,0.3828620316,0.01146354418,0.01965156359,-0.005963068921,-0.001811746857,0.0002937482495,-0.006873767635,-0.002070597878,0.001048620566,0.7279455152,-0.0001842883949,-0.0004027757181,0.0004566193741,1,0,0,0
21.85049796,19.83041358,torque,hover,-0.002919726074,0.005706571043,-1.617316246,0,0,-2,-0.003604466561,0.000991989742,-0.01089179516,0,0,0,0.3827374365,0.01151552971,0.01970817652,-0.007982284762,-0.002529877936,0.0008312116261,-0.007294943331,-0.003296552986,0.001026641231,0.7278833413,1.629828269e-05,-0.0005258141236,-0.0001083096714,1,0,0,0
21.86050415,19.84041977,torque,hover,-0.003242238425,0.005663430784,-1.617565393,0,0,-2,-0.003565609688,0.0007164783892,-0.01085441373,0,0,0,0.3824902807,0.01144749803,0.01955460393,-0.006962971762,-0.003006164683,0.0003915016423,-0.008393553367,-0.00464778069,0.001000045653,0.7278025774,-0.000397391428,-0.0007166140788,0.0003158444569,1,0,0,0
21.87049031,19.85040593,torque,hover,-0.003398841014,0.005641258787,-1.617690206,0,0,-2,-0.003544718027,0.0005920998519,-0.01078238152,0,0,0,0.382366519,0.01136553384,0.01906688111,-0.00820731651,-0.002947725588,0.0004791951214,-0.007769430843,-0.004559636841,0.0009800544663,0.7277756419,-3.672486989e-05,-0.000614862333,0.0002154198906,1,0,0,0
21.88049984,19.86041546,torque,hover,-0.003589743981,0.005574219394,-1.617821813,0,0,-2,-0.003567342646,0.0003485398192,-0.01073526498,0,0,0,0.3822356931,0.01131783229,0.01950598144,-0.008705856279,-0.003942464013,0.001480885083,-0.008134001536,-0.005860642125,0.0009291402694,0.7277398938,-2.907787585e-05,-0.0007024429171,-0.0008419963684,1,0,0,0
21.89049721,19.87041283,torque,hover,-0.003777029226,0.005506664515,-1.617952228,0,0,-2,-0.003523561405,0.0001215037919,-0.01069707703,0,0,0,0.3821061236,0.01126311258,0.01981562007,-0.009824357927,-0.004221278243,0.0001810871181,-0.007759795007,-0.006842998905,0.0009028818734,0.7277023001,0.0002322733699,-0.0008046656481,0.0004635279779,1,0,0,0
21.90049767,19.88041329,torque,hover,-0.004141426645,0.005371879786,-1.618209243,0,0,-2,-0.003550227964,-0.0001709102653,-0.01057394035,0,0,0,0.381851006,0.011155337,0.01846706954,-0.01031648647,-0.006674961187,0.001682562404,-0.009530509048,-0.008186629408,0.0007857617247,0.7276404758,-0.0001534539874,-0.0007272575104,-0.001156410018,1,0,0,0
21.91049337,19.89040899,torque,hover,-0.004348796327,0.005279653706,-1.618346214,0,0,-2,-0.003578740172,-0.0003506304347,-0.01046832837,0,0,0,0.3817150756,0.01106870461,0.01823665408,-0.01091760211,-0.008545668796,0.000211110586,-0.00951026863,-0.008217149785,0.0007552412139,0.7276176741,-1.803277042e-05,-0.000383386262,0.0003234842382,1,0,0,0
21.92050076,19.90041637,torque,hover,-0.004551982041,0.005187636707,-1.61848104,0,0,-2,-0.003513156204,-0.0005519993138,-0.01035505813,0,0,0,0.3815813792,0.01094870762,0.01719286215,-0.0101028299,-0.0105003044,0.0004038169864,-0.008721749721,-0.008407235576,0.0007144121627,0.7275975491,8.96719547e-05,-8.807790448e-05,0.0001040067126,1,0,0,0
21.93050504,19.91042066,torque,hover,-0.004750567023,0.005096131936,-1.618614435,0,0,-2,-0.003459599335,-0.0007821793552,-0.01035598852,0,0,0,0.3814491938,0.01094655792,0.016136798,-0.00991735328,-0.01216804795,0.0001276621042,-0.008189983147,-0.008682390635,0.0006797133958,0.7275489886,0.0002067409541,0.0001311436229,0.0003638915938,1,0,0,0
21.94050407,19.92041969,torque,hover,-0.005163055379,0.004889762029,-1.618874431,0,0,-2,-0.003343336284,-0.001146951108,-0.01025155,0,0,0,0.3811919025,0.01084378494,0.01203303127,-0.01026120037,-0.01431897841,0.0006992690032,-0.009156921661,-0.01017365365,0.0005737874508,0.7274813311,-2.418014763e-05,4.003893544e-05,-0.0002971700144,1,0,0,0
21.9504993,19.93041492,torque,hover,-0.005377012305,0.004775650334,-1.619008422,0,0,-2,-0.003366488265,-0.00131860422,-0.01015259884,0,0,0,0.3810594464,0.01077716213,0.01049139813,-0.009077738039,-0.01553696394,0.001287103631,-0.009259352851,-0.009355237577,0.0005041039532,0.7274579586,-0.0001715264386,0.0004647068999,-0.0009410565403,1,0,0,0
21.96050501,19.94042063,torque,hover,-0.005586619489,0.004662227817,-1.619140387,0,0,-2,-0.003315548878,-0.001499465317,-0.01003105287,0,0,0,0.3809291165,0.01067067393,0.009192695638,-0.009394251741,-0.01647999138,0.0004527368874,-0.008680507849,-0.008747475322,0.0004585326789,0.7274410144,4.199850647e-05,0.0007702352934,-0.0001214239818,1,0,0,0
21.97048712,19.95040274,torque,hover,-0.005791653879,0.00454945676,-1.619270444,0,0,-2,-0.00325727067,-0.001653373125,-0.009919011965,0,0,0,0.3808007822,0.01057025323,0.008821387806,-0.009057014249,-0.01730286889,0.0008004648262,-0.008122836483,-0.007940874218,0.0004025958924,0.7274223552,0.0001425292018,0.001082529531,-0.0005131310549,1,0,0,0
21.98050523,19.96042085,torque,hover,-0.006231778301,0.004265828989,-1.619549513,0,0,-2,-0.003067924175,-0.001967383549,-0.009750516154,0,0,0,0.3805254335,0.01040938625,0.009956407524,-0.009904897772,-0.01638123021,0.0002941743587,-0.008819252242,-0.009412569007,0.0002953321211,0.7273640601,4.527291697e-05,0.0005153015916,-7.93467592e-05,1,0,0,0
21.99050045,19.97041607,torque,hover,-0.006444234867,0.004125861917,-1.619686127,0,0,-2,-0.00303090713,-0.002117794473,-0.009712039493,0,0,0,0.3803908426,0.0103920721,0.01224925028,-0.01008321904,-0.01681280881,-0.0005613271496,-0.008378767059,-0.008440732951,0.0002711085985,0.7273244011,0.0001955499981,0.0008443696974,0.0007764401963,1,0,0,0
22.00050259,19.98041821,torque,hover,-0.006651856005,0.003987520002,-1.619821072,0,0,-2,-0.002950007794,-0.002265671501,-0.009656893089,0,0,0,0.3802580244,0.01034849735,0.01389619563,-0.01040351577,-0.01525778603,0.0004257667169,-0.007590216991,-0.007714406371,0.0002192711183,0.7272895536,0.0004299400936,0.0008189769478,-0.0002670812794,1,0,0,0
22.01050043,19.99041605,torque,hover,-0.006867256016,0.003816173179,-1.619953632,0,0,-2,-0.002885434544,-0.002338561695,-0.009565571323,0,0,0,0.3801275627,0.01026132341,0.01607400391,-0.01200806629,-0.01427123882,-0.0007284252788,-0.007057990941,-0.006850922627,0.0002039237175,0.7272647666,0.000760547336,0.0008931676442,0.0008954624101,1,0,0,0
22.02050853,20.00042415,torque,hover,-0.007283296436,0.003480310552,-1.620212078,0,0,-2,-0.002712581772,-0.002553681144,-0.009258287959,0,0,0,0.3798736956,0.009979743643,0.01755528648,-0.0113810664,-0.01082535554,-0.0002428412408,-0.007518240276,-0.008474347087,9.597499167e-05,0.7272491975,0.0004726317016,-2.461117033e-05,0.0003174800123,1,0,0,0
22.03050113,20.01041675,torque,hover,-0.007483681664,0.003315624315,-1.620337844,0,0,-2,-0.002608105075,-0.002599138534,-0.009105844423,0,0,0,0.3797503807,0.009822124814,0.01919312349,-0.01117279567,-0.01055450086,0.0003833414812,-0.006348814595,-0.007280749485,4.48326528e-05,0.7272423559,0.0007142248351,0.0002751233905,-0.0003553674698,1,0,0,0
22.04051924,20.02043486,torque,hover,-0.007698471192,0.00313026295,-1.620450974,0,0,-2,-0.00246010907,-0.002669871785,-0.008915726095,0,0,0,0.3796399986,0.009626553059,0.01966238634,-0.01022310928,-0.00907824561,0.001198320533,-0.005279300194,-0.006888051705,-2.915639229e-05,0.727249634,0.0008096986507,0.0001953415182,-0.00123859658,1,0,0,0
22.05050468,20.0304203,torque,hover,-0.007907800376,0.002947413363,-1.620561838,0,0,-2,-0.002365606604,-0.002792883199,-0.008737961762,0,0,0,0.3795320003,0.009473556192,0.01899772883,-0.01027037669,-0.007882973179,0.001363853109,-0.004850976565,-0.007058812931,-0.000111566055,0.7272546377,0.0008810559182,2.00997296e-05,-0.001468062822,1,0,0,0
22.06050682,20.04042244,torque,hover,-0.008310536854,0.002588084433,-1.620796084,0,0,-2,-0.002117538359,-0.003073698841,-0.008447265252,0,0,0,0.3793038001,0.009235143936,0.01914209309,-0.009598593228,-0.008332289755,-0.0002933662036,-0.005069802509,-0.009855092789,-0.0001963826264,0.7272436389,0.0006428755373,-0.0005813253007,0.0001549897761,1,0,0,0
22.07049417,20.05040979,torque,hover,-0.008528439328,0.002408840461,-1.620899081,0,0,-2,-0.001959471265,-0.003212386975,-0.0082926061,0,0,0,0.3792044876,0.009106386421,0.01922040082,-0.008324783295,-0.008458724245,-0.0003459485015,-0.004212694132,-0.009542520556,-0.0002241525686,0.7272456199,0.0006537571429,-0.0004028104567,0.0001909358523,1,0,0,0
22.08050656,20.06042218,torque,hover,-0.008740113117,0.002232007217,-1.62100029,0,0,-2,-0.001794840209,-0.00324943685,-0.00818119105,0,0,0,0.3791070451,0.00898399567,0.02012587641,-0.007958199829,-0.006428861525,0.0008145169704,-0.003337291372,-0.008595581961,-0.0002823256394,0.7272372762,0.000782802039,-0.0003938439754,-0.001032652997,1,0,0,0
22.09050608,20.0704217,torque,hover,-0.008945768699,0.002057544887,-1.62109983,0,0,-2,-0.001600693096,-0.003357538488,-0.008055124432,0,0,0,0.3790113446,0.008872446827,0.020499863,-0.006216287613,-0.006321895402,0.001129497541,-0.002479070316,-0.008534158725,-0.0003484982264,0.7272332368,0.0007094516848,-0.0003455579932,-0.001399483546,1,0,0,0
22.10050774,20.08042336,torque,hover,-0.009339745156,0.001715209801,-1.621293306,0,0,-2,-0.001313345274,-0.00348348543,-0.007747099735,0,0,0,0.3788257285,0.008595178931,0.02016532105,-0.004448450636,-0.007188254967,-0.0001379442401,-0.003035601728,-0.009970942993,-0.0004188448129,0.7272414254,0.0002774642178,-0.0005551629105,-0.0001583577787,1,0,0,0
22.11050439,20.09042001,torque,hover,-0.009550854564,0.001539407298,-1.62137115,0,0,-2,-0.001197883976,-0.003547562286,-0.007624133024,0,0,0,0.3787524187,0.00849397013,0.01938377755,-0.004478661809,-0.007107790094,0.0001472760341,-0.002996307042,-0.009224276395,-0.0004546190902,0.727244533,0.0002855334525,-0.0003315723184,-0.0004738925836,1,0,0,0
22.12052608,20.10044169,torque,hover,-0.009756110609,0.001366095268,-1.621447682,0,0,-2,-0.001054073568,-0.003590277629,-0.007448012475,0,0,0,0.3786804789,0.008335109739,0.01908239139,-0.003866881132,-0.007281519473,0.0005437281798,-0.002700190817,-0.008506840164,-0.0005008288371,0.7272615696,0.0002647207866,-0.0001055829929,-0.0009100427212,1,0,0,0
22.13049555,20.11041117,torque,hover,-0.0101491008,0.001026682789,-1.621595144,0,0,-2,-0.0007320371806,-0.003696887521,-0.007054243237,0,0,0,0.3785423268,0.007997824918,0.01903778007,-0.003093861043,-0.008536757901,0.0007973386091,-0.003089587334,-0.009750078713,-0.0005975620727,0.727308175,4.429826775e-05,-0.0002529357569,-0.001237905667,1,0,0,0
22.14050817,20.12042379,torque,hover,-0.01035491563,0.0008661306929,-1.621667266,0,0,-2,-0.0005813785247,-0.003623797558,-0.006852505263,0,0,0,0.378475405,0.007773463714,0.01915774732,-0.00315775536,-0.008953799494,-0.0002174928668,-0.002679670735,-0.007737865012,-0.0006143741496,0.7273332924,0.0001545324621,0.0003034710525,-0.0002158385865,1,0,0,0
22.15051007,20.13042569,torque,hover,-0.01055465546,0.0007085743127,-1.62173748,0,0,-2,-0.0004143238184,-0.003598170122,-0.006627542432,0,0,0,0.3784104078,0.007552669141,0.01948272448,-0.003077254398,-0.008968737908,-0.0001539841032,-0.002229941813,-0.006552417144,-0.0006304556283,0.7273649792,0.0002438734396,0.0005666768956,-0.0002924968416,1,0,0,0
22.16050649,20.14042211,torque,hover,-0.01074858382,0.000553490303,-1.621805668,0,0,-2,-0.0003031580418,-0.003616340226,-0.00642905198,0,0,0,0.3783474478,0.007382582935,0.01922434448,-0.003199542407,-0.009450764395,-0.0001931037114,-0.002342487629,-0.005893425956,-0.0006446569214,0.7273907325,0.0002238315741,0.0007500614312,-0.0002628426362,1,0,0,0
22.17050242,20.15041804,torque,hover,-0.01093676221,0.0004006404779,-1.621872425,0,0,-2,-0.0001212415009,-0.003655000357,-0.006287277676,0,0,0,0.3782859186,0.00727348525,0.01978685046,-0.002949505346,-0.00973469764,0.0001235645905,-0.001830752439,-0.00556715321,-0.000667658795,0.727402571,0.0002982580503,0.0008193285445,-0.0006031586743,1,0,0,0
22.18051171,20.16042733,torque,hover,-0.01130598038,0.0001247173204,-1.622008681,0,0,-2,0.0002245472715,-0.003609245177,-0.005953283515,0,0,0,0.3781603863,0.006965533493,0.0214570888,-0.001283285907,-0.009938990697,-0.000490604376,-0.002034434549,-0.005241357891,-0.0006623435399,0.7274380266,3.99796181e-08,0.0008101978896,2.714114211e-05,1,0,0,0
22.19050789,20.17042351,torque,hover,-0.01148189697,-9.59384306e-06,-1.622074366,0,0,-2,0.0003945717472,-0.003567036241,-0.005765773822,0,0,0,0.3781000121,0.006791434471,0.02279543111,-0.001481062965,-0.009919538163,-0.0008194373804,-0.001588573154,-0.004015779825,-0.0006535919623,0.7274618295,0.0001285866097,0.00105259283,0.0003669612725,1,0,0,0
22.20052361,20.18043923,torque,hover,-0.01165219583,-0.00014157439,-1.622138143,0,0,-2,0.0005355449393,-0.003529787296,-0.005535484292,0,0,0,0.3780415017,0.006586941102,0.02377000037,-0.0003577273455,-0.009219731204,-0.0003871602821,-0.001514427348,-0.00305253565,-0.0006555988382,0.7274971892,-1.697270247e-05,0.001123190247,-7.484845061e-05,1,0,0,0
22.21050668,20.1904223,torque,hover,-0.01182599925,-0.0002545028692,-1.622195244,0,0,-2,0.0006397603429,-0.003445543582,-0.005331135821,0,0,0,0.3779898845,0.006379817631,0.02514662533,-0.0001781975443,-0.008269387297,-0.001210637507,-0.001794685097,-0.00168054264,-0.000632216782,0.7275284034,-0.0001099289334,0.001246098968,0.0007806079093,1,0,0,0
22.220505,20.20042062,torque,hover,-0.01215687022,-0.000473141612,-1.622304678,0,0,-2,0.00103122252,-0.003295142902,-0.004999055061,0,0,0,0.377891214,0.006075519578,0.02753042774,-0.0008530524792,-0.005103594624,-0.0003555281437,-0.001356007392,-0.001026934558,-0.0006119108501,0.7275729896,8.818452463e-05,0.0008503902834,-7.869233314e-05,1,0,0,0
22.23049235,20.21040797,torque,hover,-0.01231365185,-0.0005790673313,-1.622358918,0,0,-2,0.001221149927,-0.003185299924,-0.004879656713,0,0,0,0.3778422263,0.005953855254,0.02819707751,0.0003240213846,-0.003055470763,-0.0004716252442,-0.0008459754198,-6.212281648e-05,-0.0006007931524,0.727583621,3.249491694e-05,0.0007396294966,4.60954051e-05,1,0,0,0
22.24051571,20.22043133,torque,hover,-0.01246466953,-0.0006729337038,-1.622402787,0,0,-2,0.001388107543,-0.003013282083,-0.004760808777,0,0,0,0.3778034885,0.005802758971,0.02880760639,0.0001140340828,-0.0006831663777,-0.001642179675,-0.000527201284,0.00122542793,-0.0005559229352,0.7275978645,0.0001181095668,0.0006574002949,0.001269359409,1,0,0,0
22.25050998,20.2304256,torque,hover,-0.01261023991,-0.0007640741533,-1.622445703,0,0,-2,0.001585987629,-0.002870955272,-0.004630837124,0,0,0,0.3777656012,0.00567471527,0.02850801107,0.0004113352625,0.000981627265,-0.001413071412,-1.960702797e-05,0.001879723533,-0.0005159054399,0.7276152578,0.0001722357399,0.0005212380414,0.001063965914,1,0,0,0
22.26050591,20.24042153,torque,hover,-0.01275017299,-0.0008526731399,-1.622487545,0,0,-2,0.001822053338,-0.002713490045,-0.004493640736,0,0,0,0.3777286693,0.00555659191,0.02802758685,0.0001105396514,0.00269687688,-0.0008790023276,0.0007772640187,0.002386747307,-0.0004907344096,0.7276348369,0.0003671868355,0.0003487433693,0.0005372228314,1,0,0,0
22.2705071,20.25042272,torque,hover,-0.0130225895,-0.001004310325,-1.622554183,0,0,-2,0.00223041256,-0.002448954852,-0.004262583796,0,0,0,0.3776717374,0.005398309057,0.02466912826,-0.0002860427485,0.007320536301,0.0003575596784,0.001538450028,0.002474078666,-0.0004838801951,0.7276692404,0.0005494449466,-0.0002795141504,-0.0007169329156,1,0,0,0
22.28052068,20.2604363,torque,hover,-0.01315561496,-0.001068221056,-1.622579455,0,0,-2,0.002497369424,-0.002327025402,-0.004106626846,0,0,0,0.3776512661,0.005340064167,0.02277778279,-0.0004991393653,0.007975885645,-0.0007141318056,0.002382954365,0.002312823877,-0.0004594560556,0.7276995585,0.0007182040926,-0.0004300684511,0.0003923250135,1,0,0,0
22.29051495,20.27043056,torque,hover,-0.01328297984,-0.001130145276,-1.622603893,0,0,-2,0.002686592517,-0.002219209448,-0.003960102797,0,0,0,0.3776314819,0.005274948728,0.02043532072,0.0002006999857,0.008317762055,0.0002397419012,0.00242395801,0.002041054537,-0.0004562695445,0.7277278422,0.0005706597431,-0.0005541029905,-0.0005759963626,1,0,0,0
22.300529,20.28044462,torque,hover,-0.01340508368,-0.001190191368,-1.622639179,0,0,-2,0.002883356996,-0.002105530584,-0.00393475173,0,0,0,0.3776007175,0.005313123167,0.01770668513,0.0007548360154,0.01034418773,-0.0009659576463,0.002554783316,0.001676257309,-0.0004186386419,0.7277214608,0.0004754833467,-0.0009199420112,0.000679853035,1,0,0,0
22.31050873,20.29042435,torque,hover,-0.0136621492,-0.001266429317,-1.622690439,0,0,-2,0.003251310438,-0.001904168632,-0.003753619036,0,0,0,0.3775589528,0.005318508589,0.0149415514,0.0002340818028,0.01034364197,-0.000864798727,0.002774191288,0.001254307788,-0.0003707894888,0.7277487766,0.0005544694175,-0.000937161824,0.000612637467,1,0,0,0
22.32051706,20.30043268,torque,hover,-0.01378277317,-0.001302383491,-1.622716069,0,0,-2,0.003419908928,-0.001761173364,-0.003780943807,0,0,0,0.3775378464,0.005393796878,0.01509289687,4.815046486e-05,0.01052087732,0.0001553628972,0.002716318599,0.001233200421,-0.0003616432334,0.7277325341,0.0005235201189,-0.000962634609,-0.0004190786943,1,0,0,0
22.33051848,20.3104341,torque,hover,-0.01402449701,-0.001354039414,-1.622758865,0,0,-2,0.003934937064,-0.001568367472,-0.003567526117,0,0,0,0.3775041637,0.005538117805,0.01903646278,0.002086127875,0.009647791274,-0.0002118588891,0.004215006749,0.000660984565,-0.0003386154084,0.7277709582,0.0005569203274,-0.0009039162446,-2.766495327e-05,1,0,0,0
22.34052444,20.32044005,torque,hover,-0.01414619293,-0.001369812642,-1.622776151,0,0,-2,0.0041237236,-0.001459870371,-0.003529661335,0,0,0,0.3774914882,0.00562092759,0.01961490485,0.003105844371,0.008181822486,0.0004650108749,0.003854700579,0.0004979188774,-0.0003367544706,0.7277742552,0.0002863358632,-0.0007466664414,-0.0007161909467,1,0,0,0
22.35051966,20.33043528,torque,hover,-0.0142624164,-0.001384397387,-1.622802258,0,0,-2,0.004321017768,-0.001330502215,-0.003443953115,0,0,0,0.3774698266,0.005683506291,0.01995444098,0.00369735877,0.006987118628,0.0008818946662,0.003678281598,0.0005472354551,-0.0003431169801,0.7277864751,0.0001358681318,-0.0005827781455,-0.001145809395,1,0,0,0
22.36051726,20.34043288,torque,hover,-0.01437310223,-0.001397680375,-1.622827888,0,0,-2,0.004537303466,-0.0012252999,-0.003377287416,0,0,0,0.3774484627,0.005787447873,0.01964032793,0.005805394147,0.004951927345,0.0008731777198,0.003602287499,0.0004393234762,-0.0003489479296,0.7277940286,-0.0001858091927,-0.0003475532586,-0.001142335332,1,0,0,0
22.37051368,20.3504293,torque,hover,-0.0144783603,-0.001409794786,-1.622853279,0,0,-2,0.004729135428,-0.001133846003,-0.003298978088,0,0,0,0.3774271579,0.005876528319,0.01905470686,0.006753520574,0.00493405154,7.066409307e-05,0.00329020643,0.0002429961233,-0.0003320116736,0.7278046361,-0.0003890188909,-0.0004134194773,-0.0003132093166,1,0,0,0
22.38052249,20.36043811,torque,hover,-0.01471421495,-0.001411483972,-1.622893572,0,0,-2,0.005133181345,-0.0009801842971,-0.003158187494,0,0,0,0.3773960235,0.006106100246,0.01579011264,0.007306074258,0.0006323099369,-0.0002958464611,0.003044353115,0.0007399866227,-0.000241799499,0.7278256537,-0.0004666292754,0.0002859425216,0.0001237269442,1,0,0,0
22.3905344,20.37045002,torque,hover,-0.0148238875,-0.001411185483,-1.622913122,0,0,-2,0.005288022105,-0.0009143216303,-0.003086337354,0,0,0,0.3773807792,0.006190689791,0.0132150744,0.00680401735,-0.00110906316,-0.001017714036,0.002290587767,0.0007497821579,-0.0001945272563,0.7278367764,-0.0005646864999,0.0004739209636,0.0008929129067,1,0,0,0
22.40053272,20.38044834,torque,hover,-0.01492829621,-0.001410051365,-1.622932196,0,0,-2,0.005484591704,-0.0008135383832,-0.002964182757,0,0,0,0.3773658322,0.006287206874,0.01042380424,0.006459728349,-0.001778711332,-0.0006267736317,0.002101579338,0.001106406576,-0.0001578609231,0.7278607886,-0.0005447177464,0.0005940580824,0.0005212431645,1,0,0,0
22.41052842,20.39044404,torque,hover,-0.01504640467,-0.00139250455,-1.622938156,0,0,-2,0.005659430753,-0.0007312205271,-0.002843831666,0,0,0,0.3773645021,0.006375830805,0.007355089855,0.006328569725,-0.002833790844,-0.0006173987058,0.001585328462,0.001558365756,-0.0001217276153,0.7278891188,-0.0006293071134,0.000786100487,0.0005377239163,1,0,0,0
22.42052746,20.40044308,torque,hover,-0.01526776049,-0.001355656073,-1.622980118,0,0,-2,0.005982620176,-0.0005486607552,-0.002741644392,0,0,0,0.3773313317,0.006603740362,0.005012926276,0.004935056902,-0.002031335607,-0.0002706126834,0.001151426606,0.003173723669,-5.85574256e-05,0.7278997733,-0.0004805618422,0.0009631008132,0.0002302045511,1,0,0,0
22.430511,20.41042662,torque,hover,-0.01537052449,-0.001336100162,-1.623000741,0,0,-2,0.00609359378,-0.000436635135,-0.002649444621,0,0,0,0.3773148281,0.006658985823,0.007020307262,0.003707416356,-0.002034246223,-0.0003632215667,0.0004771096011,0.003657692888,-2.773443656e-05,0.7279156744,-0.0004552622635,0.0009989681323,0.0003476891453,1,0,0,0
22.44052839,20.42044401,torque,hover,-0.01549265813,-0.001291790395,-1.623010159,0,0,-2,0.006225750316,-0.000316913618,-0.002527499339,0,0,0,0.3773102593,0.006726711986,0.009738117519,0.002592144534,-0.001238789293,-0.0005456187064,-1.042694468e-05,0.004399569716,7.773672067e-06,0.7279431733,-0.0003978563802,0.0009876585105,0.0005599149488,1,0,0,0
22.45053697,20.43045259,torque,hover,-0.01560925785,-0.001247029286,-1.623019576,0,0,-2,0.006361705251,-0.0001940916263,-0.002510927385,0,0,0,0.3773055049,0.006842055363,0.0123244649,0.002932918025,0.0008997764089,0.0006153037539,-0.0003458132722,0.004968835681,7.682709481e-06,0.7279439474,-0.0005016858268,0.0007551077752,-0.0006222905587,1,0,0,0
22.46052694,20.44044256,torque,hover,-0.01582608186,-0.001156188897,-1.623037696,0,0,-2,0.006661466789,0.000106105741,-0.00235443213,0,0,0,0.3772961441,0.00706609856,0.01675191995,0.001804804779,0.002683224156,-0.001133680926,-0.0001937214695,0.007294831907,7.765081902e-05,0.7279769975,-0.0002721863456,0.0009882395342,0.001209222522,1,0,0,0
22.4705267,20.45044231,torque,hover,-0.01594778895,-0.001095174928,-1.62302196,0,0,-2,0.006745798979,0.0002820210357,-0.002281057183,0,0,0,0.3773168083,0.007126609404,0.01906169698,0.001271792222,0.005027391482,-0.001473104348,-0.0008834990549,0.007809218541,0.000134994811,0.7280013229,-0.0003493343775,0.000698677909,0.001597040071,1,0,0,0
22.48051214,20.46042776,torque,hover,-0.0160641335,-0.001033541164,-1.623006463,0,0,-2,0.00688194856,0.0004511711886,-0.002195292385,0,0,0,0.3773370529,0.007237684719,0.01955326692,0.0002712386777,0.007320390083,4.264431482e-05,-0.0008943378101,0.008026923443,0.000146489682,0.7280286741,-0.0001987279169,0.0003640803038,6.292714667e-05,1,0,0,0
22.4905107,20.47042632,torque,hover,-0.01617541723,-0.00097120594,-1.622991562,0,0,-2,0.007058043499,0.0005864058039,-0.00217482564,0,0,0,0.3773565287,0.007408759435,0.01810758669,-0.0006269345176,0.009825509973,-0.0006865807227,-0.0004910700672,0.007747176509,0.0001781178184,0.7280392343,2.416976355e-05,-9.380479629e-05,0.0008298823853,1,0,0,0
22.50051308,20.4804287,torque,hover,-0.01640445553,-0.0008425581036,-1.622960567,0,0,-2,0.007323297206,0.0008771995199,-0.002117389347,0,0,0,0.3773970717,0.007673558407,0.014516851,-0.0006340316031,0.01238346752,0.0007654753863,-0.0004118510836,0.008749211404,0.0001880897144,0.7280650421,3.65320444e-05,-0.0001606836602,-0.0006415179111,1,0,0,0
22.51050758,20.4904232,torque,hover,-0.01652179845,-0.0007765057962,-1.622944474,0,0,-2,0.007496139035,0.0009803201538,-0.002114813309,0,0,0,0.3774181266,0.007850195116,0.01208567067,0.0005072272616,0.01344773173,0.001114758546,-0.0002525185203,0.00770774894,0.0001699962214,0.7280715131,-8.617094436e-05,-0.0005864975695,-0.001010599773,1,0,0,0
22.52055192,20.50046754,torque,hover,-0.01663358137,-0.0007104050019,-1.622929335,0,0,-2,0.00759372022,0.001065163524,-0.002067348454,0,0,0,0.3774380312,0.00794185682,0.01079873322,-5.434936611e-05,0.01406773459,-0.0004706588807,-0.0006806162767,0.006696585535,0.0001959288615,0.7280890645,-0.0001085424005,-0.0009119803517,0.0006225443807,1,0,0,0
22.53050041,20.51041603,torque,hover,-0.01684141345,-0.0005663360935,-1.622888803,0,0,-2,0.007783257402,0.001274079899,-0.001850302331,0,0,0,0.3774874945,0.00810098723,0.01148227466,0.0006954819546,0.01374785602,0.0002252774138,-0.00112086286,0.007018217893,0.0002184404826,0.7281588317,-0.0003020236304,-0.0006939954097,-7.180568344e-05,1,0,0,0
22.54051423,20.52042985,torque,hover,-0.01693740673,-0.0004880014167,-1.62286365,0,0,-2,0.007943464443,0.001435020939,-0.001799799269,0,0,0,0.3775168078,0.008270259359,0.01134176777,4.398356759e-05,0.01344972663,-0.0004160285462,-0.0006054470104,0.006621564091,0.0002377797273,0.7281807303,-8.047041894e-05,-0.00075664682,0.0005973847457,1,0,0,0
22.55050826,20.53042388,torque,hover,-0.01702808216,-0.0004096874036,-1.622839212,0,0,-2,0.008102077059,0.001505253138,-0.001734265941,0,0,0,0.3775452067,0.008421230198,0.01205527629,-0.0007774827536,0.01309341006,0.0001068703932,-0.000180075613,0.005513703442,0.0002421449868,0.7282061737,0.0001274676583,-0.0009661911393,7.001378682e-05,1,0,0,0
22.56050849,20.54042411,torque,hover,-0.01711398922,-0.0003313353518,-1.622815132,0,0,-2,0.008267644793,0.001578538679,-0.001645957702,0,0,0,0.3775730697,0.008576416008,0.01336789998,-0.001044883626,0.01289561857,0.0002300213382,0.0003046366514,0.004607927229,0.0002421715816,0.7282372532,0.0002610251459,-0.001130409557,-5.403476526e-05,1,0,0,0
22.570508,20.55042362,torque,hover,-0.01720113307,-0.0002436626237,-1.62279129,0,0,-2,0.008404777385,0.001644091099,-0.001577265793,0,0,0,0.37760078,0.008708104605,0.01491181766,-0.0006702464307,0.01144623663,0.0005080969422,0.0004446019182,0.003973335465,0.0002372130725,0.7282632935,0.0002203881202,-0.001048462211,-0.0003412048296,1,0,0,0
22.58050823,20.56042385,torque,hover,-0.0173598323,-6.982231571e-05,-1.622745037,0,0,-2,0.008768568747,0.001752177021,-0.001458863146,0,0,0,0.3776541747,0.009060143699,0.0167426182,-0.0003066516947,0.008052825928,0.0002380339429,0.001869875501,0.004248579682,0.0002350669784,0.7283099767,0.0004744424655,-0.0004354562097,-6.518285541e-05,1,0,0,0
22.59052229,20.57043791,torque,hover,-0.01743122749,1.636379238e-05,-1.622710347,0,0,-2,0.008919328451,0.001819056924,-0.001409121905,0,0,0,0.3776921102,0.009211352379,0.01680431682,-0.000873605255,0.006654241122,-8.590563812e-05,0.002039031998,0.003775052606,0.0002415773263,0.7283351288,0.0005471849414,-0.0003631016314,0.000269120978,1,0,0,0
22.60051823,20.58043385,torque,hover,-0.01751162857,0.0001085490003,-1.622672319,0,0,-2,0.009088982828,0.001906536403,-0.001375470543,0,0,0,0.3777338315,0.009388099335,0.01549407078,0.0002300094638,0.004173208959,3.680904047e-05,0.002241633193,0.003783939123,0.0002440601546,0.7283574149,0.0004020646486,-2.983768756e-05,0.00014437633,1,0,0,0
22.61051202,20.59042764,torque,hover,-0.01758645847,0.000200378825,-1.622635603,0,0,-2,0.009298057295,0.001971053425,-0.001415003208,0,0,0,0.3777740222,0.009609430532,0.01413572426,0.000655437354,0.00274569355,-0.0003763594723,0.00277491705,0.003675751833,0.0002541001643,0.7283606394,0.0004325799618,0.0001209037191,0.0005724049579,1,0,0,0
22.62051439,20.60043001,torque,hover,-0.01772169955,0.0003821953724,-1.622566342,0,0,-2,0.009516770951,0.002028766554,-0.001368949423,0,0,0,0.3778496667,0.009826436058,0.01051554499,0.001406823751,0.000398246746,0.000180704621,0.002679712329,0.004658870577,0.0002412615641,0.7283974159,0.0002781667671,0.0006511017212,-6.189166094e-06,1,0,0,0
22.63050795,20.61042356,torque,hover,-0.01778243482,0.0004721951555,-1.622533202,0,0,-2,0.009685922414,0.002053169766,-0.001307717175,0,0,0,0.3778857253,0.009987127881,0.00876859079,0.001530235284,0.0001003384241,0.0003419373243,0.002887590461,0.00430342664,0.0002326974085,0.7284249069,0.0002832276628,0.0005601279666,-0.0001766559477,1,0,0,0
22.64053416,20.62044978,torque,hover,-0.01785815507,0.0005839186488,-1.622498155,0,0,-2,0.009805927984,0.002166836523,-0.001277684583,0,0,0,0.3779244606,0.01012343233,0.005664565722,0.0008133236552,-0.001162671018,-1.911071377e-05,0.002638001475,0.005210522428,0.0002333532366,0.7284452412,0.0002983930704,0.0009030216082,0.0001905854401,1,0,0,0
22.65051794,20.63043356,torque,hover,-0.01792918704,0.0006949939998,-1.622464538,0,0,-2,0.009904996492,0.002241459209,-0.001307445462,0,0,0,0.3779615908,0.01023926309,0.004730200036,0.002756714122,-0.001997049432,-0.0002963146544,0.002188375768,0.005766808727,0.0002341249352,0.7284498993,-8.650779547e-05,0.001088754903,0.0004709681074,1,0,0,0
22.66051269,20.6404283,torque,hover,-0.01805572771,0.0009148544632,-1.622414589,0,0,-2,0.01024117228,0.002373219235,-0.001314835972,0,0,0,0.3780179743,0.01059445953,0.01020585584,0.004010502715,-0.0009357361123,0.0003262531827,0.003139814131,0.007868508069,0.0002306238242,0.7284660644,-1.307270088e-05,0.001349306588,-0.0001644363646,1,0,0,0
22.67051387,20.65042949,torque,hover,-0.01813999563,0.001039264491,-1.622382522,0,0,-2,0.01035663299,0.002508770907,-0.001304901787,0,0,0,0.3780543605,0.0107357602,0.01427624213,0.006127668079,0.0001099404617,0.0006983923377,0.002412227679,0.008660866946,0.0002017253284,0.7284802353,-0.0004791901651,0.001304161409,-0.0005674751255,1,0,0,0
22.68052197,20.66043758,torque,hover,-0.01821904443,0.001163114328,-1.622351646,0,0,-2,0.01045888197,0.002616092563,-0.00131213339,0,0,0,0.3780893616,0.01086065589,0.0181885218,0.006178581156,0.0007615432842,0.001105545321,0.001708970422,0.009124058353,0.0001542275421,0.7284896214,-0.0006319567093,0.001240697095,-0.001017579817,1,0,0,0
22.69050455,20.67042017,torque,hover,-0.01836286858,0.001409245539,-1.62229383,0,0,-2,0.01065683737,0.002854908584,-0.001339450129,0,0,0,0.3781549045,0.01111363183,0.02486783768,0.005953700747,0.004098290578,0.0002078702382,0.001142225735,0.01170881401,8.978521769e-05,0.7285037151,-0.000663889155,0.001316162782,-0.00015130351,1,0,0,0
22.70052004,20.68043566,torque,hover,-0.01844255812,0.001530839829,-1.62225318,0,0,-2,0.01079317275,0.002942908555,-0.001333426218,0,0,0,0.3781998569,0.01126637982,0.02690120565,0.007409805432,0.005587890279,0.001053026295,0.000735365992,0.01122061061,4.787201126e-05,0.72851999,-0.0009289050938,0.0009055032142,-0.001043074545,1,0,0,0
22.71052647,20.69044209,torque,hover,-0.01851693913,0.001651558443,-1.622236133,0,0,-2,0.01089902315,0.002983690239,-0.001408976153,0,0,0,0.3782210256,0.0113875514,0.02750303075,0.00561445253,0.007545070723,0.000709761749,0.0002046931407,0.01040242681,1.203650026e-05,0.7285070457,-0.0007706276762,0.000389473046,-0.0007172348169,1,0,0,0
22.72051692,20.70043254,torque,hover,-0.01858653314,0.001771072624,-1.622220278,0,0,-2,0.01097101066,0.003012763569,-0.001410054276,0,0,0,0.3782408154,0.01146420832,0.02744962173,0.005544127896,0.009796775877,-5.66363633e-05,-0.0004997747751,0.009567077631,-2.882674548e-06,0.728512572,-0.0008904656305,-0.000133110255,5.222341158e-05,1,0,0,0
22.73051381,20.71042943,torque,hover,-0.01865154132,0.001889304491,-1.622205019,0,0,-2,0.01104830299,0.003009582637,-0.001396496547,0,0,0,0.3782598275,0.01153571797,0.02605527121,0.004755064379,0.01243884768,8.35640385e-05,-0.000998611096,0.008450093882,-2.11236457e-05,0.7285215866,-0.0008576402522,-0.0007398287893,-0.0001027685921,1,0,0,0
22.74051309,20.72042871,torque,hover,-0.01880084351,0.002111021662,-1.622154593,0,0,-2,0.01111458242,0.003146439092,-0.001437488827,0,0,0,0.3783187537,0.01164046371,0.02618717768,0.003247366287,0.01382250711,-0.0001378012676,-0.00237148331,0.009119837544,-6.155927204e-05,0.7285296515,-0.0008956990375,-0.0006516851899,8.91546399e-05,1,0,0,0
22.75050879,20.7304244,torque,hover,-0.01886866242,0.002220870461,-1.62213099,0,0,-2,0.01122788154,0.00317921699,-0.001375641325,0,0,0,0.3783463326,0.01175011206,0.02476870839,0.002761925571,0.0146747278,-0.0006029525539,-0.002209529048,0.007913043068,-6.207523307e-05,0.7285539237,-0.0007465704169,-0.001027378772,0.0005655810528,1,0,0,0
22.76051402,20.74042964,torque,hover,-0.01893172599,0.002329608425,-1.622108221,0,0,-2,0.01130472403,0.003164063673,-0.001395717962,0,0,0,0.3783728768,0.01182184897,0.02347156022,0.00127828808,0.01609322987,0.0004247068719,-0.002328965919,0.00641901212,-9.208418288e-05,0.7285571261,-0.0005396290956,-0.001519579676,-0.0005006475764,1,0,0,0
22.77052212,20.75043774,torque,hover,-0.01900180615,0.002437079791,-1.622082949,0,0,-2,0.01143838,0.00315284729,-0.001445232308,0,0,0,0.3784023066,0.0119526432,0.02233220772,0.0006969428505,0.01612978987,-0.0002373384923,-0.001995419635,0.005111796359,-0.0001029853677,0.7285537412,-0.0003628152372,-0.001750674183,0.0001684352881,1,0,0,0
22.78052759,20.76044321,torque,hover,-0.01912660524,0.002648373134,-1.622028947,0,0,-2,0.01169464551,0.003117683576,-0.001489824499,0,0,0,0.3784639453,0.01219443568,0.02207883602,-0.001968148397,0.01467737742,-0.0006080431049,-0.001056091884,0.004075748831,-0.000107625968,0.7285620075,0.0002234791155,-0.001608734338,0.0005480420862,1,0,0,0
22.79050994,20.77042556,torque,hover,-0.01918153651,0.002752212808,-1.622003675,0,0,-2,0.01181740407,0.003097120207,-0.001491069095,0,0,0,0.3784927055,0.01230717187,0.02313318571,-0.000661485712,0.01264248509,6.748704618e-05,-0.0008175479446,0.002960414538,-0.0001248006945,0.7285708433,7.541622966e-05,-0.001518102783,-0.0001528359354,1,0,0,0
22.80051494,20.78043056,torque,hover,-0.01923342235,0.002862554742,-1.621980548,0,0,-2,0.01191569958,0.003086117329,-0.001525787637,0,0,0,0.378519253,0.01240306593,0.02348694925,-0.001761168242,0.009527332149,-0.0003386231256,-0.0007013511986,0.002342475793,-0.0001313801092,0.7285704376,0.0002313227032,-0.001166758841,0.000255363983,1,0,0,0
22.8105123,20.79042792,torque,hover,-0.01928057708,0.002971537644,-1.621958852,0,0,-2,0.01205325965,0.003065682948,-0.001580455224,0,0,0,0.3785441591,0.01253703788,0.02318057207,-0.000480338349,0.006441795733,-0.0009251005249,-0.0002710825766,0.001850979249,-0.0001237744848,0.7285644279,0.0001317326012,-0.0008062334878,0.0008581952688,1,0,0,0
22.82051325,20.80042887,torque,hover,-0.01936103776,0.003184756497,-1.621918678,0,0,-2,0.01225939672,0.002915540943,-0.001567096682,0,0,0,0.3785901191,0.0126983849,0.0224315288,-0.0006429536734,0.002405106789,-0.0005217959988,0.0003845382689,0.001441609127,-0.0001169512049,0.7285823462,0.0002755621857,-0.0002883638469,0.0004533814449,1,0,0,0
22.83051443,20.81043005,torque,hover,-0.01939782128,0.003288814565,-1.621896863,0,0,-2,0.01232516672,0.002884174697,-0.001540643629,0,0,0,0.3786146775,0.01275154035,0.02060995683,-0.001560598146,0.0003774239449,-0.0001264675811,0.00021338323,0.001353706949,-0.0001331316525,0.7285969871,0.0003293095342,-1.765404023e-05,3.667260919e-05,1,0,0,0
22.84051323,20.82042885,torque,hover,-0.01943071373,0.003391517792,-1.62187624,0,0,-2,0.01242807135,0.002765918151,-0.00160976965,0,0,0,0.3786378653,0.01283349598,0.01895070631,-0.0005738586769,-0.002323251218,0.0006028095377,0.00033710099,0.0007029450214,-0.0001704826818,0.7285869038,0.0001961900992,0.0002048816909,-0.0007343095306,1,0,0,0
22.85052299,20.83043861,torque,hover,-0.01948370039,0.003591914428,-1.621838689,0,0,-2,0.0126365833,0.002719743177,-0.001667890931,0,0,0,0.3786799357,0.01303311554,0.01140868869,0.0002326353715,-0.006218871102,-0.000516966451,0.001304499029,0.002308873975,-0.0001765831677,0.7285857826,0.0002828392367,0.001073043078,0.0004023982467,1,0,0,0
22.86053514,20.84045076,torque,hover,-0.01951005682,0.003688075114,-1.621806622,0,0,-2,0.01277032308,0.00271972944,-0.001695428044,0,0,0,0.3787142402,0.01316634179,0.008229253007,0.0008639846928,-0.00748300273,0.0003916891001,0.001615661965,0.002887159347,-0.0002017768361,0.7285904076,0.0002367692632,0.00133306816,-0.0005419966185,1,0,0,0
22.87053132,20.85044694,torque,hover,-0.0195322074,0.003783306805,-1.621776104,0,0,-2,0.01285365969,0.002754542278,-0.001684396644,0,0,0,0.3787467968,0.01325297184,0.009077967586,0.002030654112,-0.007629073691,-0.0004189454776,0.001473054429,0.003813995754,-0.0002054729002,0.7286042823,1.731041122e-05,0.001510892078,0.0002787675798,1,0,0,0
22.88053298,20.8604486,torque,hover,-0.01955021359,0.0038775024,-1.621746659,0,0,-2,0.01298081782,0.002739393618,-0.001721783192,0,0,0,0.3787780823,0.01337798363,0.01198386388,0.001785709755,-0.008341198787,-0.00130122609,0.001748941052,0.004253918178,-0.0001830563079,0.7286054391,9.77665414e-05,0.001644888907,0.001193569399,1,0,0,0
22.89051747,20.87043309,torque,hover,-0.01957336441,0.004062356427,-1.621693969,0,0,-2,0.01324749365,0.00272375741,-0.00180095993,0,0,0,0.3788338324,0.01364398766,0.01947076706,0.003252150491,-0.004810821731,-0.001044509234,0.00297385236,0.005833714272,-0.00014426572,0.7286043694,0.0001759206179,0.001410449319,0.0009640679741,1,0,0,0
22.90052271,20.88043833,torque,hover,-0.01957464777,0.004135421477,-1.621664643,0,0,-2,0.01342760026,0.002690128051,-0.001852238318,0,0,0,0.3788639739,0.01381911808,0.02147997023,0.005235251971,-0.003141471185,-0.0007881977363,0.003325564863,0.005468005533,-0.0001350124205,0.7286019021,-4.905968462e-05,0.001043564515,0.0007104243539,1,0,0,0
22.91051674,20.89043236,torque,hover,-0.01957171038,0.004207329825,-1.62163651,0,0,-2,0.01356179453,0.002635811921,-0.001870811218,0,0,0,0.3788927079,0.01394165378,0.02263129286,0.005345834885,-0.001368486322,0.0003531598486,0.003234266407,0.005006672444,-0.000147903198,0.7286073146,-0.0001125384914,0.0006673114796,-0.000461042187,1,0,0,0
22.92053819,20.90045381,torque,hover,-0.01956477016,0.004278312437,-1.621610284,0,0,-2,0.01368893683,0.002609356074,-0.001971403137,0,0,0,0.3789193337,0.01407416644,0.02243611349,0.004652516451,0.002341435757,1.55573598e-05,0.003195135519,0.00471364204,-0.0001510492402,0.7285912598,-4.901658328e-05,9.113462584e-05,-0.0001182831527,1,0,0,0
22.93052912,20.91044474,torque,hover,-0.01955380477,0.004348305985,-1.621585608,0,0,-2,0.01383986976,0.002565618837,-0.002002567751,0,0,0,0.3789442063,0.01421740738,0.02077686547,0.004155752715,0.00457378896,-4.532374442e-05,0.003424736766,0.004178684662,-0.0001516527111,0.7285922318,4.934724419e-05,-0.0003123476662,-5.511233648e-05,1,0,0,0
22.9405272,20.92044282,torque,hover,-0.01950787008,0.004455691203,-1.62153697,0,0,-2,0.01412404701,0.00246140291,-0.001995972358,0,0,0,0.3789916558,0.0144751896,0.01353304876,0.003346991027,0.008647910319,0.0006786361337,0.004924185275,0.002823161523,-0.0001849855129,0.7286113792,0.0005000106896,-0.001087383275,-0.0008070360507,1,0,0,0
22.95054364,20.93045926,torque,hover,-0.01947939955,0.004508131184,-1.621516705,0,0,-2,0.01425310876,0.002383107785,-0.00203717174,0,0,0,0.3790110489,0.01459384736,0.008397968269,0.003291238099,0.01112710498,0.000847285206,0.004793669655,0.001643591833,-0.0002058287442,0.7286081952,0.0004174063914,-0.001617077583,-0.0009945691062,1,0,0,0
22.9605372,20.94045281,torque,hover,-0.01944752224,0.004559606314,-1.621498227,0,0,-2,0.01434954163,0.002322273329,-0.002157554263,0,0,0,0.3790284794,0.01469548702,0.004536688213,0.003356392495,0.01125945523,0.0005304769147,0.004495973851,0.0007475590971,-0.0002178862002,0.728584302,0.0002922399675,-0.001738713249,-0.0006836834493,1,0,0,0
22.9705267,20.95044231,torque,hover,-0.01941405423,0.004590848926,-1.621482015,0,0,-2,0.01447157469,0.002194309374,-0.002175037051,0,0,0,0.3790433308,0.0147977111,0.006188837859,0.003547884757,0.0111912908,0.0009453435196,0.004431779228,-0.0008893584057,-0.0002406072378,0.7285856207,0.0002172592414,-0.002000438054,-0.001123824339,1,0,0,0
22.98052287,20.96043849,torque,hover,-0.0193373654,0.004651299678,-1.621452928,0,0,-2,0.01466587279,0.001956638182,-0.002219124697,0,0,0,0.3790691946,0.01496130917,0.01655047462,0.002130619483,0.008620730601,1.003777652e-05,0.005302924106,-0.00348565826,-0.0002151863864,0.7285847429,0.0006013932699,-0.002058727285,-0.0001499527952,1,0,0,0
22.99051714,20.97043276,torque,hover,-0.01929406635,0.004679787438,-1.621439815,0,0,-2,0.01481979527,0.00178170274,-0.002231674967,0,0,0,0.3790804339,0.01509242093,0.02177183344,0.002503744327,0.006109848619,0.0003498895967,0.005494694769,-0.004804838983,-0.0002082757237,0.7285861331,0.0005435239953,-0.001892484472,-0.0004936367279,1,0,0,0
23.00052309,20.98043871,torque,hover,-0.01925366744,0.004691635258,-1.621423244,0,0,-2,0.01489975676,0.001598789939,-0.002280553104,0,0,0,0.3790950738,0.01515782977,0.02598858833,0.003431990044,0.003605770878,-0.001004654565,0.004958318141,-0.005985971158,-0.0001646227928,0.7285795923,0.0002513211786,-0.001702719315,0.0009119312392,1,0,0,0
23.01052284,20.99043846,torque,hover,-0.01920985803,0.004702111706,-1.621407866,0,0,-2,0.01506770682,0.001409737975,-0.00231395429,0,0,0,0.3791083382,0.01530939366,0.02946040848,0.003828975605,0.0008520293632,-0.0003250550071,0.005308941051,-0.007002837748,-0.0001339238369,0.7285765021,0.0002559237558,-0.001450214398,0.0002414941362,1,0,0,0
23.02053785,21.00045347,torque,hover,-0.01911174133,0.004719517194,-1.621406555,0,0,-2,0.01531669125,0.001083581592,-0.002419470809,0,0,0,0.379104905,0.01554442083,0.03005249247,0.004134964664,-0.006467945408,-0.0001753757533,0.006512272582,-0.008452247244,-6.519813706e-05,0.7285499408,0.0004905582109,-0.0007129335293,0.0001393962441,1,0,0,0
23.03052235,21.01043797,torque,hover,-0.01906591468,0.00470681861,-1.621405959,0,0,-2,0.01543690823,0.0009218256455,-0.002486058977,0,0,0,0.3791030348,0.01566296228,0.02878838782,0.004656971898,-0.009364542551,-0.0007289582281,0.00612912596,-0.0083749267,-2.45271261e-05,0.7285331413,0.0002866626671,-0.0002237804407,0.0007275113315,1,0,0,0
23.04052591,21.02044153,torque,hover,-0.01901686378,0.004693242256,-1.621406794,0,0,-2,0.01553450059,0.0007212017081,-0.002636312274,0,0,0,0.3790995695,0.01577310949,0.02676715088,0.00481895078,-0.01220885664,-0.000295078702,0.005643088915,-0.0084373025,8.66553393e-06,0.728494612,0.0001260238768,0.0001980856958,0.000305318187,1,0,0,0
23.05052447,21.03044009,torque,hover,-0.01896477863,0.004679154605,-1.621409059,0,0,-2,0.01562170219,0.0005631428794,-0.00263952883,0,0,0,0.3790945242,0.01585313286,0.02291211718,0.005448277574,-0.01480657235,-0.0002711425768,0.005222934021,-0.007921940823,4.208767062e-05,0.7284928752,-6.763420432e-05,0.000697659338,0.00030230617,1,0,0,0
23.06052804,21.04044366,torque,hover,-0.01890975609,0.004664392211,-1.621412039,0,0,-2,0.01570121385,0.0004223264696,-0.002717550611,0,0,0,0.3790886173,0.0159402496,0.01808447916,0.005553512834,-0.01640430465,0.000884438341,0.004865324833,-0.007184761845,4.910358035e-05,0.7284719225,-0.0001624088039,0.001084316409,-0.0008712214516,1,0,0,0
23.07052398,21.0504396,torque,hover,-0.01879859157,0.004577783868,-1.621430755,0,0,-2,0.01586543582,0.000107317479,-0.002843187656,0,0,0,0.3790633412,0.01611853861,0.009132171422,0.005085006822,-0.01750041544,0.0009258671198,0.005342664316,-0.007817047256,7.711567204e-05,0.7284330629,5.699521551e-05,0.0009552449889,-0.0008917744163,1,0,0,0
23.08052754,21.06044316,torque,hover,-0.01873893291,0.004534203093,-1.621439934,0,0,-2,0.01589894108,-4.646095113e-05,-0.002879255451,0,0,0,0.3790506963,0.01615761734,0.00489373581,0.004428001586,-0.01758029684,-7.401091716e-05,0.004580607216,-0.007000174828,0.0001183527367,0.7284204967,-3.87771418e-05,0.001163737257,0.0001540050778,1,0,0,0
23.09052896,21.07044458,torque,hover,-0.01862167753,0.00444289064,-1.621477246,0,0,-2,0.01610127836,-0.0002362331725,-0.002926760819,0,0,0,0.3790065715,0.01636682315,0.008408261969,0.004102824256,-0.01715423167,8.836989582e-05,0.005678898549,-0.006276792017,0.0002093635377,0.7283947154,0.0002887077391,0.001147944242,5.596090618e-05,1,0,0,0
23.10052347,21.08043909,torque,hover,-0.01856401749,0.004395107273,-1.621505141,0,0,-2,0.01615856029,-0.0004007447569,-0.002984012943,0,0,0,0.3789753261,0.01643666634,0.01135293661,0.004755062982,-0.0154217463,0.0006352831842,0.004975100978,-0.00564543451,0.0002284251524,0.7283699818,1.312478273e-05,0.001061144641,-0.0004867937339,1,0,0,0
23.11054182,21.09045744,torque,hover,-0.01850385219,0.004347308073,-1.621533275,0,0,-2,0.01618212275,-0.0004753642716,-0.002998972777,0,0,0,0.3789437344,0.01646453478,0.01569056041,0.005835053977,-0.01502155513,1.003232592e-05,0.004188336436,-0.004303911234,0.0002650471381,0.7283559157,-0.0003167902919,0.001314771121,0.0001764874527,1,0,0,0
23.12053657,21.10045218,torque,hover,-0.01844128408,0.004300483968,-1.621561766,0,0,-2,0.01620800607,-0.0005187143106,-0.003074200591,0,0,0,0.3789116946,0.01650512752,0.02020180024,0.005991216749,-0.01392678358,0.0004432913847,0.003619482526,-0.002950502955,0.0002904682915,0.7283264416,-0.0004499761343,0.001452743413,-0.0002462366282,1,0,0,0
23.13053656,21.11045218,torque,hover,-0.01839071326,0.004262127914,-1.621604085,0,0,-2,0.01623742469,-0.0005705904914,-0.00315917423,0,0,0,0.3788665366,0.01655173452,0.02392896753,0.006792368367,-0.01155428868,-7.832865958e-05,0.003010212358,-0.001899973568,0.0003360777262,0.7282894932,-0.000669932127,0.001330971563,0.0003192091181,1,0,0,0
23.14054394,21.12045956,torque,hover,-0.01828191616,0.004186287988,-1.621700883,0,0,-2,0.01627916843,-0.000663992716,-0.003193713725,0,0,0,0.3787637462,0.01660277141,0.02970674571,0.006984793115,-0.008587758988,-8.20520363e-05,0.002713726183,-0.001464743255,0.0004142011291,0.7282455353,-0.0006771260546,0.0009257103213,0.0003820913904,1,0,0,0
23.15052581,21.13044143,torque,hover,-0.01822385192,0.004148942418,-1.621748447,0,0,-2,0.01634284668,-0.0007047618274,-0.003166893264,0,0,0,0.3787130306,0.0166617688,0.03060071204,0.006083830725,-0.004844472744,0.0002872797486,0.002563940967,-0.0008350717111,0.0004439061257,0.728235036,-0.0005574570107,0.0005445397235,2.837077768e-05,1,0,0,0
23.16053343,21.14044905,torque,hover,-0.01816337928,0.004111767747,-1.621795416,0,0,-2,0.0163267795,-0.0007618407835,-0.003150592791,0,0,0,0.3786628084,0.01664543076,0.03095321529,0.006315673701,-0.002995755058,0.0005831829621,0.001746340893,-0.0005144584447,0.0004646763441,0.7282221113,-0.0007499449716,0.0003601300862,-0.0002578250451,1,0,0,0
23.17054605,21.15046167,torque,hover,-0.01811400615,0.004071530886,-1.62183857,0,0,-2,0.01632815227,-0.000846026931,-0.003147292649,0,0,0,0.3786169066,0.01665021829,0.03045974463,0.005655616987,-0.00138134521,-0.0009470308432,0.001104938944,-0.0006393892409,0.0005281867905,0.728207272,-0.0007679860893,0.0001101309902,0.001346470189,1,0,0,0
23.18053961,21.16045523,torque,hover,-0.01800745353,0.003991534933,-1.621923327,0,0,-2,0.0164163895,-0.0009499791777,-0.003107022494,0,0,0,0.3785263149,0.01673481082,0.02745320291,0.004226258025,0.002376880031,-9.691689775e-05,0.001648764196,-0.001730587797,0.0006162248447,0.7281866903,-0.0003777356486,-0.000639779195,0.000547756341,1,0,0,0
23.19053221,21.17044783,torque,hover,-0.01795050316,0.003952255007,-1.62198472,0,0,-2,0.01642108709,-0.001011639484,-0.003090524347,0,0,0,0.3784618774,0.01673997779,0.02523606174,0.003781931708,0.004101451952,9.004597086e-05,0.001168438843,-0.001862247975,0.0006551512773,0.7281686041,-0.0004157327229,-0.0008553384868,0.0003851448095,1,0,0,0
23.20053363,21.18044925,torque,hover,-0.01789572835,0.003911637701,-1.622037768,0,0,-2,0.01641921699,-0.001054015243,-0.003072850872,0,0,0,0.3784058754,0.01673750421,0.02394286946,0.00430733664,0.004010444041,-0.0002290637931,0.0006901413413,-0.001913071776,0.0007020435582,0.7281538403,-0.0005788397925,-0.0008025539778,0.0007435309453,1,0,0,0
23.21053147,21.19044709,torque,hover,-0.01783879101,0.003871123074,-1.62209022,0,0,-2,0.01645715907,-0.00115517329,-0.003064515535,0,0,0,0.3783503793,0.0167798619,0.021424869,0.003621811513,0.006103067193,0.0007261144347,0.0006389631102,-0.002704934084,0.000720147696,0.7281369058,-0.0004709425164,-0.001224723285,-0.0002151257431,1,0,0,0
23.22052574,21.20044136,torque,hover,-0.01771871373,0.003790101968,-1.622193217,0,0,-2,0.0163880419,-0.001283853082,-0.003055257257,0,0,0,0.3782410379,0.01671977251,0.02203026765,0.003353432752,0.004048585426,0.0001193688586,5.297247431e-05,-0.004281007623,0.000782871173,0.7281018796,-0.0005198888081,-0.001208881342,0.0004478253429,1,0,0,0
23.23052263,21.21043825,torque,hover,-0.01764765009,0.003738119267,-1.622231245,0,0,-2,0.0163705647,-0.001293277834,-0.003075381741,0,0,0,0.3781992138,0.01670706225,0.02273352255,0.003162920242,0.001867675921,0.0001686023752,-0.0001588080811,-0.003962894912,0.0008129560072,0.7280829666,-0.0005200592297,-0.0007738703705,0.0004182246577,1,0,0,0
23.24052835,21.22044396,torque,hover,-0.01757510006,0.003686616663,-1.622269154,0,0,-2,0.01632374711,-0.001384628587,-0.003080836264,0,0,0,0.378157464,0.01666953713,0.02436135072,0.004014197737,0.0006646416732,0.0006664567627,-0.0006866868885,-0.004385891452,0.0008307384697,0.7280678056,-0.0007332647035,-0.0006705180669,-7.601210142e-05,1,0,0,0
23.25053334,21.23044896,torque,hover,-0.01750132442,0.003635385074,-1.622306943,0,0,-2,0.01626335829,-0.001422649832,-0.003070767736,0,0,0,0.3781157994,0.01661175397,0.02578201322,0.003976197448,-0.001123771304,0.001568318461,-0.001180640044,-0.004224954811,0.0008217970633,0.7280566364,-0.0008067931943,-0.0003587548879,-0.001001824174,1,0,0,0
23.26053762,21.24045324,torque,hover,-0.01734732464,0.003511076793,-1.622342706,0,0,-2,0.01621345989,-0.001518256147,-0.00289646443,0,0,0,0.3780718044,0.01653997853,0.0276619878,0.003223109059,-0.004181542899,0.0004543188843,-0.0009624290443,-0.005188862763,0.0008700402867,0.7280877898,-0.0005928577686,-0.0001657563613,0.0001690504085,1,0,0,0
23.27054572,21.25046134,torque,hover,-0.01726701669,0.003438056912,-1.622357607,0,0,-2,0.01617914438,-0.001601760974,-0.002889888827,0,0,0,0.378052572,0.01651307992,0.02839624513,0.003015104216,-0.006577786058,0.001034204382,-0.001204360441,-0.005236248108,0.0008862904399,0.7280840125,-0.0006003829551,0.000166079056,-0.0004101073028,1,0,0,0
23.28056026,21.26047587,torque,hover,-0.01718542725,0.003365711309,-1.622372508,0,0,-2,0.01617619768,-0.001646442572,-0.002839311957,0,0,0,0.3780333181,0.01650581221,0.02804767783,0.001864248188,-0.007183262147,0.001117911539,-0.001030708483,-0.004926453254,0.0008988293729,0.7280913964,-0.0003851849654,0.0003215738141,-0.0004868133615,1,0,0,0
23.2905674,21.27048302,torque,hover,-0.01710247062,0.003294029739,-1.622387409,0,0,-2,0.01617831178,-0.00175381091,-0.002794546075,0,0,0,0.3780140392,0.01651130257,0.0277680206,0.001796472119,-0.009293613024,0.0008087177994,-0.0008832206877,-0.005073815623,0.0009189129231,0.7280972989,-0.0003351841034,0.0005672620428,-0.0001573091575,1,0,0,0
23.30056238,21.280478,torque,hover,-0.01693446375,0.003105295589,-1.622374296,0,0,-2,0.01611317135,-0.001905159326,-0.002624166664,0,0,0,0.3780179772,0.01643624573,0.02770218257,2.782768206e-05,-0.009526384063,-3.096826549e-05,-0.0005851483849,-0.00626142099,0.0009996234855,0.7281451728,-1.497744346e-05,0.000252534562,0.000756749016,1,0,0,0
23.31054258,21.2904582,torque,hover,-0.01684900932,0.003012508154,-1.622342825,0,0,-2,0.01607535966,-0.001980109606,-0.00250854576,0,0,0,0.3780448468,0.01638996107,0.02745794057,-0.0004570580495,-0.00906749256,9.192482685e-05,-0.0006912594111,-0.005904983387,0.001044900909,0.7281858565,1.182539268e-05,0.0002937194539,0.0006638051592,1,0,0,0
23.32056308,21.3004787,torque,hover,-0.01676226966,0.002920933999,-1.622312188,0,0,-2,0.0160805583,-0.001992066391,-0.002447446343,0,0,0,0.378070878,0.01638727181,0.02674771313,-0.0007623487036,-0.009809480049,-9.382758435e-05,-0.0002965417389,-0.005053734052,0.001094606838,0.7282124132,0.0001303928858,0.0006032320514,0.0008881238344,1,0,0,0
23.33054137,21.31045699,torque,hover,-0.01666756533,0.002807889832,-1.622253418,0,0,-2,0.01608430408,-0.002076015575,-0.002385804895,0,0,0,0.3781245459,0.01639227694,0.02531416712,-0.001898573712,-0.009899483994,0.00133670459,0.0001055157665,-0.005187496487,0.00110320589,0.7282492912,0.0003557287558,0.0005758723693,-0.0005631514083,1,0,0,0
23.34053898,21.3204546,torque,hover,-0.01647463255,0.002586301649,-1.62214148,0,0,-2,0.01609691605,-0.002187109785,-0.002342755906,0,0,0,0.3782263387,0.01641288094,0.0233856357,-0.002347815316,-0.007614492904,0.0003876946867,0.001563947948,-0.006421238711,0.001183630001,0.7283006834,0.0007071865458,-7.416422964e-05,0.0004618127766,1,0,0,0
23.3505404,21.33045602,torque,hover,-0.01637685485,0.002477674978,-1.622088075,0,0,-2,0.01603881642,-0.002241479699,-0.002290634206,0,0,0,0.3782747197,0.01635588177,0.02325155029,-0.002232696395,-0.006398458965,8.035846986e-05,0.001282003892,-0.006009528192,0.001234026745,0.7283332241,0.0005723767751,-0.0001021471509,0.000811552114,1,0,0,0
23.36054397,21.34045959,torque,hover,-0.01625527255,0.002362441039,-1.622007132,0,0,-2,0.01607354358,-0.002308171475,-0.002291881712,0,0,0,0.378349605,0.01639936525,0.02212643478,-0.002727886895,-0.005620125681,0.0006688768626,0.002163889231,-0.006030859692,0.00126712951,0.7283621854,0.000800307839,-0.0001781604564,0.0002357388855,1,0,0,0
23.370538,21.35045362,torque,hover,-0.01613281667,0.002248459263,-1.621928811,0,0,-2,0.0161153432,-0.002422419842,-0.002259155503,0,0,0,0.378421917,0.0164522396,0.02163502506,-0.002292266814,-0.004076795653,0.0005676539149,0.0029459109,-0.006563810265,0.001303845553,0.7283988095,0.0008657968559,-0.0004757998461,0.0003660999059,1,0,0,0
23.38058925,21.36050487,torque,hover,-0.01588561386,0.002023368143,-1.621781349,0,0,-2,0.01621504687,-0.002619140316,-0.002224624623,0,0,0,0.3785575182,0.01657518011,0.02257062088,0.0001323693577,-0.004022751935,0.0009537690785,0.005109161571,-0.008876409249,0.0013539522,0.7284608936,0.0009701241272,-0.0009861988363,1.082554248e-05,1,0,0,0
23.39052486,21.37044048,torque,hover,-0.0157488659,0.001899482915,-1.621671438,0,0,-2,0.01627277955,-0.002646225272,-0.002219425514,0,0,0,0.378660977,0.0166352551,0.02339205901,0.001329612336,-0.003355772234,0.001481610467,0.005584000962,-0.008356852258,0.001361831966,0.7285019806,0.0008379680257,-0.0008674411344,-0.00051990754,1,0,0,0
23.40053225,21.38044786,torque,hover,-0.01561162435,0.001777653815,-1.621564507,0,0,-2,0.01628629677,-0.002668488305,-0.002197459107,0,0,0,0.3787615409,0.01664911766,0.02441801274,0.001949675963,-0.004817896057,0.0007812906988,0.005612765368,-0.007829097093,0.001391355652,0.7285462513,0.0006913108107,-0.0004792403536,0.0002139197752,1,0,0,0
23.41053224,21.39044785,torque,hover,-0.01547386218,0.001657381188,-1.621460795,0,0,-2,0.01631995849,-0.002766341437,-0.00217125169,0,0,0,0.3788589668,0.01669455073,0.0257767736,0.003516782075,-0.00557648344,0.0005144265597,0.005707160707,-0.008058014718,0.001429833708,0.7285904328,0.0004453632779,-0.0003894505407,0.0005142495536,1,0,0,0
23.42052698,21.4004426,torque,hover,-0.01519782003,0.001420216868,-1.621262312,0,0,-2,0.01626384817,-0.002902565291,-0.002176754177,0,0,0,0.3790451518,0.01666361009,0.02682037694,0.005467923358,-0.008375619538,0.0004455941671,0.005994534734,-0.009442779403,0.001497058643,0.7286609096,0.0002353307111,-0.0003288568473,0.0006330520141,1,0,0,0
23.43053913,21.41045475,torque,hover,-0.01504309475,0.001300169853,-1.621156931,0,0,-2,0.016316358,-0.002945905318,-0.002137901029,0,0,0,0.3791438462,0.01671743154,0.0271262086,0.007437367458,-0.009847654961,0.0002660048194,0.006165269921,-0.008673291751,0.001539241758,0.7287089132,-2.641997289e-05,9.378644433e-05,0.0008464576279,1,0,0,0
23.44053888,21.4204545,torque,hover,-0.01488812175,0.001181792584,-1.621054173,0,0,-2,0.01635064185,-0.002942180261,-0.002067142166,0,0,0,0.3792400203,0.01674135569,0.0266905166,0.009203832597,-0.01067028288,0.0009983832715,0.006089887334,-0.00758983762,0.001560551884,0.7287640626,-0.0003046526497,0.0004691741051,0.0001160073548,1,0,0,0
23.45052314,21.43043876,torque,hover,-0.01457783673,0.0009506238857,-1.620856762,0,0,-2,0.01640506089,-0.002929459326,-0.002086300636,0,0,0,0.3794245801,0.01679465406,0.02629615319,0.008214030415,-0.01317919884,0.001356489607,0.007232245391,-0.007228175037,0.001592214015,0.7288306928,0.0001415723657,0.0008050626399,-0.0002318793267,1,0,0,0
23.4605372,21.44045281,torque,hover,-0.01440676767,0.0008282826748,-1.620722532,0,0,-2,0.01644501649,-0.002895992016,-0.00211617467,0,0,0,0.3795518918,0.01683162298,0.026827934,0.009358701296,-0.01359217241,0.00108420162,0.007033184737,-0.005894180979,0.001607273605,0.7288717261,-0.0001046279618,0.001147800092,5.591265768e-05,1,0,0,0
23.47053099,21.45044661,torque,hover,-0.01423574798,0.0007079779753,-1.620591998,0,0,-2,0.0164801795,-0.002907386515,-0.002095005941,0,0,0,0.3796756374,0.01686529759,0.02763568731,0.009106121026,-0.01292967703,0.001199052902,0.006806150475,-0.005168529353,0.00162184929,0.7289243698,-0.0001514245235,0.001179831911,-5.038727712e-05,1,0,0,0
23.48053765,21.46045327,torque,hover,-0.01406521443,0.0005891594919,-1.62046504,0,0,-2,0.01643586904,-0.002969784895,-0.002104681218,0,0,0,0.3797959493,0.01683410516,0.02822233708,0.01015233994,-0.01107644197,0.001160094747,0.005837321137,-0.004980845985,0.001636855375,0.7289679133,-0.0005351837893,0.0009234520087,4.248398311e-06,1,0,0,0
23.49052668,21.4704423,torque,hover,-0.01389540266,0.0004717833945,-1.620341659,0,0,-2,0.01639740728,-0.002979666926,-0.002098815981,0,0,0,0.3799128334,0.01679757152,0.02932289656,0.00990091823,-0.009865044616,0.0006771697081,0.005142731272,-0.004411193593,0.0016637955,0.7290140964,-0.0006528752692,0.000855585509,0.0005168275874,1,0,0,0
23.50053644,21.48045206,torque,hover,-0.01351357903,0.0002390667214,-1.620039344,0,0,-2,0.01637076214,-0.002914468525,-0.002141473582,0,0,0,0.3802009656,0.01676549698,0.03080559904,0.01084617618,-0.007733017206,0.001647664583,0.006192954103,-0.004405792033,0.001648640454,0.7291127851,-0.000457615751,0.0004802284102,-0.0004842018382,1,0,0,0
23.51053238,21.490448,torque,hover,-0.01332417224,0.0001258750417,-1.619894624,0,0,-2,0.01632751338,-0.002842978807,-0.002133148722,0,0,0,0.3803388574,0.01670989363,0.03186348939,0.01111444272,-0.006491650827,0.001653469168,0.005422912688,-0.003306688417,0.001641872094,0.7291673136,-0.0006829433824,0.0005557177319,-0.0004938183869,1,0,0,0
23.52053976,21.50045538,torque,hover,-0.01313585043,1.508375135e-05,-1.619754195,0,0,-2,0.01630093716,-0.002762738382,-0.00218439009,0,0,0,0.3804726309,0.01667707516,0.03303397381,0.01085756905,-0.004888847005,0.0007329391665,0.004930067667,-0.002441354734,0.001659486267,0.7292051861,-0.0007554668547,0.0005141073084,0.0004569580515,1,0,0,0
23.53054643,21.51046205,torque,hover,-0.01292274985,-0.0001045295721,-1.619601607,0,0,-2,0.01631910913,-0.002768318402,-0.002173215384,0,0,0,0.3806178471,0.01669430366,0.03258810191,0.01047255751,-0.002495565917,0.0008860428934,0.005078785036,-0.002781060312,0.001670979413,0.7292633169,-0.0006574573613,8.392508295e-05,0.0003108587946,1,0,0,0
23.54056048,21.5204761,torque,hover,-0.01250049192,-0.0003375147353,-1.619309187,0,0,-2,0.01628737338,-0.002701616148,-0.002226450015,0,0,0,0.3808961425,0.01665936196,0.03220897063,0.009502372704,-0.0005796918413,0.001022815355,0.006360314865,-0.003902978589,0.001689794277,0.7293557892,-0.00016319313,-0.0004436525043,0.0001842626731,1,0,0,0
23.55052662,21.53044224,torque,hover,-0.01229161583,-0.0004508359416,-1.619160771,0,0,-2,0.01621596515,-0.002665605862,-0.002280402463,0,0,0,0.3810378001,0.01659105831,0.03215148588,0.009271044284,0.0009353995556,0.001030102721,0.005392416602,-0.003736227283,0.001695017191,0.7293958937,-0.0003917796115,-0.0005808734391,0.0001834530373,1,0,0,0
23.56054354,21.54045916,torque,hover,-0.01206629071,-0.0005647888756,-1.619006991,0,0,-2,0.01620664261,-0.002589419484,-0.002351955744,0,0,0,0.3811844527,0.01657986893,0.03183723749,0.008985280991,0.001170010655,0.0007749078795,0.005362670694,-0.003436171002,0.001705093296,0.7294334813,-0.0003751556088,-0.0005147499638,0.0004501049011,1,0,0,0
23.57055545,21.55047107,torque,hover,-0.01184243429,-0.0006766521838,-1.618858099,0,0,-2,0.01622046903,-0.002608714625,-0.002431594301,0,0,0,0.3813264347,0.0166078794,0.03119324952,0.008905000053,0.0008818465867,0.00122606568,0.005446952519,-0.004060682914,0.001699482628,0.7294672709,-0.0003594404988,-0.0005992256732,-1.309184046e-05,1,0,0,0
23.58055997,21.56047559,torque,hover,-0.01139914338,-0.0008952859207,-1.618573666,0,0,-2,0.0162076205,-0.002595904982,-0.002483723452,0,0,0,0.3815976816,0.01660104115,0.02975686773,0.006090474781,0.001134545892,0.001598841744,0.007300918135,-0.005784185298,0.00165273336,0.7295571802,0.0004715044069,-0.0009934202024,-0.0004294642217,1,0,0,0
23.5905385,21.57045412,torque,hover,-0.01116826665,-0.001001897501,-1.618433595,0,0,-2,0.01621986553,-0.002591772471,-0.002561381785,0,0,0,0.38173113,0.01662413905,0.02933920955,0.005450710189,-0.0006223372766,0.0009972560219,0.007257137556,-0.005780718257,0.001648704408,0.7295882858,0.0004763543975,-0.0006980252286,0.0001785417189,1,0,0,0
23.60055685,21.58047247,torque,hover,-0.01093901414,-0.001106444397,-1.618298531,0,0,-2,0.01619842462,-0.002498582937,-0.00268212962,0,0,0,0.3818597884,0.01660800097,0.02912170029,0.006023462396,-0.002172584413,0.0002960913989,0.007027668438,-0.00495360446,0.001659846043,0.729606635,0.0002836554659,-0.0002618933727,0.0008995330429,1,0,0,0
23.61057067,21.59048629,torque,hover,-0.01071145758,-0.001208614325,-1.618168116,0,0,-2,0.01619488746,-0.002446179278,-0.002816992346,0,0,0,0.3819840101,0.01661907394,0.02828927597,0.004877465777,-0.003407738404,0.001438981737,0.007061254777,-0.004599962157,0.001637501295,0.7296197354,0.00040115166,-8.303911747e-06,-0.0002819592171,1,0,0,0
23.62057638,21.600492,torque,hover,-0.01023312937,-0.001415960724,-1.617942691,0,0,-2,0.0161933396,-0.002373747295,-0.003081332892,0,0,0,0.382196951,0.01665393455,0.02689286678,0.006261687726,-0.004964243155,0.001773596858,0.009334864878,-0.005222059046,0.001588686204,0.7296345016,0.000720923275,2.260056544e-05,-0.0006637816551,1,0,0,0
23.63054967,21.61046529,torque,hover,-0.009982684627,-0.001520800521,-1.617834687,0,0,-2,0.01617059112,-0.002312432043,-0.003325196682,0,0,0,0.3822986962,0.01667010174,0.02578338874,0.005311513785,-0.006695103832,0.002057450591,0.009036376136,-0.004575203089,0.001544210101,0.72961186,0.00069969063,0.0004061308639,-0.0009860803997,1,0,0,0
23.64055252,21.62046814,torque,hover,-0.009734248742,-0.00162340852,-1.61773181,0,0,-2,0.01615571231,-0.002262672642,-0.003515392076,0,0,0,0.3823955549,0.01668786113,0.02496397452,0.005601329729,-0.006723355502,0.001875099959,0.008890143178,-0.0041204404,0.0015032149,0.7296009756,0.0005596972868,0.0004917979886,-0.0008288183377,1,0,0,0
23.6505444,21.63046002,torque,hover,-0.009219972417,-0.001824138104,-1.617530107,0,0,-2,0.01613559201,-0.002137300326,-0.003815112868,0,0,0,0.3825853552,0.01671766935,0.02442798979,0.008013822138,-0.005394791719,0.001319433446,0.01103030055,-0.004133253866,0.001461287818,0.7295982052,0.0007141780083,0.0002382295249,-0.0002969592472,1,0,0,0
23.66055346,21.64046907,torque,hover,-0.008954090998,-0.001921943738,-1.617431164,0,0,-2,0.0161753986,-0.002024714369,-0.003983410541,0,0,0,0.3826784343,0.01678125585,0.02458977946,0.008625779301,-0.00550184492,0.0007331835222,0.0110605803,-0.003228347147,0.001446537914,0.7295914634,0.0005564211627,0.0004507696736,0.0002900391116,1,0,0,0
23.67053103,21.65044665,torque,hover,-0.008690380491,-0.00201693573,-1.617341042,0,0,-2,0.01613073051,-0.001887707505,-0.004096203018,0,0,0,0.3827629413,0.0167494115,0.02419929926,0.00994927343,-0.005229695234,0.001516614342,0.01036217515,-0.002201301779,0.001409714256,0.729595578,0.0001524235575,0.0006222028404,-0.0005314301396,1,0,0,0
23.68053913,21.66045475,torque,hover,-0.008429422975,-0.00210953271,-1.617254972,0,0,-2,0.01606419683,-0.00180079462,-0.004231652711,0,0,0,0.3828436514,0.0167095232,0.02369260614,0.009899256751,-0.004555011634,0.001496395213,0.009581187007,-0.001778600033,0.001372605913,0.7295924879,-5.267228142e-05,0.0005854877248,-0.0005344424696,1,0,0,0
23.69056845,21.67048407,torque,hover,-0.00817090366,-0.002199879847,-1.617172956,0,0,-2,0.01602827199,-0.001720624161,-0.004372268915,0,0,0,0.382920551,0.01670277779,0.02364429673,0.009698254988,-0.00384099409,0.0005169087672,0.009218186915,-0.001523239985,0.001359548576,0.7295866319,-0.0001212353442,0.00050685889,0.0004553800812,1,0,0,0
23.70058227,21.68049788,torque,hover,-0.00760230748,-0.002380597405,-1.617011189,0,0,-2,0.01589792967,-0.001510365168,-0.004616550636,0,0,0,0.383071653,0.01662341452,0.02234849584,0.01201974042,-0.001940482063,0.001662890892,0.01070801799,-0.001365010385,0.001276033777,0.7295834736,-3.273632614e-05,0.0002303533613,-0.0007755138633,1,0,0,0
23.71054912,21.69046474,torque,hover,-0.007322843652,-0.002467436716,-1.616936207,0,0,-2,0.01583200507,-0.001462012529,-0.004743167665,0,0,0,0.3831417256,0.01659179028,0.02125392578,0.01246295404,-0.00111665274,0.001426455914,0.009826225849,-0.001544670215,0.001234992237,0.7295786403,-0.0003271138192,5.779530473e-05,-0.0005602761762,1,0,0,0
23.72055626,21.70047188,torque,hover,-0.007046399638,-0.002552332589,-1.616865158,0,0,-2,0.0157764405,-0.001415539533,-0.004946580622,0,0,0,0.3832081331,0.01659423053,0.02010104405,0.01218787674,0.001208002912,0.001330462284,0.009191355348,-0.001838232187,0.001195896284,0.7295529171,-0.0004426293339,-0.0003337913678,-0.0004863783506,1,0,0,0
23.73053408,21.7104497,torque,hover,-0.006757146213,-0.002645881847,-1.616783381,0,0,-2,0.01567280479,-0.001299450058,-0.005136583932,0,0,0,0.3832853208,0.01654417949,0.01947429366,0.01222285349,0.00174915872,0.0007275366224,0.008467185219,-0.001626502457,0.001172445235,0.7295344574,-0.0006078246307,-0.0003481843626,0.0001121722795,1,0,0,0
23.74053454,21.72045016,torque,hover,-0.006190061104,-0.002825412899,-1.616624713,0,0,-2,0.01540501695,-0.001098680776,-0.005486320239,0,0,0,0.3834356668,0.01638967225,0.0190015806,0.0118071707,0.002055009361,0.0004652039497,0.008743140186,-0.002012765578,0.001120073716,0.7295034251,-0.0003921173482,-0.0004555867082,0.0003390469788,1,0,0,0
23.75052977,21.73044538,torque,hover,-0.005912207998,-0.002911665943,-1.616552234,0,0,-2,0.01524832845,-0.001055737026,-0.005705672316,0,0,0,0.3835043957,0.0163150482,0.01925328211,0.01167026162,0.001231790869,0.00110403297,0.007367930759,-0.002347956048,0.001083444706,0.7294741487,-0.0006927267351,-0.0004085115834,-0.0003355936955,1,0,0,0
23.76054621,21.74046183,torque,hover,-0.005620575976,-0.00301485369,-1.616470456,0,0,-2,0.01516445912,-0.001067390083,-0.005872352049,0,0,0,0.3835825742,0.01629676841,0.01988379419,0.01159579307,0.001709322212,0.001185653848,0.006957296015,-0.003399988244,0.001042774634,0.7294616517,-0.0007542904242,-0.0007018615498,-0.0004462617173,1,0,0,0
23.77054262,21.75045824,torque,hover,-0.005332489032,-0.00311557902,-1.616393328,0,0,-2,0.01508127898,-0.0009508390212,-0.006046046503,0,0,0,0.3836563844,0.016275864,0.01991135833,0.01072998345,0.0007909732522,0.001202312531,0.006755531457,-0.003137813986,0.001004056752,0.7294456653,-0.0006569831598,-0.0004837255281,-0.0004932324917,1,0,0,0
23.78056049,21.76047611,torque,hover,-0.004767300095,-0.003308966057,-1.616251707,0,0,-2,0.01483939122,-0.0007902704529,-0.006295783911,0,0,0,0.3837921687,0.0161390506,0.02149084398,0.01059815194,0.0005090023624,0.0002520739217,0.007595950103,-0.003774010234,0.000970826211,0.729433858,-0.0003677529061,-0.0005676749042,0.0004469867304,1,0,0,0
23.79062724,21.77054286,torque,hover,-0.004486645572,-0.003418375039,-1.616200447,0,0,-2,0.01469936874,-0.0006842919393,-0.006421615835,0,0,0,0.3838409985,0.01605543044,0.02221735569,0.009707200341,-0.0003340425901,0.0001872513967,0.006631437915,-0.003589225512,0.0009599732672,0.7294206207,-0.0004759016538,-0.0003866364348,0.0005060202016,1,0,0,0
23.80057597,21.78049159,torque,hover,-0.004209990613,-0.003524663392,-1.616152644,0,0,-2,0.01453331672,-0.0005822818493,-0.006552434526,0,0,0,0.3838866237,0.01595276607,0.02305819858,0.008916067891,-0.0007351435488,-7.732761878e-05,0.005673158298,-0.00343076116,0.0009594241539,0.7294048544,-0.0005804870414,-0.0002836763245,0.0007763488674,1,0,0,0
23.81059933,21.79051495,torque,hover,-0.003937589936,-0.003628255334,-1.616108537,0,0,-2,0.01432927605,-0.0005623874604,-0.006710183341,0,0,0,0.3839288013,0.01583259272,0.02396108258,0.007798397448,-0.00205838331,0.001232502516,0.004539413338,-0.00387683229,0.0009220218464,0.7293809198,-0.0006660625169,-0.0002013618322,-0.0005830437512,1,0,0,0
23.82058144,21.80049706,torque,hover,-0.003388613462,-0.003833052469,-1.616039395,0,0,-2,0.01406863332,-0.0004932724405,-0.00700399233,0,0,0,0.3839946887,0.01572341152,0.02377136463,0.00702100154,-0.004273470491,0.000495432585,0.005615712406,-0.004861191942,0.0008573746141,0.7293317248,-0.0002287520643,-0.0001399717669,0.0001149034871,1,0,0,0
23.83055425,21.81046987,torque,hover,-0.003112497739,-0.00393380411,-1.616014004,0,0,-2,0.0138964979,-0.0004269049969,-0.00716154743,0,0,0,0.3840187597,0.01563913883,0.02282292677,0.005842878483,-0.005977941677,0.0001437153842,0.004903613867,-0.00438474645,0.0008449299431,0.7293010819,-0.0002367976532,0.0002165071344,0.0004639968513,1,0,0,0
23.84054446,21.82046008,torque,hover,-0.002840754809,-0.004031902645,-1.615992308,0,0,-2,0.01373142004,-0.0003535941942,-0.007380642928,0,0,0,0.384039365,0.01559329392,0.02182645053,0.006106080487,-0.005995719694,0.0004345154739,0.004379388496,-0.003897442511,0.0008242733682,0.729253496,-0.0003875659746,0.0003250748566,0.0001541113455,1,0,0,0
23.85053134,21.83044696,torque,hover,-0.00229635369,-0.004242226481,-1.615977645,0,0,-2,0.0133721102,-0.0003164333175,-0.007724358235,0,0,0,0.3840526512,0.01544600827,0.02053404833,0.004938714672,-0.005862812046,0.0009068468935,0.004876860457,-0.004777615129,0.0007784494943,0.7291718948,-7.034255029e-05,5.292565021e-05,-0.0003619334483,1,0,0,0
23.8605485,21.84046412,torque,hover,-0.002023999346,-0.004354303703,-1.615983844,0,0,-2,0.01318251528,-0.0001975802588,-0.007910585031,0,0,0,0.3840461753,0.01537514561,0.01931749688,0.00485408539,-0.00612461986,0.0006288986187,0.004261561182,-0.003838474886,0.0007560943348,0.7291225234,-0.0002063046496,0.0003170426336,-9.391522298e-05,1,0,0,0
23.87053967,21.85045528,torque,hover,-0.001756208949,-0.004463123623,-1.615992785,0,0,-2,0.01297982968,-0.0001201666746,-0.008059320971,0,0,0,0.3840371666,0.01527884397,0.01828695196,0.003449717769,-0.005681540351,0.0005392333842,0.003696013749,-0.003393359755,0.0007360202455,0.7290816654,-0.0001388421265,0.0003502817857,-1.553901332e-05,1,0,0,0
23.88054752,21.86046314,torque,hover,-0.001492840354,-0.004569107201,-1.616004229,0,0,-2,0.01281832624,-5.401531962e-05,-0.008179198951,0,0,0,0.3840258556,0.015205647,0.01674415439,0.002788830781,-0.006457142066,0.0004871831916,0.003616603673,-0.003069339528,0.0007170099428,0.7290472428,-5.77259885e-05,0.0005162774066,2.313253947e-05,1,0,0,0
23.8905437,21.87045932,torque,hover,-0.001224409556,-0.00468993932,-1.616020918,0,0,-2,0.01261443831,1.078913192e-05,-0.008314464241,0,0,0,0.3840096746,0.01510809339,0.01546168143,0.002148867818,-0.005448220298,0.000990270637,0.00331435022,-0.002972623592,0.0006843439281,0.7290070039,-3.289292511e-05,0.0003794905519,-0.0005112902666,1,0,0,0
23.9005549,21.88047051,torque,hover,-0.000701297773,-0.004922627471,-1.616060615,0,0,-2,0.0122291781,0.0001360785391,-0.008498056792,0,0,0,0.383971582,0.01489255799,0.01372880047,0.001926498837,-0.003595774993,-4.959187208e-05,0.004114403049,-0.003580809737,0.0006586402833,0.728946284,0.0002005618888,-4.721826699e-05,0.0005269609466,1,0,0,0
23.9105463,21.89046192,torque,hover,-0.0004467710678,-0.00503422413,-1.616097569,0,0,-2,0.01197742578,0.0002109121997,-0.008545055054,0,0,0,0.3839356967,0.01471465861,0.01321953226,0.001796620782,-0.002664886648,0.0007197326631,0.003275702684,-0.003244398431,0.0006329945752,0.728921041,1.656417919e-05,-8.278446646e-05,-0.0002714575201,1,0,0,0
23.92055273,21.90046835,torque,hover,-0.000182897842,-0.005166885443,-1.616141558,0,0,-2,0.01180879958,0.000225736323,-0.008655542508,0,0,0,0.3838932585,0.01464298878,0.01215397014,0.0008253526757,-0.002065998036,0.001144008478,0.00343385768,-0.003838220128,0.0005937428189,0.7288772374,0.000191944056,-0.0002898754242,-0.0007325794978,1,0,0,0
23.93055129,21.91046691,torque,hover,7.635659131e-05,-0.005296277348,-1.616186857,0,0,-2,0.01162238419,0.0003096753499,-0.008732053451,0,0,0,0.3838496906,0.01454044259,0.01175171117,0.0009477770654,-0.001535407384,6.085562927e-05,0.003473631624,-0.003731270924,0.000587985185,0.7288415376,0.0001835188254,-0.0003137265941,0.0003663026893,1,0,0,0
23.94054675,21.92046237,torque,hover,0.000581093831,-0.005544565152,-1.616281271,0,0,-2,0.01121793035,0.0004519466893,-0.008820587769,0,0,0,0.3837592251,0.01427756933,0.01267291643,0.000479622453,-0.0003084872151,2.754816705e-06,0.004208139888,-0.00463867272,0.0005520172988,0.7287850798,0.0004192479798,-0.0006615547533,0.0003972424938,1,0,0,0
23.95053506,21.93045068,torque,hover,0.0008264911012,-0.005663917866,-1.616330147,0,0,-2,0.01099903975,0.0004870897101,-0.008904935792,0,0,0,0.3837125478,0.01416029707,0.0136834557,2.30672299e-06,-0.0008999608108,0.0002331363648,0.003790780039,-0.004758261612,0.0005427639873,0.7287460784,0.0003713634367,-0.0005678201976,0.0001573080029,1,0,0,0
23.9605546,21.94047022,torque,hover,0.001079079695,-0.005789242219,-1.616387844,0,0,-2,0.0108228093,0.0004869897966,-0.009007938206,0,0,0,0.3836573548,0.01408947518,0.01554809262,0.000967994798,-0.000169438048,0.001277424511,0.003860531505,-0.005341582388,0.0005031355099,0.7286991957,0.0002486090926,-0.0007671326242,-0.0009343870827,1,0,0,0
23.97054172,21.95045733,torque,hover,0.001327003934,-0.005911397748,-1.616446733,0,0,-2,0.01060943492,0.0005652878899,-0.0090944767,0,0,0,0.3836011129,0.01398531966,0.01669107321,0.001673611579,-1.128791723e-06,0.0005482482957,0.003635402625,-0.00514093318,0.0004798981781,0.7286560044,9.957317238e-05,-0.0007007871027,-0.0002077786599,1,0,0,0
23.98054004,21.96045566,torque,hover,0.001809325768,-0.006145834457,-1.616539001,0,0,-2,0.01027215272,0.000725060876,-0.009234058671,0,0,0,0.3835145139,0.0138315102,0.01877789289,0.0009155221633,-0.001883702585,-4.173324123e-05,0.00489200952,-0.005544841683,0.0004754238051,0.7285873996,0.000497092153,-0.0005082542572,0.0003841953597,1,0,0,0
23.9905417,21.97045732,torque,hover,0.002047098707,-0.006272417493,-1.616595626,0,0,-2,0.0100526996,0.0007531720912,-0.009273108095,0,0,0,0.3834611427,0.01369724684,0.01980043154,0.0006129893591,-0.002805285156,0.000190855033,0.004384287353,-0.005676791169,0.0004632361744,0.7285570804,0.0003993739354,-0.0003873908388,0.0001404828084,1,0,0,0
24.0005517,21.98046732,torque,hover,0.002280284418,-0.00639595557,-1.616653562,0,0,-2,0.009864484891,0.0007878075121,-0.009365437552,0,0,0,0.3834065724,0.01362498159,0.02033414327,0.001062092138,-0.004169094842,7.997208013e-05,0.004229614771,-0.005666197882,0.0004543998662,0.728512793,0.0002932522405,-0.0001803227747,0.0002474485545,1,0,0,0
24.01054478,21.9904604,torque,hover,0.002733774018,-0.00663272664,-1.61677289,0,0,-2,0.009514647536,0.0009733588668,-0.009504194371,0,0,0,0.383294253,0.01348353277,0.01841912787,0.001017116825,-0.007108165417,0.0004724374448,0.005085549316,-0.005211115933,0.0004166911928,0.7284345792,0.0004959444203,0.0002949638831,-0.0001842926989,1,0,0,0
24.02056193,22.00047755,torque,hover,0.002961161314,-0.006757451221,-1.616825938,0,0,-2,0.009308251552,0.001035493915,-0.009516567923,0,0,0,0.3832450825,0.01335218558,0.01725328495,0.001991794677,-0.008064092137,-0.0006473076646,0.004615212087,-0.004749348105,0.000429131972,0.728412319,0.0002376897007,0.0005189790821,0.0009676313429,1,0,0,0
24.03057408,22.0104897,torque,hover,0.003183855442,-0.006879054941,-1.616891742,0,0,-2,0.009066533297,0.001051550964,-0.009565589018,0,0,0,0.3831832406,0.01322150819,0.01554633209,0.002385511994,-0.008975278586,0.0002817097411,0.003865667457,-0.004613078131,0.0004102166589,0.7283761367,1.258836842e-05,0.0006502264676,1.119001676e-05,1,0,0,0
24.04056334,22.02047896,torque,hover,0.003401861293,-0.006997301243,-1.616958618,0,0,-2,0.00886064209,0.001140446984,-0.009626724757,0,0,0,0.3831203924,0.01313337075,0.01323463963,0.0036968817,-0.008818697184,0.0006761646364,0.003532759704,-0.003841638534,0.0003795127521,0.7283364861,-0.0002240450792,0.0007780457959,-0.0004113760999,1,0,0,0
24.05056429,22.03047991,torque,hover,0.003825195599,-0.007234855555,-1.617094517,0,0,-2,0.008444019593,0.00143559149,-0.009723351337,0,0,0,0.3829929299,0.01295785287,0.009064652683,0.00599372061,-0.008332271129,-0.0001534328039,0.003344122056,-0.002250328791,0.0003669701828,0.7282628483,-0.0005227788735,0.0009790867483,0.0004234162127,1,0,0,0
24.06056809,22.04048371,torque,hover,0.004030341748,-0.007353645749,-1.617163777,0,0,-2,0.00824228581,0.001608783612,-0.009789084084,0,0,0,0.3829280522,0.01289765976,0.008788890236,0.005342547316,-0.007247811649,0.0005650548846,0.002914449216,-0.001119327215,0.0003397053643,0.7282211218,-0.0004972537484,0.001040061921,-0.000327208295,1,0,0,0
24.07055402,22.05046964,torque,hover,0.004231115337,-0.007468155585,-1.617233992,0,0,-2,0.008028649725,0.001765658963,-0.009845801629,0,0,0,0.3828622374,0.01282640159,0.009753402527,0.005468529183,-0.007198240142,0.000735049427,0.002383729343,-0.0002452454979,0.0003082068048,0.7281813257,-0.0006002820545,0.001174256838,-0.0005221329006,1,0,0,0
24.08056259,22.06047821,torque,hover,0.004427291453,-0.007578674238,-1.617304921,0,0,-2,0.00775145879,0.001883598976,-0.00984333083,0,0,0,0.3827957165,0.01266981532,0.01059627489,0.005815206561,-0.004928762093,0.0002454525966,0.00129301299,0.0001600364407,0.0002917007965,0.7281562442,-0.0008545792025,0.0008918587817,-3.157858226e-05,1,0,0,0
24.09056187,22.07047749,torque,hover,0.004625679925,-0.0077009378,-1.617369652,0,0,-2,0.007547204848,0.001974339131,-0.009884495288,0,0,0,0.3827357897,0.01259212306,0.01130314631,0.006428321823,-0.004163131118,0.0002779837814,0.000949357277,5.646284738e-05,0.0002723028813,0.7281224124,-0.0009577193954,0.0007121873643,-7.925373209e-05,1,0,0,0
24.10056543,22.08048105,torque,hover,0.005010021385,-0.007935183123,-1.617494941,0,0,-2,0.007095550187,0.002153321868,-0.009940673597,0,0,0,0.3826201612,0.01240163776,0.01315696362,0.005121832248,-0.002169749467,0.0001445705129,0.0001606865324,-0.0003987790545,0.0002499405815,0.7280628458,-0.0008595236068,0.0002840542312,4.079466388e-05,1,0,0,0
24.11057734,22.09049296,torque,hover,0.00519511709,-0.008046372794,-1.617558837,0,0,-2,0.006794326007,0.002311205026,-0.009923885576,0,0,0,0.3825610756,0.01224696042,0.01515321507,0.005206593312,0.0003390586935,0.0001256905089,-0.0009442132598,0.0001990805616,0.0002304886593,0.7280438964,-0.00107132028,7.099906349e-05,4.851760672e-05,1,0,0,0
24.12056875,22.10048437,torque,hover,0.005365627818,-0.008172671311,-1.617616773,0,0,-2,0.006503237877,0.00246922439,-0.009941231459,0,0,0,0.3825081896,0.01213331179,0.01702881977,0.005026176572,0.002013720572,7.556130731e-05,-0.001949991062,0.0004051412808,0.000212645621,0.7280184532,-0.001210385121,-0.0001156089459,8.799822082e-05,1,0,0,0
24.13057137,22.11048698,torque,hover,0.005531565286,-0.008294454776,-1.617675662,0,0,-2,0.00622211257,0.002627305919,-0.009963380173,0,0,0,0.3824543052,0.01203687525,0.01876404724,0.004182751756,0.003376281122,-0.0001137666768,-0.002722277514,0.0004980137549,0.0001984374328,0.7279914474,-0.001197491951,-0.0002802787374,0.0002704465236,1,0,0,0
24.14057851,22.12049413,torque,hover,0.005692812614,-0.008411678486,-1.617735386,0,0,-2,0.005916733295,0.002779880539,-0.009925256483,0,0,0,0.3823995288,0.01188470382,0.02112517142,0.004026883747,0.004394086078,9.532872355e-05,-0.003639890631,0.0004950750803,0.000178927719,0.7279793981,-0.00131150755,-0.0004150985003,4.370406807e-05,1,0,0,0
24.15055156,22.13046718,torque,hover,0.005993840285,-0.00864296034,-1.617854595,0,0,-2,0.005312220659,0.00301432237,-0.009775271639,0,0,0,0.3822901219,0.01152656772,0.02571373319,0.001797613804,0.005847258959,1.028425322e-05,-0.005571622797,-0.0003515287351,0.0001444245573,0.7279740938,-0.001352725053,-0.0007627876685,0.0001085367106,1,0,0,0
24.16056609,22.14048171,torque,hover,0.006133773364,-0.008757172152,-1.617913961,0,0,-2,0.005024248734,0.00312628597,-0.00969629921,0,0,0,0.3822355977,0.01135935551,0.02853869259,0.002189696999,0.005713337101,0.0005762225483,-0.006062578988,-0.0007505423035,0.0001092246798,0.7279725352,-0.001426313419,-0.000810913357,-0.0004950547178,1,0,0,0
24.17056727,22.15048289,torque,hover,0.006269814912,-0.008868037723,-1.617973328,0,0,-2,0.004763926845,0.003196265781,-0.009592118673,0,0,0,0.3821810187,0.0111767551,0.03098844226,0.001041467185,0.005644517951,-0.0001302275341,-0.006293759227,-0.001477254612,9.410884931e-05,0.7279773997,-0.001234995847,-0.0009402870595,0.000211409678,1,0,0,0
24.18058085,22.16049647,torque,hover,0.006518919952,-0.009084417485,-1.618090272,0,0,-2,0.004119537305,0.00344392308,-0.009552626871,0,0,0,0.3820733743,0.01095827878,0.03681062319,-0.0002472820051,0.003872999223,0.0006934611592,-0.008456093791,-0.001748274251,-2.680193415e-05,0.7279448068,-0.001479316783,-0.0006890199958,-0.0007102360016,1,0,0,0
24.19057393,22.17048955,torque,hover,0.006631744094,-0.009189407341,-1.618148088,0,0,-2,0.003781845793,0.003526693443,-0.009538064711,0,0,0,0.3820200356,0.01084963606,0.03922148038,-0.002307130955,0.002267020522,0.0008945914451,-0.008993848065,-0.002014475501,-7.857154494e-05,0.7279274338,-0.001224753313,-0.0005122137493,-0.0009529752716,1,0,0,0
24.20057893,22.18049455,torque,hover,0.006740083918,-0.009290865622,-1.618206739,0,0,-2,0.003429679666,0.003592286026,-0.009507931769,0,0,0,0.3819657612,0.01072697478,0.04129436206,-0.003523890395,0.001008207095,9.247245907e-05,-0.009570498165,-0.002280982526,-0.000107471411,0.7279137035,-0.001108601042,-0.0003895985914,-0.0001569365272,1,0,0,0
24.21056271,22.19047832,torque,hover,0.006944132037,-0.009482682683,-1.618335962,0,0,-2,0.002844002564,0.003774900921,-0.009303821251,0,0,0,0.3818449684,0.01043548357,0.04166839021,-0.006147935987,-0.0005078543909,0.0006228207494,-0.01061119374,-0.002320482219,-0.0002041048536,0.7279184724,-0.0009462679919,-0.0001808392214,-0.0007635489887,1,0,0,0
24.22057128,22.2004869,torque,hover,0.007028038613,-0.009589569643,-1.618397593,0,0,-2,0.002505787648,0.003862045472,-0.009257214144,0,0,0,0.3817875716,0.01033878042,0.04140471948,-0.008564899676,-0.001211528084,0.0003150957928,-0.01068763644,-0.002293871282,-0.0002384683972,0.7279078516,-0.0005609187663,-7.999731174e-05,-0.0004765489333,1,0,0,0
24.23056626,22.21048188,torque,hover,0.007108152844,-0.00969237648,-1.618459344,0,0,-2,0.002229857724,0.003982894588,-0.009174237028,0,0,0,0.381729931,0.01024706494,0.03926678975,-0.009562538005,-0.003911750857,-0.0008539962,-0.01016599001,-0.001841731142,-0.0002442181463,0.727906445,-0.0002539792919,0.0003849774627,0.0007081574041,1,0,0,0
24.24057102,22.22048664,torque,hover,0.007184907794,-0.009791757911,-1.618520975,0,0,-2,0.001916025765,0.004085263703,-0.009111991152,0,0,0,0.3816723043,0.01016803408,0.03724764089,-0.01073390804,-0.004978450015,2.488079008e-05,-0.0100251766,-0.001469275943,-0.0002732673761,0.7278998075,-3.38267811e-05,0.0005872231594,-0.000208217699,1,0,0,0
24.25057077,22.23048639,torque,hover,0.007257666904,-0.009887006134,-1.618582845,0,0,-2,0.001580203651,0.00421544211,-0.009072910063,0,0,0,0.3816142987,0.01012841018,0.0353840384,-0.0113493586,-0.004872285295,0.001014340669,-0.01003729985,-0.0008273358329,-0.0003377534114,0.7278871826,6.319191744e-05,0.000683262033,-0.001262718422,1,0,0,0
24.26057196,22.24048758,torque,hover,0.007373761851,-0.01009880565,-1.618712664,0,0,-2,0.0008872972685,0.004426265135,-0.009027919732,0,0,0,0.3814923212,0.01009368388,0.03120531055,-0.01387618575,-0.004289213102,0.0003281374811,-0.01171018662,-0.0003671527828,-0.0004588564739,0.7278513325,-5.188930837e-05,0.0006418833393,-0.0006407898924,1,0,0,0
24.27057743,22.25049305,torque,hover,0.007426121738,-0.01019836031,-1.61879015,0,0,-2,0.0005956750829,0.004560155794,-0.0089671202,0,0,0,0.3814185415,0.01007765322,0.02819393817,-0.0145221604,-0.005111196078,0.0002595285478,-0.01079663654,0.0001756232426,-0.0005048934503,0.7278385829,0.000289770313,0.0008401713494,-0.0006086488676,1,0,0,0
24.28058839,22.26050401,torque,hover,0.007475095335,-0.0102936849,-1.618867159,0,0,-2,0.0002981918806,0.00463615451,-0.008911220357,0,0,0,0.3813450925,0.01004951219,0.02502843366,-0.01570749469,-0.003365407465,-0.0005683570052,-0.01007936585,0.0001336446102,-0.0005267125917,0.7278247816,0.0006315823283,0.0005468157764,0.0002133446261,1,0,0,0
24.29057121,22.27048683,torque,hover,0.007510404103,-0.01040574536,-1.618951917,0,0,-2,-2.906090231e-05,0.004763661418,-0.008813481778,0,0,0,0.3812641178,0.01001852163,0.02274275372,-0.01554913912,-0.002685326617,-0.0003782243293,-0.009818815006,0.0004007294777,-0.0005526573665,0.727818743,0.00066490727,0.0004869522576,-4.771110157e-07,1,0,0,0
24.30056834,22.28048396,torque,hover,0.00757214101,-0.01061680447,-1.619119287,0,0,-2,-0.0005529635237,0.004969983362,-0.008673684672,0,0,0,0.3811038858,0.0100119583,0.01678017556,-0.01638203859,0.0001672297221,-0.0004111068847,-0.01005605492,0.0002879856907,-0.00061086875,0.7277934081,0.00061802257,4.339206104e-05,-7.056746345e-06,1,0,0,0
24.31056881,22.29048443,torque,hover,0.007598733064,-0.01071625948,-1.61920166,0,0,-2,-0.0008116206154,0.005088788923,-0.008621475659,0,0,0,0.381024874,0.01004411984,0.01476455439,-0.01540090423,0.00145296799,0.0001484277309,-0.008998982548,0.0003336836556,-0.000663849721,0.7277767183,0.0007386469377,-0.0001235677999,-0.0006217448917,1,0,0,0
24.32057428,22.3004899,torque,hover,0.007604615297,-0.01082987431,-1.619296193,0,0,-2,-0.001123819617,0.005194748286,-0.008634687401,0,0,0,0.3809337277,0.01013933956,0.01391248007,-0.01561628841,0.00319448649,-3.754422323e-06,-0.008781346905,6.563676125e-05,-0.0007102630328,0.7277390136,0.0008130458771,-0.0004179810077,-0.0005033161961,1,0,0,0
24.33055687,22.31047249,torque,hover,0.007607595995,-0.01093903743,-1.619389772,0,0,-2,-0.001414605067,0.005276813637,-0.008546266705,0,0,0,0.3808433843,0.01014320187,0.01377388822,-0.01435895357,0.00436824467,-0.000516316737,-0.008491464601,-0.0004194567624,-0.000745801937,0.7277274408,0.0007008760277,-0.0006709767646,-1.013313464e-05,1,0,0,0
24.34055352,22.32046914,torque,hover,0.007608213928,-0.01104386896,-1.619511485,0,0,-2,-0.001601095544,0.005377774127,-0.008503377438,0,0,0,0.380724785,0.01018780591,0.01427898996,-0.01292386558,0.003776469035,2.30955302e-05,-0.007410237601,-0.0007117775451,-0.00079758093,0.7276941665,0.0007478177173,-0.0006269933879,-0.0006008767154,1,0,0,0
24.35055733,22.33047295,torque,hover,0.007577293552,-0.01123218425,-1.61975503,0,0,-2,-0.001978950342,0.005607987754,-0.008306792937,0,0,0,0.3804862873,0.01021609417,0.01674403903,-0.01140999887,0.003755909391,-0.0007432035636,-0.007847455602,-0.0007867852053,-0.0008834206434,0.7276556286,0.0003484652271,-0.0005894093644,0.0001214922899,1,0,0,0
24.36056781,22.34048343,torque,hover,0.007546045817,-0.01131600887,-1.619876742,0,0,-2,-0.002228444442,0.005717178341,-0.008240540512,0,0,0,0.3803665152,0.01027417154,0.01795137337,-0.01192556601,0.003550422145,-0.0003804132284,-0.0076013733,-0.000739561066,-0.0009195706184,0.7276282272,0.0004904815394,-0.0005310250992,-0.0002752186041,1,0,0,0
24.37057853,22.35049415,torque,hover,0.007513262797,-0.01139574219,-1.619996428,0,0,-2,-0.002404188737,0.005864590872,-0.008134011179,0,0,0,0.3802486376,0.01031191968,0.01894647479,-0.01073471643,0.003219898557,-0.0005490342737,-0.006810244853,-0.0004178554082,-0.0009521283437,0.7276117837,0.0005156477798,-0.0003986608442,-0.0001297326422,1,0,0,0
24.38056493,22.36048055,torque,hover,0.007479343098,-0.01147194114,-1.620114088,0,0,-2,-0.002632337157,0.005960487295,-0.00807631202,0,0,0,0.380132677,0.01037706238,0.01957047494,-0.01055466197,0.0008032607147,-0.0004152188485,-0.006678833479,-0.000406329619,-0.000986596249,0.7275836991,0.0005171066898,-6.462943177e-05,-0.0002893292036,1,0,0,0
24.39055634,22.37047195,torque,hover,0.007367998362,-0.0116019398,-1.620346308,0,0,-2,-0.003051579231,0.006291476078,-0.00789083261,0,0,0,0.3799023801,0.01054324648,0.01916128047,-0.009551363066,-0.0003505475179,-0.0006824274315,-0.008380782958,0.001367022053,-0.00104688251,0.7275463634,-7.10655828e-05,0.0004835587506,-4.968202921e-05,1,0,0,0
24.40056157,22.38047719,torque,hover,0.007310755551,-0.01166096516,-1.620465755,0,0,-2,-0.003251573071,0.006377988029,-0.007770846132,0,0,0,0.3797837122,0.01056586524,0.01913182981,-0.008738500066,-0.0013164829,-0.0009644710808,-0.007927473279,0.001272026626,-0.001070710081,0.7275334325,-3.157190815e-05,0.0005419716752,0.0002168950403,1,0,0,0
24.41055489,22.3904705,torque,hover,0.007184953429,-0.0117658684,-1.620697141,0,0,-2,-0.00365015585,0.006745472085,-0.007581370417,0,0,0,0.3795533142,0.01078435018,0.02018812081,-0.008101432584,-0.002757929498,5.826985944e-05,-0.009417713876,0.00356864019,-0.001173370014,0.7274974074,-0.000471047006,0.001204021072,-0.0008893364819,1,0,0,0
24.42056942,22.40048504,torque,hover,0.00711646257,-0.01181120239,-1.620809793,0,0,-2,-0.003862772835,0.006895626895,-0.007500284817,0,0,0,0.3794408535,0.01089609823,0.02123728343,-0.007090842351,-0.003359227441,-0.0001798130688,-0.008989004073,0.00398141348,-0.001214361762,0.7274770428,-0.0004396316337,0.001289031275,-0.0006814139536,1,0,0,0
24.43055081,22.41046643,torque,hover,0.007047099061,-0.0118526509,-1.6209203,0,0,-2,-0.004045720212,0.007073673885,-0.007383589167,0,0,0,0.3793304173,0.01099645867,0.02255352499,-0.006680518389,-0.002613452263,-0.0009871603688,-0.008465088795,0.004608826555,-0.001231607206,0.7274664801,-0.0003199470483,0.001243357466,0.0001225382974,1,0,0,0
24.44057012,22.42048573,torque,hover,0.006976914592,-0.01189030055,-1.621028781,0,0,-2,-0.004215827212,0.00721507566,-0.007283707149,0,0,0,0.3792218895,0.01108525623,0.02338343768,-0.006805053912,-0.0001061948278,-0.001354659558,-0.008016824717,0.00476271053,-0.001237638981,0.7274524095,-0.0001628062097,0.0008557242268,0.0004860289624,1,0,0,0
24.4505589,22.43047452,torque,hover,0.006907057017,-0.01193226688,-1.621130705,0,0,-2,-0.00438625738,0.007389975246,-0.007161725312,0,0,0,0.3791200723,0.01118665711,0.02467394075,-0.006831192411,0.001882528304,0.0001100755253,-0.007682693938,0.005064874779,-0.001283939792,0.7274463106,-6.106068188e-05,0.000596388699,-0.001043484563,1,0,0,0
24.46056771,22.44048333,torque,hover,0.006765405647,-0.01200404484,-1.621313214,0,0,-2,-0.004687898327,0.007762025576,-0.006966663525,0,0,0,0.3789373952,0.01143502656,0.02653674772,-0.007683169562,0.005600676872,-0.0001375594584,-0.008753172901,0.006476739956,-0.001382863169,0.727429453,-0.0002209482259,0.0003914857685,-0.0008609832301,1,0,0,0
24.47057009,22.45048571,torque,hover,0.006693392526,-0.01203405205,-1.621401906,0,0,-2,-0.004893908277,0.007932269946,-0.006810843013,0,0,0,0.378848435,0.01154377873,0.02672039161,-0.008102310821,0.006583450828,-0.000474410539,-0.008508346811,0.006276618265,-0.001415625739,0.7274367337,-7.508857596e-05,0.0001622790473,-0.0005450915158,1,0,0,0
24.48055983,22.46047544,torque,hover,0.006620705593,-0.01206038985,-1.621488929,0,0,-2,-0.005012830719,0.008058460429,-0.006712120026,0,0,0,0.3787610299,0.01162410476,0.02596131866,-0.006877673324,0.008297201246,-0.00117427262,-0.007721799704,0.005603495559,-0.001428948741,0.7274301792,-4.107058375e-05,-0.0002575389872,0.0001514981816,1,0,0,0
24.49057603,22.47049165,torque,hover,0.006556152366,-0.0120866634,-1.621558785,0,0,-2,-0.005083000287,0.008196480572,-0.006575091276,0,0,0,0.3786909339,0.01167266084,0.02538219613,-0.007281322032,0.008413914591,-0.001085552271,-0.006598384619,0.005076622819,-0.001443774685,0.727439562,0.0002767801272,-0.0003992979412,4.691666283e-05,1,0,0,0
24.50056291,22.48047853,torque,hover,0.006425988395,-0.01212877315,-1.621693611,0,0,-2,-0.005341344047,0.008410549723,-0.00624154415,0,0,0,0.3785553121,0.01175687783,0.02406872324,-0.01010061707,0.01071290113,-0.0006261248491,-0.007339969538,0.004642700965,-0.001439360252,0.7274751852,0.000417072691,-0.0007388164259,-0.0004140303037,1,0,0,0
24.51055288,22.4904685,torque,hover,0.006359835621,-0.0121451905,-1.621742845,0,0,-2,-0.005422001705,0.008521612734,-0.00617004605,0,0,0,0.3785055202,0.01183577012,0.02418839032,-0.009487708099,0.01118587051,-0.001556944568,-0.006207493643,0.003830689677,-0.001434752034,0.7274754262,0.0005848637688,-0.0009746787885,0.0005334998049,1,0,0,0
24.5205853,22.50050092,torque,hover,0.006297075655,-0.01216830593,-1.621780992,0,0,-2,-0.005499912426,0.008621647954,-0.006043888163,0,0,0,0.3784670913,0.0118789913,0.02517425177,-0.008426307701,0.01065456774,-0.0007911276771,-0.005313315842,0.002973236315,-0.001449798226,0.7274935483,0.0006192003555,-0.00106821704,-0.0002590592489,1,0,0,0
24.53055239,22.51046801,torque,hover,0.006233846769,-0.01218830422,-1.621818662,0,0,-2,-0.005610557739,0.008709466085,-0.005910919979,0,0,0,0.3784290426,0.01192778825,0.0258268457,-0.006927238312,0.009091743268,-0.001836002339,-0.004977105897,0.002270950808,-0.001440925363,0.7275135701,0.0004589833759,-0.0009774520468,0.0008116552422,1,0,0,0
24.54057097,22.52048659,torque,hover,0.006107043941,-0.01221824251,-1.621891022,0,0,-2,-0.005630574189,0.008953158744,-0.005500127096,0,0,0,0.3783556275,0.01192114991,0.02849823751,-0.006167286076,0.007369241212,-0.0006378250546,-0.004161262002,0.002494724664,-0.001465159363,0.7275914166,0.0004717689634,-0.0006013122853,-0.0004243834053,1,0,0,0
24.55056906,22.53048468,torque,hover,0.006056217477,-0.01223822683,-1.621915817,0,0,-2,-0.005723207258,0.009020012803,-0.005319546442,0,0,0,0.3783306771,0.01193370465,0.02976997838,-0.005879223347,0.005726258736,-0.0002406296553,-0.003790074701,0.001690256709,-0.001497030961,0.7276281876,0.000488765487,-0.0005533849651,-0.0008516574161,1,0,0,0
24.56057286,22.54048848,torque,hover,0.00600477634,-0.01225503441,-1.621940255,0,0,-2,-0.005764092319,0.009130429476,-0.005222090986,0,0,0,0.3783059792,0.01199415428,0.03029240745,-0.004570483696,0.00345931761,-0.0004589135933,-0.003100370548,0.001514086975,-0.001519952955,0.7276440061,0.0004381372908,-0.0002712559318,-0.0006460885592,1,0,0,0
24.57056594,22.55048156,torque,hover,0.005952905864,-0.01226880029,-1.621964335,0,0,-2,-0.005825020373,0.009189673699,-0.005092956591,0,0,0,0.378281541,0.01201329147,0.03024254476,-0.001960525056,0.003009695094,-0.001095299376,-0.002928502115,0.001023781659,-0.001523519529,0.7276680027,9.121016338e-05,-0.000318784692,-1.383303677e-06,1,0,0,0
24.58057284,22.56048846,torque,hover,0.005862497259,-0.01228620764,-1.621957779,0,0,-2,-0.005951088853,0.009327566251,-0.004766127095,0,0,0,0.3782872463,0.01204719545,0.02876848374,-0.001058824593,-0.0005995562533,-0.0009611148271,-0.003649340035,0.001537164888,-0.001526180889,0.7277532016,-0.0002265854081,0.0003032643527,-0.0001357445932,1,0,0,0
24.59056616,22.57048178,torque,hover,0.005823756568,-0.01228987426,-1.621950746,0,0,-2,-0.006002607755,0.009376217611,-0.004667017143,0,0,0,0.3782937958,0.0120716944,0.02785474838,-0.0003036032431,-0.001501776162,-0.0009759570821,-0.003302575889,0.001336957436,-0.001527520573,0.7277808642,-0.0002441117661,0.000358639172,-0.0001224454201,1,0,0,0
24.60056949,22.58048511,torque,hover,0.005784284789,-0.01229100581,-1.62194407,0,0,-2,-0.006057787687,0.009433796629,-0.00452865148,0,0,0,0.3782998983,0.01209140169,0.02685008086,0.000339145161,-0.00325578358,-0.0005812751479,-0.003146807737,0.001437585659,-0.001538621342,0.7278183487,-0.000294559466,0.000601643165,-0.0005322087335,1,0,0,0
24.61057568,22.59049129,torque,hover,0.005743967369,-0.01228945516,-1.621937752,0,0,-2,-0.006142068189,0.009499659762,-0.00441910699,0,0,0,0.3783055477,0.0121448361,0.02612730207,0.001132706413,-0.003291984322,-0.0003444133035,-0.003369831313,0.001715811112,-0.00155480321,0.7278483902,-0.0004523023532,0.0006439797108,-0.000784779305,1,0,0,0
24.62058234,22.60049796,torque,hover,0.005695182364,-0.01228493452,-1.62189424,0,0,-2,-0.00627818983,0.009665661491,-0.004120496102,0,0,0,0.3783481468,0.01224006404,0.02552829829,-0.0001518063218,-0.003619197756,-0.001570399269,-0.003981002604,0.003204181779,-0.001549819243,0.7279398073,-0.0004088966764,0.0009734782865,0.0004695586418,1,0,0,0
24.63056755,22.61048317,torque,hover,0.005669148639,-0.01227825414,-1.62185514,0,0,-2,-0.006316133775,0.009790271521,-0.003993229009,0,0,0,0.3783866146,0.01231620235,0.02542757738,-0.001765103778,-0.00279052509,-0.001738544437,-0.00338988637,0.003792407189,-0.001518446743,0.7279861957,-4.516348425e-05,0.0009464485069,0.0006621278223,1,0,0,0
24.64056802,22.62048364,torque,hover,0.005642368924,-0.01226851624,-1.621816993,0,0,-2,-0.006333397236,0.009919950739,-0.003884516424,0,0,0,0.3784240211,0.01239382149,0.02612727495,-0.002102719387,-0.00254052435,-0.0009008007473,-0.002753834855,0.004379070281,-0.001509841096,0.728027531,0.0001332360635,0.0009986905477,-0.0001861170115,1,0,0,0
24.650563,22.63047862,torque,hover,0.005616051611,-0.01225559972,-1.621780157,0,0,-2,-0.006371060852,0.009999659844,-0.003729213029,0,0,0,0.3784600234,0.0124294265,0.02664535058,-0.002941482235,-0.0009285839042,-0.0009167097742,-0.00242527888,0.004462336604,-0.00149903714,0.7280802183,0.0002962091317,0.0007486102087,-0.000162392194,1,0,0,0
24.66056347,22.64047909,torque,hover,0.005560030695,-0.01222149283,-1.621710062,0,0,-2,-0.006500079297,0.01028027944,-0.003636783222,0,0,0,0.3785281443,0.01269493476,0.0279451468,-0.003394966479,0.002040367573,-0.0007065511891,-0.002865798793,0.006455499187,-0.001453772274,0.7281289411,0.0002064233991,0.0007658401038,-0.0003411621363,1,0,0,0
24.67055917,22.65047479,torque,hover,0.005530438852,-0.01220026612,-1.621677279,0,0,-2,-0.006537435111,0.01036007795,-0.003613610985,0,0,0,0.378559788,0.01277213598,0.02798828807,-0.003807442496,0.002870000666,-0.0009388525505,-0.002458914922,0.006088734891,-0.00144041612,0.728146661,0.0003364606753,0.000516216435,-9.548887896e-05,1,0,0,0
24.68057728,22.6604929,torque,hover,0.005507337395,-0.01218102779,-1.621647477,0,0,-2,-0.006617838051,0.01043780707,-0.003564143321,0,0,0,0.3785886155,0.01286260916,0.02792615711,-0.003236626275,0.003984000999,-0.0004296865081,-0.002458836187,0.005754832998,-0.001440483861,0.728169972,0.000233290924,0.0002559797959,-0.0006141571856,1,0,0,0
24.69060349,22.67051911,torque,hover,0.005483088549,-0.01215923112,-1.621618867,0,0,-2,-0.006643216126,0.01052430179,-0.003551852657,0,0,0,0.3786161553,0.01294252317,0.02704047581,-0.002934013959,0.0058918125,-0.001442277338,-0.002011850369,0.005446376192,-0.001408326593,0.7281834259,0.0002747260575,-8.838300772e-05,0.0004391959994,1,0,0,0
24.70057821,22.68049383,torque,hover,0.005432193633,-0.01210837159,-1.621545315,0,0,-2,-0.006673898548,0.01067395601,-0.003409598954,0,0,0,0.3786872986,0.01304222465,0.02458104194,-0.002925087698,0.009919752367,-0.0003252933675,-0.001735295365,0.00537412644,-0.001380851977,0.7282460978,0.0002943985117,-0.0005932096409,-0.0006784300412,1,0,0,0
24.71055984,22.69047546,torque,hover,0.005412545055,-0.01208155043,-1.621511817,0,0,-2,-0.00663347682,0.01080183592,-0.003353618784,0,0,0,0.378719638,0.01311218642,0.0236858822,-0.002252634382,0.01172763482,-0.0007528092247,-0.000790775621,0.004996768195,-0.001365155125,0.7282723926,0.0003959730028,-0.0009082593199,-0.0002328296315,1,0,0,0
24.7205739,22.70048952,torque,hover,0.005392188672,-0.01205190271,-1.62147975,0,0,-2,-0.006650545169,0.01092811022,-0.00330385007,0,0,0,0.3787504508,0.01321244751,0.02307465317,-0.002290389035,0.01152674854,-0.000563136884,-0.0005232245899,0.004699233379,-0.001350391116,0.7282965935,0.0004272838904,-0.0009183149091,-0.0004144786934,1,0,0,0
24.73057747,22.71049309,torque,hover,0.005370751489,-0.01201967616,-1.621448994,0,0,-2,-0.006668880582,0.01103434525,-0.003267032327,0,0,0,0.3787798595,0.01330053546,0.02247933472,-0.002381134778,0.01231884398,-0.001258060336,-0.000333137301,0.004209172221,-0.001315500265,0.7283170387,0.0004477289467,-0.001107905561,0.0003191743546,1,0,0,0
24.74057388,22.7204895,torque,hover,0.00532614952,-0.01194859203,-1.621391058,0,0,-2,-0.006630219053,0.01115591638,-0.003150869859,0,0,0,0.3788348819,0.01335448448,0.0239317051,-0.002123636892,0.01118248142,-0.001060873619,0.0002690185404,0.003629466024,-0.001274776023,0.728367425,0.0004976254043,-0.0009675680366,0.0001490295834,1,0,0,0
24.75056314,22.73047876,torque,hover,0.005304350983,-0.0119194258,-1.621366858,0,0,-2,-0.006583876442,0.01122818794,-0.00310511631,0,0,0,0.3788578423,0.01338138187,0.02519432876,-0.001964756753,0.009616285563,-0.0007978826761,0.0008406269487,0.002849532008,-0.001252463096,0.7283877621,0.0005700495519,-0.0009096346156,-0.0001022459393,1,0,0,0
24.76057148,22.7404871,torque,hover,0.00528206164,-0.01188792568,-1.621343732,0,0,-2,-0.006593089085,0.01128043514,-0.003062188625,0,0,0,0.3788796542,0.01341991206,0.02570863315,-0.001059309114,0.006804077886,-0.0007593877963,0.0007722962429,0.002239600124,-0.001230971859,0.7284070019,0.0003907498366,-0.000640408683,-0.0001256245498,1,0,0,0
24.77056837,22.75048399,torque,hover,0.005258752499,-0.01185422484,-1.62132144,0,0,-2,-0.006673352327,0.01133787911,-0.002950870898,0,0,0,0.3789005531,0.0134829067,0.02589688651,-0.0003874324902,0.006951378658,-0.0002581189619,8.326018755e-05,0.001854946951,-0.001223016608,0.7284432822,0.0001144004971,-0.000729119558,-0.0006297908512,1,0,0,0
24.78058147,22.76049709,torque,hover,0.005212285556,-0.01178259496,-1.621299386,0,0,-2,-0.006741446443,0.01136862766,-0.002944539301,0,0,0,0.3789197177,0.01354116342,0.02464200664,0.002151372144,0.002206272213,-0.001658982597,-0.0007429149919,0.001723674536,-0.001140980375,0.7284528571,-0.0004230685739,-6.1235284e-05,0.0008567111601,1,0,0,0
24.79059172,22.77050734,torque,hover,0.005189531017,-0.01174483355,-1.621299505,0,0,-2,-0.006753587164,0.01139711682,-0.002890526783,0,0,0,0.378918114,0.01355951166,0.02351678646,0.001747364877,0.001118343323,-0.0009507862851,-0.0007330281141,0.001452454517,-0.001107488304,0.7284665004,-0.0003422921323,1.726466038e-05,0.0001602967116,1,0,0,0
24.8005929,22.78050852,torque,hover,0.00516607007,-0.01170543302,-1.62130022,0,0,-2,-0.006743351463,0.01140805706,-0.002895761281,0,0,0,0.3789158593,0.01356473326,0.0220355827,0.002500144299,-7.019658369e-05,-0.00158598111,-0.0006383229186,0.001186618963,-0.001056017964,0.7284649085,-0.0004052570735,0.0001117816007,0.0008443628429,1,0,0,0
24.8105886,22.79050422,torque,hover,0.005142066628,-0.01166416798,-1.621301889,0,0,-2,-0.0067351982,0.01146556251,-0.002939353464,0,0,0,0.3789125923,0.01361843666,0.02015722758,0.00312327547,-0.00109444384,-0.0009533499251,-0.0006217519225,0.001488952153,-0.001024255088,0.7284532404,-0.0004694450266,0.000314258304,0.0002230870043,1,0,0,0
24.82057357,22.80048919,torque,hover,0.00509208627,-0.01158871315,-1.621354222,0,0,-2,-0.006769183092,0.01155947708,-0.002915387042,0,0,0,0.3788572984,0.01370922433,0.01682685853,0.002311489079,-0.00286731706,-0.001131496159,-0.001373737,0.00275738345,-0.0009653168494,0.728440344,-0.0004913050013,0.0008129953077,0.0004483436528,1,0,0,0
24.8305788,22.81049442,torque,hover,0.005066279788,-0.01154769026,-1.621380448,0,0,-2,-0.006748324726,0.01162970066,-0.002935541328,0,0,0,0.3788294883,0.01376252982,0.01559605914,0.002074555494,-0.004093681462,-0.0008001101669,-0.001178299685,0.00316249173,-0.0009332944428,0.7284257193,-0.0003950250772,0.001027073108,0.0001339761813,1,0,0,0
24.84057903,22.82049465,torque,hover,0.005039967597,-0.01150469482,-1.62140727,0,0,-2,-0.00675896043,0.01167158131,-0.003000442637,0,0,0,0.3788010219,0.01381709131,0.01534274234,0.001883692225,-0.003630976658,-0.0007107965648,-0.001341837557,0.003364042716,-0.000903153025,0.7283995345,-0.0003953933425,0.0009583867183,6.518789469e-05,1,0,0,0
24.85056114,22.83047676,torque,hover,0.00498544937,-0.01143753622,-1.621490479,0,0,-2,-0.006764642894,0.01179430075,-0.003162811976,0,0,0,0.3787151037,0.01395955957,0.01626517557,0.0007244779263,-0.002970988862,-0.0007024792721,-0.001673167218,0.004719396613,-0.000816838615,0.7283281923,-0.000294266028,0.001113619167,0.000120068522,1,0,0,0
24.86059642,22.84051204,torque,hover,0.004957176745,-0.01140052918,-1.621532559,0,0,-2,-0.006786203012,0.01188534591,-0.003199178493,0,0,0,0.3786715586,0.01405520337,0.01802784549,0.001265427447,-0.001970985904,-0.0002750310814,-0.001844241314,0.005079611763,-0.0007979218358,0.7283037058,-0.0003983242297,0.001003368565,-0.0003016819783,1,0,0,0
24.87057853,22.85049415,torque,hover,0.004928214941,-0.01136135403,-1.621572614,0,0,-2,-0.006843929645,0.01191867422,-0.00326578971,0,0,0,0.3786299702,0.0141265548,0.01944277835,0.001657178742,-0.0006268199068,-0.0009225361864,-0.002393546077,0.004940066646,-0.0007622507802,0.7282722936,-0.000563580093,0.0007400488145,0.0003840351352,1,0,0,0
24.88059902,22.86051464,torque,hover,0.004902189132,-0.01133994851,-1.621620536,0,0,-2,-0.00685737608,0.0119699128,-0.003341177246,0,0,0,0.3785810941,0.01419386785,0.02026689007,0.0009575812146,0.0001977340871,-0.0008588333731,-0.002424776279,0.004758694814,-0.0007286284169,0.728235808,-0.0004523886356,0.0005562354698,0.0003437981686,1,0,0,0
24.89059711,22.87051272,torque,hover,0.004875624552,-0.01131612621,-1.621668577,0,0,-2,-0.006880102213,0.01201046165,-0.003389210207,0,0,0,0.3785320223,0.01425039443,0.01963569364,1.009189327e-05,0.004142588004,-0.001344698481,-0.002514298708,0.004379524809,-0.0006807990927,0.7282062227,-0.000328277422,-8.29870282e-05,0.0008732065435,1,0,0,0
24.90059161,22.88050723,torque,hover,0.004820639733,-0.0112609081,-1.621764302,0,0,-2,-0.006901958026,0.01216660254,-0.003413535189,0,0,0,0.3784339964,0.01439845354,0.01736836702,-0.0005672946572,0.007860128768,-0.001349356025,-0.002729598872,0.004851506707,-0.0005806030341,0.7281653677,-0.0002884560228,-0.0004244648297,0.0009501735085,1,0,0,0
24.91061115,22.89052677,torque,hover,0.004808634054,-0.01124157663,-1.62181437,0,0,-2,-0.006869454402,0.01221922506,-0.003427915741,0,0,0,0.3783832272,0.01443085136,0.01533653423,9.131305706e-05,0.008893617429,-0.0007855856675,-0.002164648682,0.0040569858,-0.0005490554857,0.728143584,-0.0002393115245,-0.0007303463875,0.0003986215533,1,0,0,0
24.92058158,22.9004972,torque,hover,0.004795929417,-0.0112196207,-1.621864557,0,0,-2,-0.006862807088,0.01227694843,-0.003487892682,0,0,0,0.3783322533,0.01449092748,0.01392260916,0.0001492460724,0.009532129392,-0.0006714071496,-0.001946415473,0.003429212452,-0.0005143894671,0.728110194,-0.0001975096702,-0.0009257496387,0.0003076830001,1,0,0,0
24.93057919,22.9104948,torque,hover,0.004782665521,-0.01119547989,-1.621914744,0,0,-2,-0.006873299833,0.01222986728,-0.003504882799,0,0,0,0.3782812091,0.01446015587,0.01362731867,0.000298944622,0.01102572586,-0.0008703090716,-0.002031455391,0.001931567561,-0.0004738588374,0.7280877098,-0.0002414563354,-0.001426004282,0.000540038501,1,0,0,0
24.94057941,22.92049503,torque,hover,0.00476834178,-0.011169645,-1.621956229,0,0,-2,-0.006892424077,0.01220292319,-0.00346445106,0,0,0,0.3782388011,0.01443673319,0.01527968585,-0.0003318534,0.01187210623,-0.000683501421,-0.002138820826,0.000795286414,-0.0004387099904,0.7280829298,-0.0001818353194,-0.001725159622,0.0003756841504,1,0,0,0
24.95057368,22.9304893,torque,hover,0.004763179459,-0.01114252675,-1.622033954,0,0,-2,-0.006781609729,0.01227365434,-0.003421451664,0,0,0,0.3781602517,0.01443395832,0.01916328586,-0.0004261121794,0.009903568774,-0.0004647879105,-0.0008766132691,-5.228211076e-05,-0.0003823843393,0.7280656491,0.0001083373432,-0.001485388283,0.0001948980051,1,0,0,0
24.96058583,22.94050145,torque,hover,0.004759985022,-0.01112524234,-1.622072458,0,0,-2,-0.006743245758,0.01224591024,-0.003401945345,0,0,0,0.3781212177,0.01438773482,0.02231085165,-0.000713259913,0.008527451195,0.0003949097299,-0.0005872094203,-0.001092665736,-0.000373465834,0.7280566323,0.000185980842,-0.001467338569,-0.0006735537463,1,0,0,0
24.97057891,22.95049453,torque,hover,0.004756027833,-0.01110613253,-1.622110724,0,0,-2,-0.006744904909,0.01220045984,-0.003387748497,0,0,0,0.3780823595,0.01434649094,0.02537620195,-0.0006086339708,0.007012777496,-0.0006300082896,-0.0007065627139,-0.002008717755,-0.0003358854889,0.7280463563,0.0001144053545,-0.001400065839,0.0003974533224,1,0,0,0
24.98058891,22.96050453,torque,hover,0.004760015756,-0.01110448595,-1.62214911,0,0,-2,-0.006677748635,0.01219228469,-0.003364272648,0,0,0,0.3780439955,0.01430253345,0.02759363954,-0.001647305209,0.00576580409,-5.003136539e-05,-5.191101813e-05,-0.002675196443,-0.0003148861984,0.728038389,0.0003813554953,-0.001313364032,-0.0001774643016,1,0,0,0
24.99057984,22.97049546,torque,hover,0.004766572732,-0.0110937031,-1.622232914,0,0,-2,-0.006564257201,0.01214068569,-0.003353231354,0,0,0,0.3779600002,0.01420316451,0.03067098812,-0.0009889538633,0.001609721221,0.001046620775,0.0009934912343,-0.003606664189,-0.0002867360088,0.7280108119,0.0004765106947,-0.0008667238001,-0.001273889927,1,0,0,0
25.00058556,22.98050117,torque,hover,0.004769255873,-0.01108528394,-1.622278094,0,0,-2,-0.006506477483,0.01209903508,-0.003345702076,0,0,0,0.3779146297,0.01413911672,0.03028217431,-0.0003255393822,-0.001936497632,-0.0009108373779,0.001202651035,-0.003849227468,-0.0002379946116,0.7279963586,0.000387879061,-0.0003943734087,0.0007541282101,1,0,0,0
25.0105741,22.99048972,torque,hover,0.004771586042,-0.01107489876,-1.622322679,0,0,-2,-0.006432694383,0.01206273027,-0.003245192813,0,0,0,0.3778697931,0.01405063326,0.02865852067,-0.0004476160102,-0.004667587113,-0.0002154175163,0.001540703239,-0.003819287566,-0.0002093907276,0.7280057042,0.0004416255451,8.241142865e-06,6.607159292e-05,1,0,0,0
25.0205791,23.00049472,torque,hover,0.004787921906,-0.01111722086,-1.622411847,0,0,-2,-0.006265274715,0.01184508577,-0.003157363739,0,0,0,0.3777821197,0.0137669412,0.02576070264,0.000106839303,-0.008824543096,-0.001073622261,0.002537255993,-0.005286411113,-0.000126627948,0.7279957146,0.0005513276924,0.0001959445039,0.0009980931988,1,0,0,0
25.03058767,23.01050329,torque,hover,0.004795684014,-0.01113515254,-1.622455478,0,0,-2,-0.006232197396,0.01176315732,-0.003098805901,0,0,0,0.3777391382,0.01366801934,0.02315003207,0.0003110801918,-0.009751097299,1.402852831e-05,0.00226455099,-0.005132808386,-0.0001090419881,0.727994783,0.0004102736331,0.0003791905489,-9.657549019e-05,1,0,0,0
25.04059362,23.02050924,torque,hover,0.004802790005,-0.01115061529,-1.622498274,0,0,-2,-0.00619864976,0.0117316572,-0.00304580247,0,0,0,0.3776969106,0.01361366784,0.01878806783,0.0007012239075,-0.01190590952,-0.0002818642242,0.002096876806,-0.004363075301,-8.345980929e-05,0.727992746,0.0002828282442,0.0008595989364,0.0002231822839,1,0,0,0
25.05057955,23.03049517,torque,hover,0.004800311755,-0.01118416898,-1.622538686,0,0,-2,-0.006144601852,0.01163537242,-0.002986137988,0,0,0,0.3776574802,0.01349277745,0.01596696152,0.001212800969,-0.01134814322,-0.0009112640982,0.001948914062,-0.004427164905,-4.073297151e-05,0.7279932626,0.0001547742191,0.0007530917442,0.0008956844354,1,0,0,0
25.06058264,23.04049826,torque,hover,0.00479599135,-0.01124343835,-1.622602701,0,0,-2,-0.00592285255,0.01155732013,-0.002841123845,0,0,0,0.3775952033,0.013293751,0.009261021556,0.001675971085,-0.01257562265,-0.000513032428,0.003187045763,-0.003884311532,8.794393581e-06,0.728006881,0.0003597543106,0.0009556745277,0.0005231299809,1,0,0,0
25.07057118,23.0504868,torque,hover,0.004793941509,-0.01126881503,-1.622633457,0,0,-2,-0.005918326788,0.01155189704,-0.002729689935,0,0,0,0.377565194,0.01326363918,0.005149662278,0.003350454615,-0.01286345255,0.0001284837199,0.002394983997,-0.00273334388,1.940191798e-05,0.7280240064,-8.271614883e-05,0.001249188681,-0.0001200665349,1,0,0,0
25.0805819,23.06049752,torque,hover,0.00478651328,-0.01131659374,-1.622668862,0,0,-2,-0.005912721623,0.01149457227,-0.002624968998,0,0,0,0.3775311424,0.01318999359,0.004361546439,0.002003709786,-0.01194811892,9.590638365e-05,0.001713916853,-0.002431904344,3.034648605e-05,0.7280377507,-6.059020131e-05,0.001162955451,-7.739937833e-05,1,0,0,0
25.09059668,23.07051229,torque,hover,0.004778650589,-0.0113613084,-1.622703195,0,0,-2,-0.005929688457,0.01148799621,-0.002527046949,0,0,0,0.3774980718,0.01317274566,0.006520217635,0.00211888738,-0.01116971578,0.0006606193492,0.001017041869,-0.001662896507,1.86456155e-05,0.7280501493,-0.0002325034513,0.001207392244,-0.0006591382134,1,0,0,0
25.10059333,23.08050895,torque,hover,0.004770313855,-0.01140238624,-1.622736692,0,0,-2,-0.005924664903,0.01155789383,-0.002459552139,0,0,0,0.377465725,0.01321877304,0.01088398964,0.004052983131,-0.01030288078,-0.0002156802948,0.0005960936905,-0.000346694442,3.040381823e-05,0.7280551183,-0.0005733119092,0.001358713108,0.0002426785099,1,0,0,0
25.11058593,23.09050155,torque,hover,0.004761869088,-0.01149064396,-1.622810364,0,0,-2,-0.005878180731,0.01153034158,-0.002387129469,0,0,0,0.3773946634,0.01316055367,0.0149844066,0.004194530658,-0.006080296822,-0.0001565711864,0.0002016367234,-0.0003897956925,4.172282955e-05,0.728046804,-0.0006235120753,0.0006792393037,0.0001912287861,1,0,0,0
25.12058783,23.10050344,torque,hover,0.004761773162,-0.01153807342,-1.622850657,0,0,-2,-0.005845346488,0.01146224327,-0.002371074632,0,0,0,0.3773558386,0.01308331347,0.0150980491,0.004770170432,-0.00401654141,-0.0004747422645,-1.942023657e-05,-0.0007461077901,5.926490476e-05,0.7280362987,-0.0007203624643,0.0003102674287,0.0005283985587,1,0,0,0
25.13057995,23.11049557,torque,hover,0.004761487246,-0.01158265304,-1.622890234,0,0,-2,-0.005792459007,0.01143514272,-0.002317762934,0,0,0,0.377317645,0.01302639994,0.01506850894,0.00518300198,-0.001991353463,0.000494991953,-5.609278984e-05,-0.0007782158719,4.853368093e-05,0.7280354935,-0.0007509347732,4.03134276e-05,-0.0004671473557,1,0,0,0
25.14058208,23.1204977,torque,hover,0.004759439733,-0.01169302966,-1.622976422,0,0,-2,-0.005787410308,0.01139814779,-0.002298525767,0,0,0,0.3772348835,0.01298826824,0.01404516195,0.002762008691,0.001968815457,-0.0008153608651,-0.000770227626,-0.001767868977,9.114514698e-05,0.7280091837,-0.0005241178833,-0.0007026030114,0.0008986831029,1,0,0,0
25.15058208,23.13049769,torque,hover,0.004757377785,-0.01175833121,-1.623023152,0,0,-2,-0.005827039946,0.01138213091,-0.002218380803,0,0,0,0.3771901837,0.01297800107,0.01321078686,0.002021075925,0.003649557475,0.0003273542097,-0.001416004166,-0.002036289517,7.664702217e-05,0.7280125967,-0.0005489831838,-0.0009318470495,-0.0002751498773,1,0,0,0
25.16058898,23.1405046,torque,hover,0.004754726775,-0.01182008162,-1.623068571,0,0,-2,-0.005789242685,0.01137108915,-0.002142979763,0,0,0,0.3771466875,0.01293867696,0.01198415949,0.001768645016,0.005520621315,-0.0007352138055,-0.00128028212,-0.00243104681,9.066240505e-05,0.7280152823,-0.000456616723,-0.001211465639,0.0008162773231,1,0,0,0
25.17057562,23.15049124,torque,hover,0.004751577042,-0.01187821198,-1.623112559,0,0,-2,-0.005805308931,0.01139267534,-0.002056308091,0,0,0,0.3771045112,0.01295079404,0.01260446043,0.001181517495,0.006967303343,-0.0002754274465,-0.001583732673,-0.002573241556,9.142084233e-05,0.728021332,-0.0004273485122,-0.001368711328,0.0003482530201,1,0,0,0
25.18057823,23.16049385,torque,hover,0.004730971996,-0.01195222512,-1.623152375,0,0,-2,-0.005829405971,0.01131788176,-0.001994753722,0,0,0,0.3770667979,0.01288625096,0.01546724708,0.0008741425117,0.006174691487,0.0008542138385,-0.00217449165,-0.00371691831,6.039708262e-05,0.7280225382,-0.0005012390651,-0.001452386498,-0.0008241962436,1,0,0,0
25.19057727,23.17049289,torque,hover,0.004688786808,-0.01209015399,-1.623229027,0,0,-2,-0.005852548871,0.01123638824,-0.001863886951,0,0,0,0.376994062,0.01280557783,0.02096162339,-0.0002343695087,0.003643285949,0.000472785352,-0.002843060818,-0.005593826691,-6.573836043e-06,0.7280279816,-0.0004830151811,-0.00142789957,-0.0004840730417,1,0,0,0
25.2005856,23.18050122,torque,hover,0.00466704648,-0.01215416379,-1.623265743,0,0,-2,-0.005914151669,0.01120163593,-0.001828363631,0,0,0,0.3769591559,0.01279831048,0.02300102245,-0.001735391561,0.0006907686475,0.0006800108822,-0.003329248685,-0.005608719401,-4.492975907e-05,0.7280237027,-0.0003594494834,-0.0009478576334,-0.0007231492995,1,0,0,0
25.21058869,23.19050431,torque,hover,0.004625430796,-0.01222807541,-1.623320341,0,0,-2,-0.006011964753,0.01111122034,-0.001743403263,0,0,0,0.3769064683,0.01275313266,0.02553574283,-0.002654743614,-0.001142711728,-0.0002895555808,-0.004239547642,-0.006102918912,-5.654686387e-05,0.7280254941,-0.0004140172016,-0.000758666341,0.0002566490327,1,0,0,0
25.22058058,23.2004962,torque,hover,0.00454126019,-0.01236718986,-1.623425126,0,0,-2,-0.006065452006,0.01091869455,-0.001683014212,0,0,0,0.3768052628,0.01260317958,0.0263468785,-0.003279901575,-0.007217190694,-0.000584699621,-0.005028701891,-0.007573900004,-7.041431218e-05,0.7280029306,-0.0004874825182,-0.0002455983858,0.000550406071,1,0,0,0
25.23059082,23.21050644,torque,hover,0.004499313887,-0.01243243366,-1.623478651,0,0,-2,-0.00605922658,0.01088671852,-0.001667410717,0,0,0,0.3767534146,0.01257040673,0.02451605152,-0.003300796496,-0.008298547938,0.0003658864007,-0.004595496902,-0.006775475044,-0.0001115029184,0.7279875374,-0.0003385667144,0.0001217221809,-0.0004486196,1,0,0,0
25.24057508,23.22049069,torque,hover,0.004448471591,-0.01250935905,-1.623552084,0,0,-2,-0.006042031106,0.01088712364,-0.001660907408,0,0,0,0.3766819699,0.01256161672,0.02155607985,-0.004405447748,-0.01020666398,0.0002631555544,-0.004176250937,-0.005862394043,-0.0001504620174,0.7279626272,-6.208663836e-05,0.0006000132057,-0.0003734877566,1,0,0,0
25.25058222,23.23049784,torque,hover,0.004397794604,-0.01258246414,-1.623623967,0,0,-2,-0.00609287899,0.0109103173,-0.001635530032,0,0,0,0.3766119715,0.0126029027,0.01866632719,-0.005040224642,-0.011234398,-7.626101433e-05,-0.004340998706,-0.004733036128,-0.0001870358731,0.7279430574,-7.135466883e-07,0.000978276774,-5.362971977e-05,1,0,0,0
25.26058078,23.2404964,torque,hover,0.00429616496,-0.01271825191,-1.6237638,0,0,-2,-0.006136747543,0.01083288621,-0.001655284083,0,0,0,0.376475616,0.01255989886,0.01280876663,-0.006624007132,-0.01280801371,-0.001075438573,-0.004646786593,-0.004459139228,-0.0002226794889,0.7278874881,0.0001144494109,0.001132035916,0.0009404745222,1,0,0,0
25.27057123,23.25048685,torque,hover,0.004245483316,-0.01278125122,-1.623831511,0,0,-2,-0.006164587568,0.01085496694,-0.001636169618,0,0,0,0.376409507,0.01259005553,0.01077661142,-0.007275082637,-0.01257108804,-0.001227313653,-0.004263273923,-0.003168167317,-0.000228043111,0.7278678325,0.0003045420732,0.001358175132,0.001090264636,1,0,0,0
25.28058648,23.2605021,torque,hover,0.004187599756,-0.01285110135,-1.623913765,0,0,-2,-0.006199836265,0.01086869556,-0.001574426075,0,0,0,0.3763290355,0.01261131755,0.01044850848,-0.008161534555,-0.011233842,-0.001323998906,-0.004022114232,-0.00225407681,-0.0002305720329,0.7278537189,0.000481156939,0.001330368909,0.001186154003,1,0,0,0
25.29057908,23.2704947,torque,hover,0.004129737616,-0.01291753817,-1.623993754,0,0,-2,-0.006232818123,0.01086112019,-0.001485648099,0,0,0,0.3762507332,0.0126102777,0.01163603791,-0.007888603024,-0.01094648521,-0.001695710933,-0.003796385615,-0.001609958796,-0.0002282830084,0.7278472821,0.0004884234138,0.001381787667,0.001566338078,1,0,0,0
25.30058694,23.28050256,torque,hover,0.004013671074,-0.01303978171,-1.624160767,0,0,-2,-0.006326403469,0.01093877386,-0.001332164509,0,0,0,0.3760867916,0.01270648719,0.01768747018,-0.008471249603,-0.008775980212,0.000218132147,-0.004206971073,-0.0003268630321,-0.0003082876522,0.7278257201,0.0004142204827,0.001256609921,-0.0004372183982,1,0,0,0
25.31058288,23.2904985,torque,hover,0.003948257305,-0.01309545618,-1.624261379,0,0,-2,-0.006422740873,0.01098562591,-0.001207221416,0,0,0,0.3759874876,0.01278252559,0.0207409609,-0.008351135068,-0.007469418924,-0.000479276845,-0.004295549099,0.0006239950371,-0.0003409526459,0.7278209627,0.0003854289194,0.001244612403,0.0002496792165,1,0,0,0
25.32058978,23.3005054,torque,hover,0.003882920137,-0.01314767916,-1.624358892,0,0,-2,-0.006406245753,0.01102297567,-0.001139475382,0,0,0,0.3758911814,0.01280017115,0.0223619223,-0.007962739095,-0.004384427797,-5.813309326e-05,-0.003403640446,0.001116951895,-0.0003889001559,0.7278028249,0.0005453617612,0.0008827399204,-0.0002183372905,1,0,0,0
25.33057737,23.31049299,torque,hover,0.003752986202,-0.01324137859,-1.624546766,0,0,-2,-0.006419825833,0.01116059441,-0.001085772063,0,0,0,0.3757054028,0.01292098805,0.02411498102,-0.007575464435,0.0007996302447,0.0006191059947,-0.003170685486,0.001826280612,-0.0005001128557,0.7277483932,0.0004921498565,0.0002917591217,-0.0009896108204,1,0,0,0
25.34058332,23.32049894,torque,hover,0.003684539348,-0.01328790653,-1.624655366,0,0,-2,-0.00640868675,0.01123721618,-0.001019014744,0,0,0,0.3755978416,0.01297631244,0.02393621735,-0.007031471934,0.003183767898,0.0007125062984,-0.002448016756,0.002062042215,-0.0005686771045,0.7277259876,0.0005829844833,2.894955275e-06,-0.001137323802,1,0,0,0
25.35058379,23.33049941,torque,hover,0.00361652812,-0.01333060209,-1.624764085,0,0,-2,-0.006392169744,0.01133558806,-0.0009280319209,0,0,0,0.3754900482,0.0130467097,0.02395705077,-0.007670991588,0.004469811916,0.0001647457539,-0.001735079888,0.002347782697,-0.0006235773177,0.7277096725,0.0008205329467,-0.0001149415786,-0.0006209250462,1,0,0,0
25.3605814,23.34049702,torque,hover,0.003549156711,-0.01336985547,-1.624869823,0,0,-2,-0.006341918372,0.01136355475,-0.000911721203,0,0,0,0.3753851341,0.01304536472,0.02309817867,-0.007529096678,0.006751683541,0.0004193928035,-0.0009005690493,0.001800520792,-0.0006858667196,0.7276755236,0.0009644631091,-0.0005567625416,-0.0009278303736,1,0,0,0
25.370574,23.35048962,torque,hover,0.003423243295,-0.01344083529,-1.625081182,0,0,-2,-0.006278707646,0.01142120734,-0.0008995073731,0,0,0,0.3751752858,0.0130642742,0.02260631433,-0.006888949312,0.009649125859,0.000754546083,-0.0003892888188,0.000536711892,-0.0008186075015,0.7276020889,0.0009152270477,-0.001158975169,-0.001366245069,1,0,0,0
25.38058496,23.36050057,torque,hover,0.003364954609,-0.01347249933,-1.625186563,0,0,-2,-0.006187849678,0.01147728693,-0.0008782919613,0,0,0,0.3750705854,0.01306862639,0.02443967434,-0.00552209001,0.01076377649,0.0001631708583,0.0006926393971,9.420718088e-05,-0.0008714286214,0.7275692838,0.000944788675,-0.001368831824,-0.0008036447562,1,0,0,0
25.39058542,23.37050104,torque,hover,0.003307581414,-0.01350072585,-1.625289321,0,0,-2,-0.006107235793,0.01158140972,-0.0008465949795,0,0,0,0.3749684023,0.01312036978,0.02655511826,-0.004161410499,0.01082878653,-0.0003850160283,0.00148148468,6.070237172e-05,-0.0009077161119,0.7275400699,0.0008994241173,-0.001335849029,-0.0002715297604,1,0,0,0
25.40058923,23.38050485,torque,hover,0.003250662703,-0.0135254683,-1.625389576,0,0,-2,-0.00608927384,0.0116266124,-0.0008134577656,0,0,0,0.3748686102,0.01314987016,0.02845604884,-0.004166554194,0.01082776487,-0.0009718183428,0.001563715221,-0.0004951498819,-0.0009261891117,0.7275121487,0.0008759904666,-0.001421554465,0.0003132465021,1,0,0,0
25.41058064,23.39049625,torque,hover,0.003212232841,-0.01352880895,-1.625490308,0,0,-2,-0.006040393841,0.01162413042,-0.0007301915903,0,0,0,0.3747677369,0.01312021134,0.03176671926,-0.004715953022,0.009392369539,-0.0008265528013,0.002126378541,-0.001202428104,-0.0009481440121,0.7274967549,0.001040706221,-0.00134376918,0.000149440364,1,0,0,0
25.42058396,23.40049958,torque,hover,0.00313606509,-0.01352872048,-1.62568295,0,0,-2,-0.005915885791,0.01166963857,-0.0005977125838,0,0,0,0.3745745788,0.01309715348,0.03705397562,-0.002772215521,0.006516942754,-0.0005055526271,0.002956870917,-0.001734828067,-0.0009816134253,0.727460513,0.0009016353209,-0.0009814121952,-0.0002012480471,1,0,0,0
25.43057013,23.41048574,torque,hover,0.003097995883,-0.01352533605,-1.62577486,0,0,-2,-0.005885150284,0.01164607424,-0.0004659343685,0,0,0,0.3744822925,0.01305691901,0.0386486842,-0.002112615621,0.003853044938,-0.001010895125,0.003025654431,-0.002233322237,-0.0009868236083,0.727460628,0.0007862428349,-0.0007127777951,0.0003097703722,1,0,0,0
25.44059086,23.42050648,torque,hover,0.003078960115,-0.01349312626,-1.625863194,0,0,-2,-0.005735265091,0.0116835041,-0.0003518383019,0,0,0,0.3743926999,0.01302003548,0.04037427356,-0.0005694834399,0.00115532463,-5.870602399e-05,0.004302381786,-0.001828696838,-0.001018481017,0.7274575144,0.0008346733043,-0.000241530945,-0.0006839675728,1,0,0,0
25.45058584,23.43050146,torque,hover,0.003059984418,-0.01345911156,-1.625948668,0,0,-2,-0.005681749433,0.01172179449,-0.0002556371037,0,0,0,0.374305905,0.01302874104,0.03946364808,0.001579953707,-0.00115758297,-0.0006733133341,0.004402307387,-0.001268042151,-0.001018994946,0.7274509305,0.0005209439318,0.0001876477441,-5.839548146e-05,1,0,0,0
25.46060467,23.44052029,torque,hover,0.003022127086,-0.01338521764,-1.626110315,0,0,-2,-0.005521976389,0.01179463789,5.055508154e-05,0,0,0,0.3741414086,0.01302337368,0.03725538764,0.001950915321,-0.004876917694,-0.001678589266,0.00513939313,0.0001820043553,-0.0009847868686,0.7274699784,0.0006187044793,0.000973813228,0.0009885793391,1,0,0,0
25.47059965,23.45051527,torque,hover,0.003012972185,-0.01332800929,-1.626173019,0,0,-2,-0.005400741007,0.01185556874,0.0001904503297,0,0,0,0.3740766302,0.01302915135,0.03587282459,0.003875936847,-0.006851614919,-0.0008756135358,0.005630278656,0.001147354543,-0.0009763257032,0.7274827048,0.0004304567998,0.00138662903,0.0001751347537,1,0,0,0
25.48061848,23.4605341,torque,hover,0.003003849881,-0.01326925494,-1.626232982,0,0,-2,-0.005294273142,0.01192392875,0.0003694079351,0,0,0,0.3740145455,0.01305166147,0.03490899793,0.003658059286,-0.006670244969,-0.001199537539,0.005897932067,0.00210538166,-0.0009490781937,0.7275063244,0.0004870241789,0.001486824599,0.0005244324925,1,0,0,0
25.4906137,23.47052932,torque,hover,0.002994881943,-0.01320884377,-1.626289606,0,0,-2,-0.005211265292,0.01200297475,0.0005887917941,0,0,0,0.3739557479,0.01309867797,0.03387550994,0.005415458232,-0.007306471933,-0.0002179209987,0.005816696121,0.003144607576,-0.0009476014575,0.7275414054,0.0001953847552,0.001713923284,-0.0004747076702,1,0,0,0
25.50060272,23.48051834,torque,hover,0.002998062177,-0.01306504104,-1.626391172,0,0,-2,-0.005034447182,0.01216961164,0.0009163742652,0,0,0,0.3738492206,0.01320169867,0.03441797512,0.006910962053,-0.006634162739,-0.0007881249185,0.006446216304,0.005958250251,-0.0009103609367,0.7275875798,0.0001498083236,0.002117364922,0.000129240131,1,0,0,0
25.51060486,23.49052048,torque,hover,0.003010591725,-0.01298161037,-1.626436353,0,0,-2,-0.004908423405,0.01232348569,0.001025845064,0,0,0,0.3738012633,0.0133046337,0.0361128874,0.007603398524,-0.004244557116,-0.001116415602,0.006689241163,0.007185379293,-0.000870375063,0.7275988936,8.355244725e-05,0.001939344582,0.0004922224706,1,0,0,0
25.52061081,23.50052643,torque,hover,0.003022723598,-0.01289625652,-1.626479506,0,0,-2,-0.004859565757,0.01244999375,0.001109653385,0,0,0,0.37375528,0.01341078128,0.03718231553,0.008106421679,-0.003456167411,-0.001383701339,0.006137830017,0.008091349576,-0.0008210980623,0.7276044523,-0.0001353657244,0.001915309025,0.0008013847043,1,0,0,0
25.53059316,23.51050878,torque,hover,0.003034082241,-0.01280951034,-1.626520514,0,0,-2,-0.004831880797,0.01252179407,0.001211517607,0,0,0,0.3737114064,0.01347628189,0.03753154539,0.007947826758,-0.0008840118535,-0.0003949991078,0.005429396642,0.008355937416,-0.0007977580893,0.7276153871,-0.000283547025,0.001508483813,-0.0001858226949,1,0,0,0
25.54061484,23.52053046,torque,hover,0.003066013334,-0.01262645144,-1.626616597,0,0,-2,-0.004714382347,0.01278495695,0.001486909343,0,0,0,0.3736094126,0.01370734929,0.03780221564,0.009299349971,0.005198484287,-0.0005298794713,0.005453206462,0.01076156443,-0.0007416012631,0.7276503161,-0.0003938498398,0.001149248908,-9.101818103e-06,1,0,0,0
25.55059743,23.53051305,torque,hover,0.003086189972,-0.01253008749,-1.626663446,0,0,-2,-0.004711432848,0.01289797574,0.0016143783,0,0,0,0.3735595132,0.01382612003,0.03613411225,0.009119858965,0.007867442444,-0.001153229154,0.004536424968,0.01055815596,-0.0006876712579,0.7276656423,-0.0005786415301,0.0006470046401,0.0006675933685,1,0,0,0
25.56060839,23.54052401,torque,hover,0.003105305135,-0.01243208069,-1.626707673,0,0,-2,-0.004701236263,0.01303096116,0.001707049669,0,0,0,0.3735121964,0.01395785047,0.03415038937,0.008560468443,0.01053131279,-0.0002115692914,0.003847688406,0.0104305507,-0.0006586717948,0.727673098,-0.0006431307266,0.0001954058811,-0.0002680360667,1,0,0,0
25.57060194,23.55051756,torque,hover,0.003123003291,-0.01233269088,-1.626749873,0,0,-2,-0.004699489102,0.01311129425,0.001782074803,0,0,0,0.3734668735,0.01404161762,0.03016309442,0.009014041163,0.01365343481,-0.0007094008033,0.003085654978,0.009712143132,-0.0006146609503,0.7276768357,-0.0008539779042,-0.0004273491647,0.000272202315,1,0,0,0
25.58061457,23.56053019,torque,hover,0.00317462557,-0.01211807039,-1.626837969,0,0,-2,-0.004608920775,0.01331809536,0.002050957642,0,0,0,0.373372237,0.01424149718,0.0210480995,0.008121396415,0.01825732924,-0.000109437693,0.003303897926,0.01009546835,-0.0005456354438,0.7277130952,-0.0005883729039,-0.0008612157999,-0.0002875155559,1,0,0,0
25.59060502,23.57052064,torque,hover,0.003199061379,-0.01200874429,-1.626880646,0,0,-2,-0.004595890641,0.01342002489,0.002173262183,0,0,0,0.3733262601,0.01435069153,0.01556922215,0.006503672805,0.02073656209,0.0002392586757,0.002771946784,0.008976998064,-0.0005195086254,0.7277286467,-0.0004793401468,-0.001454635355,-0.0006205851465,1,0,0,0
25.60060072,23.58051634,torque,hover,0.003222377272,-0.01189827174,-1.626920581,0,0,-2,-0.004592197016,0.01349716634,0.002324739704,0,0,0,0.37328301,0.01444528252,0.01055394359,0.006097647827,0.0214596726,0.0005490867188,0.00222784004,0.007729313464,-0.0005010721514,0.7277525857,-0.0005372061262,-0.001804417176,-0.0009218499354,1,0,0,0
25.61060882,23.59052444,torque,hover,0.003250762122,-0.01177548058,-1.62697506,0,0,-2,-0.004600862041,0.01355603617,0.002432578243,0,0,0,0.3732249129,0.01452072605,0.007888823222,0.004917616956,0.02096745558,-0.0006537545123,0.001775026144,0.00660000522,-0.0004487269583,0.7277601847,-0.0004632034641,-0.001939780094,0.0003418610324,1,0,0,0
25.62060642,23.60052204,torque,hover,0.003304053331,-0.01152800675,-1.627076268,0,0,-2,-0.004541099072,0.01367988903,0.002593985759,0,0,0,0.3731164985,0.01464546711,0.01222186415,0.003996002022,0.01713288762,-0.0005714996951,0.002189328763,0.006488125883,-0.0003330661607,0.727764414,-0.0001933102228,-0.001255785327,0.0003425434786,1,0,0,0
25.63059783,23.61051345,torque,hover,0.003329423256,-0.01140276715,-1.627122998,0,0,-2,-0.004480371252,0.01377761737,0.002654820448,0,0,0,0.3730661692,0.01472903725,0.01520441781,0.003132418962,0.0164995715,0.0007678933325,0.002350532218,0.005717298504,-0.0003125324141,0.7277628933,-4.443517185e-05,-0.001332402364,-0.001005000836,1,0,0,0
25.64059997,23.62051558,torque,hover,0.003360042116,-0.01126326155,-1.627171755,0,0,-2,-0.004456413444,0.0138563728,0.002704949817,0,0,0,0.3730134734,0.01480457501,0.01734418771,0.001610878855,0.01393132471,0.001091831713,0.002314169009,0.005183594683,-0.0003009244217,0.7277579298,0.0001410747575,-0.001082965273,-0.001325812633,1,0,0,0
25.65059376,23.63050938,torque,hover,0.003389654914,-0.01112350356,-1.627218246,0,0,-2,-0.004429893102,0.01384988707,0.002753611188,0,0,0,0.3729630784,0.01479951686,0.01969017284,0.001425303868,0.01165929902,9.368573956e-05,0.002257588516,0.004118524792,-0.0002538645082,0.7277534156,0.0001354241838,-0.001003031584,-0.0002756551236,1,0,0,0
25.66060066,23.64051628,torque,hover,0.003446322167,-0.01084306929,-1.627266526,0,0,-2,-0.004324021284,0.01390426327,0.002779737348,0,0,0,0.3729070819,0.01482405602,0.01998499268,0.002029218478,0.006411462557,-0.001264577731,0.003266703628,0.004954750877,-0.0001006983581,0.7277425513,0.0002800682229,-2.347765898e-05,0.001217914841,1,0,0,0
25.67059779,23.65051341,torque,hover,0.003466311377,-0.01068546344,-1.627294898,0,0,-2,-0.004274375737,0.01393191796,0.002818345325,0,0,0,0.3728743588,0.01484290054,0.01834968234,0.003216788871,0.004031083547,-0.001152886543,0.003088100734,0.004731315063,-1.937587699e-05,0.7277420758,4.770946689e-05,0.000211812672,0.001161135633,1,0,0,0
25.68059564,23.66051126,torque,hover,0.003485732013,-0.0105278492,-1.627321005,0,0,-2,-0.004228084814,0.01397966873,0.002962088212,0,0,0,0.3728439611,0.01490240939,0.01494146885,0.002622446977,0.0007268771878,-0.000826890755,0.002975200065,0.004973884423,5.745258587e-05,0.7277690876,8.625540248e-05,0.0006764464322,0.0008841584674,1,0,0,0
25.69060111,23.67051673,torque,hover,0.003504425986,-0.01037020609,-1.627344728,0,0,-2,-0.004227935802,0.01400446333,0.003116430948,0,0,0,0.3728160059,0.01495702431,0.01132706862,0.002179274103,-0.0005236907746,0.0002060397528,0.002508773408,0.005176912364,0.0001051001557,0.7277996505,2.56713988e-05,0.0008372675445,-0.0001334069396,1,0,0,0
25.70061827,23.68053389,torque,hover,0.003522213316,-0.01021266636,-1.627366185,0,0,-2,-0.00421108352,0.01402109675,0.003188354196,0,0,0,0.3727903761,0.01498298972,0.008149890961,0.003375429893,-0.0009107535589,-0.001306343591,0.002210425272,0.005379250422,0.0001947801887,0.7278101351,-0.0002090470407,0.0008795745295,0.001470760749,1,0,0,0
25.71060157,23.69051719,torque,hover,0.003535663011,-0.009885487147,-1.627388716,0,0,-2,-0.004215921741,0.01413498446,0.003275536466,0,0,0,0.3727591621,0.01510963008,0.005880224908,0.003820232116,0.0005643022014,0.0001315272821,0.001836539734,0.008269770242,0.0003080156213,0.7278241255,-0.0003279920578,0.001280367868,8.792869043e-05,1,0,0,0
25.72065806,23.70057368,torque,hover,0.003541461658,-0.009721916169,-1.627400517,0,0,-2,-0.004218854941,0.01413227618,0.003420649096,0,0,0,0.372743118,0.01514003987,0.008137399086,0.004343209323,0.0005621319287,0.0004444704391,0.001273622066,0.007911153528,0.0003470519729,0.7278566612,-0.0005126515994,0.001106004765,-0.000202682439,1,0,0,0
25.73058772,23.71050334,torque,hover,0.003546437714,-0.009558621794,-1.627410054,0,0,-2,-0.004261966795,0.01414345019,0.003540794365,0,0,0,0.3727294088,0.01519008785,0.01099791049,0.003331884276,0.001643742085,0.0001462652435,0.0005264482253,0.007840268639,0.0003939592649,0.7278836877,-0.0005205753283,0.000872752851,0.0001360122469,1,0,0,0
25.74060941,23.72052503,torque,hover,0.003542228835,-0.009216251783,-1.627407193,0,0,-2,-0.004292750265,0.01418425515,0.003631101456,0,0,0,0.3727236059,0.01525797158,0.0152940743,0.002427008236,0.006110768765,-3.419506538e-05,3.796726959e-05,0.009607289949,0.0005047992515,0.7279076703,-0.0004594740637,0.000634057196,0.0004008276118,1,0,0,0
25.7505908,23.73050642,torque,hover,0.003539395984,-0.009045574814,-1.627403855,0,0,-2,-0.004300206434,0.0142318923,0.00373881124,0,0,0,0.3727227344,0.01533027212,0.01722581235,0.003920014016,0.006728658918,-4.901167267e-05,-0.0002881313401,0.009371335273,0.0005578428947,0.7279362216,-0.0007073599028,0.0004395268221,0.0004530967198,1,0,0,0
25.76060581,23.74052143,torque,hover,0.00353602902,-0.008874914609,-1.627398849,0,0,-2,-0.004303660709,0.01427182369,0.003870361717,0,0,0,0.3727236049,0.0154008489,0.01764824324,0.002143284539,0.01010475308,-4.86724457e-05,-0.0004566114671,0.008962957503,0.0006098560396,0.72797143,-0.0004669588405,-0.0001517429203,0.0004927703462,1,0,0,0
25.77062464,23.75054026,torque,hover,0.003548356006,-0.008701178245,-1.627384305,0,0,-2,-0.00432869466,0.01423630398,0.004018793348,0,0,0,0.3727341646,0.01541300258,0.01752478574,0.001856257906,0.01030772738,-2.382563252e-05,-0.0006649744512,0.008022938793,0.0006601410769,0.728014366,-0.0004492872138,-0.0004005560221,0.000504406072,1,0,0,0
25.78063416,23.76054978,torque,hover,0.003570595523,-0.00835553091,-1.627362132,0,0,-2,-0.004321871791,0.01425252203,0.004093230702,0,0,0,0.3727486347,0.01544563037,0.01666422586,0.0009054409456,0.0125827482,0.0003290557943,-0.0002570707287,0.008656588984,0.0007502854826,0.7280413609,-0.0001939695172,-0.0004704973553,0.000212262546,1,0,0,0
25.79062128,23.7705369,torque,hover,0.003580662655,-0.008183644153,-1.627349734,0,0,-2,-0.004306690302,0.01420612074,0.004120817874,0,0,0,0.3727573121,0.01540592704,0.01649917897,0.0008859311347,0.01431166753,0.0002183378383,-0.0001637166313,0.007234514961,0.0007977148187,0.7280528831,-0.0001642661615,-0.001032717183,0.0003603909828,1,0,0,0
25.80063772,23.78055334,torque,hover,0.003590281121,-0.00801281631,-1.627336264,0,0,-2,-0.004260026384,0.01413745992,0.00421460066,0,0,0,0.3727671602,0.01535507918,0.01665935835,0.0003117724846,0.01525745075,0.001398199005,0.0001895658821,0.005765414525,0.0008111895947,0.728081572,-3.011944958e-06,-0.001461034958,-0.0008293524878,1,0,0,0
25.81062031,23.79053593,torque,hover,0.003604602534,-0.007846574299,-1.627322078,0,0,-2,-0.004285751842,0.01414507814,0.004273985047,0,0,0,0.3727779441,0.01538563787,0.01787964061,-0.001192779164,0.01497156452,0.0006704170373,7.336734183e-05,0.005193030861,0.0008431195837,0.7281018111,0.0001665281265,-0.001488534741,-6.505389796e-05,1,0,0,0
25.82062149,23.80053711,torque,hover,0.003630575258,-0.007516381331,-1.627290249,0,0,-2,-0.004299406428,0.01396247465,0.004412118811,0,0,0,0.372803213,0.01526113975,0.02341587741,-0.002903157845,0.01374905091,3.434018072e-05,0.0005146156797,0.004052789793,0.0009429301157,0.728148397,0.0004671643578,-0.001430290361,0.0006563916492,1,0,0,0
25.83060169,23.81051731,torque,hover,0.003642212832,-0.007353404537,-1.62728405,0,0,-2,-0.004339248873,0.01385441609,0.004400101025,0,0,0,0.3728062736,0.01517019495,0.02694028263,-0.001679452485,0.0127407359,0.0003094418789,0.0002254654488,0.00265434099,0.0009849018064,0.7281476003,0.0002116310994,-0.001558851672,0.0004037426127,1,0,0,0
25.84063768,23.8205533,torque,hover,0.003655017354,-0.007182631176,-1.627283335,0,0,-2,-0.004309299868,0.01374818943,0.004467585124,0,0,0,0.3728037847,0.0150844985,0.02985390891,-0.001936206827,0.01086885948,8.234384586e-05,0.0006535081634,0.001611079075,0.001032615137,0.7281649811,0.000336161258,-0.001474665403,0.0006706037349,1,0,0,0
25.85059381,23.83050942,torque,hover,0.003679022193,-0.006845087279,-1.627277851,0,0,-2,-0.004301772453,0.01360627636,0.00454974873,0,0,0,0.3728031528,0.01497785753,0.03272421713,-0.002577788197,0.006144429557,0.0005349370767,0.001240356941,0.001950689842,0.001103558421,0.7281878558,0.0005306931511,-0.000626784887,0.0002623046679,1,0,0,0
25.86061358,23.8405292,torque,hover,0.003690033918,-0.006678279024,-1.627273083,0,0,-2,-0.004284810275,0.0135193821,0.004607039504,0,0,0,0.3728050035,0.01491167679,0.03310916411,-0.002094119089,0.003246053355,-0.00063513231,0.00145967658,0.001459265636,0.001171816248,0.7282041434,0.0004885570493,-0.0003307671374,0.001502435956,1,0,0,0
25.8706069,23.85052252,torque,hover,0.003696253058,-0.006510810927,-1.627266645,0,0,-2,-0.004268391989,0.01344389562,0.004642420914,0,0,0,0.3728085387,0.01484956469,0.03223644066,0.0003728773736,0.001375030377,0.0008346776012,0.001495555993,0.001318994545,0.001197579412,0.7282154907,0.0001394855777,-0.00010168104,2.254045351e-05,1,0,0,0
25.88061953,23.86053514,torque,hover,0.00370222074,-0.006344639696,-1.627259016,0,0,-2,-0.004218948539,0.01338199899,0.004657865036,0,0,0,0.3728133608,0.01478421896,0.03099382191,-0.0001620188996,0.0002374982578,0.001018595183,0.001855829984,0.001391834145,0.001219401802,0.7282222216,0.0002865370445,6.887740607e-05,-0.0001480234599,1,0,0,0
25.89061952,23.87053514,torque,hover,0.003708186094,-0.006179752294,-1.627250791,0,0,-2,-0.004149782937,0.01330943033,0.004592229612,0,0,0,0.3728188744,0.0146782222,0.0294824655,0.0009162210044,-0.001330521191,0.001074232976,0.002261679485,0.001479427709,0.0012383914,0.72820861,0.0002170724877,0.0002946042564,-0.0001908530626,1,0,0,0
25.90063095,23.88054657,torque,hover,0.003713018028,-0.005832977127,-1.62723434,0,0,-2,-0.004044530913,0.01318657771,0.004505272955,0,0,0,0.3728297837,0.01451004984,0.02552901907,0.002783997916,-0.003205079585,0.0007232851931,0.002894419676,0.003320538816,0.001268192348,0.7281926414,9.814484249e-05,0.0009394783607,0.0001882941053,1,0,0,0
25.91061258,23.8905282,torque,hover,0.003712249454,-0.005650944076,-1.627222776,0,0,-2,-0.003968670033,0.01314952504,0.00455634715,0,0,0,0.3728385339,0.01447137346,0.02404998634,0.002092447365,-0.002489104634,0.001093197963,0.003063431467,0.003771504155,0.001284655824,0.7282098501,0.0002133950995,0.0008885699857,-0.000175992007,1,0,0,0
25.92060733,23.90052295,torque,hover,0.00371180498,-0.005470270291,-1.62721014,0,0,-2,-0.003965253942,0.01313532982,0.004638195504,0,0,0,0.3728484691,0.0144835419,0.02274447349,0.002966259141,-0.003535398981,0.0006182048237,0.00256858353,0.004529838948,0.001312179657,0.7282352563,-3.872574626e-05,0.001152112238,0.0003250426165,1,0,0,0
25.93060207,23.91051769,torque,hover,0.003711207537,-0.005291166715,-1.627196193,0,0,-2,-0.003916144837,0.01304653008,0.004647352733,0,0,0,0.3728598238,0.01439256839,0.02239910789,0.003308465006,-0.003757862374,0.00106525654,0.00246926573,0.004574750253,0.001326763166,0.7282426789,-0.0001109257145,0.001128999254,-0.0001200827534,1,0,0,0
25.94061422,23.92052984,torque,hover,0.00372542371,-0.004880691413,-1.627169013,0,0,-2,-0.003906006226,0.01294005569,0.00460522715,0,0,0,0.3728815426,0.01427970739,0.02409445176,0.003147353418,-0.003569080029,0.001354355714,0.002312356139,0.007212967549,0.001355508677,0.7282419757,-0.0001073922317,0.001629238579,-0.0003939007195,1,0,0,0
25.95060754,23.93052316,torque,hover,0.00373203354,-0.004678688943,-1.627126098,0,0,-2,-0.003876982955,0.0128847938,0.004652774893,0,0,0,0.3729219291,0.01423717747,0.0260375367,0.003194056917,-0.002551262733,0.001064116019,0.002188224029,0.007457151341,0.001371567991,0.7282696384,-0.0001419844734,0.001453463315,-8.673394271e-05,1,0,0,0
25.96061921,23.94053483,torque,hover,0.00373837119,-0.004478728399,-1.627083063,0,0,-2,-0.003858861979,0.01285204571,0.00464861514,0,0,0,0.3729625668,0.01420125056,0.02818025104,0.003596285358,-0.0002686122898,0.0005771941505,0.001980521639,0.007816849141,0.001399956075,0.7282842417,-0.0002409711335,0.001148652773,0.0004295232182,1,0,0,0
25.97061753,23.95053315,torque,hover,0.003743411507,-0.004267135169,-1.627050281,0,0,-2,-0.003836240154,0.01280768774,0.004648641217,0,0,0,0.3729929152,0.01415498036,0.03012524762,0.003712412668,0.002020336688,3.088183439e-05,0.001821328625,0.008087923601,0.001442052958,0.7282961981,-0.0002843948768,0.0008409555733,0.001016624036,1,0,0,0
25.98062682,23.96054244,torque,hover,0.003752598073,-0.003851413261,-1.626983881,0,0,-2,-0.003829264548,0.01272298954,0.004683355335,0,0,0,0.3730548759,0.01408799301,0.03145666705,0.00407488551,0.006074660458,0.00166051602,0.001578130285,0.009703662917,0.00146408899,0.7283292161,-0.0003571224328,0.0006465129389,-0.0006268157165,1,0,0,0
25.99062061,23.97053623,torque,hover,0.00375684537,-0.003646689467,-1.626950026,0,0,-2,-0.003846110776,0.01268627867,0.004726100247,0,0,0,0.3730867133,0.01407374357,0.03130901067,0.003394090338,0.008661771193,0.0009625829989,0.001101471958,0.009286959998,0.00147762906,0.7283524091,-0.0003612885626,0.000149071288,9.345504347e-05,1,0,0,0
26.00061154,23.98052716,torque,hover,0.003759949934,-0.00343414396,-1.626937747,0,0,-2,-0.003909150138,0.01259486657,0.004782746546,0,0,0,0.3730970051,0.01402807126,0.02979478345,0.004656386096,0.01149259973,0.002100261394,0.0001926387671,0.008461775873,0.001457368766,0.7283712989,-0.000722533002,-0.0004445088782,-0.001083155412,1,0,0,0
26.01062322,23.99053884,torque,hover,0.003762342501,-0.003224465996,-1.626924396,0,0,-2,-0.003907257225,0.01248935889,0.004778808448,0,0,0,0.3731085084,0.01393153814,0.02794512476,0.004736763891,0.01377452817,0.001574505703,-4.89300112e-05,0.007433940462,0.001452261384,0.7283752154,-0.0007498441314,-0.000974868428,-0.0005507777582,1,0,0,0
26.02062464,24.00054026,torque,hover,0.003765420988,-0.002813932253,-1.626905203,0,0,-2,-0.003955617081,0.01230170857,0.004874630831,0,0,0,0.3731244086,0.01381090026,0.02581941147,0.003602513345,0.0163326133,0.001306522056,-0.0006799725073,0.007017523992,0.001456674587,0.7284066186,-0.0006804595975,-0.001274352341,-0.0002756592098,1,0,0,0
26.03061199,24.01052761,torque,hover,0.003772305325,-0.002593804616,-1.626918554,0,0,-2,-0.00397673808,0.01219145209,0.004915783647,0,0,0,0.3731095325,0.01373356758,0.02640132126,0.004295111634,0.01558770705,0.0006808354519,-0.000972088334,0.005931080003,0.001472086489,0.7284122893,-0.0008064504024,-0.001379491419,0.000372394384,1,0,0,0
26.04063106,24.02054667,torque,hover,0.003778252285,-0.002377004363,-1.626930237,0,0,-2,-0.004031634424,0.01204872131,0.004951934796,0,0,0,0.3730964668,0.01363625387,0.02810331915,0.004037416074,0.01531307772,0.0007773542893,-0.001557137434,0.004713062075,0.001485643373,0.7284172723,-0.000866528019,-0.001568306136,0.0002828123226,1,0,0,0
26.05061722,24.03053284,torque,hover,0.003783423919,-0.002163652796,-1.62694037,0,0,-2,-0.004032896832,0.0119333351,0.004946890753,0,0,0,0.3730850888,0.01353294024,0.0300876493,0.002787557896,0.01461675484,1.625004734e-05,-0.001530374425,0.003840357427,0.001520883514,0.7284123846,-0.0006492314643,-0.001606901609,0.001085998153,1,0,0,0
26.06062102,24.04053664,torque,hover,0.003788438393,-0.001953375991,-1.62694931,0,0,-2,-0.004051118158,0.0117864674,0.004991197027,0,0,0,0.3730750394,0.01342551376,0.03223744443,0.002592344536,0.01302254945,0.0009254012257,-0.001702012511,0.002856457554,0.001529394214,0.7284204207,-0.0006336020021,-0.00154628482,0.0001669111454,1,0,0,0
26.0706079,24.05052352,torque,hover,0.003816318931,-0.001525348867,-1.626968503,0,0,-2,-0.004101280123,0.01162004378,0.004938136321,0,0,0,0.3730541365,0.01327520645,0.03541968081,0.001133203506,0.01053754706,0.0002121595608,-0.00166955258,0.003620770411,0.001588469264,0.7284001761,-0.0003935014962,-0.0008895517594,0.0009371186533,1,0,0,0
26.08061576,24.06053138,torque,hover,0.003839063691,-0.001307738828,-1.626979709,0,0,-2,-0.004082816653,0.01147771161,0.004876869731,0,0,0,0.3730423385,0.01312216118,0.03688473824,0.002070551971,0.008408416063,-0.0002173734829,-0.001321203522,0.002755152573,0.001632895198,0.7283806419,-0.0004296982274,-0.0007830141622,0.001409342454,1,0,0,0
26.0906024,24.07051802,torque,hover,0.003881988581,-0.0008822478703,-1.626999021,0,0,-2,-0.004077296238,0.01125917304,0.004824565258,0,0,0,0.373022223,0.01291006399,0.036377076,0.0002045307047,0.002727924148,0.0005030367174,-0.0007023571401,0.003567507701,0.001666623115,0.728360555,-2.693636558e-05,0.0002325144885,0.0007037340141,1,0,0,0
26.10061812,24.08053374,torque,hover,0.003920940682,-0.0006707986468,-1.627017975,0,0,-2,-0.004068148322,0.01104498934,0.004729623441,0,0,0,0.373003237,0.01268506832,0.03533700636,0.000897404796,-0.0006660833023,0.001841649297,-0.0004665901752,0.00250684338,0.001649558984,0.7283296517,-8.333633155e-05,0.0004131704143,-0.0006713797611,1,0,0,0
26.1106143,24.09052992,torque,hover,0.003958631773,-0.0004632440978,-1.627036095,0,0,-2,-0.004050500691,0.01087736245,0.004670936614,0,0,0,0.3729852008,0.01251164332,0.033683638,-0.0004425783991,-0.00093537668,0.001780263614,-9.727946055e-05,0.002104244222,0.00163491336,0.7283082704,0.0001670489303,0.0003294054376,-0.0006178889612,1,0,0,0
26.12062049,24.10053611,torque,hover,0.003994992469,-0.0002592586679,-1.627053857,0,0,-2,-0.004061111715,0.01075465325,0.00449648127,0,0,0,0.3729676298,0.01234396771,0.03108698859,-0.0009642654331,-0.004345018417,0.00205136789,3.635478869e-05,0.002418676366,0.001610527439,0.7282576912,0.0002409408483,0.0008481799511,-0.0009128840539,1,0,0,0
26.13060999,24.11052561,torque,hover,0.004030482378,-5.830506052e-05,-1.627071381,0,0,-2,-0.004059450701,0.01064299978,0.004389862996,0,0,0,0.3729504033,0.01220751742,0.02972384799,0.0009562851046,-0.003650947707,0.0007160665118,0.0001695374191,0.002789438258,0.001622610958,0.7282243982,-1.646586837e-05,0.0008013319116,0.0004545786524,1,0,0,0
26.14061642,24.12053204,torque,hover,0.00416789297,0.0003363005235,-1.627122402,0,0,-2,-0.004028872587,0.01040736865,0.004294964019,0,0,0,0.3729010423,0.01195792007,0.02718274468,0.0006918252329,-0.001721571898,0.001552442089,0.001695975405,0.004076416392,0.001596333989,0.728182021,0.0003541272734,0.0007828636431,-0.000409656503,1,0,0,0
26.15060735,24.13052297,torque,hover,0.004233583808,0.0005287720123,-1.627145767,0,0,-2,-0.004020130262,0.01027262211,0.00431305822,0,0,0,0.3728786421,0.01184443682,0.02644922295,0.0007880083285,-0.002031941898,0.001706191106,0.001886389779,0.003900233942,0.001581390962,0.7281782133,0.0003381405545,0.0007445909074,-0.0005782781586,1,0,0,0
26.16060615,24.14052176,torque,hover,0.004297609441,0.0007179920794,-1.627167583,0,0,-2,-0.003969169687,0.010144311,0.004350528121,0,0,0,0.3728578771,0.01172981026,0.02579767035,0.001639134367,-0.00050779304,0.001939255861,0.002362063411,0.00374093641,0.001559595767,0.7281798836,0.000289097512,0.0004701666427,-0.0008306428266,1,0,0,0
26.17060304,24.15051866,torque,hover,0.004395263735,0.0009018560522,-1.627181411,0,0,-2,-0.003992244601,0.009975000285,0.004311054479,0,0,0,0.3728455875,0.01157686652,0.02547843973,0.001426321338,0.000463515491,0.001524782158,0.00246597342,0.003247013639,0.001547754813,0.7281649085,0.0003011047199,0.0002115852627,-0.0004179299637,1,0,0,0
26.1806035,24.16051912,torque,hover,0.004490036983,0.001082276576,-1.627194285,0,0,-2,-0.003977559973,0.009821323678,0.004298743792,0,0,0,0.3728343233,0.01143497181,0.02578774322,0.0008248398663,0.002164381789,8.295191219e-05,0.00291184052,0.002863122407,0.001578460734,0.7281571764,0.0004462790719,-0.0001026569227,0.00107388596,1,0,0,0
26.19059825,24.17051387,torque,hover,0.004673412535,0.001433418598,-1.62721169,0,0,-2,-0.003788952017,0.009462025017,0.004277931061,0,0,0,0.3728203583,0.01105381242,0.02619332838,0.001512645278,0.005442346912,0.00125537219,0.005650199706,0.002010187739,0.001589062688,0.7281456784,0.0009361495094,-0.0006991350061,-9.770751817e-05,1,0,0,0
26.20061874,24.18053436,torque,hover,0.004793954547,0.001572005334,-1.627212882,0,0,-2,-0.003788023954,0.00922409445,0.004272421356,0,0,0,0.3728212555,0.01084834679,0.02680839023,0.001496254932,0.006606622133,0.001807374647,0.00552715385,0.0004079973706,0.001567244407,0.7281438233,0.0008218630358,-0.001174005517,-0.0006794970156,1,0,0,0
26.2105968,24.19051242,torque,hover,0.005026514176,0.001840402372,-1.627213359,0,0,-2,-0.003658862785,0.008759830147,0.004232945852,0,0,0,0.3728250699,0.01039421626,0.03140473786,0.002501925919,0.007235369179,0.0002881184337,0.007554047393,-0.002132371874,0.001574797509,0.7281335906,0.00108614604,-0.001714694416,0.000883197474,1,0,0,0
26.22060776,24.20052338,torque,hover,0.005138885695,0.001969747711,-1.627212286,0,0,-2,-0.003578792792,0.008507002145,0.00428168755,0,0,0,0.3728283355,0.01017397128,0.03429462421,0.003709916025,0.005952405743,0.001072846004,0.007577468625,-0.00336207559,0.001570549493,0.7281462958,0.0008299467784,-0.001706690687,7.598403118e-05,1,0,0,0
26.23060822,24.21052384,torque,hover,0.005285725929,0.002060939558,-1.627205491,0,0,-2,-0.003495784942,0.008150567301,0.004315099679,0,0,0,0.3728376755,0.009862674329,0.03917042207,0.004303128459,0.005856466945,0.001019281917,0.00786941627,-0.005734455507,0.001567673123,0.7281570946,0.0007396301654,-0.002121513218,0.0001268830917,1,0,0,0
26.24060225,24.22051787,torque,hover,0.005429226905,0.00214903336,-1.627197862,0,0,-2,-0.003460734617,0.007866470143,0.004314085003,0,0,0,0.3728478633,0.009616099314,0.04309355261,0.00443019066,0.004653074779,0.001239629462,0.007762521293,-0.007036762207,0.001553830887,0.7281595044,0.0006306636343,-0.002111477862,-0.000112381674,1,0,0,0
26.25059676,24.23051238,torque,hover,0.005569471978,0.002234465675,-1.627189636,0,0,-2,-0.003388028825,0.00757324649,0.004322648048,0,0,0,0.3728586585,0.009355110254,0.04680636124,0.006261894479,0.002713283757,0.0006325026043,0.007886842632,-0.008198364502,0.001556740848,0.7281645621,0.0003573879386,-0.001972356853,0.000505986237,1,0,0,0
26.26059318,24.24050879,torque,hover,0.005861378275,0.002369055524,-1.627193689,0,0,-2,-0.003343911842,0.006939056795,0.004309923388,0,0,0,0.3728599113,0.00882653359,0.05067495102,0.008508905768,-0.00412123464,0.0004929383285,0.00861883618,-0.01129071824,0.001537261809,0.728159661,0.0002250764822,-0.001623300844,0.0006359098527,1,0,0,0
26.27059531,24.25051093,torque,hover,0.006012489554,0.002418556483,-1.627193809,0,0,-2,-0.003343760269,0.006668457296,0.004301308189,0,0,0,0.372862516,0.008611057285,0.05001269461,0.008715910837,-0.008446154185,0.0009231654112,0.007858540559,-0.0112138111,0.001525269495,0.7281573746,-1.842447191e-05,-0.0008800849496,0.0001797454428,1,0,0,0
26.28061366,24.26052928,torque,hover,0.006159676239,0.002466084668,-1.627193093,0,0,-2,-0.003368651029,0.006406919565,0.004272616003,0,0,0,0.3728659449,0.008405455108,0.04745373062,0.009465233423,-0.01246413961,0.001282301499,0.006959410738,-0.01083787257,0.001502862822,0.7281503199,-0.0003438998883,-0.0001561374983,-0.0002095830138,1,0,0,0
26.29060149,24.27051711,torque,hover,0.006303191185,0.002511593746,-1.627191782,0,0,-2,-0.003315093927,0.006125268526,0.004270483274,0,0,0,0.3728699582,0.008169809646,0.04355912648,0.01167747658,-0.01644252054,0.002493641572,0.006704977843,-0.01052563945,0.001448059687,0.7281502338,-0.0006957490539,0.0005048087564,-0.001484581946,1,0,0,0
26.30061483,24.28053045,torque,hover,0.006624027155,0.002539587906,-1.627183914,0,0,-2,-0.003170795506,0.005534232594,0.004265269265,0,0,0,0.3728835758,0.007672952264,0.03614890358,0.01100413129,-0.02165482379,0.001168438932,0.008236075656,-0.01196377569,0.001432975041,0.7281517047,-0.0001668673045,0.0007856832354,-0.0001425912716,1,0,0,0
26.3105948,24.29051042,torque,hover,0.006779542193,0.002551304176,-1.627184153,0,0,-2,-0.003080321476,0.005281395279,0.004281857517,0,0,0,0.3728862124,0.007464303067,0.0307493228,0.01091113221,-0.02367184497,0.002154623624,0.008001762682,-0.01075818199,0.001380336215,0.728155832,-0.0002368531818,0.001371216433,-0.001190579866,1,0,0,0
26.3205986,24.30051422,torque,hover,0.006931363605,0.002561776433,-1.627183557,0,0,-2,-0.003088693134,0.005084512755,0.00430003088,0,0,0,0.3728896714,0.007340474154,0.02547077582,0.01205692161,-0.0245251134,0.0007902760408,0.006905494521,-0.009050052274,0.001364018751,0.7281606597,-0.000661622219,0.001874957194,0.0001828662488,1,0,0,0
26.33059573,24.31051135,torque,hover,0.007079495117,0.002571317833,-1.627182007,0,0,-2,-0.003088515485,0.004901969805,0.004291558638,0,0,0,0.3728940693,0.007210111748,0.02190855134,0.01218025293,-0.02469301037,0.001455472317,0.00603429089,-0.007408477417,0.001328829103,0.7281590711,-0.0008662811207,0.002233584433,-0.0005228573635,1,0,0,0
26.34060383,24.32051945,torque,hover,0.007416885812,0.002548337448,-1.627158046,0,0,-2,-0.003141470719,0.00447403593,0.004274415318,0,0,0,0.3729244254,0.006939485722,0.02383226526,0.01181471255,-0.02254164405,0.0009517177241,0.005914603019,-0.007297169205,0.001304980127,0.7281633196,-0.0007376710749,0.001749086913,-2.317325599e-05,1,0,0,0
26.35059881,24.33051443,torque,hover,0.007579325698,0.002535542473,-1.627145767,0,0,-2,-0.003157973755,0.004253706895,0.004219266586,0,0,0,0.37293988,0.006772667946,0.02667716144,0.01276768278,-0.01962466538,0.001138148597,0.004941638052,-0.006273909798,0.001275356636,0.7281537341,-0.001079852602,0.001570317738,-0.0002333338481,1,0,0,0
26.36061049,24.3405261,torque,hover,0.007737403736,0.002521922812,-1.62713325,0,0,-2,-0.003189780051,0.004083876032,0.004210438114,0,0,0,0.3729555477,0.006676865232,0.0308986816,0.01237284765,-0.0190091338,0.0005817108322,0.004001862592,-0.004954001351,0.001260612907,0.7281559857,-0.001209011837,0.001771248201,0.0003205666604,1,0,0,0
26.37060475,24.35052037,torque,hover,0.007918669842,0.002482685493,-1.627108812,0,0,-2,-0.003163920715,0.003931019455,0.004212620202,0,0,0,0.3729835209,0.006573391607,0.03379589632,0.01145083271,-0.01594121195,0.0005256879958,0.003968623657,-0.004177456609,0.001247369262,0.7281653808,-0.001049235247,0.001495499558,0.000368639749,1,0,0,0
26.38060737,24.36052299,torque,hover,0.008267237805,0.002404495375,-1.627061486,0,0,-2,-0.003263449064,0.003583864775,0.00421014335,0,0,0,0.3730378853,0.006420240925,0.03734559749,0.01068974379,-0.00954911951,0.0003073897969,0.003830553289,-0.005295732688,0.001195437532,0.7281818269,-0.0008775585796,0.0002653906346,0.0005606078017,1,0,0,0
26.39059734,24.37051296,torque,hover,0.008434593678,0.002364952583,-1.627037764,0,0,-2,-0.003303418169,0.003411439946,0.004135102965,0,0,0,0.3730650951,0.006296790503,0.03728592981,0.008332845755,-0.00674714148,0.0009124199278,0.00309153621,-0.004864517953,0.00116502307,0.7281713799,-0.00071477367,3.070369113e-05,-8.01894309e-05,1,0,0,0
26.4006052,24.38052082,torque,hover,0.00861511752,0.002292176941,-1.627014399,0,0,-2,-0.003367013531,0.003231308889,0.004118702374,0,0,0,0.3730921243,0.00622429486,0.035765855,0.007562991697,-0.003371925559,0.0009248401038,0.002430433781,-0.00516171932,0.001134283125,0.7281756692,-0.0007485781314,-0.0004493672765,-0.0001148134874,1,0,0,0
26.41059995,24.39051557,torque,hover,0.008791326545,0.002220135648,-1.626990914,0,0,-2,-0.003450939199,0.003059217473,0.00407940615,0,0,0,0.3731192764,0.006157056719,0.03406686084,0.007142971735,-0.001156358747,0.001003844081,0.001714877164,-0.005512707011,0.001095073902,0.7281741946,-0.0008351743115,-0.0007670751845,-0.0002241285081,1,0,0,0
26.42059898,24.4005146,torque,hover,0.008962577209,0.002148428932,-1.62696743,0,0,-2,-0.00352144544,0.002873932477,0.004070348572,0,0,0,0.3731464079,0.006101459118,0.03184057486,0.004794986453,-0.0008666575304,0.001022455865,0.001315815408,-0.006026913906,0.001056297342,0.728180394,-0.0005798497853,-0.0008522221925,-0.0002740678121,1,0,0,0
26.43060064,24.41051626,torque,hover,0.009301542304,0.0019686874,-1.626905084,0,0,-2,-0.003625313519,0.002546729753,0.004092414398,0,0,0,0.373216038,0.006031300535,0.02725581449,0.003049764317,0.002561678411,0.0007949271239,0.002184708911,-0.009281982633,0.001004009432,0.7282085777,-0.0001075082916,-0.001984301541,-7.608472192e-05,1,0,0,0
26.44059992,24.42051554,torque,hover,0.009469606914,0.001860862481,-1.626866817,0,0,-2,-0.003701585112,0.002311491175,0.004005549476,0,0,0,0.3732579646,0.005923609575,0.02642318882,0.00194142526,0.001963443821,0.000867751136,0.001699851947,-0.01027255907,0.0009616548223,0.72820038,-8.108996307e-05,-0.001986439124,-0.000184475986,1,0,0,0
26.45060992,24.43052554,torque,hover,0.009632512927,0.001753415563,-1.626829147,0,0,-2,-0.003841843456,0.002057210542,0.004000940826,0,0,0,0.3732992701,0.005916029399,0.02757749162,0.0001074301617,0.0006167824613,0.0005436383653,0.0008487240793,-0.01124856794,0.0009273767844,0.7282127856,-3.326781802e-05,-0.001890592566,0.0001153249282,1,0,0,0
26.46060991,24.44052553,torque,hover,0.009790518321,0.001646458055,-1.626791358,0,0,-2,-0.003901999909,0.001857852563,0.004039082211,0,0,0,0.3733406696,0.00591535329,0.02806161153,-0.001042293967,-0.0008169081993,0.00144203403,0.0009623691602,-0.01170145639,0.0008673933977,0.7282361268,0.0001504045907,-0.001673815623,-0.0008457181997,1,0,0,0
26.47061276,24.45052838,torque,hover,0.01007760223,0.001348385122,-1.62671411,0,0,-2,-0.004045469686,0.001374706626,0.004040371627,0,0,0,0.3734243318,0.005880497102,0.03210581482,-0.001685415977,-0.005410559941,0.001134733902,0.001511381802,-0.01630184555,0.0007454008392,0.7282643417,0.0003379683252,-0.002009123262,-0.0006233758185,1,0,0,0
26.48061514,24.46053076,torque,hover,0.01021525264,0.001201088773,-1.626675606,0,0,-2,-0.004178205971,0.001127526746,0.004131289199,0,0,0,0.3734660591,0.005982998591,0.034367547,-0.002474108478,-0.007202612236,0.001385795651,0.0008182887073,-0.01635284997,0.0006781780559,0.7283012762,0.0002721027469,-0.001617530186,-0.0009313973836,1,0,0,0
26.4905901,24.47050571,torque,hover,0.01034857333,0.001054891618,-1.626636744,0,0,-2,-0.004250030499,0.0009138101013,0.004155733623,0,0,0,0.3735081352,0.006013977892,0.03521848514,-0.002787217032,-0.009805042297,0.000650776783,0.000855554457,-0.01611941351,0.0006310049176,0.728321535,0.0003211485419,-0.001085432783,-0.0002187366184,1,0,0,0
26.50059724,24.48051286,torque,hover,0.01060250495,0.0007152194157,-1.626533628,0,0,-2,-0.004434472881,0.0004068510607,0.004171362147,0,0,0,0.3736175264,0.006101666959,0.03468005843,-0.003556418698,-0.0170632489,0.0004727011255,0.000998471333,-0.01941010049,0.0005186901032,0.7283628239,0.0004367728828,-0.0008491420652,-0.0001226519082,1,0,0,0
26.51059651,24.49051213,torque,hover,0.01072345674,0.0005472523044,-1.626482725,0,0,-2,-0.004513116553,0.0001391924889,0.0041831173,0,0,0,0.3736715759,0.006155165792,0.03277206864,-0.003003816819,-0.02018353157,0.0003129909746,0.0009212945764,-0.01858368955,0.0004743454544,0.7283842621,0.0003391657414,-0.000121157859,8.730579247e-06,1,0,0,0
26.52061152,24.50052714,torque,hover,0.01084048208,0.0003805050219,-1.6264323,0,0,-2,-0.004627340939,-9.234197205e-05,0.004171941895,0,0,0,0.3737251498,0.006231044084,0.02914849965,-0.002678604797,-0.02290839329,0.000829561206,0.0005946657221,-0.01740722546,0.0004156456278,0.728399718,0.0002218490202,0.0005818833575,-0.0005582354564,1,0,0,0
26.53059959,24.51051521,torque,hover,0.01093919389,0.0001828236855,-1.626364708,0,0,-2,-0.004722361919,-0.000339399965,0.004217218608,0,0,0,0.3737954399,0.006340412227,0.02515619426,-0.002267474774,-0.02575914003,0.0003007474879,0.0002811309774,-0.0167238733,0.0003725113571,0.7284357136,0.000105072525,0.001141321833,-4.880100954e-05,1,0,0,0
26.54060388,24.5205195,torque,hover,0.01112735178,-0.0002057873353,-1.62623179,0,0,-2,-0.00486653531,-0.0006680844817,0.00420429837,0,0,0,0.373933865,0.00646572715,0.01238636518,-0.003118668916,-0.02907417901,-0.000318356877,0.0004880018083,-0.01715059246,0.0002887237548,0.7284806983,0.0002711161313,0.001305287787,0.0005197876234,1,0,0,0
26.55060601,24.53052163,torque,hover,0.01121670939,-0.0003969465033,-1.626158834,0,0,-2,-0.004993619863,-0.0008214704576,0.004240504466,0,0,0,0.374009612,0.006602494315,0.005739363018,-0.002506991383,-0.02940864116,0.0006040867302,4.060696803e-05,-0.0149184167,0.0002294660598,0.7285163323,9.611563474e-05,0.001871503308,-0.0004577759273,1,0,0,0
26.56060338,24.540519,torque,hover,0.01127741113,-0.000601836713,-1.62607336,0,0,-2,-0.005117191933,-0.0009668432176,0.004250257276,0,0,0,0.3740971451,0.006721988248,0.004077888569,-0.002757601673,-0.02938681096,3.193288285e-05,-0.0005487970133,-0.01307706635,0.0001868576304,0.7285497756,1.737225007e-05,0.002252750811,9.772717637e-05,1,0,0,0
26.57060051,24.55051613,torque,hover,0.01133543998,-0.0008041005349,-1.625989199,0,0,-2,-0.005192670971,-0.001094524749,0.004215663299,0,0,0,0.3741834019,0.006777435598,0.009563683152,-0.002847783267,-0.02791498043,0.0006420426071,-0.0005910399456,-0.01142814601,0.0001264924422,0.7285715161,4.9367259e-05,0.002363330635,-0.0005659035486,1,0,0,0
26.58060408,24.5605197,torque,hover,0.01144291833,-0.00120091089,-1.625825644,0,0,-2,-0.005422850139,-0.001283516176,0.004174148198,0,0,0,0.3743512142,0.006962631011,0.02048243111,-0.001438513165,-0.02357420884,-0.0004597464285,-0.001585813547,-0.01136967557,6.883625448e-05,0.7286202376,-0.0003582812207,0.001551366445,0.0005219332754,1,0,0,0
26.59058952,24.57050514,torque,hover,0.01149259415,-0.001394882565,-1.625746012,0,0,-2,-0.005512460135,-0.001340951887,0.00414302526,0,0,0,0.3744330022,0.007024957438,0.0248507865,-0.001778302481,-0.02034984529,0.0001926930418,-0.001561259506,-0.009325808709,2.139731977e-05,0.7286412009,-0.0002538375188,0.001563371622,-0.0001776498764,1,0,0,0
26.6006012,24.58051682,torque,hover,0.01153110433,-0.001597254304,-1.625652671,0,0,-2,-0.005587555934,-0.001359760761,0.004107097629,0,0,0,0.3745282906,0.007066681087,0.02844743859,-0.001078514033,-0.01767148636,-0.0003088452795,-0.001552107605,-0.007565424604,-1.146893321e-05,0.7286659125,-0.0003034442606,0.001563636103,0.0003098814108,1,0,0,0
26.61059809,24.59051371,torque,hover,0.01156694721,-0.001795980381,-1.625561118,0,0,-2,-0.005771218333,-0.001338940812,0.004088131245,0,0,0,0.3746218041,0.007198092847,0.03082819567,-0.001827585744,-0.01310322993,9.358699754e-05,-0.002418755284,-0.005922817039,-5.620986718e-05,0.7286942282,-0.0003593642322,0.001265676323,-0.0001304145889,1,0,0,0
26.62060666,24.60052228,torque,hover,0.01163067948,-0.002183945617,-1.625370741,0,0,-2,-0.006094029639,-0.001403932809,0.003958294168,0,0,0,0.3748161204,0.007401102438,0.03035590053,-0.001393981627,-0.006390383467,0.0003350948973,-0.004178962331,-0.007051913598,-0.0001379681942,0.7287302715,-0.0007852581093,-2.281576203e-05,-0.0004310189204,1,0,0,0
26.63061452,24.61053014,torque,hover,0.01164586563,-0.002391923219,-1.625262737,0,0,-2,-0.006223705132,-0.001465316745,0.003929699771,0,0,0,0.3749258107,0.007504944971,0.0271568974,-0.001791659743,-0.003312891815,0.0005237208679,-0.004369881776,-0.006848742516,-0.0001976409367,0.7287621863,-0.0006943323257,-0.0003699673337,-0.0006694332177,1,0,0,0
26.64061952,24.62053514,torque,hover,0.01165886968,-0.002596591832,-1.62515676,0,0,-2,-0.006324374117,-0.001516693155,0.003902806668,0,0,0,0.3750334998,0.007584851085,0.02288136433,-0.002386141336,-0.0006842344883,-0.001055583358,-0.004287118922,-0.00685983372,-0.0002176105525,0.728793815,-0.0005250659891,-0.0006974994464,0.0009206772983,1,0,0,0
26.65060568,24.6305213,torque,hover,0.011677837,-0.002996012568,-1.624950647,0,0,-2,-0.00663999375,-0.001556776115,0.003866795916,0,0,0,0.3752430744,0.007839973184,0.0151927871,-0.005181711633,0.002375409938,0.0007975916378,-0.005890097244,-0.009039909421,-0.0003389651241,0.7288593947,-0.0004763826832,-0.001562247227,-0.001055725873,1,0,0,0
26.66062689,24.64054251,torque,hover,0.01166296843,-0.003208000911,-1.624831676,0,0,-2,-0.006771281827,-0.001636458677,0.00382776279,0,0,0,0.3753632735,0.007948586199,0.01156099118,-0.004985078704,0.002851762343,5.917492672e-05,-0.005932723072,-0.009394052015,-0.0003876457117,0.7288926391,-0.0004459507903,-0.001617548669,-0.000340544448,1,0,0,0
26.67060757,24.65052319,torque,hover,0.01164643653,-0.003416670254,-1.624714375,0,0,-2,-0.006900164299,-0.001656090841,0.003798879916,0,0,0,0.3754818422,0.008048999493,0.0111846786,-0.004843733273,0.002486483427,-9.718865476e-05,-0.005935465794,-0.009312294227,-0.0004360747466,0.7289278307,-0.0004071329357,-0.001465026283,-0.0002170152782,1,0,0,0
26.68061781,24.66053343,torque,hover,0.01162812114,-0.003621727461,-1.624599576,0,0,-2,-0.007031455636,-0.001665944234,0.003725358518,0,0,0,0.3755979346,0.008129885278,0.01247779587,-0.006449801382,0.00144396082,-0.0007405299693,-0.005884415587,-0.009232368486,-0.0004659169137,0.7289507914,-0.0001277143394,-0.001240088315,0.0004148194804,1,0,0,0
26.6905961,24.67051172,torque,hover,0.01157613844,-0.004037396051,-1.624366999,0,0,-2,-0.007238152903,-0.001833095448,0.003539040685,0,0,0,0.3758330204,0.008262923534,0.01873537639,-0.008964625187,-0.002045639558,0.0004515751207,-0.006594822474,-0.01263145493,-0.0005843201465,0.7289879032,2.888862122e-05,-0.001491717896,-0.0008843310074,1,0,0,0
26.70061088,24.68052649,torque,hover,0.01154244505,-0.004247486126,-1.624249339,0,0,-2,-0.007360284682,-0.001879599993,0.003460403765,0,0,0,0.3759518963,0.008347519449,0.02104108657,-0.009172271006,-0.004467430525,-0.0007080303039,-0.006257736937,-0.0121915367,-0.0006222212043,0.7290106254,0.0001727801621,-0.0009764667303,0.0002698307051,1,0,0,0
26.71060109,24.69051671,torque,hover,0.01150727086,-0.00445435429,-1.624134183,0,0,-2,-0.00747048296,-0.001933266874,0.00341091631,0,0,0,0.3760683063,0.008436823249,0.02272037129,-0.009797822684,-0.006539122202,-0.000565537659,-0.005854083742,-0.01186830273,-0.0006634638737,0.7290398451,0.0003747346049,-0.0005721220001,9.487849342e-05,1,0,0,0
26.72061944,24.70053506,torque,hover,0.01147077512,-0.004658078775,-1.624022126,0,0,-2,-0.007598928642,-0.001979669556,0.003250313457,0,0,0,0.3761816555,0.008498667285,0.023745591,-0.00988756679,-0.008643760346,0.0003490370873,-0.005648329225,-0.01144931667,-0.0007284353158,0.7290397673,0.0004442864655,-0.0001678944838,-0.000881859109,1,0,0,0
26.73061633,24.71053195,torque,hover,0.01142038591,-0.004873097874,-1.623902798,0,0,-2,-0.007678847294,-0.001995871542,0.003172296099,0,0,0,0.3763021098,0.008544686157,0.02278621271,-0.01092442032,-0.0128341876,-0.0009399740375,-0.005120404873,-0.0108140685,-0.0007567326723,0.729063282,0.0007097314521,0.000544586627,0.0004113205692,1,0,0,0
26.74062324,24.72053885,torque,hover,0.01131709572,-0.005293100607,-1.623687148,0,0,-2,-0.007848015055,-0.002119649202,0.00308835879,0,0,0,0.3765201935,0.008696103326,0.02112094504,-0.01019473746,-0.01648733206,9.260795923e-05,-0.005695495887,-0.0122325944,-0.000849190241,0.7291203053,0.0003962822248,0.0005895506735,-0.000699179539,1,0,0,0
26.75060701,24.73052263,torque,hover,0.01126408484,-0.005498466548,-1.623582721,0,0,-2,-0.007992039435,-0.002203659154,0.003013889072,0,0,0,0.3766259163,0.008821130049,0.01979082596,-0.009737245739,-0.01833233051,-0.0003605951206,-0.005640106104,-0.01133314982,-0.0008939480493,0.7291393459,0.0003662395999,0.001039042056,-0.0002671850783,1,0,0,0
26.76061511,24.74053073,torque,hover,0.01118546911,-0.005721217953,-1.623471975,0,0,-2,-0.008123391308,-0.002260463079,0.002960304264,0,0,0,0.376737575,0.008936586653,0.01876915658,-0.01058496721,-0.01866307855,-0.0006666311529,-0.005683887483,-0.01047120118,-0.000929199324,0.7291659681,0.0004891087525,0.001247538986,1.981233339e-05,1,0,0,0
26.77060795,24.75052357,torque,hover,0.01110626757,-0.005939976778,-1.623363853,0,0,-2,-0.008233361878,-0.002189189661,0.002881151857,0,0,0,0.3768466798,0.008993432893,0.01840209893,-0.009912968613,-0.01877507195,-0.0002656306315,-0.005442790306,-0.00861443168,-0.0009846573057,0.7291851045,0.0004653442954,0.001640824248,-0.0004270877541,1,0,0,0
26.78062201,24.76053762,torque,hover,0.01094688009,-0.006364798173,-1.623155594,0,0,-2,-0.008366250433,-0.002103991108,0.002716063522,0,0,0,0.3770570929,0.009044220583,0.02218261932,-0.009435113519,-0.01834590547,-0.0003964850039,-0.005988115142,-0.007990441693,-0.001067363474,0.7292188005,0.0002267128533,0.001530066157,-0.0003469003604,1,0,0,0
26.79062271,24.77053833,torque,hover,0.01084996294,-0.006593781989,-1.623065472,0,0,-2,-0.008470095694,-0.002068666741,0.00265518669,0,0,0,0.3771482975,0.009114379821,0.02449309661,-0.008847135119,-0.01578305662,0.0001704067254,-0.005791681954,-0.006833307048,-0.00113171435,0.7292360721,0.0002242466848,0.001392478134,-0.0009736642577,1,0,0,0
26.80063176,24.78054738,torque,hover,0.01075288933,-0.00681821024,-1.622977376,0,0,-2,-0.008567520417,-0.001978725893,0.002581102774,0,0,0,0.3772375533,0.009164052258,0.02705769252,-0.00827745162,-0.013607339,0.0002389128204,-0.005565775361,-0.005481859809,-0.001202402299,0.7292492338,0.0002257488486,0.001351538899,-0.001097192809,1,0,0,0
26.81062102,24.79053664,torque,hover,0.0106555298,-0.007037948817,-1.622891426,0,0,-2,-0.008716158569,-0.001903982367,0.00253622327,0,0,0,0.3773247269,0.009275181806,0.02876673779,-0.006986250635,-0.01293526217,-0.0007485546521,-0.005912365813,-0.004437628994,-0.001242881692,0.7292690225,-6.190900014e-06,0.001437689502,-0.0001185144815,1,0,0,0
26.82062197,24.80053759,torque,hover,0.0104344245,-0.007482181769,-1.62271893,0,0,-2,-0.009011429735,-0.001817913144,0.00236333604,0,0,0,0.3774994912,0.009491892925,0.03023643151,-0.00622966839,-0.00788434688,-0.0005633597611,-0.00864118791,-0.005255416578,-0.001336613771,0.7292878022,-0.0007421256355,0.000427251478,-0.0003618733812,1,0,0,0
26.83062792,24.81054354,torque,hover,0.0103113614,-0.007706663106,-1.622633219,0,0,-2,-0.009116522036,-0.001715287217,0.002168470994,0,0,0,0.3775862874,0.009526565526,0.03031879261,-0.006551172119,-0.005210206844,-0.001012119581,-0.008270510887,-0.004379513279,-0.001378821387,0.7292694936,-0.0005201821064,0.0002616679995,5.497679606e-05,1,0,0,0
26.84061861,24.82053423,torque,hover,0.01018856093,-0.007926058955,-1.622550845,0,0,-2,-0.009221703745,-0.001587452134,0.001940968446,0,0,0,0.377669821,0.009556525663,0.02988967967,-0.006835950539,-0.002365078544,-0.001269658445,-0.007989080232,-0.003625755903,-0.00141232116,0.72924169,-0.0003477734517,4.148114695e-05,0.0002851811943,1,0,0,0
26.85060835,24.83052397,torque,hover,0.009944460355,-0.008350415155,-1.622385263,0,0,-2,-0.00935044419,-0.001385355834,0.001629576902,0,0,0,0.3778379428,0.009591951742,0.02808247303,-0.006809257902,0.00162689772,-0.0009636910981,-0.009109890587,-0.004714851291,-0.001499690818,0.7292228549,-0.0005948034997,-0.0007533985794,-8.924641709e-05,1,0,0,0
26.86062646,24.84054208,torque,hover,0.009810901247,-0.008578747511,-1.622297168,0,0,-2,-0.009444189258,-0.001324233483,0.001479086583,0,0,0,0.3779276097,0.009650595949,0.02649273369,-0.00669199368,0.003964697942,-0.001424803515,-0.00878076125,-0.005079535583,-0.001525462818,0.729216717,-0.0004630412309,-0.001117646271,0.0003534549289,1,0,0,0
26.87062073,24.85053635,torque,hover,0.009678072296,-0.008802575991,-1.622211933,0,0,-2,-0.009467314929,-0.00129587308,0.001357879722,0,0,0,0.3780145155,0.009651589317,0.02598273281,-0.006600836292,0.003817359917,-0.001454259502,-0.00800709276,-0.005799435081,-0.001557330272,0.7292169941,-0.0002441117752,-0.001212379308,0.0003535819784,1,0,0,0
26.88061833,24.86053395,torque,hover,0.009546098299,-0.009021734819,-1.622129679,0,0,-2,-0.009528239258,-0.001199554536,0.001160788233,0,0,0,0.3780985313,0.009673350183,0.02661468314,-0.005683633499,0.00335616665,-0.001165404101,-0.00773289688,-0.005831436406,-0.001594234124,0.7291968983,-0.0002747281027,-0.001103005821,3.103652676e-05,1,0,0,0
26.89061856,24.87053418,torque,hover,0.009414588101,-0.009236119688,-1.622050762,0,0,-2,-0.009633108042,-0.001118686865,0.000977080781,0,0,0,0.3781792786,0.009746944019,0.02823389406,-0.007317295298,0.004265013617,-0.0007229966577,-0.007846728783,-0.006075189377,-0.001640786911,0.7291789876,-5.45699554e-05,-0.001240143936,-0.0004550640894,1,0,0,0
26.90061331,24.88052893,torque,hover,0.009134864435,-0.009688601829,-1.621897459,0,0,-2,-0.009808260947,-0.0009931317763,0.0007440732443,0,0,0,0.378336948,0.009886452272,0.03266886751,-0.008479851298,0.001278490294,-0.0008468512679,-0.009856022516,-0.008345709178,-0.001712998791,0.7291756549,-0.000389537709,-0.001286015758,-0.000368037065,1,0,0,0
26.91061068,24.89052629,torque,hover,0.008996085264,-0.009908022359,-1.621811271,0,0,-2,-0.009865524247,-0.000996387098,0.0005951203057,0,0,0,0.3784254397,0.009933555461,0.03562347189,-0.008261419833,0.0001703266316,-0.0008175781695,-0.009219997999,-0.00892882768,-0.001766219954,0.7291692598,-0.0002196302714,-0.001207579812,-0.0004412614033,1,0,0,0
26.92063093,24.90054655,torque,hover,0.008857965469,-0.01012294739,-1.621728182,0,0,-2,-0.009953297675,-0.0009101208998,0.0004760147422,0,0,0,0.3785109061,0.01000615034,0.03741784058,-0.009142055176,-0.001744457521,-0.0007243512082,-0.008863956873,-0.008555871205,-0.00181963754,0.7291692568,1.478503424e-05,-0.0008062018809,-0.0005761698282,1,0,0,0
26.93060637,24.91052198,torque,hover,0.008701486513,-0.01033446006,-1.621644258,0,0,-2,-0.01000248455,-0.0008648016956,0.000320719264,0,0,0,0.3785968622,0.0100449211,0.03931511258,-0.008308985271,-0.004033161793,0.0002721199708,-0.00855752798,-0.008534075583,-0.00189921279,0.7291604133,-1.149923819e-05,-0.0004619117244,-0.001648207187,1,0,0,0
26.9406116,24.92052722,torque,hover,0.008391264826,-0.01074355748,-1.621484756,0,0,-2,-0.01018906198,-0.0006737378426,0.0001879041956,0,0,0,0.378760646,0.01021304141,0.03953134626,-0.009630162269,-0.00816445332,-0.0008070818149,-0.01062164717,-0.008603989105,-0.001977059402,0.7291847316,-0.000348118991,6.155055931e-05,-0.0005862432072,1,0,0,0
26.95060539,24.93052101,torque,hover,0.00823744107,-0.01094130706,-1.621408701,0,0,-2,-0.0102492962,-0.0005997592816,7.162234397e-05,0,0,0,0.3788389359,0.01026707912,0.03906170055,-0.01080831699,-0.01119865291,2.197731374e-05,-0.009793375696,-0.007757764868,-0.002046343255,0.7291829325,5.450814669e-05,0.0006600573432,-0.001485018184,1,0,0,0
26.96061301,24.94052863,torque,hover,0.008065485395,-0.0111308014,-1.621325612,0,0,-2,-0.010289534,-0.0004788465449,-6.840660353e-05,0,0,0,0.3789237903,0.01030089721,0.03780134328,-0.01074860897,-0.01239761803,-0.000935156364,-0.009122739889,-0.006489599523,-0.002086567055,0.7291776259,0.0002222862943,0.001073000154,-0.000542936734,1,0,0,0
26.97063065,24.95054626,torque,hover,0.00789450109,-0.01131607406,-1.621245861,0,0,-2,-0.01037501264,-0.0003312638728,-0.0002106840257,0,0,0,0.3790053752,0.01038243762,0.03682623102,-0.01030463073,-0.01261996012,-0.0008994763484,-0.008964498638,-0.005093071376,-0.002124833268,0.7291705189,0.0002048231673,0.001357001016,-0.0006071244922,1,0,0,0
26.98062778,24.96054339,torque,hover,0.007724643219,-0.01149650663,-1.621165276,0,0,-2,-0.01044982485,-0.0001871186105,-0.0003540103207,0,0,0,0.3790878371,0.01045749378,0.03624108398,-0.01118812244,-0.01224553306,-0.001442679903,-0.008699318131,-0.003911674636,-0.002151931471,0.729163446,0.0003893032923,0.001492099142,-7.551166649e-05,1,0,0,0
26.99061751,24.97053313,torque,hover,0.007374125998,-0.01184740383,-1.620999575,0,0,-2,-0.01056137867,0.0001535965421,-0.0005832579918,0,0,0,0.3792572493,0.01057858692,0.03630110227,-0.012038338,-0.01242659427,-0.002010851167,-0.0100243667,-0.002092243929,-0.002159399835,0.7291654443,0.0001220849512,0.001760696599,0.000514857314,1,0,0,0
27.00058722,24.98050284,torque,hover,0.007193255238,-0.01201777719,-1.620914578,0,0,-2,-0.01066101342,0.0003080494353,-0.0006610426935,0,0,0,0.3793440743,0.01068592903,0.03704392079,-0.01212025899,-0.0114385942,-0.002623027889,-0.009671160045,-0.001015912792,-0.002149817192,0.7291765707,0.0002434187602,0.001771394852,0.001140234481,1,0,0,0
27.01062179,24.99053741,torque,hover,0.007013796829,-0.0121833887,-1.620832324,0,0,-2,-0.01068865974,0.0005060492549,-0.0007268169429,0,0,0,0.3794281945,0.01072528767,0.03860321794,-0.01253587939,-0.009121631272,-0.001680709538,-0.00869274133,0.0001560943554,-0.002166822173,0.7291897062,0.0005397719996,0.00162313101,0.0001579635236,1,0,0,0
27.02062321,25.00053883,torque,hover,0.006654144265,-0.01252090186,-1.62066102,0,0,-2,-0.01073291805,0.0009516882128,-0.0008810097934,0,0,0,0.3796038885,0.01081098601,0.04260826964,-0.01285575517,-0.004670183174,-0.0008066990413,-0.009210637664,0.00179334261,-0.002233700013,0.7292126698,0.0003787282924,0.001252037017,-0.0007742954664,1,0,0,0
27.03061557,25.01053119,torque,hover,0.006473585498,-0.0126928594,-1.620569348,0,0,-2,-0.0107874088,0.001128040953,-0.0009352982161,0,0,0,0.3796980846,0.01088648004,0.04336888516,-0.01294292416,-0.002611971227,-0.001859229524,-0.008420241769,0.001992039157,-0.002246909189,0.7292321699,0.0005873653724,0.0009357679467,0.0002782264738,1,0,0,0
27.04061842,25.02053404,torque,hover,0.006294475403,-0.01286025066,-1.620480776,0,0,-2,-0.01072138362,0.001284088008,-0.001015568268,0,0,0,0.3797892152,0.01084565939,0.04384580487,-0.01345730852,0.0006189860869,-0.001615265966,-0.006733206026,0.001753009231,-0.002268980771,0.72924396,0.001038747127,0.0003800400858,-2.088444047e-06,0,0,0,0
