t,flight_t,mode,scenario,x,y,z,xd,yd,zd,vx,vy,vz,vxd,vyd,vzd,pos_err,vel_err,att_err_deg,wx,wy,wz,wspx,wspy,wspz,thrust_norm,taux_norm,tauy_norm,tauz_norm,armed,nav_state,failsafe,preflight_ok
0,0,rate,aggressive,0.00251627597,-0.008855404332,0.04478359222,0,0,-0,0.009513505735,-0.01108566206,0.003206735244,0,0,-0,0.04572001709,0.01495599698,0.5510591023,-0.0009805676527,-8.915244689e-05,0.0003191015858,4.659991958,-8.490332459,-0.01620374121,0.6090528258,0,0,0,0,255,0,0
0.01005506516,0,rate,aggressive,0.00251627597,-0.008855404332,0.04478359222,0,0,-0,0.009513505735,-0.01108566206,0.003206735244,0,0,-0,0.04572001709,0.01495599698,0.5510591023,-0.0009805676527,-8.915244689e-05,0.0003191015858,3.503092142,-6.382503917,-0.01216693452,0.6090528258,0,0,0,0,255,0,0
0.02000594139,0,rate,aggressive,0.002422985388,-0.009245996363,0.04478980601,0,0,-0,0.009275979362,-0.01149513759,0.00313438708,0,0,-0,0.04579831907,0.01509987959,0.5600815292,-8.266803343e-05,-0.0003375120286,0.0001487053523,2.630674196,-4.810350399,-0.007721618878,0.6090367762,0,0,0,0,0,0,0
0.03002738953,0,rate,aggressive,0.002422985388,-0.009245996363,0.04478980601,0,0,-0,0.009275979362,-0.01149513759,0.00313438708,0,0,-0,0.04579831907,0.01509987959,0.5600815292,-8.266803343e-05,-0.0003375120286,0.0001487053523,1.980813674,-3.622983293,-0.005812059546,0.6090367762,0,0,0,0,0,0,0
0.04000020027,0,rate,aggressive,0.002328657545,-0.009583909996,0.0447730124,0,0,-0,0.00893374905,-0.01169651933,0.003021684708,0,0,-0,0.04584644606,0.01502501298,0.5649402913,-0.001050364343,0.0007097474881,0.0001495924371,1.487947633,-2.738349979,-0.00371045623,0.6090021659,0,0,0,0,0,0,0
0.05002522469,0,rate,aggressive,0.002328657545,-0.009583909996,0.0447730124,0,0,-0,0.00893374905,-0.01169651933,0.003021684708,0,0,-0,0.04584644606,0.01502501298,0.5649402913,-0.001050364343,0.0007097474881,0.0001495924371,1.123450284,-2.069306957,-0.002819436112,0.6090021659,0,0,0,0,0,0,0
0.06001639366,0,rate,aggressive,0.002265662421,-0.009791661054,0.04475410283,0,0,-0,0.008762166835,-0.01177716535,0.002961579943,0,0,-0,0.04586872107,0.01497491726,0.566905563,-7.843330968e-05,-6.17345213e-05,-0.0003346618323,0.8470785436,-1.570633839,-0.001951698036,0.6089801899,0,0,0,0,0,0,0
0.07004618645,0,rate,aggressive,0.002265662421,-0.009791661054,0.04475410283,0,0,-0,0.008762166835,-0.01177716535,0.002961579943,0,0,-0,0.04586872107,0.01497491726,0.566905563,-7.843330968e-05,-6.17345213e-05,-0.0003346618323,0.642614001,-1.193673573,-0.001504971175,0.6089801899,0,0,0,0,0,0,0
0.08000612259,0,rate,aggressive,0.002176221227,-0.01005652174,0.04473111033,0,0,-0,0.008397075348,-0.01182233077,0.002937275916,0,0,-0,0.04589925708,0.01479547123,0.5670842274,-0.0006393693038,-0.0009580045007,0.0004271600628,0.4839246445,-0.9141410309,-0.001062223651,0.6089659085,0,0,0,0,0,0,0
0.09003996849,0,rate,aggressive,0.002176221227,-0.01005652174,0.04473111033,0,0,-0,0.008397075348,-0.01182233077,0.002937275916,0,0,-0,0.04589925708,0.01479547123,0.5670842274,-0.0006393693038,-0.0009580045007,0.0004271600628,0.369938586,-0.7014502881,-0.000854434611,0.6089659085,0,0,0,0,0,0,0
0.09999847412,0,rate,aggressive,0.002117500408,-0.01021894999,0.04469694197,0,0,-0,0.008207416162,-0.01182725467,0.002875927603,0,0,-0,0.04589909987,0.01468048339,0.5667580224,-0.001147605828,-0.0002531408973,0.0001199540129,0.281525269,-0.5436218724,-0.0007291124313,0.6089381498,0,0,0,0,0,0,0
0.1100301743,0,rate,aggressive,0.002117500408,-0.01021894999,0.04469694197,0,0,-0,0.008207416162,-0.01182725467,0.002875927603,0,0,-0,0.04589909987,0.01468048339,0.5667580224,-0.001147605828,-0.0002531408973,0.0001199540129,0.2179736686,-0.4236217406,-0.0006237826956,0.6089381498,0,0,0,0,0,0,0
0.1199996471,0,rate,aggressive,0.002000111388,-0.01034316514,0.04460076988,0,0,-0,0.007986781187,-0.01173277479,0.002783277538,0,0,-0,0.04582805019,0.01446351658,0.5628924749,0.0002160110016,7.360768359e-05,-0.0001102215974,0.1663412591,-0.3337367268,-0.0005749366955,0.6088800852,0,0,0,0,0,0,0
0.1300528049,0,rate,aggressive,0.002000111388,-0.01034316514,0.04460076988,0,0,-0,0.007986781187,-0.01173277479,0.002783277538,0,0,-0,0.04582805019,0.01446351658,0.5628924749,0.0002160110016,7.360768359e-05,-0.0001102215974,0.1313324657,-0.2661861803,-0.0005241126866,0.6088800852,0,0,0,0,0,0,0
0.1400125027,0,rate,aggressive,0.001920327311,-0.01039882842,0.04453185201,0,0,-0,0.007782547269,-0.01163486391,0.002747763181,0,0,-0,0.04577017733,0.01426493262,0.5587119903,0.000518053479,-0.0001114464467,0.0008398325299,0.1018974622,-0.2148320702,-0.0005823858321,0.6088463217,0,0,0,0,0,0,0
0.1500544548,0,rate,aggressive,0.001920327311,-0.01039882842,0.04453185201,0,0,-0,0.007782547269,-0.01163486391,0.002747763181,0,0,-0,0.04577017733,0.01426493262,0.5587119903,0.000518053479,-0.0001114464467,0.0008398325299,0.08280152467,-0.176949939,-0.0005573114791,0.6088463217,0,0,0,0,0,0,0
0.1600105762,0,rate,aggressive,0.001798898797,-0.010441483,0.04445065558,0,0,-0,0.007548375987,-0.01136999764,0.002728526713,0,0,-0,0.04569596684,0.0139176034,0.5498062145,0.0003190559801,-0.0008978011901,-0.0003276203061,0.06465173414,-0.1457587777,-0.0006213956714,0.6088123997,0,0,0,0,0,0,0
0.1700539589,0,rate,aggressive,0.001798898797,-0.010441483,0.04445065558,0,0,-0,0.007548375987,-0.01136999764,0.002728526713,0,0,-0,0.04569596684,0.0139176034,0.5498062145,0.0003190559801,-0.0008978011901,-0.0003276203061,0.05463120296,-0.1249453413,-0.0006100553186,0.6088123997,0,0,0,0,0,0,0
0.1800098419,0,rate,aggressive,0.001716851024,-0.01041957643,0.04441431165,0,0,-0,0.007409366779,-0.01120443922,0.002599964384,0,0,-0,0.04565245042,0.01368203161,0.5433092507,0.0002195070556,0.0006490137312,-2.390424379e-05,0.04483029664,-0.1069755721,-0.0006836227199,0.6087668717,0,0,0,0,0,0,0
0.190069437,0,rate,aggressive,0.001716851024,-0.01041957643,0.04441431165,0,0,-0,0.007409366779,-0.01120443922,0.002599964384,0,0,-0,0.04565245042,0.01368203161,0.5433092507,0.0002195070556,0.0006490137312,-2.390424379e-05,0.03963195063,-0.09569602635,-0.000678712843,0.6087668717,0,0,0,0,0,0,0
0.2000124454,0,rate,aggressive,0.001600296586,-0.01035687979,0.04435175657,0,0,-0,0.007153844461,-0.01087736245,0.002513396554,0,0,-0,0.04557306462,0.01325939918,0.5316532691,-0.0005147347692,-0.0004757723946,0.0001447460672,0.03206311509,-0.08248676291,-0.000815737104,0.608722607,0,0,0,0,0,0,0
0.2100701332,0,rate,aggressive,0.001600296586,-0.01035687979,0.04435175657,0,0,-0,0.007153844461,-0.01087736245,0.002513396554,0,0,-0,0.04557306462,0.01325939918,0.5316532691,-0.0005147347692,-0.0004757723946,0.0001447460672,0.02985085851,-0.07702527968,-0.0008155911504,0.608722607,0,0,0,0,0,0,0
0.2200160027,0,rate,aggressive,0.001526882406,-0.01027049311,0.0443072021,0,0,-0,0.006939002778,-0.01059381105,0.002458193572,0,0,-0,0.04550760987,0.01290043828,0.5206313662,-0.0002904127759,-0.000895383535,-0.001165651134,0.02546961799,-0.06836769971,-0.0008896948105,0.6086928164,0,0,0,0,0,0,0
0.230066061,0,rate,aggressive,0.001526882406,-0.01027049311,0.0443072021,0,0,-0,0.006939002778,-0.01059381105,0.002458193572,0,0,-0,0.04550760987,0.01290043828,0.5206313662,-0.0002904127759,-0.000895383535,-0.001165651134,0.02475220768,-0.06613293599,-0.0008919819293,0.6086928164,0,0,0,0,0,0,0
0.2400131226,0,rate,aggressive,0.001412100857,-0.01009697095,0.04426683486,0,0,-0,0.006637217943,-0.01020618714,0.002283649519,0,0,-0,0.04542571429,0.01238684678,0.5046408884,-0.0004411987611,-0.0002571931691,0.0006501083844,0.02031538408,-0.05754175414,-0.001024438455,0.6086343767,0,0,0,0,0,0,0
0.25005126,0,rate,aggressive,0.001412100857,-0.01009697095,0.04426683486,0,0,-0,0.006637217943,-0.01020618714,0.002283649519,0,0,-0,0.04542571429,0.01238684678,0.5046408884,-0.0004411987611,-0.0002571931691,0.0006501083844,0.02066932591,-0.057570841,-0.001029277785,0.6086343767,0,0,0,0,0,0,0
0.2600355148,0,rate,aggressive,0.001334564527,-0.009971575812,0.04424315691,0,0,-0,0.006416451652,-0.009989721701,0.002192938933,0,0,-0,0.04537257233,0.01207370584,0.4949816176,-0.0001865147206,0.0009270919836,-0.0001884969824,0.01807763043,-0.05336791589,-0.001124232692,0.608603024,0,0,0,0,0,0,0
0.2700688839,0,rate,aggressive,0.001334564527,-0.009971575812,0.04424315691,0,0,-0,0.006416451652,-0.009989721701,0.002192938933,0,0,-0,0.04537257233,0.01207370584,0.4949816176,-0.0001865147206,0.0009270919836,-0.0001884969824,0.01882731645,-0.05418463508,-0.001129022198,0.608603024,0,0,0,0,0,0,0
0.2800488472,0,rate,aggressive,0.001192803495,-0.009711660445,0.0442545265,0,0,-0,0.006250652019,-0.009553415701,0.002084107604,0,0,-0,0.04532330796,0.01160525341,0.4773444037,0.0002924338041,0.0005987061886,-0.0001891971333,0.01667723116,-0.04642276531,-0.001249046396,0.6085799502,0,0,0,0,0,0,0
0.2901573181,0,rate,aggressive,0.001192803495,-0.009711660445,0.0442545265,0,0,-0,0.006250652019,-0.009553415701,0.002084107604,0,0,-0,0.04532330796,0.01160525341,0.4773444037,0.0002924338041,0.0005987061886,-0.0001891971333,0.01762021638,-0.04845591425,-0.001256128884,0.6085799502,0,0,0,0,0,0,0
0.3000206947,0,rate,aggressive,0.001100175316,-0.00950940419,0.04427953064,0,0,-0,0.006107651629,-0.00920169428,0.002052990487,0,0,-0,0.04530249428,0.01123340358,0.4641737738,0.0006410639617,0.0006689104484,0.0002371148003,0.0163010826,-0.04337041497,-0.001335277788,0.6085813587,0,0,0,0,0,0,0
0.310033083,0,rate,aggressive,0.001100175316,-0.00950940419,0.04427953064,0,0,-0,0.006107651629,-0.00920169428,0.002052990487,0,0,-0,0.04530249428,0.01123340358,0.4641737738,0.0006410639617,0.0006689104484,0.0002371148003,0.01722347785,-0.04577738913,-0.001342691282,0.6085813587,0,0,0,0,0,0,0
0.3200070858,0,rate,aggressive,0.0009626649553,-0.009165296331,0.04432290792,0,0,-0,0.005893070716,-0.008743418381,0.002003537724,0,0,-0,0.04527084655,0.01073265162,0.4435137716,3.495305282e-05,-0.0006666313275,0.001006264822,0.01493548635,-0.03775664983,-0.001513520169,0.608584986,0,0,0,0,0,0,0
0.3300504684,0,rate,aggressive,0.0009626649553,-0.009165296331,0.04432290792,0,0,-0,0.005893070716,-0.008743418381,0.002003537724,0,0,-0,0.04527084655,0.01073265162,0.4435137716,3.495305282e-05,-0.0006666313275,0.001006264822,0.01603605775,-0.04094792371,-0.001522557691,0.608584986,0,0,0,0,0,0,0
0.3400242329,0,rate,aggressive,0.000884269888,-0.008914685808,0.04432655871,0,0,-0,0.005762545392,-0.008345125243,0.001980354544,0,0,-0,0.04522275272,0.01033294967,0.4289289202,-0.0004217934329,0.0003313072084,-0.0001346217468,0.01532777896,-0.03571607174,-0.001622453925,0.6085806549,0,0,0,0,0,0,0
0.3500418663,0,rate,aggressive,0.000884269888,-0.008914685808,0.04432655871,0,0,-0,0.005762545392,-0.008345125243,0.001980354544,0,0,-0,0.04522275272,0.01033294967,0.4289289202,-0.0004217934329,0.0003313072084,-0.0001346217468,0.01625233574,-0.03896565069,-0.001631430715,0.6085806549,0,0,0,0,0,0,0
0.3600130081,0,rate,aggressive,0.0007868895191,-0.008507641964,0.04429577291,0,0,-0,0.005662376992,-0.007772252895,0.001838024356,0,0,-0,0.04511224517,0.009790238087,0.4071660704,0.0006991346017,0.0002731148852,0.0004895813181,0.01585957305,-0.02986017167,-0.001808140873,0.6085337723,0,0,0,0,0,0,0
0.3700294495,0,rate,aggressive,0.0007868895191,-0.008507641964,0.04429577291,0,0,-0,0.005662376992,-0.007772252895,0.001838024356,0,0,-0,0.04511224517,0.009790238087,0.4071660704,0.0006991346017,0.0002731148852,0.0004895813181,0.01659504516,-0.03387140686,-0.001819132088,0.6085337723,0,0,0,0,0,0,0
0.380011797,0,rate,aggressive,0.0007552410243,-0.0081878528,0.04425361753,0,0,-0,0.005596118048,-0.007339590229,0.0018190681,0,0,-0,0.04501104294,0.009407185057,0.3910686112,-0.0004629731993,-0.0007388041122,-0.0003639789065,0.01697650653,-0.02806777487,-0.001909824683,0.6085139366,0,0,0,0,0,0,0
0.3900523186,0,rate,aggressive,0.0007552410243,-0.0081878528,0.04425361753,0,0,-0,0.005596118048,-0.007339590229,0.0018190681,0,0,-0,0.04501104294,0.009407185057,0.3910686112,-0.0004629731993,-0.0007388041122,-0.0003639789065,0.01742764228,-0.03199021908,-0.001920587446,0.6085139366,0,0,0,0,0,0,0
0.4000089169,0,rate,aggressive,0.0007305678446,-0.007703905925,0.0441789031,0,0,-0,0.005474972073,-0.006750999484,0.001599719515,0,0,-0,0.0448515259,0.008838009717,0.3684517284,0.000309959054,-0.0003057833819,-0.000222638133,0.01745197237,-0.02233993474,-0.002071815187,0.6084315662,0,0,0,0,0,0,0
0.4100542068,0,rate,aggressive,0.0007305678446,-0.007703905925,0.0441789031,0,0,-0,0.005474972073,-0.006750999484,0.001599719515,0,0,-0,0.0448515259,0.008838009717,0.3684517284,0.000309959054,-0.0003057833819,-0.000222638133,0.01775911386,-0.02693869794,-0.002084322799,0.6084315662,0,0,0,0,0,0,0
0.4200162888,0,rate,aggressive,0.0007416558219,-0.007364432327,0.04410806298,0,0,-0,0.005411088001,-0.006349264178,0.001430943608,0,0,-0,0.04472478213,0.00846407872,0.3536584163,-0.0001408353855,0.0005298975157,-0.001186937094,0.01839787537,-0.02174203786,-0.002114471478,0.6083632806,0,0,0,0,0,0,0
0.4300708771,0,rate,aggressive,0.0007416558219,-0.007364432327,0.04410806298,0,0,-0,0.005411088001,-0.006349264178,0.001430943608,0,0,-0,0.04472478213,0.00846407872,0.3536584163,-0.0001408353855,0.0005298975157,-0.001186937094,0.01849810979,-0.02597217678,-0.002126037736,0.6083632806,0,0,0,0,0,0,0
0.4400212765,0,rate,aggressive,0.0007933675079,-0.006821763702,0.043969661,0,0,-0,0.005398837384,-0.005700776819,0.001296210336,0,0,-0,0.04450277497,0.007957792575,0.3329020514,-0.0005650371895,0.0003582382633,2.40086265e-05,0.02062550428,-0.01550100624,-0.002239927699,0.6082791329,0,0,0,0,0,0,0
0.4500916004,0,rate,aggressive,0.0007933675079,-0.006821763702,0.043969661,0,0,-0,0.005398837384,-0.005700776819,0.001296210336,0,0,-0,0.04450277497,0.007957792575,0.3329020514,-0.0005650371895,0.0003582382633,2.40086265e-05,0.02030210816,-0.02049760801,-0.002253933148,0.6082791329,0,0,0,0,0,0,0
0.4600150585,0,rate,aggressive,0.0008399193175,-0.006454998627,0.04386590421,0,0,-0,0.005413869862,-0.005264983978,0.001117216423,0,0,-0,0.04434625152,0.00763401701,0.3198559997,-0.0005548363551,-4.874125807e-05,5.332156798e-05,0.02185131695,-0.01506933516,-0.002343068937,0.6081962411,0,0,0,0,0,0,0
0.4700598717,0,rate,aggressive,0.0008399193175,-0.006454998627,0.04386590421,0,0,-0,0.005413869862,-0.005264983978,0.001117216423,0,0,-0,0.04434625152,0.00763401701,0.3198559997,-0.0005548363551,-4.874125807e-05,5.332156798e-05,0.02133675438,-0.0196399497,-0.002356123443,0.6081962411,0,0,0,0,0,0,0
0.4800224304,0,rate,aggressive,0.0009612283902,-0.005859199446,0.04367497563,0,0,-0,0.005419124849,-0.004480699077,0.001003803103,0,0,-0,0.04407672486,0.007102900747,0.2982683613,0.0005415218766,-0.0005078932736,-0.0001244819141,0.02425505597,-0.0073925768,-0.002436036664,0.6080984617,0,0,0,0,0,0,0
0.4900796413,0,rate,aggressive,0.0009612283902,-0.005859199446,0.04367497563,0,0,-0,0.005419124849,-0.004480699077,0.001003803103,0,0,-0,0.04407672486,0.007102900747,0.2982683613,0.0005415218766,-0.0005078932736,-0.0001244819141,0.02333676369,-0.01295745756,-0.002452356974,0.6080984617,0,0,0,0,0,0,0
0.5000267029,0,rate,aggressive,0.001043163589,-0.005471290555,0.04354177415,0,0,-0,0.005509786308,-0.003985366318,0.0009392684442,0,0,-0,0.04389657512,0.006864627817,0.2865263818,0.0001544361585,-0.0002561511646,9.076238348e-05,0.02571917749,-0.007145921312,-0.002554087239,0.6080339012,0,0,0,0,0,0,0
0.5100700855,0,rate,aggressive,0.001043163589,-0.005471290555,0.04354177415,0,0,-0,0.005509786308,-0.003985366318,0.0009392684442,0,0,-0,0.04389657512,0.006864627817,0.2865263818,0.0001544361585,-0.0002561511646,9.076238348e-05,0.02461495328,-0.01217972113,-0.002569271294,0.6080339012,0,0,0,0,0,0,0
0.5200526714,0,rate,aggressive,0.001168510527,-0.004906088579,0.0433601141,0,0,-0,0.005602622405,-0.003394235857,0.0007210504264,0,0,-0,0.04365242968,0.006590153912,0.2720191964,-0.0003415372048,-0.0006748050218,-0.0001795851567,0.02778611714,-0.002699204676,-0.002679156495,0.6079128363,0,0,0,0,0,0,0
0.5300650597,0,rate,aggressive,0.001168510527,-0.004906088579,0.0433601141,0,0,-0,0.005602622405,-0.003394235857,0.0007210504264,0,0,-0,0.04365242968,0.006590153912,0.2720191964,-0.0003415372048,-0.0006748050218,-0.0001795851567,0.02640084802,-0.00804237408,-0.002695777577,0.6079128363,0,0,0,0,0,0,0
0.5400342941,0,rate,aggressive,0.00120914157,-0.004559914581,0.04325009882,0,0,-0,0.005618703086,-0.003016189672,0.0006659257342,0,0,-0,0.04350661895,0.006411761192,0.263332085,0.0002721007622,-0.0001715663384,0.00141876936,0.02694676525,-0.00375192074,-0.002818801405,0.6078590344,0,0,0,0,0,0,0
0.5500767231,0,rate,aggressive,0.00120914157,-0.004559914581,0.04325009882,0,0,-0,0.005618703086,-0.003016189672,0.0006659257342,0,0,-0,0.04350661895,0.006411761192,0.263332085,0.0002721007622,-0.0001715663384,0.00141876936,0.02586609137,-0.008348419071,-0.002833257359,0.6078590344,0,0,0,0,0,0,0
0.560035944,0,rate,aggressive,0.001251154812,-0.004222628195,0.04314227402,0,0,-0,0.005603879225,-0.002663687803,0.0005565960309,0,0,-0,0.04336648228,0.006229646396,0.2557744624,0.0001855129085,0.0004707910994,0.000190416773,0.02633080022,-0.003909395106,-0.00291937612,0.607792256,0,0,0,0,0,0,0
0.570057869,0,rate,aggressive,0.001251154812,-0.004222628195,0.04314227402,0,0,-0,0.005603879225,-0.002663687803,0.0005565960309,0,0,-0,0.04336648228,0.006229646396,0.2557744624,0.0001855129085,0.0004707910994,0.000190416773,0.02548631167,-0.008020743278,-0.002932489516,0.607792256,0,0,0,0,0,0,0
0.5800178051,0,rate,aggressive,0.001280293334,-0.003732022364,0.04294680059,0,0,-0,0.005487430375,-0.002206685487,0.0003047441714,0,0,-0,0.04312765728,0.005922349362,0.2436885203,0.0003305638966,-7.119736983e-05,0.0004786242789,0.02524583712,3.750741382e-05,-0.003035222284,0.6076576508,0,0,0,0,0,0,0
0.5900788307,0,rate,aggressive,0.001280293334,-0.003732022364,0.04294680059,0,0,-0,0.005487430375,-0.002206685487,0.0003047441714,0,0,-0,0.04312765728,0.005922349362,0.2436885203,0.0003305638966,-7.119736983e-05,0.0004786242789,0.02470484823,-0.004411410487,-0.003049509754,0.6076576508,0,0,0,0,0,0,0
0.6000270844,0,rate,aggressive,0.001314630033,-0.003248062683,0.04272788763,0,0,-0,0.00540813338,-0.001601033495,0.0001479829516,0,0,-0,0.04287132544,0.005642084177,0.2324802657,-0.0004116750788,-0.0002430810564,0.0002845772542,0.02523568213,0.004691883082,-0.003117005849,0.6075386364,0,0,0,0,0,0,0
0.6101016998,0,rate,aggressive,0.001314630033,-0.003248062683,0.04272788763,0,0,-0,0.00540813338,-0.001601033495,0.0001479829516,0,0,-0,0.04287132544,0.005642084177,0.2324802657,-0.0004116750788,-0.0002430810564,0.0002845772542,0.02474972518,-0.0002204929762,-0.003133003904,0.6075386364,0,0,0,0,0,0,0
0.6200287342,0,rate,aggressive,0.001342392759,-0.002920004772,0.04255887866,0,0,-0,0.00536480872,-0.001271832152,1.437386527e-05,0,0,-0,0.04268004919,0.005513523032,0.2274448096,-0.001258075587,-5.202336251e-05,0.0005849183071,0.02521416514,0.003725607028,-0.003190913172,0.6074435229,0,0,0,0,0,0,0
0.6300542355,0,rate,aggressive,0.001342392759,-0.002920004772,0.04255887866,0,0,-0,0.00536480872,-0.001271832152,1.437386527e-05,0,0,-0,0.04268004919,0.005513523032,0.2274448096,-0.001258075587,-5.202336251e-05,0.0005849183071,0.02480202598,-0.0005095900597,-0.003204907166,0.6074435229,0,0,0,0,0,0,0
0.6400284767,0,rate,aggressive,0.001405722578,-0.002432816429,0.04229998589,0,0,-0,0.005330982618,-0.0007809788221,-0.0001442807843,0,0,-0,0.04239320061,0.005389816373,0.2210196667,0.0008847849676,0.0001034100715,-0.0009181192727,0.02613297689,0.007522597776,-0.003208351965,0.6073095153,0,0,0,0,0,0,0
0.6500544548,0,rate,aggressive,0.001405722578,-0.002432816429,0.04229998589,0,0,-0,0.005330982618,-0.0007809788221,-0.0001442807843,0,0,-0,0.04239320061,0.005389816373,0.2210196667,0.0008847849676,0.0001034100715,-0.0009181192727,0.02558047226,0.002971835244,-0.003223646317,0.6073095153,0,0,0,0,0,0,0
0.6600191593,0,rate,aggressive,0.001454915502,-0.002113946248,0.04212939739,0,0,-0,0.005308145657,-0.0004351988318,-0.0002227027871,0,0,-0,0.04220748361,0.005330610178,0.2185106931,-0.001007420593,6.76353593e-05,2.06923105e-05,0.02644218815,0.007188299321,-0.003268046089,0.6072278113,0,0,0,0,0,0,0
0.6700518131,0,rate,aggressive,0.001454915502,-0.002113946248,0.04212939739,0,0,-0,0.005308145657,-0.0004351988318,-0.0002227027871,0,0,-0,0.04220748361,0.005330610178,0.2185106931,-0.001007420593,6.76353593e-05,2.06923105e-05,0.02589841324,0.003160484607,-0.003281776265,0.6072278113,0,0,0,0,0,0,0
0.6800234318,0,rate,aggressive,0.001588754822,-0.001636768458,0.04183916748,0,0,-0,0.005356552545,3.225055843e-05,-0.0003483897308,0,0,-0,0.04190130175,0.005367967089,0.2189680066,-0.0008414371987,-0.0001044089586,0.000401677331,0.02887920066,0.01081841147,-0.003328993505,0.6070907394,0,0,0,0,0,0,0
0.6900429726,0,rate,aggressive,0.001588754822,-0.001636768458,0.04183916748,0,0,-0,0.005356552545,3.225055843e-05,-0.0003483897308,0,0,-0,0.04190130175,0.005367967089,0.2189680066,-0.0008414371987,-0.0001044089586,0.000401677331,0.02792165416,0.006488786378,-0.003344178053,0.6070907394,0,0,0,0,0,0,0
0.7000088692,0,rate,aggressive,0.001693765749,-0.001329525025,0.04164068401,0,0,-0,0.005345064681,0.0003650378203,-0.000486754434,0,0,-0,0.04169631931,0.005379581669,0.2202981883,-0.0002204912162,-0.0003307834268,0.001254586154,0.02925951633,0.01048053227,-0.003414766551,0.6069837041,0,0,0,0,0,0,0
0.7100374699,0,rate,aggressive,0.001693765749,-0.001329525025,0.04164068401,0,0,-0,0.005345064681,0.0003650378203,-0.000486754434,0,0,-0,0.04169631931,0.005379581669,0.2202981883,-0.0002204912162,-0.0003307834268,0.001254586154,0.02833172959,0.00664795184,-0.003428426853,0.6069837041,0,0,0,0,0,0,0
0.7200062275,0,rate,aggressive,0.001876043272,-0.0008881353424,0.04133239388,0,0,-0,0.005575302523,0.0006808951148,-0.0008121904684,0,0,-0,0.04138447906,0.005675144909,0.2281002107,-0.000259240478,-0.0003379232367,0.0001960759546,0.03327321492,0.01220784638,-0.003457273129,0.6067893768,0,0,0,0,0,0,0
0.7300436497,0,rate,aggressive,0.001876043272,-0.0008881353424,0.04133239388,0,0,-0,0.005575302523,0.0006808951148,-0.0008121904684,0,0,-0,0.04138447906,0.005675144909,0.2281002107,-0.000259240478,-0.0003379232367,0.0001960759546,0.03165709011,0.008426138024,-0.003471312359,0.6067893768,0,0,0,0,0,0,0
0.7400212288,0,rate,aggressive,0.002039244631,-0.0006136697484,0.04108332098,0,0,-0,0.005634848028,0.0008930368931,-0.0009442572482,0,0,-0,0.04113847799,0.005782789028,0.2342049018,-0.0008694906719,-0.0005989166093,0.001062357333,0.03384115901,0.01095449428,-0.003548794757,0.6066655524,0,0,0,0,0,0,0
0.7500896454,0,rate,aggressive,0.002039244631,-0.0006136697484,0.04108332098,0,0,-0,0.005634848028,0.0008930368931,-0.0009442572482,0,0,-0,0.04113847799,0.005782789028,0.2342049018,-0.0008694906719,-0.0005989166093,0.001062357333,0.03229076408,0.007781050165,-0.003560883118,0.6066655524,0,0,0,0,0,0,0
0.7600355148,0,rate,aggressive,0.002294055652,-0.0002141196892,0.04072479904,0,0,-0,0.005831643008,0.001079699607,-0.001221581828,0,0,-0,0.04078992272,0.006055251735,0.2446554914,4.625895599e-05,-0.0008100186824,0.0005896590883,0.03717036611,0.01193100037,-0.003599887279,0.6064652088,0,0,0,0,0,0,0
0.77003479,0,rate,aggressive,0.002294055652,-0.0002141196892,0.04072479904,0,0,-0,0.005831643008,0.001079699607,-0.001221581828,0,0,-0,0.04078992272,0.006055251735,0.2446554914,4.625895599e-05,-0.0008100186824,0.0005896590883,0.03512403064,0.008887895307,-0.003611945384,0.6064652088,0,0,0,0,0,0,0
0.7800543308,0,rate,aggressive,0.002480715048,4.702253136e-05,0.04047429562,0,0,-0,0.006025111768,0.001243778388,-0.001353517291,0,0,-0,0.04055027452,0.00629928294,0.2536948404,-0.001001351513,-0.00035392071,0.0005839317455,0.03850753548,0.01113398765,-0.003616119382,0.6063408723,0,0,0,0,0,0,0
0.7900574207,0,rate,aggressive,0.002480715048,4.702253136e-05,0.04047429562,0,0,-0,0.006025111768,0.001243778388,-0.001353517291,0,0,-0,0.04055027452,0.00629928294,0.2536948404,-0.001001351513,-0.00035392071,0.0005839317455,0.03640785548,0.0085410477,-0.00362674148,0.6063408723,0,0,0,0,0,0,0
0.8000259399,0,rate,aggressive,0.002773078857,0.0004475874593,0.04006503522,0,0,-0,0.006281214766,0.001520097721,-0.001503855688,0,0,-0,0.04016338318,0.006635204439,0.2678366613,-0.001170398551,-0.0004846044467,0.0001858416508,0.04213551548,0.01386364841,-0.003618681891,0.6061542768,0,0,0,0,0,0,0
0.8101072311,0,rate,aggressive,0.002773078857,0.0004475874593,0.04006503522,0,0,-0,0.006281214766,0.001520097721,-0.001503855688,0,0,-0,0.04016338318,0.006635204439,0.2678366613,-0.001170398551,-0.0004846044467,0.0001858416508,0.0395519486,0.01099000658,-0.003631013424,0.6061542768,0,0,0,0,0,0,0
0.8200352192,0,rate,aggressive,0.002971814014,0.000712057983,0.03980024159,0,0,-0,0.006546615157,0.00179771299,-0.001665607793,0,0,-0,0.03991738889,0.00699029265,0.2792186775,-0.0001334985864,1.885559141e-05,6.872170343e-05,0.04356574168,0.01446610966,-0.003615195645,0.606017183,0,0,0,0,0,0,0
0.8301866055,0,rate,aggressive,0.002971814014,0.000712057983,0.03980024159,0,0,-0,0.006546615157,0.00179771299,-0.001665607793,0,0,-0,0.03991738889,0.00699029265,0.2792186775,-0.0001334985864,1.885559141e-05,6.872170343e-05,0.04095543744,0.0117426477,-0.003627333273,0.606017183,0,0,0,0,0,0,0
0.8400523663,0,rate,aggressive,0.00326522626,0.00109844876,0.03937502205,0,0,-0,0.006690935232,0.002012580633,-0.001910857623,0,0,-0,0.03952544312,0.007243650457,0.2916207611,-0.0001814423595,0.000149079191,-9.421406867e-05,0.04510074871,0.01630342768,-0.003621172459,0.6058007902,0,0,0,0,0,0,0
0.8501067162,0,rate,aggressive,0.00326522626,0.00109844876,0.03937502205,0,0,-0,0.006690935232,0.002012580633,-0.001910857623,0,0,-0,0.03952544312,0.007243650457,0.2916207611,-0.0001814423595,0.000149079191,-9.421406867e-05,0.04245128926,0.0134756971,-0.003634280623,0.6058007902,0,0,0,0,0,0,0
0.8600239754,0,rate,aggressive,0.003459193977,0.001344842254,0.03910307586,0,0,-0,0.00688186381,0.002183004981,-0.001950537902,0,0,-0,0.03927881319,0.007478646827,0.30167241,-0.00030589776,-0.0002066908492,-0.0004374167765,0.04547706727,0.01577696905,-0.00359995139,0.6056920723,0,0,0,0,0,0,0
0.8700668812,0,rate,aggressive,0.003459193977,0.001344842254,0.03910307586,0,0,-0,0.00688186381,0.002183004981,-0.001950537902,0,0,-0,0.03927881319,0.007478646827,0.30167241,-0.00030589776,-0.0002066908492,-0.0004374167765,0.04301629871,0.01331982911,-0.003611732715,0.6056920723,0,0,0,0,0,0,0
0.8800215721,0,rate,aggressive,0.003735168139,0.001673817984,0.03867688775,0,0,-0,0.007014852017,0.00231220061,-0.002221395494,0,0,-0,0.03889286302,0.007712912448,0.3137768913,-0.0006611404824,-0.0002894297068,0.0001481479703,0.04681019253,0.01646971595,-0.003582818757,0.6054688111,0,0,0,0,0,0,0
0.8900606632,0,rate,aggressive,0.003735168139,0.001673817984,0.03867688775,0,0,-0,0.007014852017,0.00231220061,-0.002221395494,0,0,-0,0.03889286302,0.007712912448,0.3137768913,-0.0006611404824,-0.0002894297068,0.0001481479703,0.04435259092,0.01410857958,-0.003594600269,0.6054688111,0,0,0,0,0,0,0
0.9000303745,0,rate,aggressive,0.003919649869,0.001882085926,0.03839555383,0,0,-0,0.00716457516,0.002507203724,-0.002418536227,0,0,-0,0.03864096862,0.007966588053,0.3238623226,-0.0006750109023,0.001016646158,0.0002567959018,0.04703450368,0.01653635441,-0.003606906894,0.6053167436,0,0,0,0,0,0,0
0.9100627899,0,rate,aggressive,0.003919649869,0.001882085926,0.03839555383,0,0,-0,0.00716457516,0.002507203724,-0.002418536227,0,0,-0,0.03864096862,0.007966588053,0.3238623226,-0.0006750109023,0.001016646158,0.0002567959018,0.04479443928,0.01437981246,-0.003618031922,0.6053167436,0,0,0,0,0,0,0
0.9200356007,0,rate,aggressive,0.004197171424,0.002176651033,0.03798486292,0,0,-0,0.007380208001,0.002575716469,-0.002592115663,0,0,-0,0.03827798152,0.008235341467,0.3362516889,0.0002812593593,-0.0001117829452,-0.0007332431269,0.04937479206,0.01665058248,-0.003607416302,0.6051237873,0,0,0,0,0,0,0
0.9301006794,0,rate,aggressive,0.004197171424,0.002176651033,0.03798486292,0,0,-0,0.007380208001,0.002575716469,-0.002592115663,0,0,-0,0.03827798152,0.008235341467,0.3362516889,0.0002812593593,-0.0001117829452,-0.0007332431269,0.0468965048,0.01468341353,-0.003617953405,0.6051237873,0,0,0,0,0,0,0
0.9400200844,0,rate,aggressive,0.004381485749,0.002349523827,0.03772391379,0,0,-0,0.007534388453,0.002628363203,-0.002700741403,0,0,-0,0.03805011631,0.008424328259,0.3443912775,-0.0005101358402,-0.0003149352269,0.0001026903046,0.04930207465,0.01552549793,-0.003578007571,0.6050016041,0,0,0,0,0,0,0
0.9500482082,0,rate,aggressive,0.004381485749,0.002349523827,0.03772391379,0,0,-0,0.007534388453,0.002628363203,-0.002700741403,0,0,-0,0.03805011631,0.008424328259,0.3443912775,-0.0005101358402,-0.0003149352269,0.0001026903046,0.04707695469,0.0139601533,-0.003586620661,0.6050016041,0,0,0,0,0,0,0
0.960026741,0,rate,aggressive,0.004640914034,0.002589799231,0.03733631968,0,0,-0,0.007757692132,0.002733184723,-0.002966305008,0,0,-0,0.03771267573,0.008743629186,0.3563332014,0.0006263936521,-0.0001892583823,0.0006878526765,0.05149604804,0.01624387569,-0.003595637283,0.6047937069,0,0,0,0,0,0,0
0.970053196,0,rate,aggressive,0.004640914034,0.002589799231,0.03733631968,0,0,-0,0.007757692132,0.002733184723,-0.002966305008,0,0,-0,0.03771267573,0.008743629186,0.3563332014,0.0006263936521,-0.0001892583823,0.0006878526765,0.04906119161,0.01466836128,-0.003604650887,0.6047937069,0,0,0,0,0,0,0
0.9800233841,0,rate,aggressive,0.004792319145,0.002732760506,0.03706076741,0,0,-0,0.007855400443,0.00272867037,-0.003116913605,0,0,-0,0.03746911774,0.008880771843,0.3619913018,-0.0003279079101,-0.000486695877,0.0004859807377,0.05033241556,0.01497129835,-0.003610692612,0.6046556479,0,0,0,0,0,0,0
0.99005723,0,rate,aggressive,0.004792319145,0.002732760506,0.03706076741,0,0,-0,0.007855400443,0.00272867037,-0.003116913605,0,0,-0,0.03746911774,0.008880771843,0.3619913018,-0.0003279079101,-0.000486695877,0.0004859807377,0.04834845409,0.01379587267,-0.003617537153,0.6046556479,0,0,0,0,0,0,0
1.000017643,0,rate,aggressive,0.004981590435,0.002914842451,0.03663817048,0,0,-0,0.007990187965,0.002865091199,-0.003383185947,0,0,-0,0.03708999981,0.009137712977,0.3705999951,-9.404248885e-06,-0.0005452095065,-0.0002775614557,0.05111994854,0.01616367402,-0.003573679498,0.6044349451,0,0,0,0,0,0,0
1.010048866,0,rate,aggressive,0.004981590435,0.002914842451,0.03663817048,0,0,-0,0.007990187965,0.002865091199,-0.003383185947,0,0,-0,0.03708999981,0.009137712977,0.3705999951,-9.404248885e-06,-0.0005452095065,-0.0002775614557,0.04917672579,0.01485053077,-0.003581548449,0.6044349451,0,0,0,0,0,0,0
1.020021439,0,rate,aggressive,0.005095771048,0.003022522898,0.03635704517,0,0,-0,0.007988144644,0.002849665936,-0.003544764826,0,0,-0,0.03683662934,0.0091921928,0.3735651084,0.0003290146415,0.0007058407064,-0.0001556299248,0.04931057313,0.0148887877,-0.003551990417,0.6042921159,0,0,0,0,0,0,0
1.030046701,0,rate,aggressive,0.005095771048,0.003022522898,0.03635704517,0,0,-0,0.007988144644,0.002849665936,-0.003544764826,0,0,-0,0.03683662934,0.0091921928,0.3735651084,0.0003290146415,0.0007058407064,-0.0001556299248,0.04790533332,0.01393963987,-0.003557749604,0.6042921159,0,0,0,0,0,0,0
1.04002285,0,rate,aggressive,0.005214204546,0.003113754559,0.03589221835,0,0,-0,0.007976982743,0.002802100731,-0.00373012037,0,0,-0,0.03640240012,0.0092410941,0.3764266118,-4.964787513e-05,-2.322934449e-07,0.0002639384766,0.04841941036,0.01360729302,-0.003555948507,0.6040767076,0,0,0,0,0,0,0
1.050057888,0,rate,aggressive,0.005214204546,0.003113754559,0.03589221835,0,0,-0,0.007976982743,0.002802100731,-0.00373012037,0,0,-0,0.03640240012,0.0092410941,0.3764266118,-4.964787513e-05,-2.322934449e-07,0.0002639384766,0.04733167018,0.01296584279,-0.00355992023,0.6040767076,0,0,0,0,0,0,0
1.060013533,0,rate,aggressive,0.00526423892,0.003139497479,0.03556165099,0,0,-0,0.007970082574,0.002670565387,-0.003905322868,0,0,-0,0.03608600389,0.009268531838,0.3767426778,3.468431896e-05,-1.567254731e-05,-0.000508346362,0.0470198975,0.01137684725,-0.003566741133,0.6039125391,0,0,0,0,0,0,0
1.070067167,0,rate,aggressive,0.00526423892,0.003139497479,0.03556165099,0,0,-0,0.007970082574,0.002670565387,-0.003905322868,0,0,-0,0.03608600389,0.009268531838,0.3767426778,3.468431896e-05,-1.567254731e-05,-0.000508346362,0.04630942798,0.01122328634,-0.003567707347,0.6039125391,0,0,0,0,0,0,0
1.080029249,0,rate,aggressive,0.005297420081,0.00312690041,0.03503422439,0,0,-0,0.007855887525,0.002422171878,-0.004294876475,0,0,-0,0.03557017071,0.00927511991,0.3727337624,-0.0005309080007,0.0008003305411,-0.0005201217136,0.04470286713,0.008413338407,-0.003514937434,0.6036228261,0,0,0,0,0,0,0
1.09005332,0,rate,aggressive,0.005297420081,0.00312690041,0.03503422439,0,0,-0,0.007855887525,0.002422171878,-0.004294876475,0,0,-0,0.03557017071,0.00927511991,0.3727337624,-0.0005309080007,0.0008003305411,-0.0005201217136,0.04448901646,0.008834356126,-0.003512311062,0.6036228261,0,0,0,0,0,0,0
1.100030184,0,rate,aggressive,0.005286845379,0.003080025548,0.03464150429,0,0,-0,0.007841118611,0.002365899971,-0.004524974152,0,0,-0,0.03517770758,0.009357137107,0.3708687822,-0.0004131314636,-0.0004554329207,0.001016201102,0.04389289415,0.007932352014,-0.003505835595,0.603422296,0,0,0,0,0,0,0
1.110049248,0,rate,aggressive,0.005286845379,0.003080025548,0.03464150429,0,0,-0,0.007841118611,0.002365899971,-0.004524974152,0,0,-0,0.03517770758,0.009357137107,0.3708687822,-0.0004131314636,-0.0004554329207,0.001016201102,0.04384235833,0.00838925123,-0.003502986896,0.603422296,0,0,0,0,0,0,0
1.120035172,0,rate,aggressive,0.005278276745,0.003005808219,0.03407454491,0,0,-0,0.007823955268,0.002226274461,-0.004903070163,0,0,-0,0.03461169888,0.009497929829,0.3683983459,-0.0003743652487,-0.0003846514737,-0.0005284272484,0.04328267732,0.006283207619,-0.003484456242,0.6031211251,0,0,0,0,0,0,0
1.130057573,0,rate,aggressive,0.005278276745,0.003005808219,0.03407454491,0,0,-0,0.007823955268,0.002226274461,-0.004903070163,0,0,-0,0.03461169888,0.009497929829,0.3683983459,-0.0003743652487,-0.0003846514737,-0.0005284272484,0.04334326274,0.006993065543,-0.003480032263,0.6031211251,0,0,0,0,0,0,0
1.140030146,0,rate,aggressive,0.005245903973,0.002916833851,0.033681795,0,0,-0,0.007765220478,0.00207183673,-0.005084702279,0,0,-0,0.0342124355,0.00951027622,0.3644097075,0.0003262981772,-0.0009018307319,0.0006309494493,0.04202848826,0.00492268828,-0.003480264825,0.6029328986,0,0,0,0,0,0,0
1.150110006,0,rate,aggressive,0.005245903973,0.002916833851,0.033681795,0,0,-0,0.007765220478,0.00207183673,-0.005084702279,0,0,-0,0.0342124355,0.00951027622,0.3644097075,0.0003262981772,-0.0009018307319,0.0006309494493,0.04230679016,0.00582900311,-0.003474628991,0.6029328986,0,0,0,0,0,0,0
1.16002202,0,rate,aggressive,0.005187435541,0.0027697396,0.03309033811,0,0,-0,0.007646981161,0.00189613027,-0.005534808151,0,0,-0,0.03360879976,0.009628381596,0.3577572498,0.0001342885371,-0.0002948298934,-0.0007552162278,0.04007919934,0.003007680667,-0.003404215843,0.6026046811,0,0,0,0,0,0,0
1.170046806,0,rate,aggressive,0.005187435541,0.0027697396,0.03309033811,0,0,-0,0.007646981161,0.00189613027,-0.005534808151,0,0,-0,0.03360879976,0.009628381596,0.3577572498,0.0001342885371,-0.0002948298934,-0.0007552162278,0.04067962975,0.004195519976,-0.003396877435,0.6026046811,0,0,0,0,0,0,0
1.180027962,0,rate,aggressive,0.005128930788,0.002654522425,0.03267458081,0,0,-0,0.007434455678,0.001688337186,-0.005772544537,0,0,-0,0.03318102849,0.00956262956,0.3505510689,-0.0005992742372,-0.001070329337,-0.0001810433168,0.03782592426,0.001776976685,-0.003393221827,0.6023939188,0,0,0,0,0,0,0
1.19004488,0,rate,aggressive,0.005128930788,0.002654522425,0.03267458081,0,0,-0,0.007434455678,0.001688337186,-0.005772544537,0,0,-0,0.03318102849,0.00956262956,0.3505510689,-0.0005992742372,-0.001070329337,-0.0001810433168,0.03879737468,0.003085392132,-0.003385194885,0.6023939188,0,0,0,0,0,0,0
1.200024605,0,rate,aggressive,0.005009114277,0.002462652512,0.03201642632,0,0,-0,0.007267961744,0.001399735222,-0.006147907116,0,0,-0,0.03249934519,0.009621813161,0.3406889268,0.000211272898,-0.0008828321006,4.159612217e-05,0.03557841618,-0.001031704539,-0.003360502966,0.6020605523,0,0,0,0,0,0,0
1.210046291,0,rate,aggressive,0.005009114277,0.002462652512,0.03201642632,0,0,-0,0.007267961744,0.001399735222,-0.006147907116,0,0,-0,0.03249934519,0.009621813161,0.3406889268,0.000211272898,-0.0008828321006,4.159612217e-05,0.03685144711,0.0006903692275,-0.003350113792,0.6020605523,0,0,0,0,0,0,0
1.220024824,0,rate,aggressive,0.00492183445,0.002327418188,0.03157714009,0,0,-0,0.007133363746,0.001184746739,-0.006366742775,0,0,-0,0.03204305083,0.009634516943,0.3337019193,-0.0002612708195,5.014159979e-05,-0.001251052017,0.0348449333,-0.001764611296,-0.003290885608,0.60184607,0,0,0,0,0,0,0
1.230059624,0,rate,aggressive,0.00492183445,0.002327418188,0.03157714009,0,0,-0,0.007133363746,0.001184746739,-0.006366742775,0,0,-0,0.03204305083,0.009634516943,0.3337019193,-0.0002612708195,5.014159979e-05,-0.001251052017,0.03611856943,-8.118074292e-05,-0.003280853029,0.60184607,0,0,0,0,0,0,0
1.240037918,0,rate,aggressive,0.004752793349,0.002088087145,0.03087411821,0,0,-0,0.007006920874,0.0008597705164,-0.006673902739,0,0,-0,0.03130751232,0.009714788893,0.3236202363,0.0004232045612,0.0002665796201,0.000513997802,0.03282020523,-0.005015628945,-0.003282747634,0.6015137321,0,0,0,0,0,0,0
1.25007844,0,rate,aggressive,0.004752793349,0.002088087145,0.03087411821,0,0,-0,0.007006920874,0.0008597705164,-0.006673902739,0,0,-0,0.03130751232,0.009714788893,0.3236202363,0.0004232045612,0.0002665796201,0.000513997802,0.03432770868,-0.002893625814,-0.003270355648,0.6015137321,0,0,0,0,0,0,0
1.260035038,0,rate,aggressive,0.004621673841,0.001910252497,0.03040647507,0,0,-0,0.00686983997,0.0006340641412,-0.0068739485,0,0,-0,0.0308149746,0.009738988989,0.3154915004,-0.0003418393026,-0.0003730654134,7.07978179e-05,0.03177215269,-0.00564720868,-0.003287560853,0.6012937736,0,0,0,0,0,0,0
1.270065069,0,rate,aggressive,0.004621673841,0.001910252497,0.03040647507,0,0,-0,0.00686983997,0.0006340641412,-0.0068739485,0,0,-0,0.0308149746,0.009738988989,0.3154915004,-0.0003418393026,-0.0003730654134,7.07978179e-05,0.03330798741,-0.003619663902,-0.00327592927,0.6012937736,0,0,0,0,0,0,0
1.280044794,0,rate,aggressive,0.004470365588,0.001715477556,0.02993580699,0,0,-0,0.006695664488,0.0004301740555,-0.007153944112,0,0,-0,0.03031632517,0.009807950296,0.3070339376,-0.000258432352,-0.0001085301119,0.000870106509,0.03020619308,-0.006363903756,-0.003323424431,0.6010524295,0,0,0,0,0,0,0
1.290093422,0,rate,aggressive,0.004470365588,0.001715477556,0.02993580699,0,0,-0,0.006695664488,0.0004301740555,-0.007153944112,0,0,-0,0.03031632517,0.009807950296,0.3070339376,-0.000258432352,-0.0001085301119,0.000870106509,0.03188064158,-0.004405248011,-0.003312388929,0.6010524295,0,0,0,0,0,0,0
1.300065756,0,rate,aggressive,0.004222930875,0.001342853415,0.02922973037,0,0,-0,0.006380160339,-2.202535688e-05,-0.007481337059,0,0,-0,0.02956371996,0.009832463337,0.2926459399,-0.0005016835639,0.0003991608392,6.82308746e-05,0.02565532696,-0.01184880016,-0.00332972761,0.600713873,0,0,0,0,0,0,0
1.310199022,0,rate,aggressive,0.004222930875,0.001342853415,0.02922973037,0,0,-0,0.006380160339,-2.202535688e-05,-0.007481337059,0,0,-0,0.02956371996,0.009832463337,0.2926459399,-0.0005016835639,0.0003991608392,6.82308746e-05,0.02802782301,-0.009039317748,-0.00331441478,0.600713873,0,0,0,0,0,0,0
1.320043325,0,rate,aggressive,0.003964698873,0.0009133985732,0.02852857113,0,0,-0,0.006184167229,-0.0003740644315,-0.007846227847,0,0,-0,0.02881722583,0.009997356648,0.2808778868,-0.0002496840025,-0.0001172458433,-2.470105755e-05,0.02334265176,-0.01567945707,-0.003316384245,0.6003675663,0,0,0,0,0,0,0
1.330089569,0,rate,aggressive,0.003964698873,0.0009133985732,0.02852857113,0,0,-0,0.006184167229,-0.0003740644315,-0.007846227847,0,0,-0,0.02881722583,0.009997356648,0.2808778868,-0.0002496840025,-0.0001172458433,-2.470105755e-05,0.02590614999,-0.01240384445,-0.003299142237,0.6003675663,0,0,0,0,0,0,0
1.340049267,0,rate,aggressive,0.003787372028,0.0006023194292,0.02806529403,0,0,-0,0.005964377429,-0.0006915820413,-0.00800758414,0,0,-0,0.02832609582,0.01000867062,0.2719726303,0.0001366802026,-0.000498944195,-0.0002799501526,0.02245365346,-0.01675416482,-0.003311139246,0.6001589815,0,0,0,0,0,0,0
1.350140572,0,rate,aggressive,0.003787372028,0.0006023194292,0.02806529403,0,0,-0,0.005964377429,-0.0006915820413,-0.00800758414,0,0,-0,0.02832609582,0.01000867062,0.2719726303,0.0001366802026,-0.000498944195,-0.0002799501526,0.02492297176,-0.01358500604,-0.003294972783,0.6001589815,0,0,0,0,0,0,0
1.360040665,0,rate,aggressive,0.003525771433,0.0001080439979,0.02741025388,0,0,-0,0.005859880708,-0.001150213066,-0.008399063721,0,0,-0,0.02763629417,0.0103056035,0.2635195047,-0.0001430814009,-0.0007400965551,1.455479924e-05,0.02096158792,-0.02197567616,-0.003291598173,0.5998226171,0,0,0,0,0,0,0
1.370157242,0,rate,aggressive,0.003525771433,0.0001080439979,0.02741025388,0,0,-0,0.005859880708,-0.001150213066,-0.008399063721,0,0,-0,0.02763629417,0.0103056035,0.2635195047,-0.0001430814009,-0.0007400965551,1.455479924e-05,0.02343852353,-0.01810618845,-0.003272726583,0.5998226171,0,0,0,0,0,0,0
1.380038023,0,rate,aggressive,0.003358359681,-0.0002270949772,0.02699142694,0,0,-0,0.005686039571,-0.001427840791,-0.008640711196,0,0,-0,0.02720050147,0.01044182289,0.2570896375,0.0005032445188,-0.0002724147635,-0.0004409619141,0.02042011805,-0.02217946695,-0.003247940319,0.5996097618,0,0,0,0,0,0,0
1.39006567,0,rate,aggressive,0.003358359681,-0.0002270949772,0.02699142694,0,0,-0,0.005686039571,-0.001427840791,-0.008640711196,0,0,-0,0.02720050147,0.01044182289,0.2570896375,0.0005032445188,-0.0002724147635,-0.0004409619141,0.02273011619,-0.01867070568,-0.00323136747,0.5996097618,0,0,0,0,0,0,0
1.400027514,0,rate,aggressive,0.003102598013,-0.0007443600334,0.02635280788,0,0,-0,0.005488415714,-0.00182807527,-0.00894491002,0,0,-0,0.026545257,0.01065251057,0.2511910722,-0.0004199572431,0.0001634801738,-0.0002082489518,0.01791610024,-0.02646322288,-0.003217561826,0.5993014192,0,0,0,0,0,0,0
1.410057068,0,rate,aggressive,0.003102598013,-0.0007443600334,0.02635280788,0,0,-0,0.005488415714,-0.00182807527,-0.00894491002,0,0,-0,0.026545257,0.01065251057,0.2511910722,-0.0004199572431,0.0001634801738,-0.0002082489518,0.02046600274,-0.02248985988,-0.003199598149,0.5993014192,0,0,0,0,0,0,0
1.420023203,0,rate,aggressive,0.002935419092,-0.001089870115,0.0259026587,0,0,-0,0.005297941621,-0.002111140406,-0.009046785533,0,0,-0,0.02609122898,0.0106943643,0.2477009044,-0.000626957335,-0.0005020822282,0.0005621265736,0.01744685178,-0.02654876026,-0.003212642161,0.5991126084,0,0,0,0,0,0,0
1.430188179,0,rate,aggressive,0.002935419092,-0.001089870115,0.0259026587,0,0,-0,0.005297941621,-0.002111140406,-0.009046785533,0,0,-0,0.02609122898,0.0106943643,0.2477009044,-0.000626957335,-0.0005020822282,0.0005621265736,0.01982904535,-0.02295743382,-0.003196928384,0.5991126084,0,0,0,0,0,0,0
1.440036297,0,rate,aggressive,0.002703570528,-0.001633191947,0.0252058953,0,0,-0,0.005138427019,-0.002616102342,-0.009284856729,0,0,-0,0.02540302674,0.01092959232,0.2474565793,-0.0007054483867,0.0005346862599,0.0004592273326,0.01558518202,-0.03220467978,-0.003216145763,0.5987999331,0,0,0,0,0,0,0
1.450055838,0,rate,aggressive,0.002703570528,-0.001633191947,0.0252058953,0,0,-0,0.005138427019,-0.002616102342,-0.009284856729,0,0,-0,0.02540302674,0.01092959232,0.2474565793,-0.0007054483867,0.0005346862599,0.0004592273326,0.01808297628,-0.02786422445,-0.003198112478,0.5987999331,0,0,0,0,0,0,0
1.46003294,0,rate,aggressive,0.002563436516,-0.001994358143,0.02474892139,0,0,-0,0.005008355714,-0.003013330046,-0.009484481066,0,0,-0,0.0249611254,0.01114087815,0.2494380705,-0.0006589896511,-0.0003729987948,-0.0005505495938,0.01590147118,-0.03311980819,-0.003191619216,0.5985838129,0,0,0,0,0,0,0
1.47005415,0,rate,aggressive,0.002563436516,-0.001994358143,0.02474892139,0,0,-0,0.005008355714,-0.003013330046,-0.009484481066,0,0,-0,0.0249611254,0.01114087815,0.2494380705,-0.0006589896511,-0.0003729987948,-0.0005505495938,0.01809271698,-0.02903191589,-0.003175220696,0.5985838129,0,0,0,0,0,0,0
1.48003912,0,rate,aggressive,0.002434918657,-0.002354386961,0.02429383993,0,0,-0,0.004923634697,-0.003273225389,-0.009730448015,0,0,-0,0.02452881215,0.01138585972,0.2523139074,-0.0006671685842,0.00033464437,-0.0001575048373,0.0164584148,-0.03313674151,-0.003145781748,0.5983566096,0,0,0,0,0,0,0
1.490063429,0,rate,aggressive,0.002434918657,-0.002354386961,0.02429383993,0,0,-0,0.004923634697,-0.003273225389,-0.009730448015,0,0,-0,0.02452881215,0.01138585972,0.2523139074,-0.0006671685842,0.00033464437,-0.0001575048373,0.01832740175,-0.02945705542,-0.003131481008,0.5983566096,0,0,0,0,0,0,0
1.500038147,0,rate,aggressive,0.002271140227,-0.00292014773,0.02359908819,0,0,-0,0.004890651908,-0.003772473428,-0.01000225823,0,0,-0,0.02388728332,0.01175564552,0.2618713297,-0.0007421593182,0.0001205342633,0.00060728885,0.01598804694,-0.0390922931,-0.003151336033,0.5980359921,0,0,0,0,0,0,0
1.510135174,0,rate,aggressive,0.002271140227,-0.00292014773,0.02359908819,0,0,-0,0.004890651908,-0.003772473428,-0.01000225823,0,0,-0,0.02388728332,0.01175564552,0.2618713297,-0.0007421593182,0.0001205342633,0.00060728885,0.01776373045,-0.03463620489,-0.003134814259,0.5980359921,0,0,0,0,0,0,0
1.520038366,0,rate,aggressive,0.0021750913,-0.003302371129,0.02314041555,0,0,-0,0.004855650943,-0.004091950599,-0.01019470021,0,0,-0,0.02347584948,0.01201055029,0.2682302991,0.0005119281122,-0.0008817271446,-0.0004332773387,0.01656313524,-0.03944480266,-0.0031107689,0.5978210643,0,0,0,0,0,0,0
1.530055046,0,rate,aggressive,0.0021750913,-0.003302371129,0.02314041555,0,0,-0,0.004855650943,-0.004091950599,-0.01019470021,0,0,-0,0.02347584948,0.01201055029,0.2682302991,0.0005119281122,-0.0008817271446,-0.0004332773387,0.01804032712,-0.03534800149,-0.003096083138,0.5978210643,0,0,0,0,0,0,0
1.540034056,0,rate,aggressive,0.002027677139,-0.003899078118,0.02246209979,0,0,-0,0.004766725935,-0.00458498206,-0.0104345046,0,0,-0,0.02288799274,0.01235405289,0.2802542799,-0.0003540183534,0.0005345065729,-0.0002135610557,0.01496111394,-0.04495791282,-0.003087899416,0.5975145197,0,0,0,0,0,0,0
1.55005908,0,rate,aggressive,0.002027677139,-0.003899078118,0.02246209979,0,0,-0,0.004766725935,-0.00458498206,-0.0104345046,0,0,-0,0.02288799274,0.01235405289,0.2802542799,-0.0003540183534,0.0005345065729,-0.0002135610557,0.01659593381,-0.04020650828,-0.003071599242,0.5975145197,0,0,0,0,0,0,0
1.560028315,0,rate,aggressive,0.001882140758,-0.004503401928,0.02179801464,0,0,-0,0.004664251581,-0.004977454431,-0.01062360685,0,0,-0,0.02233778246,0.01262502745,0.2928672168,-0.0006266939454,0.0004675709934,-0.0004016285238,0.01367908385,-0.04840169286,-0.003034905756,0.5972259602,0,0,0,0,0,0,0
1.570068598,0,rate,aggressive,0.001882140758,-0.004503401928,0.02179801464,0,0,-0,0.004664251581,-0.004977454431,-0.01062360685,0,0,-0,0.02233778246,0.01262502745,0.2928672168,-0.0006266939454,0.0004675709934,-0.0004016285238,0.01540789977,-0.04346381478,-0.003018553387,0.5972259602,0,0,0,0,0,0,0
1.580054998,0,rate,aggressive,0.001790020731,-0.004905019887,0.02135877311,0,0,-0,0.004625187255,-0.005309917964,-0.01082680188,0,0,-0,0.02198773711,0.01291538714,0.303580227,1.909711682e-05,0.0001901781943,-0.000442516146,0.01420739453,-0.04839362573,-0.003002577563,0.5970152657,0,0,0,0,0,0,0
1.590115786,0,rate,aggressive,0.001790020731,-0.004905019887,0.02135877311,0,0,-0,0.004625187255,-0.005309917964,-0.01082680188,0,0,-0,0.02198773711,0.01291538714,0.303580227,1.909711682e-05,0.0001901781943,-0.000442516146,0.01566179404,-0.04395967397,-0.002988295916,0.5970152657,0,0,0,0,0,0,0
1.600058556,0,rate,aggressive,0.001647182158,-0.005520049483,0.02072151005,0,0,-0,0.004550544079,-0.005748053547,-0.01105828676,0,0,-0,0.02150732745,0.01326775328,0.3191346763,0.001006553997,0.000686938758,-0.001554493327,0.01274296464,-0.05312095714,-0.002883539689,0.5967256545,0,0,0,0,0,0,0
1.610126495,0,rate,aggressive,0.001647182158,-0.005520049483,0.02072151005,0,0,-0,0.004550544079,-0.005748053547,-0.01105828676,0,0,-0,0.02150732745,0.01326775328,0.3191346763,0.001006553997,0.000686938758,-0.001554493327,0.0143229142,-0.04822562881,-0.002868444632,0.5967256545,0,0,0,0,0,0,0
1.620062828,0,rate,aggressive,0.001549730077,-0.005928605795,0.02031962574,0,0,-0,0.004558861256,-0.006051275879,-0.01129764877,0,0,-0,0.02122350631,0.01360286821,0.3310340328,-0.0002958247787,0.0002085792366,-0.0003530516115,0.01347617686,-0.05301619795,-0.002839065383,0.5965193087,0,0,0,0,0,0,0
1.63009882,0,rate,aggressive,0.001549730077,-0.005928605795,0.02031962574,0,0,-0,0.004558861256,-0.006051275879,-0.01129764877,0,0,-0,0.02122350631,0.01360286821,0.3310340328,-0.0002958247787,0.0002085792366,-0.0003530516115,0.01476326033,-0.04862825384,-0.00282589539,0.5965193087,0,0,0,0,0,0,0
1.640079737,0,rate,aggressive,0.001448024064,-0.006335946266,0.0199201405,0,0,-0,0.004427794833,-0.006210330874,-0.011521657,0,0,-0,0.02095359126,0.0138174584,0.3397443544,0.0002911961055,-2.146144107e-05,0.0005520097911,0.01233937917,-0.05213434452,-0.002831023145,0.5963177584,0,0,0,0,0,0,0
1.650122166,0,rate,aggressive,0.001448024064,-0.006335946266,0.0199201405,0,0,-0,0.004427794833,-0.006210330874,-0.011521657,0,0,-0,0.02095359126,0.0138174584,0.3397443544,0.0002911961055,-2.146144107e-05,0.0005520097911,0.01372159866,-0.04836264623,-0.002819970035,0.5963177584,0,0,0,0,0,0,0
1.660047531,0,rate,aggressive,0.00130063633,-0.006937841419,0.01933926344,0,0,-0,0.004396159668,-0.006527693477,-0.01183593739,0,0,-0,0.02058719041,0.01421359968,0.355169456,0.0004641622363,7.286270557e-05,-0.0005705874064,0.0113540125,-0.05654248117,-0.002806025994,0.5960275976,0,0,0,0,0,0,0
1.670109749,0,rate,aggressive,0.00130063633,-0.006937841419,0.01933926344,0,0,-0,0.004396159668,-0.006527693477,-0.01183593739,0,0,-0,0.02058719041,0.01421359968,0.355169456,0.0004641622363,7.286270557e-05,-0.0005705874064,0.01279166227,-0.05228061147,-0.002794065347,0.5960275976,0,0,0,0,0,0,0
1.680054426,0,rate,aggressive,0.001201133942,-0.007337635383,0.01896613836,0,0,-0,0.004386661574,-0.006719944067,-0.01203431748,0,0,-0,0.02037150019,0.01446462047,0.3644306402,0.0003943076299,-0.001449597417,-9.136171866e-05,0.0116666958,-0.05608536004,-0.002794760192,0.595842169,0,0,0,0,0,0,0
1.690100908,0,rate,aggressive,0.001201133942,-0.007337635383,0.01896613836,0,0,-0,0.004386661574,-0.006719944067,-0.01203431748,0,0,-0,0.02037150019,0.01446462047,0.3644306402,0.0003943076299,-0.001449597417,-9.136171866e-05,0.01289027917,-0.05230402808,-0.002784506652,0.595842169,0,0,0,0,0,0,0
1.700065374,0,rate,aggressive,0.001052421751,-0.007914419286,0.01841153204,0,0,-0,0.004353961907,-0.007067488041,-0.01231908798,0,0,-0,0.02006813734,0.01485484097,0.3811870134,-0.0008731994894,0.0004529547587,4.628955503e-05,0.01049528728,-0.06046935154,-0.002743864603,0.595568965,0,0,0,0,0,0,0
1.710123539,0,rate,aggressive,0.001052421751,-0.007914419286,0.01841153204,0,0,-0,0.004353961907,-0.007067488041,-0.01231908798,0,0,-0,0.02006813734,0.01485484097,0.3811870134,-0.0008731994894,0.0004529547587,4.628955503e-05,0.01184758363,-0.05621107538,-0.00273273264,0.595568965,0,0,0,0,0,0,0
1.720062256,0,rate,aggressive,0.0008890000754,-0.008460809477,0.01783430576,0,0,-0,0.004222231917,-0.00735574495,-0.01256588195,0,0,-0,0.01975950607,0.01516033031,0.3952830497,-0.0002239571477,0.0004784005578,0.0001723247988,0.00831187282,-0.06286644577,-0.002747320723,0.595297272,0,0,0,0,0,0,0
1.730119705,0,rate,aggressive,0.0008890000754,-0.008460809477,0.01783430576,0,0,-0,0.004222231917,-0.00735574495,-0.01256588195,0,0,-0,0.01975950607,0.01516033031,0.3952830497,-0.0002239571477,0.0004784005578,0.0001723247988,0.009956672433,-0.05855482835,-0.002736465916,0.595297272,0,0,0,0,0,0,0
1.740054607,0,rate,aggressive,0.0007569167065,-0.008801525459,0.01744017005,0,0,-0,0.004103623331,-0.007533823606,-0.01276167016,0,0,-0,0.01954991828,0.01537720547,0.4036655448,0.001382535324,0.0004117512435,0.0008253936539,0.007449995175,-0.06140065891,-0.002760500005,0.5951048676,0,0,0,0,0,0,0
1.750146866,0,rate,aggressive,0.0007569167065,-0.008801525459,0.01744017005,0,0,-0,0.004103623331,-0.007533823606,-0.01276167016,0,0,-0,0.01954991828,0.01537720547,0.4036655448,0.001382535324,0.0004117512435,0.0008253936539,0.009077238998,-0.05779668247,-0.002751725657,0.5951048676,0,0,0,0,0,0,0
1.760060549,0,rate,aggressive,0.0005462334375,-0.009309801273,0.01686497033,0,0,-0,0.003863182385,-0.007828188129,-0.01284379512,0,0,-0,0.01927168895,0.01552957761,0.4171859279,-4.003480353e-05,0.0006038621068,-0.0002615281846,0.003976920725,-0.06442502663,-0.002726488009,0.5948756526,0,0,0,0,0,0,0
1.770100117,0,rate,aggressive,0.0005462334375,-0.009309801273,0.01686497033,0,0,-0,0.003863182385,-0.007828188129,-0.01284379512,0,0,-0,0.01927168895,0.01552957761,0.4171859279,-4.003480353e-05,0.0006038621068,-0.0002615281846,0.006113223459,-0.06059683301,-0.002717586049,0.5948756526,0,0,0,0,0,0,0
1.780053139,0,rate,aggressive,0.0004067302216,-0.009644678794,0.01650811732,0,0,-0,0.003789839335,-0.00797438249,-0.01298655476,0,0,-0,0.0191233678,0.01570363852,0.4255705977,-3.616633694e-05,2.637812941e-05,0.0001609930332,0.004500415725,-0.06338361246,-0.002718814116,0.594710195,0,0,0,0,0,0,0
1.790085077,0,rate,aggressive,0.0004067302216,-0.009644678794,0.01650811732,0,0,-0,0.003789839335,-0.00797438249,-0.01298655476,0,0,-0,0.0191233678,0.01570363852,0.4255705977,-3.616633694e-05,2.637812941e-05,0.0001609930332,0.006322827966,-0.06012566205,-0.002711542897,0.594710195,0,0,0,0,0,0,0
1.800046921,0,rate,aggressive,0.000248291617,-0.0101537751,0.01604965329,0,0,-0,0.003627125407,-0.008216918446,-0.01313512214,0,0,-0,0.018993477,0.01591242348,0.4386921432,-2.120448517e-05,-0.0007378568989,0.0007472609286,0.002905411436,-0.06644955497,-0.0027544749,0.5945064845,0,0,0,0,0,0,0
1.810086966,0,rate,aggressive,0.000248291617,-0.0101537751,0.01604965329,0,0,-0,0.003627125407,-0.008216918446,-0.01313512214,0,0,-0,0.018993477,0.01591242348,0.4386921432,-2.120448517e-05,-0.0007378568989,0.0007472609286,0.004846527937,-0.06289703513,-0.002747125194,0.5945064845,0,0,0,0,0,0,0
1.82005024,0,rate,aggressive,0.0001586097787,-0.01050364412,0.0157481432,0,0,-0,0.003565466497,-0.008434797637,-0.01334322244,0,0,-0,0.01893028555,0.01618332313,0.4495759545,-0.0009484417387,-0.0005076171947,-0.0002618769649,0.003859129809,-0.06690352843,-0.002755699393,0.5943444728,0,0,0,0,0,0,0
1.830155373,0,rate,aggressive,0.0001586097787,-0.01050364412,0.0157481432,0,0,-0,0.003565466497,-0.008434797637,-0.01334322244,0,0,-0,0.01893028555,0.01618332313,0.4495759545,-0.0009484417387,-0.0005076171947,-0.0002618769649,0.005441110003,-0.06360156564,-0.002749243511,0.5943444728,0,0,0,0,0,0,0
1.84007287,0,rate,aggressive,8.37463449e-05,-0.01086448506,0.01544263959,0,0,-0,0.003633955726,-0.008580155671,-0.01337939873,0,0,-0,0.01888171514,0.0163043864,0.4601066273,0.0007852011477,0.0003467092756,-0.0006938035949,0.005641125128,-0.06737378807,-0.002716483472,0.5942245888,0,0,0,0,0,0,0
1.850099087,0,rate,aggressive,8.37463449e-05,-0.01086448506,0.01544263959,0,0,-0,0.003633955726,-0.008580155671,-0.01337939873,0,0,-0,0.01888171514,0.0163043864,0.4601066273,0.0007852011477,0.0003467092756,-0.0006938035949,0.006708314862,-0.06429749372,-0.002710903197,0.5942245888,0,0,0,0,0,0,0
1.860061646,0,rate,aggressive,1.944112955e-05,-0.01143162232,0.01498754323,0,0,-0,0.003668532474,-0.008767936379,-0.01348294131,0,0,-0,0.0188496371,0.01649619791,0.4765096426,-0.0002970446949,0.0004918565974,-0.00032885978,0.006100413302,-0.07138386147,-0.002698449804,0.594033372,0,0,0,0,0,0,0
1.870130539,0,rate,aggressive,1.944112955e-05,-0.01143162232,0.01498754323,0,0,-0,0.003668532474,-0.008767936379,-0.01348294131,0,0,-0,0.0188496371,0.01649619791,0.4765096426,-0.0002970446949,0.0004918565974,-0.00032885978,0.006982604642,-0.06782898608,-0.002692480527,0.594033372,0,0,0,0,0,0,0
1.880053997,0,rate,aggressive,-5.834354397e-06,-0.01181402989,0.01468972862,0,0,-0,0.003599611344,-0.008992224,-0.01364247873,0,0,-0,0.01885098043,0.01673124384,0.4886594522,-0.0001881780336,-0.0006249267608,-0.0002512198698,0.005888144435,-0.07241142437,-0.002715449872,0.5938850075,0,0,0,0,0,0,0
1.890087128,0,rate,aggressive,-5.834354397e-06,-0.01181402989,0.01468972862,0,0,-0,0.003599611344,-0.008992224,-0.01364247873,0,0,-0,0.01885098043,0.01673124384,0.4886594522,-0.0001881780336,-0.0006249267608,-0.0002512198698,0.006737904017,-0.06899030609,-0.002709943634,0.5938850075,0,0,0,0,0,0,0
1.900054216,0,rate,aggressive,-3.944882337e-05,-0.0123885572,0.01427909732,0,0,-0,0.003669429105,-0.00921671465,-0.01376919076,0,0,-0,0.01890424624,0.01697065565,0.5061035301,0.0005105357268,-0.0004058437771,-0.0004292025114,0.006588447389,-0.07635519717,-0.002726087072,0.5937040267,0,0,0,0,0,0,0
1.910081387,0,rate,aggressive,-3.944882337e-05,-0.0123885572,0.01427909732,0,0,-0,0.003669429105,-0.00921671465,-0.01376919076,0,0,-0,0.01890424624,0.01697065565,0.5061035301,0.0005105357268,-0.0004058437771,-0.0004292025114,0.007208997644,-0.07249717297,-0.002720282792,0.5937040267,0,0,0,0,0,0,0
1.920045376,0,rate,aggressive,-4.015367085e-05,-0.01293234807,0.01387909055,0,0,-0,0.003683971008,-0.009469035082,-0.01394140068,0,0,-0,0.01897040836,0.01725099768,0.524013068,-0.0003892915847,0.001168341958,-0.0004075605539,0.006886650322,-0.07948699151,-0.002717293912,0.5935152947,0,0,0,0,0,0,0
1.930085897,0,rate,aggressive,-4.015367085e-05,-0.01293234807,0.01387909055,0,0,-0,0.003683971008,-0.009469035082,-0.01394140068,0,0,-0,0.01897040836,0.01725099768,0.524013068,-0.0003892915847,0.001168341958,-0.0004075605539,0.007404825733,-0.07540525049,-0.002711372372,0.5935152947,0,0,0,0,0,0,0
1.940046549,0,rate,aggressive,-5.471851637e-06,-0.01326945052,0.01362247765,0,0,-0,0.003851824906,-0.009607921354,-0.01398065686,0,0,-0,0.01901710399,0.01739561652,0.5355647961,-0.000980330864,0.0005884543643,-0.0006370892515,0.009412085277,-0.07849254717,-0.002693054663,0.5934122527,0,0,0,0,0,0,0
1.95026803,0,rate,aggressive,-5.471851637e-06,-0.01326945052,0.01362247765,0,0,-0,0.003851824906,-0.009607921354,-0.01398065686,0,0,-0,0.01901710399,0.01739561652,0.5355647961,-0.000980330864,0.0005884543643,-0.0006370892515,0.009392899987,-0.07500444237,-0.002688168735,0.5934122527,0,0,0,0,0,0,0
1.960048437,0,rate,aggressive,8.707430243e-05,-0.01373515371,0.01327094436,0,0,-0,0.003973107319,-0.00983535964,-0.01410944201,0,0,-0,0.01909921447,0.01765208868,0.551884877,0.0001953658066,-0.0005436682841,0.0006723557017,0.01104715504,-0.08131807548,-0.002684539194,0.5932520882,0,0,0,0,0,0,0
1.970149517,0,rate,aggressive,8.707430243e-05,-0.01373515371,0.01327094436,0,0,-0,0.003973107319,-0.00983535964,-0.01410944201,0,0,-0,0.01909921447,0.01765208868,0.551884877,0.0001953658066,-0.0005436682841,0.0006723557017,0.01072015646,-0.07761460069,-0.00267949122,0.5932520882,0,0,0,0,0,0,0
1.980054379,0,rate,aggressive,0.0001628034952,-0.0140288556,0.01304577291,0,0,-0,0.004068626557,-0.009912165813,-0.01413300075,0,0,-0,0.01915796141,0.0177354578,0.5607922707,-4.512435044e-05,-0.0002709469409,-0.0008912601625,0.01201424027,-0.07971371066,-0.002666524465,0.5931644739,0,0,0,0,0,0,0
1.990080595,0,rate,aggressive,0.0001628034952,-0.0140288556,0.01304577291,0,0,-0,0.004068626557,-0.009912165813,-0.01413300075,0,0,-0,0.01915796141,0.0177354578,0.5607922707,-4.512435044e-05,-0.0002709469409,-0.0008912601625,0.01153588123,-0.07667436649,-0.002662426346,0.5931644739,0,0,0,0,0,0,0
2.000054598,0,rate,aggressive,0.0003134877188,-0.01441825554,0.01273097098,0,0,-0,0.004263431765,-0.009957810864,-0.01421864238,0,0,-0,0.01923699533,0.01787469269,0.5724811578,-4.019433618e-05,-0.0001098558278,-0.0009556969744,0.0146276147,-0.08042377054,-0.002657187589,0.5930285824,0,0,0,0,0,0,0
2.010264635,0,rate,aggressive,0.0003134877188,-0.01441825554,0.01273097098,0,0,-0,0.004263431765,-0.009957810864,-0.01421864238,0,0,-0,0.01923699533,0.01787469269,0.5724811578,-4.019433618e-05,-0.0001098558278,-0.0009556969744,0.01369275873,-0.07753920859,-0.002653384689,0.5930285824,0,0,0,0,0,0,0
2.02006197,0,rate,aggressive,0.0004206344311,-0.01466657501,0.01253667474,0,0,-0,0.004417037126,-0.01002618577,-0.01423670817,0,0,-0,0.01929905618,0.01796436689,0.5804802676,-0.001263884478,0.0002341353975,-0.0003756519873,0.1799258857,-1.087219784,-0.07871961811,0.5929535521,0,0,0,1,0,0,0
2.030097485,0.01003551483,rate,aggressive,0.0004206344311,-0.01466657501,0.01253667474,0,0,-6.699130643e-05,0.004417037126,-0.01002618577,-0.01423670817,0,0,-0.01333592575,0.01934264081,0.010992999,0.5774338475,-0.001263884478,0.0002341353975,-0.0003756519873,0.1377110076,-0.8311542068,-0.05969376057,0.596359187,0,0,0,1,0,0,0
2.040058613,0.01999664307,rate,aggressive,0.0005915438524,-0.01502220612,0.01226559281,0,0,-0.0002653925675,0.00460740272,-0.01005920954,-0.01433680486,0,0,-0.02648447265,0.0195714638,0.01643111954,0.5847417409,-0.0002815804037,-0.0003126092488,-0.0004357844591,0.1097723735,-0.6443749939,-0.04549245321,0.5996412388,0,0,0,1,0,0,0
2.0500741,0.03001213074,rate,aggressive,0.0005915438524,-0.01502220612,0.01226559281,0,0,-0.0005964804733,0.00460740272,-0.01005920954,-0.01433680486,0,0,-0.03961585076,0.01978508352,0.02759431134,0.5816676662,-0.0002815804037,-0.0003126092488,-0.0004357844591,0.08528206918,-0.4991010035,-0.0347732421,0.6030906708,0,0,0,1,0,0,0
2.060043573,0.03998160362,rate,aggressive,0.000746823207,-0.01524718199,0.01211903989,0,0,-0.001056217347,0.00477684103,-0.01010980364,-0.01444007177,0,0,-0.05259834766,0.02016486317,0.0397628012,0.586543477,-1.631118539e-05,-0.000444835634,0.0002041419066,0.07029650913,-0.3938737466,-0.02675299629,0.6064695536,0,0,0,1,0,0,0
2.070355177,0.05029320717,rate,aggressive,0.000746823207,-0.01524718199,0.01211903989,0,0,-0.001667424906,0.00477684103,-0.01010980364,-0.01444007177,0,0,-0.06593342881,0.02056941699,0.0526933787,0.583362972,-1.631118539e-05,-0.000444835634,0.0002041419066,0.05583412042,-0.3112314624,-0.02071428409,0.6100720998,0,0,0,1,0,0,0
2.080070972,0.06000900269,rate,aggressive,0.0009959748713,-0.01556581538,0.01188752055,0,0,-0.002368705862,0.005019218661,-0.01010374818,-0.01451320853,0,0,-0.0784115234,0.02113117522,0.06488661593,0.590362283,0.0002132109803,0.0008530305349,-0.0004507232516,0.05042119357,-0.2538430445,-0.01619282107,0.6133873927,0,0,0,1,0,0,0
2.090126038,0.07006406784,rate,aggressive,0.0009959748713,-0.01556581538,0.01188752055,0,0,-0.0032216946,0.005019218661,-0.01010374818,-0.01451320853,0,0,-0.09123699108,0.02171577668,0.07754880458,0.587237362,0.0002132109803,0.0008530305349,-0.0004507232516,0.04120844056,-0.2062679036,-0.01278687207,0.6169483024,0,0,0,1,0,0,0
2.100066423,0.08000445366,rate,aggressive,0.001182411099,-0.01575777866,0.01173758507,0,0,-0.004191277216,0.005248383153,-0.0100669926,-0.01457490679,0,0,-0.1038278437,0.02243734249,0.08997208799,0.5903732528,0.0002372278395,-1.748340947e-05,-0.0003508779628,0.03878398533,-0.1730422103,-0.01024765007,0.6204218644,0,0,0,1,0,0,0
2.110435724,0.0903737545,rate,aggressive,0.001182411099,-0.01575777866,0.01173758507,0,0,-0.005335592557,0.005248383153,-0.0100669926,-0.01457490679,0,0,-0.1168683769,0.02326368583,0.1029215424,0.5871508034,0.0002372278395,-1.748340947e-05,-0.0003508779628,0.03269977585,-0.1456071143,-0.008327353133,0.6241428288,0,0,0,1,0,0,0
2.120059252,0.09999728203,rate,aggressive,0.00147882977,-0.01597466879,0.01151590049,0,0,-0.006518168207,0.005549237598,-0.009815180674,-0.01464609895,0,0,-0.1288855065,0.02413720394,0.1147944862,0.5884006613,-0.0005547936889,-3.419388304e-05,-0.0001344664051,0.03505740294,-0.1258772408,-0.006922290095,0.6275196701,0,0,0,1,0,0,0
2.130081654,0.1100196838,rate,aggressive,0.00147882977,-0.01597466879,0.01151590049,0,0,-0.007872262828,0.005549237598,-0.009815180674,-0.01464609895,0,0,-0.1413132092,0.02516501256,0.1271679544,0.5853002542,-0.0005547936889,-3.419388304e-05,-0.0001344664051,0.03024816718,-0.1101096763,-0.00583892988,0.6311612351,0,0,0,1,0,0,0
2.140064001,0.1200020313,rate,aggressive,0.001683645765,-0.01609433815,0.01137636602,0,0,-0.009344312014,0.005827961024,-0.00964772515,-0.01461796556,0,0,-0.1536024918,0.02629085167,0.1394408199,0.5852464279,-0.0001838440221,0.0002200590534,0.0001474677556,0.03201071546,-0.09855526047,-0.005026486243,0.6347668927,0,0,0,1,0,0,0
2.150103569,0.1300415993,rate,aggressive,0.001683645765,-0.01609433815,0.01137636602,0,0,-0.01094808432,0.005827961024,-0.00964772515,-0.01461796556,0,0,-0.1658728801,0.02757251288,0.1516742988,0.5821633286,-0.0001838440221,0.0002200590534,0.0001474677556,0.02823709068,-0.0894591391,-0.004415753418,0.6384590082,0,0,0,1,0,0,0
2.160056829,0.1399948597,rate,aggressive,0.001981938491,-0.01622037776,0.01122516394,0,0,-0.01265923342,0.006280778907,-0.009407171048,-0.01463850029,0,0,-0.1779493415,0.02893947428,0.1637020889,0.5833772994,-0.0006548839156,0.0002675745927,-0.000514762185,0.03366499074,-0.0825891277,-0.003959562605,0.6420806511,0,0,0,1,0,0,0
2.170320272,0.1502583027,rate,aggressive,0.001981938491,-0.01622037776,0.01122516394,0,0,-0.01454911754,0.006280778907,-0.009407171048,-0.01463850029,0,0,-0.1903099336,0.03051790164,0.176035211,0.5802472669,-0.0006548839156,0.0002675745927,-0.000514762185,0.02990296428,-0.07730648194,-0.0036154544,0.645899273,0,0,0,1,0,0,0
2.180047035,0.1599850655,rate,aggressive,0.002184567275,-0.01630325988,0.01111620665,0,0,-0.01645683587,0.006525862031,-0.009340271354,-0.01468613092,0,0,-0.2019377668,0.03210671722,0.1875979815,0.581101062,0.0001892165019,-0.0004841047921,0.0007158940425,0.03199448421,-0.07411143607,-0.003344286412,0.6494869057,0,0,0,1,0,0,0
2.190091848,0.1700298786,rate,aggressive,0.002184567275,-0.01630325988,0.01111620665,0,0,-0.01854520405,0.006525862031,-0.009340271354,-0.01468613092,0,0,-0.213857545,0.0339170739,0.199497067,0.578056298,0.0001892165019,-0.0004841047921,0.0007158940425,0.0288845086,-0.07082210992,-0.003150164443,0.6532656524,0,0,0,1,0,0,0
2.200046539,0.1799845695,rate,aggressive,0.002483753255,-0.01636410318,0.01098386943,0,0,-0.02073251903,0.006881198846,-0.009132717736,-0.01462703757,0,0,-0.2255818948,0.0357754413,0.211264548,0.5779189173,0.0004603241105,0.0007268728223,-0.0001728900388,0.03369708895,-0.06769663608,-0.003018976805,0.6569975888,0,0,0,1,0,0,0
2.210179567,0.1901175976,rate,aggressive,0.002483753255,-0.01636410318,0.01098386943,0,0,-0.02307843117,0.006881198846,-0.009132717736,-0.01462703757,0,0,-0.2374258186,0.03787074366,0.2230920309,0.5748760319,0.0004603241105,0.0007268728223,-0.0001728900388,0.03051351942,-0.06580294938,-0.002910346835,0.6608503896,0,0,0,1,0,0,0
2.220048666,0.1999866962,rate,aggressive,0.002673807088,-0.01640012488,0.01091051102,0,0,-0.02547817043,0.00712621212,-0.00899241399,-0.01473136153,0,0,-0.2488735156,0.04000311835,0.2344231104,0.5743950373,0.0002126994805,0.001350558596,-8.967913891e-05,0.03278584539,-0.06394884822,-0.002839971755,0.6645690396,0,0,0,1,0,0,0
2.230073452,0.2100114822,rate,aggressive,0.002673807088,-0.01640012488,0.01091051102,0,0,-0.02803099005,0.00712621212,-0.00899241399,-0.01473136153,0,0,-0.2604131662,0.04233856216,0.2459495793,0.5714163272,0.0002126994805,0.001350558596,-8.967913891e-05,0.03003513642,-0.06282657688,-0.002779339736,0.6684196367,0,0,0,1,0,0,0
2.240053892,0.2199919224,rate,aggressive,0.002944334177,-0.01644839719,0.0108205229,0,0,-0.03068698955,0.007332246751,-0.008893785067,-0.01475568023,0,0,-0.2718130317,0.04474474789,0.2573156489,0.5713471919,-0.0008422381943,-0.0003526922956,0.0003114824649,0.03319176407,-0.06194371525,-0.002765084147,0.6722333374,0,0,0,1,0,0,0
2.250183105,0.2301211357,rate,aggressive,0.002944334177,-0.01644839719,0.0108205229,0,0,-0.03349845668,0.007332246751,-0.008893785067,-0.01475568023,0,0,-0.2832922978,0.04736444685,0.2687838839,0.568363727,-0.0008422381943,-0.0003526922956,0.0003114824649,0.03059971353,-0.06113482564,-0.002731140649,0.6761623109,0,0,0,1,0,0,0
2.260044098,0.2399821281,rate,aggressive,0.00309916446,-0.01644569822,0.01082032919,0,0,-0.0363467387,0.007472836878,-0.008652028628,-0.01465778146,0,0,-0.2943799834,0.05004795804,0.2799557307,0.5634895148,0.0002267458767,-0.00119174493,0.0001170991891,0.0320040123,-0.05837534838,-0.002722800591,0.6800301296,0,0,0,1,0,0,0
2.270147085,0.2500851154,rate,aggressive,0.00309916446,-0.01644569822,0.01082032919,0,0,-0.03937786337,0.007472836878,-0.008652028628,-0.01465778146,0,0,-0.305650125,0.05291431136,0.2912168349,0.5605655823,0.0002267458767,-0.00119174493,0.0001170991891,0.0298486327,-0.05817485188,-0.002705125777,0.683985643,0,0,0,1,0,0,0
2.280048847,0.2599868774,rate,aggressive,0.003258289071,-0.01644178852,0.01081714034,0,0,-0.04245866002,0.007650702726,-0.008398094214,-0.0145124048,0,0,-0.3166077582,0.05585033358,0.302308888,0.5562387072,0.0004780612653,-0.0002109362686,-0.0002124218736,0.03191589139,-0.05585501889,-0.002683873515,0.6879156138,0,0,0,1,0,0,0
2.290071726,0.2700097561,rate,aggressive,0.003258289071,-0.01644178852,0.01081714034,0,0,-0.04568719615,0.007650702726,-0.008398094214,-0.0145124048,0,0,-0.3276106666,0.05893800895,0.3133042974,0.5533885034,0.0004780612653,-0.0002109362686,-0.0002124218736,0.02993639134,-0.05601377865,-0.002675545642,0.6918748755,0,0,0,1,0,0,0
2.300053835,0.2799918652,rate,aggressive,0.003404761665,-0.01641069166,0.01089964807,0,0,-0.049011765,0.007878907956,-0.008067592978,-0.01443885732,0,0,-0.3384800671,0.06221157946,0.324237365,0.5481932659,0.0003435343388,0.0001470373099,0.0003724035341,0.03250870522,-0.05306085657,-0.002663261183,0.6958835715,0,0,0,1,0,0,0
2.310331583,0.2902696133,rate,aggressive,0.003404761665,-0.01641069166,0.01089964807,0,0,-0.05254769349,0.007878907956,-0.008067592978,-0.01443885732,0,0,-0.3495788406,0.06562368744,0.3353296463,0.5453307255,0.0003435343388,0.0001470373099,0.0003724035341,0.03055659007,-0.0535986851,-0.002660972462,0.6999784834,0,0,0,1,0,0,0
2.320047617,0.2999856472,rate,aggressive,0.003522614716,-0.01635600999,0.0110129565,0,0,-0.0559948331,0.008027455769,-0.007866896689,-0.01430187281,0,0,-0.3599846903,0.06906498204,0.3458654918,0.5401287261,-0.0002021657856,-0.0006014723913,-0.0005474349018,0.03202892191,-0.05160288269,-0.002697408887,0.7039413966,0,0,0,1,0,0,0
2.330085754,0.3100237846,rate,aggressive,0.003522614716,-0.01635600999,0.0110129565,0,0,-0.0596620006,0.008027455769,-0.007866896689,-0.01430187281,0,0,-0.3706473808,0.07262835148,0.356522719,0.5373867729,-0.0002021657856,-0.0006014723913,-0.0005474349018,0.03031095381,-0.05222118318,-0.002697870547,0.7079732754,0,0,0,1,0,0,0
2.340049505,0.3199875355,rate,aggressive,0.003595391521,-0.01631263644,0.01109105349,0,0,-0.06340739731,0.008185943589,-0.007593038958,-0.01425291877,0,0,-0.3811424816,0.07634820311,0.3670594165,0.5316415459,-0.0009913371177,-0.0009105392965,-1.812998744e-05,0.03155695217,-0.04985470261,-0.00269696832,0.7120317285,0,0,0,1,0,0,0
2.350189686,0.3301277161,rate,aggressive,0.003595391521,-0.01631263644,0.01109105349,0,0,-0.06732602209,0.008185943589,-0.007593038958,-0.01425291877,0,0,-0.3917328175,0.08017647217,0.3776449891,0.5289320155,-0.0009913371177,-0.0009105392965,-1.812998744e-05,0.03005760174,-0.05060713998,-0.002699328595,0.7161363441,0,0,0,1,0,0,0
2.360049009,0.3399870396,rate,aggressive,0.003631438827,-0.01626625843,0.01117022336,0,0,-0.07123864242,0.008335083723,-0.007347073872,-0.01421712711,0,0,-0.4019421918,0.08407734338,0.3878842339,0.5225202126,0.001163509674,-0.0003397969995,0.0003682220995,0.03081562559,-0.04848056966,-0.002725631111,0.7201800724,0,0,0,1,0,0,0
2.370300055,0.3502380848,rate,aggressive,0.003631438827,-0.01626625843,0.01117022336,0,0,-0.07541298763,0.008335083723,-0.007347073872,-0.01421712711,0,0,-0.4124655726,0.08817273351,0.3984034104,0.5198410477,0.001163509674,-0.0003397969995,0.0003682220995,0.02953928549,-0.04927745917,-0.002728888659,0.7243603383,0,0,0,1,0,0,0
2.380046129,0.3599841595,rate,aggressive,0.003644365817,-0.01624294184,0.0111965239,0,0,-0.07948130909,0.008270234801,-0.006938599516,-0.01431283168,0,0,-0.4223839482,0.09219318824,0.4082138864,0.5105518251,1.8117872e-07,-0.0002745774982,0.0006743799313,0.02852128587,-0.04591041672,-0.002770035659,0.7283341922,0,0,0,1,0,0,0
2.39051795,0.3704559803,rate,aggressive,0.003644365817,-0.01624294184,0.0111965239,0,0,-0.08395982934,0.008270234801,-0.006938599516,-0.01431283168,0,0,-0.4329468034,0.09660148096,0.4187731405,0.5078957526,1.8117872e-07,-0.0002745774982,0.0006743799313,0.0277655511,-0.04700383932,-0.002774642024,0.732634645,0,0,0,1,0,0,0
2.400050163,0.3799881935,rate,aggressive,0.00364356651,-0.01619674452,0.01118703187,0,0,-0.08813225731,0.008093168028,-0.004765491467,-0.01538861077,0,0,-0.4424771348,0.1006972259,0.4271917797,0.4693592866,-0.0007778862491,-0.008884551004,0.0001359129819,0.02776943913,-0.02737084345,-0.002721142276,0.7362871212,0,0,0,1,0,0,0
2.410143137,0.3900811672,rate,aggressive,0.00364356651,-0.01619674452,0.01118703187,0,0,-0.0926487233,0.008093168028,-0.004765491467,-0.01538861077,0,0,-0.4524800821,0.1051545252,0.4371923645,0.4670180429,-0.0007778862491,-0.008884551004,0.0001359129819,0.02720439495,-0.03181487406,-0.002739037689,0.7404593523,0,0,0,1,0,0,0
2.420046568,0.3999845982,rate,aggressive,0.003626980819,-0.0161467772,0.01117183268,0,0,-0.09717806623,0.007806378882,-0.002543978626,-0.01656835526,0,0,-0.4622071625,0.1096064505,0.4457144354,0.4217691482,0.0009049794171,-0.01821660995,-8.854935732e-05,0.02614607564,-0.01407055409,-0.002708356286,0.7442630793,0,0,0,1,0,0,0
2.430077076,0.4100151062,rate,aggressive,0.003626980819,-0.0161467772,0.01117183268,0,0,-0.1018632777,0.007806378882,-0.002543978626,-0.01656835526,0,0,-0.4719701917,0.11424014,0.4554758435,0.4196651023,0.0009049794171,-0.01821660995,-8.854935732e-05,0.02589899819,-0.02033214477,-0.002733140732,0.7484356014,0,0,0,1,0,0,0
2.440050602,0.4199886322,rate,aggressive,0.003596477211,-0.01601364091,0.01109267771,0,0,-0.1066185253,0.006517802365,0.0002832360624,-0.0203509368,0,0,-0.4815890869,0.1188498997,0.4612842866,0.3312125164,0.0001981463429,-0.04337665439,-0.006090437528,0.01732570235,0.00638908985,-0.00235442194,0.7516126625,0,0,0,1,0,0,0
2.450072765,0.4300107956,rate,aggressive,0.003596477211,-0.01601364091,0.01109267771,0,0,-0.1114931542,0.006517802365,0.0002832360624,-0.0203509368,0,0,-0.4911658233,0.1236796569,0.4708600847,0.3294420917,0.0001981463429,-0.04337665439,-0.006090437528,0.01879876504,-0.002149301872,-0.002387386956,0.7558065587,0,0,0,1,0,0,0
2.460048199,0.4399862289,rate,aggressive,0.0035712237,-0.01589881629,0.01098616421,0,0,-0.1164399208,0.006168714724,0.0009726653225,-0.02535617165,0,0,-0.5006092467,0.1284637425,0.4752941032,0.2660340608,0.01045502909,-0.07416839153,-0.007678184658,0.0168256918,0.005748508136,-0.001992336416,0.7586883287,0,0,0,1,0,0,0
2.470077038,0.4500150681,rate,aggressive,0.0035712237,-0.01589881629,0.01098616421,0,0,-0.1215076848,0.006168714724,0.0009726653225,-0.02535617165,0,0,-0.5100140634,0.1334921197,0.4846981238,0.2644376183,0.01045502909,-0.07416839153,-0.007678184658,0.01807544425,-0.0003408255889,-0.002016457548,0.7629085858,0,0,0,1,0,0,0
2.480059624,0.459997654,rate,aggressive,0.003535145661,-0.01571856439,0.01063062251,0,0,-0.1266453002,0.005991412792,0.00183701585,-0.03648540378,0,0,-0.5192867201,0.1382181229,0.4828419852,0.1652534927,0.02729708143,-0.08676066995,-0.007594807073,0.01452885069,0.0180288621,-0.00139723073,0.7641737724,0,0,0,1,0,0,0
2.490074635,0.4700126648,rate,aggressive,0.003535145661,-0.01571856439,0.01063062251,0,0,-0.1318921748,0.005991412792,0.00183701585,-0.03648540378,0,0,-0.5285004841,0.1434305346,0.4920549877,0.1642070562,0.02729708143,-0.08676066995,-0.007594807073,0.01532225512,0.01300266982,-0.001415616783,0.7684104408,0,0,0,1,0,0,0
2.500062704,0.4800007343,rate,aggressive,0.003509636968,-0.01559051126,0.01022484899,0,0,-0.1372163948,0.00578146847,0.002785962773,-0.04676644504,0,0,-0.5376006658,0.1483047604,0.490876175,0.135633188,0.03284108266,-0.07913234085,-0.007918627933,0.01155634193,0.02695737935,-0.001000111004,0.7698924836,0,0,0,1,0,0,0
2.510139465,0.4900774956,rate,aggressive,0.003509636968,-0.01559051126,0.01022484899,0,0,-0.1426795487,0.00578146847,0.002785962773,-0.04676644504,0,0,-0.5466917934,0.1537372317,0.4999665397,0.1355301947,0.03284108266,-0.07913234085,-0.007918627933,0.01212486987,0.02248873601,-0.001014225708,0.7741763721,0,0,0,1,0,0,0
2.520054579,0.499992609,rate,aggressive,0.003479574108,-0.01536620501,0.009256243706,0,0,-0.1481440421,0.005287392065,0.004607819021,-0.06610505283,0,0,-0.5555489858,0.1581868441,0.4894941797,0.2008267075,0.03369520605,-0.07619751245,-0.007359192241,0.004720298839,0.04845792458,-0.0004741567435,0.7731428293,0,0,0,1,0,0,0
2.530110121,0.510048151,rate,aggressive,0.003479574108,-0.01536620501,0.009256243706,0,0,-0.1537751775,0.005287392065,0.004607819021,-0.06610505283,0,0,-0.5644423719,0.1637909399,0.4983866692,0.201737535,0.03369520605,-0.07619751245,-0.007359192241,0.005421449546,0.04273104555,-0.0004879611276,0.7774373751,0,0,0,1,0,0,0
2.540069103,0.5200071335,rate,aggressive,0.003458764171,-0.0151931867,0.008324086666,0,0,-0.1594399405,0.004825694486,0.006013859529,-0.08110497147,0,0,-0.5731617696,0.1684860967,0.492117208,0.281305396,0.03590352088,-0.07211703062,-0.008208880201,-0.0003039071284,0.05931295421,-5.511908655e-05,0.7775533121,0,0,0,1,0,0,0
2.550224543,0.5301625729,rate,aggressive,0.003458764171,-0.0151931867,0.008324086666,0,0,-0.1653054147,0.004825694486,0.006013859529,-0.08110497147,0,0,-0.5819623844,0.1743272776,0.5009167615,0.282319715,0.03590352088,-0.07211703062,-0.008208880201,0.0005006762389,0.053615962,-6.674934555e-05,0.7819091738,0,0,0,1,0,0,0
2.560054064,0.539992094,rate,aggressive,0.003417750821,-0.01481783949,0.006379246712,0,0,-0.1710673323,0.003888595616,0.008461949416,-0.1057956219,0,0,-0.5903932536,0.1780969899,0.4846871057,0.406758967,0.03333794698,-0.05413375795,-0.008213115856,-0.009638791374,0.08277604313,0.0006144324989,0.7791569361,0,0,0,1,0,0,0
2.570107222,0.5500452518,rate,aggressive,0.003417750821,-0.01481783949,0.006379246712,0,0,-0.1770456202,0.003888595616,0.008461949416,-0.1057956219,0,0,-0.5989271006,0.1840541529,0.4932194047,0.4076397927,0.03333794698,-0.05413375795,-0.008213115856,-0.008220304667,0.07495737711,0.0006016500151,0.7834859586,0,0,0,1,0,0,0
2.58005619,0.5599942207,rate,aggressive,0.003371277591,-0.01453418564,0.00469788909,0,0,-0.1830459718,0.003156214254,0.0102176806,-0.1233249158,0,0,-0.60728406,0.1883357783,0.484077283,0.4823732511,0.03077175841,-0.0405732505,-0.007572195493,-0.01483038231,0.09084128235,0.001010936157,0.7827156181,0,0,0,1,0,0,0
2.590116024,0.5700540543,rate,aggressive,0.003371277591,-0.01453418564,0.00469788909,0,0,-0.189197277,0.003156214254,0.0102176806,-0.1233249158,0,0,-0.6156446836,0.1944683612,0.4924359008,0.4831077417,0.03077175841,-0.0405732505,-0.007572195493,-0.01322352325,0.08311989591,0.00100000465,0.7870633519,0,0,0,1,0,0,0
2.600050926,0.5799889565,rate,aggressive,0.003267981112,-0.01405455638,0.001577943563,0,0,-0.195354296,0.001800138387,0.01310056727,-0.1513120979,0,0,-0.623813191,0.1974601662,0.4726860992,0.5755685322,0.02397259697,-0.01691228338,-0.006742753554,-0.02492579059,0.1095122179,0.00156297972,0.7831253642,0,0,0,1,0,0,0
2.610085964,0.5900239944,rate,aggressive,0.003267981112,-0.01405455638,0.001577943563,0,0,-0.2016553118,0.001800138387,0.01310056727,-0.1513120979,0,0,-0.6319749641,0.203744856,0.480844732,0.5760374851,0.02397259697,-0.01691228338,-0.006742753554,-0.0223678681,0.09957706671,0.001551049435,0.7874768701,0,0,0,1,0,0,0
2.62005043,0.5999884605,rate,aggressive,0.003153351834,-0.01368974801,-0.001013815403,0,0,-0.2079926148,0.0008058324456,0.01514531113,-0.1709690541,0,0,-0.6399907684,0.2074549981,0.4692668732,0.6252542832,0.01977748238,-0.004636054859,-0.007227053866,-0.029413008,0.1131980814,0.001908750553,0.7858742982,0,0,0,1,0,0,0
2.630138636,0.6100766659,rate,aggressive,0.003153351834,-0.01368974801,-0.001013815403,0,0,-0.2144895303,0.0008058324456,0.01514531113,-0.1709690541,0,0,-0.6480162042,0.2139374527,0.4772881867,0.6255219025,0.01977748238,-0.004636054859,-0.007227053866,-0.02667078836,0.1035607451,0.001898980448,0.7902621806,0,0,0,1,0,0,0
2.640069485,0.620007515,rate,aggressive,0.002940267092,-0.01306610275,-0.005565792322,0,0,-0.2209637433,-0.0008150556241,0.01822181791,-0.2014501542,0,0,-0.6558281006,0.2158139141,0.4547439028,0.6824742472,0.01203082502,0.01260172762,-0.00734070316,-0.03845917041,0.1269101572,0.002487198758,0.7852017215,0,0,0,1,0,0,0
2.650084257,0.6300222874,rate,aggressive,0.002940267092,-0.01306610275,-0.005565792322,0,0,-0.2275707901,-0.0008150556241,0.01822181791,-0.2014501542,0,0,-0.6636172353,0.2224086043,0.4625268748,0.6824202529,0.01203082502,0.01260172762,-0.00734070316,-0.03465813573,0.1151314737,0.00247862113,0.7895695836,0,0,0,1,0,0,0
2.660048246,0.6399862766,rate,aggressive,0.002756585134,-0.01258676965,-0.009118497372,0,0,-0.2342213062,-0.001969743054,0.02020085417,-0.2231574059,0,0,-0.671278398,0.2254712844,0.4485804031,0.7083852481,0.007349253632,0.02289828286,-0.006803477183,-0.04136492429,0.1254688172,0.002823779459,0.7871263829,0,0,0,1,0,0,0
2.670087576,0.6500256062,rate,aggressive,0.002756585134,-0.01258676965,-0.009118497372,0,0,-0.2409988655,-0.001969743054,0.02020085417,-0.2231574059,0,0,-0.6789082355,0.2322380904,0.4562025571,0.7081109546,0.007349253632,0.02289828286,-0.006803477183,-0.03751658581,0.1145326652,0.002817648957,0.7915156289,0,0,0,1,0,0,0
2.680068493,0.6600065231,rate,aggressive,0.002545512281,-0.01206316147,-0.01311722398,0,0,-0.2478124775,-0.003266567132,0.0221665334,-0.2453355938,0,0,-0.6864048706,0.2350188535,0.4416380108,0.7267157552,0.001098666689,0.03165774792,-0.005391732324,-0.04490499286,0.1251078487,0.003074718177,0.7888103874,0,0,0,1,0,0,0
2.690083504,0.670021534,rate,aggressive,0.002545512281,-0.01206316147,-0.01311722398,0,0,-0.2547241261,-0.003266567132,0.0221665334,-0.2453355938,0,0,-0.6938381093,0.2419212571,0.4490618354,0.7262134922,0.001098666689,0.03165774792,-0.005391732324,-0.04074827754,0.1145189511,0.003069582297,0.7931983752,0,0,0,1,0,0,0
2.700059891,0.679997921,rate,aggressive,0.002183623379,-0.01120325737,-0.01990783215,0,0,-0.2616826904,-0.005100526381,0.02497304603,-0.2788659632,0,0,-0.7011540402,0.242044135,0.4230566018,0.7360969764,-0.007676756941,0.04462414235,-0.004937890917,-0.05158804095,0.1327946111,0.003395598356,0.7866131174,0,0,0,1,0,0,0
2.710080624,0.6900186539,rate,aggressive,0.002183623379,-0.01120325737,-0.01990783215,0,0,-0.2687452145,-0.005100526381,0.02497304603,-0.2788659632,0,0,-0.7084134306,0.2490990246,0.4303030271,0.7352463907,-0.007676756941,0.04462414235,-0.004937890917,-0.04629436317,0.1201793961,0.003394680704,0.7910117183,0,0,0,1,0,0,0
2.720053434,0.6999914646,rate,aggressive,0.001790415146,-0.01024196576,-0.02769458294,0,0,-0.2758457443,-0.00682262145,0.02741730958,-0.3129221499,0,0,-0.7155494859,0.2483688836,0.4036174287,0.7270382406,-0.01573327184,0.05366482213,-0.004158366472,-0.05483082756,0.1340633041,0.003668211193,0.7839421522,0,0,0,1,0,0,0
2.73008275,0.7100207806,rate,aggressive,0.001790415146,-0.01024196576,-0.02769458294,0,0,-0.2830578315,-0.00682262145,0.02741730958,-0.3129221499,0,0,-0.7226368146,0.2555748269,0.4106876715,0.7258495697,-0.01573327184,0.05366482213,-0.004158366472,-0.04891239717,0.120548825,0.003673134363,0.7883513513,0,0,0,1,0,0,0
2.740053177,0.7199912071,rate,aggressive,0.001509423601,-0.009566416033,-0.0333814919,0,0,-0.2902975847,-0.007980878465,0.02899232507,-0.3358592987,0,0,-0.7295939036,0.2570985676,0.3948812333,0.7154856211,-0.01719317958,0.05575403571,-0.004693540279,-0.05276654344,0.1257262072,0.003810062616,0.7848663492,0,0,0,1,0,0,0
2.750086546,0.7300245762,rate,aggressive,0.001509423601,-0.009566416033,-0.0333814919,0,0,-0.2976526188,-0.007980878465,0.02899232507,-0.3358592987,0,0,-0.7365057097,0.2644485266,0.4017733141,0.7140769596,-0.01719317958,0.05575403571,-0.004693540279,-0.04738560978,0.1137672768,0.003818236742,0.7892828553,0,0,0,1,0,0,0
2.760053873,0.7399919033,rate,aggressive,0.001061094226,-0.008433747105,-0.04279819131,0,0,-0.3050274633,-0.009440842085,0.03091787174,-0.36964643,0,0,-0.7432834191,0.2623670046,0.3750328571,0.6846609866,-0.02435391583,0.06242466345,-0.003209563438,-0.05340479382,0.1248303476,0.003922192646,0.7817041822,0,0,0,1,0,0,0
2.770082951,0.7500209808,rate,aggressive,0.001061094226,-0.008433747105,-0.04279819131,0,0,-0.3125157358,-0.009440842085,0.03091787174,-0.36964643,0,0,-0.750013987,0.2698514551,0.3817388148,0.6829340166,-0.02435391583,0.06242466345,-0.003209563438,-0.04759549982,0.1119841199,0.003937460612,0.7861230451,0,0,0,1,0,0,0
2.780056477,0.7599945068,rate,aggressive,0.0007301293081,-0.007642580196,-0.04958960414,0,0,-0.3200290289,-0.0103910761,0.03203398734,-0.3914301097,0,0,-0.7566186089,0.2705483776,0.366738041,0.655732622,-0.02816983685,0.06693713367,-0.003873773152,-0.04975594043,0.114417141,0.004011430508,0.7825432115,0,0,0,1,0,0,0
2.790165186,0.7701032162,rate,aggressive,0.0007301293081,-0.007642580196,-0.04958960414,0,0,-0.3277109216,-0.0103910761,0.03203398734,-0.3914301097,0,0,-0.7632225266,0.278227262,0.3733145484,0.653797439,-0.02816983685,0.06693713367,-0.003873773152,-0.04455040732,0.1032164049,0.004027779061,0.7870001236,0,0,0,1,0,0,0
2.800072908,0.7800109386,rate,aggressive,0.0003695660562,-0.006822537631,-0.05680018663,0,0,-0.3353044184,-0.01128379814,0.03307302669,-0.4128395617,0,0,-0.7696070007,0.2785880305,0.3584747616,0.6226396204,-0.03131323308,0.06820212305,-0.003868946573,-0.04677589014,0.1065138654,0.004074723274,0.7833372129,0,0,0,1,0,0,0
2.810105324,0.790043354,rate,aggressive,0.0003695660562,-0.006822537631,-0.05680018663,0,0,-0.3430574932,-0.01128379814,0.03307302669,-0.4128395617,0,0,-0.7759829159,0.2863388363,0.3648208395,0.6205303437,-0.03131323308,0.06820212305,-0.003868946573,-0.04190292286,0.09624225252,0.004092665804,0.7877621234,0,0,0,1,0,0,0
2.820065975,0.8000040054,rate,aggressive,-0.0002059739054,-0.005541492719,-0.06842112541,0,0,-0.350817948,-0.01229297277,0.03424890339,-0.4447161555,0,0,-0.7822247145,0.282451263,0.3394644782,0.5718150834,-0.03331593797,0.06345464289,-0.002026918344,-0.04524080401,0.1041502602,0.004004836317,0.7798759167,0,0,0,1,0,0,0
2.830102682,0.8100407124,rate,aggressive,-0.0002059739054,-0.005541492719,-0.06842112541,0,0,-0.3587000981,-0.01229297277,0.03424890339,-0.4447161555,0,0,-0.7884249695,0.2903319352,0.3456296477,0.5694273835,-0.03331593797,0.06345464289,-0.002026918344,-0.03996433076,0.09293750935,0.004028320699,0.7843030674,0,0,0,1,0,0,0
2.840081692,0.820019722,rate,aggressive,-0.0008045535069,-0.004209605511,-0.08093592525,0,0,-0.3665981875,-0.0131298434,0.03518584743,-0.4765781164,0,0,-0.7945008096,0.2856944105,0.3201332152,0.5258831939,-0.03486704081,0.05760608613,-0.002003192436,-0.04200400494,0.1002677094,0.003880940567,0.776103476,0,0,0,1,0,0,0
2.850097895,0.8300359249,rate,aggressive,-0.0008045535069,-0.004209605511,-0.08093592525,0,0,-0.3745862394,-0.0131298434,0.03518584743,-0.4765781164,0,0,-0.8005102836,0.2936815879,0.3261019558,0.5232345164,-0.03486704081,0.05760608613,-0.002003192436,-0.036644074,0.08870452646,0.003907385376,0.7805206252,0,0,0,1,0,0,0
2.860071659,0.8400096893,rate,aggressive,-0.001213506795,-0.003291276284,-0.08976626396,0,0,-0.3825998135,-0.01355036348,0.03550709784,-0.4975899458,0,0,-0.8064056844,0.2928545592,0.3111455073,0.4933626917,-0.03504847363,0.05301235244,-0.001371003687,-0.03593091185,0.08907695605,0.003792025267,0.7763986453,0,0,0,1,0,0,0
2.870105267,0.8500432968,rate,aggressive,-0.001213506795,-0.003291276284,-0.08976626396,0,0,-0.3907203524,-0.01355036348,0.03550709784,-0.4975899458,0,0,-0.8122472373,0.3009745312,0.3169441236,0.4905755245,-0.03504847363,0.05301235244,-0.001371003687,-0.03143494828,0.07941078432,0.003814850535,0.7808212087,0,0,0,1,0,0,0
2.880071163,0.8600091934,rate,aggressive,-0.001826987951,-0.001892648987,-0.1037222445,0,0,-0.398843668,-0.0138794668,0.03589013219,-0.5280540586,0,0,-0.8179607856,0.2951331472,0.2924494,0.4512385558,-0.03113830648,0.04967103153,-0.0002152444649,-0.03117484137,0.08593791654,0.003572082124,0.7724420033,0,0,0,1,0,0,0
2.890099764,0.8700377941,rate,aggressive,-0.001826987951,-0.001892648987,-0.1037222445,0,0,-0.4070751276,-0.0138794668,0.03589013219,-0.5280540586,0,0,-0.8236211641,0.3033642888,0.2980614954,0.4482376145,-0.03113830648,0.04967103153,-0.0002152444649,-0.02687975527,0.07590385833,0.00359597267,0.7768588016,0,0,0,1,0,0,0
2.90006566,0.8800036907,rate,aggressive,-0.002232823055,-0.0009584577056,-0.1134313643,0,0,-0.415310912,-0.01403660048,0.03598595411,-0.5477001071,0,0,-0.8291575895,0.3018893265,0.2840956344,0.4235838929,-0.02928878739,0.04572074115,-0.000269101205,-0.02572728313,0.07688357323,0.003437883608,0.7727529956,0,0,0,1,0,0,0
2.910124302,0.8900623322,rate,aggressive,-0.002232823055,-0.0009584577056,-0.1134313643,0,0,-0.4236788397,-0.01403660048,0.03598595411,-0.5477001071,0,0,-0.8346560184,0.3102569904,0.2895439691,0.4204710805,-0.02928878739,0.04572074115,-0.000269101205,-0.02218178502,0.0683515034,0.003458179297,0.7771781548,0,0,0,1,0,0,0
2.92007184,0.9000098705,rate,aggressive,-0.002806347562,0.0004490159336,-0.1287426054,0,0,-0.4320082913,-0.0139491111,0.03571168706,-0.5760376453,0,0,-0.8400052642,0.3032790026,0.2667373354,0.3861748704,-0.02576052956,0.03942165896,-0.001027871971,-0.02055733439,0.07230107642,0.003154204878,0.7688273251,0,0,0,1,0,0,0
2.930117369,0.9100553989,rate,aggressive,-0.002806347562,0.0004490159336,-0.1287426054,0,0,-0.4404733474,-0.0139491111,0.03571168706,-0.5760376453,0,0,-0.8453179412,0.3117436971,0.2719959191,0.3829241158,-0.02576052956,0.03942165896,-0.001027871971,-0.01738960864,0.06388721271,0.003172936165,0.7732405527,0,0,0,1,0,0,0
2.940071821,0.9200098515,rate,aggressive,-0.003174766898,0.001356235589,-0.1393283606,0,0,-0.4489138601,-0.01379216649,0.0354476124,-0.5940437913,0,0,-0.8504939678,0.3096047481,0.2592555691,0.3630102012,-0.0226781331,0.03567413241,-9.835355013e-05,-0.01529164565,0.06409186722,0.002991542388,0.7692141883,0,0,0,1,0,0,0
2.950152636,0.9300906658,rate,aggressive,-0.003174766898,0.001356235589,-0.1393283606,0,0,-0.4575135758,-0.01379216649,0.0354476124,-0.5940437913,0,0,-0.8556459337,0.3182039435,0.2643528664,0.3596996089,-0.0226781331,0.03567413241,-9.835355013e-05,-0.01287142667,0.05709262625,0.00300599075,0.7736354316,0,0,0,1,0,0,0
2.960077047,0.9400150776,rate,aggressive,-0.003706762102,0.002669623354,-0.1557427645,0,0,-0.4660301614,-0.01352840383,0.0348113738,-0.6201531887,0,0,-0.8606297274,0.3103210203,0.2433594361,0.335634388,-0.01682759821,0.02938856184,0.0002247781522,-0.01217054982,0.06021210024,0.002679790863,0.7654229047,0,0,0,1,0,0,0
2.970131874,0.9500699043,rate,aggressive,-0.003706762102,0.002669623354,-0.1557427645,0,0,-0.4747086554,-0.01352840383,0.0348113738,-0.6201531887,0,0,-0.8655897288,0.3189985996,0.248261847,0.3322441865,-0.01682759821,0.02938856184,0.0002247781522,-0.009901827927,0.05338937165,0.002693239821,0.7698239923,0,0,0,1,0,0,0
2.980080366,0.9600183964,rate,aggressive,-0.004049666692,0.003520788392,-0.1669857204,0,0,-0.4833440123,-0.01328014769,0.03432457894,-0.6367231607,0,0,-0.8704088301,0.3164037999,0.2365661242,0.3187953262,-0.01380823739,0.02522122301,0.001131915371,-0.008784345642,0.05359246243,0.002461618898,0.7659025057,0,0,0,1,0,0,0
2.990096569,0.9700345993,rate,aggressive,-0.004049666692,0.003520788392,-0.1669857204,0,0,-0.4920861319,-0.01328014769,0.03432457894,-0.6367231607,0,0,-0.8751718551,0.325144696,0.241272292,0.3154002781,-0.01380823739,0.02522122301,0.001131915371,-0.007011058916,0.047941994,0.002472128083,0.7702766852,0,0,0,1,0,0,0
3.000069857,0.9800078869,rate,aggressive,-0.004380218219,0.004351501353,-0.1784613431,0,0,-0.5008377539,-0.01290993579,0.03377917409,-0.6525288224,0,0,-0.8798258677,0.3224355318,0.2301556991,0.3041355852,-0.01107045356,0.02255018614,0.000572772813,-0.005486729598,0.04861686217,0.002264885515,0.7664644944,0,0,0,1,0,0,0
3.010082722,0.990020752,rate,aggressive,-0.004380218219,0.004351501353,-0.1784613431,0,0,-0.5096703531,-0.01290993579,0.03377917409,-0.6525288224,0,0,-0.8844094074,0.3312665547,0.2346834138,0.3007398636,-0.01107045356,0.02255018614,0.000572772813,-0.004202743351,0.04378766533,0.002272525528,0.7708259284,0,0,0,1,0,0,0
3.020072937,1.000010967,rate,aggressive,-0.004876040854,0.005531428847,-0.1961248219,0,0,-0.5185282672,-0.01226469316,0.03287511691,-0.6757599711,0,0,-0.8888937632,0.322487758,0.2160027993,0.289087729,-0.007920385338,0.01745733619,0.001146783121,-0.002941098696,0.04689952251,0.001949833922,0.7628854824,0,0,0,1,0,0,0
3.030119419,1.010057449,rate,aggressive,-0.004876040854,0.005531428847,-0.1961248219,0,0,-0.5274808011,-0.01226469316,0.03287511691,-0.6757599711,0,0,-0.8933139098,0.3314380144,0.2203654062,0.2856440941,-0.007920385338,0.01745733619,0.001146783121,-0.001928829222,0.04203799049,0.001955822398,0.7672489172,0,0,0,1,0,0,0
3.040075541,1.020013571,rate,aggressive,-0.005375925452,0.006633164827,-0.2143196464,0,0,-0.5363961812,-0.01153992303,0.03177352995,-0.6992262602,0,0,-0.8976057901,0.3221896859,0.2012390741,0.2791196815,-0.0001889846753,0.01016115397,0.001229807618,-0.001499595727,0.0439996014,0.001623175296,0.7590274294,0,0,0,1,0,0,0
3.050219059,1.030157089,rate,aggressive,-0.005375925452,0.006633164827,-0.2143196464,0,0,-0.5455228569,-0.01153992303,0.03177352995,-0.6992262602,0,0,-0.9018878396,0.3313132447,0.2054615361,0.2756081354,-0.0001889846753,0.01016115397,0.001229807618,-0.0007020233751,0.0395496088,0.00162793028,0.7634189182,0,0,0,1,0,0,0
3.060064077,1.040002108,rate,aggressive,-0.00572104333,0.007318092044,-0.2267545462,0,0,-0.5544220576,-0.01112297829,0.03102938831,-0.7144240737,0,0,-0.9059564173,0.3277991501,0.1943480956,0.2727669737,0.001791222254,0.008388882503,0.0008965392481,-0.001518816616,0.03990429762,0.001378105875,0.7593170559,0,0,0,1,0,0,0
3.070101976,1.050040007,rate,aggressive,-0.00572104333,0.007318092044,-0.2267545462,0,0,-0.5635364064,-0.01112297829,0.03102938831,-0.7144240737,0,0,-0.9100160019,0.3369099378,0.1983500592,0.2692876125,0.001791222254,0.008388882503,0.0008965392481,-0.0007580791855,0.03630038228,0.001382760817,0.7636476712,0,0,0,1,0,0,0
3.080073595,1.060011625,rate,aggressive,-0.006276024505,0.008288902231,-0.2458125353,0,0,-0.5726304769,-0.01053893752,0.0298134964,-0.7350364923,0,0,-0.9139601023,0.3269832738,0.181696373,0.2682872895,0.003672169754,0.00548763806,0.001591949142,-0.003491891981,0.03811606387,0.000950387484,0.7558129402,0,0,0,1,0,0,0
3.090152264,1.070090294,rate,aggressive,-0.006276024505,0.008288902231,-0.2458125353,0,0,-0.5818616901,-0.01053893752,0.0298134964,-0.7350364923,0,0,-0.9178567309,0.3362099476,0.1855347768,0.2647378005,0.003672169754,0.00548763806,0.001591949142,-0.002460660996,0.03481343579,0.0009570840922,0.760144566,0,0,0,1,0,0,0
3.100059986,1.079998016,rate,aggressive,-0.006648773793,0.008904839866,-0.2587388158,0,0,-0.5909741719,-0.0101326583,0.02891912498,-0.7481347322,0,0,-0.9215992594,0.3324211699,0.1761503016,0.2634285583,0.00674819015,0.003955227789,0.001484487671,-0.004212849184,0.03453711596,0.0006825232934,0.7563911115,0,0,0,1,0,0,0
3.110088587,1.090026617,rate,aggressive,-0.006648773793,0.008904839866,-0.2587388158,0,0,-0.6002351471,-0.0101326583,0.02891912498,-0.7481347322,0,0,-0.925298589,0.3416771088,0.1797943789,0.2598973104,0.00674819015,0.003955227789,0.001484487671,-0.003214135045,0.03198957396,0.0006891376818,0.7606834929,0,0,0,1,0,0,0
3.120059013,1.099997044,rate,aggressive,-0.007236470934,0.009702301584,-0.2784696221,0,0,-0.6094787353,-0.009743368253,0.02751623467,-0.7666069269,0,0,-0.9288878377,0.331230334,0.164885325,0.2590492053,0.007358728442,0.003775557969,0.001531578135,-0.008610553802,0.03186216945,0.0002627934942,0.7531113071,0,0,0,1,0,0,0
3.130085468,1.110023499,rate,aggressive,-0.007236470934,0.009702301584,-0.2784696221,0,0,-0.6188099101,-0.009743368253,0.02751623467,-0.7666069269,0,0,-0.9324081459,0.3405554475,0.1683511824,0.2554764851,0.007358728442,0.003775557969,0.001531578135,-0.006990617451,0.02980323077,0.0002734569022,0.7573837258,0,0,0,1,0,0,0
3.140065908,1.120003939,rate,aggressive,-0.007625292521,0.0101898592,-0.2917977571,0,0,-0.6281328711,-0.009507238865,0.02665759064,-0.7782662511,0,0,-0.9358235526,0.3365758268,0.1600790992,0.2543966149,0.006202167831,0.002914608689,0.001623514341,-0.01000245332,0.02950928942,-9.376881502e-06,0.7538427643,0,0,0,1,0,0,0
3.150094509,1.130032539,rate,aggressive,-0.007625292521,0.0101898592,-0.2917977571,0,0,-0.6375347079,-0.009507238865,0.02665759064,-0.7782662511,0,0,-0.9391662569,0.3459711222,0.1633702133,0.2508336909,0.006202167831,0.002914608689,0.001623514341,-0.008337036658,0.02786351973,1.602156423e-06,0.7580957468,0,0,0,1,0,0,0
3.160083532,1.140021563,rate,aggressive,-0.008012764156,0.01064084098,-0.3052588701,0,0,-0.6469323206,-0.009262273088,0.02570373379,-0.7896518707,0,0,-0.9424068998,0.3419330032,0.1551791563,0.2502870636,0.007041981444,0.0005462826812,0.001946994103,-0.01144393308,0.02691166397,-0.0003137250516,0.7545584394,0,0,0,1,0,0,0
3.170110703,1.150048733,rate,aggressive,-0.008012764156,0.01064084098,-0.3052588701,0,0,-0.6563979318,-0.009262273088,0.02570373379,-0.7896518707,0,0,-0.9455707158,0.3513916227,0.1582945289,0.2467511965,0.007041981444,0.0005462826812,0.001946994103,-0.009743445283,0.02574025541,-0.0003027338045,0.758789166,0,0,0,1,0,0,0
3.180083036,1.160021067,rate,aggressive,-0.008609063923,0.01126899198,-0.3256828785,0,0,-0.6658427992,-0.00895081833,0.02430512756,-0.8058188558,0,0,-0.9486285888,0.3404553977,0.1451395061,0.2509810226,0.005155033432,-0.002004408278,0.001504022628,-0.01537692798,0.02541155286,-0.0007089620919,0.7514879775,0,0,0,1,0,0,0
3.190104246,1.170042276,rate,aggressive,-0.008609063923,0.01126899198,-0.3256828785,0,0,-0.6753642305,-0.00895081833,0.02430512756,-0.8058188558,0,0,-0.9516124003,0.3499687902,0.1480763789,0.247453083,0.005155033432,-0.002004408278,0.001504022628,-0.01316274663,0.02451092214,-0.0006950367457,0.7556932855,0,0,0,1,0,0,0
3.200067282,1.180005312,rate,aggressive,-0.009214506485,0.01185076777,-0.3463940024,0,0,-0.6848595887,-0.008721260354,0.02284221165,-0.8221256733,0,0,-0.9544903998,0.338798319,0.134604041,0.2547767132,0.003324810881,-0.004633169156,0.001561247394,-0.01920818436,0.02390581234,-0.00107994488,0.7482250511,0,0,0,1,0,0,0
3.210092783,1.190030813,rate,aggressive,-0.009214506485,0.01185076777,-0.3463940024,0,0,-0.6944429788,-0.008721260354,0.02284221165,-0.8221256733,0,0,-0.9572973792,0.348372556,0.1373652689,0.2512683594,0.003324810881,-0.004633169156,0.001561247394,-0.01650208973,0.02334267505,-0.001063621828,0.7524079694,0,0,0,1,0,0,0
3.220062256,1.200000286,rate,aggressive,-0.009627123363,0.01221952308,-0.3603830934,0,0,-0.7040002747,-0.008524499834,0.02198461816,-0.8328515887,0,0,-0.9600000763,0.3439691346,0.1293163888,0.257318925,0.001029960695,-0.005820191,0.001429488417,-0.01902218691,0.02387809052,-0.001313878004,0.7487678767,0,0,0,1,0,0,0
3.230091572,1.210029602,rate,aggressive,-0.009627123363,0.01221952308,-0.3603830934,0,0,-0.7136416809,-0.008524499834,0.02198461816,-0.8328515887,0,0,-0.9626298526,0.3536009444,0.1319029503,0.2538547224,0.001029960695,-0.005820191,0.001429488417,-0.01656590871,0.02333878711,-0.001299225138,0.7529268824,0,0,0,1,0,0,0
3.240066051,1.220004082,rate,aggressive,-0.01024027634,0.01275271829,-0.3816232085,0,0,-0.7232560877,-0.008174915798,0.02062397078,-0.8470619321,0,0,-0.9651565714,0.34202415,0.1201603981,0.2625936849,-0.001458244398,-0.005796957295,0.00117627508,-0.02073968791,0.02346586991,-0.001599531507,0.7457525651,0,0,0,1,0,0,0
3.250085831,1.230023861,rate,aggressive,-0.01024027634,0.01275271829,-0.3816232085,0,0,-0.7329390879,-0.008174915798,0.02062397078,-0.8470619321,0,0,-0.9676057264,0.3516963778,0.122568282,0.2591646642,-0.001458244398,-0.005796957295,0.00117627508,-0.01806876094,0.02311500187,-0.001584326775,0.7498808442,0,0,0,1,0,0,0
3.260053873,1.239991903,rate,aggressive,-0.01065837685,0.01309735328,-0.3959267139,0,0,-0.7425959984,-0.007970176637,0.01977281086,-0.8560700417,0,0,-0.9699536843,0.3470802997,0.1158618653,0.2639652258,-0.003990228288,-0.006777644623,0.0006283439579,-0.02007686374,0.02354947602,-0.001737974003,0.7465085868,0,0,0,1,0,0,0
3.270214319,1.250152349,rate,aggressive,-0.01065837685,0.01309735328,-0.3959267139,0,0,-0.7524629349,-0.007970176637,0.01977281086,-0.8560700417,0,0,-0.9722560673,0.3569358745,0.1181256972,0.2605383373,-0.003990228288,-0.006777644623,0.0006283439579,-0.01762790571,0.02321242416,-0.001724318602,0.7506662782,0,0,0,1,0,0,0
3.280060053,1.259998083,rate,aggressive,-0.01108047087,0.01342734788,-0.410307765,0,0,-0.7620461322,-0.007838141173,0.01903104037,-0.8644860983,0,0,-0.9743995911,0.3521689218,0.1118239368,0.2662175933,-0.006228477228,-0.007143436465,0.001031389227,-0.020139899,0.02441214473,-0.001921793297,0.7473377208,0,0,0,1,0,0,0
3.290112257,1.270050287,rate,aggressive,-0.01108047087,0.01342734788,-0.410307765,0,0,-0.7718516237,-0.007838141173,0.01903104037,-0.8644860983,0,0,-0.9764991687,0.3619627498,0.1138883001,0.2628688328,-0.006228477228,-0.007143436465,0.001031389227,-0.01769360662,0.02394406225,-0.001908171184,0.7514217368,0,0,0,1,0,0,0
3.300078392,1.280016422,rate,aggressive,-0.01171042304,0.01389837265,-0.4320206642,0,0,-0.7815935505,-0.007531631272,0.01780340634,-0.8761454225,0,0,-0.9784921002,0.3500449994,0.104156273,0.2691039455,-0.00786078535,-0.006684372202,0.0004589538439,-0.02127691514,0.02437713676,-0.002097803054,0.7446341737,0,0,0,1,0,0,0
3.310202122,1.290140152,rate,aggressive,-0.01171042304,0.01389837265,-0.4320206642,0,0,-0.7915094068,-0.007531631272,0.01780340634,-0.8761454225,0,0,-0.980426153,0.3599478502,0.1060573312,0.2657614329,-0.00786078535,-0.006684372202,0.0004589538439,-0.01849412207,0.02404047873,-0.002083055609,0.7487161985,0,0,0,1,0,0,0
3.320058346,1.299996376,rate,aggressive,-0.01240245998,0.01434398536,-0.4539477825,0,0,-0.8011816256,-0.00711392099,0.01664813049,-0.8879948258,0,0,-0.982221578,0.3477512225,0.09595024198,0.2690930143,-0.009187884629,-0.004604984075,0.0007290852955,-0.02153275985,0.0245136697,-0.002234601463,0.7417277641,0,0,0,1,0,0,0
3.330252647,1.310190678,rate,aggressive,-0.01240245998,0.01434398536,-0.4539477825,0,0,-0.8112037695,-0.00711392099,0.01664813049,-0.8879948258,0,0,-0.9839877427,0.357758873,0.09768525075,0.2657567211,-0.009187884629,-0.004604984075,0.0007290852955,-0.01858206924,0.02419089881,-0.002219326703,0.74580572,0,0,0,1,0,0,0
3.340058088,1.319996119,rate,aggressive,-0.01287662797,0.01461756788,-0.468675673,0,0,-0.8208601744,-0.006944801658,0.01576874405,-0.8955311179,0,0,-0.985599379,0.3527228429,0.09170155509,0.2643621253,-0.01039160974,-0.003074834356,-0.001025707228,-0.02090129191,0.0231411301,-0.002269977803,0.7424663875,0,0,0,1,0,0,0
3.350387335,1.330325365,rate,aggressive,-0.01287662797,0.01461756788,-0.468675673,0,0,-0.8310490458,-0.006944801658,0.01576874405,-0.8955311179,0,0,-0.9872046748,0.3628965998,0.09327874671,0.2610391172,-0.01039160974,-0.003074834356,-0.001025707228,-0.01804735293,0.02305355223,-0.002255752236,0.7465639454,0,0,0,1,0,0,0
3.360069275,1.340007305,rate,aggressive,-0.01336635277,0.01487184409,-0.4834852219,0,0,-0.8406140368,-0.006697630975,0.0150055429,-0.9026330113,0,0,-0.9886232612,0.3576881625,0.08754626001,0.2593092035,-0.01156861614,-0.002918534447,0.001573604415,-0.01976526419,0.02274630786,-0.00235362042,0.7432232492,0,0,0,1,0,0,0
3.370210886,1.350148916,rate,aggressive,-0.01336635277,0.01487184409,-0.4834852219,0,0,-0.8506474286,-0.006697630975,0.0150055429,-0.9026330113,0,0,-0.9900198456,0.367706292,0.0889184086,0.2561030847,-0.01156861614,-0.002918534447,0.001573604415,-0.01706998287,0.02267419771,-0.002340307426,0.7472115707,0,0,0,1,0,0,0
3.380054235,1.359992266,rate,aggressive,-0.01410414837,0.01522661932,-0.50586766,0,0,-0.8603988516,-0.006305621471,0.01390324906,-0.9124321342,0,0,-0.9912879264,0.3551382023,0.0803199674,0.2563998295,-0.01161191612,-0.004357423633,0.0006122745108,-0.02066952382,0.02242473662,-0.00244000949,0.7404732648,0,0,0,1,0,0,0
3.390107393,1.370045424,rate,aggressive,-0.01410414837,0.01522661932,-0.50586766,0,0,-0.8703705639,-0.006305621471,0.01390324906,-0.9124321342,0,0,-0.9924941369,0.3650933358,0.08150451204,0.2532596077,-0.01161191612,-0.004357423633,0.0006122745108,-0.0175944854,0.0224162483,-0.00242513001,0.7443909746,0,0,0,1,0,0,0
3.400053263,1.379991293,rate,aggressive,-0.01482185069,0.01555988006,-0.528467536,0,0,-0.8802473487,-0.005810198374,0.01291615795,-0.9219110012,0,0,-0.9935990712,0.3524355739,0.07307369515,0.2534871858,-0.01206865814,-0.003980196081,-0.0001553864713,-0.01976914352,0.02276995268,-0.002453944033,0.7376591642,0,0,0,1,0,0,0
3.410089493,1.390027523,rate,aggressive,-0.01482185069,0.01555988006,-0.528467536,0,0,-0.8902245603,-0.005810198374,0.01291615795,-0.9219110012,0,0,-0.994624913,0.3623947319,0.07408035174,0.2503948245,-0.01206865814,-0.003980196081,-0.0001553864713,-0.01670316139,0.02268340495,-0.002439223676,0.7415331318,0,0,0,1,0,0,0
3.420057058,1.399995089,rate,aggressive,-0.01528004464,0.01577760465,-0.5436506271,0,0,-0.9001432586,-0.005347089376,0.01221555844,-0.9279586673,0,0,-0.995555119,0.3571686,0.06889914016,0.2477234602,-0.01246378757,-0.00342050218,0.0004473462468,-0.01604524937,0.02226384122,-0.002448388991,0.738328515,0,0,0,1,0,0,0
3.430101633,1.410039663,rate,aggressive,-0.01528004464,0.01577760465,-0.5436506271,0,0,-0.9101475206,-0.005347089376,0.01221555844,-0.9279586673,0,0,-0.9964031724,0.3671544436,0.06973135241,0.2447080127,-0.01246378757,-0.00342050218,0.0004473462468,-0.01365977991,0.02224359209,-0.002437198707,0.7421672011,0,0,0,1,0,0,0
3.440074205,1.420012236,rate,aggressive,-0.01593336836,0.01610916108,-0.5665524006,0,0,-0.9200880527,-0.004719139542,0.01117958967,-0.9363722801,0,0,-0.9971564256,0.3542609696,0.06198359333,0.2410064411,-0.01299480163,-0.001659804373,0.0002405595733,-0.01451415552,0.02160160414,-0.002434602448,0.7355299396,0,0,0,1,0,0,0
3.450092554,1.430030584,rate,aggressive,-0.01593336836,0.01610916108,-0.5665524006,0,0,-0.9300813326,-0.004719139542,0.01117958967,-0.9363722801,0,0,-0.9978241248,0.36423435,0.0626385083,0.2380722903,-0.01299480163,-0.001659804373,0.0002405595733,-0.01217630493,0.02167033208,-0.002423878251,0.7393189161,0,0,0,1,0,0,0
3.460058689,1.439996719,rate,aggressive,-0.01634322107,0.01632318087,-0.5818933249,0,0,-0.9400287246,-0.004199660383,0.01059447229,-0.9414438605,0,0,-0.998399825,0.3588795225,0.05808495401,0.2357341062,-0.01119038835,-0.002769014798,-0.0001532221213,-0.01101269817,0.02195278903,-0.00238488491,0.73622513,0,0,0,1,0,0,0
3.470175028,1.450113058,rate,aggressive,-0.01634322107,0.01632318087,-0.5818933249,0,0,-0.9501314513,-0.004199660383,0.01059447229,-0.9414438605,0,0,-0.998893908,0.3689618745,0.05856951379,0.232863464,-0.01119038835,-0.002769014798,-0.0001532221213,-0.009251216284,0.02188729945,-0.002376832229,0.7400097272,0,0,0,1,0,0,0
3.480057955,1.459995985,rate,aggressive,-0.01686897874,0.01665406302,-0.6050165892,0,0,-0.9600054694,-0.003305370454,0.009723596275,-0.9479606748,0,0,-0.9992887461,0.3557794616,0.05234543637,0.2292397997,-0.00878292881,-0.001131137367,-0.0001955327898,-0.007210250119,0.02183972335,-0.002290050025,0.7336579013,0,0,0,1,0,0,0
3.490088463,1.470026493,rate,aggressive,-0.01686897874,0.01665406302,-0.6050165892,0,0,-0.9700304825,-0.003305370454,0.009723596275,-0.9479606748,0,0,-0.9996007062,0.3657828079,0.05265136885,0.2264978587,-0.00878292881,-0.001131137367,-0.0001955327898,-0.005978497111,0.0217389928,-0.002284521751,0.7373681699,0,0,0,1,0,0,0
3.50006485,1.48000288,rate,aggressive,-0.01719119027,0.01686274633,-0.620492816,0,0,-0.9800040648,-0.002857663669,0.009250420146,-0.9517561197,0,0,-0.9998222734,0.3603168429,0.04903153725,0.2247877769,-0.009615196846,-0.001076936256,-0.00115260412,-0.005365842228,0.02240078401,-0.002207844792,0.7344687022,0,0,0,1,0,0,0
3.510092258,1.490030289,rate,aggressive,-0.01719119027,0.01686274633,-0.620492816,0,0,-0.9900304355,-0.002857663669,0.009250420146,-0.9517561197,0,0,-0.9999558244,0.370321403,0.0491624658,0.2221405232,-0.009615196846,-0.001076936256,-0.00115260412,-0.004327278259,0.02210983736,-0.002203132098,0.7381342251,0,0,0,1,0,0,0
3.520068407,1.500006437,rate,aggressive,-0.01747392491,0.01708072238,-0.6360059977,0,0,-1.000006437,-0.0021904225,0.008682603016,-0.9555472732,0,0,-1,0.3648196941,0.0453456775,0.2182768095,-0.007242741529,-0.0008376598125,-0.001037131296,-0.00190900057,0.02162698789,-0.002073499211,0.7351780035,0,0,0,1,0,0,0
3.530112028,1.510050058,rate,aggressive,-0.01747392491,0.01708072238,-0.6360059977,0,0,-1.010049908,-0.0021904225,0.008682603016,-0.9555472732,0,0,-0.9999551095,0.3748412144,0.04530167185,0.2157425661,-0.007242741529,-0.0008376598125,-0.001037131296,-0.001417112786,0.02142026581,-0.002071443814,0.738804475,0,0,0,1,0,0,0
3.540071487,1.520009518,rate,aggressive,-0.01786267199,0.01739282161,-0.6593258977,0,0,-1.020008331,-0.001153614605,0.007918814197,-0.96047616,0,0,-0.999822053,0.3615430857,0.04015143503,0.2138681499,-0.004565616604,-0.001200858853,-0.0008411581512,0.00194303474,0.02142068318,-0.001913295423,0.7326804066,0,0,0,1,0,0,0
3.550076008,1.530014038,rate,aggressive,-0.01786267199,0.01739282161,-0.6593258977,0,0,-1.030010032,-0.001153614605,0.007918814197,-0.96047616,0,0,-0.9995996256,0.3715216186,0.0399334947,0.2114737455,-0.004565616604,-0.001200858853,-0.0008411581512,0.001884795335,0.02120892155,-0.001913834388,0.736246733,0,0,0,1,0,0,0
3.560065508,1.540003538,rate,aggressive,-0.01821565814,0.01769321039,-0.6827018261,0,0,-1.039994054,-0.0001636864909,0.007135339081,-0.9654476047,0,0,-0.9992887631,0.3581935177,0.03458560193,0.208738098,-0.0001589454914,0.0004043949884,-0.001966524869,0.004114474041,0.02076417564,-0.001660162968,0.7300557613,0,0,0,1,0,0,0
3.570247173,1.550185204,rate,aggressive,-0.01821565814,0.01769321039,-0.6827018261,0,0,-1.050166478,-0.0001636864909,0.007135339081,-0.9654476047,0,0,-0.9988806424,0.3683410521,0.03418636963,0.2064014434,-0.0001589454914,0.0004043949884,-0.001966524869,0.003749207027,0.02060874474,-0.001662182285,0.7336368429,0,0,0,1,0,0,0
3.580063105,1.560001135,rate,aggressive,-0.01844537444,0.01786770113,-0.6983252764,0,0,-1.059969133,0.0004712370865,0.006573291495,-0.9685814977,0,0,-0.9983999395,0.3625545003,0.03053800414,0.2010913333,0.0007235011435,0.002309737494,-0.00129692303,0.004566920515,0.01941457941,-0.001528494289,0.7306114218,0,0,0,1,0,0,0
3.590090513,1.570028543,rate,aggressive,-0.01844537444,0.01786770113,-0.6983252764,0,0,-1.069977666,0.0004712370865,0.006573291495,-0.9685814977,0,0,-0.9978204458,0.3725385693,0.0299724259,0.1988771252,0.0007235011435,0.002309737494,-0.00129692303,0.004184214131,0.01940998276,-0.001530668837,0.7340896891,0,0,0,1,0,0,0
3.600069284,1.580007315,rate,aggressive,-0.01865295507,0.01803217083,-0.7139732242,0,0,-1.079931442,0.00108075887,0.006071255542,-0.9709670544,0,0,-0.9971550354,0.3668766947,0.02690424749,0.1945627633,0.002082780004,0.0008597169071,-0.002512670821,0.004979475031,0.01870301134,-0.001323827977,0.7312530512,0,0,0,1,0,0,0
3.610258579,1.590196609,rate,aggressive,-0.01865295507,0.01803217083,-0.7139732242,0,0,-1.0900879,0.00108075887,0.006071255542,-0.9709670544,0,0,-0.9963842541,0.3770084103,0.02615458323,0.1923921467,0.002082780004,0.0008597169071,-0.002512670821,0.004567726873,0.01871625784,-0.001326155942,0.7347363983,0,0,0,1,0,0,0
3.620062113,1.600000143,rate,aggressive,-0.01892194897,0.01823115535,-0.737462759,0,0,-1.099851994,0.002087395173,0.005304148886,-0.9741011858,0,0,-0.9955555428,0.3633405744,0.02219866325,0.186112295,0.004954625852,0.001074007712,-0.001837183256,0.006752698331,0.01689139656,-0.001059471934,0.7287590319,0,0,0,1,0,0,0
3.6300776,1.610015631,rate,aggressive,-0.01892194897,0.01823115535,-0.737462759,0,0,-1.109818361,0.002087395173,0.005304148886,-0.9741011858,0,0,-0.9946206938,0.3732815423,0.02129651196,0.1840497305,0.004954625852,0.001074007712,-0.001837183256,0.005935981314,0.01714730089,-0.001063733049,0.7321319287,0,0,0,1,0,0,0
3.64007473,1.62001276,rate,aggressive,-0.01913094707,0.0183676146,-0.7609528303,0,0,-1.119756678,0.003101487644,0.004364290275,-0.9768859744,0,0,-0.9935986388,0.359782662,0.01754934209,0.1727975467,0.006717651151,0.001845077262,-0.001893884619,0.008005948547,0.01313025305,-0.0007547344031,0.7262567826,0,0,0,1,0,0,0
3.650086641,1.630024672,rate,aggressive,-0.01913094707,0.0183676146,-0.7609528303,0,0,-1.129699005,0.003101487644,0.004364290275,-0.9768859744,0,0,-0.9924860377,0.3696986659,0.01649327831,0.1708137289,0.006717651151,0.001845077262,-0.001893884619,0.006859330729,0.01397352805,-0.0007607110221,0.7295759049,0,0,0,1,0,0,0
3.660053968,1.639991999,rate,aggressive,-0.01924121194,0.01843268983,-0.7766225338,0,0,-1.13958555,0.00373703381,0.003735137172,-0.9783936739,0,0,-0.9912898846,0.3639397468,0.01393660365,0.1625032862,0.008964982815,0.0005735190935,-0.002216875553,0.00755391319,0.01146728807,-0.0005490631648,0.7267947007,0,0,0,1,0,0,0
3.670278072,1.650216103,rate,aggressive,-0.01924121194,0.01843268983,-0.7766225338,0,0,-1.149713938,0.00373703381,0.003735137172,-0.9783936739,0,0,-0.9899711656,0.3740416882,0.01272615357,0.1605472845,0.008964982815,0.0005735190935,-0.002216875553,0.006467093643,0.01245657158,-0.0005548458973,0.7301289581,0,0,0,1,0,0,0
3.68005681,1.659994841,rate,aggressive,-0.01930499636,0.0184467081,-0.8001606464,0,0,-1.159388085,0.004769637715,0.002656394383,-0.9800733328,0,0,-0.988622956,0.3602184284,0.01014405895,0.1470620634,0.009169948287,-0.00134814519,-0.001868353225,0.009574552888,0.006303816057,-0.0002605018435,0.7243377283,0,0,0,1,0,0,0
3.690084457,1.670022488,rate,aggressive,-0.01930499636,0.0184467081,-0.8001606464,0,0,-1.169294347,0.004769637715,0.002656394383,-0.9800733328,0,0,-0.9871521572,0.3700981664,0.008939554245,0.1452354677,0.009169948287,-0.00134814519,-0.001868353225,0.007923198774,0.008177707141,-0.0002691714363,0.7275529731,0,0,0,1,0,0,0
3.700070143,1.680008173,rate,aggressive,-0.01929863356,0.01842388511,-0.8158735037,0,0,-1.179144055,0.005382641219,0.001958851703,-0.9806322455,0,0,-0.9855986923,0.3642490501,0.007581261097,0.1358621953,0.008982382715,-0.001653718296,-0.001830176101,0.009223171502,0.004857121474,-8.157864453e-05,0.7248924638,0,0,0,1,0,0,0
3.710089445,1.690027475,rate,aggressive,-0.01929863356,0.01842388511,-0.8158735037,0,0,-1.189010886,0.005382641219,0.001958851703,-0.9806322455,0,0,-0.9839509149,0.3740900735,0.006619931499,0.1341279265,0.008982382715,-0.001653718296,-0.001830176101,0.007640015385,0.006801202523,-8.993507185e-05,0.7280485558,0,0,0,1,0,0,0
3.720057726,1.699995756,rate,aggressive,-0.01922022179,0.01834722795,-0.8394612074,0,0,-1.198810646,0.006316774525,0.0009797967505,-0.9810324907,0,0,-0.9822229767,0.3603304831,0.006502222609,0.1250845324,0.01152225398,-0.006257199682,-0.001526217093,0.01093127238,0.001578882461,0.0002355113516,0.7225128226,0,0,0,1,0,0,0
3.730082512,1.710020542,rate,aggressive,-0.01922022179,0.01834722795,-0.8394612074,0,0,-1.208648139,0.006316774525,0.0009797967505,-0.9810324907,0,0,-0.9803961653,0.3701419032,0.006423904743,0.1234372761,0.01152225398,-0.006257199682,-0.001526217093,0.008842184252,0.004068087193,0.0002247518292,0.725612899,0,0,0,1,0,0,0
3.740068674,1.720006704,rate,aggressive,-0.01912185177,0.01825388521,-0.8551645279,0,0,-1.218429079,0.006956371013,0.0002776934998,-0.9806315303,0,0,-0.9784875778,0.3642251822,0.007284555141,0.1178053862,0.01187294442,-0.007890110835,-0.002458679257,0.01073575726,0.0007401647687,0.0004658212451,0.7230839973,0,0,0,1,0,0,0
3.750088692,1.730026722,rate,aggressive,-0.01912185177,0.01825388521,-0.8551645279,0,0,-1.228223575,0.006956371013,0.0002776934998,-0.9806315303,0,0,-0.9764834254,0.3739945217,0.008104010449,0.1162488994,0.01187294442,-0.007890110835,-0.002458679257,0.00864685345,0.003263287323,0.0004552337087,0.7261235392,0,0,0,1,0,0,0
3.76004982,1.73998785,rate,aggressive,-0.0189502202,0.01810176671,-0.8786678314,0,0,-1.237940161,0.007844338194,-0.0006742572878,-0.9793380499,0,0,-0.9744025919,0.3602268615,0.009292309196,0.1108210152,0.01405360084,-0.008608887903,-0.001530516427,0.01183563573,-0.001924971659,0.000735486987,0.7209281254,0,0,0,1,0,0,0
3.770079613,1.750017643,rate,aggressive,-0.0189502202,0.01810176671,-0.8786678314,0,0,-1.247702338,0.007844338194,-0.0006742572878,-0.9793380499,0,0,-0.9722183014,0.3699638521,0.01061504041,0.1093341645,0.01405360084,-0.008608887903,-0.001530516427,0.009297337858,0.00109665304,0.0007229075669,0.723910293,0,0,0,1,0,0,0
3.780062914,1.760000944,rate,aggressive,-0.01880071685,0.01798270643,-0.894297719,0,0,-1.257397064,0.008453772403,-0.001332505723,-0.9785504341,0,0,-0.9699553374,0.3640301896,0.01212920144,0.1067059784,0.01472816151,-0.01122301165,-0.001396554406,0.0110782342,-0.001611832733,0.0009160774404,0.7213849878,0,0,0,1,0,0,0
3.790250063,1.770188093,rate,aggressive,-0.01880071685,0.01798270643,-0.894297719,0,0,-1.267265995,0.008453772403,-0.001332505723,-0.9785504341,0,0,-0.9675548419,0.3738745503,0.01393358845,0.105277796,0.01472816151,-0.01122301165,-0.001396554406,0.008645543597,0.001238942194,0.0009043062718,0.7243510088,0,0,0,1,0,0,0
3.800063372,1.780001402,rate,aggressive,-0.01854104549,0.01778421365,-0.917702198,0,0,-1.276749205,0.009216158651,-0.002267752541,-0.9766415954,0,0,-0.9651552066,0.3599650008,0.01490024858,0.1053075315,0.01264918782,-0.01278303098,-0.00221144571,0.01175399369,-0.003735640139,0.001255400489,0.7191820845,0,0,0,1,0,0,0
3.810081005,1.790019035,rate,aggressive,-0.01854104549,0.01778421365,-0.917702198,0,0,-1.286405139,0.009216158651,-0.002267752541,-0.9766415954,0,0,-0.9626173152,0.3695969521,0.01693401065,0.1039897205,0.01264918782,-0.01278303098,-0.00221144571,0.008987865951,-0.0003722717352,0.001242546323,0.7220361244,0,0,0,1,0,0,0
3.820058346,1.799996376,rate,aggressive,-0.01833655499,0.01763287187,-0.93326056,0,0,-1.295996521,0.009717918932,-0.00284777279,-0.9751108885,0,0,-0.9600009664,0.3636269033,0.01818948883,0.1046420947,0.01423029695,-0.01321826689,-0.0006752847694,0.01044510908,-0.002358297322,0.001391291921,0.7195982372,0,0,0,1,0,0,0
3.830084324,1.810022354,rate,aggressive,-0.01833655499,0.01763287187,-0.93326056,0,0,-1.305607918,0.009717918932,-0.00284777279,-0.9751108885,0,0,-0.9572827289,0.3732153564,0.02050343956,0.1033996023,0.01423029695,-0.01321826689,-0.0006752847694,0.007907289933,0.0006646687947,0.00137991386,0.7223904224,0,0,0,1,0,0,0
3.840052128,1.819990158,rate,aggressive,-0.01797104068,0.01735574938,-0.9564983845,0,0,-1.315136087,0.0103816893,-0.003775872989,-0.9726640582,0,0,-0.9544916883,0.3595068599,0.0212666809,0.1033600576,0.01456918474,-0.01323085185,-0.002269402845,0.01106971138,-0.005015435009,0.001655726941,0.7173354061,0,0,0,1,0,0,0
3.850089073,1.830027103,rate,aggressive,-0.01797104068,0.01735574938,-0.9564983845,0,0,-1.324701792,0.0103816893,-0.003775872989,-0.9726640582,0,0,-0.9515920493,0.3690500363,0.02379214676,0.1022099097,0.01456918474,-0.01323085185,-0.002269402845,0.00818168327,-0.001362473576,0.001643251766,0.7200650516,0,0,0,1,0,0,0
3.860052347,1.839990377,rate,aggressive,-0.01770477556,0.01715268753,-0.971940279,0,0,-1.334168057,0.01076235622,-0.004436111078,-0.9706469178,0,0,-0.9486251303,0.3630656096,0.02490916532,0.1019185486,0.015373406,-0.01345463749,-0.001774775563,0.009073069081,-0.004499071641,0.00186506342,0.7176585503,0,0,0,1,0,0,0
3.870096445,1.850034475,rate,aggressive,-0.01770477556,0.01715268753,-0.971940279,0,0,-1.343680746,0.01076235622,-0.004436111078,-0.9706469178,0,0,-0.9455448294,0.3725569068,0.02766987961,0.1008514451,0.015373406,-0.01345463749,-0.001774775563,0.006534272259,-0.001027034208,0.001854204597,0.7203231892,0,0,0,1,0,0,0
3.880048752,1.859986782,rate,aggressive,-0.01727199927,0.01680405438,-0.9949544668,0,0,-1.353075543,0.01130668167,-0.005150136538,-0.9668337703,0,0,-0.9424042297,0.3589309177,0.02740743351,0.1034075004,0.01353498455,-0.01444158982,-0.002140020486,0.009788136962,-0.00554698656,0.002107269864,0.7155589596,0,0,0,1,0,0,0
3.890118361,1.870056391,rate,aggressive,-0.01727199927,0.01680405438,-0.9949544668,0,0,-1.362548811,0.01130668167,-0.005150136538,-0.9668337703,0,0,-0.9391370078,0.3683833602,0.03035581667,0.1024333805,0.01353498455,-0.01444158982,-0.002140020486,0.006889171503,-0.001786102262,0.002095682353,0.7181619296,0,0,0,1,0,0,0
3.900050163,1.879988194,rate,aggressive,-0.01697119139,0.01654415205,-1.010219336,0,0,-1.371859766,0.01155741699,-0.00559523562,-0.9641147852,0,0,-0.9358262101,0.3624162403,0.03106644538,0.1053347523,0.01380520221,-0.01446377486,-0.001103253919,0.007457042341,-0.003606153347,0.002256132136,0.7158542906,0,0,0,1,0,0,0
3.910105228,1.890043259,rate,aggressive,-0.01697119139,0.01654415205,-1.010219336,0,0,-1.381252334,0.01155741699,-0.00559523562,-0.9641147852,0,0,-0.9323850028,0.3717892095,0.03422951414,0.1044363201,0.01380520221,-0.01446377486,-0.001103253919,0.005002476177,-0.000285715128,0.002246558945,0.718383918,0,0,0,1,0,0,0
3.920053244,1.899991274,rate,aggressive,-0.01666057855,0.01625816524,-1.025410414,0,0,-1.390510413,0.01178757846,-0.006147850305,-0.9610485435,0,0,-0.9288919915,0.3658413757,0.03479636338,0.1055483558,0.01311624236,-0.01542598754,-0.0007396561559,0.005791120028,-0.003688343741,0.002401956072,0.7161256907,0,0,0,1,0,0,0
3.930103064,1.910041094,rate,aggressive,-0.01666057855,0.01625816524,-1.025410414,0,0,-1.399827505,0.01178757846,-0.006147850305,-0.9610485435,0,0,-0.9252739117,0.3751400551,0.03816500157,0.1047312961,0.01311624236,-0.01542598754,-0.0007396561559,0.003617250265,-0.0003628116508,0.002393513181,0.7185831351,0,0,0,1,0,0,0
3.940064669,1.920002699,rate,aggressive,-0.01612813212,0.01578073576,-1.048036575,0,0,-1.409026487,0.01227235049,-0.006850170903,-0.9559121132,0,0,-0.9215989924,0.3616944357,0.03707999037,0.1069670739,0.01280531101,-0.01582976431,-0.0001936986373,0.00799100928,-0.00638603118,0.002632217578,0.7140887283,0,0,0,1,0,0,0
3.950089931,1.930027962,rate,aggressive,-0.01612813212,0.01578073576,-1.048036575,0,0,-1.418246849,0.01227235049,-0.006850170903,-0.9559121132,0,0,-0.9178115343,0.3708972836,0.04061021474,0.1062579904,0.01280531101,-0.01582976431,-0.0001936986373,0.005161604568,-0.002359271792,0.002622447239,0.7164681919,0,0,0,1,0,0,0
3.960056782,1.939994812,rate,aggressive,-0.01553565077,0.01526675373,-1.070468903,0,0,-1.427375407,0.01258619223,-0.007512252778,-0.9503406286,0,0,-0.9139575846,0.3575705284,0.03922463597,0.1078554536,0.01116859354,-0.01552341878,-0.0006073107361,0.008545982815,-0.00807589181,0.00287321764,0.7120835968,0,0,0,1,0,0,0
3.970113277,1.950051308,rate,aggressive,-0.01553565077,0.01526675373,-1.070468903,0,0,-1.436546689,0.01258619223,-0.007512252778,-0.9503406286,0,0,-0.9099794758,0.3667252054,0.04294029386,0.1072466145,0.01116859354,-0.01552341878,-0.0006073107361,0.005489011438,-0.003626344836,0.002863409453,0.7143969453,0,0,0,1,0,0,0
3.98008728,1.960025311,rate,aggressive,-0.01510517672,0.01490792539,-1.085324287,0,0,-1.445602782,0.01277972851,-0.007964091375,-0.9464550614,0,0,-0.9059452061,0.3609030427,0.04321801237,0.1074052922,0.01038836781,-0.0153998835,-0.00114819908,0.007238832793,-0.006461262873,0.003019710474,0.7122578919,0,0,0,1,0,0,0
3.990116596,1.970054626,rate,aggressive,-0.01510517672,0.01490792539,-1.085324287,0,0,-1.454668078,0.01277972851,-0.007964091375,-0.9464550614,0,0,-0.9017993992,0.3699530347,0.04712617515,0.1068749143,0.01038836781,-0.0153998835,-0.00114819908,0.00449048778,-0.002433139119,0.003011506576,0.7144903305,0,0,0,1,0,0,0
4.000074148,1.980012178,rate,aggressive,-0.01435531676,0.0143419113,-1.107444286,0,0,-1.463626931,0.01306052692,-0.008588282391,-0.9397432804,0,0,-0.8975948038,0.3567602025,0.04495364321,0.1050939602,0.01010848954,-0.01456646435,-0.001319354051,0.009863993193,-0.008921723232,0.003225523324,0.7103578692,0,0,0,1,0,0,0
4.010443211,1.990381241,rate,aggressive,-0.01435531676,0.0143419113,-1.107444286,0,0,-1.472911045,0.01306052692,-0.008588282391,-0.9397432804,0,0,-0.8931227727,0.3660296672,0.04917120799,0.10464897,0.01010848954,-0.01456646435,-0.001319354051,0.006538639217,-0.004336814933,0.003217250796,0.712586854,0,0,0,1,0,0,0
4.02006793,2.00000596,rate,aggressive,-0.01382736396,0.01395823713,-1.122092485,0,0,-1.48148678,0.0133085493,-0.008875294589,-0.9348680973,0,0,-0.8888862398,0.3599309477,0.04868490074,0.1050189272,0.01121806074,-0.01619651727,-0.0008079816471,0.01011563428,-0.006402719489,0.00330611584,0.7105486686,0,0,0,1,0,0,0
4.03008008,2.01001811,rate,aggressive,-0.01382736396,0.01395823713,-1.122092485,0,0,-1.490364017,0.0133085493,-0.008875294589,-0.9348680973,0,0,-0.8843917899,0.3687952672,0.05295041031,0.1046508104,0.01121806074,-0.01619651727,-0.0008079816471,0.006813166781,-0.002405965177,0.003299452353,0.7126245912,0,0,0,1,0,0,0
4.040064335,2.020002365,rate,aggressive,-0.01325356588,0.01356480084,-1.136634588,0,0,-1.499171266,0.01355029922,-0.009095224552,-0.9296721816,0,0,-0.879821129,0.3630323727,0.0524543722,0.1054812915,0.01245382614,-0.0150154978,-0.0007254817174,0.01060907875,-0.004380112822,0.003388217918,0.7107053751,0,0,0,1,0,0,0
4.050082207,2.030020237,rate,aggressive,-0.01325356588,0.01356480084,-1.136634588,0,0,-1.507961859,0.01355029922,-0.009095224552,-0.9296721816,0,0,-0.8751460215,0.3718112458,0.05691604214,0.105168031,0.01245382614,-0.0150154978,-0.0007254817174,0.007264128383,-0.0008392517567,0.00338288744,0.7127041075,0,0,0,1,0,0,0
4.060052395,2.039990425,rate,aggressive,-0.0123331612,0.01296437811,-1.158263803,0,0,-1.516663666,0.01384708844,-0.009417029098,-0.9212641716,0,0,-0.8704045959,0.3588462681,0.05354548286,0.1063474659,0.01280532219,-0.0166768115,1.044009241e-05,0.01434053998,-0.00568454846,0.003394467294,0.7089506268,0,0,0,1,0,0,0
4.070071459,2.050009489,rate,aggressive,-0.0123331612,0.01296437811,-1.158263803,0,0,-1.525360065,0.01384708844,-0.009417029098,-0.9212641716,0,0,-0.8655509164,0.3675321047,0.05817550256,0.1060976777,0.01280532219,-0.0166768115,1.044009241e-05,0.01018889357,-0.001713557147,0.003389962007,0.7108699633,0,0,0,1,0,0,0
4.080055475,2.059993505,rate,aggressive,-0.0113262441,0.01240145136,-1.179620266,0,0,-1.533977225,0.01411724556,-0.009660440497,-0.9128615856,0,0,-0.860625455,0.3547547527,0.05496575362,0.1067822776,0.01203698572,-0.0147277806,2.01092098e-06,0.0177932011,-0.005589749003,0.00339981551,0.7071367955,0,0,0,1,0,0,0
4.090154886,2.070092916,rate,aggressive,-0.0113262441,0.01240145136,-1.179620266,0,0,-1.542643497,0.01411724556,-0.009660440497,-0.9128615856,0,0,-0.8555529185,0.3634115383,0.05980722417,0.1065828295,0.01203698572,-0.0147277806,2.01092098e-06,0.01300307865,-0.001556688746,0.003397005099,0.7089897273,0,0,0,1,0,0,0
4.100054026,2.079992056,rate,aggressive,-0.01064684242,0.01204332057,-1.193725228,0,0,-1.551087762,0.01429736614,-0.009779921733,-0.9068599939,0,0,-0.8504929845,0.3577238843,0.05896864677,0.1065600571,0.01216052566,-0.01301054377,0.001272232737,0.01666865452,-0.002761938201,0.003301517422,0.7071779203,0,0,0,1,0,0,0
4.110088825,2.090026855,rate,aggressive,-0.01064684242,0.01204332057,-1.193725228,0,0,-1.559596182,0.01429736614,-0.009779921733,-0.9068599939,0,0,-0.8452748044,0.366223909,0.06397497262,0.1063916215,0.01216052566,-0.01301054377,0.001272232737,0.01228158471,0.0006175842556,0.00330025325,0.7089367465,0,0,0,1,0,0,0
4.120055914,2.099993944,rate,aggressive,-0.009619047865,0.01153233368,-1.214659333,0,0,-1.567994913,0.01438971795,-0.009793484583,-0.8970351219,0,0,-0.8400032298,0.3536545671,0.05962896147,0.1089396594,0.01389598008,-0.01256930642,0.0003477171122,0.01848207698,-0.001444000258,0.003139881982,0.7055505676,0,0,0,1,0,0,0
4.13009119,2.110029221,rate,aggressive,-0.009619047865,0.01153233368,-1.214659333,0,0,-1.576397573,0.01438971795,-0.009793484583,-0.8970351219,0,0,-0.8346063778,0.3620498239,0.06480990986,0.1087994412,0.01389598008,-0.01256930642,0.0003477171122,0.01372919812,0.001759249581,0.003140319913,0.7072257821,0,0,0,1,0,0,0
4.140052557,2.119990587,rate,aggressive,-0.008863343857,0.01116765756,-1.228419542,0,0,-1.584684343,0.01463249512,-0.009782308713,-0.8900724053,0,0,-0.829160743,0.356549974,0.06340373874,0.1110033066,0.01741475798,-0.01403332036,5.653527478e-05,0.0185312387,0.0008310885417,0.003054869988,0.7056278779,0,0,0,1,0,0,0
4.150102615,2.130040646,rate,aggressive,-0.008863343857,0.01116765756,-1.228419542,0,0,-1.592989475,0.01463249512,-0.009782308713,-0.8900724053,0,0,-0.8235772377,0.3648486144,0.06878525127,0.1108823304,0.01741475798,-0.01403332036,5.653527478e-05,0.01385949715,0.00357368723,0.003056645971,0.7072204387,0,0,0,1,0,0,0
4.160052538,2.139990568,rate,aggressive,-0.007725142408,0.01061900426,-1.248843789,0,0,-1.601156137,0.01483274531,-0.009781467728,-0.8791268468,0,0,-0.8179609212,0.3525569905,0.06369425327,0.1120517341,0.01871914789,-0.01214483008,0.0008375574835,0.02134511567,0.0003436974134,0.002825153604,0.7041319306,0,0,0,1,0,0,0
4.170084953,2.150022984,rate,aggressive,-0.007725142408,0.01061900426,-1.248843789,0,0,-1.609333482,0.01483274531,-0.009781467728,-0.8791268468,0,0,-0.8122089426,0.3607287902,0.06923650298,0.1119583452,0.01871914789,-0.01214483008,0.0008375574835,0.01597830854,0.003316150562,0.002828755995,0.7056354867,0,0,0,1,0,0,0
4.180052042,2.159990072,rate,aggressive,-0.006942053791,0.01024324633,-1.262295485,0,0,-1.617399994,0.01494000107,-0.009725869633,-0.8716565967,0,0,-0.8064058242,0.3553200374,0.06764214274,0.1103326398,0.01868532784,-0.007917920128,0.0008752911817,0.0193302745,0.00194810074,0.002683435303,0.7041078541,0,0,0,1,0,0,0
4.1901474,2.17008543,rate,aggressive,-0.006942053791,0.01024324633,-1.262295485,0,0,-1.625510902,0.01494000107,-0.009725869633,-0.8716565967,0,0,-0.8004380072,0.3634261353,0.07341582697,0.1102575657,0.01868532784,-0.007917920128,0.0008752911817,0.01446271724,0.004505415495,0.002687384358,0.705532618,0,0,0,1,0,0,0
4.200051785,2.179989815,rate,aggressive,-0.005733640864,0.009644455276,-1.282217026,0,0,-1.633409389,0.01499815285,-0.009681239724,-0.860003829,0,0,-0.7944950453,0.3513715504,0.06789750908,0.1052733951,0.01931387372,-0.008143143728,0.001264383085,0.02130809531,0.0001708310743,0.002355188307,0.7026259392,0,0,0,1,0,0,0
4.210115433,2.190053463,rate,aggressive,-0.005733640864,0.009644455276,-1.282217026,0,0,-1.641374149,0.01499815285,-0.009681239724,-0.860003829,0,0,-0.7883672081,0.3593323386,0.07382734213,0.1052274898,0.01931387372,-0.008143143728,0.001264383085,0.01588975413,0.003090025142,0.002360405449,0.7039571904,0,0,0,1,0,0,0
4.220061541,2.199999571,rate,aggressive,-0.004932300188,0.009240682237,-1.295338392,0,0,-1.649184849,0.0149601344,-0.009593071416,-0.8519454598,0,0,-0.7822224893,0.3540014592,0.07195224297,0.1025769211,0.0196697209,-0.007062400691,0.0007587603759,0.01811193658,0.001541595826,0.00221522529,0.7025192006,0,0,0,1,0,0,0
4.230069876,2.210007906,rate,aggressive,-0.004932300188,0.009240682237,-1.295338392,0,0,-1.656982283,0.0149601344,-0.009593071416,-0.8519454598,0,0,-0.775950566,0.3617955519,0.07804522107,0.1025532092,0.0196697209,-0.007062400691,0.0007587603759,0.01340937869,0.004066957584,0.002220151599,0.7037533086,0,0,0,1,0,0,0
4.240064383,2.220002413,rate,aggressive,-0.004112791736,0.008808260784,-1.308254719,0,0,-1.664705857,0.01488547958,-0.009563009255,-0.8436588049,0,0,-0.7695984558,0.3565836709,0.0761443626,0.09713399688,0.02062021941,-0.005864618346,0.0007388151134,0.01586746875,0.001232939166,0.00204738164,0.7023634264,0,0,0,1,0,0,0
4.250075817,2.230013847,rate,aggressive,-0.004112791736,0.008808260784,-1.308254719,0,0,-1.672378419,0.01488547958,-0.009563009255,-0.8436588049,0,0,-0.7631465701,0.3642534419,0.0824332979,0.09713625876,0.02062021941,-0.005864618346,0.0007388151134,0.01161416835,0.003695908786,0.00205199368,0.703506673,0,0,0,1,0,0,0
4.260063171,2.240001202,rate,aggressive,-0.002916575642,0.008154077455,-1.3273983,0,0,-1.679967724,0.01459881663,-0.009605063125,-0.8309338689,0,0,-0.7566214318,0.3526757633,0.07633951132,0.08724334945,0.02136844769,-0.004794867709,0.001310841879,0.01530354096,-0.002379864599,0.001703701204,0.7008942604,0,0,0,1,0,0,0
4.270344973,2.250283003,rate,aggressive,-0.002916575642,0.008154077455,-1.3273983,0,0,-1.687712225,0.01459881663,-0.009605063125,-0.8309338689,0,0,-0.7498112958,0.3604179798,0.08298345945,0.08730106802,0.02136844769,-0.004794867709,0.001310841879,0.01088101558,0.0007035358563,0.001708155393,0.7019727276,0,0,0,1,0,0,0
4.280069351,2.260007381,rate,aggressive,-0.001749919495,0.007472614758,-1.346212149,0,0,-1.694972005,0.01432159264,-0.009715031832,-0.8176971674,0,0,-0.7432839023,0.3488442914,0.07639910917,0.07693951816,0.0195933301,-0.003399025649,0.00142412493,0.01452564454,-0.006127284371,0.001420488773,0.6994896802,0,0,0,1,0,0,0
4.290091515,2.270029545,rate,aggressive,-0.001749919495,0.007472614758,-1.346212149,0,0,-1.702387241,0.01432159264,-0.009715031832,-0.8176971674,0,0,-0.7364686667,0.3562577695,0.08305154534,0.07705263984,0.0195933301,-0.003399025649,0.00142412493,0.01001682381,-0.002461442752,0.001424474194,0.700447587,0,0,0,1,0,0,0
4.300064087,2.280002117,rate,aggressive,-0.0009959908202,0.007014899049,-1.358559132,0,0,-1.709697545,0.01394273061,-0.009792664088,-0.8086597323,0,0,-0.7295985321,0.3512098887,0.08087625974,0.07297898607,0.01956749149,-0.005458859261,0.001769053983,0.009279351425,-0.005542300061,0.001246246458,0.6991731881,0,0,0,1,0,0,0
4.310097456,2.290035486,rate,aggressive,-0.0009959908202,0.007014899049,-1.358559132,0,0,-1.716982828,0.01394273061,-0.009792664088,-0.8086597323,0,0,-0.7225973024,0.3584937194,0.08773276381,0.07312823815,0.01956749149,-0.005458859261,0.001769053983,0.005816797599,-0.002244161791,0.001248650575,0.7000368639,0,0,0,1,0,0,0
4.3200562,2.29999423,rate,aggressive,9.558198508e-05,0.00632690778,-1.376778245,0,0,-1.72414402,0.01327193063,-0.009753857739,-0.7943822742,0,0,-0.7155596585,0.347423402,0.08052506832,0.0740065252,0.01792277396,-0.006646365859,0.001868741121,0.006103585285,-0.00685829554,0.0009029139339,0.6978676778,0,0,0,1,0,0,0
4.330115795,2.310053825,rate,aggressive,9.558198508e-05,0.00632690778,-1.376778245,0,0,-1.731306129,0.01327193063,-0.009753857739,-0.7943822742,0,0,-0.7083612444,0.3545843473,0.08758367106,0.07419488467,0.01792277396,-0.006646365859,0.001868741121,0.003005723602,-0.003434190828,0.0009042879818,0.6986367401,0,0,0,1,0,0,0
4.340059042,2.319997072,rate,aggressive,0.0007659237599,0.005848307628,-1.388656378,0,0,-1.738313799,0.01282082032,-0.009797409177,-0.7845650315,0,0,-0.7011576896,0.3497071654,0.08495379539,0.07712935431,0.01623833925,-0.008986322209,0.001930356957,0.002022789939,-0.006184643282,0.0007402620432,0.697535583,0,0,0,1,0,0,0
4.350086212,2.330024242,rate,aggressive,0.0007659237599,0.005848307628,-1.388656378,0,0,-1.745307635,0.01282082032,-0.009797409177,-0.7845650315,0,0,-0.6938043365,0.3567000256,0.09218387294,0.07731908562,0.01623833925,-0.008986322209,0.001930356957,-0.0003342221397,-0.003058237439,0.0007405565882,0.6982044082,0,0,0,1,0,0,0
4.360055685,2.339993715,rate,aggressive,0.001698490349,0.005148387514,-1.406159401,0,0,-1.752187686,0.01196466386,-0.009824370034,-0.769321084,0,0,-0.6864046926,0.3460707513,0.0843492703,0.08766376072,0.01340630278,-0.01201411244,0.001544800936,-0.002029685678,-0.00738162903,0.000485991981,0.6963457118,0,0,0,1,0,0,0
4.370088816,2.350026846,rate,aggressive,0.001698490349,0.005148387514,-1.406159401,0,0,-1.759036744,0.01196466386,-0.009824370034,-0.769321084,0,0,-0.678868605,0.3529189847,0.09176776337,0.08784469541,0.01340630278,-0.01201411244,0.001544800936,-0.003809950203,-0.00397776139,0.0004845994304,0.6969157627,0,0,0,1,0,0,0
4.380065441,2.360003471,rate,aggressive,0.00225588819,0.004694113974,-1.417572498,0,0,-1.765771812,0.01130809169,-0.009786176495,-0.75882864,0,0,-0.6712862352,0.3482382599,0.0888105558,0.09758047105,0.01191923767,-0.01228685398,0.001597837661,-0.006335447499,-0.004984490113,0.000348893653,0.6959590979,0,0,0,1,0,0,0
4.390083551,2.370021582,rate,aggressive,0.00225588819,0.004694113974,-1.417572498,0,0,-1.772458321,0.01130809169,-0.009786176495,-0.75882864,0,0,-0.66358331,0.3549240358,0.09641221435,0.09773453488,0.01191923767,-0.01228685398,0.001597837661,-0.007355414045,-0.002127739149,0.000346471831,0.6964279693,0,0,0,1,0,0,0
4.400065899,2.380003929,rate,aggressive,0.002982168924,0.004039369989,-1.434322357,0,0,-1.779043762,0.01020246465,-0.009804327972,-0.7424645424,0,0,-0.6558191488,0.3447579684,0.08779316243,0.1118840705,0.006063308101,-0.01423498709,0.002718513831,-0.01152980833,-0.005225595857,0.000178829712,0.6949265085,0,0,0,1,0,0,0
4.410101891,2.390039921,rate,aggressive,0.002982168924,0.004039369989,-1.434322357,0,0,-1.785586014,0.01020246465,-0.009804327972,-0.7424645424,0,0,-0.6479239731,0.3512995399,0.09559358965,0.1120075601,0.006063308101,-0.01423498709,0.002718513831,-0.01166724308,-0.002179408636,0.0001735720175,0.6952943825,0,0,0,1,0,0,0
4.420060396,2.399998426,rate,aggressive,0.003416749183,0.003614647547,-1.445294499,0,0,-1.791998993,0.009377762675,-0.009727789089,-0.7314534783,0,0,-0.6400012588,0.3467401703,0.09244501481,0.121446777,0.003117429558,-0.01291839126,0.00178097398,-0.01486279933,-0.002324446415,7.498837444e-05,0.6944257154,0,0,0,1,0,0,0
4.430101633,2.410039663,rate,aggressive,0.003416749183,0.003614647547,-1.445294499,0,0,-1.798384917,0.009377762675,-0.009727789089,-0.7314534783,0,0,-0.6319234716,0.3531254488,0.1004429915,0.1215354347,0.003117429558,-0.01291839126,0.00178097398,-0.01439830478,0.0001426995378,6.887880433e-05,0.6946906639,0,0,0,1,0,0,0
4.440055132,2.419993162,rate,aggressive,0.003935450222,0.003065536031,-1.461341143,0,0,-1.804634549,0.008152621798,-0.009603123181,-0.7143784761,0,0,-0.623827814,0.3433296495,0.0914226866,0.1341282681,-0.000934741227,-0.01168503426,0.002361867111,-0.01951473295,-0.0007077751189,-0.0001191017802,0.6934181667,0,0,0,1,0,0,0
4.450092554,2.430030584,rate,aggressive,0.003935450222,0.003065536031,-1.461341143,0,0,-1.810854827,0.008152621798,-0.009603123181,-0.7143784761,0,0,-0.6155747165,0.3495492827,0.09960355481,0.1341810327,-0.000934741227,-0.01168503426,0.002361867111,-0.01818449839,0.00157325993,-0.0001279266461,0.6935786665,0,0,0,1,0,0,0
4.460057735,2.439995766,rate,aggressive,0.004227295984,0.002724451479,-1.471791506,0,0,-1.816947947,0.007214268204,-0.009368670173,-0.7026680708,0,0,-0.6072924269,0.3451930787,0.0961058328,0.1427682649,-0.00432315981,-0.009079178795,0.001360944356,-0.02196754425,0.003055008943,-0.0001984251927,0.6928690226,0,0,0,1,0,0,0
4.470084429,2.450022459,rate,aggressive,0.004227295984,0.002724451479,-1.471791506,0,0,-1.822994932,0.007214268204,-0.009368670173,-0.7026680708,0,0,-0.5988699233,0.3512394326,0.104469484,0.1427857465,-0.00432315981,-0.009079178795,0.001360944356,-0.02019946432,0.004575865014,-0.0002074780157,0.6929238007,0,0,0,1,0,0,0
4.480082273,2.460020304,rate,aggressive,0.004471847787,0.002406401094,-1.482026935,0,0,-1.828939987,0.006317535881,-0.009147097357,-0.6907892227,0,0,-0.590382674,0.3469502186,0.1010200756,0.1474608635,-0.009424296208,-0.008258387446,0.001229253598,-0.02328537873,0.005496252296,-0.000266005901,0.6922292301,0,0,0,1,0,0,0
4.490085602,2.470023632,rate,aggressive,0.004471847787,0.002406401094,-1.482026935,0,0,-1.834802935,0.006317535881,-0.009147097357,-0.6907892227,0,0,-0.5818018459,0.3528125485,0.1095528592,0.1474447732,-0.009424296208,-0.008258387446,0.001229253598,-0.02124076711,0.006554859478,-0.0002752549163,0.6921772048,0,0,0,1,0,0,0
4.500069857,2.480007887,rate,aggressive,0.004776093643,0.001950836973,-1.496991515,0,0,-1.840568669,0.004907453898,-0.008765587583,-0.6725168824,0,0,-0.5731486852,0.3436158861,0.09987470778,0.1526661332,-0.01221473888,-0.005449027289,0.002050859388,-0.0271490967,0.00750655983,-0.0003858463666,0.6912834583,0,0,0,1,0,0,0
4.51008749,2.49002552,rate,aggressive,0.004776093643,0.001950836973,-1.496991515,0,0,-1.846266403,0.004907453898,-0.008765587583,-0.6725168824,0,0,-0.5643775418,0.3493129891,0.1086049521,0.1526195253,-0.01221473888,-0.005449027289,0.002050859388,-0.02418285186,0.008247860396,-0.0003979921154,0.6911233367,0,0,0,1,0,0,0
4.520062923,2.500000954,rate,aggressive,0.005012611859,0.00151387183,-1.511492491,0,0,-1.851852382,0.003697038861,-0.008290507831,-0.6536616683,0,0,-0.5555547078,0.3404001666,0.09852601842,0.1505645185,-0.01731033064,-0.001797659905,0.001832518261,-0.02760010518,0.009501524673,-0.0005236149595,0.690437483,0,0,0,1,0,0,0
4.530087233,2.510025263,rate,aggressive,0.005012611859,0.00151387183,-1.511492491,0,0,-1.857376624,0.003697038861,-0.008290507831,-0.6536616683,0,0,-0.5465995415,0.3459237655,0.1074462638,0.150490539,-0.01731033064,-0.001797659905,0.001832518261,-0.02432395373,0.009874918227,-0.000536324987,0.6901678609,0,0,0,1,0,0,0
4.540070534,2.520008564,rate,aggressive,0.005132728722,0.00122696918,-1.520869732,0,0,-1.862788604,0.002911420306,-0.007928670384,-0.640873909,0,0,-0.5375922353,0.3419595962,0.1036264653,0.1457949451,-0.01979170181,-0.0001913333253,0.001089195604,-0.02540268932,0.01080563274,-0.0005717665332,0.6896899329,0,0,0,1,0,0,0
4.550089598,2.530027628,rate,aggressive,0.005132728722,0.00122696918,-1.520869732,0,0,-1.868129119,0.002911420306,-0.007928670384,-0.640873909,0,0,-0.5284635936,0.3472994852,0.1127271892,0.145695114,-0.01979170181,-0.0001913333253,0.001089195604,-0.02244363609,0.01088614688,-0.0005827772805,0.6893097776,0,0,0,1,0,0,0
4.560057163,2.539995193,rate,aggressive,0.005277195945,0.0008034035563,-1.534548879,0,0,-1.873350985,0.00171314436,-0.007430541795,-0.6212419868,0,0,-0.5192933322,0.3388441557,0.1022334386,0.1349639893,-0.02236811072,0.002292222111,0.00201984169,-0.02584142501,0.01120124341,-0.0006915092254,0.6888988269,0,0,0,1,0,0,0
4.570084333,2.550022364,rate,aggressive,0.005277195945,0.0008034035563,-1.534548879,0,0,-1.878511405,0.00171314436,-0.007430541795,-0.6212419868,0,0,-0.509979127,0.3440039447,0.1115238619,0.1348438066,-0.02236811072,0.002292222111,0.00201984169,-0.02238187921,0.01110335856,-0.000703866902,0.6884063879,0,0,0,1,0,0,0
4.580044746,2.559982777,rate,aggressive,0.005343474448,0.0005241357139,-1.543377995,0,0,-1.883544563,0.0009891184745,-0.007130337413,-0.6079052091,0,0,-0.5006384503,0.3402089371,0.107508035,0.1250434891,-0.02413550578,0.003181701293,0.0004863187787,-0.02303345171,0.0107853569,-0.0007529495346,0.6880446546,0,0,0,1,0,0,0
4.590104818,2.570042849,rate,aggressive,0.005343474448,0.0005241357139,-1.543377995,0,0,-1.888533193,0.0009891184745,-0.007130337413,-0.6079052091,0,0,-0.491114801,0.3451969547,0.1170120485,0.1249016138,-0.02413550578,0.003181701293,0.0004863187787,-0.01994152255,0.01068171745,-0.0007637916864,0.6874368853,0,0,0,1,0,0,0
4.600072384,2.580010414,rate,aggressive,0.005362257361,0.0001242405706,-1.556151628,0,0,-1.893381015,-0.0001223440486,-0.006732490379,-0.5875479579,0,0,-0.4815900024,0.3372720395,0.1061716993,0.1087754019,-0.02458065934,0.006040106062,0.001259986544,-0.02343860514,0.009826921932,-0.0007812888359,0.6873126223,0,0,0,1,0,0,0
4.610146761,2.590084791,rate,aggressive,0.005362257361,0.0001242405706,-1.556151628,0,0,-1.898183866,-0.0001223440486,-0.006732490379,-0.5875479579,0,0,-0.4718733991,0.3420742913,0.1158703799,0.1086189867,-0.02458065934,0.006040106062,0.001259986544,-0.01975951826,0.009724153367,-0.0007937547205,0.6865886358,0,0,0,1,0,0,0
4.620061874,2.599999905,rate,aggressive,0.005343858618,-0.0001320939045,-1.564402461,0,0,-1.902814771,-0.0006982011255,-0.0064835269,-0.5736190677,0,0,-0.4622223155,0.3384545252,0.1115874545,0.09577123934,-0.02560916916,0.005300235003,3.819992708e-05,-0.01970884065,0.008930362884,-0.0007884052229,0.6863621777,0,0,0,1,0,0,0
4.630085707,2.610023737,rate,aggressive,0.005343858618,-0.0001320939045,-1.564402461,0,0,-1.907398738,-0.0006982011255,-0.0064835269,-0.5736190677,0,0,-0.4523765793,0.3430379287,0.1214177277,0.09559742587,-0.02560916916,0.005300235003,3.819992708e-05,-0.01655440279,0.008862136047,-0.0007988107679,0.6855261653,0,0,0,1,0,0,0
4.640070915,2.620008945,rate,aggressive,0.00523419166,-0.0004964143154,-1.576259017,0,0,-1.911866477,-0.001553826383,-0.006018612534,-0.5522475243,0,0,-0.4424799831,0.335648641,0.1099433998,0.08011603323,-0.02467482723,0.00678019505,0.0004608680611,-0.01914936108,0.008814211342,-0.0008270939609,0.6857592914,0,0,0,1,0,0,0
4.650212526,2.630150557,rate,aggressive,0.00523419166,-0.0004964143154,-1.576259017,0,0,-1.916302584,-0.001553826383,-0.006018612534,-0.5522475243,0,0,-0.4323376531,0.3400842113,0.120070876,0.07993035378,-0.02467482723,0.00678019505,0.0004608680611,-0.01561969527,0.008540762644,-0.0008381383225,0.6847945181,0,0,0,1,0,0,0
4.660064459,2.640002489,rate,aggressive,0.005126482341,-0.0007276663673,-1.583871126,0,0,-1.920513051,-0.0021210704,-0.005762665067,-0.5377386808,0,0,-0.4223974777,0.3366817431,0.115504547,0.07025152972,-0.02429978177,0.006184363738,0.001244252082,-0.01678812379,0.00801411748,-0.0008895727109,0.6847207689,0,0,0,1,0,0,0
4.670099735,2.650037766,rate,aggressive,0.005126482341,-0.0007276663673,-1.583871126,0,0,-1.924700752,-0.0021210704,-0.005762665067,-0.5377386808,0,0,-0.4121836169,0.3408689548,0.1257051365,0.07005522404,-0.02429978177,0.006184363738,0.001244252082,-0.01353540694,0.007754151686,-0.0008994347295,0.6836478808,0,0,0,1,0,0,0
4.680065632,2.660003662,rate,aggressive,0.004915997852,-0.001058774535,-1.594846129,0,0,-1.92875762,-0.002892324934,-0.005428726785,-0.5155664682,0,0,-0.4019517795,0.333949355,0.1137810798,0.05718805928,-0.02157476917,0.006056115497,0.0007466232055,-0.01684022543,0.006829506865,-0.0009436724887,0.6841695114,0,0,0,1,0,0,0
4.690238476,2.670176506,rate,aggressive,0.004915997852,-0.001058774535,-1.594846129,0,0,-1.932793104,-0.002892324934,-0.005428726785,-0.5155664682,0,0,-0.3914164199,0.3379843863,0.1243023376,0.05698211931,-0.02157476917,0.006056115497,0.0007466232055,-0.01316501145,0.006584798436,-0.0009543022661,0.6829599693,0,0,0,1,0,0,0
4.700072765,2.680010796,rate,aggressive,0.004706909414,-0.001231589704,-1.601784587,0,0,-1.936591967,-0.003311029403,-0.005089343991,-0.500318408,0,0,-0.3811442321,0.3348427292,0.1193287415,0.5628017052,-0.02203389443,0.005357773509,0.0002179861767,-0.01436231509,0.007688342639,-0.03420676276,0.6830842946,0,0,0,1,0,0,0
4.710093975,2.690032005,rate,aggressive,0.004706909414,-0.001231589704,-1.601784587,0,0,-1.940358676,-0.003311029403,-0.005089343991,-0.500318408,0,0,-0.3705883673,0.3386090455,0.129872044,0.562782171,-0.02203389443,0.005357773509,0.0002179861767,-0.01110214764,0.007130198293,-0.03421594774,0.681772198,0,0,0,1,0,0,0
4.720074415,2.700012445,rate,aggressive,0.00437519839,-0.001471696422,-1.611738324,0,0,-1.94400448,-0.003870533081,-0.004648441914,-0.4769880176,0,0,-0.3599867248,0.3322982196,0.1171575501,0.5628081967,-0.01858700067,0.005167262163,-0.0004729012726,-0.01419454097,0.008319476255,-0.03422805354,0.6827146397,0,0,0,1,0,0,0
4.730079651,2.710017681,rate,aggressive,0.00437519839,-0.001471696422,-1.611738324,0,0,-1.947552694,-0.003870533081,-0.004648441914,-0.4769880176,0,0,-0.3492698717,0.3358460947,0.1278613069,0.5627899629,-0.01858700067,0.005167262163,-0.0004729012726,-0.0106751791,0.007504824755,-0.034237751,0.6812825803,0,0,0,1,0,0,0
4.74007225,2.720010281,rate,aggressive,0.004132562783,-0.001615590998,-1.618024588,0,0,-1.950988961,-0.004163355101,-0.004320506006,-0.4612417817,0,0,-0.3384777401,0.3329939374,0.1229105781,0.5622629728,-0.01719842851,0.004853063729,-6.764342106e-05,-0.01134627798,0.008503772115,-0.03420218662,0.6815062933,0,0,0,1,0,0,0
4.750214815,2.730152845,rate,aggressive,0.004132562783,-0.001615590998,-1.618024588,0,0,-1.954366059,-0.004163355101,-0.004320506006,-0.4612417817,0,0,-0.3274328787,0.3363707387,0.1339433568,0.5622438537,-0.01719842851,0.004853063729,-6.764342106e-05,-0.008351221883,0.007617595281,-0.03421040267,0.6799290849,0,0,0,1,0,0,0
4.760074854,2.740012884,rate,aggressive,0.003734259168,-0.001792491064,-1.626898646,0,0,-1.957541264,-0.004495272879,-0.003814360127,-0.4371491969,0,0,-0.316608021,0.3306685631,0.1206852597,0.5647417294,-0.01585049741,0.003633090528,-0.001633265871,-0.01070093521,0.01008122857,-0.03433599465,0.6812287695,0,0,0,1,0,0,0
4.770097017,2.750035048,rate,aggressive,0.003734259168,-0.001792491064,-1.626898646,0,0,-1.960658856,-0.004495272879,-0.003814360127,-0.4371491969,0,0,-0.3055166133,0.3337859127,0.1317645395,0.564721328,-0.01585049741,0.003633090528,-0.001633265871,-0.007606549029,0.008842443826,-0.03434458468,0.6795457611,0,0,0,1,0,0,0
4.780070066,2.760008097,rate,aggressive,0.003460244043,-0.001893728622,-1.632486105,0,0,-1.963650384,-0.004740526434,-0.003488035174,-0.4207794964,0,0,-0.2943909317,0.3311877699,0.1265255242,0.5692141212,-0.01462564804,0.003625019919,-0.001768178307,-0.008762111053,0.01011948893,-0.03460126469,0.6799350148,0,0,0,1,0,0,0
4.790092945,2.770030975,rate,aggressive,0.003460244043,-0.001893728622,-1.632486105,0,0,-1.966544622,-0.004740526434,-0.003488035174,-0.4207794964,0,0,-0.2831205874,0.334081805,0.1377846661,0.5691917308,-0.01462564804,0.003625019919,-0.001768178307,-0.006040158817,0.008901046657,-0.03460883688,0.6781257339,0,0,0,1,0,0,0
4.80007267,2.7800107,rate,aggressive,0.003008791478,-0.001984609524,-1.640228271,0,0,-1.969313723,-0.005108116195,-0.003079880727,-0.39582026,0,0,-0.2718100477,0.32910519,0.1241535794,0.5747055444,-0.01437508967,0.003446057672,-0.0033126669,-0.009718208478,0.01127898236,-0.03491533642,0.6797849797,0,0,0,1,0,0,0
4.810082197,2.790020227,rate,aggressive,0.003008791478,-0.001984609524,-1.640228271,0,0,-1.971977267,-0.005108116195,-0.003079880727,-0.39582026,0,0,-0.2603768057,0.3317685752,0.1355747316,0.5746804982,-0.01437508967,0.003446057672,-0.0033126669,-0.006635621784,0.009819801426,-0.03492385005,0.6778508339,0,0,0,1,0,0,0
4.820075512,2.800013542,rate,aggressive,0.002713410882,-0.00204056548,-1.645133615,0,0,-1.974521889,-0.00529199047,-0.002772084204,-0.3789769113,0,0,-0.2488732401,0.3294057707,0.1302407574,0.5775107612,-0.01299139298,0.005273054354,-0.004420238547,-0.007626263085,0.01109140168,-0.03508290912,0.6783496119,0,0,0,1,0,0,0
4.83018589,2.81012392,rate,aggressive,0.002713410882,-0.00204056548,-1.645133615,0,0,-1.976978877,-0.00529199047,-0.002772084204,-0.3789769113,0,0,-0.2371445836,0.3318626298,0.1419580882,0.5774831816,-0.01299139298,0.005273054354,-0.004420238547,-0.00499708103,0.00968868219,-0.03509016213,0.676265745,0,0,0,1,0,0,0
4.840077877,2.820015907,rate,aggressive,0.00227196957,-0.00206976803,-1.651880741,0,0,-1.979267589,-0.005490228068,-0.002354517113,-0.3531545401,0,0,-0.2255813353,0.3274012731,0.1277129943,0.5769611835,-0.01325806882,0.005727120675,-0.005757180043,-0.007205992705,0.01223317699,-0.03503022086,0.6782662163,0,0,0,1,0,0,0
4.850223541,2.830161572,rate,aggressive,0.00227196957,-0.00206976803,-1.651880741,0,0,-1.981495717,-0.005490228068,-0.002354517113,-0.3531545401,0,0,-0.2136311972,0.3296293044,0.139651171,0.5769303585,-0.01325806882,0.005727120675,-0.005757180043,-0.004522115816,0.01054670102,-0.03503765022,0.6760432951,0,0,0,1,0,0,0
4.860080004,2.840018034,rate,aggressive,0.001985236304,-0.002057703445,-1.656032324,0,0,-1.98354379,-0.00559009891,-0.001933668857,-0.335757792,0,0,-0.2019340749,0.3275239469,0.1339543785,0.5750822464,-0.01157547906,0.007073941175,-0.006758483127,-0.004890812183,0.0131610866,-0.03489879288,0.6767264388,0,0,0,1,0,0,0
4.870133162,2.850071192,rate,aggressive,0.001985236304,-0.002057703445,-1.656032324,0,0,-1.985513523,-0.00559009891,-0.001933668857,-0.335757792,0,0,-0.1899145676,0.3294936057,0.1459631268,0.5750488547,-0.01157547906,0.007073941175,-0.006758483127,-0.002698024938,0.01129314107,-0.03490515448,0.6743923334,0,0,0,1,0,0,0
4.880067587,2.860005617,rate,aggressive,0.00156748062,-0.001993849874,-1.661737084,0,0,-1.987340851,-0.005663724616,-0.001438158331,-0.3090523481,0,0,-0.177948765,0.3256136446,0.131233744,0.5699189228,-0.00987880677,0.007717255969,-0.008270020597,-0.004003747564,0.01487467702,-0.03455454243,0.6767250594,0,0,0,1,0,0,0
4.890089273,2.870027304,rate,aggressive,0.00156748062,-0.001993849874,-1.661737084,0,0,-1.989063342,-0.005663724616,-0.001438158331,-0.3090523481,0,0,-0.1657889721,0.3273360831,0.1433824989,0.5698822406,-0.00987880677,0.007717255969,-0.008270020597,-0.00190279783,0.01262702885,-0.03456089606,0.6742658287,0,0,0,1,0,0,0
4.900068045,2.880006075,rate,aggressive,0.001277820906,-0.00192488241,-1.665098429,0,0,-1.990656933,-0.005605021957,-0.001147973584,-0.2909350991,0,0,-0.1535925481,0.3255667025,0.137461669,0.5646323707,-0.01043049898,0.008407915011,-0.01002200507,-0.001426938173,0.0138938698,-0.03421970627,0.6751267133,0,0,0,1,0,0,0
4.910091162,2.890029192,rate,aggressive,0.001277820906,-0.00192488241,-1.665098429,0,0,-1.992134642,-0.005605021957,-0.001147973584,-0.2909350991,0,0,-0.1412528202,0.3270443748,0.1497915843,0.5645924867,-0.01043049898,0.008407915011,-0.01002200507,0.0001524939087,0.01186372863,-0.03422474128,0.6725331956,0,0,0,1,0,0,0
4.92007637,2.9000144,rate,aggressive,0.0008692488191,-0.001809113543,-1.669630051,0,0,-1.993483337,-0.005485220812,-0.0006010977668,-0.2635692358,0,0,-0.1288709682,0.3238595063,0.1348112468,0.552692794,-0.009604109451,0.009299099445,-0.01120217051,0.0003921370543,0.01595595055,-0.03343309748,0.675179391,0,0,0,1,0,0,0
4.930097818,2.910035849,rate,aggressive,0.0008692488191,-0.001809113543,-1.669630051,0,0,-1.994712172,-0.005485220812,-0.0006010977668,-0.2635692358,0,0,-0.1163550692,0.3250883174,0.1473175476,0.5526478252,-0.009604109451,0.009299099445,-0.01120217051,0.00174167281,0.01347275362,-0.0334382183,0.6724510581,0,0,0,1,0,0,0
4.940069199,2.920007229,rate,aggressive,0.0006204125239,-0.00171606685,-1.672241569,0,0,-1.995809936,-0.005375118461,-0.0002634698176,-0.2447786033,0,0,-0.1038130978,0.3235735125,0.141068193,0.5425875772,-0.009120942093,0.0103503624,-0.01296721026,0.002613164727,0.01497852999,-0.03278643215,0.6734870451,0,0,0,1,0,0,0
4.950092793,2.930030823,rate,aggressive,0.0006204125239,-0.00171606685,-1.672241569,0,0,-1.996786957,-0.005375118461,-0.0002634698176,-0.2447786033,0,0,-0.09111637599,0.3245505185,0.1537564354,0.5425382863,-0.009120942093,0.0103503624,-0.01296721026,0.003560701728,0.01271204236,-0.03279066068,0.6706216532,0,0,0,1,0,0,0
4.960082054,2.940020084,rate,aggressive,0.0002367841807,-0.001554826624,-1.675468445,0,0,-1.997633574,-0.005296566524,0.0001583988051,-0.21638529,0,0,-0.07837429181,0.3221689685,0.1381126871,0.5242403993,-0.007206783164,0.01028835122,-0.01518336963,0.002785219768,0.01565437818,-0.03163706224,0.6737278975,0,0,0,1,0,0,0
4.970108509,2.950046539,rate,aggressive,0.0002367841807,-0.001554826624,-1.675468445,0,0,-1.998354901,-0.005296566524,0.0001583988051,-0.21638529,0,0,-0.0654955706,0.3228902869,0.1509827346,0.5241864602,-0.007206783164,0.01028835122,-0.01518336963,0.003790287286,0.01317429854,-0.03164152444,0.6707237424,0,0,0,1,0,0,0
4.980068684,2.960006714,rate,aggressive,-1.690042336e-05,-0.001440715627,-1.677246094,0,0,-1.998943168,-0.005123381969,0.0003786370798,-0.1971436143,0,0,-0.05261350909,0.3217003009,0.1446213806,0.5087995511,-0.004672635347,0.01135969721,-0.01622004434,0.004379751045,0.01366389276,-0.0306904054,0.6719054344,0,0,0,1,0,0,0
4.990098715,2.970036745,rate,aggressive,-1.690042336e-05,-0.001440715627,-1.677246094,0,0,-1.999405454,-0.005123381969,0.0003786370798,-0.1971436143,0,0,-0.03955198584,0.3221625824,0.1576753429,0.508741632,-0.004672635347,0.01135969721,-0.01622004434,0.005036700102,0.01158457733,-0.03069385851,0.6687611001,0,0,0,1,0,0,0
5.000070333,2.980008364,rate,aggressive,-0.0004112539173,-0.001256000018,-1.679139256,0,0,-1.99973474,-0.005082707852,0.0007090769359,-0.167964831,0,0,-0.02647788591,0.3205982076,0.1415799857,0.4815127105,-0.002267693169,0.01234865934,-0.01762517728,0.002869347095,0.01383477431,-0.02905260685,0.6722782008,0,0,0,1,0,0,0
5.010102987,2.990041018,rate,aggressive,-0.0004112539173,-0.001256000018,-1.679139256,0,0,-1.999934025,-0.005082707852,0.0007090769359,-0.167964831,0,0,-0.0132345627,0.3207974914,0.1548153501,0.481452074,-0.002267693169,0.01234865934,-0.01762517728,0.003792861576,0.01157710821,-0.02905619409,0.6689925068,0,0,0,1,0,0,0
5.020068407,3.000006437,rate,aggressive,-0.000668688037,-0.001131469151,-1.679980278,0,0,-2,-0.004938268568,0.0009698665817,-0.1481553018,0,0,0,0.3200224208,0.1482407521,0.4613842169,-0.0009551467374,0.01073975675,-0.01929804124,0.003741861421,0.01273301744,-0.02783547414,0.6703789462,0,0,0,1,0,0,0
5.030099154,3.010037184,rate,aggressive,-0.000668688037,-0.001131469151,-1.679980278,0,0,-2,-0.004938268568,0.0009698665817,-0.1481553018,0,0,0,0.3200224208,0.1482407521,0.4613842169,-0.0009551467374,0.01073975675,-0.01929804124,0.004656297344,0.01068642536,-0.02783848538,0.6703789462,0,0,0,1,0,0,0
5.040073872,3.020011902,rate,aggressive,-0.000921888859,-0.001005355734,-1.680458307,0,0,-2,-0.004836925771,0.001188730705,-0.1281287372,0,0,0,0.3195446041,0.1282255132,0.4409730793,-0.0005715446896,0.01043603104,-0.01885750331,0.004233748628,0.0116410541,-0.02660155598,0.675283695,0,0,0,1,0,0,0
5.05023241,3.030170441,rate,aggressive,-0.000921888859,-0.001005355734,-1.680458307,0,0,-2,-0.004836925771,0.001188730705,-0.1281287372,0,0,0,0.3195446041,0.1282255132,0.4409730793,-0.0005715446896,0.01043603104,-0.01885750331,0.004981282052,0.009779200686,-0.02660404455,0.675283695,0,0,0,1,0,0,0
5.060069084,3.040007114,rate,aggressive,-0.001284474274,-0.0008101346903,-1.680523396,0,0,-2,-0.004594301805,0.001505039865,-0.09773588926,0,0,0,0.3194802138,0.09785538719,0.4053883473,0.001062516007,0.009027392603,-0.0206572786,0.004710563498,0.01205598345,-0.02443589191,0.6829664442,0,0,0,1,0,0,0
5.070357561,3.050295591,rate,aggressive,-0.001284474274,-0.0008101346903,-1.680523396,0,0,-2,-0.004594301805,0.001505039865,-0.09773588926,0,0,0,0.3194802138,0.09785538719,0.4053883473,0.001062516007,0.009027392603,-0.0206572786,0.005275274898,0.00997846897,-0.02443829493,0.6829664442,0,0,0,1,0,0,0
5.080081463,3.060019493,rate,aggressive,-0.001515188604,-0.000679573277,-1.680194139,0,0,-2,-0.004453084432,0.001627004938,-0.0784766078,0,0,0,0.3198101719,0.07861968632,0.3796060158,0.0009551318362,0.008291459642,-0.02249595709,0.004910281203,0.01019801728,-0.02287491499,0.6879690589,0,0,0,1,0,0,0
5.090112686,3.070050716,rate,aggressive,-0.001515188604,-0.000679573277,-1.680194139,0,0,-2,-0.004453084432,0.001627004938,-0.0784766078,0,0,0,0.3198101719,0.07861968632,0.3796060158,0.0009551318362,0.008291459642,-0.02249595709,0.005355346576,0.008504322272,-0.02287672299,0.6879690589,0,0,0,1,0,0,0
5.100072622,3.080010653,rate,aggressive,-0.001849941327,-0.0004737447598,-1.679069161,0,0,-2,-0.004349095281,0.001863868674,-0.05178424716,0,0,0,0.32093652,0.0519999701,0.3397228891,0.001033527195,0.009948094375,-0.02314483933,0.003682724462,0.01025182986,-0.02047423931,0.6951446958,0,0,0,1,0,0,0
5.110098839,3.090036869,rate,aggressive,-0.001849941327,-0.0004737447598,-1.679069161,0,0,-2,-0.004349095281,0.001863868674,-0.05178424716,0,0,0,0.32093652,0.0519999701,0.3397228891,0.001033527195,0.009948094375,-0.02314483933,0.004271805618,0.00840960802,-0.02047589336,0.6951446958,0,0,0,1,0,0,0
5.120083094,3.100021124,rate,aggressive,-0.002162566874,-0.0002576060069,-1.677341223,0,0,-2,-0.004157278687,0.002099169418,-0.02855622396,0,0,0,0.3226661271,0.0289334997,0.2958997666,0.00397333689,0.008317803964,-0.02382727526,0.00348771576,0.01009844952,-0.01782531089,0.7016603047,0,0,0,1,0,0,0
5.130104303,3.110042334,rate,aggressive,-0.002162566874,-0.0002576060069,-1.677341223,0,0,-2,-0.004157278687,0.002099169418,-0.02855622396,0,0,0,0.3226661271,0.0289334997,0.2958997666,0.00397333689,0.008317803964,-0.02382727526,0.00396182045,0.008191363075,-0.01782675579,0.7016603047,0,0,0,1,0,0,0
5.140102386,3.120040417,rate,aggressive,-0.002350632567,-0.0001036433314,-1.675886631,0,0,-2,-0.003919039387,0.002140791621,-0.01521829236,0,0,0,0.3241219094,0.01585995842,0.2657653786,0.00363155175,0.008234630339,-0.02400722355,0.004467879583,0.007817344682,-0.01599740886,0.7055691163,0,0,0,1,0,0,0
5.150294542,3.130232573,rate,aggressive,-0.002350632567,-0.0001036433314,-1.675886631,0,0,-2,-0.003919039387,0.002140791621,-0.01521829236,0,0,0,0.3241219094,0.01585995842,0.2657653786,0.00363155175,0.008234630339,-0.02400722355,0.004623437101,0.006370903251,-0.01599847783,0.7055691163,0,0,0,1,0,0,0
5.160077333,3.140015364,rate,aggressive,-0.002644955181,0.000122344456,-1.673348188,0,0,-2,-0.003689382691,0.002112361602,0.001559095923,0,0,0,0.3266625427,0.004528178031,0.2191477317,0.0033634766,0.008313638158,-0.02509984374,0.003578320071,0.006125840905,-0.01319274302,0.710742694,0,0,0,1,0,0,0
5.170107841,3.150045872,rate,aggressive,-0.002644955181,0.000122344456,-1.673348188,0,0,-2,-0.003689382691,0.002112361602,0.001559095923,0,0,0,0.3266625427,0.004528178031,0.2191477317,0.0033634766,0.008313638158,-0.02509984374,0.003773974573,0.004882793322,-0.01319344916,0.710742694,0,0,0,1,0,0,0
5.180076361,3.160014391,rate,aggressive,-0.002841798589,0.000268684089,-1.67150712,0,0,-2,-0.003532597562,0.002151280409,0.01092727948,0,0,0,0.3285052817,0.0116838645,0.1882907187,0.004859585781,0.007511456031,-0.02492553368,0.003082318642,0.005014018181,-0.01133835927,0.7137849954,0,0,0,1,0,0,0
5.190105677,3.170043707,rate,aggressive,-0.002841798589,0.000268684089,-1.67150712,0,0,-2,-0.003532597562,0.002151280409,0.01092727948,0,0,0,0.3285052817,0.0116838645,0.1882907187,0.004859585781,0.007511456031,-0.02492553368,0.003254588756,0.003946213907,-0.01133884344,0.7137849954,0,0,0,1,0,0,0
5.200075865,3.180013895,rate,aggressive,-0.003182815621,0.0004738218558,-1.668411493,0,0,-2,-0.003369133687,0.002087763278,0.02248618193,0,0,0,0.3316041203,0.02283283152,0.1383477813,0.004462969489,0.003836193355,-0.02417300269,0.0007506654201,0.004051066786,-0.008356500856,0.7178372698,0,0,0,1,0,0,0
5.210193157,3.190131187,rate,aggressive,-0.003182815621,0.0004738218558,-1.668411493,0,0,-2,-0.003369133687,0.002087763278,0.02248618193,0,0,0,0.3316041203,0.02283283152,0.1383477813,0.004462969489,0.003836193355,-0.02417300269,0.001189700186,0.003110989107,-0.008356487861,0.7178372698,0,0,0,1,0,0,0
5.220086098,3.200024128,rate,aggressive,-0.00341471401,0.0006067948998,-1.666249871,0,0,-2,-0.003284448758,0.002110615373,0.02895786054,0,0,0,0.3337681484,0.02921985606,0.1066343212,0.003650900675,0.003090511076,-0.02359726839,-0.0003565491494,0.003759747462,-0.006456014774,0.7202612938,0,0,0,1,0,0,0
5.230166197,3.210104227,rate,aggressive,-0.00341471401,0.0006067948998,-1.666249871,0,0,-2,-0.003284448758,0.002110615373,0.02895786054,0,0,0,0.3337681484,0.02921985606,0.1066343212,0.003650900675,0.003090511076,-0.02359726839,0.0001626618657,0.002895677927,-0.006455784371,0.7202612938,0,0,0,1,0,0,0
5.240090132,3.220028162,rate,aggressive,-0.00365142501,0.0007386688376,-1.664019823,0,0,-2,-0.00322827627,0.002136339899,0.03431102261,0,0,0,0.3360008301,0.03452871252,0.07487880455,0.004247723147,0.00379036949,-0.02471377328,-0.001664503425,0.003597591088,-0.004554872893,0.7224265098,0,0,0,1,0,0,0
5.25013876,3.23007679,rate,aggressive,-0.00365142501,0.0007386688376,-1.664019823,0,0,-2,-0.00322827627,0.002136339899,0.03431102261,0,0,0,0.3360008301,0.03452871252,0.07487880455,0.004247723147,0.00379036949,-0.02471377328,-0.00104067409,0.002768837943,-0.00455440234,0.7224265098,0,0,0,1,0,0,0
5.260085106,3.240023136,rate,aggressive,-0.00401071785,0.0009279968217,-1.660659075,0,0,-2,-0.003185185371,0.001961462665,0.04064932093,0,0,0,0.3393658948,0.0408210734,0.02823406954,0.004291617777,0.0002851017343,-0.024589587,-0.004492542428,0.002578473346,-0.001699477853,0.7252511088,0,0,0,1,0,0,0
5.270095587,3.250033617,rate,aggressive,-0.00401071785,0.0009279968217,-1.660659075,0,0,-2,-0.003185185371,0.001961462665,0.04064932093,0,0,0,0.3393658948,0.0408210734,0.02823406954,0.004291617777,0.0002851017343,-0.024589587,-0.003524666487,0.001964570173,-0.001698464711,0.7252511088,0,0,0,1,0,0,0
5.280075788,3.260013819,rate,aggressive,-0.004371259362,0.001097462955,-1.65734899,0,0,-2,-0.003058895702,0.001782098901,0.04537312686,0,0,0,0.3426806483,0.04551102461,0.02349774747,0.003230751026,0.001060713199,-0.02297392488,-0.005839875408,0.001804087952,0.001147905663,0.7276479426,0,0,0,1,0,0,0
5.290098667,3.270036697,rate,aggressive,-0.004371259362,0.001097462955,-1.65734899,0,0,-2,-0.003058895702,0.001782098901,0.04537312686,0,0,0,0.3426806483,0.04551102461,0.02349774747,0.003230751026,0.001060713199,-0.02297392488,-0.004807280669,0.0013718028,0.001149065709,0.7276479426,0,0,0,1,0,0,0
5.300074577,3.280012608,rate,aggressive,-0.004614334553,0.001195461955,-1.655166268,0,0,-2,-0.00307359593,0.001649740501,0.04755776748,0,0,0,0.3448666752,0.04768553117,0.05356975201,0.002569880569,0.0004730987421,-0.02238173224,-0.006982862217,0.001099221532,0.002987613306,0.728992596,0,0,0,1,0,0,0
5.310212612,3.290150642,rate,aggressive,-0.004614334553,0.001195461955,-1.655166268,0,0,-2,-0.00307359593,0.001649740501,0.04755776748,0,0,0,0.3448666752,0.04768553117,0.05356975201,0.002569880569,0.0004730987421,-0.02238173224,-0.005899153824,0.0008309020019,0.002988847273,0.728992596,0,0,0,1,0,0,0
5.320086241,3.300024271,rate,aggressive,-0.004953186028,0.001319908537,-1.651935101,0,0,-2,-0.003031843575,0.001544830273,0.04952030629,0,0,0,0.3481026435,0.04963707597,0.09688611682,0.001265880768,0.001140971319,-0.02167421021,-0.008437713658,0.001185319518,0.005629084069,0.73066073,0,0,0,1,0,0,0
5.330106735,3.310044765,rate,aggressive,-0.004953186028,0.001319908537,-1.651935101,0,0,-2,-0.003031843575,0.001544830273,0.04952030629,0,0,0,0.3481026435,0.04963707597,0.09688611682,0.001265880768,0.001140971319,-0.02167421021,-0.007233362915,0.000901112783,0.005630504866,0.73066073,0,0,0,1,0,0,0
5.340077162,3.320015192,rate,aggressive,-0.005165910814,0.001393987564,-1.649834037,0,0,-2,-0.002980605001,0.001479392871,0.05010185018,0,0,0,0.3502068412,0.0502122296,0.1260068828,0.0004666867317,3.417886182e-05,-0.02119475044,-0.008154588549,0.001040865738,0.007411307772,0.731569303,0,0,0,1,0,0,0
5.35027957,3.3302176,rate,aggressive,-0.005165910814,0.001393987564,-1.649834037,0,0,-2,-0.002980605001,0.001479392871,0.05010185018,0,0,0,0.3502068412,0.0502122296,0.1260068828,0.0004666867317,3.417886182e-05,-0.02119475044,-0.007146294206,0.0008092051368,0.007412512046,0.731569303,0,0,0,1,0,0,0
5.360080957,3.340018988,rate,aggressive,-0.005377351772,0.001461623004,-1.647780418,0,0,-2,-0.00303639262,0.001312451903,0.05032409355,0,0,0,0.3522636597,0.05043269378,0.1535035049,-0.001470391289,-0.0006406577304,-0.01921879873,-0.009044736009,0.0002120492727,0.009080027959,0.7323696202,0,0,0,1,0,0,0
5.370115995,3.350054026,rate,aggressive,-0.005377351772,0.001461623004,-1.647780418,0,0,-2,-0.00303639262,0.001312451903,0.05032409355,0,0,0,0.3522636597,0.05043269378,0.1535035049,-0.001470391289,-0.0006406577304,-0.01921879873,-0.007944594035,0.0001734579632,0.009081239367,0.7323696202,0,0,0,1,0,0,0
5.380086422,3.360024452,rate,aggressive,-0.005689361598,0.001551030437,-1.64481771,0,0,-2,-0.002919836668,0.001223305706,0.04992416129,0,0,0,0.3552312398,0.05002443206,0.1913483795,-0.004728980362,-0.0003978763707,-0.01842906885,-0.008817519312,0.0006209679586,0.0114507146,0.7333415037,0,0,0,1,0,0,0
5.390109539,3.370047569,rate,aggressive,-0.005689361598,0.001551030437,-1.64481771,0,0,-2,-0.002919836668,0.001223305706,0.04992416129,0,0,0,0.3552312398,0.05002443206,0.1913483795,-0.004728980362,-0.0003978763707,-0.01842906885,-0.007773680736,0.0005264430945,0.01145187886,0.7333415037,0,0,0,1,0,0,0
5.400077105,3.380015135,rate,aggressive,-0.006009729113,0.001702976413,-1.642007709,0,0,-2,-0.002829059027,0.001084035146,0.04866144806,0,0,0,0.3580467815,0.04875566874,0.2276405028,-0.003912893124,-0.000390420726,-0.01630436815,-0.008884272963,0.001244709831,0.01370722518,0.7340393427,0,0,0,1,0,0,0
5.410104036,3.390042067,rate,aggressive,-0.006009729113,0.001702976413,-1.642007709,0,0,-2,-0.002829059027,0.001084035146,0.04866144806,0,0,0,0.3580467815,0.04875566874,0.2276405028,-0.003912893124,-0.000390420726,-0.01630436815,-0.007812024343,0.001064561526,0.01370844235,0.7340393427,0,0,0,1,0,0,0
5.420086145,3.400024176,rate,aggressive,-0.006217934657,0.001807444147,-1.640220404,0,0,-2,-0.00275776838,0.0009698420181,0.04756384343,0,0,0,0.3598378628,0.04765359464,0.2502813289,-0.003992525861,-0.001303286524,-0.01617285982,-0.008145289126,0.001319068978,0.0151114263,0.7344085413,0,0,0,1,0,0,0
5.430097818,3.410035849,rate,aggressive,-0.006217934657,0.001807444147,-1.640220404,0,0,-2,-0.00275776838,0.0009698420181,0.04756384343,0,0,0,0.3598378628,0.04765359464,0.2502813289,-0.003992525861,-0.001303286524,-0.01617285982,-0.007243331067,0.00116387425,0.01511243685,0.7344085413,0,0,0,1,0,0,0
5.440089464,3.420027494,rate,aggressive,-0.006422990002,0.00191726198,-1.638503313,0,0,-2,-0.002733033616,0.0009467478376,0.04617837816,0,0,0,0.361558827,0.0462688709,0.2712688966,-0.004382879939,-0.0009557341691,-0.01412241813,-0.007941039679,0.002279996826,0.01640531117,0.7346793566,0,0,0,1,0,0,0
5.450098276,3.430036306,rate,aggressive,-0.006422990002,0.00191726198,-1.638503313,0,0,-2,-0.002733033616,0.0009467478376,0.04617837816,0,0,0,0.361558827,0.0462688709,0.2712688966,-0.004382879939,-0.0009557341691,-0.01412241813,-0.007079228804,0.001971100561,0.01640634977,0.7346793566,0,0,0,1,0,0,0
5.460091829,3.44002986,rate,aggressive,-0.006705344189,0.00210539368,-1.636076093,0,0,-2,-0.002643560991,0.0008586240583,0.0438249521,0,0,0,0.3639917645,0.04391300577,0.299901999,-0.004072431475,0.0003066227073,-0.01309359446,-0.007896692952,0.00316806684,0.01817295922,0.734961997,0,0,0,1,0,0,0
5.470120907,3.450058937,rate,aggressive,-0.006705344189,0.00210539368,-1.636076093,0,0,-2,-0.002643560991,0.0008586240583,0.0438249521,0,0,0,0.3639917645,0.04391300577,0.299901999,-0.004072431475,0.0003066227073,-0.01309359446,-0.007011029596,0.00271438207,0.01817409072,0.734961997,0,0,0,1,0,0,0
5.480081558,3.460019588,rate,aggressive,-0.006881326903,0.002233562293,-1.634552717,0,0,-2,-0.002500158269,0.0007620824035,0.04204222932,0,0,0,0.3655188886,0.04212339739,0.3178981484,-0.004398396704,0.0007032104768,-0.01051098574,-0.006557473636,0.002935407359,0.01929317272,0.7350618446,0,0,0,1,0,0,0
5.490108013,3.470046043,rate,aggressive,-0.006881326903,0.002233562293,-1.634552717,0,0,-2,-0.002500158269,0.0007620824035,0.04204222932,0,0,0,0.3655188886,0.04212339739,0.3178981484,-0.004398396704,0.0007032104768,-0.01051098574,-0.005946154254,0.002564574467,0.01929397527,0.7350618446,0,0,0,1,0,0,0
5.500096798,3.480034828,rate,aggressive,-0.007084639277,0.002444103127,-1.632414818,0,0,-2,-0.002259356668,0.0006588384276,0.03907592222,0,0,0,0.3676615725,0.03914672985,0.3419452279,-0.00384073169,-0.0004045690293,-0.008500352502,-0.004883200077,0.003718810235,0.02079135717,0.7350841768,0,0,0,1,0,0,0
5.510113478,3.490051508,rate,aggressive,-0.007084639277,0.002444103127,-1.632414818,0,0,-2,-0.002259356668,0.0006588384276,0.03907592222,0,0,0,0.3676615725,0.03914672985,0.3419452279,-0.00384073169,-0.0004045690293,-0.008500352502,-0.004543491589,0.003246718841,0.02079189918,0.7350841768,0,0,0,1,0,0,0
5.52008152,3.50001955,rate,aggressive,-0.007256025914,0.002635721117,-1.630464673,0,0,-2,-0.001916629146,0.0005769534619,0.03595300764,0,0,0,0.3696159558,0.03600868091,0.362255266,-0.001435428625,0.001548739034,-0.008321310394,-0.002733755743,0.003939263868,0.02205960301,0.7349987169,0,0,0,1,0,0,0
5.530111074,3.510049105,rate,aggressive,-0.007256025914,0.002635721117,-1.630464673,0,0,-2,-0.001916629146,0.0005769534619,0.03595300764,0,0,0,0.3696159558,0.03600868091,0.362255266,-0.001435428625,0.001548739034,-0.008321310394,-0.002776425618,0.003434793775,0.02205974128,0.7349987169,0,0,0,1,0,0,0
5.540098429,3.520036459,rate,aggressive,-0.007356411777,0.00275348709,-1.629263163,0,0,-2,-0.001695052371,0.0004672537616,0.03377779946,0,0,0,0.3708200387,0.03382353123,0.3739027733,-0.002546219621,0.001218434889,-0.005685672164,-0.00175820921,0.003113472567,0.02278896096,0.7348823702,0,0,0,1,0,0,0
5.550102711,3.530040741,rate,aggressive,-0.007356411777,0.00275348709,-1.629263163,0,0,-2,-0.001695052371,0.0004672537616,0.03377779946,0,0,0,0.3708200387,0.03382353123,0.3739027733,-0.002546219621,0.001218434889,-0.005685672164,-0.001942702587,0.002782274172,0.02278886822,0.7348823702,0,0,0,1,0,0,0
5.560053587,3.539991617,rate,aggressive,-0.007425681222,0.00293564098,-1.6276232,0,0,-2,-0.001220818725,0.0002979433048,0.03060029075,0,0,0,0.3724624002,0.03062608304,0.3890936148,-0.001356730005,0.002438284922,-0.003785825102,0.001494168858,0.002282409719,0.02374957698,0.7346705693,0,0,0,1,0,0,0
5.570130825,3.550068855,rate,aggressive,-0.007425681222,0.00293564098,-1.6276232,0,0,-2,-0.001220818725,0.0002979433048,0.03060029075,0,0,0,0.3724624002,0.03062608304,0.3890936148,-0.001356730005,0.002438284922,-0.003785825102,0.0007488867401,0.00205940648,0.02374877986,0.7346705693,0,0,0,1,0,0,0
5.580096245,3.560034275,rate,aggressive,-0.007433120627,0.003051659558,-1.626628518,0,0,-2,-0.0009674163302,0.0001837630844,0.02851610258,0,0,0,0.3734579326,0.02853309955,0.3970293495,-0.0002818073553,0.002069158712,-0.002518007765,0.002242706146,0.001626215559,0.02424524058,0.7345023018,0,0,0,1,0,0,0
5.590131283,3.570069313,rate,aggressive,-0.007433120627,0.003051659558,-1.626628518,0,0,-2,-0.0009674163302,0.0001837630844,0.02851610258,0,0,0,0.3734579326,0.02853309955,0.3970293495,-0.0002818073553,0.002069158712,-0.002518007765,0.00142162413,0.001486918975,0.02424429641,0.7345023018,0,0,0,1,0,0,0
5.600091457,3.580029488,rate,aggressive,-0.007388854865,0.003217700403,-1.625285506,0,0,-2,-0.0004872423597,-2.630136987e-05,0.0253253784,0,0,0,0.3748011481,0.02533007872,0.4073949568,0.0006304871058,0.0008007975994,-0.00142438605,0.005199731726,0.0006154847351,0.02489051329,0.7341794895,0,0,0,1,0,0,0
5.610121965,3.590059996,rate,aggressive,-0.007388854865,0.003217700403,-1.625285506,0,0,-2,-0.0004872423597,-2.630136987e-05,0.0253253784,0,0,0,0.3748011481,0.02533007872,0.4073949568,0.0006304871058,0.0008007975994,-0.00142438605,0.003865305594,0.0006224299142,0.02488887445,0.7341794895,0,0,0,1,0,0,0
5.620096922,3.600034952,rate,aggressive,-0.00731906388,0.003348127706,-1.624495983,0,0,-2,-0.0001945967088,-0.0001235924283,0.02320456505,0,0,0,0.3755902626,0.02320571012,0.4137519633,0.001933951513,-0.0006426301552,0.0002189766092,0.005938293752,0.0009088196039,0.02527770759,0.7339275586,0,0,0,1,0,0,0
5.630154848,3.610092878,rate,aggressive,-0.00731906388,0.003348127706,-1.624495983,0,0,-2,-0.0001945967088,-0.0001235924283,0.02320456505,0,0,0,0.3755902626,0.02320571012,0.4137519633,0.001933951513,-0.0006426301552,0.0002189766092,0.004558904969,0.0008619963016,0.02527603045,0.7339275586,0,0,0,1,0,0,0
5.64009428,3.62003231,rate,aggressive,-0.007156439126,0.003569939639,-1.6234622,0,0,-2,0.0003450851655,-0.0002961156424,0.02016526833,0,0,0,0.3766227208,0.02017039452,0.4191467844,0.0043739127,-0.00105180894,0.002599268453,0.009376777554,0.001262431962,0.02560070519,0.7335310599,0,0,0,1,0,0,0
5.650118351,3.630056381,rate,aggressive,-0.007156439126,0.003569939639,-1.6234622,0,0,-2,0.0003450851655,-0.0002961156424,0.02016526833,0,0,0,0.3766227208,0.02017039452,0.4191467844,0.0043739127,-0.00105180894,0.002599268453,0.00736751182,0.001176778927,0.02559830274,0.7335310599,0,0,0,1,0,0,0
5.660109043,3.640047073,rate,aggressive,-0.006994117517,0.003743472975,-1.622868657,0,0,-2,0.0007330977824,-0.0003451762605,0.01818860695,0,0,0,0.3772147678,0.01820664718,0.420798304,0.00545004895,-0.0006939278101,0.004147162661,0.01032484586,0.002078073468,0.02569214609,0.7332446352,0,0,0,1,0,0,0
5.670113802,3.650051832,rate,aggressive,-0.006994117517,0.003743472975,-1.622868657,0,0,-2,0.0007330977824,-0.0003451762605,0.01818860695,0,0,0,0.3772147678,0.01820664718,0.420798304,0.00545004895,-0.0006939278101,0.004147162661,0.008203935289,0.001844526882,0.02568961358,0.7332446352,0,0,0,1,0,0,0
5.680104733,3.660042763,rate,aggressive,-0.006730031222,0.00401251018,-1.622008681,0,0,-2,0.00138339703,-0.0004390940303,0.01530993637,0,0,0,0.3780725203,0.01537858064,0.4218216629,0.007665242534,-0.0002181051823,0.005798215047,0.01387093555,0.003136155984,0.02573668081,0.7328258861,0,0,0,1,0,0,0
5.690121651,3.670059681,rate,aggressive,-0.006730031222,0.00401251018,-1.622008681,0,0,-2,0.00138339703,-0.0004390940303,0.01530993637,0,0,0,0.3780725203,0.01537858064,0.4218216629,0.007665242534,-0.0002181051823,0.005798215047,0.01103742363,0.002756896486,0.02573336329,0.7328258861,0,0,0,1,0,0,0
5.700086355,3.680024385,rate,aggressive,-0.006525009871,0.004214792047,-1.621482372,0,0,-2,0.001810157672,-0.0003772067139,0.01356102899,0,0,0,0.3785973253,0.0136865066,0.4206893027,0.01048285514,0.0001529119181,0.006922817323,0.01392523297,0.004598249505,0.02564986633,0.732572901,0,0,0,1,0,0,0
5.710130692,3.690068722,rate,aggressive,-0.006525009871,0.004214792047,-1.621482372,0,0,-2,0.001810157672,-0.0003772067139,0.01356102899,0,0,0,0.3785973253,0.0136865066,0.4206893027,0.01048285514,0.0001529119181,0.006922817323,0.01116072048,0.003971963751,0.02564661118,0.732572901,0,0,0,1,0,0,0
5.720097303,3.700035334,rate,aggressive,-0.006208164617,0.004536357243,-1.620807767,0,0,-2,0.002260698006,-0.0003848699853,0.01109471824,0,0,0,0.3792701801,0.01132923886,0.4168957166,0.01086397097,0.002085356042,0.008289112709,0.01477938071,0.006018980534,0.02541210758,0.7321917516,0,0,0,1,0,0,0
5.730281353,3.710219383,rate,aggressive,-0.006208164617,0.004536357243,-1.620807767,0,0,-2,0.002260698006,-0.0003848699853,0.01109471824,0,0,0,0.3792701801,0.01132923886,0.4168957166,0.01086397097,0.002085356042,0.008289112709,0.011772553,0.005146937574,0.02540852534,0.7321917516,0,0,0,1,0,0,0
5.740130186,3.720068216,rate,aggressive,-0.005994444247,0.00474969577,-1.620396972,0,0,-2,0.002631432377,-0.0003135583829,0.009616174735,0,0,0,0.3796800654,0.009974646447,0.4123219659,0.01235527731,0.002587901894,0.008898868226,0.01387942652,0.006608693868,0.02512712096,0.7319655792,0,0,0,1,0,0,0
5.750144958,3.730082989,rate,aggressive,-0.005994444247,0.00474969577,-1.620396972,0,0,-2,0.002631432377,-0.0003135583829,0.009616174735,0,0,0,0.3796800654,0.009974646447,0.4123219659,0.01235527731,0.002587901894,0.008898868226,0.0110728915,0.005654310336,0.02512368789,0.7319655792,0,0,0,1,0,0,0
5.760092258,3.740030289,rate,aggressive,-0.005634798203,0.005059608724,-1.619896054,0,0,-2,0.003141802503,-0.0005461160326,0.007473639213,0,0,0,0.3801793789,0.008125542983,0.4033293826,0.01432448812,0.001015549526,0.01147229783,0.01490197188,0.005243182932,0.02459370708,0.7316036277,0,0,0,1,0,0,0
5.770129919,3.750067949,rate,aggressive,-0.005634798203,0.005059608724,-1.619896054,0,0,-2,0.003141802503,-0.0005461160326,0.007473639213,0,0,0,0.3801793789,0.008125542983,0.4033293826,0.01432448812,0.001015549526,0.01147229783,0.01171682433,0.0045988953,0.02458976817,0.7316036277,0,0,0,1,0,0,0
5.7800982,3.76003623,rate,aggressive,-0.005398168694,0.005262424238,-1.619632244,0,0,-2,0.003355502617,-0.0006761673721,0.006143078674,0,0,0,0.380442457,0.00703235492,0.3956215627,0.01520677563,0.002047339221,0.01246034913,0.01213216946,0.004633829043,0.02413063233,0.7313617755,0,0,0,1,0,0,0
5.790501118,3.770439148,rate,aggressive,-0.005398168694,0.005262424238,-1.619632244,0,0,-2,0.003355502617,-0.0006761673721,0.006143078674,0,0,0,0.380442457,0.00703235492,0.3956215627,0.01520677563,0.002047339221,0.01246034913,0.009482758128,0.004145927727,0.02412735228,0.7313617755,0,0,0,1,0,0,0
5.800093174,3.780031204,rate,aggressive,-0.005165468436,0.005465895403,-1.619421363,0,0,-2,0.003489434253,-0.0007223813445,0.004863347858,0,0,0,0.3806529352,0.006029107613,0.3873307436,0.01466669701,0.002869074233,0.01275533903,0.009697858659,0.004914821115,0.02363190283,0.7311136906,0,0,0,1,0,0,0
5.810180187,3.790118217,rate,aggressive,-0.005165468436,0.005465895403,-1.619421363,0,0,-2,0.003489434253,-0.0007223813445,0.004863347858,0,0,0,0.3806529352,0.006029107613,0.3873307436,0.01466669701,0.002869074233,0.01275533903,0.007446665505,0.004350760527,0.02362907614,0.7311136906,0,0,0,1,0,0,0
5.820096254,3.800034285,rate,aggressive,-0.004831141327,0.005749262404,-1.619194865,0,0,-2,0.003742491128,-0.0007989034057,0.003012742847,0,0,0,0.3808791732,0.004870431804,0.3727062286,0.01463762205,0.004006080795,0.01461518276,0.009266665136,0.005183610899,0.02274482117,0.730726513,0,0,0,1,0,0,0
5.830145121,3.810083151,rate,aggressive,-0.004831141327,0.005749262404,-1.619194865,0,0,-2,0.003742491128,-0.0007989034057,0.003012742847,0,0,0,0.3808791732,0.004870431804,0.3727062286,0.01463762205,0.004006080795,0.01461518276,0.006844872944,0.004508461206,0.02274169584,0.730726513,0,0,0,1,0,0,0
5.840101957,3.820039988,rate,aggressive,-0.004521082621,0.005985751282,-1.619062901,0,0,-2,0.003952094354,-0.001020924537,0.001380483853,0,0,0,0.3810109489,0.004308952583,0.3569266012,0.01386711281,0.004252423532,0.01527783647,0.007788724141,0.003433919152,0.02178243668,0.7303604149,0,0,0,1,0,0,0
5.850112915,3.830050945,rate,aggressive,-0.004521082621,0.005985751282,-1.619062901,0,0,-2,0.003952094354,-0.001020924537,0.001380483853,0,0,0,0.3810109489,0.004308952583,0.3569266012,0.01386711281,0.004252423532,0.01527783647,0.005429071139,0.003023472874,0.02177913209,0.7303604149,0,0,0,1,0,0,0
5.860090971,3.840029001,rate,aggressive,-0.004335109144,0.006101103965,-1.619034529,0,0,-2,0.003978369292,-0.001284054364,0.0002999748685,0,0,0,0.3810389835,0.004191205406,0.3454306655,0.01314870268,0.002661003498,0.01700925268,0.004308762694,0.001165615835,0.02106246186,0.730096648,0,0,0,1,0,0,0
5.870196819,3.85013485,rate,aggressive,-0.004335109144,0.006101103965,-1.619034529,0,0,-2,0.003978369292,-0.001284054364,0.0002999748685,0,0,0,0.3810389835,0.004191205406,0.3454306655,0.01314870268,0.002661003498,0.01700925268,0.002574369968,0.001168884121,0.02105979776,0.730096648,0,0,0,1,0,0,0
5.880104542,3.860042572,rate,aggressive,-0.00406442536,0.006238959264,-1.619051695,0,0,-2,0.003894457361,-0.00155313022,-0.00107400422,0,0,0,0.3810210694,0.004328105437,0.327561418,0.01037120074,0.002744643716,0.01813773625,0.001458755331,-0.0003358254411,0.01991391426,0.729741942,0,0,0,1,0,0,0
5.890243292,3.870181322,rate,aggressive,-0.00406442536,0.006238959264,-1.619051695,0,0,-2,0.003894457361,-0.00155313022,-0.00107400422,0,0,0,0.3810210694,0.004328105437,0.327561418,0.01037120074,0.002744643716,0.01813773625,7.666710236e-05,-0.0001367090337,0.01991153991,0.729741942,0,0,0,1,0,0,0
5.900090218,3.880028248,rate,aggressive,-0.003889460117,0.006296950392,-1.619086146,0,0,-2,0.00398537796,-0.001814341522,-0.001850844361,0,0,0,0.3809857522,0.004754019088,0.314839973,0.009076341987,0.002952614799,0.01859031804,0.0005336278522,-0.002192026303,0.01910834936,0.7295323889,0,0,0,1,0,0,0
5.910230637,3.890168667,rate,aggressive,-0.003889460117,0.006296950392,-1.619086146,0,0,-2,0.00398537796,-0.001814341522,-0.001850844361,0,0,0,0.3809857522,0.004754019088,0.314839973,0.009076341987,0.002952614799,0.01859031804,-0.0007304549294,-0.001716418255,0.01910586847,0.7295323889,0,0,0,1,0,0,0
5.920096159,3.900034189,rate,aggressive,-0.003644947195,0.00632998487,-1.61914289,0,0,-2,0.003852522466,-0.002311472548,-0.002844513627,0,0,0,0.3809271487,0.005317526913,0.2954532921,0.006573533639,0.0002448451123,0.0189425014,-0.001712171289,-0.005570520101,0.01784146164,0.7292596657,0,0,0,1,0,0,0
5.930120468,3.910058498,rate,aggressive,-0.003644947195,0.00632998487,-1.61914289,0,0,-2,0.003852522466,-0.002311472548,-0.002844513627,0,0,0,0.3809271487,0.005317526913,0.2954532921,0.006573533639,0.0002448451123,0.0189425014,-0.002636571407,-0.004516842817,0.01783894884,0.7292596657,0,0,0,1,0,0,0
5.940115452,3.920053482,rate,aggressive,-0.003490555333,0.006328810006,-1.619191766,0,0,-2,0.003731714562,-0.002612865763,-0.003423868911,0,0,0,0.3808768161,0.005698740158,0.2825222177,0.003797624027,-0.001700517139,0.01858609915,-0.00343253086,-0.006238043088,0.0169970661,0.7290949347,0,0,0,1,0,0,0
5.950116158,3.930054188,rate,aggressive,-0.003490555333,0.006328810006,-1.619191766,0,0,-2,0.003731714562,-0.002612865763,-0.003423868911,0,0,0,0.3808768161,0.005698740158,0.2825222177,0.003797624027,-0.001700517139,0.01858609915,-0.004022039297,-0.005136218126,0.01699504829,0.7290949347,0,0,0,1,0,0,0
5.960053444,3.939991474,rate,aggressive,-0.003428385826,0.006299474742,-1.6192137,0,0,-2,0.003696603701,-0.002804667922,-0.003686827142,0,0,0,0.3808538345,0.00592652811,0.2756259797,0.003246942302,-0.001463637338,0.01950567774,-0.004458706564,-0.006213759925,0.0165447686,0.7290202317,0,0,0,1,0,0,0
5.970290899,3.95022893,rate,aggressive,-0.003305355553,0.006236364599,-1.619268894,0,0,-2,0.003586445469,-0.003093972569,-0.004072835203,0,0,0,0.3807965238,0.006246858727,0.2625878218,0.001615467714,-0.003108535195,0.01904731244,-0.004962527917,-0.008121628102,0.01569610101,0.7289022371,0,0,0,1,0,0,0
5.980075836,3.960013866,rate,aggressive,-0.003196220146,0.00614769524,-1.619334698,0,0,-2,0.003500316758,-0.00354095432,-0.004330840427,0,0,0,0.3807283577,0.006598996417,0.2492656908,0.0002363198146,-0.002734204754,0.01970187388,-0.005296295757,-0.01131025587,0.01482416543,0.7288128203,0,0,0,1,0,0,0
5.990125418,3.970063448,rate,aggressive,-0.003196220146,0.00614769524,-1.619334698,0,0,-2,0.003500316758,-0.00354095432,-0.004330840427,0,0,0,0.3807283577,0.006598996417,0.2492656908,0.0002363198146,-0.002734204754,0.01970187388,-0.005501047734,-0.00934884745,0.01482203303,0.7288128203,0,0,0,1,0,0,0
6.000091791,3.980029821,rate,aggressive,-0.003099995432,0.006033508573,-1.619410396,0,0,-2,0.003372212406,-0.003930017818,-0.004603650421,0,0,0,0.3806500495,0.006928957624,0.2350985514,8.20764908e-05,-0.006468522828,0.02083522081,-0.006169754499,-0.01178878939,0.01389325955,0.7287160917,0,0,0,1,0,0,0
6.010126352,3.990064383,rate,aggressive,-0.003099995432,0.006033508573,-1.619410396,0,0,-2,0.003372212406,-0.003930017818,-0.004603650421,0,0,0,0.3806500495,0.006928957624,0.2350985514,8.20764908e-05,-0.006468522828,0.02083522081,-0.006184061789,-0.009807929276,0.01389141993,0.7287160917,0,0,0,1,0,0,0
6.020088673,4.000026703,rate,aggressive,-0.002977682045,0.005840911064,-1.619540811,0,0,-2,0.003165094415,-0.004557535052,-0.004883614369,0,0,0,0.3805156733,0.007391795297,0.2135607755,-0.0006124490174,-0.008168348111,0.02000652812,-0.007305082093,-0.01450466535,0.01246750971,0.728597682,0,0,0,1,0,0,0
6.030122519,4.010060549,rate,aggressive,-0.002977682045,0.005840911064,-1.619540811,0,0,-2,0.003165094415,-0.004557535052,-0.004883614369,0,0,0,0.3805156733,0.007391795297,0.2135607755,-0.0006124490174,-0.008168348111,0.02000652812,-0.007079172764,-0.01196326787,0.01246549185,0.728597682,0,0,0,1,0,0,0
6.040114641,4.020052671,rate,aggressive,-0.002904457506,0.005623096135,-1.619670987,0,0,-2,0.003016589209,-0.005171289202,-0.005165524315,0,0,0,0.3803816677,0.007907255144,0.191339778,-0.004428243265,-0.009530304,0.01998577453,-0.007595881108,-0.01599122787,0.01106542772,0.7284789655,0,0,0,1,0,0,0
6.05087781,4.03081584,rate,aggressive,-0.002904457506,0.005623096135,-1.619670987,0,0,-2,0.003016589209,-0.005171289202,-0.005165524315,0,0,0,0.3803816677,0.007907255144,0.191339778,-0.004428243265,-0.009530304,0.01998577453,-0.007227303001,-0.01310961768,0.01106339083,0.7284789655,0,0,0,1,0,0,0
6.060104847,4.040042877,rate,aggressive,-0.002906492446,0.00546406256,-1.619750977,0,0,-2,0.002837225795,-0.005547502544,-0.005375052337,0,0,0,0.3802993867,0.008228962408,0.1766411357,-0.005606366321,-0.01037572045,0.02039871737,-0.008535797096,-0.01493275612,0.01012854198,0.728396837,0,0,0,1,0,0,0
6.070221901,4.050159931,rate,aggressive,-0.002906492446,0.00546406256,-1.619750977,0,0,-2,0.002837225795,-0.005547502544,-0.005375052337,0,0,0,0.3802993867,0.008228962408,0.1766411357,-0.005606366321,-0.01037572045,0.02039871737,-0.007899334849,-0.01231724221,0.01012703821,0.728396837,0,0,0,1,0,0,0
6.080094337,4.060032368,rate,aggressive,-0.002990772715,0.005193980876,-1.619863272,0,0,-2,0.00258914358,-0.006057118997,-0.005696122535,0,0,0,0.3801839743,0.008708511179,0.1528765686,-0.006631049328,-0.0141926324,0.02042167261,-0.01017975719,-0.01524486451,0.008659537811,0.7282747825,0,0,0,1,0,0,0
6.090128183,4.070066214,rate,aggressive,-0.002990772715,0.005193980876,-1.619863272,0,0,-2,0.00258914358,-0.006057118997,-0.005696122535,0,0,0,0.3801839743,0.008708511179,0.1528765686,-0.006631049328,-0.0141926324,0.02042167261,-0.009087324369,-0.01241834335,0.008658178825,0.7282747825,0,0,0,1,0,0,0
6.100094795,4.080032825,rate,aggressive,-0.003069315339,0.005003056489,-1.61994946,0,0,-2,0.00245136884,-0.00620242767,-0.005778231192,0,0,0,0.3800958619,0.008824243532,0.1364926337,-0.007087234873,-0.0147599075,0.01892578602,-0.009841727717,-0.01175615513,0.007718729351,0.7282228238,0,0,0,1,0,0,0
6.110174894,4.090112925,rate,aggressive,-0.003069315339,0.005003056489,-1.61994946,0,0,-2,0.00245136884,-0.00620242767,-0.005778231192,0,0,0,0.3800958619,0.008824243532,0.1364926337,-0.007087234873,-0.0147599075,0.01892578602,-0.008771737113,-0.009570563292,0.007717708288,0.7282228238,0,0,0,1,0,0,0
6.120105028,4.100043058,rate,aggressive,-0.003286760999,0.004732202739,-1.620043397,0,0,-2,0.002124822931,-0.006401414052,-0.005831344053,0,0,0,0.3800002852,0.008916139737,0.1131992779,-0.007732735481,-0.01500203554,0.01903983578,-0.01233827035,-0.009594761074,0.006284386356,0.728175437,0,0,0,1,0,0,0
6.130303621,4.110241652,rate,aggressive,-0.003286760999,0.004732202739,-1.620043397,0,0,-2,0.002124822931,-0.006401414052,-0.005831344053,0,0,0,0.3800002852,0.008916139737,0.1131992779,-0.007732735481,-0.01500203554,0.01903983578,-0.01065087452,-0.007573821739,0.006283268625,0.728175437,0,0,0,1,0,0,0
6.140105486,4.120043516,rate,aggressive,-0.003423520131,0.004547861405,-1.620116115,0,0,-2,0.00193726446,-0.006661632564,-0.005953994114,0,0,0,0.3799265323,0.009142231014,0.0985832547,-0.01033900492,-0.01447203662,0.01869224198,-0.01188253788,-0.008429110776,0.005388835658,0.7281180897,0,0,0,1,0,0,0
6.15046072,4.13039875,rate,aggressive,-0.003423520131,0.004547861405,-1.620116115,0,0,-2,0.00193726446,-0.006661632564,-0.005953994114,0,0,0,0.3799265323,0.009142231014,0.0985832547,-0.01033900492,-0.01447203662,0.01869224198,-0.01024517725,-0.006528339898,0.005387562668,0.7281180897,0,0,0,1,0,0,0
6.160108805,4.140046835,rate,aggressive,-0.003667854937,0.004301466048,-1.620208979,0,0,-2,0.001748265349,-0.006770344451,-0.006023352966,0,0,0,0.3798330892,0.009229018185,0.07489299498,-0.01161401905,-0.01141018886,0.01816953532,-0.01188095714,-0.006349195947,0.00397759491,0.7280670205,0,0,0,1,0,0,0
6.170398235,4.150336266,rate,aggressive,-0.003667854937,0.004301466048,-1.620208979,0,0,-2,0.001748265349,-0.006770344451,-0.006023352966,0,0,0,0.3798330892,0.009229018185,0.07489299498,-0.01161401905,-0.01141018886,0.01816953532,-0.01004081468,-0.004654381358,0.003976154727,0.7280670205,0,0,0,1,0,0,0
6.180119991,4.160058022,rate,aggressive,-0.00385226123,0.004158014897,-1.620270014,0,0,-2,0.001627452904,-0.00685490109,-0.006024519913,0,0,0,0.3797722889,0.00927001144,0.06001568398,-0.01199763361,-0.01174741425,0.01811401546,-0.01062211344,-0.00409626264,0.003041560282,0.7280447191,0,0,0,1,0,0,0
6.19048214,4.17042017,rate,aggressive,-0.00385226123,0.004158014897,-1.620270014,0,0,-2,0.001627452904,-0.00685490109,-0.006024519913,0,0,0,0.3797722889,0.00927001144,0.06001568398,-0.01199763361,-0.01174741425,0.01811401546,-0.008944455781,-0.002756613082,0.003040172438,0.7280447191,0,0,0,1,0,0,0
6.200107574,4.180045605,rate,aggressive,-0.004160265904,0.003973372281,-1.620367646,0,0,-2,0.001385245705,-0.00672214292,-0.005892964546,0,0,0,0.3796759402,0.009046167268,0.0438909613,-0.01224562805,-0.009484016337,0.01827222854,-0.01120755575,-0.0004217811812,0.001696992451,0.728042829,0,0,0,1,0,0,0
6.210297823,4.190235853,rate,aggressive,-0.004160265904,0.003973372281,-1.620367646,0,0,-2,0.001385245705,-0.00672214292,-0.005892964546,0,0,0,0.3796759402,0.009046167268,0.0438909613,-0.01224562805,-0.009484016337,0.01827222854,-0.009171283862,0.0003886133361,0.001695240813,0.728042829,0,0,0,1,0,0,0
6.220098972,4.200037003,rate,aggressive,-0.004388004541,0.003892706707,-1.620453596,0,0,-2,0.00122500665,-0.006628842093,-0.005805485416,0,0,0,0.3795917286,0.008896395321,0.03848939743,-0.01297245175,-0.006337291095,0.01641657203,-0.01010061827,0.002078229866,0.0007993890646,0.7280339528,0,0,0,1,0,0,0
6.23012495,4.210062981,rate,aggressive,-0.004388004541,0.003892706707,-1.620453596,0,0,-2,0.00122500665,-0.006628842093,-0.005805485416,0,0,0,0.3795917286,0.008896395321,0.03848939743,-0.01297245175,-0.006337291095,0.01641657203,-0.0082048675,0.002469081039,0.0007976722567,0.7280339528,0,0,0,1,0,0,0
6.240113974,4.220052004,rate,aggressive,-0.004725308158,0.003786601592,-1.620617986,0,0,-2,0.001107150689,-0.006404599641,-0.005727105774,0,0,0,0.3794303357,0.008662818234,0.03966322526,-0.01275157928,-0.002639753977,0.01594968513,-0.00916251342,0.004645614788,-0.0004516697822,0.7279943758,0,0,0,1,0,0,0
6.250125647,4.230063677,rate,aggressive,-0.004725308158,0.003786601592,-1.620617986,0,0,-2,0.001107150689,-0.006404599641,-0.005727105774,0,0,0,0.3794303357,0.008662818234,0.03966322526,-0.01275157928,-0.002639753977,0.01594968513,-0.007220416272,0.004621493517,-0.0004535474616,0.7279943758,0,0,0,1,0,0,0
6.260099173,4.240037203,rate,aggressive,-0.004955648445,0.003739090171,-1.620740056,0,0,-2,0.001054186723,-0.006276987493,-0.005650599953,0,0,0,0.379310749,0.008511237364,0.04522916547,-0.01128619444,-0.001111844205,0.01565327123,-0.007338651781,0.005540457276,-0.001309060727,0.7279696318,0,0,0,1,0,0,0
6.270256042,4.250194073,rate,aggressive,-0.004955648445,0.003739090171,-1.620740056,0,0,-2,0.001054186723,-0.006276987493,-0.005650599953,0,0,0,0.379310749,0.008511237364,0.04522916547,-0.01128619444,-0.001111844205,0.01565327123,-0.00569382489,0.005355214984,-0.001310681061,0.7279696318,0,0,0,1,0,0,0
6.280105352,4.260043383,rate,aggressive,-0.005293988157,0.003665672382,-1.62090373,0,0,-2,0.001060785493,-0.006033164915,-0.005625195801,0,0,0,0.3791509529,0.008316680381,0.0593949735,-0.01111933123,0.0004786649952,0.01584561355,-0.006106802027,0.00680518062,-0.0025816153,0.7279168727,0,0,0,1,0,0,0
6.290220976,4.270159006,rate,aggressive,-0.005293988157,0.003665672382,-1.62090373,0,0,-2,0.001060785493,-0.006033164915,-0.005625195801,0,0,0,0.3791509529,0.008316680381,0.0593949735,-0.01111933123,0.0004786649952,0.01584561355,-0.004510214795,0.006373329599,-0.002583251652,0.7279168727,0,0,0,1,0,0,0
6.300102472,4.280040503,rate,aggressive,-0.005510617513,0.003614856629,-1.621009827,0,0,-2,0.0009987629019,-0.005889086518,-0.005616816226,0,0,0,0.3790474714,0.008199237274,0.06960351766,-0.01027155761,0.001142753288,0.01350331213,-0.005024040563,0.006918669676,-0.003347340624,0.7278806482,0,0,0,1,0,0,0
6.31013608,4.29007411,rate,aggressive,-0.005510617513,0.003614856629,-1.621009827,0,0,-2,0.0009987629019,-0.005889086518,-0.005616816226,0,0,0,0.3790474714,0.008199237274,0.06960351766,-0.01027155761,0.001142753288,0.01350331213,-0.003583952478,0.006483029207,-0.003348827703,0.7278806482,0,0,0,1,0,0,0
6.320097208,4.300035238,rate,aggressive,-0.005898049101,0.003514837008,-1.621216655,0,0,-2,0.0009606185486,-0.005724232644,-0.005525435321,0,0,0,0.3788455671,0.008013742125,0.08219860558,-0.008224370889,0.005234570708,0.01295322552,-0.005586191508,0.006234234504,-0.004417011038,0.7278290983,0,0,0,1,0,0,0
6.330162048,4.310100079,rate,aggressive,-0.005898049101,0.003514837008,-1.621216655,0,0,-2,0.0009606185486,-0.005724232644,-0.005525435321,0,0,0,0.3788455671,0.008013742125,0.08219860558,-0.008224370889,0.005234570708,0.01295322552,-0.003917122766,0.005832310869,-0.004418550291,0.7278290983,0,0,0,1,0,0,0
6.340121031,4.320059061,rate,aggressive,-0.006167556159,0.003434889019,-1.621375799,0,0,-2,0.0009865963366,-0.005606463179,-0.005521876272,0,0,0,0.3786900087,0.007930757799,0.09069443705,-0.00990555156,0.004192135762,0.01127678435,-0.004340962863,0.005433690516,-0.005070380818,0.7277724803,0,0,0,1,0,0,0
6.350243568,4.330181599,rate,aggressive,-0.006167556159,0.003434889019,-1.621375799,0,0,-2,0.0009865963366,-0.005606463179,-0.005521876272,0,0,0,0.3786900087,0.007930757799,0.09069443705,-0.00990555156,0.004192135762,0.01127678435,-0.002889320324,0.00512385439,-0.005071612385,0.7277724803,0,0,0,1,0,0,0
6.360101938,4.340039968,rate,aggressive,-0.006585658062,0.003295735223,-1.621642709,0,0,-2,0.00105574925,-0.005458715372,-0.005440968089,0,0,0,0.3784289532,0.007779223209,0.1042053907,-0.008418535814,0.004755942151,0.01098347921,-0.004450460859,0.004294005533,-0.006050445279,0.7276965106,0,0,0,1,0,0,0
6.370142698,4.350080729,rate,aggressive,-0.006585658062,0.003295735223,-1.621642709,0,0,-2,0.00105574925,-0.005458715372,-0.005440968089,0,0,0,0.3784289532,0.007779223209,0.1042053907,-0.008418535814,0.004755942151,0.01098347921,-0.002869124875,0.00408348495,-0.006051570633,0.7276965106,0,0,0,1,0,0,0
6.380106211,4.360044241,rate,aggressive,-0.006906307768,0.003175592981,-1.621820807,0,0,-2,0.001028779196,-0.00551098492,-0.005346333608,0,0,0,0.3782555791,0.007746781556,0.1119733836,-0.008888153359,0.005674525164,0.01105039846,-0.004612553622,0.00201210349,-0.00664465923,0.7276562096,0,0,0,1,0,0,0
6.390231609,4.37016964,rate,aggressive,-0.006906307768,0.003175592981,-1.621820807,0,0,-2,0.001028779196,-0.00551098492,-0.005346333608,0,0,0,0.3782555791,0.007746781556,0.1119733836,-0.008888153359,0.005674525164,0.01105039846,-0.002978536218,0.002154120762,-0.006645517387,0.7276562096,0,0,0,1,0,0,0
6.400101185,4.380039215,rate,aggressive,-0.007359031122,0.002991739893,-1.622082114,0,0,-2,0.001059871749,-0.005542256869,-0.004942899104,0,0,0,0.378001368,0.007501479246,0.1231980159,-0.00819986593,0.005621337797,0.009340198711,-0.005294442735,-0.000416984892,-0.007419636866,0.7276641206,0,0,0,1,0,0,0
6.410272837,4.390210867,rate,aggressive,-0.007359031122,0.002991739893,-1.622082114,0,0,-2,0.001059871749,-0.005542256869,-0.004942899104,0,0,0,0.378001368,0.007501479246,0.1231980159,-0.00819986593,0.005621337797,0.009340198711,-0.003435128165,4.646213934e-06,-0.007420222965,0.7276641206,0,0,0,1,0,0,0
6.42010498,4.400043011,rate,aggressive,-0.007739180699,0.00285609928,-1.622269154,0,0,-2,0.001071475795,-0.005656805821,-0.004864543211,0,0,0,0.377820916,0.007537326656,0.1302023071,-0.007580564357,0.003694683779,0.007572417147,-0.00544057387,-0.00214166217,-0.007882766045,0.7276164796,0,0,0,1,0,0,0
6.430117607,4.410055637,rate,aggressive,-0.007739180699,0.00285609928,-1.622269154,0,0,-2,0.001071475795,-0.005656805821,-0.004864543211,0,0,0,0.377820916,0.007537326656,0.1302023071,-0.007580564357,0.003694683779,0.007572417147,-0.003565229613,-0.001510089087,-0.007883131235,0.7276164796,0,0,0,1,0,0,0
6.440105677,4.420043707,rate,aggressive,-0.008321295492,0.002643493237,-1.622533083,0,0,-2,0.001125100767,-0.005772238597,-0.004701829981,0,0,0,0.3775678819,0.007529395416,0.140095088,-0.006960127503,0.001881888369,0.005911486689,-0.007164663906,-0.004177487119,-0.008503143776,0.7275624949,0,0,0,1,0,0,0
6.450260162,4.430198193,rate,aggressive,-0.008321295492,0.002643493237,-1.622533083,0,0,-2,0.001125100767,-0.005772238597,-0.004701829981,0,0,0,0.3775678819,0.007529395416,0.140095088,-0.006960127503,0.001881888369,0.005911486689,-0.004928208591,-0.003310560513,-0.008503369419,0.7275624949,0,0,0,1,0,0,0
6.460116625,4.440054655,rate,aggressive,-0.008746752515,0.002493473003,-1.622693777,0,0,-2,0.001128986129,-0.00592627516,-0.004602886736,0,0,0,0.3774158303,0.007588274722,0.1460814105,-0.008255831897,0.001105260337,0.006429605186,-0.007289839478,-0.005300492244,-0.008861387337,0.7275296752,0,0,0,1,0,0,0
6.470229864,4.450167894,rate,aggressive,-0.008746752515,0.002493473003,-1.622693777,0,0,-2,0.001128986129,-0.00592627516,-0.004602886736,0,0,0,0.3774158303,0.007588274722,0.1460814105,-0.008255831897,0.001105260337,0.006429605186,-0.005086401962,-0.004334806212,-0.008861514605,0.7275296752,0,0,0,1,0,0,0
6.480122805,4.460060835,rate,aggressive,-0.009404527023,0.002302184701,-1.622895241,0,0,-2,0.001145546325,-0.006047912873,-0.004320583772,0,0,0,0.3772290347,0.007520436865,0.153886623,-0.008230935782,0.001282552374,0.005548925139,-0.009455092803,-0.00623431229,-0.00931635108,0.7275287434,0,0,0,1,0,0,0
6.490239143,4.470177174,rate,aggressive,-0.009404527023,0.002302184701,-1.622895241,0,0,-2,0.001145546325,-0.006047912873,-0.004320583772,0,0,0,0.3772290347,0.007520436865,0.153886623,-0.008230935782,0.001282552374,0.005548925139,-0.006807639513,-0.00523233502,-0.009316509042,0.7275287434,0,0,0,1,0,0,0
6.500112772,4.480050802,rate,aggressive,-0.009837799706,0.002183537697,-1.623014569,0,0,-2,0.001097742817,-0.006044348236,-0.004083223175,0,0,0,0.3771200938,0.007376441987,0.1585886427,-0.005842475221,-0.002165583661,0.005205417052,-0.009356570091,-0.005052796441,-0.009615280685,0.7275460634,0,0,0,1,0,0,0
6.510248899,4.49018693,rate,aggressive,-0.009837799706,0.002183537697,-1.623014569,0,0,-2,0.001097742817,-0.006044348236,-0.004083223175,0,0,0,0.3771200938,0.007376441987,0.1585886427,-0.005842475221,-0.002165583661,0.005205417052,-0.006856936252,-0.004352261649,-0.009615630324,0.7275460634,0,0,0,1,0,0,0
6.52011466,4.500052691,rate,aggressive,-0.01054476202,0.002075441182,-1.623173833,0,0,-2,0.001105742878,-0.006031492259,-0.003696879372,0,0,0,0.3769793889,0.007160201343,0.1628705495,-0.007282300852,-0.004074524157,0.002927161288,-0.01163407095,-0.003551247248,-0.009905926144,0.7275868946,0,0,0,1,0,0,0
6.530138016,4.510076046,rate,aggressive,-0.01054476202,0.002075441182,-1.623173833,0,0,-2,0.001105742878,-0.006031492259,-0.003696879372,0,0,0,0.3769793889,0.007160201343,0.1628705495,-0.007282300852,-0.004074524157,0.002927161288,-0.008742613586,-0.003108943895,-0.009906730839,0.7275868946,0,0,0,1,0,0,0
6.540143251,4.520081282,rate,aggressive,-0.01102157962,0.002023568843,-1.62327373,0,0,-2,0.001124431263,-0.006010232959,-0.003504264867,0,0,0,0.3768928924,0.007047490202,0.1647547482,-0.007081942633,-0.005110640079,0.00221475237,-0.01077305425,-0.002083496283,-0.01003994173,0.7275999331,0,0,0,1,0,0,0
6.550148726,4.530086756,rate,aggressive,-0.01102157962,0.002023568843,-1.62327373,0,0,-2,0.001124431263,-0.006010232959,-0.003504264867,0,0,0,0.3768928924,0.007047490202,0.1647547482,-0.007081942633,-0.005110640079,0.00221475237,-0.00818715079,-0.00186435396,-0.01004092572,0.7275999331,0,0,0,1,0,0,0
6.560119152,4.540057182,rate,aggressive,-0.01174228266,0.001974389423,-1.62340796,0,0,-2,0.00124443043,-0.005935564172,-0.003186130431,0,0,0,0.3767802331,0.006850617217,0.1666456535,-0.008853008971,-0.004702590872,0.00109446398,-0.01166846278,-6.937264634e-05,-0.01016757409,0.7276325048,0,0,0,1,0,0,0
6.570284128,4.550222158,rate,aggressive,-0.01174228266,0.001974389423,-1.62340796,0,0,-2,0.00124443043,-0.005935564172,-0.003186130431,0,0,0,0.3767802331,0.006850617217,0.1666456535,-0.008853008971,-0.004702590872,0.00109446398,-0.008924886449,-0.0001058262705,-0.01016900603,0.7276325048,0,0,0,1,0,0,0
6.580145359,4.560083389,rate,aggressive,-0.01225700974,0.001971885329,-1.623448372,0,0,-2,0.001319032977,-0.005819163751,-0.003001653356,0,0,0,0.3767562226,0.006679254272,0.1676827016,-0.009209905751,-0.003873824608,0.001264584833,-0.01071809567,0.001875275859,-0.01022391578,0.7276650177,0,0,0,1,0,0,0
6.59027648,4.57021451,rate,aggressive,-0.01225700974,0.001971885329,-1.623448372,0,0,-2,0.001319032977,-0.005819163751,-0.003001653356,0,0,0,0.3767562226,0.006679254272,0.1676827016,-0.009209905751,-0.003873824608,0.001264584833,-0.008244352563,0.001563669231,-0.01022544594,0.7276650177,0,0,0,1,0,0,0
6.600108624,4.580046654,rate,aggressive,-0.01300321613,0.001993875252,-1.623477578,0,0,-2,0.001547687687,-0.005568038207,-0.002739558462,0,0,0,0.3767521643,0.006395589669,0.1679544742,-0.01078735664,-0.001530632027,0.0007000236074,-0.01066973209,0.004836921576,-0.01021032201,0.7277213481,0,0,0,1,0,0,0
6.610142708,4.590080738,rate,aggressive,-0.01300321613,0.001993875252,-1.623477578,0,0,-2,0.001547687687,-0.005568038207,-0.002739558462,0,0,0,0.3767521643,0.006395589669,0.1679544742,-0.01078735664,-0.001530632027,0.0007000236074,-0.008148452805,0.004068016727,-0.01021216514,0.7277213481,0,0,0,1,0,0,0
6.620121479,4.600059509,rate,aggressive,-0.01349627692,0.002047136892,-1.623471618,0,0,-2,0.001701134024,-0.005392689724,-0.002573641483,0,0,0,0.3767757462,0.006212776344,0.1672191212,-0.0106316302,-0.001447028364,-0.001543415827,-0.008874084671,0.006047001492,-0.0101367142,0.7277658759,0,0,0,1,0,0,0
6.630146503,4.610084534,rate,aggressive,-0.01349627692,0.002047136892,-1.623471618,0,0,-2,0.001701134024,-0.005392689724,-0.002573641483,0,0,0,0.3767757462,0.006212776344,0.1672191212,-0.0106316302,-0.001447028364,-0.001543415827,-0.006734735134,0.005132894439,-0.01013838821,0.7277658759,0,0,0,1,0,0,0
6.640118122,4.620056152,rate,aggressive,-0.01420565695,0.002167880768,-1.623430967,0,0,-2,0.001940837014,-0.005019565579,-0.002227294492,0,0,0,0.3768431196,0.005824407924,0.1654883102,-0.0106686512,0.0015481601,-0.003018287476,-0.008494217556,0.00940707334,-0.00995463716,0.7278688174,0,0,0,1,0,0,0
6.650174618,4.630112648,rate,aggressive,-0.01420565695,0.002167880768,-1.623430967,0,0,-2,0.001940837014,-0.005019565579,-0.002227294492,0,0,0,0.3768431196,0.005824407924,0.1654883102,-0.0106686512,0.0015481601,-0.003018287476,-0.006316428411,0.007911825089,-0.009956553352,0.7278688174,0,0,0,1,0,0,0
6.660106659,4.640044689,rate,aggressive,-0.01465318445,0.002258714288,-1.623396039,0,0,-2,0.002212812658,-0.004806920886,-0.00199448783,0,0,0,0.3768956899,0.005655175503,0.164016073,-0.01097203419,0.003540879814,-0.001894120825,-0.005737380651,0.009529387216,-0.00982279462,0.7279406722,0,0,0,1,0,0,0
6.670143604,4.650081635,rate,aggressive,-0.01465318445,0.002258714288,-1.623396039,0,0,-2,0.002212812658,-0.004806920886,-0.00199448783,0,0,0,0.3768956899,0.005655175503,0.164016073,-0.01097203419,0.003540879814,-0.001894120825,-0.004095308419,0.008095779149,-0.009824362046,0.7279406722,0,0,0,1,0,0,0
6.680110216,4.660048246,rate,aggressive,-0.01530963462,0.002434618771,-1.623326182,0,0,-2,0.002575642429,-0.004427772015,-0.001636124565,0,0,0,0.3769926752,0.005377360183,0.160831862,-0.008207757957,0.005589880515,-0.003102537012,-0.004789116127,0.01175859814,-0.009556733666,0.7280571318,0,0,0,1,0,0,0
6.690173626,4.670111656,rate,aggressive,-0.01530963462,0.002434618771,-1.623326182,0,0,-2,0.002575642429,-0.004427772015,-0.001636124565,0,0,0,0.3769926752,0.005377360183,0.160831862,-0.008207757957,0.005589880515,-0.003102537012,-0.003217753912,0.009880481344,-0.009558372784,0.7280571318,0,0,0,1,0,0,0
6.700110197,4.680048227,rate,aggressive,-0.01572673395,0.002561594592,-1.623289466,0,0,-2,0.0029662007,-0.004149177112,-0.001411491074,0,0,0,0.3770473689,0.005292100183,0.158690078,-0.007237628568,0.006796434522,-0.003419223242,-0.001935358776,0.01164720806,-0.009370988766,0.7281274432,0,0,0,1,0,0,0
6.710192204,4.690130234,rate,aggressive,-0.01572673395,0.002561594592,-1.623289466,0,0,-2,0.0029662007,-0.004149177112,-0.001411491074,0,0,0,0.3770473689,0.005292100183,0.158690078,-0.007237628568,0.006796434522,-0.003419223242,-0.0009141506979,0.00984209264,-0.009372328914,0.7281274432,0,0,0,1,0,0,0
6.720107794,4.700045824,rate,aggressive,-0.01632747799,0.002827368677,-1.623246908,0,0,-2,0.003494782839,-0.003751385957,-0.001087649725,0,0,0,0.3771173196,0.005241124461,0.1535480663,-0.00615402963,0.00964395795,-0.005046865437,-0.000435822894,0.01355784843,-0.008992882817,0.7282251101,0,0,0,1,0,0,0
6.730210066,4.710148096,rate,aggressive,-0.01632747799,0.002827368677,-1.623246908,0,0,-2,0.003494782839,-0.003751385957,-0.001087649725,0,0,0,0.3771173196,0.005241124461,0.1535480663,-0.00615402963,0.00964395795,-0.005046865437,0.0003757822561,0.01128962224,-0.008994319683,0.7282251101,0,0,0,1,0,0,0
6.740108013,4.720046043,rate,aggressive,-0.01669444516,0.003025051672,-1.623218656,0,0,-2,0.003898746101,-0.003482601605,-0.001030170009,0,0,0,0.3771631437,0.005328225347,0.1497857352,-0.005069714971,0.01130788308,-0.004428728018,0.00153531958,0.01287789852,-0.00872865421,0.7282499533,0,0,0,1,0,0,0
6.750146389,4.730084419,rate,aggressive,-0.01669444516,0.003025051672,-1.623218656,0,0,-2,0.003898746101,-0.003482601605,-0.001030170009,0,0,0,0.3771631437,0.005328225347,0.1497857352,-0.005069714971,0.01130788308,-0.004428728018,0.00199098288,0.01073316129,-0.00872996634,0.7282499533,0,0,0,1,0,0,0
6.760107994,4.740046024,rate,aggressive,-0.01719493791,0.003350835759,-1.623219013,0,0,-2,0.004539496265,-0.003088148776,-0.0008598402492,0,0,0,0.3771880247,0.005557248821,0.1427225932,-1.32270543e-05,0.01194694731,-0.006370405201,0.003337117777,0.01403696523,-0.008286584664,0.7282930324,0,0,0,1,0,0,0
6.770210266,4.750148296,rate,aggressive,-0.01719493791,0.003350835759,-1.623219013,0,0,-2,0.004539496265,-0.003088148776,-0.0008598402492,0,0,0,0.3771880247,0.005557248821,0.1427225932,-1.32270543e-05,0.01194694731,-0.006370405201,0.003426252708,0.01150668517,-0.008288078881,0.7282930324,0,0,0,1,0,0,0
6.780123472,4.760061502,rate,aggressive,-0.01750564016,0.00358818518,-1.623200059,0,0,-2,0.005003473721,-0.002889912343,-0.0007751084049,0,0,0,0.3772234326,0.005829848683,0.138065454,-0.0007143036928,0.01107822265,-0.005216392688,0.004599764769,0.01252310139,-0.007995326222,0.7283213542,0,0,0,1,0,0,0
6.790245056,4.770183086,rate,aggressive,-0.01750564016,0.00358818518,-1.623200059,0,0,-2,0.005003473721,-0.002889912343,-0.0007751084049,0,0,0,0.3772234326,0.005829848683,0.138065454,-0.0007143036928,0.01107822265,-0.005216392688,0.00443604419,0.01029026999,-0.00799673599,0.7283213542,0,0,0,1,0,0,0
6.800114155,4.780052185,rate,aggressive,-0.01791834645,0.00393839553,-1.623167634,0,0,-2,0.005697604269,-0.002663714346,-0.0006929839146,0,0,0,0.3772786903,0.006327582099,0.1296690411,0.0001879096817,0.01190677378,-0.006916813087,0.006426363793,0.01218636076,-0.007468230662,0.7283538416,0,0,0,1,0,0,0
6.810198545,4.790136576,rate,aggressive,-0.01791834645,0.00393839553,-1.623167634,0,0,-2,0.005697604269,-0.002663714346,-0.0006929839146,0,0,0,0.3772786903,0.006327582099,0.1296690411,0.0001879096817,0.01190677378,-0.006916813087,0.005918183834,0.009853051778,-0.007470021527,0.7283538416,0,0,0,1,0,0,0
6.820124865,4.800062895,rate,aggressive,-0.01815379411,0.004175901413,-1.623124242,0,0,-2,0.006191027351,-0.002552043879,-0.0005876145442,0,0,0,0.3773358391,0.006722130501,0.1233603903,0.001222901046,0.012636967,-0.006968165748,0.007430681054,0.01007128758,-0.007068327065,0.7283961618,0,0,0,1,0,0,0
6.830245018,4.810183048,rate,aggressive,-0.01815379411,0.004175901413,-1.623124242,0,0,-2,0.006191027351,-0.002552043879,-0.0005876145442,0,0,0,0.3773358391,0.006722130501,0.1233603903,0.001222901046,0.012636967,-0.006968165748,0.006741053953,0.008115614815,-0.007070155612,0.7283961618,0,0,0,1,0,0,0
6.840120316,4.820058346,rate,aggressive,-0.01845473796,0.004585220944,-1.623034716,0,0,-2,0.006940833293,-0.00243514427,-0.0005264167557,0,0,0,0.3774446015,0.007374429403,0.1151504482,0.001418520464,0.0107978005,-0.006931161508,0.009685570126,0.009806293612,-0.006485694148,0.7284438735,0,0,0,1,0,0,0
6.85017395,4.83011198,rate,aggressive,-0.01845473796,0.004585220944,-1.623034716,0,0,-2,0.006940833293,-0.00243514427,-0.0005264167557,0,0,0,0.3774446015,0.007374429403,0.1151504482,0.001418520464,0.0107978005,-0.006931161508,0.008561756723,0.007723265611,-0.006488326454,0.7284438735,0,0,0,1,0,0,0
6.860111713,4.840049744,rate,aggressive,-0.01862487942,0.004866929725,-1.62297821,0,0,-2,0.007436908316,-0.002368419431,-0.0005547765759,0,0,0,0.3775129176,0.007824627336,0.1100814678,0.00256128679,0.01054546982,-0.007364189252,0.01023568244,0.008376603398,-0.006093041558,0.7284569728,0,0,0,1,0,0,0
6.8702631,4.85020113,rate,aggressive,-0.01862487942,0.004866929725,-1.62297821,0,0,-2,0.007436908316,-0.002368419431,-0.0005547765759,0,0,0,0.3775129176,0.007824627336,0.1100814678,0.00256128679,0.01054546982,-0.007364189252,0.009059932799,0.006559751681,-0.00609577551,0.7284569728,0,0,0,1,0,0,0
6.880114317,4.860052347,rate,aggressive,-0.01878482662,0.005372129381,-1.622913718,0,0,-2,0.008273024112,-0.002168428153,-0.0004915446625,0,0,0,0.3775920992,0.00856659937,0.1027728837,0.006370335352,0.008791626431,-0.007017774507,0.01348704088,0.01021024855,-0.005476110804,0.7284959975,0,0,0,1,0,0,0
6.890242577,4.870180607,rate,aggressive,-0.01878482662,0.005372129381,-1.622913718,0,0,-2,0.008273024112,-0.002168428153,-0.0004915446625,0,0,0,0.3775920992,0.00856659937,0.1027728837,0.006370335352,0.008791626431,-0.007017774507,0.01161368665,0.007909361472,-0.005480479397,0.7284959975,0,0,0,1,0,0,0
6.900114775,4.880052805,rate,aggressive,-0.0188477207,0.005733740516,-1.622887611,0,0,-2,0.008880874142,-0.002020874294,-0.0006377447862,0,0,0,0.3776266225,0.009130201359,0.0984036992,0.007222113665,0.007741405629,-0.007391501218,0.014481008,0.009978471393,-0.005062486494,0.7284680963,0,0,0,1,0,0,0
6.910255194,4.890193224,rate,aggressive,-0.0188477207,0.005733740516,-1.622887611,0,0,-2,0.008880874142,-0.002020874294,-0.0006377447862,0,0,0,0.3776266225,0.009130201359,0.0984036992,0.007222113665,0.007741405629,-0.007391501218,0.01243949078,0.007775441536,-0.005067299328,0.7284680963,0,0,0,1,0,0,0
6.920111418,4.900049448,rate,aggressive,-0.01887759939,0.006308750249,-1.622871041,0,0,-2,0.00978573598,-0.001950653968,-0.0007259642007,0,0,0,0.3776538304,0.01000463411,0.09216726057,0.009387091734,0.008007350378,-0.007396383211,0.01758278104,0.01089517774,-0.004478585754,0.7284512884,0,0,0,1,0,0,0
6.930381536,4.910319567,rate,aggressive,-0.01887759939,0.006308750249,-1.622871041,0,0,-2,0.00978573598,-0.001950653968,-0.0007259642007,0,0,0,0.3776538304,0.01000463411,0.09216726057,0.009387091734,0.008007350378,-0.007396383211,0.01484584935,0.008488160714,-0.004485091337,0.7284512884,0,0,0,1,0,0,0
6.940119743,4.920057774,rate,aggressive,-0.01887339726,0.006696993951,-1.622874379,0,0,-2,0.01034558192,-0.001891541178,-0.0007648889441,0,0,0,0.3776569723,0.01054485886,0.08785712338,0.009546117857,0.01044830587,-0.006524682511,0.01713317578,0.009783556953,-0.004105981775,0.7284399817,0,0,0,1,0,0,0
6.950341702,4.930279732,rate,aggressive,-0.01887339726,0.006696993951,-1.622874379,0,0,-2,0.01034558192,-0.001891541178,-0.0007648889441,0,0,0,0.3776569723,0.01054485886,0.08785712338,0.009546117857,0.01044830587,-0.006524682511,0.01454096855,0.007607904076,-0.004112450443,0.7284399817,0,0,0,1,0,0,0
6.960124731,4.940062761,rate,aggressive,-0.01883320697,0.007285547443,-1.622899771,0,0,-2,0.01120791119,-0.001873002388,-0.0008730709087,0,0,0,0.377640506,0.01139682692,0.07813164951,0.01411592122,0.008945201524,-0.00832982827,0.01898093886,0.01013300702,-0.003454063627,0.7284030547,0,0,0,1,0,0,0
6.970198631,4.950136662,rate,aggressive,-0.01883320697,0.007285547443,-1.622899771,0,0,-2,0.01120791119,-0.001873002388,-0.0008730709087,0,0,0,0.377640506,0.01139682692,0.07813164951,0.01411592122,0.008945201524,-0.00832982827,0.0158533457,0.007798121308,-0.003462150606,0.7284030547,0,0,0,1,0,0,0
6.980127335,4.960065365,rate,aggressive,-0.01877830178,0.007713994943,-1.622900486,0,0,-2,0.01176025625,-0.001876210445,-0.0009563991334,0,0,0,0.3776455664,0.01194732154,0.07095584302,0.01513860095,0.009058194235,-0.008093325421,0.01763152278,0.009118052709,-0.003024178074,0.7283815244,0,0,0,1,0,0,0
6.990256071,4.970194101,rate,aggressive,-0.01877830178,0.007713994943,-1.622900486,0,0,-2,0.01176025625,-0.001876210445,-0.0009563991334,0,0,0,0.3776455664,0.01194732154,0.07095584302,0.01513860095,0.009058194235,-0.008093325421,0.01474948913,0.007027801064,-0.003031812735,0.7283815244,0,0,0,1,0,0,0
7.000133753,4.980071783,rate,aggressive,-0.01867515594,0.008335407823,-1.622841358,0,0,-2,0.01246191747,-0.001805806998,-0.0008956844686,0,0,0,0.3777126971,0.01262388913,0.0590029925,0.01693973504,0.007862880826,-0.006786216982,0.01773869252,0.01070559369,-0.002462081739,0.7284182907,0,0,0,1,0,0,0
7.010332823,4.990270853,rate,aggressive,-0.01867515594,0.008335407823,-1.622841358,0,0,-2,0.01246191747,-0.001805806998,-0.0008956844686,0,0,0,0.3777126971,0.01262388913,0.0590029925,0.01693973504,0.007862880826,-0.006786216982,0.01458303649,0.008260984669,-0.002470682738,0.7284182907,0,0,0,1,0,0,0
7.020148993,5.000087023,rate,aggressive,-0.01860084385,0.008744410239,-1.622775435,1.112064719e-12,1.334477658e-12,-2,0.01280279085,-0.001888142666,-0.000824552204,3.833664981e-08,4.600397953e-08,0,0.3777841026,0.01296748298,0.04456721936,0.01741748303,0.007517823484,-0.008330835961,0.0117427158,0.006333418732,-0.00205604604,0.7284602697,0,0,0,1,0,0,0
7.030198336,5.010136366,rate,aggressive,-0.01860084385,0.008744410239,-1.622775435,1.751518465e-06,2.101734697e-06,-2,0.01280279085,-0.001888142666,-0.000824552204,0.0005177959031,0.0006213119713,0,0.3777841402,0.01256576101,0.7405178483,0.01741748303,0.007517823484,-0.008330835961,-0.2939096027,-0.2908774064,-0.001607130524,0.728464465,0,0,0,1,0,0,0
7.040153503,5.020091534,rate,aggressive,-0.01850187033,0.00934931729,-1.622652888,1.359380549e-05,1.630989978e-05,-2,0.01340908464,-0.001989663811,-0.0008334837621,0.002025145595,0.002429511966,0,0.3779163534,0.01224001135,1.517488646,0.01748115197,0.009652705863,-0.007242911495,-0.5404836177,-0.5310329318,0.001906112726,0.7285023488,0,0,0,1,0,0,0
7.050358772,5.030296803,rate,aggressive,-0.01850187033,0.00934931729,-1.622652888,4.644854822e-05,5.571753856e-05,-2,0.01340908464,-0.001989663811,-0.0008334837621,0.004583330739,0.00549658473,0,0.3779169933,0.01160312649,2.316915311,0.01748115197,0.009652705863,-0.007242911495,-0.7535052936,-0.7371159559,0.006911253014,0.7285023784,0,0,0,1,0,0,0
7.060137749,5.040075779,rate,aggressive,-0.01843123138,0.009737114422,-1.622565746,0.0001071407962,0.0001284853359,-2,0.01365326717,-0.002188836224,-0.001898258575,0.007983008789,0.009569207471,0,0.3780113925,0.01319116399,3.07411058,-0.01287844311,-0.03823431209,-0.00880648382,-0.9298462812,-0.9056814137,0.01419793522,0.7282739131,0,0,0,1,0,0,0
7.070227385,5.050165415,rate,aggressive,-0.01843123138,0.009737114422,-1.622565746,0.0002094044262,0.0002510292424,-2,0.01365326717,-0.002188836224,-0.001898258575,0.01244901109,0.01491338285,0,0.3780133265,0.01724933377,3.886826374,-0.01287844311,-0.03823431209,-0.00880648382,-1.088855368,-1.057469275,0.02242572269,0.7282766603,0,0,0,1,0,0,0
7.080132961,5.060070992,rate,aggressive,-0.01836173609,0.01030843798,-1.622454166,0.0003582961849,0.0004293272156,-2,0.01388279721,-0.002538042841,-0.005473459139,0.01776595284,0.02126708372,0,0.3781387218,0.02473300838,4.392612859,-0.1883545369,-0.2978057563,-0.01048494689,-1.208637114,-1.157039294,0.03444887046,0.7277160967,0,0,0,1,0,0,0
7.090256691,5.070194721,rate,aggressive,-0.01836173609,0.01030843798,-1.622454166,0.0005696206433,0.0006821811736,-2,0.01388279721,-0.002538042841,-0.005473459139,0.02413937181,0.02887062068,0,0.3781427211,0.03349119618,5.227401089,-0.1883545369,-0.2978057563,-0.01048494689,-1.337944554,-1.277642182,0.04527649309,0.7277750545,0,0,0,1,0,0,0
7.100132704,5.080070734,rate,aggressive,-0.01831436902,0.01066267211,-1.622428775,0.0008424426154,0.001008307305,-2,0.01437894721,-0.0019173451,-0.007954256609,0.03125695635,0.0373454866,0,0.3781801426,0.04347076425,5.512748533,-0.3803558648,-0.5494591594,-0.01053963881,-1.41474799,-1.325190422,0.06012379402,0.7278862763,0,0,0,1,0,0,0
7.110263824,5.090201855,rate,aggressive,-0.01831436902,0.01066267211,-1.622428775,0.001199926524,0.001435169591,-2,0.01437894721,-0.0019173451,-0.007954256609,0.0394664329,0.04709865444,0,0.3781877637,0.05563470452,6.363116327,-0.3803558648,-0.5494591594,-0.01053963881,-1.527632659,-1.427528875,0.07301140841,0.728047199,0,0,0,1,0,0,0
7.120131731,5.100069761,rate,aggressive,-0.01821835525,0.01120118145,-1.622490287,0.001632418071,0.001950962429,-2,0.01675760187,0.002045372967,-0.01086484268,0.04833135586,0.05760400059,0,0.3781444212,0.064820582,5.776031638,-0.7227686048,-0.9232097864,-0.01090822276,-1.507650594,-1.354420491,0.09132076903,0.7293774191,0,0,0,1,0,0,0
7.130246878,5.110184908,rate,aggressive,-0.01821835525,0.01120118145,-1.622490287,0.002170935299,0.002592323494,-2,0.01675760187,0.002045372967,-0.01086484268,0.05829210266,0.06937473331,0,0.3781579288,0.07985237834,6.635611109,-0.7227686048,-0.9232097864,-0.01090822276,-1.614562388,-1.450135247,0.1062468971,0.7298059421,0,0,0,1,0,0,0
7.140145779,5.120083809,rate,aggressive,-0.0181628596,0.01163766906,-1.622571349,0.002799690108,0.003340026491,-2,0.02022149786,0.007929965854,-0.01259940304,0.06888041671,0.08184809531,0,0.3781013963,0.08938861898,6.138532197,-0.9371389151,-1.109104633,-0.01062681153,-1.582165043,-1.372523189,0.1226846072,0.7315864567,0,0,0,1,0,0,0
7.150225639,5.13016367,rate,aggressive,-0.0181628596,0.01163766906,-1.622571349,0.003551854879,0.004233012978,-2,0.02022149786,0.007929965854,-0.01259940304,0.0805002247,0.09548983059,0,0.3781253023,0.1070467177,7.001519206,-0.9371389151,-1.109104633,-0.01062681153,-1.687180837,-1.465078806,0.1393937408,0.7322669729,0,0,0,1,0,0,0
7.160128593,5.140066624,rate,aggressive,-0.01795273833,0.01250834763,-1.622746587,0.004408913477,0.005248714284,-2,0.02959680744,0.02280404419,-0.01485745329,0.09272325165,0.1097863247,0,0.3779852954,0.1084970461,5.353632043,-1.205799818,-1.286691308,-0.008581252769,-1.505109651,-1.22791412,0.1508253197,0.7353474988,0,0,0,1,0,0,0
7.170274734,5.150212765,rate,aggressive,-0.01795273833,0.01250834763,-1.622746587,0.005416662307,0.00644068583,-2,0.02959680744,0.02280404419,-0.01485745329,0.1060591212,0.1253212042,0,0.3780252415,0.1287516891,6.222928317,-1.205799818,-1.286691308,-0.008581252769,-1.62060096,-1.332027274,0.1703804139,0.7364963188,0,0,0,1,0,0,0
7.180127382,5.160065413,rate,aggressive,-0.01769804023,0.01331656799,-1.622861862,0.006528601625,0.007753169762,-2,0.03914194554,0.03715087846,-0.01596837863,0.1197798574,0.141234701,0,0.3779564215,0.1326307055,5.148291558,-1.347402453,-1.354807854,-0.005763409194,-1.484775055,-1.162678328,0.1791272474,0.7391962487,0,0,0,1,0,0,0
7.190173388,5.170111418,rate,aggressive,-0.01769804023,0.01331656799,-1.622861862,0.007805384595,0.00925690227,-2,0.03914194554,0.03715087846,-0.01596837863,0.1345346058,0.1582675788,0,0.37802127,0.1549967865,6.006384323,-1.347402453,-1.354807854,-0.005763409194,-1.604903046,-1.269213199,0.2007486202,0.7406839295,0,0,0,1,0,0,0
7.200132847,5.180070877,rate,aggressive,-0.01696188375,0.01503562275,-1.623047709,0.009221220174,0.01092046659,-2,0.05960896984,0.06601373106,-0.01815179177,0.1499073775,0.1759247341,0,0.3778829432,0.1434005529,3.702769702,-1.506615281,-1.401301622,-0.00163109065,-1.271063648,-0.9099178224,0.1939151789,0.7436098263,0,0,0,1,0,0,0
7.210186481,5.190124512,rate,aggressive,-0.01696188375,0.01503562275,-1.623047709,0.0108094241,0.01278187614,-2,0.05960896984,0.06601373106,-0.01815179177,0.1661604293,0.1944927313,0,0.3779806268,0.1678974526,4.539911493,-1.506615281,-1.401301622,-0.00163109065,-1.413967534,-1.039385851,0.2200499916,0.7456585949,0,0,0,1,0,0,0
7.220138311,5.200076342,rate,aggressive,-0.01617078483,0.01663340814,-1.623208523,0.01254603248,0.01481181668,-2,0.07768958062,0.09050712734,-0.01986066997,0.1829586188,0.213573803,0,0.3778885961,0.1631607283,3.202720258,-1.56373775,-1.371486425,0.0030749531,-1.193754103,-0.8083726093,0.2162033632,0.74770096,0,0,0,1,0,0,0
7.230174541,5.210112572,rate,aggressive,-0.01617078483,0.01663340814,-1.623208523,0.01447017837,0.01705467199,-2,0.07768958062,0.09050712734,-0.01986066997,0.2005965658,0.2334871178,0,0.3780355319,0.189588636,4.009766421,-1.56373775,-1.371486425,0.0030749531,-1.343901342,-0.9411717472,0.2447221002,0.7501274868,0,0,0,1,0,0,0
7.240134001,5.220072031,rate,aggressive,-0.01433621254,0.01990001649,-1.623500347,0.01655798037,0.01948111036,-2,0.1119835377,0.1348398328,-0.02297013626,0.2187740274,0.2538773795,0,0.3777652912,0.1615604326,1.911735956,-1.559518456,-1.236219168,0.01055808458,-0.8867219184,-0.4993039332,0.2126873401,0.7506511248,0,0,0,1,0,0,0
7.250294924,5.230232954,rate,aggressive,-0.01433621254,0.01990001649,-1.623500347,0.0188779994,0.02216901118,-2,0.1119835377,0.1348398328,-0.02297013626,0.2379930104,0.2752879862,0,0.377968677,0.190083398,2.50592232,-1.559518456,-1.236219168,0.01055808458,-1.071435084,-0.6648962896,0.2477444508,0.7536623384,0,0,0,1,0,0,0
7.26012969,5.24006772,rate,aggressive,-0.01259418204,0.02271804772,-1.623741031,0.02131267709,0.02498057587,-2,0.1396303773,0.1690174043,-0.02482531592,0.2572253692,0.2965590782,0,0.3777904262,0.1752477018,1.842997371,-1.504958749,-1.109601259,0.01962996833,-0.7940215449,-0.4062171688,0.2281340031,0.7540721682,0,0,0,1,0,0,0
7.270222187,5.250160217,rate,aggressive,-0.01259418204,0.02271804772,-1.623741031,0.02401095183,0.02808595398,-2,0.1396303773,0.1690174043,-0.02482531592,0.2775878367,0.3189092644,0,0.3780734879,0.2052221398,2.203142737,-1.504958749,-1.109601259,0.01962996833,-0.9845852868,-0.5716521839,0.2653198975,0.7573925208,0,0,0,1,0,0,0
7.280125618,5.260063648,rate,aggressive,-0.01029723883,0.02625533938,-1.624035358,0.02686144518,0.03135483033,-2,0.1711211056,0.206728518,-0.02655004151,0.2981671625,0.3413163352,0,0.3778308938,0.1869745593,2.034754585,-1.441447496,-0.9992209077,0.02439399809,-0.6850219225,-0.2980242172,0.2379293661,0.7572396324,0,0,0,1,0,0,0
7.290174484,5.270112514,rate,aggressive,-0.01029723883,0.02625533938,-1.624035358,0.02996506756,0.03490077421,-2,0.1711211056,0.206728518,-0.02655004151,0.3196358177,0.3644946965,0,0.3782131787,0.2182926739,2.117936612,-1.441447496,-0.9992209077,0.02439399809,-0.8850008797,-0.466775309,0.2778724485,0.7608383145,0,0,0,1,0,0,0
7.30012393,5.28006196,rate,aggressive,-0.005749128759,0.0328258872,-1.624557137,0.0332533593,0.03864313443,-2,0.2250688374,0.2689416707,-0.02803987637,0.3414561652,0.3878434162,0,0.3775081157,0.1687301687,3.063345636,-1.287266254,-0.7908352613,0.03842648864,-0.3191585284,0.02998796689,0.2074769333,0.7576806232,0,0,0,1,0,0,0
7.310263395,5.290201426,rate,aggressive,-0.005749128759,0.0328258872,-1.624557137,0.03683064043,0.04269786247,-2,0.2250688374,0.2689416707,-0.02803987637,0.3642514682,0.4120064079,0,0.377978618,0.201557829,2.609805816,-1.287266254,-0.7908352613,0.03842648864,-0.5672066517,-0.1800856081,0.2565028902,0.7616958435,0,0,0,1,0,0,0
7.320124626,5.300062656,rate,aggressive,0.0003432122467,0.04113313556,-1.625172496,0.04053407685,0.0468779446,-2,0.2864364088,0.3368548453,-0.02911837026,0.3869431351,0.435823425,0,0.3770198487,0.1440286822,4.42664006,-1.129671454,-0.6146114469,0.05168277398,0.01428137297,0.3141719375,0.1777952423,0.7568351776,0,0,0,1,0,0,0
7.33019948,5.31013751,rate,aggressive,0.0003432122467,0.04113313556,-1.625172496,0.04455141032,0.05139257645,-2,0.2864364088,0.3368548453,-0.02911837026,0.4106386803,0.4604385152,0,0.3775649332,0.1776147719,3.798866042,-1.129671454,-0.6146114469,0.05168277398,-0.2756164571,0.07112610211,0.2341462949,0.7611208427,0,0,0,1,0,0,0
7.340121746,5.320059776,rate,aggressive,0.005532811861,0.04786385223,-1.625610471,0.04874367803,0.0560824432,-2,0.3313876092,0.3848813474,-0.02955832146,0.4344625626,0.4849192785,0,0.3769645126,0.1466483141,4.870694787,-0.988437593,-0.4607850611,0.05953658372,0.03565221987,0.3316218104,0.1925742376,0.7585822198,0,0,0,1,0,0,0
7.350177526,5.330115557,rate,aggressive,0.005532811861,0.04786385223,-1.625610471,0.05323592522,0.06108428311,-2,0.3313876092,0.3848813474,-0.02955832146,0.4590809923,0.509929717,0,0.3776478339,0.1811529441,4.241285043,-0.988437593,-0.4607850611,0.05953658372,-0.2463133504,0.1049615269,0.2478220623,0.762985436,0,0,0,1,0,0,0
7.360149622,5.340087652,rate,aggressive,0.01486078836,0.05953224376,-1.626297235,0.05793753939,0.06629369097,-2,0.4031056166,0.4596902728,-0.02884579264,0.4839465145,0.5348901297,0,0.3762380627,0.1141155073,5.91757391,-0.7046521902,-0.1427383274,0.07219725847,0.3535271553,0.5939619476,0.1495610318,0.7567178346,0,0,0,1,0,0,0
7.370181561,5.350119591,rate,aggressive,0.01486078836,0.05953224376,-1.626297235,0.06291975824,0.07178613579,-2,0.4031056166,0.4596902728,-0.02884579264,0.509395926,0.5601177576,0,0.3769795467,0.1490482785,5.24478606,-0.7046521902,-0.1427383274,0.07219725847,0.02290169857,0.3317517158,0.212357332,0.7612317397,0,0,0,1,0,0,0
7.380125046,5.360063076,rate,aggressive,0.02229910158,0.06850265712,-1.626760602,0.06811205354,0.07748030692,-2,0.4535165727,0.5104006529,-0.02816417813,0.5350318996,0.5851982257,0,0.3761476744,0.1141606165,5.983751302,-0.5494746566,-0.01028266363,0.0791830644,0.3187867606,0.5675976371,0.1614060129,0.7582962312,0,0,0,1,0,0,0
7.390144348,5.370082378,rate,aggressive,0.02229910158,0.06850265712,-1.626760602,0.07360375957,0.08347034834,-2,0.4535165727,0.5104006529,-0.02816417813,0.561257673,0.6105043907,0,0.3770462146,0.1497401881,5.327247597,-0.5494746566,-0.01028266363,0.0791830644,0.001161126561,0.3274258924,0.2214817685,0.7627964725,0,0,0,1,0,0,0
7.400134563,5.380072594,rate,aggressive,0.03542346135,0.08379489183,-1.627441168,0.07934303269,0.08969544751,-2,0.5315374732,0.5867312551,-0.02597856708,0.5877819034,0.6357302751,0,0.3751850593,0.07898877033,6.562961768,-0.2950412035,0.1944545507,0.09138651192,0.5932262522,0.7898912594,0.1131056751,0.7562229694,0,0,0,1,0,0,0
7.410179138,5.390117168,rate,aggressive,0.03542346135,0.08379489183,-1.627441168,0.08538249216,0.09620828336,-2,0.5315374732,0.5867312551,-0.02597856708,0.6148078056,0.661044927,0,0.3760984984,0.1145921291,5.891329389,-0.2950412035,0.1944545507,0.09138651192,0.2246115093,0.5171076076,0.1799659292,0.7606976603,0,0,0,1,0,0,0
7.420149326,5.400087357,rate,aggressive,0.04532926902,0.09506060183,-1.627854824,0.09164737034,0.1029239331,-2,0.5844089389,0.6369028091,-0.02426228486,0.6419683027,0.6860828856,0,0.3750989609,0.07950106131,6.302944673,-0.1376271397,0.3276104331,0.09722924978,0.4923383763,0.7259580743,0.1277722712,0.757926495,0,0,0,1,0,0,0
7.430413961,5.410351992,rate,aggressive,0.04532926902,0.09506060183,-1.627854824,0.09838186051,0.1100980602,-2,0.5844089389,0.6369028091,-0.02426228486,0.6702587041,0.7117243368,0,0.3762083659,0.1164349675,5.642063188,-0.1376271397,0.3276104331,0.09722924978,0.14289904,0.4811440305,0.1901845532,0.7623835295,0,0,0,1,0,0,0
7.440143824,5.420081854,rate,aggressive,0.06251873076,0.1139823049,-1.628425121,0.1050350267,0.1171406196,-2,0.6648859382,0.7106383443,-0.02187276445,0.6973630739,0.7358627959,0,0.3740127015,0.0465774101,6.429966516,0.04169301689,0.4594184756,0.1074472591,0.7332476288,0.9188245486,0.07664434503,0.7558928416,0,0,0,1,0,0,0
7.450315475,5.430253506,rate,aggressive,0.06251873076,0.1139823049,-1.628425121,0.1122736559,0.1247530069,-2,0.6648859382,0.7106383443,-0.02187276445,0.7259775695,0.7608819289,0,0.3750459319,0.08206718613,5.774948617,0.04169301689,0.4594184756,0.1074472591,0.3303596589,0.6434635354,0.1449826239,0.7601481582,0,0,0,1,0,0,0
7.460132599,5.440070629,rate,aggressive,0.0749662891,0.1274685264,-1.628773093,0.1195372687,0.1323402037,-2,0.7180492878,0.758066535,-0.0199333448,0.7538463944,0.7847809163,0,0.3739247542,0.04891246513,5.95911736,0.1512353867,0.5458516479,0.1132310256,0.579690465,0.8330329343,0.09369317936,0.7574641382,0,0,0,1,0,0,0
7.470242023,5.450180054,rate,aggressive,0.0749662891,0.1274685264,-1.628773093,0.1273042948,0.1403970632,-2,0.7180492878,0.758066535,-0.0199333448,0.782783385,0.8090961348,0,0.3751210874,0.08480484437,5.339397218,0.1512353867,0.5458516479,0.1132310256,0.2057758426,0.591733007,0.1557408597,0.7615142061,0,0,0,1,0,0,0
7.480136633,5.460074663,rate,aggressive,0.09607307613,0.1495428681,-1.629296303,0.1351906442,0.148519147,-2,0.7983649373,0.8264824748,-0.018216528,0.8113202607,0.8325652211,0,0.3727632805,0.02316640023,5.758877024,0.304666549,0.6763481498,0.1200339124,0.7606969614,0.9732996486,0.05004827631,0.7553272751,0,0,0,1,0,0,0
7.490158796,5.470096827,rate,aggressive,0.09607307613,0.1495428681,-1.629296303,0.1434675016,0.1569808392,-2,0.7983649373,0.8264824748,-0.018216528,0.8404218436,0.8559650937,0,0.3737951125,0.05449633089,5.152847051,0.304666549,0.6763481498,0.1200339124,0.3402557735,0.7109308313,0.1152105384,0.7591091073,0,0,0,1,0,0,0
7.500132799,5.480070829,rate,aggressive,0.1114384383,0.1652273983,-1.629634023,0.1519950479,0.1656326818,-2,0.8512824774,0.8694893718,-0.01734921895,0.8695606036,0.878842163,0,0.372580139,0.0268804762,5.113990746,0.3878234923,0.748707056,0.1219497696,0.5682094913,0.8658231449,0.06775246808,0.7563495272,0,0,0,1,0,0,0
7.510182858,5.490120888,rate,aggressive,0.1114384383,0.1652273983,-1.629634023,0.1608823948,0.1745790517,-2,0.8512824774,0.8694893718,-0.01734921895,0.8990802665,0.901440582,0,0.3737687994,0.06005417453,4.545753726,0.3878234923,0.748707056,0.1219497696,0.1816856624,0.641835818,0.1255353414,0.7599211517,0,0,0,1,0,0,0
7.520140886,5.500078917,rate,aggressive,0.1278884709,0.1816731989,-1.629961967,0.169981674,0.1836651049,-2,0.9037619233,0.9102609158,-0.01737055182,0.9284670918,0.9233453765,0,0.3724297933,0.03291328809,4.447064708,0.4503927231,0.8046494126,0.1255639791,0.4338489356,0.806950888,0.07538572897,0.7569295292,0,0,0,1,0,0,0
7.530343533,5.510281563,rate,aggressive,0.1278884709,0.1816731989,-1.629961967,0.1796086136,0.1931978796,-2,0.9037619233,0.9102609158,-0.01737055182,0.9586973109,0.9452467032,0,0.373812703,0.06740651453,3.920358787,0.4503927231,0.8046494126,0.1255639791,0.06515490299,0.6093297733,0.1279642017,0.760323886,0,0,0,1,0,0,0
7.54013443,5.52007246,rate,aggressive,0.1546220034,0.2076342404,-1.630441904,0.1891375412,0.2025533372,-2,0.9817468524,0.9665783048,-0.01873474196,0.9878039333,0.9657123897,0,0.371201191,0.0197085919,4.015181949,0.4683125019,0.8115867376,0.1277129352,0.6329841552,0.9358655085,0.03270954471,0.7538647973,0,0,0,1,0,0,0
7.550256729,5.530194759,rate,aggressive,0.1546220034,0.2076342404,-1.630441904,0.1992890295,0.2124331242,-2,0.9817468524,0.9665783048,-0.01873474196,1.017975148,0.9862655677,0,0.3722786037,0.0452887217,3.510098856,0.4683125019,0.8115867376,0.1277129352,0.2089214439,0.7174100875,0.08741064424,0.756966854,0,0,0,1,0,0,0
7.560148239,5.540086269,rate,aggressive,0.1836470068,0.2349203825,-1.630926371,0.2095044085,0.2222855257,-2,1.058533549,1.016886353,-0.02166052349,1.047517156,1.00572027,0,0.370193988,0.02674360898,3.670670802,0.4300582111,0.7934797406,0.1285224557,0.7471414989,0.9919584948,0.01290702547,0.7503395844,0,0,0,1,0,0,0
7.570186853,5.550124884,rate,aggressive,0.1836470068,0.2349203825,-1.630926371,0.2201706889,0.2324778728,-2,1.058533549,1.016886353,-0.02166052349,1.077538235,1.024792265,0,0.3708844687,0.0298807595,3.184522539,0.4300582111,0.7934797406,0.1285224557,0.2920809331,0.7720816496,0.06506658186,0.7531745192,0,0,0,1,0,0,0
7.580142736,5.560080767,rate,aggressive,0.2043262124,0.2537852228,-1.631292701,0.231046837,0.2427718367,-2,1.109381795,1.04692924,-0.02412682958,1.107332098,1.043004003,0,0.3698382876,0.02452983186,3.180914784,0.4070044458,0.7982413769,0.1301769614,0.5284125301,0.8802184522,0.03810530733,0.7495821643,0,0,0,1,0,0,0
7.590179682,5.570117712,rate,aggressive,0.2043262124,0.2537852228,-1.631292701,0.2423118175,0.2533294598,-2,1.109381795,1.04692924,-0.02412682958,1.137369387,1.06062111,0,0.3706591243,0.03940655424,2.757701837,0.4070044458,0.7982413769,0.1301769614,0.1191315003,0.7043992998,0.08145722096,0.752226535,0,0,0,1,0,0,0
7.600142717,5.580080748,rate,aggressive,0.2372978479,0.2829073071,-1.631909013,0.25379193,0.2639803907,-2,1.185370564,1.086572409,-0.027803896,1.167167055,1.077337675,0,0.3689461448,0.03449209613,2.962614316,0.4476429522,0.875767827,0.1282653213,0.7024946031,0.9377243676,0.02660400825,0.7455953639,0,0,0,1,0,0,0
7.610237598,5.590175629,rate,aggressive,0.2372978479,0.2829073071,-1.631909013,0.2657265821,0.2749380636,-2,1.185370564,1.086572409,-0.027803896,1.197320724,1.093459167,0,0.3692731735,0.03103691957,2.537529954,0.4476429522,0.875767827,0.1282653213,0.2517112705,0.7597535394,0.06630000991,0.7480520756,0,0,0,1,0,0,0
7.620136976,5.600075006,rate,aggressive,0.260365665,0.3027137816,-1.632365942,0.2777254476,0.2858374654,-2,1.235164404,1.10908258,-0.03040217981,1.226833968,1.108439168,0,0.3684304177,0.031529394,2.523356733,0.4582768083,0.8976355195,0.1282001585,0.5077976458,0.8456061255,0.04927976979,0.744506981,0,0,0,1,0,0,0
7.630192518,5.610130548,rate,aggressive,0.260365665,0.3027137816,-1.632365942,0.290212343,0.2970562923,-2,1.235164404,1.10908258,-0.03040217981,1.256736336,1.12278376,0,0.3688870179,0.03971603086,2.171249164,0.4582768083,0.8976355195,0.1282001585,0.09891281905,0.7070121743,0.08076163221,0.7467885325,0,0,0,1,0,0,0
7.64013195,5.620069981,rate,aggressive,0.2971149683,0.3330274224,-1.633159995,0.3028500945,0.3082828998,-2,1.309911013,1.136333108,-0.03416359797,1.286198856,1.136069617,0,0.3677183328,0.04158710421,2.462328311,0.4401872754,0.877340734,0.1230790839,0.7127167046,0.8847179898,0.05158679296,0.7403896555,0,0,0,1,0,0,0
7.650178194,5.630116224,rate,aggressive,0.2971149683,0.3330274224,-1.633159995,0.3159206747,0.3197597024,-2,1.309911013,1.136333108,-0.03416359797,1.315863407,1.148566696,0,0.367561255,0.03677285833,2.093373736,0.4401872754,0.877340734,0.1230790839,0.2587298482,0.7477202273,0.07751487064,0.7425100696,0,0,0,1,0,0,0
7.660127401,5.640065432,rate,aggressive,0.3227359951,0.3534285724,-1.633759737,0.3291580756,0.3312446632,-2,1.358900905,1.150266647,-0.03608550504,1.345109207,1.159992071,0,0.3669677086,0.03983664719,2.248607351,0.4243533015,0.8621894717,0.121827431,0.5348883783,0.8133642111,0.07393525298,0.7391680896,0,0,0,1,0,0,0
7.670220137,5.650158167,rate,aggressive,0.3227359951,0.3534285724,-1.633759737,0.3428829845,0.3430064793,-2,1.358900905,1.150266647,-0.03608550504,1.374623473,1.170587665,0,0.3669420274,0.0442979296,1.953472067,0.4243533015,0.8621894717,0.121827431,0.1223153462,0.7142497662,0.09261786052,0.7411725943,0,0,0,1,0,0,0
7.680145741,5.660083771,rate,aggressive,0.3628419042,0.3841589391,-1.634751678,0.3566703072,0.3546728371,-2,1.431425214,1.165222645,-0.03833526745,1.403479807,1.180004734,0,0.3664885481,0.0496895223,2.519035982,0.3872208893,0.8415344357,0.1189393774,0.7633365385,0.8483299047,0.09376549441,0.7354090303,0,0,0,1,0,0,0
7.690379858,5.670317888,rate,aggressive,0.3628419042,0.3841589391,-1.634751678,0.3711851133,0.3667943011,-2,1.431425214,1.165222645,-0.03833526745,1.433038161,1.18864666,0,0.3657560346,0.04495418601,2.18718026,0.3872208893,0.8415344357,0.1189393774,0.3044721151,0.7547155462,0.1048654531,0.7373365718,0,0,0,1,0,0,0
7.700128794,5.680066824,rate,aggressive,0.3908879757,0.404689759,-1.635493517,0.3852921439,0.378418266,-2,1.479695797,1.171137929,-0.03909493238,1.46099333,1.195847019,0,0.3654948439,0.04988722431,2.547038191,0.4003847241,0.8446119428,0.1162973568,0.6165005622,0.805881414,0.1174352488,0.7342992739,0,0,0,1,0,0,0
7.710236311,5.690174341,rate,aggressive,0.3908879757,0.404689759,-1.635493517,0.4002046923,0.3905384884,-2,1.479695797,1.171137929,-0.03909493238,1.489750412,1.202225806,0,0.3649000355,0.05095061461,2.27806936,0.4003847241,0.8446119428,0.1162973568,0.1970219573,0.7455252791,0.1225335092,0.7361212032,0,0,0,1,0,0,0
7.720127583,5.700065613,rate,aggressive,0.4342103004,0.4352757931,-1.63662076,0.4150784102,0.4024563989,-2,1.549728751,1.174746394,-0.03968804702,1.517651437,1.207375609,0,0.365359568,0.06057029657,2.981124792,0.45154199,0.8560935855,0.1138968393,0.8440692984,0.834589085,0.1521698061,0.7311115367,0,0,0,1,0,0,0
7.730234385,5.710172415,rate,aggressive,0.4342103004,0.4352757931,-1.63662076,0.4305599773,0.4146809244,-2,1.549728751,1.174746394,-0.03968804702,1.545896171,1.211499986,0,0.3639806939,0.05422781831,2.67975264,0.45154199,0.8560935855,0.1138968393,0.3808414769,0.7822665746,0.1478361987,0.7328725452,0,0,0,1,0,0,0
7.740129471,5.720067501,rate,aggressive,0.4642532766,0.4554585218,-1.637427926,0.4459924336,0.4266841232,-2,1.595743299,1.172960639,-0.03966438025,1.57327292,1.214404269,0,0.3641701981,0.06160970249,3.088549854,0.464276582,0.8499972224,0.1121326312,0.6745324091,0.8099999879,0.1745093242,0.7303158539,0,0,0,1,0,0,0
7.750351667,5.730289698,rate,aggressive,0.4642532766,0.4554585218,-1.637427926,0.4622180009,0.4391082616,-2,1.595743299,1.172960639,-0.03966438025,1.601249307,1.216207133,0,0.3629462524,0.05893927757,2.840166284,0.464276582,0.8499972224,0.1121326312,0.2551098349,0.7900413104,0.1653787036,0.7320474064,0,0,0,1,0,0,0
7.760130644,5.740068674,rate,aggressive,0.5106478333,0.4852843583,-1.638640285,0.4780061877,0.4510052304,-2,1.66261375,1.165170789,-0.03928482905,1.627705185,1.216775707,0,0.3644466759,0.07365441766,3.605461915,0.5066666007,0.8526037335,0.1099407151,0.9095524081,0.8308510052,0.2223835958,0.7277004326,0,0,0,1,0,0,0
7.770161152,5.750099182,rate,aggressive,0.5106478333,0.4852843583,-1.638640285,0.4944676265,0.4632080758,-2,1.66261375,1.165170789,-0.03928482905,1.654511949,1.216167994,0,0.3623948196,0.06488183036,3.331833349,0.5066666007,0.8526037335,0.1099407151,0.4460106877,0.8214422935,0.2023837033,0.7293816142,0,0,0,1,0,0,0
7.780132532,5.760070562,rate,aggressive,0.5425308943,0.5047980547,-1.639469147,0.5110968177,0.4753269107,-2,1.705791473,1.156432271,-0.03869438171,1.680812873,1.214353304,0,0.3630966065,0.07400021398,3.768466911,0.5211052895,0.8605571389,0.1108525172,0.7228501065,0.8319622988,0.2419034658,0.7273208168,0,0,0,1,0,0,0
7.790249109,5.77018714,rate,aggressive,0.5425308943,0.5047980547,-1.639469147,0.5282343084,0.48759745,-2,1.705791473,1.156432271,-0.03869438171,1.707125059,1.211264304,0,0.3612239601,0.06712365821,3.54671611,0.5211052895,0.8605571389,0.1108525172,0.3077721593,0.8508376381,0.2189305909,0.7290037726,0,0,0,1,0,0,0
7.800142288,5.780080318,rate,aggressive,0.5916836262,0.5333851576,-1.640699148,0.5452489257,0.499560692,-2,1.768085599,1.137912273,-0.03732023761,1.732477506,1.207015165,0,0.363864505,0.08623193212,4.310661632,0.5640311837,0.8697365522,0.1121302322,0.9337754924,0.8376410499,0.3002240664,0.7254839392,0,0,0,1,0,0,0
7.81035018,5.79028821,rate,aggressive,0.5916836262,0.5333851576,-1.640699148,0.563065652,0.5118539498,-2,1.768085599,1.137912273,-0.03732023761,1.75822675,1.201345576,0,0.3610812699,0.07425483758,4.062963612,0.5640311837,0.8697365522,0.1121302322,0.477913147,0.872804176,0.2648604388,0.7272080922,0,0,0,1,0,0,0
7.820133686,5.800071716,rate,aggressive,0.6252266765,0.5519393086,-1.641480088,0.5803863393,0.5235756875,-2,1.807464838,1.12242949,-0.03555724025,1.782498985,1.194676401,0,0.3624247204,0.0843043725,4.48400039,0.6087768078,0.8786517978,0.1139502227,0.7497154699,0.8635853849,0.3149012226,0.7258609864,0,0,0,1,0,0,0
7.830284119,5.810222149,rate,aggressive,0.6252266765,0.5519393086,-1.641480088,0.5986054474,0.5356616322,-2,1.807464838,1.12242949,-0.03555724025,1.807244521,1.186469825,0,0.359875228,0.07324978026,4.294156008,0.6087768078,0.8786517978,0.1139502227,0.341745352,0.9216342884,0.2783977028,0.7275986652,0,0,0,1,0,0,0
7.840144873,5.820082903,rate,aggressive,0.6767926216,0.5788325667,-1.642583013,0.6165429496,0.5473166105,-2,1.863446951,1.093850255,-0.03286160901,1.830841973,1.177234305,0,0.3638271312,0.09537226886,5.001589403,0.6468451619,0.8980430365,0.1185728759,0.9307681595,0.8533073408,0.3796200545,0.7251082721,0,0,0,1,0,0,0
7.850196123,5.830134153,rate,aggressive,0.6767926216,0.5788325667,-1.642583013,0.6350641507,0.5590965957,-2,1.863446951,1.093850255,-0.03286160901,1.854431259,1.166532528,0,0.3603854558,0.08027378655,4.796926599,0.6468451619,0.8980430365,0.1185728759,0.4870761075,0.929657508,0.3299528711,0.72689561,0,0,0,1,0,0,0
7.86014843,5.84008646,rate,aggressive,0.7118390203,0.5961104631,-1.643254757,0.6536342741,0.5706482181,-2,1.898271084,1.071556926,-0.03094203398,1.877311299,1.154649751,0,0.362357954,0.09111059019,5.18817735,0.6398096681,0.9213827252,0.1242385134,0.7269260807,0.8927084321,0.3863856422,0.7261175685,0,0,0,1,0,0,0
7.870171785,5.850109816,rate,aggressive,0.7118390203,0.5961104631,-1.643254757,0.6725646584,0.5821562903,-2,1.898271084,1.071556926,-0.03094203398,1.8998595,1.141384328,0,0.3591717735,0.07639239889,5.039121638,0.6398096681,0.9213827252,0.1242385134,0.3354557905,0.9888075366,0.3379353596,0.7279644776,0,0,0,1,0,0,0
7.880148411,5.860086441,rate,aggressive,0.7653297782,0.6209580898,-1.644161224,0.6916286893,0.5934722011,-2,1.946887016,1.033154607,-0.02764072083,1.921794012,1.126884634,0,0.3644290862,0.1008909619,5.707212412,0.6179433465,0.9551789761,0.1325768083,0.8830210108,0.8566566932,0.4555421726,0.7263190573,0,0,0,1,0,0,0
7.890172243,5.870110273,rate,aggressive,0.7653297782,0.6209580898,-1.644161224,0.7110006948,0.6046894461,-2,1.946887016,1.033154607,-0.02764072083,1.943306351,1.111012558,0,0.3603297827,0.0826963792,5.532214895,0.6179433465,0.9551789761,0.1325768083,0.4618143783,0.9752063309,0.393350296,0.7282944791,0,0,0,1,0,0,0
7.900151491,5.880089521,rate,aggressive,0.801574707,0.6367002726,-1.644657731,0.7304980585,0.6156922714,-2,1.976942778,1.004094124,-0.02512968518,1.964184656,1.093912753,0,0.3629894684,0.0941363738,5.910132057,0.6353757381,0.9599753022,0.1396526545,0.6892458281,0.9045433426,0.4569630403,0.7281530949,0,0,0,1,0,0,0
7.910235882,5.890173912,rate,aggressive,0.801574707,0.6367002726,-1.644657731,0.7504096997,0.6266310662,-2,1.976942778,1.004094124,-0.02512968518,1.984722593,1.075317951,0,0.359148124,0.0759266766,5.783874328,0.6353757381,0.9599753022,0.1396526545,0.3186884328,1.040047,0.3977782123,0.7302536249,0,0,0,1,0,0,0
7.920145988,5.900084019,rate,aggressive,0.8566083908,0.6590999961,-1.645302296,0.7701761977,0.6371917183,-2,2.017998695,0.9558523893,-0.02187605016,2.004342745,1.055759276,0,0.3657334522,0.1031815519,6.385496466,0.6790103912,0.9624781609,0.1520973295,0.8288821727,0.8430981623,0.5279443357,0.7291798128,0,0,0,1,0,0,0
7.930226326,5.910164356,rate,aggressive,0.8566083908,0.6590999961,-1.645302296,0.7904787832,0.6477283893,-2,2.017998695,0.9558523893,-0.02187605016,2.023713414,1.034561374,0,0.3609887808,0.08189214717,6.233957974,0.6790103912,0.9624781609,0.1520973295,0.4307784469,1.005007968,0.4545436316,0.7314551577,0,0,0,1,0,0,0
7.940138817,5.920076847,rate,aggressive,0.8936961889,0.6731421947,-1.645671129,0.8106307942,0.6578748725,-2,2.042460442,0.9206553102,-0.01956745051,2.042171177,1.012439727,0,0.3642552671,0.09384747225,6.569380797,0.698476851,0.9692386985,0.162485078,0.6311139766,0.9074717226,0.5206737,0.7317176534,0,0,0,1,0,0,0
7.950251579,5.93018961,rate,aggressive,0.8936961889,0.6731421947,-1.645671129,0.8313754126,0.6679938575,-2,2.042460442,0.9206553102,-0.01956745051,2.060384899,0.9885730031,0,0.3598045764,0.07291765431,6.470812811,0.698476851,0.9692386985,0.162485078,0.2835637266,1.080970005,0.452487007,0.7341475287,0,0,0,1,0,0,0
7.960139513,5.940077543,rate,aggressive,0.9498211145,0.6927541494,-1.646145344,0.8518338716,0.6776482221,-2,2.074845314,0.8629872203,-0.01698283479,2.077578158,0.9639767506,0,0.3674817091,0.1024439864,6.992308391,0.7035564184,0.9853836894,0.1803385466,0.7399602067,0.8176672516,0.5887151625,0.7333452079,0,0,0,1,0,0,0
7.970234871,5.950172901,rate,aggressive,0.9498211145,0.6927541494,-1.646145344,0.872893688,0.687247792,-2,2.074845314,0.8629872203,-0.01698283479,2.094491085,0.9375881781,0,0.3621619343,0.07899161906,6.866310155,0.7035564184,0.9853836894,0.1803385466,0.3702278287,1.021158716,0.5066293643,0.7359913194,0,0,0,1,0,0,0
7.980139971,5.960078001,rate,aggressive,0.9874970913,0.7048667073,-1.646422505,0.8937193654,0.6964013237,-2,2.093382597,0.8214669228,-0.0156784784,2.110443288,0.9104537124,0,0.3659002177,0.09195395911,7.156778296,0.673235178,1.0123142,0.1927960962,0.5465476962,0.8896416129,0.5732547931,0.7363458161,0,0,0,1,0,0,0
7.990195274,5.970133305,rate,aggressive,0.9874970913,0.7048667073,-1.646422505,0.9150191637,0.7054124951,-2,2.093382597,0.8214669228,-0.0156784784,2.125974504,0.8816598837,0,0.3609298998,0.07022278593,7.078933751,0.673235178,1.0123142,0.1927960962,0.2273174215,1.099214729,0.4986009276,0.7391678117,0,0,0,1,0,0,0
8.000140429,5.980078459,rate,aggressive,1.044241309,0.7213786244,-1.646789074,0.9362359218,0.7140340446,-2,2.116707325,0.7540690899,-0.01423380245,2.140666607,0.8519575449,0,0.3694280239,0.1017781802,7.53024902,0.6243540645,1.035968304,0.214440152,0.6372661299,0.7596285551,0.6377058864,0.738276845,0,0,0,1,0,0,0
8.010208607,5.990146637,rate,aggressive,1.044241309,0.7213786244,-1.646789074,0.9578605262,0.7224551897,-2,2.116707325,0.7540690899,-0.01423380245,2.154850789,0.8206622126,0,0.3636217223,0.07805234778,7.409064547,0.6243540645,1.035968304,0.214440152,0.3020015964,1.00359882,0.5501101083,0.7413805903,0,0,0,1,0,0,0
8.020137787,6.000075817,rate,aggressive,1.082180142,0.7313071489,-1.647006512,0.979323016,0.7304455225,-2,2.12939024,0.7059795856,-0.01306275465,2.168148077,0.788606541,0,0.3676747661,0.09219554893,7.66039212,0.610160172,1.019843221,0.2288049012,0.4634513172,0.8324181153,0.6169939491,0.7418884612,0,0,0,1,0,0,0
8.030168295,6.010106325,rate,aggressive,1.082180142,0.7313071489,-1.647006512,1.001135061,0.7381882815,-2,2.12939024,0.7059795856,-0.01306275465,2.180872943,0.7550381743,0,0.3622430925,0.07230386856,7.579052209,0.610160172,1.019843221,0.2288049012,0.1765619591,1.0782114,0.5387270361,0.7452025812,0,0,0,1,0,0,0
8.040138245,6.020076275,rate,aggressive,1.139029026,0.7442653775,-1.647240877,1.022938332,0.7455448052,-2,2.144165039,0.6288326383,-0.01180520561,2.19280476,0.7205095109,0,0.3713727036,0.1044501522,7.979346597,0.5624088645,1.01943934,0.252717942,0.546216718,0.6659495056,0.677918145,0.7441876896,0,0,0,1,0,0,0
8.05016613,6.03010416,rate,aggressive,1.139029026,0.7442653775,-1.647240877,1.044984652,0.7525910493,-2,2.144165039,0.6288326383,-0.01180520561,2.204074878,0.6846298883,0,0.3651748347,0.08271568683,7.848052162,0.5624088645,1.01943934,0.252717942,0.2471266819,0.9505652064,0.5880228204,0.7478092814,0,0,0,1,0,0,0
8.0601511,6.04008913,rate,aggressive,1.176876187,0.7516681552,-1.647370934,1.067045227,0.7592440015,-2,2.15123415,0.5741986632,-0.01118453592,2.214557921,0.6477779517,0,0.3694150661,0.09771850147,8.056027577,0.543638885,0.988438189,0.2680157721,0.3925730873,0.7444338523,0.6523319473,0.7482315902,0,0,0,1,0,0,0
8.070245981,6.050184011,rate,aggressive,1.176876187,0.7516681552,-1.647370934,1.089451233,0.7655904718,-2,2.15123415,0.5741986632,-0.01118453592,2.224396602,0.6094002956,0,0.3635714666,0.08195726415,7.959783605,0.543638885,0.988438189,0.2680157721,0.1395019365,1.026924368,0.5735849654,0.7521196784,0,0,0,1,0,0,0
8.080135822,6.060073853,rate,aggressive,1.233484745,0.7608351707,-1.647547483,1.111494731,0.7714269979,-2,2.157841206,0.4871561527,-0.01142870821,2.233284975,0.5707325582,0,0.3731173098,0.1131697543,8.306752608,0.5375084281,0.9045012593,0.2937227488,0.4729015168,0.5515164205,0.7094125017,0.7503502413,0,0,0,1,0,0,0
8.090196133,6.070134163,rate,aggressive,1.233484745,0.7608351707,-1.647547483,1.134004526,0.7769664327,-2,2.157841206,0.4871561527,-0.01142870821,2.241554931,0.5303363109,0,0.3665778335,0.09488482128,8.164750551,0.5375084281,0.9045012593,0.2937227488,0.2094560303,0.877396134,0.6203189158,0.7545299519,0,0,0,1,0,0,0
8.100141764,6.080079794,rate,aggressive,1.270968318,0.7654343843,-1.647675276,1.156335653,0.7820380937,-2,2.159577847,0.426107049,-0.01143557392,2.248956556,0.4893726776,0,0.3708760472,0.110099345,8.331736956,0.5043104291,0.8999843001,0.3117424846,0.3391765942,0.6413892851,0.6806922001,0.754634993,0,0,0,1,0,0,0
8.110165834,6.090103865,rate,aggressive,1.270968318,0.7654343843,-1.647675276,1.178913459,0.7867324526,-2,2.159577847,0.426107049,-0.01143557392,2.255628922,0.4470782428,0,0.364774473,0.09897662609,8.228114671,0.5043104291,0.8999843001,0.3117424846,0.1189139932,0.9588113605,0.6043780345,0.7590311456,0,0,0,1,0,0,0
8.12013936,6.100077391,rate,aggressive,1.326862097,0.7702723145,-1.647900343,1.201439843,0.7909774777,-2,2.158162355,0.3300141096,-0.01268894691,2.261474383,0.4040203482,0,0.3743442452,0.1277157304,8.508491009,0.468893975,0.8527855277,0.3382169008,0.410404592,0.4214093207,0.7295431481,0.7564522067,0,0,0,1,0,0,0
8.130244493,6.110182524,rate,aggressive,1.326862097,0.7702723145,-1.647900343,1.224318842,0.7948356649,-2,2.158162355,0.3300141096,-0.01268894691,2.26658162,0.3594297297,0,0.3675495147,0.1130531954,8.351128787,0.468893975,0.8527855277,0.3382169008,0.1847275046,0.7857175018,0.6452292195,0.7611914279,0,0,0,1,0,0,0
8.140136719,6.120074749,rate,aggressive,1.36379385,0.7719472647,-1.648103952,1.246761794,0.7981715458,-2,2.154737949,0.2629907727,-0.01412808988,2.270778498,0.3148674986,0,0.3717728383,0.1278913859,8.484740953,0.4304275811,0.8460988402,0.3559565842,0.3037777079,0.5177419988,0.7015289211,0.7606121469,0,0,0,1,0,0,0
8.150625706,6.130563736,rate,aggressive,1.36379385,0.7719472647,-1.648103952,1.270599497,0.8012222337,-2,2.154737949,0.2629907727,-0.01412808988,2.27435282,0.2666657562,0,0.3652027375,0.1205023891,8.360777425,0.4304275811,0.8460988402,0.3559565842,0.117543684,0.8729691533,0.6305030226,0.7657638213,0,0,0,1,0,0,0
8.160137653,6.140075684,rate,aggressive,1.418592691,0.7720356584,-1.648504138,1.292245294,0.8035475731,-2,2.145962,0.1580250561,-0.01620469801,2.276807991,0.2221375411,0,0.3748413085,0.1466072181,8.622711525,0.3519502282,0.8687410355,0.3825378418,0.3978053442,0.2246115335,0.7532448705,0.7618380062,0,0,0,1,0,0,0
8.170347452,6.150285482,rate,aggressive,1.418592691,0.7720356584,-1.648504138,1.315500957,0.8055680399,-2,2.145962,0.1580250561,-0.01620469801,2.278604181,0.1735116409,0,0.3678337495,0.1345227667,8.43162297,0.3519502282,0.8687410355,0.3825378418,0.2045076008,0.6339888649,0.6743933903,0.7671628152,0,0,0,1,0,0,0
8.180156469,6.1600945,rate,aggressive,1.454764962,0.7705844045,-1.648811221,1.337856907,0.8070376896,-2,2.138052464,0.08523012698,-0.01784496009,2.279505204,0.1260169363,0,0.3719272695,0.1482932375,8.553047657,0.3277128935,0.8223106265,0.3993275762,0.3169889764,0.3265002431,0.725799585,0.7659735731,0,0,0,1,0,0,0
8.190201283,6.170139313,rate,aggressive,1.454764962,0.7705844045,-1.648811221,1.360755224,0.8080560671,-2,2.138052464,0.08523012698,-0.01784496009,2.279584137,0.07662551566,0,0.3654798417,0.1429114994,8.390813024,0.3277128935,0.8223106265,0.3993275762,0.1607893881,0.7130440532,0.6617564311,0.7714231547,0,0,0,1,0,0,0
8.200141668,6.180079699,rate,aggressive,1.508145094,0.7655658722,-1.649419427,1.383412052,0.8085718343,-2,2.122960806,-0.02851267159,-0.01973002963,2.278815936,0.0270306812,0,0.3745858817,0.1666288077,8.672618645,0.3137199879,0.724370718,0.4236370325,0.3889752032,0.0346091166,0.7625057653,0.7665541216,0,0,0,1,0,0,0
8.210419178,6.190357208,rate,aggressive,1.508145094,0.7655658722,-1.649419427,1.406824723,0.8085830899,-2,2.122960806,-0.02851267159,-0.01973002963,2.277130662,-0.02495761443,0,0.3674548093,0.1554678646,8.438372748,0.3137199879,0.724370718,0.4236370325,0.2338199933,0.477264458,0.6949842212,0.7723962473,0,0,0,1,0,0,0
8.220162153,6.200100183,rate,aggressive,1.543253899,0.7605071664,-1.649883986,1.428999535,0.8080972487,-2,2.110985041,-0.1066413894,-0.02064735442,2.274691543,-0.07487335874,0,0.371349026,0.1680337467,8.553625947,0.3244485259,0.6225167513,0.4397019744,0.3346643047,0.1376238412,0.738726343,0.7706593756,0,0,0,1,0,0,0
8.230308771,6.210246801,rate,aggressive,1.543253899,0.7605071664,-1.649883986,1.452063389,0.8070712046,-2,2.110985041,-0.1066413894,-0.02064735442,2.271275822,-0.1274713749,0,0.364780951,0.1629519446,8.355375727,0.3244485259,0.6225167513,0.4397019744,0.211727817,0.5555577724,0.6856376953,0.7765816519,0,0,0,1,0,0,0
8.240151405,6.220089436,rate,aggressive,1.595145226,0.7503021359,-1.650656819,1.474398893,0.8055631316,-2,2.089914799,-0.2265707254,-0.02200035937,2.267104467,-0.1790542898,0,0.3737299994,0.1847647317,8.643246086,0.3184237182,0.5569504499,0.4650928378,0.4039238851,-0.1671688387,0.7690465094,0.7706955387,0,0,0,1,0,0,0
8.250176191,6.230114222,rate,aggressive,1.595145226,0.7503021359,-1.650656819,1.497101198,0.8035025947,-2,2.089914799,-0.2265707254,-0.02200035937,2.26198326,-0.2321195756,0,0.3667200269,0.1735579473,8.391187799,0.3184237182,0.5569504499,0.4650928378,0.2824409881,0.3060573552,0.7139183361,0.7767281939,0,0,0,1,0,0,0
8.260144711,6.240082741,rate,aggressive,1.6292032,0.7417079806,-1.651202202,1.519620796,0.8009236556,-2,2.073997021,-0.3086133897,-0.0230632294,2.256013779,-0.2853747591,0,0.370371035,0.1849379541,8.485458321,0.3338844776,0.4417948723,0.4804604948,0.3622520775,-0.03376361006,0.7455319282,0.7744603425,0,0,0,1,0,0,0
8.270201921,6.250139952,rate,aggressive,1.6292032,0.7417079806,-1.651202202,1.542275993,0.7977814933,-2,2.073997021,-0.3086133897,-0.0230632294,2.249101457,-0.3395548043,0,0.3638138015,0.1793065739,8.271830658,0.3338844776,0.4417948723,0.4804604948,0.2712011966,0.4068447411,0.7049777987,0.7806049504,0,0,0,1,0,0,0
8.280143976,6.260082006,rate,aggressive,1.662784815,0.7315974832,-1.651783347,1.564599061,0.7941376838,-2,2.056265116,-0.3922863901,-0.02492308803,2.241386841,-0.3935178809,0,0.3671601236,0.1867959581,8.314419932,0.3702953458,0.245067358,0.4958307445,0.3536665416,0.044240071,0.7362877151,0.7779353929,0,0,0,1,0,0,0
8.29023242,6.27017045,rate,aggressive,1.662784815,0.7315974832,-1.651783347,1.587167908,0.789889934,-2,2.056265116,-0.3922863901,-0.02492308803,2.232660055,-0.4486420785,0,0.3610689183,0.1868483304,8.154125452,0.3702953458,0.245067358,0.4958307445,0.2848803471,0.4682574099,0.7064182166,0.7841396512,0,0,0,1,0,0,0
8.300161123,6.280099154,rate,aggressive,1.712196589,0.7134914994,-1.652768135,1.60928902,0.7851648441,-2,2.026189089,-0.5189484358,-0.0287685506,2.223185346,-0.5032107977,0,0.3691842414,0.1997068551,8.25094807,0.3829082549,0.1858570725,0.5185515881,0.4154721243,-0.2761267882,0.7544775937,0.7764098556,0,0,0,1,0,0,0
8.310176134,6.290114164,rate,aggressive,1.712196589,0.7134914994,-1.652768135,1.631502667,0.7798483895,-2,2.026189089,-0.5189484358,-0.0287685506,2.212735749,-0.5585287349,0,0.3626082098,0.192857165,8.066152181,0.3829082549,0.1858570725,0.5185515881,0.3491156813,0.2132820348,0.723561806,0.7825982288,0,0,0,1,0,0,0
8.320150375,6.300088406,rate,aggressive,1.760423422,0.6919988394,-1.653871298,1.653517416,0.7740017602,-2,1.99207294,-0.6465725303,-0.03309435025,2.201436144,-0.6138514626,0,0.3714275859,0.2144734383,8.214776157,0.3758725524,0.2106389999,0.5423895121,0.4355299709,-0.5223441876,0.7536888465,0.7741773611,0,0,0,1,0,0,0
8.330196381,6.310134411,rate,aggressive,1.760423422,0.6919988394,-1.653871298,1.675572118,0.7675543203,-2,1.99207294,-0.6465725303,-0.03309435025,2.1891536,-0.6697587391,0,0.3642985767,0.2011805727,7.990139487,0.3758725524,0.2106389999,0.5423895121,0.3816784156,0.00994446099,0.7262122399,0.7804093757,0,0,0,1,0,0,0
8.340154648,6.320092678,rate,aggressive,1.791853428,0.6757158637,-1.654679775,1.69730796,0.7606081479,-2,1.967149854,-0.7323880792,-0.03600052372,2.176084377,-0.7253170091,0,0.3679559798,0.212131263,8.02107089,0.3933095336,0.1316085458,0.5570492148,0.4108163197,-0.3379083699,0.7324183789,0.7765013667,0,0,0,1,0,0,0
8.350165367,6.330103397,rate,aggressive,1.791853428,0.6757158637,-1.654679775,1.719022627,0.7530672394,-2,1.967149854,-0.7323880792,-0.03600052372,2.16204871,-0.7812615342,0,0.3612943655,0.2041328406,7.845221611,0.3933095336,0.1316085458,0.5570492148,0.3831657957,0.1442678677,0.7182675579,0.7826852402,0,0,0,1,0,0,0
8.360153675,6.340091705,rate,aggressive,1.837840199,0.6483498812,-1.655988455,1.740544161,0.7449847729,-2,1.926217914,-0.8609426022,-0.03920867294,2.147147359,-0.8371279346,0,0.3703360157,0.2256419253,7.94682716,0.4224124849,-0.002321982291,0.5761789083,0.4163253231,-0.6326047146,0.723094801,0.7736471407,0,0,0,1,0,0,0
8.370281935,6.350219965,rate,aggressive,1.837840199,0.6483498812,-1.655988455,1.762210652,0.7362192244,-2,1.926217914,-0.8609426022,-0.03920867294,2.131122408,-0.8937771539,0,0.3630217529,0.2111901506,7.731169981,0.4224124849,-0.002321982291,0.5761789083,0.4034334584,-0.0958341524,0.7124763898,0.7798590504,0,0,0,1,0,0,0
8.380159378,6.360097408,rate,aggressive,1.867751956,0.6283958554,-1.656911135,1.783179852,0.7271183182,-2,1.89657259,-0.9461003542,-0.04152100161,2.114607634,-0.9489768503,0,0.3668903583,0.2219719536,7.713021045,0.4350294471,-0.05624211952,0.5887165666,0.4069162649,-0.4579554618,0.7059159863,0.7755727584,0,0,0,1,0,0,0
8.390321732,6.370259762,rate,aggressive,1.867751956,0.6283958554,-1.656911135,1.804579052,0.7171862982,-2,1.89657259,-0.9461003542,-0.04152100161,2.09670368,-1.005671943,0,0.3599785104,0.2128972075,7.550238593,0.4350294471,-0.05624211952,0.5887165666,0.4164519282,0.03027438988,0.7063114243,0.7817188448,0,0,0,1,0,0,0
8.400166273,6.380104303,rate,aggressive,1.911238551,0.5951905847,-1.658453107,1.825131139,0.7070161371,-2,1.848273516,-1.073931098,-0.0451217331,2.078478127,-1.06045341,0,0.3695588192,0.2349718752,7.606024618,0.4468199611,-0.1381661594,0.6063935757,0.3892593293,-0.783097223,0.6855920343,0.7717200207,0,0,0,1,0,0,0
8.410342216,6.390280247,rate,aggressive,1.911238551,0.5951905847,-1.658453107,1.846181915,0.6959377154,-2,1.848273516,-1.073931098,-0.0451217331,2.058728972,-1.11688434,0,0.3619898209,0.2194822332,7.401324842,0.4468199611,-0.1381661594,0.6063935757,0.4171755871,-0.2354601268,0.6899809416,0.7777745786,0,0,0,1,0,0,0
8.42015624,6.400094271,rate,aggressive,1.939370394,0.5712762475,-1.659531593,1.866289279,0.6847104704,-2,1.813758016,-1.157728434,-0.04649895802,2.038807882,-1.171073693,0,0.3662334068,0.2301905541,7.34912315,0.4542998374,-0.2291013896,0.6169538498,0.3907533508,-0.6120234787,0.6700819946,0.7731389672,0,0,0,1,0,0,0
8.43034339,6.41028142,rate,aggressive,1.939370394,0.5712762475,-1.659531593,1.88694976,0.6724952752,-2,1.813758016,-1.157728434,-0.04649895802,2.017223826,-1.227030097,0,0.3590431037,0.2199163694,7.194875164,0.4542998374,-0.2291013896,0.6169538498,0.4381605934,-0.1156359962,0.6835861233,0.7790684914,0,0,0,1,0,0,0
8.440168858,6.420106888,rate,aggressive,1.966760635,0.5458987355,-1.660639405,1.906664076,0.6601753293,-2,1.777321339,-1.240731955,-0.0482955426,1.995534923,-1.280669466,0,0.3630927562,0.2270344303,7.113004403,0.458453089,-0.2827638686,0.6258531809,0.4045626369,-0.5273156765,0.6593996511,0.7741440253,0,0,0,1,0,0,0
8.450432062,6.430370092,rate,aggressive,1.966760635,0.5458987355,-1.660639405,1.927024525,0.6467457059,-2,1.777321339,-1.240731955,-0.0482955426,1.971969657,-1.336301586,0,0.3562508711,0.2221575604,7.009005495,0.458453089,-0.2827638686,0.6258531809,0.4690889657,-0.06188058632,0.6800744153,0.779967113,0,0,0,1,0,0,0
8.460181475,6.440119505,rate,aggressive,2.006418943,0.5051158667,-1.662349343,1.946137444,0.6334616439,-2,1.718935132,-1.362681866,-0.05006625131,1.948726315,-1.388725872,0,0.3662164164,0.2366197532,6.926307493,0.4624602199,-0.3433590829,0.6383162737,0.3562626424,-0.9062940476,0.6233243783,0.7697361872,0,0,0,1,0,0,0
8.470202446,6.450140476,rate,aggressive,2.006418943,0.5051158667,-1.662349343,1.965542258,0.6192772425,-2,1.718935132,-1.362681866,-0.05006625131,1.923968468,-1.442132874,0,0.3587641135,0.225516654,6.778051594,0.4624602199,-0.3433590829,0.6383162737,0.443795751,-0.3729089815,0.6480504413,0.7752594335,0,0,0,1,0,0,0
8.480158567,6.460096598,rate,aggressive,2.04432416,0.4613168538,-1.664120436,1.984571476,0.6046572181,-2,1.656219125,-1.481631875,-0.05210718513,1.898504622,-1.49466707,0,0.3700431394,0.2481679614,6.773476552,0.4628597796,-0.3614909947,0.6504431367,0.29311465,-1.15483456,0.5855495405,0.7648828516,0,0,0,1,0,0,0
8.490323782,6.470261812,rate,aggressive,2.04432416,0.4613168538,-1.664120436,2.003734295,0.589193469,-2,1.656219125,-1.481631875,-0.05210718513,1.871620036,-1.547712658,0,0.3616836291,0.2312560944,6.567630963,0.4628597796,-0.3614909947,0.6504431367,0.4081271377,-0.5863160056,0.6144120605,0.7703151499,0,0,0,1,0,0,0
8.500151634,6.480089664,rate,aggressive,2.068570137,0.4304269552,-1.66535151,2.021997097,0.5737332781,-2,1.61190033,-1.559362054,-0.0537612848,1.844781579,-1.598381807,0,0.3670086676,0.2421703807,6.516362921,0.4617877305,-0.4403597713,0.6555998921,0.3230770088,-0.9576264954,0.5759318503,0.7648766006,0,0,0,1,0,0,0
8.510177851,6.490115881,rate,aggressive,2.068570137,0.4304269552,-1.66535151,2.040352463,0.5574512007,-2,1.61190033,-1.559362054,-0.0537612848,1.81654966,-1.649401724,0,0.359055717,0.2299538351,6.348084214,0.4617877305,-0.4403597713,0.6555998921,0.4490256893,-0.4574496388,0.6096580646,0.7700604614,0,0,0,1,0,0,0
8.520154476,6.500092506,rate,aggressive,2.103386879,0.3819784522,-1.667250156,2.058331836,0.5407454724,-2,1.542451024,-1.672171712,-0.05510004237,1.787609268,-1.699448172,0,0.3714288384,0.2527500433,6.286292978,0.444342196,-0.6873625517,0.6608885527,0.2409363636,-1.237233465,0.5289632029,0.7597824343,0,0,0,1,0,0,0
8.530346632,6.510284662,rate,aggressive,2.103386879,0.3819784522,-1.667250156,2.076397082,0.5231672168,-2,1.542451024,-1.672171712,-0.05510004237,1.757176459,-1.749783745,0,0.3624709296,0.2348758284,6.065349633,0.444342196,-0.6873625517,0.6608885527,0.3991744935,-0.6930643904,0.5660474177,0.7648406279,0,0,0,1,0,0,0
8.540299416,6.520237446,rate,aggressive,2.125494719,0.3481295407,-1.66854012,2.093734499,0.505510781,-2,1.493881822,-1.744415045,-0.05637096241,1.726619183,-1.798116996,0,0.3682977306,0.2454144747,5.917798333,0.4416958094,-0.7521498203,0.6628807783,0.2935149073,-1.036674992,0.5194840078,0.7596006087,0,0,0,1,0,0,0
8.550324678,6.530262709,rate,aggressive,2.125494719,0.3481295407,-1.66854012,2.110886549,0.487243742,-2,1.493881822,-1.744415045,-0.05637096241,1.695008066,-1.845935677,0,0.3597663291,0.2322410177,5.747820674,0.4416958094,-0.7521498203,0.6628807783,0.4581972793,-0.5606093939,0.5589704548,0.7643667106,0,0,0,1,0,0,0
8.56024909,6.54018712,rate,aggressive,2.156977177,0.2951465547,-1.670492887,2.127549849,0.4686927342,-2,1.41809094,-1.847705722,-0.05737790093,1.662900397,-1.892370772,0,0.3735762053,0.2553798359,5.627164121,0.4177244604,-0.8148379326,0.6652072072,0.1913243287,-1.322099548,0.4653844455,0.7544147131,0,0,0,1,0,0,0
8.570374489,6.550312519,rate,aggressive,2.156977177,0.2951465547,-1.670492887,2.144218048,0.4492959522,-2,1.41809094,-1.847705722,-0.05737790093,1.629315109,-1.93877389,0,0.3640051776,0.2370681013,5.402971618,0.4177244604,-0.8148379326,0.6652072072,0.3925639217,-0.8018821776,0.5070798918,0.7590109326,0,0,0,1,0,0,0
8.580155849,6.56009388,rate,aggressive,2.176834822,0.2586316466,-1.671785831,2.159993076,0.430116851,-2,1.366015434,-1.91268754,-0.0572174266,1.59608522,-1.982623523,0,0.3706957784,0.2471780373,5.256674937,0.4134276509,-0.8380158544,0.666033268,0.2588970116,-1.154415032,0.4551230323,0.7541657449,0,0,0,1,0,0,0
8.590228796,6.570166826,rate,aggressive,2.176834822,0.2586316466,-1.671785831,2.175894661,0.4099229275,-2,1.366015434,-1.91268754,-0.0572174266,1.561066125,-2.026731958,0,0.3614062479,0.2330766722,5.072959621,0.4134276509,-0.8380158544,0.666033268,0.4632632616,-0.6993604828,0.4972891922,0.7585422524,0,0,0,1,0,0,0
8.600153685,6.580091715,rate,aggressive,2.204866886,0.2016581148,-1.673697233,2.191213592,0.3895966429,-2,1.285431623,-2.004778147,-0.05568658561,1.525777875,-2.06910773,0,0.3768033949,0.2549619809,4.925657854,0.3833227456,-0.9739099145,0.6626553535,0.1442203712,-1.429075864,0.3976103185,0.7497375943,0,0,0,1,0,0,0
8.610239029,6.590177059,rate,aggressive,2.204866886,0.2016581148,-1.673697233,2.206417455,0.368516631,-2,1.285431623,-2.004778147,-0.05568658561,1.489131349,-2.111021555,0,0.3664937439,0.2363942387,4.684047095,0.3833227456,-0.9739099145,0.6626553535,0.3873111996,-0.9354028333,0.4400555877,0.7539171886,0,0,0,1,0,0,0
8.620151281,6.600089312,rate,aggressive,2.222383261,0.1626010537,-1.674944878,2.220996427,0.3473923084,-2,1.230463028,-2.061766863,-0.05366977304,1.452349447,-2.151046554,0,0.3739125081,0.2451221959,4.501720048,0.3739626706,-1.028811097,0.6587515473,0.2358406577,-1.258576364,0.386206748,0.749903173,0,0,0,1,0,0,0
8.63026309,6.61020112,rate,aggressive,2.222383261,0.1626010537,-1.674944878,2.235489352,0.3254400876,-2,1.230463028,-2.061766863,-0.05366977304,1.414056355,-2.190639418,0,0.3637982314,0.2306406071,4.303024101,0.3739626706,-1.028811097,0.6587515473,0.4769986545,-0.8339018604,0.4270829855,0.7539137543,0,0,0,1,0,0,0
8.640152931,6.620090961,rate,aggressive,2.246866465,0.1025469974,-1.676763892,2.249285873,0.3035886747,-2,1.145773768,-2.141184568,-0.05070030689,1.375861048,-2.228112412,0,0.3806641446,0.2511316936,4.167075075,0.3644680679,-1.055773258,0.6522356272,0.1060888592,-1.521327948,0.3272182234,0.7462256535,0,0,0,1,0,0,0
8.650283337,6.630221367,rate,aggressive,2.246866465,0.1025469974,-1.676763892,2.263022564,0.2808281263,-2,1.145773768,-2.141184568,-0.05070030689,1.335985917,-2.265172614,0,0.3694952799,0.2326461224,3.899076241,0.3644680679,-1.055773258,0.6522356272,0.3883569587,-1.064262599,0.3662498498,0.750083401,0,0,0,1,0,0,0
8.660159826,6.640097857,rate,aggressive,2.261987448,0.06131337956,-1.677925587,2.27602246,0.2582832182,-2,1.088115573,-2.190302372,-0.04806757346,1.296389625,-2.29997392,0,0.3777909827,0.2402424206,3.753415085,0.3503665924,-1.106132627,0.6464820504,0.212818715,-1.380028371,0.3130088035,0.746590222,0,0,0,1,0,0,0
8.670301676,6.650239706,rate,aggressive,2.261987448,0.06131337956,-1.677925587,2.288960987,0.2347819248,-2,1.088115573,-2.190302372,-0.04806757346,1.255000637,-2.334303427,0,0.366811717,0.2256045651,3.528980009,0.3503665924,-1.106132627,0.6464820504,0.4882694569,-0.9909026535,0.3490207896,0.750316299,0,0,0,1,0,0,0
8.680156946,6.660094976,rate,aggressive,2.282847166,-0.001616519992,-1.679567456,2.3011283,0.211618115,-2,0.9994213581,-2.257620573,-0.04468416423,1.214085183,-2.36625932,0,0.3853313178,0.244703105,3.424135779,0.3116833568,-1.239545822,0.6328451633,0.06868131604,-1.630049353,0.2535743528,0.743593098,0,0,0,1,0,0,0
8.690251112,6.670189142,rate,aggressive,2.282847166,-0.001616519992,-1.679567456,2.31316903,0.187573669,-2,0.9994213581,-2.257620573,-0.04468416423,1.171478933,-2.397517567,0,0.3733488424,0.2262115213,3.123709003,0.3116833568,-1.239545822,0.6328451633,0.386912411,-1.213668375,0.2852516254,0.7471988473,0,0,0,1,0,0,0
8.700156927,6.680094957,rate,aggressive,2.295527935,-0.04436835647,-1.680603147,2.324563598,0.1636784978,-2,0.9391275048,-2.297872066,-0.04279389232,1.128992238,-2.42670783,0,0.3822838125,0.2334064866,2.967243554,0.3164617717,-1.270337343,0.6243676543,0.1962599536,-1.488807849,0.2345832196,0.7441697981,0,0,0,1,0,0,0
8.710241556,6.690179586,rate,aggressive,2.295527935,-0.04436835647,-1.680603147,2.335728133,0.1390626798,-2,0.9391275048,-2.297872066,-0.04279389232,1.085064181,-2.454878028,0,0.3705095829,0.2185856872,2.727223282,0.3164617717,-1.270337343,0.6243676543,0.5016741801,-1.142513017,0.2619702403,0.7476901707,0,0,0,1,0,0,0
8.720163584,6.700101614,rate,aggressive,2.312643766,-0.1095023453,-1.682081819,2.346277054,0.1145742492,-2,0.8469379544,-2.351488352,-0.03988453746,1.0411933,-2.481036323,0,0.3904017013,0.2368725234,2.706431966,0.2973133624,-1.344263911,0.6082226634,0.04048479116,-1.707899486,0.1785461435,0.7419204028,0,0,0,1,0,0,0
8.730241776,6.710179806,rate,aggressive,2.312643766,-0.1095023453,-1.682081819,2.35654313,0.08944276103,-2,0.8469379544,-2.351488352,-0.03988453746,0.9959843845,-2.505990552,0,0.3775953913,0.2183495925,2.377791507,0.2973133624,-1.344263911,0.6082226634,0.3890567026,-1.343267646,0.1986017315,0.7454193884,0,0,0,1,0,0,0
8.74017024,6.720108271,rate,aggressive,2.322792053,-0.1533602774,-1.683027625,2.36620804,0.06444680137,-2,0.7846120596,-2.382292986,-0.03755697981,0.9508226578,-2.528949452,0,0.3870353446,0.2248212819,2.281090014,0.2899311185,-1.401569605,0.5943471789,0.1785449072,-1.583237677,0.1533104318,0.7432202564,0,0,0,1,0,0,0
8.750271797,6.730209827,rate,aggressive,2.322792053,-0.1533602774,-1.683027625,2.375578132,0.03878956723,-2,0.7846120596,-2.382292986,-0.03755697981,0.9042518541,-2.550621803,0,0.3744054211,0.2099018764,2.04625376,0.2899311185,-1.401569605,0.5943471789,0.5098615739,-1.28730369,0.1683572232,0.7467198329,0,0,0,1,0,0,0
8.760167122,6.740105152,rate,aggressive,2.336073637,-0.2199375927,-1.684418082,2.384297826,0.01345222518,-2,0.6894929409,-2.42118907,-0.0338714458,0.8580380901,-2.570172134,0,0.3954596393,0.2274877919,2.137832159,0.2694741189,-1.485252142,0.5725751519,0.004500211771,-1.768350433,0.1014576966,0.7422599757,0,0,0,1,0,0,0
8.770236015,6.750174046,rate,aggressive,2.336073637,-0.2199375927,-1.684418082,2.392698109,-0.01251945901,-2,0.6894929409,-2.42118907,-0.0338714458,0.8104254632,-2.58832983,0,0.3818645831,0.2090645443,1.809719148,0.2694741189,-1.485252142,0.5725751519,0.3799262479,-1.460719578,0.1060252058,0.7458296891,0,0,0,1,0,0,0
8.78015852,6.76009655,rate,aggressive,2.343664885,-0.26442191,-1.685272574,2.400504427,-0.03828375425,-2,0.6251618266,-2.441720963,-0.03117053956,0.7629395395,-2.604483334,0,0.3916919089,0.215513086,1.82275634,0.2665589452,-1.530905366,0.5568748116,0.1498413251,-1.654025079,0.06902713093,0.7445220871,0,0,0,1,0,0,0
8.790181875,6.770119905,rate,aggressive,2.343664885,-0.26442191,-1.685272574,2.407908918,-0.06446377772,-2,0.6251618266,-2.441720963,-0.03117053956,0.7144164792,-2.619020507,0,0.3783700609,0.2009306451,1.655530895,0.2665589452,-1.530905366,0.5568748116,0.5027297568,-1.41292984,0.06839029221,0.7481571328,0,0,0,1,0,0,0
8.800159216,6.780097246,rate,aggressive,2.353140354,-0.3315077126,-1.68648243,2.414793697,-0.0906593395,-2,0.5274386406,-2.464624166,-0.02670468949,0.6655784332,-2.631688527,0,0.4001279053,0.2184175889,1.968697431,0.2890694439,-1.548673034,0.5321390629,-0.03746474441,-1.788171578,0.02619147689,0.7450621938,0,0,0,1,0,0,0
8.810218334,6.790156364,rate,aggressive,2.353140354,-0.3315077126,-1.68648243,2.421238969,-0.117188327,-2,0.5274386406,-2.464624166,-0.02670468949,0.6158132552,-2.6426157,0,0.3858283134,0.2005098472,1.714566432,0.2890694439,-1.548673034,0.5321390629,0.3583328433,-1.545958061,0.01177133632,0.7489126663,0,0,0,1,0,0,0
8.82016778,6.80010581,rate,aggressive,2.358174086,-0.3762330413,-1.687219262,2.427119002,-0.1435270092,-2,0.4612778425,-2.474630594,-0.02323674783,0.5660866474,-2.651579179,0,0.3959006049,0.2069677115,1.93480613,0.2584251165,-1.610770345,0.5137224197,0.1060073149,-1.695319564,-0.0124624259,0.7486051122,0,0,0,1,0,0,0
8.830256701,6.810194731,rate,aggressive,2.358174086,-0.3762330413,-1.687219262,2.432573761,-0.1703164855,-2,0.4612778425,-2.474630594,-0.02323674783,0.5151681169,-2.658773549,0,0.3817967124,0.1932685586,1.88603776,0.2584251165,-1.610770345,0.5137224197,0.4760363991,-1.515234752,-0.03190516501,0.7526505013,0,0,0,1,0,0,0
8.840168953,6.820106983,rate,aggressive,2.363781452,-0.4431689978,-1.688225627,2.437430353,-0.1966981905,-2,0.3602792025,-2.481323957,-0.01880603842,0.4646728557,-2.663964165,0,0.4041970795,0.2112087768,2.24845322,0.1852821112,-1.732685089,0.4831460416,-0.09396862181,-1.771973288,-0.04647540644,0.7505367117,0,0,0,1,0,0,0
8.850250721,6.830188751,rate,aggressive,2.363781452,-0.4431689978,-1.688225627,2.441854252,-0.223574195,-2,0.3602792025,-2.481323957,-0.01880603842,0.4128554058,-2.667315742,0,0.3892563412,0.194192863,2.108573477,0.1852821112,-1.732685089,0.4831460416,0.3195554823,-1.597267619,-0.08327406348,0.7549028699,0,0,0,1,0,0,0
8.860161543,6.840099573,rate,aggressive,2.366165638,-0.4876303375,-1.688828826,2.445691766,-0.2500179117,-2,0.2920069993,-2.479776621,-0.01608539931,0.3614832161,-2.66869877,0,0.3995141668,0.2019338086,2.377071364,0.1896619946,-1.732308865,0.4619211257,0.05949677096,-1.681306648,-0.09381247257,0.7551852548,0,0,0,1,0,0,0
8.87030077,6.8502388,rate,aggressive,2.366165638,-0.4876303375,-1.688828826,2.449088682,-0.2770752994,-2,0.2920069993,-2.479776621,-0.01608539931,0.3085008602,-2.668136495,0,0.384755968,0.1897636157,2.419533595,0.1896619946,-1.732308865,0.4619211257,0.443077208,-1.564205614,-0.1350078139,0.759861374,0,0,0,1,0,0,0
8.880157232,6.860095263,rate,aggressive,2.36775279,-0.5537570119,-1.689633131,2.451873947,-0.3033630474,-2,0.187722981,-2.468645811,-0.01242381427,0.2566008287,-2.665659383,0,0.4075550267,0.2090761976,2.887233244,0.1749359965,-1.739753366,0.4274933934,-0.1587233169,-1.70578709,-0.1113348269,0.7582212174,0,0,0,1,0,0,0
8.890232086,6.870170116,rate,aggressive,2.36775279,-0.5537570119,-1.689633131,2.454190311,-0.3301981351,-2,0.187722981,-2.468645811,-0.01242381427,0.2031668377,-2.661147959,0,0.3921448835,0.1935198716,2.812171117,0.1749359965,-1.739753366,0.4274933934,0.2672727755,-1.602147953,-0.1730087637,0.7633164056,0,0,0,1,0,0,0
8.900157928,6.880095959,rate,aggressive,2.367455721,-0.597399056,-1.690129995,2.455944144,-0.3565820655,-2,0.1171315908,-2.455229282,-0.01035989076,0.150162178,-2.65473561,0,0.4022964623,0.202487337,3.135780293,0.1709546,-1.747577429,0.4054383934,-0.003655920977,-1.630393997,-0.164644502,0.7640328602,0,0,0,1,0,0,0
8.910178185,6.890116215,rate,aggressive,2.367455721,-0.597399056,-1.690129995,2.457179277,-0.3831424657,-2,0.1171315908,-2.455229282,-0.01035989076,0.09630909607,-2.646272052,0,0.3872668624,0.1924532239,3.196669678,0.1709546,-1.747577429,0.4054383934,0.3871447077,-1.577171954,-0.2289149868,0.7694773201,0,0,0,1,0,0,0
8.920155764,6.900093794,rate,aggressive,2.36491847,-0.6619980931,-1.690823555,2.457871334,-0.4094955188,-2,0.009174533188,-2.426000595,-0.00775236357,0.04236107096,-2.63585003,0,0.40986322,0.2125987549,3.690113831,0.1319212168,-1.751180291,0.3676240742,-0.2237920761,-1.5970674,-0.1641937264,0.7679202971,0,0,0,1,0,0,0
8.930254698,6.910192728,rate,aggressive,2.36491847,-0.6619980931,-1.690823555,2.458022105,-0.4360529874,-2,0.009174533188,-2.426000595,-0.00775236357,-0.01255258059,-2.623268381,0,0.3940933286,0.1986120493,3.627608565,0.1319212168,-1.751180291,0.3676240742,0.2073105982,-1.566703879,-0.2519971759,0.773968027,0,0,0,1,0,0,0
8.940169096,6.920107126,rate,aggressive,2.361838579,-0.704361856,-1.691246986,2.45762923,-0.4619916344,-2,-0.06406876445,-2.400289297,-0.006534846965,-0.06674581256,-2.608922821,0,0.4040391027,0.2087530077,3.954355832,0.1070236787,-1.749338865,0.3435277045,-0.07198759951,-1.538115108,-0.2224983393,0.7748278157,0,0,0,1,0,0,0
8.950291395,6.930229425,rate,aggressive,2.361838579,-0.704361856,-1.691246986,2.456672438,-0.4883172155,-2,-0.06406876445,-2.400289297,-0.006534846965,-0.1223440688,-2.592235636,0,0.3885835443,0.2007040417,4.003851403,0.1070236787,-1.749338865,0.3435277045,0.3228950682,-1.550467689,-0.311394562,0.7813490196,0,0,0,1,0,0,0
8.960169077,6.940107107,rate,aggressive,2.355062962,-0.7666457295,-1.691880703,2.455195003,-0.5138338647,-2,-0.1757656187,-2.352169275,-0.004826178309,-0.1768401234,-2.573962813,0,0.4109474004,0.2218486424,4.49147808,0.08469507098,-1.712554693,0.3032281101,-0.3046305654,-1.453669306,-0.199409638,0.7793318324,0,0,0,1,0,0,0
8.970188141,6.950126171,rate,aggressive,2.355062962,-0.7666457295,-1.691880703,2.453145385,-0.5395213496,-2,-0.1757656187,-2.352169275,-0.004826178309,-0.2323390217,-2.553422086,0,0.3951495249,0.2091089091,4.415576363,0.08469507098,-1.712554693,0.3032281101,0.1298726705,-1.493625527,-0.3147267751,0.7864218506,0,0,0,1,0,0,0
8.980172396,6.960110426,rate,aggressive,2.349121571,-0.8071891665,-1.692282915,2.450548708,-0.5649048237,-2,-0.2512893677,-2.313929796,-0.004185180645,-0.2878473785,-2.530944909,0,0.4045725785,0.220112615,4.731159166,0.08156535774,-1.690276027,0.2768862844,-0.1492276017,-1.413305727,-0.2629307836,0.7872942745,0,0,0,1,0,0,0
8.990229607,6.970167637,rate,aggressive,2.349121571,-0.8071891665,-1.692282915,2.447371823,-0.5902367453,-2,-0.2512893677,-2.313929796,-0.004185180645,-0.3439439458,-2.506281191,0,0.3891160103,0.2135449498,4.748561455,0.08156535774,-1.690276027,0.2768862844,0.2454077965,-1.487336555,-0.3765173048,0.7949249254,0,0,0,1,0,0,0
9.000165701,6.980103731,rate,aggressive,2.338035345,-0.8663578629,-1.692872524,2.443678363,-0.6150100957,-2,-0.3664363623,-2.247025251,-0.003482617904,-0.3995235088,-2.479927031,0,0.4106865395,0.2352660768,5.22412555,0.06058140472,-1.643127441,0.2343523055,-0.3831666137,-1.284321343,-0.2164568891,0.7920718864,0,0,0,1,0,0,0
9.010187626,6.990125656,rate,aggressive,2.338035345,-0.8663578629,-1.692872524,2.439392872,-0.6397222164,-2,-0.3664363623,-2.247025251,-0.003482617904,-0.455720987,-2.451351587,0,0.3949232214,0.2230092472,5.113626951,0.06058140472,-1.643127441,0.2343523055,0.04930127228,-1.392323325,-0.3588156064,0.8003655487,0,0,0,1,0,0,0
9.020164251,7.000102282,rate,aggressive,2.329056501,-0.904522717,-1.693265438,2.43456678,-0.6640283027,-2,-0.4445375204,-2.196085691,-0.002776333597,-0.5114064144,-2.421027711,0,0.4038020229,0.2346871733,17.78078351,0.0105092451,-1.608201385,0.2059806883,-8.469827222,2.205913824,2.214842699,0.6904403206,0,0,0,1,0,0,0
9.03027463,7.01021266,rate,aggressive,2.329056501,-0.904522717,-1.693265438,2.429295551,-0.6883945002,-2,-0.4445375204,-2.196085691,-0.002776333597,-0.5313226244,-2.39887602,0,0.3883881624,0.2205975514,17.35388203,0.0105092451,-1.608201385,0.2059806883,-6.662772047,1.699408398,1.609074656,0.6933860871,0,0,0,1,0,0,0
9.040164709,7.020102739,rate,aggressive,2.31338644,-0.9598279595,-1.693786144,2.423944563,-0.7120092428,-2,-0.5625688434,-2.110671997,-0.001264994498,-0.5507623197,-2.376438258,0,0.4091505106,0.2660313889,19.75699761,-0.0903500095,-1.508400798,0.1687326878,-6.321809462,1.895875753,1.61590823,0.680974436,0,0,0,1,0,0,0
9.05027318,7.03021121,rate,aggressive,2.31338644,-0.9598279595,-1.693786144,2.418276964,-0.7359122162,-2,-0.5625688434,-2.110671997,-0.001264994498,-0.5705861759,-2.352726844,0,0.3935825296,0.2421908887,19.30468632,-0.0903500095,-1.508400798,0.1687326878,-5.083447253,1.515627907,1.171882087,0.6841575508,0,0,0,1,0,0,0
9.060173512,7.040111542,rate,aggressive,2.301381111,-0.9951837659,-1.693954229,2.41253205,-0.7590869089,-2,-0.6301881075,-2.056400776,0.0249820929,-0.5899560813,-2.32874861,0,0.4021943197,0.276434556,20.38151653,-0.359944135,-0.8495957255,0.161800772,-4.772942346,1.594710549,1.080819901,0.6845601532,0,0,0,1,0,0,0
9.070237398,7.050175428,rate,aggressive,2.301381111,-0.9951837659,-1.693954229,2.406495921,-0.7823973442,-2,-0.6301881075,-2.056400776,0.0249820929,-0.6095979669,-2.30361634,0,0.3872869713,0.2493262802,19.91775466,-0.359944135,-0.8495957255,0.161800772,-3.928811359,1.302964278,0.7794333528,0.6878985129,0,0,0,1,0,0,0
9.080175638,7.060113668,rate,aggressive,2.281593323,-1.046308994,-1.693036079,2.400341408,-0.8051648311,-2,-0.7166066766,-1.983108163,0.09313672781,-0.6289455547,-2.278055989,0,0.4080177248,0.3214858352,19.97043751,-1.443680763,0.4963811636,0.1670504063,-4.046286969,1.446548868,0.8118578548,0.7024765798,0,0,0,1,0,0,0
9.090293169,7.070231199,rate,aggressive,2.281593323,-1.046308994,-1.693036079,2.393878608,-0.8280783417,-2,-0.7166066766,-1.983108163,0.09313672781,-0.6485904863,-2.25128574,0,0.393013297,0.2919244166,19.49896301,-1.443680763,0.4963811636,0.1670504063,-3.372489861,1.181677594,0.5854483631,0.7058580102,0,0,0,1,0,0,0
9.1001513,7.080089331,rate,aggressive,2.267220736,-1.07907939,-1.691596985,2.387390582,-0.8501402817,-2,-0.7748168707,-1.931339025,0.1275045127,-0.6676800354,-2.224483595,0,0.4024504029,0.3371489891,18.15551123,-2.289075613,0.9792774916,0.1803191304,-3.252893208,1.135857497,0.5625873031,0.7195958794,0,0,0,1,0,0,0
9.110226631,7.090164661,rate,aggressive,2.267220736,-1.07907939,-1.691596985,2.380565426,-0.8724116594,-2,-0.7748168707,-1.931339025,0.1275045127,-0.6871358558,-2.19636727,0,0.3881636115,0.3068962878,17.68032641,-2.289075613,0.9792774916,0.1803191304,-2.733598258,0.9099756475,0.4019268181,0.7228952295,0,0,0,1,0,0,0
9.120168686,7.100106716,rate,aggressive,2.243937254,-1.126185775,-1.688503146,2.373638677,-0.8941072037,-2,-0.8551825881,-1.85221839,0.1626748145,-0.7062789393,-2.16791473,0,0.4095280359,0.385096834,14.72162227,-3.037725449,1.132184267,0.2045823634,-2.736706632,0.9107260597,0.4698460527,0.7420870296,0,0,0,1,0,0,0
9.130316257,7.110254288,rate,aggressive,2.243937254,-1.126185775,-1.688503146,2.36637277,-0.9159559026,-2,-0.8551825881,-1.85221839,0.1626748145,-0.7257594149,-2.138158156,0,0.3952433994,0.3535180382,14.23468025,-3.037725449,1.132184267,0.2045823634,-2.255849665,0.6858007403,0.3317427091,0.7451260991,0,0,0,1,0,0,0
9.140167236,7.120105267,rate,aggressive,2.227455616,-1.15630281,-1.686029911,2.359130421,-0.9368737581,-2,-0.9007344842,-1.799148321,0.1767776906,-0.7446126254,-2.108588841,0,0.4050488609,0.3890730289,11.7346482,-3.164718151,1.102421403,0.2221428454,-2.056468085,0.6063790838,0.3336693347,0.7567500661,0,0,0,1,0,0,0
9.150360346,7.130298376,rate,aggressive,2.227455616,-1.15630281,-1.686029911,2.35144134,-0.9582079417,-2,-0.9007344842,-1.799148321,0.1767776906,-0.7640589882,-2.077294787,0,0.3913965421,0.3567856492,11.2355867,-3.164718151,1.102421403,0.2221428454,-1.66523252,0.4076595079,0.2265533219,0.7596067886,0,0,0,1,0,0,0
9.160167694,7.140105724,rate,aggressive,2.201371908,-1.199376225,-1.681815743,2.343856446,-0.9784303346,-2,-0.9556241632,-1.719295502,0.1853912622,-0.7827087196,-2.046524864,0,0.412747079,0.4139429025,7.694665693,-3.006036758,0.9576463699,0.2510097027,-1.523888934,0.3911678356,0.2757760992,0.7702458985,0,0,0,1,0,0,0
9.170260906,7.150198936,rate,aggressive,2.201371908,-1.199376225,-1.681815743,2.335859806,-0.9989237379,-2,-0.9556241632,-1.719295502,0.1853912622,-0.8018383655,-2.014192251,0,0.3993862985,0.3807677568,7.180456349,-3.006036758,0.9576463699,0.2510097027,-1.151944357,0.189657154,0.1753664439,0.7727193692,0,0,0,1,0,0,0
9.180178404,7.160116434,rate,aggressive,2.183373213,-1.226801395,-1.678850293,2.327814634,-1.018739262,-2,-0.9825949073,-1.666215777,0.184262529,-0.8205705418,-1.981774918,0,0.4090113811,0.3997275897,4.826904568,-2.756268501,0.8200122714,0.2673798501,-0.9196422512,0.1201725779,0.1661891709,0.7769551682,0,0,0,1,0,0,0
9.190305471,7.170243502,rate,aggressive,2.183373213,-1.226801395,-1.678850293,2.319408089,-1.038638467,-2,-0.9825949073,-1.666215777,0.184262529,-0.8396310829,-1.948020954,0,0.3962927067,0.3657943308,4.289205186,-2.756268501,0.8200122714,0.2673798501,-0.6180788347,-0.06055722041,0.08543985395,0.77924485,0,0,0,1,0,0,0
9.200179577,7.180117607,rate,aggressive,2.155759573,-1.266016841,-1.674400568,2.311026007,-1.057708373,-2,-1.009701133,-1.58630085,0.1731793582,-0.8581483695,-1.914486801,0,0.4165514054,0.4008308229,1.808878656,-2.273328304,0.5492041707,0.2885645926,-0.4258110466,-0.04599745513,0.1026379791,0.7793675901,0,0,0,1,0,0,0
9.210219145,7.190157175,rate,aggressive,2.155759573,-1.266016841,-1.674400568,2.302316347,-1.076755245,-2,-1.009701133,-1.58630085,0.1731793582,-0.8769064626,-1.879770726,0,0.4041210586,0.3657185843,1.300048847,-2.273328304,0.5492041707,0.2885645926,-0.1475041729,-0.2311214625,0.02526600276,0.7813583475,0,0,0,1,0,0,0
9.22017765,7.200115681,rate,aggressive,2.137149572,-1.290850043,-1.671452522,2.293491315,-1.095300964,-2,-1.019533515,-1.533033133,0.1621506065,-0.8954423741,-1.844728485,0,0.4130685511,0.3726196762,1.786250812,-1.900852203,0.3650774658,0.2995441556,0.05922403141,-0.2560098013,0.004804916249,0.7798681683,0,0,0,1,0,0,0
9.23021698,7.21015501,rate,aggressive,2.137149572,-1.290850043,-1.671452522,2.284408179,-1.113640961,-2,-1.019533515,-1.533033133,0.1621506065,-0.9140559126,-1.808801908,0,0.4012874294,0.3368482763,1.985098667,-1.900852203,0.3650774658,0.2995441556,0.281010688,-0.4255952357,-0.05892147352,0.7817453131,0,0,0,1,0,0,0
9.240182161,7.220120192,rate,aggressive,2.118517399,-1.314754486,-1.66871047,2.275207693,-1.131485883,-2,-1.023873925,-1.479845524,0.1496651918,-0.9324581826,-1.77255652,0,0.4097462407,0.3412275415,3.487083752,-1.533681393,0.2098269612,0.3073875606,0.4487104254,-0.4233993093,-0.07761736099,0.7791590637,0,0,0,1,0,0,0
9.250217915,7.230155945,rate,aggressive,2.118517399,-1.314754486,-1.66871047,2.265757095,-1.149089247,-2,-1.023873925,-1.479845524,0.1496651918,-0.9509149689,-1.735478103,0,0.3985940945,0.3050749001,3.87840615,-1.533681393,0.2098269612,0.3073875606,0.6295288559,-0.584236269,-0.1325132539,0.7809595211,0,0,0,1,0,0,0
9.260169268,7.240107298,rate,aggressive,2.090772629,-1.348657489,-1.664898515,2.256203459,-1.166174338,-2,-1.022125244,-1.399346113,0.1288736463,-0.9691399393,-1.698152297,0,0.4158851589,0.3296983386,5.474607753,-0.9425461292,-0.04804993421,0.3128545284,0.7520965076,-0.4612238543,-0.1378609288,0.7752180947,0,0,0,1,0,0,0
9.270219088,7.250157118,rate,aggressive,2.090772629,-1.348657489,-1.664898515,2.246371621,-1.18304873,-2,-1.022125244,-1.399346113,0.1288736463,-0.9874663421,-1.659904238,0,0.4048830856,0.2927459524,5.901424346,-0.9425461292,-0.04804993421,0.3128545284,0.9144874087,-0.6369481974,-0.1929084039,0.7769524048,0,0,0,1,0,0,0
9.280173063,7.260111094,rate,aggressive,2.063521624,-1.380356193,-1.66164875,2.236452395,-1.199380603,-2,-1.014004707,-1.317821264,0.1082846373,-1.005538341,-1.621485488,0,0.4208785855,0.3225045776,6.756424774,-0.3556274474,-0.304982543,0.3117609918,0.9822848896,-0.4635108676,-0.2021703338,0.771606228,0,0,0,1,0,0,0
9.29027009,7.27020812,rate,aggressive,2.063521624,-1.380356193,-1.66164875,2.226207245,-1.215553801,-2,-1.014004707,-1.317821264,0.1082846373,-1.023787602,-1.581982875,0,0.4100097654,0.2856617307,7.190238053,-0.3556274474,-0.304982543,0.3117609918,1.12186774,-0.652661014,-0.2556512211,0.7733909455,0,0,0,1,0,0,0
9.300171137,7.280109167,rate,aggressive,2.045634031,-1.400282383,-1.659775019,2.215982425,-1.231023222,-2,-1.007092476,-1.262466908,0.09564958513,-1.041600563,-1.542739485,0,0.4164376025,0.2981482334,7.507326742,-0.004339864012,-0.4277556241,0.3063380122,1.159513918,-0.560156598,-0.2735605895,0.7711202462,0,0,0,1,0,0,0
9.310200453,7.290138483,rate,aggressive,2.045634031,-1.400282383,-1.659775019,2.205445752,-1.246294412,-2,-1.007092476,-1.262466908,0.09564958513,-1.059559964,-1.502488194,0,0.4062082215,0.2636510924,7.953289047,-0.004339864012,-0.4277556241,0.3063380122,1.271644583,-0.7407697042,-0.3205076688,0.7729978205,0,0,0,1,0,0,0
9.320183992,7.300122023,rate,aggressive,2.019474506,-1.428312659,-1.657429457,2.194778709,-1.261092525,-2,-0.9970647693,-1.177839398,0.07899008691,-1.077351659,-1.461934296,0,0.4195815941,0.3056064944,7.723223625,0.4317521751,-0.4970730841,0.2908290923,1.19707184,-0.4775681103,-0.3137321815,0.7698893077,0,0,0,1,0,0,0
9.330211163,7.310149193,rate,aggressive,2.019474506,-1.428312659,-1.657429457,2.183886696,-1.27554539,-2,-0.9970647693,-1.177839398,0.07899008691,-1.095133557,-1.420727991,0,0.4095409428,0.273590551,8.158695501,0.4317521751,-0.4970730841,0.2908290923,1.299476615,-0.6815036034,-0.3620474276,0.7719509976,0,0,0,1,0,0,0
9.340177298,7.320115328,rate,aggressive,2.002340555,-1.445778251,-1.656088948,2.172884745,-1.289498562,-2,-0.9918891788,-1.120328069,0.06925427169,-1.112718845,-1.37931389,0,0.4144676987,0.2940571681,7.884518465,0.6585765481,-0.5243909359,0.2762164772,1.234234033,-0.5506956351,-0.3636634863,0.771239379,0,0,0,1,0,0,0
9.350207329,7.330145359,rate,aggressive,2.002340555,-1.445778251,-1.656088948,2.161635761,-1.303122222,-2,-0.9918891788,-1.120328069,0.06925427169,-1.130326492,-1.337186157,0,0.4049697725,0.2664366232,8.331740612,0.6585765481,-0.5243909359,0.2762164772,1.324135341,-0.7487897616,-0.4084322734,0.7734741395,0,0,0,1,0,0,0
9.360177517,7.340115547,rate,aggressive,1.977396727,-1.469966888,-1.654466271,2.15027932,-1.316243661,-2,-0.9875254035,-1.032262206,0.05562835559,-1.147737803,-1.294877797,0,0.4158278243,0.312617139,7.413207423,0.9214810133,-0.5936651826,0.249995023,1.123317699,-0.4238910075,-0.3776489343,0.7717132187,0,0,0,1,0,0,0
9.370229006,7.350167036,rate,aggressive,1.977396727,-1.469966888,-1.654466271,2.138655019,-1.329042973,-2,-0.9875254035,-1.032262206,0.05562835559,-1.165197544,-1.25180233,0,0.4065185657,0.2878537289,7.841458393,0.9214810133,-0.5936651826,0.249995023,1.215885198,-0.6520970429,-0.4261781007,0.7742165209,0,0,0,1,0,0,0
9.380204678,7.360142708,rate,aggressive,1.96102941,-1.484809756,-1.653601766,2.126945353,-1.341315618,-2,-0.9878649712,-0.9721482992,0.04704207554,-1.182431312,-1.208646604,0,0.4100126879,0.3098394203,7.229911589,1.050142527,-0.6100112796,0.2293603718,1.072179158,-0.4868574643,-0.4114950198,0.7739234666,0,0,0,1,0,0,0
9.390198946,7.370136976,rate,aggressive,1.96102941,-1.484809756,-1.653601766,2.115041934,-1.353177467,-2,-0.9878649712,-0.9721482992,0.04704207554,-1.19960163,-1.165019659,0,0.401296217,0.2902494285,7.660297366,1.050142527,-0.6100112796,0.2293603718,1.160395527,-0.7081305458,-0.4578052647,0.7766260691,0,0,0,1,0,0,0
9.400183201,7.380121231,rate,aggressive,1.944846749,-1.49859786,-1.652920246,2.102979578,-1.364590175,-2,-0.9911878109,-0.9106770754,0.03827540576,-1.216657834,-1.121059962,0,0.4042627941,0.3107453896,6.981100563,1.130385399,-0.5900514722,0.2033714652,0.9879889495,-0.5226791738,-0.4324420736,0.7761458045,0,0,0,1,0,0,0
9.410370111,7.390308142,rate,aggressive,1.944846749,-1.49859786,-1.652920246,2.090497383,-1.375780275,-2,-0.9911878109,-0.9106770754,0.03827540576,-1.233958978,-1.075834923,0,0.3959325979,0.2961080224,7.423458829,1.130385399,-0.5900514722,0.2033714652,1.0774909,-0.745394701,-0.4787094523,0.7791220679,0,0,0,1,0,0,0
9.420173407,7.400111437,rate,aggressive,1.92075336,-1.517271399,-1.652241707,2.078319309,-1.386112266,-2,-1.002247334,-0.8166308999,0.02543875389,-1.250510682,-1.031971235,0,0.403689952,0.3296259709,6.198888982,1.169517279,-0.5857321024,0.1655934304,0.7340380802,-0.3329491315,-0.4047522689,0.7762465527,0,0,0,1,0,0,0
9.430241346,7.410179377,rate,aggressive,1.92075336,-1.517271399,-1.652241707,2.065644097,-1.396273916,-2,-1.002247334,-0.8166308999,0.02543875389,-1.267407873,-0.986589101,0,0.3956886998,0.3159794808,6.584962988,1.169517279,-0.5857321024,0.1655934304,0.8426761285,-0.5974158257,-0.4591776758,0.7794867092,0,0,0,1,0,0,0
9.440173626,7.420111656,rate,aggressive,1.896591902,-1.533511043,-1.651928067,2.052973486,-1.405849335,-2,-1.020871639,-0.7200810909,0.01260172669,-1.283975425,-0.9415009161,0,0.4023764181,0.3441062981,5.580810722,1.143686891,-0.6040033102,0.1240778565,0.4696849808,-0.1722585803,-0.3771308214,0.7753536292,0,0,0,1,0,0,0
9.450309515,7.430247545,rate,aggressive,1.896591902,-1.533511043,-1.651928067,2.039874014,-1.415157782,-2,-1.020871639,-0.7200810909,0.01260172669,-1.300776824,-0.8951782986,0,0.3945774049,0.3304008897,5.879053845,1.143686891,-0.6040033102,0.1240778565,0.5984492478,-0.4704982683,-0.43793244,0.7789145444,0,0,0,1,0,0,0
9.460174322,7.440112352,rate,aggressive,1.880345821,-1.542937875,-1.651926517,2.026961875,-1.423764986,-2,-1.037446618,-0.6543242931,0.004007884767,-1.317024944,-0.8498083171,0,0.3960474639,0.3411658057,5.46317112,1.093893528,-0.6071354747,0.09561165422,0.3715074132,-0.2534643836,-0.3917973664,0.7765718925,0,0,0,1,0,0,0
9.470537186,7.450475216,rate,aggressive,1.880345821,-1.542937875,-1.651926517,2.013225766,-1.432323238,-2,-1.037446618,-0.6543242931,0.004007884767,-1.333981572,-0.8018593777,0,0.3886487189,0.3312335173,5.738161652,1.093893528,-0.6071354747,0.09561165422,0.5007249011,-0.5390213187,-0.4504507542,0.7804314198,0,0,0,1,0,0,0
9.480175972,7.460114002,rate,aggressive,1.855496407,-1.554984927,-1.65222764,2.000292212,-1.43983623,-2,-1.068505883,-0.55354321,-0.008411929943,-1.349649274,-0.7570099599,0,0.3939170751,0.3471470654,5.292585495,0.9457630515,-0.4909720421,0.05159045756,0.07477299927,-0.03517187103,-0.3358789323,0.773980722,0,0,0,1,0,0,0
9.490204096,7.470142126,rate,aggressive,1.855496407,-1.554984927,-1.65222764,1.986676478,-1.447192647,-2,-1.068505883,-0.55354321,-0.008411929943,-1.365842019,-0.7101072836,0,0.3870051695,0.3361426,5.417664784,0.9457630515,-0.4909720421,0.05159045756,0.2329785741,-0.3644672042,-0.4046975498,0.7779769552,0,0,0,1,0,0,0
9.500176191,7.480114222,rate,aggressive,1.838518262,-1.561642289,-1.652598143,1.972976343,-1.454040392,-2,-1.092810154,-0.4853516519,-0.01631261222,-1.381833971,-0.6632372011,0,0.3877437225,0.3397707122,5.352316479,0.8158891201,-0.4318605065,0.02484158985,0.004436829787,-0.1380620963,-0.3457374547,0.7745179267,0,0,0,1,0,0,0
9.510259151,7.490197182,rate,aggressive,1.838518262,-1.561642289,-1.652598143,1.958962321,-1.460487947,-2,-1.092810154,-0.4853516519,-0.01631261222,-1.397890542,-0.6156288359,0,0.3813489516,0.3321329386,5.455194481,0.8158891201,-0.4318605065,0.02484158985,0.16040714,-0.4498750338,-0.4116522597,0.7787008005,0,0,0,1,0,0,0
9.520170212,7.500108242,rate,aggressive,1.812205315,-1.569434285,-1.653465152,1.945029995,-1.466356754,-2,-1.133404851,-0.3822718561,-0.026801873,-1.41356119,-0.5686344118,0,0.3851672026,0.3375454297,5.497693924,0.6095948219,-0.3908277452,-0.0163723398,-0.2577411117,0.07266306156,-0.2806976257,0.7709361121,0,0,0,1,0,0,0
9.530250311,7.510188341,rate,aggressive,1.812205315,-1.569434285,-1.653465152,1.930701313,-1.471846967,-2,-1.133404851,-0.3822718561,-0.026801873,-1.42938374,-0.5206529322,0,0.3790131756,0.3278279509,5.470873453,0.6095948219,-0.3908277452,-0.0163723398,-0.06975719036,-0.2847868932,-0.3576955518,0.7753133699,0,0,0,1,0,0,0
9.540171623,7.520109653,rate,aggressive,1.794035673,-1.573227763,-1.654183269,1.916443172,-1.476777558,-2,-1.16262424,-0.3132950366,-0.03214095905,-1.444842175,-0.4732598284,0,0.3793091742,0.325988863,5.563691153,0.4649143517,-0.3376160264,-0.04193157703,-0.2840269274,-0.03531560086,-0.2889978319,0.7715616627,0,0,0,1,0,0,0
9.55021143,7.53014946,rate,aggressive,1.794035673,-1.573227763,-1.654183269,1.901859199,-1.481287596,-2,-1.16262424,-0.3132950366,-0.03214095905,-1.460367962,-0.4251471088,0,0.3737219806,0.3196799205,5.529940185,0.4649143517,-0.3376160264,-0.04193157703,-0.1018300937,-0.3725056544,-0.3625789611,0.7760433938,0,0,0,1,0,0,0
9.560192585,7.540130615,rate,aggressive,1.765793204,-1.57681179,-1.655421019,1.887206501,-1.485291769,-2,-1.208521366,-0.2092568874,-0.03877864778,-1.475684863,-0.3771777972,0,0.3766321512,0.3179269564,5.714276011,0.2657749355,-0.2842992246,-0.07844574004,-0.4948154839,0.1803874049,-0.2193751686,0.7681133295,0,0,0,1,0,0,0
9.570256948,7.550194979,rate,aggressive,1.765793204,-1.57681179,-1.655421019,1.872277457,-1.488843898,-2,-1.208521366,-0.2092568874,-0.03877864778,-1.491008877,-0.3286853636,0,0.3712302797,0.3091377336,5.57925471,0.2657749355,-0.2842992246,-0.07844574004,-0.2808284258,-0.2037557247,-0.3045199878,0.7727376841,0,0,0,1,0,0,0
9.58018136,7.56011939,rate,aggressive,1.746236682,-1.577792883,-1.656311393,1.857405583,-1.491868179,-2,-1.240093827,-0.1397866607,-0.04181120545,-1.506000015,-0.2807615504,0,0.3712996605,0.3038555534,5.648511781,0.1319709867,-0.2343426645,-0.1005914435,-0.4683464856,0.05877083363,-0.2313076186,0.7690785384,0,0,0,1,0,0,0
9.590231419,7.570169449,rate,aggressive,1.746236682,-1.577792883,-1.656311393,1.842194421,-1.494445594,-2,-1.240093827,-0.1397866607,-0.04181120545,-1.521058502,-0.2321397675,0,0.3664376033,0.2986945295,5.523119977,0.1319709867,-0.2343426645,-0.1005914435,-0.2648282086,-0.3015930966,-0.3118628167,0.773774615,0,0,0,1,0,0,0
9.600174665,7.580112696,rate,aggressive,1.715801239,-1.577153563,-1.657714844,1.826996599,-1.49651434,-2,-1.287967086,-0.03522238508,-0.04529489949,-1.535834488,-0.1839599197,0,0.368817327,0.2925965333,5.594744978,-0.07856377959,-0.08603076637,-0.1299124211,-0.6223603636,0.271001485,-0.1599058988,0.7660821493,0,0,0,1,0,0,0
9.610219002,7.590157032,rate,aggressive,1.715801239,-1.577153563,-1.657714844,1.811495721,-1.498117411,-2,-1.287967086,-0.03522238508,-0.04529489949,-1.550635816,-0.135230469,0,0.3640923995,0.2846894919,5.399641335,-0.07856377959,-0.08603076637,-0.1299124211,-0.3879113264,-0.1375344011,-0.2523757501,0.7708312618,0,0,0,1,0,0,0
9.620173931,7.600111961,rate,aggressive,1.694600344,-1.575299621,-1.658684611,1.795986752,-1.499223043,-2,-1.319733143,0.03450575843,-0.04744442552,-1.565180368,-0.08689110933,0,0.3640920817,0.2779073829,5.319869126,-0.1774169058,-0.05546459183,-0.1467453837,-0.5403838224,0.1175017,-0.178330081,0.7672518824,0,0,0,1,0,0,0
9.630201578,7.610139608,rate,aggressive,1.694600344,-1.575299621,-1.658684611,1.780218749,-1.499850097,-2,-1.319733143,0.03450575843,-0.04744442552,-1.579704142,-0.03817047872,0,0.35988795,0.2740761379,5.160370559,-0.1774169058,-0.05546459183,-0.1467453837,-0.3212701946,-0.2618677096,-0.2647155924,0.7720143098,0,0,0,1,0,0,0
9.640177727,7.620115757,rate,aggressive,1.661736131,-1.570480824,-1.660141706,1.764387843,-1.499989059,-2,-1.366371512,0.1389810294,-0.05054990947,-1.594025655,0.01031230685,0,0.3619532048,0.2663406503,5.057114364,-0.2998637855,-0.03379623964,-0.1688507944,-0.6403341197,0.3194579624,-0.1100700286,0.7642618552,0,0,0,1,0,0,0
9.650277853,7.630215883,rate,aggressive,1.661736131,-1.570480824,-1.660141706,1.748215309,-1.499637028,-2,-1.366371512,0.1389810294,-0.05054990947,-1.608394236,0.05939415435,0,0.3577724855,0.2597390286,4.839112278,-0.2998637855,-0.03379623964,-0.1688507944,-0.3930300133,-0.1064965107,-0.208123359,0.7690633917,0,0,0,1,0,0,0
9.660180569,7.640118599,rate,aggressive,1.639006138,-1.56589663,-1.66111958,1.732218617,-1.498810664,-2,-1.396430612,0.2085064352,-0.05220504105,-1.622352957,0.1074977235,0,0.3578114476,0.2529209997,4.663785262,-0.3505599499,-0.03479943052,-0.1807839125,-0.5217754122,0.1603286607,-0.1338682412,0.7654924231,0,0,0,1,0,0,0
9.670326471,7.650264502,rate,aggressive,1.639006138,-1.56589663,-1.66111958,1.715686395,-1.497470126,-2,-1.396430612,0.2085064352,-0.05220504105,-1.636520809,0.1567470488,0,0.3541214299,0.2510930172,4.490196458,-0.3505599499,-0.03479943052,-0.1807839125,-0.2932581857,-0.234004466,-0.224944179,0.7703114245,0,0,0,1,0,0,0
9.680179119,7.660117149,rate,aggressive,1.603655934,-1.5569911,-1.662599206,1.699495091,-1.495690346,-2,-1.439910293,0.312703222,-0.05448528007,-1.650148573,0.2045230016,0,0.3560649128,0.2426349944,4.293879149,-0.4130779505,0.01343818288,-0.1958087236,-0.5948802363,0.3770497057,-0.06513182982,0.7625162666,0,0,0,1,0,0,0
9.690314293,7.670252323,rate,aggressive,1.603655934,-1.5569911,-1.662599206,1.682700078,-1.493368695,-2,-1.439910293,0.312703222,-0.05448528007,-1.66403172,0.253601668,0,0.3523280897,0.2381009312,4.057311239,-0.4130779505,0.01343818288,-0.1958087236,-0.339411221,-0.06529866459,-0.1681756762,0.7673042092,0,0,0,1,0,0,0
9.700194359,7.680132389,rate,aggressive,1.579446673,-1.549716473,-1.663610816,1.666193027,-1.490627075,-2,-1.467421412,0.3819026649,-0.05599059165,-1.677432158,0.3013638882,0,0.3523835551,0.2317885981,3.828781033,-0.4318070412,0.03672258556,-0.2023721337,-0.4513085728,0.2033144743,-0.09486155906,0.763633654,0,0,0,1,0,0,0
9.710216284,7.690154314,rate,aggressive,1.579446673,-1.549716473,-1.663610816,1.649314379,-1.487364457,-2,-1.467421412,0.3819026649,-0.05599059165,-1.690889495,0.3497144359,0,0.3491804021,0.2326134396,3.657106153,-0.4318070412,0.03672258556,-0.2023721337,-0.2183740191,-0.2023634029,-0.1894456441,0.7683372357,0,0,0,1,0,0,0
9.720188379,7.70012641,rate,aggressive,1.541682243,-1.536822319,-1.665126085,1.63238647,-1.483637655,-2,-1.50694561,0.4852152169,-0.05787805095,-1.704143385,0.3977116538,0,0.3509934528,0.2233689876,3.430645579,-0.4313493371,0.038509354,-0.2116837949,-0.5040004878,0.4088590811,-0.03008180207,0.7605130461,0,0,0,1,0,0,0
9.73021245,7.71015048,rate,aggressive,1.541682243,-1.536822319,-1.665126085,1.615237818,-1.47940968,-2,-1.50694561,0.4852152169,-0.05787805095,-1.717328012,0.4458298689,0,0.3476307989,0.2217246708,3.189378723,-0.4313493371,0.038509354,-0.2116837949,-0.2468772477,-0.04179035377,-0.1356371043,0.7651655846,0,0,0,1,0,0,0
9.740193844,7.720131874,rate,aggressive,1.515842438,-1.52691412,-1.666130304,1.598031547,-1.474721149,-2,-1.531789064,0.5534966588,-0.05826133862,-1.730317627,0.4935990299,0,0.3477759761,0.2153966103,2.969394254,-0.4312462807,0.07506596297,-0.2164773792,-0.355466805,0.2310951548,-0.06202363658,0.7616618066,0,0,0,1,0,0,0
9.750235081,7.730173111,rate,aggressive,1.515842438,-1.52691412,-1.666130304,1.580592,-1.469524202,-2,-1.531789064,0.5534966588,-0.05826133862,-1.743244226,0.541493795,0,0.3448986549,0.2196627821,2.807292528,-0.4312462807,0.07506596297,-0.2164773792,-0.1213772897,-0.1815512433,-0.1586141769,0.7662765823,0,0,0,1,0,0,0
9.760189533,7.740127563,rate,aggressive,1.476144314,-1.510101795,-1.66767168,1.563175759,-1.463898323,-2,-1.567032933,0.655210197,-0.05905646458,-1.755918578,0.5888000573,0,0.3466285406,0.2087480768,2.613874855,-0.3927010596,0.0793255493,-0.2194058597,-0.4058591208,0.4423444949,0.001152138553,0.7585633779,0,0,0,1,0,0,0
9.770252228,7.750190258,rate,aggressive,1.476144314,-1.510101795,-1.66767168,1.545442623,-1.457733604,-2,-1.567032933,0.655210197,-0.05905646458,-1.768587501,0.6364285328,0,0.3434920598,0.2108664525,2.367666348,-0.3927010596,0.0793255493,-0.2194058597,-0.1483854672,-0.01652447053,-0.1057850184,0.7631161281,0,0,0,1,0,0,0
9.780190945,7.760128975,rate,aggressive,1.448854566,-1.497623324,-1.668704033,1.527803542,-1.451175397,-2,-1.589524627,0.7223783731,-0.05913588405,-1.780957954,0.6832653152,0,0.3437257171,0.2041411344,2.199230693,-0.3661317229,0.09679505974,-0.2191702425,-0.2671163014,0.2649892715,-0.03021020857,0.7595073469,0,0,0,1,0,0,0
9.790225267,7.770163298,rate,aggressive,1.448854566,-1.497623324,-1.668704033,1.509870777,-1.444082965,-2,-1.589524627,0.7223783731,-0.05913588405,-1.793302844,0.7303307648,0,0.3410961242,0.2123343009,2.055529475,-0.3661317229,0.09679505974,-0.2191702425,-0.03201286777,-0.1545632271,-0.1280821392,0.7639914991,0,0,0,1,0,0,0
9.800190926,7.780128956,rate,aggressive,1.407201052,-1.476988435,-1.670263052,1.491938843,-1.436572797,-2,-1.621492386,0.8226994276,-0.05963112414,-1.805418504,0.7768383736,0,0.3428416135,0.198715687,1.930242853,-0.3384886384,0.1734531224,-0.2192017883,-0.3285903943,0.4782101371,0.03260939873,0.7561860343,0,0,0,1,0,0,0
9.810234547,7.790172577,rate,aggressive,1.407201052,-1.476988435,-1.670263052,1.473745199,-1.428536199,-2,-1.621492386,0.8226994276,-0.05963112414,-1.817482,0.8234568751,0,0.3398561426,0.2048618402,1.675910712,-0.3384886384,0.1734531224,-0.2192017883,-0.06984662294,0.01195140727,-0.074964362,0.7605867529,0,0,0,1,0,0,0
9.820193768,7.800131798,rate,aggressive,1.378812432,-1.461968422,-1.671329856,1.455585537,-1.420106116,-2,-1.641858935,0.8888351917,-0.0604531616,-1.829297489,0.869417924,0,0.3401038457,0.1979010522,1.535249367,-0.297105819,0.1755640954,-0.2169587314,-0.1935926165,0.2883012955,-0.0009949553906,0.7566776172,0,0,0,1,0,0,0
9.830214024,7.810152054,rate,aggressive,1.378812432,-1.461968422,-1.671329856,1.437196566,-1.411163814,-2,-1.641858935,0.8888351917,-0.0604531616,-1.841037068,0.9153786504,0,0.3376594125,0.2098358129,1.446449611,-0.297105819,0.1755640954,-0.2169587314,0.0423324377,-0.1365817343,-0.09869764786,0.7609936144,0,0,0,1,0,0,0
9.840186596,7.820124626,rate,aggressive,1.335586786,-1.43759644,-1.672968507,1.41877905,-1.401808275,-2,-1.671115994,0.9868715405,-0.06189655513,-1.852572122,0.9608250303,0,0.339339569,0.1934836694,1.389107355,-0.2400177717,0.1715313196,-0.210347563,-0.2723351011,0.5022356868,0.06062774963,0.7528753582,0,0,0,1,0,0,0
9.850207806,7.830145836,rate,aggressive,1.335586786,-1.43759644,-1.672968507,1.400156584,-1.391952116,-2,-1.671115994,0.9868715405,-0.06189655513,-1.864013103,1.006181171,0,0.3364554363,0.2035026778,1.127971785,-0.2400177717,0.1715313196,-0.210347563,-0.01225552958,0.0313234359,-0.04608016304,0.7571005446,0,0,0,1,0,0,0
9.860193729,7.84013176,rate,aggressive,1.306202412,-1.42016685,-1.674051285,1.381486395,-1.381680153,-2,-1.689941764,1.051065087,-0.06254397333,-1.875262975,1.051051974,0,0.3367364978,0.1955906441,1.06592563,-0.195772782,0.1588523686,-0.2066153139,-0.1508062391,0.3146062168,0.02719599977,0.7531649391,0,0,0,1,0,0,0
9.870303631,7.850241661,rate,aggressive,1.306202412,-1.42016685,-1.674051285,1.362470747,-1.370825935,-2,-1.689941764,1.051065087,-0.06254397333,-1.886498213,1.096133873,0,0.3344296882,0.2111335635,1.002376045,-0.195772782,0.1588523686,-0.2066153139,0.08723259815,-0.1143310847,-0.06960602017,0.7573530909,0,0,0,1,0,0,0
9.880190134,7.860128164,rate,aggressive,1.261290312,-1.392302752,-1.675651431,1.343766188,-1.35977252,-2,-1.717773676,1.14608562,-0.06329850107,-1.897334148,1.139868662,0,0.3362476472,0.190492294,1.102334113,-0.1514046639,0.1857776344,-0.197273463,-0.263640309,0.5466277568,0.09240101358,0.7493375635,0,0,0,1,0,0,0
9.890213728,7.870151758,rate,aggressive,1.261290312,-1.392302752,-1.675651431,1.324693659,-1.348126242,-2,-1.717773676,1.14608562,-0.06329850107,-1.908166983,1.183841316,0,0.3334269675,0.2041612209,0.7312903129,-0.1514046639,0.1857776344,-0.197273463,0.001806588682,0.06974316439,-0.01377287213,0.7534003363,0,0,0,1,0,0,0
9.900185823,7.880123854,rate,aggressive,1.230958581,-1.372564077,-1.676696658,1.305612141,-1.336104324,-2,-1.735795379,1.208151937,-0.0625853017,-1.918790067,1.227205674,0,0.333807607,0.1943373888,0.7877562385,-0.1350192279,0.2347513437,-0.1910004169,-0.1526801516,0.3584608644,0.05907157642,0.7497252221,0,0,0,1,0,0,0
9.910233021,7.890171051,rate,aggressive,1.230958581,-1.372564077,-1.676696658,1.286280564,-1.323556527,-2,-1.735795379,1.208151937,-0.0625853017,-1.929336848,1.270496717,0,0.3316433516,0.2127488939,0.6421016316,-0.1350192279,0.2347513437,-0.1910004169,0.09053725092,-0.07522968845,-0.03677853866,0.7537130478,0,0,0,1,0,0,0
9.920601368,7.900539398,rate,aggressive,1.215484262,-1.362407684,-1.677192569,1.266220818,-1.310153844,-2,-1.74495399,1.238804698,-0.06251511723,-1.94005534,1.314735703,0,0.3309218934,0.2184907185,0.6690611252,-0.1210135967,0.2332563996,-0.1878360063,0.1033687809,-0.1005907409,-0.03495068622,0.7539001674,0,0,0,1,0,0,0
9.930253983,7.910192013,rate,aggressive,1.184403181,-1.341396093,-1.678175926,1.247446666,-1.297266096,-2,-1.76290822,1.299184799,-0.06171501428,-1.949882104,1.355509569,0,0.3308967696,0.2047936911,0.4320261197,-0.08904451132,0.2116761506,-0.1804291904,-0.09521673049,0.2440322377,0.05265276089,0.7500892468,0,0,0,1,0,0,0
9.940186977,7.920125008,rate,aggressive,1.152896881,-1.319541931,-1.679119229,1.228028909,-1.283595199,-2,-1.780879736,1.358454823,-0.06055058911,-1.959840669,1.39704048,0,0.3315138882,0.1928269754,0.7451539826,-0.07492677122,0.2196188718,-0.1727893353,-0.2526384266,0.5044129127,0.117714529,0.7465082671,0,0,0,1,0,0,0
9.950267076,7.930205107,rate,aggressive,1.152896881,-1.319541931,-1.679119229,1.208223257,-1.269302384,-2,-1.780879736,1.358454823,-0.06055058911,-1.969786591,1.43872983,0,0.3294684946,0.2140005852,0.3686289537,-0.07492677122,0.2196188718,-0.1727893353,0.01412901534,0.04135124498,0.01666916393,0.7503194068,0,0,0,1,0,0,0
9.960198164,7.940136194,rate,aggressive,1.120966673,-1.29685986,-1.680025697,1.188613133,-1.254812196,-2,-1.798984766,1.416885614,-0.05962081254,-1.979426948,1.47933978,0,0.3297386912,0.2000363596,0.5884815615,-0.04937462881,0.1907609701,-0.1643503755,-0.1776491764,0.3533618009,0.09338880054,0.7466321453,0,0,0,1,0,0,0
9.970212221,7.950150251,rate,aggressive,1.120966673,-1.29685986,-1.680025697,1.168743033,-1.239794959,-2,-1.798984766,1.416885614,-0.05962081254,-1.988987726,1.51981032,0,0.3285156592,0.2241634698,0.4408589575,-0.04937462881,0.1907609701,-0.1643503755,0.0714496079,-0.07177280992,0.000656865015,0.7503341793,0,0,0,1,0,0,0
9.980198383,7.960136414,rate,aggressive,1.072218895,-1.261299968,-1.681314588,1.148833744,-1.224418418,-2,-1.826431036,1.503063202,-0.05778684467,-1.998360987,1.559676409,0,0.3298340126,0.1900112698,1.059038663,-0.0677960366,0.2692118287,-0.1505891979,-0.3474093384,0.604668271,0.158714024,0.7430598041,0,0,0,1,0,0,0
9.990297556,7.970235586,rate,aggressive,1.072218895,-1.261299968,-1.681314588,1.128604774,-1.20846554,-2,-1.826431036,1.503063202,-0.05778684467,-2.00767615,1.599481092,0,0.3279195575,0.2132733463,0.4953674604,-0.0677960366,0.2692118287,-0.1505891979,-0.06417878401,0.1283921745,0.0569313183,0.746684852,0,0,0,1,0,0,0
10.00019312,7.980131149,rate,aggressive,1.03932786,-1.236541271,-1.68214047,1.108693192,-1.192446913,-2,-1.844543457,1.559309602,-0.05630715191,-2.016642635,1.637970686,0,0.328314701,0.1974238807,0.9318350045,-0.08020562679,0.3129712343,-0.1427835077,-0.2596439489,0.4343149185,0.1288790683,0.7430668488,0,0,0,1,0,0,0
10.01020741,7.990145445,rate,aggressive,1.03932786,-1.236541271,-1.68214047,1.08845318,-1.175850954,-2,-1.844543457,1.559309602,-0.05630715191,-2.025553859,1.676392999,0,0.32730917,0.2228088484,0.5586470349,-0.08020562679,0.3129712343,-0.1427835077,0.00235459153,0.0003026637167,0.03688295817,0.7465562842,0,0,0,1,0,0,0
10.02018166,8.000119686,rate,aggressive,0.9888035655,-1.198029637,-1.683354378,1.068206233,-1.158941602,-2,-1.872554183,1.641533971,-0.05512037128,-2.034265889,1.714120223,0,0.3287812468,0.1856278408,1.399589358,-0.0960418731,0.3263608217,-0.1261712909,-0.436015885,0.665529334,0.1892634146,0.7392078759,0,0,0,1,0,0,0
10.03028035,8.010218382,rate,aggressive,0.9888035655,-1.198029637,-1.683354378,1.047618964,-1.141440709,-2,-1.872554183,1.641533971,-0.05512037128,-2.042919614,1.751755254,0,0.326995425,0.2102649918,0.8768815858,-0.0960418731,0.3263608217,-0.1261712909,-0.138918471,0.1841375061,0.0892140426,0.7425948695,0,0,0,1,0,0,0
10.04020262,8.020140648,rate,aggressive,0.9373193979,-1.157838464,-1.684516311,1.02730707,-1.123878206,-2,-1.900491118,1.720822573,-0.05327255279,-2.051257797,1.788169119,0,0.3298197059,0.1735053701,1.856661899,-0.1179389283,0.3399612308,-0.1106176451,-0.5680060935,0.8228281005,0.2281201802,0.7355554321,0,0,0,1,0,0,0
10.05029488,8.030232906,rate,aggressive,0.9373193979,-1.157838464,-1.684516311,1.006563154,-1.105647096,-2,-1.900491118,1.720822573,-0.05327255279,-2.059571023,1.824621653,0,0.3271828156,0.1972780528,1.290358687,-0.1179389283,0.3399612308,-0.1106176451,-0.2472769163,0.3133892675,0.1251511431,0.7387991025,0,0,0,1,0,0,0
10.06019545,8.040133476,rate,aggressive,0.9025958776,-1.130097508,-1.685247421,0.986132538,-1.087407692,-2,-1.918671727,1.772109866,-0.05179234594,-2.067561249,1.859796822,0,0.3284356556,0.1803871921,1.750946897,-0.1410667002,0.3572151065,-0.09894351661,-0.4402521741,0.5965570908,0.1846771082,0.7352926058,0,0,0,1,0,0,0
10.07030439,8.050242424,rate,aggressive,0.9025958776,-1.130097508,-1.685247421,0.9651911446,-1.068428126,-2,-1.918671727,1.772109866,-0.05179234594,-2.075550265,1.895102831,0,0.3267881056,0.2059625991,1.261864599,-0.1410667002,0.3572151065,-0.09894351661,-0.1505746918,0.1441364069,0.09428994665,0.7384192526,0,0,0,1,0,0,0
10.08019853,8.060136557,rate,aggressive,0.8493357301,-1.087319016,-1.686269045,0.9446173797,-1.049509283,-2,-1.946428061,1.846694708,-0.04943406209,-2.083203155,1.929051077,0,0.3300534516,0.1671338521,2.124106164,-0.2180333436,0.4715787768,-0.08351037651,-0.6023692185,0.7991237283,0.2304697417,0.7317931049,0,0,0,1,0,0,0
10.09022355,8.070161581,rate,aggressive,0.8493357301,-1.087319016,-1.686269045,0.9236950521,-1.030000681,-2,-1.946428061,1.846694708,-0.04943406209,-2.090788807,1.962824357,0,0.3274779574,0.1917546533,1.610225799,-0.2180333436,0.4715787768,-0.08351037651,-0.280656646,0.307048002,0.1348036875,0.7347298695,0,0,0,1,0,0,0
10.10019088,8.080128908,rate,aggressive,0.8136354089,-1.057840586,-1.686918259,0.9028185903,-1.010271851,-2,-1.963841558,1.894775867,-0.0481813252,-2.098162067,1.995769664,0,0.3289933148,0.1748233006,1.94602934,-0.2432029247,0.4819899797,-0.07182428986,-0.4685683098,0.5845342572,0.1893923519,0.731348411,0,0,0,1,0,0,0
10.11027622,8.090214252,rate,aggressive,0.8136354089,-1.057840586,-1.686918259,0.8816210033,-0.9899784669,-2,-1.963841558,1.894775867,-0.0481813252,-2.105450776,2.028451167,0,0.327486618,0.2006083163,1.520948415,-0.2432029247,0.4819899797,-0.07182428986,-0.1769538617,0.1446258956,0.1052594895,0.7341557071,0,0,0,1,0,0,0
10.12018967,8.100127697,rate,aggressive,0.7589945197,-1.012611985,-1.687782407,0.8607139208,-0.9697129879,-2,-1.989744544,1.963434935,-0.04536409676,-2.112446201,2.059924216,0,0.331160061,0.1625539276,2.241060009,-0.2513692677,0.4139433801,-0.05389134586,-0.6248090758,0.7983690483,0.2299939722,0.7281393129,0,0,0,1,0,0,0
10.13028073,8.110218763,rate,aggressive,0.7589945197,-1.012611985,-1.687782407,0.8393618826,-0.9487673356,-2,-1.989744544,1.963434935,-0.04536409676,-2.119394258,2.091287488,0,0.3286561696,0.187651872,1.774431581,-0.2513692677,0.4139433801,-0.05389134586,-0.3005983512,0.3170476975,0.1407245176,0.7307750718,0,0,0,1,0,0,0
10.14019156,8.120129585,rate,aggressive,0.7221260667,-0.9817084074,-1.688298821,0.8183238317,-0.9278910899,-2,-2.006407022,2.007402182,-0.0427088663,-2.126048058,2.121419036,0,0.3306175107,0.1706981774,2.084294541,-0.2892793417,0.4577177167,-0.04224535823,-0.4977589073,0.6089763005,0.1930887455,0.7279552874,0,0,0,1,0,0,0
10.15023208,8.130170107,rate,aggressive,0.7221260667,-0.9817084074,-1.688298821,0.7969440797,-0.9064405608,-2,-2.006407022,2.007402182,-0.0427088663,-2.132616447,2.151256436,0,0.3292728481,0.1960788423,1.681801242,-0.2892793417,0.4577177167,-0.04224535823,-0.2025422233,0.1778734723,0.1138154005,0.7304353392,0,0,0,1,0,0,0
10.16019845,8.14013648,rate,aggressive,0.6848593354,-0.9502527118,-1.688772202,0.7756578535,-0.8848556322,-2,-2.022453785,2.049951077,-0.04014374688,-2.13896411,2.180178629,0,0.3307323562,0.1792913596,1.890820429,-0.3538452685,0.5652945638,-0.03123327158,-0.4125601597,0.4877573073,0.170096371,0.7276765858,0,0,0,1,0,0,0
10.17046809,8.150406122,rate,aggressive,0.6848593354,-0.9502527118,-1.688772202,0.75365864,-0.8623160766,-2,-2.022453785,2.049951077,-0.04014374688,-2.145324896,2.209246837,0,0.3306492683,0.2051437784,1.580139266,-0.3538452685,0.5652945638,-0.03123327158,-0.1330964468,0.08627694668,0.09697135954,0.7300515538,0,0,0,1,0,0,0
10.18018627,8.160124302,rate,aggressive,0.6282272935,-0.9021309018,-1.689346552,0.7327814261,-0.8407153847,-2,-2.045139551,2.110403776,-0.03664962575,-2.151175358,2.236059114,0,0.3334801302,0.1684519253,1.977236823,-0.3669133186,0.5370721817,-0.0141588971,-0.5859928117,0.7468599893,0.2134431304,0.7249341134,0,0,0,1,0,0,0
10.19030714,8.170245171,rate,aggressive,0.6282272935,-0.9021309018,-1.689346552,0.7109795647,-0.8179462715,-2,-2.045139551,2.110403776,-0.03664962575,-2.157093305,2.263254963,0,0.3323259773,0.1929775202,1.650481974,-0.3669133186,0.5370721817,-0.0141588971,-0.2660476804,0.2911935284,0.1333854159,0.7270712187,0,0,0,1,0,0,0
10.20020008,8.180138111,rate,aggressive,0.5901864171,-0.8693547249,-1.689668655,0.6896116696,-0.7954275263,-2,-2.058945894,2.148602486,-0.03444097936,-2.162705008,2.289112484,0,0.334149899,0.1780314422,1.78931672,-0.3425103128,0.4488939941,-0.003078029724,-0.4533389156,0.5824099312,0.1779151049,0.7245344887,0,0,0,1,0,0,0
10.21026039,8.190198421,rate,aggressive,0.5901864171,-0.8693547249,-1.689668655,0.6678262163,-0.7722691882,-2,-2.058945894,2.148602486,-0.03444097936,-2.168235826,2.314663037,0,0.3343038787,0.2017587098,1.537101671,-0.3425103128,0.4488939941,-0.003078029724,-0.1620934486,0.1728266585,0.1066044755,0.7265123943,0,0,0,1,0,0,0
10.22020054,8.200138569,rate,aggressive,0.5321681499,-0.8195379972,-1.689955592,0.6462471961,-0.7491387128,-2,-2.078992128,2.203186274,-0.03037467785,-2.173526005,2.339162981,0,0.3377833964,0.1683714343,1.912576153,-0.3205046058,0.4044479728,0.01340597495,-0.5964460885,0.8187834084,0.205701635,0.7221952826,0,0,0,1,0,0,0
10.23025465,8.21019268,rate,aggressive,0.5321681499,-0.8195379972,-1.689955592,0.6243681647,-0.7254991171,-2,-2.078992128,2.203186274,-0.03037467785,-2.178699878,2.363182037,0,0.33685559,0.1909526141,1.559394427,-0.3205046058,0.4044479728,0.01340597495,-0.2742286467,0.3685751417,0.1300295118,0.7240044048,0,0,0,1,0,0,0
10.24020076,8.220138788,rate,aggressive,0.4734850526,-0.7686932087,-1.690086722,0.6026738552,-0.7018796448,-2,-2.097490788,2.25506258,-0.02530277334,-2.18364265,2.38618157,0,0.3423449119,0.1589168435,2.042901985,-0.3513543606,0.5010470748,0.02769778855,-0.678796211,0.9783308294,0.2140002566,0.7203081193,0,0,0,1,0,0,0
10.25021267,8.2301507,rate,aggressive,0.4734850526,-0.7686932087,-1.690086722,0.580787248,-0.6778767271,-2,-2.097490788,2.25506258,-0.02530277334,-2.188441409,2.408560853,0,0.3403052073,0.180205343,1.621284224,-0.3513543606,0.5010470748,0.02769778855,-0.3406802608,0.5068325329,0.1384699459,0.721939464,0,0,0,1,0,0,0
10.26020002,8.240138054,rate,aggressive,0.4341385663,-0.7341831326,-1.690100789,0.5589073404,-0.6537133367,-2,-2.10869956,2.288136005,-0.02238887735,-2.193051366,2.430105913,0,0.3436279325,0.1666491636,1.759048777,-0.3865629137,0.5917602777,0.03545837104,-0.5006911076,0.7624496754,0.1679679396,0.7200890304,0,0,0,1,0,0,0
10.2703433,8.250281334,rate,aggressive,0.4341385663,-0.7341831326,-1.690100789,0.5366396264,-0.6289565064,-2,-2.10869956,2.288136005,-0.02238887735,-2.197551935,2.451183475,0,0.3429528118,0.1870307031,1.384430701,-0.3865629137,0.5917602777,0.03545837104,-0.2011654081,0.3496555344,0.1032076724,0.7215892048,0,0,0,1,0,0,0
10.28018951,8.260127544,rate,aggressive,0.3742958307,-0.68189466,-1.689991474,0.5149812802,-0.6047241229,-2,-2.124308586,2.334133625,-0.01785121858,-2.201745527,2.470862259,0,0.3490744528,0.1581450764,1.722878811,-0.4143476188,0.6430982947,0.04894807562,-0.6064492628,0.9440273968,0.1802073238,0.7184563918,0,0,0,1,0,0,0
10.29033446,8.270272493,rate,aggressive,0.3742958307,-0.68189466,-1.689991474,0.492623529,-0.5795579214,-2,-2.124308586,2.334133625,-0.01785121858,-2.205885506,2.490326259,0,0.3472456455,0.1771146486,1.324758787,-0.4143476188,0.6430982947,0.04894807562,-0.2817840809,0.4988569061,0.1141622156,0.7197626553,0,0,0,1,0,0,0
10.30019212,8.280130148,rate,aggressive,0.3341777921,-0.6465429664,-1.689826727,0.4708595697,-0.5549192015,-2,-2.133269072,2.36252737,-0.01400923729,-2.209732094,2.508443653,0,0.3511186152,0.1653312255,1.384821877,-0.4208943546,0.6651471853,0.0584295541,-0.4433592192,0.7533848661,0.1409071742,0.7185316214,0,0,0,1,0,0,0
10.31027889,8.290216923,rate,aggressive,0.3341777921,-0.6465429664,-1.689826727,0.4485514037,-0.5295270239,-2,-2.133269072,2.36252737,-0.01400923729,-2.213488045,2.526164615,0,0.3506872013,0.1827798961,1.063900775,-0.4208943546,0.6651471853,0.0584295541,-0.1531391768,0.3612748111,0.08380446506,0.7196786626,0,0,0,1,0,0,0
10.32019472,8.300132751,rate,aggressive,0.2737155259,-0.5928364992,-1.68944478,0.4265852651,-0.5043949952,-2,-2.144471645,2.401930094,-0.00871633552,-2.217002539,2.54277361,0,0.3572612507,0.1586619083,1.272733472,-0.4029552639,0.6499224901,0.06785535812,-0.5291018904,0.9309413593,0.1462866324,0.7174871892,0,0,0,1,0,0,0
10.33027864,8.310216665,rate,aggressive,0.2737155259,-0.5928364992,-1.68944478,0.4042119417,-0.4786722064,-2,-2.144471645,2.401930094,-0.00871633552,-2.220395526,2.558833378,0,0.35567871,0.1745252154,0.9246294116,-0.4029552639,0.6499224901,0.06785535812,-0.2174273584,0.5080672827,0.08894035025,0.7184504016,0,0,0,1,0,0,0
10.34019232,8.320130348,rate,aggressive,0.2330689877,-0.5567958355,-1.689102769,0.3821838475,-0.4532298799,-2,-2.150878668,2.42595005,-0.004766126629,-2.223552959,2.573800278,0,0.3600253281,0.1648149213,0.9421363507,-0.3932439685,0.6619446874,0.07408821583,-0.3724223155,0.7534946847,0.1101959921,0.7176370607,0,0,0,1,0,0,0
10.35023189,8.330169916,rate,aggressive,0.2330689877,-0.5567958355,-1.689102769,0.3598450391,-0.4273174401,-2,-2.150878668,2.42595005,-0.004766126629,-2.226570087,2.588121977,0,0.3598526232,0.1790297206,0.6932396105,-0.3932439685,0.6619446874,0.07408821583,-0.09373695643,0.3823547764,0.06070604455,0.7184589402,0,0,0,1,0,0,0
10.36018968,8.340127707,rate,aggressive,0.1722645313,-0.5019221902,-1.688517451,0.3376591669,-0.4014782035,-2,-2.157755375,2.459389448,0.0003943630727,-2.229383074,2.601492152,0,0.3666957296,0.1591347269,0.7802564302,-0.3832049072,0.7049816251,0.08372190595,-0.4438251163,0.9265052807,0.1103493143,0.7169139807,0,0,0,1,0,0,0
10.37021232,8.350150347,rate,aggressive,0.1722645313,-0.5019221902,-1.688517451,0.3153014283,-0.3753404654,-2,-2.157755375,2.459389448,0.0003943630727,-2.23203357,2.614105448,0,0.3653818073,0.1716229775,0.5086244562,-0.3832049072,0.7049816251,0.08372190595,-0.1466380971,0.5258779478,0.06155679476,0.717565702,0,0,0,1,0,0,0
10.38019347,8.360131502,rate,aggressive,0.1314683259,-0.4652392268,-1.688021302,0.2930107325,-0.3491895018,-2,-2.161061525,2.479082823,0.003669527825,-2.234492608,2.62582103,0,0.3699921563,0.1641270569,0.4605332035,-0.3430105448,0.6616504192,0.08713517338,-0.2882403833,0.755283938,0.07667922137,0.7169568048,0,0,0,1,0,0,0
10.39022636,8.370164394,rate,aggressive,0.1314683259,-0.4652392268,-1.688021302,0.2705806686,-0.3227894144,-2,-2.161061525,2.479082823,0.003669527825,-2.236782677,2.636743192,0,0.3701012035,0.1749398473,0.4188423816,-0.3430105448,0.6616504192,0.08713517338,-0.02350198191,0.4058532185,0.03500751856,0.7174869085,0,0,0,1,0,0,0
10.40020704,8.380145073,rate,aggressive,0.07034406811,-0.4097163677,-1.687190652,0.2482454437,-0.2964222552,-2,-2.164280415,2.505934715,0.007898630574,-2.238879877,2.646755309,0,0.3772719757,0.1595553433,0.3780395745,-0.3122237027,0.6739034653,0.09246899188,-0.365888648,0.9282065319,0.07435286488,0.716408648,0,0,0,1,0,0,0
10.41023397,8.390172005,rate,aggressive,0.07034406811,-0.4097163677,-1.687190652,0.2257865446,-0.269836583,-2,-2.164280415,2.505934715,0.007898630574,-2.24080489,2.655953657,0,0.3762690606,0.1685943846,0.2762152127,-0.3122237027,0.6739034653,0.09246899188,-0.08283316558,0.5522639192,0.03363023034,0.71679858,0,0,0,1,0,0,0
10.42020965,8.400147676,rate,aggressive,0.02954004705,-0.3725351989,-1.68656373,0.203424211,-0.2432995849,-2,-2.165193796,2.52168417,0.01083142962,-2.242538976,2.664246462,0,0.3810247257,0.1625533878,0.2175798751,-0.2821547687,0.6810013056,0.09398989379,-0.2205835021,0.7751732839,0.04403386087,0.7164422272,0,0,0,1,0,0,0
10.43039179,8.410329819,rate,aggressive,0.02954004705,-0.3725351989,-1.68656373,0.1805821382,-0.2161325049,-2,-2.165193796,2.52168417,0.01083142962,-2.24412254,2.671825039,0,0.3814679688,0.1699686649,0.4827315461,-0.2821547687,0.6810013056,0.09398989379,0.03232729514,0.4473171318,0.009609150876,0.7167325515,0,0,0,1,0,0,0
10.44020319,8.42014122,rate,aggressive,-0.03164995089,-0.3165727854,-1.685539126,0.1585573971,-0.1898858154,-2,-2.16507268,2.542149544,0.01492232829,-2.245470159,2.678278653,0,0.3887339252,0.1588003935,0.3529110831,-0.2496684194,0.7017822266,0.09776822478,-0.3085730988,0.9484956551,0.03965627092,0.7162649012,0,0,0,1,0,0,0
10.45034575,8.430283785,rate,aggressive,-0.03164995089,-0.3165727854,-1.685539126,0.1357762809,-0.1626910656,-2,-2.16507268,2.542149544,0.01492232829,-2.246679214,2.684071989,0,0.3880679938,0.1643906403,0.5173552229,-0.2496684194,0.7017822266,0.09776822478,-0.03617999757,0.5940091251,0.006667280792,0.7164349584,0,0,0,1,0,0,0
10.46020794,8.440145969,rate,aggressive,-0.07230585068,-0.2790254951,-1.684804797,0.1136140585,-0.1361960089,-2,-2.163757086,2.553769588,0.01834037527,-2.247675331,2.688847355,0,0.3928288312,0.1600769947,0.5237493921,-0.2346515507,0.7357562184,0.09862261266,-0.1696259434,0.8061017348,0.01281395105,0.7165370918,0,0,0,1,0,0,0
10.47038269,8.450320721,rate,aggressive,-0.07230585068,-0.2790254951,-1.684804797,0.09074007712,-0.1088163442,-2,-2.163757086,2.553769588,0.01834037527,-2.248517434,2.69288603,0,0.3935773691,0.1639331277,0.7945773335,-0.2346515507,0.7357562184,0.09862261266,0.07316710229,0.4981615087,-0.01453419601,0.7166197374,0,0,0,1,0,0,0
10.48020697,8.460144997,rate,aggressive,-0.133305952,-0.2228849083,-1.683626175,0.06864676221,-0.08234505381,-2,-2.16059041,2.567394495,0.02308603562,-2.249151612,2.695928505,0,0.4007851627,0.1577879696,0.6945525864,-0.1921458542,0.7240427136,0.09703474492,-0.2530021705,0.95214175,0.004857118902,0.7169460808,0,0,0,1,0,0,0
10.4903748,8.470312834,rate,aggressive,-0.133305952,-0.2228849083,-1.683626175,0.04577519981,-0.05492103107,-2,-2.16059041,2.567394495,0.02308603562,-2.249622802,2.698189601,0,0.4004676269,0.1598971283,0.8968934703,-0.1921458542,0.7240427136,0.09703474492,0.007527072036,0.6231124785,-0.02012426103,0.7169314393,0,0,0,1,0,0,0
10.50021052,8.480148554,rate,aggressive,-0.1737900525,-0.1853812337,-1.68277967,0.02364703519,-0.02837517279,-2,-2.157390833,2.574344635,0.02652706578,-2.249899345,2.699516867,0,0.4052913084,0.157891094,0.912796284,-0.1668883264,0.7318131328,0.09686156362,-0.124585208,0.8163966698,-0.01804653896,0.7174011177,0,0,0,1,0,0,0
10.510216,8.490154028,rate,aggressive,-0.1737900525,-0.1853812337,-1.68277967,0.001135071073,-0.001362085147,-2,-2.157390833,2.574344635,0.02652706578,-2.249999768,2.699998887,0,0.4063134059,0.1583322175,1.139758757,-0.1668883264,0.7318131328,0.09686156362,0.1070943609,0.5339145909,-0.03823091944,0.717321831,0,0,0,1,0,0,0
10.52020264,8.500140667,rate,aggressive,-0.2342124283,-0.1290606707,-1.681418657,-0.02133460773,0.02560059702,-2,-2.151210546,2.581569195,0.03144672513,-2.249918069,2.699606737,0,0.4131962562,0.1570507333,1.07919674,-0.1267901808,0.7388137579,0.09292605519,-0.1973061949,0.9423564172,-0.02977546962,0.7182751964,0,0,0,1,0,0,0
10.53043985,8.510377884,rate,aggressive,-0.2342124283,-0.1290606707,-1.681418657,-0.04436627572,0.05323114661,-2,-2.151210546,2.581569195,0.03144672513,-2.249645666,2.698299331,0,0.4132383577,0.1558983454,1.25535312,-0.1267901808,0.7388137579,0.09292605519,0.04913589361,0.6438604948,-0.04662514515,0.7181241738,0,0,0,1,0,0,0
10.54019737,8.520135403,rate,aggressive,-0.2743600905,-0.09175612032,-1.680401802,-0.06631524265,0.07955028926,-2,-2.146408081,2.583942413,0.03475052491,-2.249208273,2.696200377,0,0.4180568775,0.1561324081,1.277751584,-0.1080691591,0.7555069327,0.090031147,-0.08568675475,0.8190362585,-0.04820325063,0.7189279342,0,0,0,1,0,0,0
10.55025411,8.530192137,rate,aggressive,-0.2743600905,-0.09175612032,-1.680401802,-0.088931907,0.1066507452,-2,-2.146408081,2.583942413,0.03475052491,-2.24857595,2.693166724,0,0.4193946872,0.1535442039,1.463920428,-0.1080691591,0.7555069327,0.090031147,0.1350184327,0.5644503836,-0.06115207078,0.7187356156,0,0,0,1,0,0,0
10.56019664,8.540134668,rate,aggressive,-0.3341614604,-0.03572921827,-1.678820848,-0.1112845856,0.1334091321,-2,-2.137588739,2.584390402,0.03858340532,-2.247769728,2.6893,0,0.4259553149,0.1569539845,1.436644491,-0.0952295959,0.8008742929,0.08578824997,-0.1586369635,0.9255246857,-0.06137897934,0.7199797389,0,0,0,1,0,0,0
10.57025909,8.550197124,rate,aggressive,-0.3341614604,-0.03572921827,-1.678820848,-0.1338977973,0.1604467333,-2,-2.137588739,2.584390402,0.03858340532,-2.246770531,2.684509672,0,0.4263174711,0.1530791005,1.582061435,-0.0952295959,0.8008742929,0.08578824997,0.07559941856,0.6581674884,-0.070476995,0.7197438706,0,0,0,1,0,0,0
10.58021879,8.560156822,rate,aggressive,-0.3737951517,0.001475303085,-1.677735686,-0.1562692737,0.1871564235,-2,-2.131040812,2.582250118,0.04086358845,-2.245600082,2.678901046,0,0.4308703679,0.1553546305,1.623248036,-0.07258529216,0.7909077406,0.08106850088,-0.04613834913,0.8018983476,-0.07589895745,0.720586028,0,0,0,1,0,0,0
10.59024429,8.570182323,rate,aggressive,-0.3737951517,0.001475303085,-1.677735686,-0.1787758735,0.2139818182,-2,-2.131040812,2.582250118,0.04086358845,-2.24423968,2.672385858,0,0.4324879487,0.1503604609,1.777400545,-0.07258529216,0.7909077406,0.08106850088,0.1626939382,0.5780976576,-0.08177547499,0.7203274702,0,0,0,1,0,0,0
10.60019827,8.580136299,rate,aggressive,-0.4328813851,0.05698915571,-1.676051497,-0.201107508,0.240546913,-2,-2.119960546,2.575410366,0.04400036857,-2.242708223,2.665056185,0,0.4385831879,0.1582384197,1.768232799,-0.03728038445,0.7676763535,0.07453085482,-0.1240088352,0.8929899097,-0.09035930184,0.7218739899,0,0,0,1,0,0,0
10.61031818,8.590256214,rate,aggressive,-0.4328813851,0.05698915571,-1.676051497,-0.2237948695,0.2674756559,-2,-2.119960546,2.575410366,0.04400036857,-2.240966721,2.6567273,0,0.4392770994,0.1522858181,1.883567047,-0.03728038445,0.7676763535,0.07453085482,0.09887440127,0.6602400033,-0.09203222072,0.7215979708,0,0,0,1,0,0,0
10.62019992,8.600137949,rate,aggressive,-0.4719512463,0.09393215925,-1.674899697,-0.245930366,0.2936850353,-2,-2.111952305,2.568832636,0.04625647888,-2.23908682,2.647743772,0,0.4434826452,0.1566199674,1.920749502,-0.01271680743,0.7573029399,0.0694643259,-0.02359688619,0.7938511645,-0.1004675757,0.7227229612,0,0,0,1,0,0,0
10.63023829,8.610176325,rate,aggressive,-0.4719512463,0.09393215925,-1.674899697,-0.2683968186,0.3202146946,-2,-2.111952305,2.568832636,0.04625647888,-2.236995787,2.63776016,0,0.4453407658,0.150088433,2.038072322,-0.01271680743,0.7573029399,0.0694643259,0.1756630434,0.6004074729,-0.09984600753,0.7224487919,0,0,0,1,0,0,0
10.64019513,8.620133162,rate,aggressive,-0.5301257968,0.1489080042,-1.673124433,-0.2906591459,0.3464256092,-2,-2.098979473,2.55533576,0.04885094985,-2.234741368,2.627006913,0,0.4507827834,0.1611038845,2.04740661,0.003303127596,0.7753250599,0.06035687402,-0.1040108747,0.8729773579,-0.1158603266,0.7242683715,0,0,0,1,0,0,0
10.6502533,8.630191326,rate,aggressive,-0.5301257968,0.1489080042,-1.673124433,-0.3131243265,0.3727902596,-2,-2.098979473,2.55533576,0.04885094985,-2.232281805,2.615287527,0,0.4517306044,0.1541108085,2.125752696,0.003303127596,0.7753250599,0.06035687402,0.108579479,0.6734788629,-0.110730538,0.7240063674,0,0,0,1,0,0,0
10.66020226,8.640140295,rate,aggressive,-0.5685559511,0.1854047626,-1.671919703,-0.3353203796,0.3987485074,-2,-2.089819908,2.54430294,0.05065065622,-2.229668988,2.60285205,0,0.455577728,0.1598475912,2.171813875,0.00300423312,0.7976310849,0.05379168689,-0.008437600599,0.7814386207,-0.1215680658,0.7252719181,0,0,0,1,0,0,0
10.67031598,8.650254011,rate,aggressive,-0.5685559511,0.1854047626,-1.671919703,-0.3578564164,0.4250054872,-2,-2.089819908,2.54430294,0.05065065622,-2.226829678,2.58935511,0,0.4576455857,0.152862239,2.254236077,0.00300423312,0.7976310849,0.05379168689,0.1820590849,0.619213177,-0.1148606234,0.7250289199,0,0,0,1,0,0,0
10.68019867,8.6601367,rate,aggressive,-0.6257517934,0.2392728776,-1.670062661,-0.3798490353,0.4505266845,-2,-2.075279951,2.523540974,0.0529788062,-2.223877001,2.57533751,0,0.4625526834,0.1660443263,2.294854961,0.02139235474,0.7797906399,0.04336621612,-0.09121248244,0.8353570356,-0.1374606806,0.7271202504,0,0,0,1,0,0,0
10.69024444,8.670182467,rate,aggressive,-0.6257517934,0.2392728776,-1.670062661,-0.4021737558,0.4763228619,-2,-2.075279951,2.523540974,0.0529788062,-2.220695292,2.560253417,0,0.4637224186,0.159060299,2.339635427,0.02139235474,0.7797906399,0.04336621612,0.1130586746,0.6709010885,-0.1259436103,0.7269162999,0,0,0,1,0,0,0
10.70020032,8.68013835,rate,aggressive,-0.6635064483,0.2748397887,-1.668809414,-0.424266298,0.5017345982,-2,-2.065018177,2.507473707,0.05448519066,-2.217362954,2.544478366,0,0.4673374674,0.1659726233,2.386705362,0.0306290295,0.7749883533,0.03636852652,-0.001209257634,0.7516178851,-0.1389501166,0.7283290014,0,0,0,1,0,0,0
10.71023059,8.690168619,rate,aggressive,-0.6635064483,0.2748397887,-1.668809414,-0.4464894574,0.5271732442,-2,-2.065018177,2.507473707,0.05448519066,-2.213825694,2.52775915,0,0.4695271573,0.159761736,2.434370034,0.0306290295,0.7749883533,0.03636852652,0.1816360041,0.6227644331,-0.1267250304,0.7281659846,0,0,0,1,0,0,0
10.72020602,8.700144053,rate,aggressive,-0.7009661794,0.3100482225,-1.667554855,-0.4685550374,0.5523024015,-2,-2.05437398,2.489456415,0.05559164286,-2.210128843,2.510314137,0,0.4724635439,0.1666884904,2.471790635,0.02925786935,0.7860761285,0.02906768769,0.05553295431,0.7077209251,-0.1406929148,0.7295618569,0,0,0,1,0,0,0
10.7302227,8.710160732,rate,aggressive,-0.7009661794,0.3100482225,-1.667554855,-0.4906738507,0.5773562827,-2,-2.05437398,2.489456415,0.05559164286,-2.20623746,2.491982645,0,0.4756009217,0.1617384594,2.522474641,0.02925786935,0.7860761285,0.02906768769,0.2252423236,0.6044982263,-0.1273788987,0.7294482132,0,0,0,1,0,0,0
10.74020481,8.720142841,rate,aggressive,-0.7565615177,0.3620745242,-1.665670633,-0.5126766563,0.6021369919,-2,-2.037523746,2.458575487,0.05732281506,-2.202181133,2.472908526,0,0.4784202541,0.1749382638,2.563488896,0.04330584779,0.769805789,0.01755165681,-0.03796562617,0.7511347878,-0.1568079397,0.7317139134,0,0,0,1,0,0,0
10.7502625,8.730200529,rate,aggressive,-0.7565615177,0.3620745242,-1.665670633,-0.5348042005,0.626908703,-2,-2.037523746,2.458575487,0.05732281506,-2.197914334,2.45288258,0,0.4807177711,0.1704214036,2.577248945,0.04330584779,0.769805789,0.01755165681,0.148436619,0.6469031625,-0.1382457895,0.7316723486,0,0,0,1,0,0,0
10.76020384,8.740141869,rate,aggressive,-0.811404705,0.4131655991,-1.663788676,-0.5566327155,0.6511919715,-2,-2.019840717,2.423494577,0.05888072774,-2.193519915,2.432298257,0,0.4843587254,0.1835998597,2.652565568,0.07109582424,0.7343169451,0.00596703589,-0.09747990455,0.7507712407,-0.170495595,0.7339556779,0,0,0,1,0,0,0
10.7703867,8.750324726,rate,aggressive,-0.811404705,0.4131655991,-1.663788676,-0.5789453281,0.675848948,-2,-2.019840717,2.423494577,0.05888072774,-2.188836693,2.410406473,0,0.4858785423,0.1794376727,2.627651088,0.07109582424,0.7343169451,0.00596703589,0.09672274504,0.6567207883,-0.1474927958,0.7339995053,0,0,0,1,0,0,0
10.78020763,8.760145664,rate,aggressive,-0.8475409746,0.4465777576,-1.6625278,-0.600418863,0.699414569,-2,-2.0075109,2.397762299,0.05942634121,-2.184145765,2.388525571,0,0.4887568693,0.1865922896,2.677963744,0.07460948825,0.7348896861,-0.001936777262,-0.01133977613,0.6862823685,-0.1637145245,0.7354521565,0,0,0,1,0,0,0
10.79024053,8.770178556,rate,aggressive,-0.8475409746,0.4465777576,-1.6625278,-0.6223073872,0.7232630374,-2,-2.0075109,2.397762299,0.05942634121,-2.179177402,2.365401758,0,0.4910930655,0.1845212244,2.656327288,0.07460948825,0.7348896861,-0.001936777262,0.1608920081,0.6229579445,-0.1417864261,0.7355727375,0,0,0,1,0,0,0
10.80019999,8.780138016,rate,aggressive,-0.9010685682,0.4956537783,-1.660644293,-0.6439855259,0.7467036807,-2,-1.988635063,2.355460167,0.0595273301,-2.174069672,2.341684203,0,0.4942469425,0.1952415798,2.765107125,0.04958540574,0.7484955192,-0.01344868913,-0.08152533821,0.6725709236,-0.1780903692,0.7375374517,0,0,0,1,0,0,0
10.81027412,8.790212154,rate,aggressive,-0.9010685682,0.4956537783,-1.660644293,-0.6658606357,0.7701700763,-2,-1.988635063,2.355460167,0.0595273301,-2.168725429,2.316927986,0,0.4958268502,0.1935478543,2.701569585,0.04958540574,0.7484955192,-0.01344868913,0.1011785849,0.6203485886,-0.1513526064,0.7377636872,0,0,0,1,0,0,0
10.82020307,8.800141096,rate,aggressive,-0.9362977743,0.5278596282,-1.659416676,-0.6873669123,0.7930504972,-2,-1.975424409,2.325089931,0.05931294337,-2.163283765,2.291783093,0,0.498286837,0.1997961675,2.765572641,0.04487802833,0.7351282835,-0.02131339721,0.001046558945,0.626455869,-0.1678280546,0.7390837501,0,0,0,1,0,0,0
10.83023715,8.81017518,rate,aggressive,-0.9362977743,0.5278596282,-1.659416676,-0.7090451607,0.8159158438,-2,-1.975424409,2.325089931,0.05931294337,-2.157608982,2.265628286,0,0.5006167542,0.2006113933,2.708200084,0.04487802833,0.7351282835,-0.02131339721,0.1639324843,0.5998643919,-0.1425751423,0.739401011,0,0,0,1,0,0,0
10.84020042,8.820138454,rate,aggressive,-0.988432467,0.5746608973,-1.657624364,-0.7305132165,0.8383565034,-2,-1.954922557,2.275501013,0.05867613852,-2.151800143,2.238926781,0,0.5032681082,0.2086656362,2.842042059,0.0530400835,0.696564436,-0.03221400455,-0.06701170691,0.5953610409,-0.18117409,0.741097174,0,0,0,1,0,0,0
10.85032415,8.830262184,rate,aggressive,-0.988432467,0.5746608973,-1.657624364,-0.7522668359,0.860882347,-2,-1.954922557,2.275501013,0.05867613852,-2.145720539,2.211057741,0,0.5048940481,0.2097610416,2.742287636,0.0530400835,0.696564436,-0.03221400455,0.1066916673,0.5833451668,-0.151171659,0.7415384524,0,0,0,1,0,0,0
10.86020041,8.840138435,rate,aggressive,-1.022703052,0.6051384211,-1.656458259,-0.7734285147,0.8825821295,-2,-1.940913081,2.240240335,0.05825015903,-2.139617898,2.183162399,0,0.5070835574,0.2147896088,2.803812193,0.0525643453,0.6796717048,-0.04054414481,0.006142470112,0.5654497008,-0.1685549231,0.7427914864,0,0,0,1,0,0,0
10.87023091,8.850168943,rate,aggressive,-1.022703052,0.6051384211,-1.656458259,-0.7948581627,0.9043353197,-2,-1.940913081,2.240240335,0.05825015903,-2.133246916,2.154125233,0,0.5093652968,0.2186348463,2.712687824,0.0525643453,0.6796717048,-0.04054414481,0.1617387312,0.5751215504,-0.1404805908,0.7433321007,0,0,0,1,0,0,0
10.88020444,8.860142469,rate,aggressive,-1.073378205,0.6497167349,-1.654769063,-0.8161018492,0.925672666,-2,-1.919059992,2.184254646,0.05730752647,-2.126739757,2.124556795,0,0.5113973007,0.223559547,2.856532063,0.06073752791,0.652525723,-0.05165195838,-0.05924895936,0.5268356655,-0.1803384222,0.7448211942,0,0,0,1,0,0,0
10.89023232,8.870170355,rate,aggressive,-1.073378205,0.6497167349,-1.654769063,-0.8373950259,0.9468255289,-2,-1.919059992,2.184254646,0.05730752647,-2.120024375,2.094136909,0,0.5129776762,0.2275786515,2.722951922,0.06073752791,0.652525723,-0.05165195838,0.1061264551,0.5522161445,-0.1478059202,0.7454942543,0,0,0,1,0,0,0
10.90019941,8.880137444,rate,aggressive,-1.106644869,0.6786301136,-1.65370059,-0.8584915221,0.9675444838,-2,-1.904031277,2.144786596,0.05637567863,-2.113178594,2.063225353,0,0.5147571059,0.2314585356,2.77801368,0.06572841108,0.6304201484,-0.05801836029,0.01181605746,0.5163882016,-0.164611371,0.7465812075,0,0,0,1,0,0,0
10.9102571,8.890195131,rate,aggressive,-1.106644869,0.6786301136,-1.65370059,-0.8797097513,0.9881360752,-2,-1.904031277,2.144786596,0.05637567863,-2.10609822,2.031359691,0,0.5169301395,0.2384846523,2.655415106,0.06572841108,0.6304201484,-0.05801836029,0.1595523638,0.5594512903,-0.1345396992,0.7473695847,0,0,0,1,0,0,0
10.92020798,8.900146008,rate,aggressive,-1.15577352,0.7207396626,-1.652192593,-0.9006317151,1.008190298,-2,-1.881015182,2.082564831,0.05450424552,-2.098923209,1.999177212,0,0.5183581787,0.2395999083,2.801203373,0.05840137228,0.5934709311,-0.06908010691,-0.05369014549,0.468920454,-0.1753574916,0.7484007274,0,0,0,1,0,0,0
10.930233,8.910171032,rate,aggressive,-1.15577352,0.7207396626,-1.652192593,-0.9216365279,1.02806687,-2,-1.881015182,2.082564831,0.05450424552,-2.091524504,1.966106399,0,0.5198462623,0.2466727665,2.63695663,0.05840137228,0.5934709311,-0.06908010691,0.1037527661,0.5298147566,-0.140984775,0.7493267376,0,0,0,1,0,0,0
10.94020247,8.920140505,rate,aggressive,-1.187942386,0.7475479245,-1.651225924,-0.9424505464,1.047501335,-2,-1.86517179,2.03872776,0.05317335948,-2.083997947,1.93258394,0,0.5214227149,0.2489554252,2.687360509,0.06456305832,0.5811687112,-0.07683484256,0.01354906864,0.4691391539,-0.1573070855,0.7501983008,0,0,0,1,0,0,0
10.95022178,8.930159807,rate,aggressive,-1.187942386,0.7475479245,-1.651225924,-0.9632921526,1.066693082,-2,-1.86517179,2.03872776,0.05317335948,-2.076264739,1.89826695,0,0.5234163876,0.2590692541,2.538232612,0.06456305832,0.5811687112,-0.07683484256,0.1539785505,0.5448109951,-0.12582879,0.7512422655,0,0,0,1,0,0,0
10.96019983,8.940137863,rate,aggressive,-1.235424757,0.7865414619,-1.649835944,-0.9839701178,1.085461036,-2,-1.840960145,1.970212936,0.05077910796,-2.06839558,1.863477625,0,0.5245924258,0.2563158624,2.69786399,0.06617078185,0.5564954877,-0.08684005588,-0.05034494309,0.4023940968,-0.1663321755,0.7518307676,0,0,0,1,0,0,0
10.97027135,8.950209379,rate,aggressive,-1.235424757,0.7865414619,-1.649835944,-1.004761289,1.104049689,-2,-1.840960145,1.970212936,0.05077910796,-2.06028356,1.827752905,0,0.5259581498,0.2664134733,2.498903189,0.06617078185,0.5564954877,-0.08684005588,0.09920755776,0.4998225769,-0.1308245865,0.7530284722,0,0,0,1,0,0,0
10.98020005,8.960138083,rate,aggressive,-1.266528487,0.8114389777,-1.648972631,-1.025176847,1.122019629,-2,-1.824617028,1.922587037,0.04904989153,-2.052120871,1.791946742,0,0.5271917766,0.2668909463,2.549263021,0.0623989217,0.5344997644,-0.09374515712,0.01006536163,0.4214745075,-0.1472216298,0.7536737604,0,0,0,1,0,0,0
10.9903698,8.970307827,rate,aggressive,-1.266528487,0.8114389777,-1.648972631,-1.046003159,1.140054267,-2,-1.824617028,1.922587037,0.04904989153,-2.043590146,1.754678065,0,0.5289987168,0.2802651265,2.367885932,0.0623989217,0.5344997644,-0.09374515712,0.1441078921,0.5294830213,-0.114674119,0.7550075758,0,0,0,1,0,0,0
11.00019979,8.980137825,rate,aggressive,-1.31233418,0.8470884562,-1.647784948,-1.06605045,1.15712339,-2,-1.79963696,1.848382711,0.04609402642,-2.035181691,1.718095483,0,0.52993658,0.2730947481,2.543714806,0.05395590514,0.4956381321,-0.101230666,-0.05530370662,0.3387705757,-0.155916979,0.7550478931,0,0,0,1,0,0,0
11.01031971,8.99025774,rate,aggressive,-1.31233418,0.8470884562,-1.647784948,-1.086601814,1.174317438,-2,-1.79963696,1.848382711,0.04609402642,-2.026358843,1.679872173,0,0.531120843,0.286222419,2.310369938,0.05395590514,0.4956381321,-0.101230666,0.08806872826,0.4714686279,-0.1193793121,0.7565247126,0,0,0,1,0,0,0
11.02021146,9.000149488,rate,aggressive,-1.342357993,0.8699576855,-1.647047639,-1.106602722,1.190747295,-2,-1.782710671,1.797402978,0.04370415211,-2.017572461,1.641971879,0,0.5320356101,0.2850069118,2.355300516,0.05623495951,0.4832197726,-0.106609568,0.003586177743,0.379787933,-0.1350800452,0.7568490557,0,0,0,1,0,0,0
11.03022075,9.010158777,rate,aggressive,-1.342357993,0.8699576855,-1.647047639,-1.126752014,1.206988122,-2,-1.782710671,1.797402978,0.04370415211,-2.008518912,1.603091433,0,0.5335267778,0.3010919972,2.151111426,0.05623495951,0.4832197726,-0.106609568,0.1310730101,0.5167387419,-0.1019425137,0.7584313858,0,0,0,1,0,0,0
11.04020572,9.020143747,rate,aggressive,-1.386387348,0.902102232,-1.646103501,-1.146761249,1.222799141,-2,-1.756583452,1.717916489,0.03983559087,-1.99932496,1.563786983,0,0.5343312702,0.2902864423,2.349728037,0.06708028913,0.4735120237,-0.113278091,-0.05280471292,0.2829523788,-0.1403315895,0.7578005304,0,0,0,1,0,0,0
11.0502615,9.030199528,rate,aggressive,-1.386387348,0.902102232,-1.646103501,-1.166818784,1.238323076,-2,-1.756583452,1.717916489,0.03983559087,-1.98990263,1.523693311,0,0.5352546518,0.3061819004,2.081098968,0.06708028913,0.4735120237,-0.113278091,0.08178921183,0.4472597231,-0.1039417967,0.759540954,0,0,0,1,0,0,0
11.06020403,9.040142059,rate,aggressive,-1.415178418,0.9224489331,-1.645551801,-1.186556476,1.253273333,-2,-1.738941312,1.663323998,0.03739324212,-1.980426172,1.483560342,0,0.5360469213,0.3033614413,2.1439292,0.06841389835,0.4546241462,-0.1174605861,0.001473434212,0.3302492891,-0.118379306,0.7595892941,0,0,0,1,0,0,0
11.07023883,9.050176859,rate,aggressive,-1.415178418,0.9224489331,-1.645551801,-1.206380995,1.267955314,-2,-1.738941312,1.663323998,0.03739324212,-1.970700983,1.442573189,0,0.5372192744,0.3222448133,1.900728983,0.06841389835,0.4546241462,-0.1174605861,0.1207796002,0.4965569624,-0.08558864607,0.7614496647,0,0,0,1,0,0,0
11.08021235,9.060150385,rate,aggressive,-1.443504691,0.9418366551,-1.645071864,-1.225986969,1.282137765,-2,-1.721198678,1.607433677,0.03453522176,-1.960875907,1.401369942,0,0.5376734942,0.3179624475,1.934559976,0.06898934394,0.4410597086,-0.122151576,0.03222419681,0.3661322186,-0.1024746781,0.7613340384,0,0,0,1,0,0,0
11.09023857,9.070176601,rate,aggressive,-1.443504691,0.9418366551,-1.645071864,-1.245596956,1.29597865,-2,-1.721198678,1.607433677,0.03453522176,-1.950839681,1.359493825,0,0.5390343269,0.3397084657,1.727252873,0.06898934394,0.4410597086,-0.122151576,0.1417642465,0.5372075641,-0.07168348622,0.763315494,0,0,0,1,0,0,0
11.10020018,9.080138206,rate,aggressive,-1.485113144,0.9690355062,-1.644479275,-1.26498013,1.309312331,-2,-1.694320798,1.521272063,0.03042124212,-1.940710815,1.317449034,0,0.5391120913,0.3212122664,1.925730531,0.07392652333,0.4237168431,-0.1252634972,-0.03929241576,0.2392883902,-0.1109860251,0.761950265,0,0,0,1,0,0,0
11.11022973,9.090167761,rate,aggressive,-1.485113144,0.9690355062,-1.644479275,-1.284392796,1.322311681,-2,-1.694320798,1.521272063,0.03042124212,-1.93035527,1.274689566,0,0.5398960085,0.3426961509,1.629080787,0.07392652333,0.4237168431,-0.1252634972,0.0800795186,0.4431768221,-0.07619357472,0.7640803915,0,0,0,1,0,0,0
11.12020373,9.100141764,rate,aggressive,-1.525710225,0.9940775037,-1.644035339,-1.303594159,1.334811659,-2,-1.667214155,1.432505846,0.02571248822,-1.919901101,1.231754921,0,0.540505459,0.3237479865,1.982750142,0.08620662987,0.4356844723,-0.1284128428,-0.08735566575,0.132444589,-0.1118201924,0.7621973042,0,0,0,1,0,0,0
11.13037229,9.110310316,rate,aggressive,-1.525710225,0.9940775037,-1.644035339,-1.323061911,1.34711254,-2,-1.667214155,1.432505846,0.02571248822,-1.909083763,1.187574203,0,0.5407503265,0.345186253,1.588001528,0.08620662987,0.4356844723,-0.1284128428,0.03583532754,0.3638985362,-0.07505170582,0.7645074874,0,0,0,1,0,0,0
11.14020109,9.120139122,rate,aggressive,-1.552155972,1.009473562,-1.643843174,-1.341773916,1.358573549,-2,-1.649068475,1.371626258,0.02248726413,-1.898475872,1.144491344,0,0.5412754334,0.3380828237,1.7776245,0.09592747688,0.4448086917,-0.1305475086,-0.04189147325,0.2026086077,-0.08857257855,0.7637397749,0,0,0,1,0,0,0
11.15028358,9.130221605,rate,aggressive,-1.552155972,1.009473562,-1.643843174,-1.360859763,1.369888502,-2,-1.649068475,1.371626258,0.02248726413,-1.887439846,1.099924451,0,0.5416095022,0.3621442527,1.388558488,0.09592747688,0.4448086917,-0.1305475086,0.06610586191,0.4268460931,-0.0559603917,0.7661552775,0,0,0,1,0,0,0
11.16020584,9.140143871,rate,aggressive,-1.591071606,1.030919075,-1.643680811,-1.379532933,1.380583185,-2,-1.621881008,1.278068066,0.01738572493,-1.876427456,1.055711998,0,0.5421964261,0.3384351907,1.915004156,0.07720053196,0.3550536633,-0.1310808361,-0.1025355176,0.06594776584,-0.09271417476,0.7635283641,0,0,0,1,0,0,0
11.17036057,9.150298595,rate,aggressive,-1.591071606,1.030919075,-1.643680811,-1.398529658,1.39107243,-2,-1.621881008,1.278068066,0.01738572493,-1.865002141,1.010115184,0,0.5419835838,0.3622276845,1.426122837,0.07720053196,0.3550536633,-0.1310808361,0.01138589973,0.3231804312,-0.05755729615,0.7661065323,0,0,0,1,0,0,0
11.18020916,9.16014719,rate,aggressive,-1.61644268,1.043835878,-1.643676996,-1.41684213,1.400801548,-2,-1.603629827,1.214337826,0.01380069554,-1.853772448,0.9655704403,0,0.5424305966,0.3530538227,1.648583163,0.06166354194,0.3204929531,-0.1312074065,-0.06295279923,0.1519965773,-0.07127024396,0.7649389339,0,0,0,1,0,0,0
11.19025946,9.170197487,rate,aggressive,-1.61644268,1.043835878,-1.643676996,-1.435414878,1.410276076,-2,-1.603629827,1.214337826,0.01380069554,-1.842162627,0.9198006857,0,0.5422320228,0.379263078,1.171234701,0.06166354194,0.3204929531,-0.1312074065,0.03737747185,0.3994428995,-0.040037315,0.7675973984,0,0,0,1,0,0,0
11.20020318,9.180141211,rate,aggressive,-1.653604031,1.061102033,-1.643809199,-1.453675109,1.419195937,-2,-1.576151252,1.117176533,0.008700691164,-1.830527582,0.8742199785,0,0.5432077915,0.3518677405,1.79970398,0.04564760253,0.3002853692,-0.1307541132,-0.1174466745,0.005697129391,-0.07491925679,0.7643544647,0,0,0,1,0,0,0
11.21028614,9.190224171,rate,aggressive,-1.653604031,1.061102033,-1.643809199,-1.472072138,1.427776445,-2,-1.576151252,1.117176533,0.008700691164,-1.818579922,0.8277151294,0,0.5424719707,0.3776708439,1.246779333,0.04564760253,0.3002853692,-0.1307541132,-0.01171878952,0.2888656495,-0.04142256081,0.7671460922,0,0,0,1,0,0,0
11.22023129,9.200169325,rate,aggressive,-1.677886605,1.071458101,-1.643964171,-1.490098987,1.435778996,-2,-1.557854056,1.051620603,0.005740621593,-1.806648847,0.7815787267,0,0.5429138191,0.3672252951,1.519336818,0.03461799398,0.2664972544,-0.1296125352,-0.07969175368,0.1071628582,-0.05429863994,0.7658695602,0,0,0,1,0,0,0
11.23022628,9.210164309,rate,aggressive,-1.677886605,1.071458101,-1.643964171,-1.508095882,1.443358085,-2,-1.557854056,1.051620603,0.005740621593,-1.794512167,0.7349588456,0,0.5421254455,0.3953665191,0.9722148523,0.03461799398,0.2664972544,-0.1296125352,0.01304580287,0.3763297425,-0.02465377011,0.76873208,0,0,0,1,0,0,0
11.24020576,9.220143795,rate,aggressive,-1.713349938,1.084488034,-1.644359827,-1.525943124,1.450459343,-2,-1.530295134,0.9517317414,0.001703916118,-1.782249433,0.6881739124,0,0.5436324543,0.3646184331,1.728166935,0.02821804769,0.2707981169,-0.1276249737,-0.1301518504,-0.05427367068,-0.05788375821,0.7651570789,0,0,0,1,0,0,0
11.25028706,9.230225086,rate,aggressive,-1.713349938,1.084488034,-1.644359827,-1.543847443,1.45715784,-2,-1.530295134,0.9517317414,0.001703916118,-1.769715629,0.6406863018,0,0.5423041696,0.3925230471,1.123578139,0.02821804769,0.2707981169,-0.1276249737,-0.03245732937,0.2535255293,-0.0261739918,0.768155523,0,0,0,1,0,0,0
11.26020694,9.240144968,rate,aggressive,-1.736467242,1.091861129,-1.644686818,-1.561341053,1.463280748,-2,-1.511823058,0.8843102455,-0.0009739783127,-1.75724029,0.5937529977,0,0.5430185755,0.3803341694,1.476915621,0.02022686414,0.2433983088,-0.1264011562,-0.09564660169,0.04974663342,-0.03843931197,0.7665748904,0,0,0,1,0,0,0
11.27022505,9.250163078,rate,aggressive,-1.736467242,1.091861129,-1.644686818,-1.578881578,1.468990805,-2,-1.511823058,0.8843102455,-0.0009739783127,-1.744499269,0.54616288,0,0.5415787027,0.4104665743,0.8726859519,0.02022686414,0.2433983088,-0.1264011562,-0.01023722429,0.3415689783,-0.01048759359,0.7696411206,0,0,0,1,0,0,0
11.28020144,9.260139465,rate,aggressive,-1.770311117,1.100934505,-1.645289421,-1.596221501,1.474202396,-2,-1.483753085,0.782045424,-0.005322101992,-1.73167038,0.4985944579,0,0.5435583755,0.3766108866,1.714656971,0.005461209454,0.2071001828,-0.1223303154,-0.1399043526,-0.1166556085,-0.04134044003,0.7654306874,0,0,0,1,0,0,0
11.29027629,9.270214319,rate,aggressive,-1.770311117,1.100934505,-1.645289421,-1.61360197,1.478982985,-2,-1.483753085,0.782045424,-0.005322101992,-1.718573197,0.4503934207,0,0.5415699438,0.4064011082,1.083076982,0.005461209454,0.2071001828,-0.1223303154,-0.05054625424,0.214416457,-0.01167966664,0.7686092711,0,0,0,1,0,0,0
11.30020738,9.280145407,rate,aggressive,-1.792207599,1.105254531,-1.645788908,-1.630604591,1.483219345,-2,-1.464877963,0.7129352093,-0.007877280004,-1.705524617,0.402735169,0,0.5426218115,0.3926791678,1.460933527,-0.002680310979,0.1763814539,-0.1196788028,-0.105332928,-0.005178097889,-0.02237768313,0.7666840866,0,0,0,1,0,0,0
11.31034827,9.290286303,rate,aggressive,-1.792207599,1.105254531,-1.645788908,-1.647831985,1.48705612,-2,-1.464877963,0.7129352093,-0.007877280004,-1.692059779,0.3539373824,0,0.5404463608,0.4249153666,0.8315971118,-0.002680310979,0.1763814539,-0.1196788028,-0.02787466053,0.3087421678,0.003473693025,0.7699551247,0,0,0,1,0,0,0
11.32020903,9.300147057,rate,aggressive,-1.82436347,1.109898806,-1.646614909,-1.66445186,1.490311792,-2,-1.436424375,0.6082881689,-0.01223518699,-1.678831738,0.3063744037,0,0.5432925411,0.3873795956,1.686974948,-0.02247351781,0.109710224,-0.1153011471,-0.1459024418,-0.1858653669,-0.02600792203,0.7651001353,0,0,0,1,0,0,0
11.33029532,9.310233355,rate,aggressive,-1.82436347,1.109898806,-1.646614909,-1.681316247,1.493156197,-2,-1.436424375,0.6082881689,-0.01223518699,-1.665164346,0.2576237862,0,0.540582795,0.4188522218,1.05525867,-0.02247351781,0.109710224,-0.1153011471,-0.0647571842,0.1705050013,0.001469604598,0.7684243022,0,0,0,1,0,0,0
11.34020829,9.320146322,rate,aggressive,-1.84522748,1.111498475,-1.647246003,-1.697755835,1.495472184,-2,-1.417236209,0.5381590128,-0.01552668866,-1.65159812,0.2096281067,0,0.5418662914,0.403855345,1.411849145,-0.02692306414,0.1122130081,-0.1114670411,-0.1131026488,-0.05253032611,-0.008647925609,0.7660253186,0,0,0,1,0,0,0
11.35023689,9.330174923,rate,aggressive,-1.84522748,1.111498475,-1.647246003,-1.714249676,1.497330699,-2,-1.417236209,0.5381590128,-0.01552668866,-1.637739881,0.1610047137,0,0.5389406949,0.4371593679,0.8123340022,-0.02692306414,0.1122130081,-0.1114670411,-0.04334651857,0.2807803538,0.01515558082,0.7693823856,0,0,0,1,0,0,0
11.36021829,9.340156317,rate,aggressive,-1.875618696,1.111653328,-1.648338437,-1.730527214,1.498696005,-2,-1.38791728,0.4323266149,-0.02054215223,-1.623814399,0.1125580842,0,0.5426964407,0.3978961474,1.668015691,-0.03771999851,0.08074089885,-0.105926834,-0.1418325242,-0.2344052363,-0.009921861274,0.7638352826,0,0,0,1,0,0,0
11.37033129,9.350269318,rate,aggressive,-1.875618696,1.111653328,-1.648338437,-1.746876945,1.499585942,-2,-1.38791728,0.4323266149,-0.02054215223,-1.60957167,0.06343569052,0,0.5391957033,0.4308516711,1.057018795,-0.03771999851,0.08074089885,-0.105926834,-0.07039485487,0.1414827974,0.01480084227,0.767277254,0,0,0,1,0,0,0
11.38019538,9.36013341,rate,aggressive,-1.895420074,1.110525489,-1.649139285,-1.762684861,1.499975276,-2,-1.36830759,0.361807555,-0.02390336245,-1.595551028,0.01550195639,0,0.5407337747,0.4148957922,1.404551826,-0.0435301736,0.05944895372,-0.1022716239,-0.1127441626,-0.09290600663,0.005308208283,0.7645520531,0,0,0,1,0,0,0
11.39024329,9.370181322,rate,aggressive,-1.895420074,1.110525489,-1.649139285,-1.778644526,1.499885707,-2,-1.36830759,0.361807555,-0.02390336245,-1.581139828,-0.03332996711,0,0.5369740676,0.4494469862,0.8527042804,-0.0435301736,0.05944895372,-0.1022716239,-0.05172288817,0.257328651,0.0266466086,0.7680088751,0,0,0,1,0,0,0
11.40021634,9.380154371,rate,aggressive,-1.924023271,1.106203556,-1.650515437,-1.794341453,1.499311656,-2,-1.33836925,0.255497098,-0.02844080329,-1.566708137,-0.08178731968,0,0.5417479229,0.4082992837,1.653466062,-0.04863791168,0.02881233022,-0.09605574608,-0.1346757352,-0.2845393735,0.004741032652,0.762041786,0,0,0,1,0,0,0
11.41025162,9.390189648,rate,aggressive,-1.924023271,1.106203556,-1.650515437,-1.809990404,1.498246344,-2,-1.33836925,0.255497098,-0.02844080329,-1.552058999,-0.1305203882,0,0.5374388355,0.4421331107,1.086288256,-0.04863791168,0.02881233022,-0.09605574608,-0.07321176427,0.1096055257,0.02657825745,0.7655301272,0,0,0,1,0,0,0
11.42022085,9.400158882,rate,aggressive,-1.942723155,1.102341056,-1.651461959,-1.825390183,1.496704007,-2,-1.318308234,0.1853974164,-0.03038614988,-1.537380906,-0.1788906131,0,0.5392290143,0.4261712356,1.39631584,-0.05234788358,-0.01334415004,-0.09255506098,-0.1067642038,-0.1276647582,0.01898220233,0.7629321335,0,0,0,1,0,0,0
11.43067241,9.410610437,rate,aggressive,-1.942723155,1.102341056,-1.651461959,-1.841377213,1.494569582,-2,-1.318308234,0.1853974164,-0.03038614988,-1.521859806,-0.229538914,0,0.5344090036,0.4631724502,0.9001576367,-0.05234788358,-0.01334415004,-0.09255506098,-0.055057659,0.2404358101,0.03752065548,0.7665859987,0,0,0,1,0,0,0
11.4402132,9.420151234,rate,aggressive,-1.969625711,1.094018459,-1.652949452,-1.855828905,1.492159317,-2,-1.287612796,0.08018725365,-0.03344855085,-1.50757363,-0.2757031992,0,0.5402869038,0.4197136985,1.577516161,-0.05732383206,-0.04522141442,-0.08558271825,-0.1249760879,-0.3454374244,0.01786027397,0.7605116337,0,0,0,1,0,0,0
11.45023251,9.430170536,rate,aggressive,-1.969625711,1.094018459,-1.652949452,-1.870858085,1.489154456,-2,-1.287612796,0.08018725365,-0.03344855085,-1.492451312,-0.3240950191,0,0.5350996003,0.454446674,1.078970702,-0.05732383206,-0.04522141442,-0.08558271825,-0.07347886276,0.0711353027,0.03673998095,0.7640215893,0,0,0,1,0,0,0
11.46020794,9.440145969,rate,aggressive,-1.987006903,1.087158203,-1.653959751,-1.885670337,1.485681589,-2,-1.266913652,0.01063469052,-0.03498674184,-1.477274646,-0.3721702623,0,0.5374326397,0.4381956772,1.355883611,-0.05739034712,-0.04280876741,-0.08091291785,-0.09659736383,-0.1722012462,0.03160303457,0.7612722411,0,0,0,1,0,0,0
11.47028518,9.450223207,rate,aggressive,-1.987006903,1.087158203,-1.653959751,-1.900479427,1.48168694,-2,-1.266913652,0.01063469052,-0.03498674184,-1.461822197,-0.4206142548,0,0.5318681998,0.4745409,0.9718203892,-0.05739034712,-0.04280876741,-0.08091291785,-0.05520764425,0.2104104595,0.04699953301,0.7648080494,0,0,0,1,0,0,0
11.48022008,9.46015811,rate,aggressive,-2.012227297,1.074900508,-1.655521989,-1.914926324,1.477271489,-2,-1.235651255,-0.09326710552,-0.03763727099,-1.446470293,-0.4682386033,0,0.5385489633,0.4318157656,1.537893908,-0.05932811275,-0.07714254409,-0.07246498764,-0.1073441318,-0.3592624821,0.03156233105,0.7586822431,0,0,0,1,0,0,0
11.49024343,9.470181465,rate,aggressive,-2.012227297,1.074900508,-1.655521989,-1.929346697,1.472337991,-2,-1.235651255,-0.09326710552,-0.03763727099,-1.430864519,-0.5161351773,0,0.5324385852,0.4672710014,1.113755835,-0.05932811275,-0.07714254409,-0.07246498764,-0.06751375797,0.06594020355,0.04684967207,0.7621924035,0,0,0,1,0,0,0
11.50020742,9.480145454,rate,aggressive,-2.028237343,1.065117598,-1.656600356,-1.943526048,1.466958704,-2,-1.214243889,-0.162167415,-0.03911311179,-1.415235763,-0.5635815846,0,0.5353275572,0.4506227962,1.357879056,-0.05547512323,-0.06506239623,-0.06844737381,-0.08136734244,-0.1938921044,0.04388437639,0.7591990522,0,0,0,1,0,0,0
11.5102663,9.490204334,rate,aggressive,-2.028237343,1.065117598,-1.656600356,-1.957681899,1.461049567,-2,-1.214243889,-0.162167415,-0.03911311179,-1.399342733,-0.6112959112,0,0.5288322137,0.487347744,1.061130122,-0.05547512323,-0.06506239623,-0.06844737381,-0.05112713415,0.197882283,0.05578904252,0.7627144211,0,0,0,1,0,0,0
11.52020645,9.500144482,rate,aggressive,-2.044003487,1.054589987,-1.657679319,-1.971513047,1.45473966,-2,-1.192863584,-0.2307168692,-0.04101815075,-1.383524632,-0.6582502309,0,0.5315619188,0.469913715,1.237548955,-0.05175506696,-0.06646486372,-0.06327994168,-0.07105965534,-0.09191539028,0.05008113879,0.7595640902,0,0,0,1,0,0,0
11.53025389,9.510191917,rate,aggressive,-2.044003487,1.054589987,-1.657679319,-1.985333127,1.447888392,-2,-1.192863584,-0.2307168692,-0.04101815075,-1.367423279,-0.7054971483,0,0.5246992421,0.5075134376,1.08966194,-0.05175506696,-0.06646486372,-0.06327994168,-0.04705085144,0.2808551257,0.0599329543,0.7630660719,0,0,0,1,0,0,0
11.54020452,9.520142555,rate,aggressive,-2.066457748,1.036474228,-1.659362197,-1.998860065,1.440636379,-2,-1.160139203,-0.3330313563,-0.04338285699,-1.35136684,-0.7520615086,0,0.5328701564,0.4626406271,1.421011326,-0.04726080224,-0.08030385524,-0.05577331409,-0.07618670472,-0.3394715793,0.05026118122,0.7565086416,0,0,0,1,0,0,0
11.550246,9.530184031,rate,aggressive,-2.066457748,1.036474228,-1.659362197,-2.012347971,1.432849666,-2,-1.160139203,-0.3330313563,-0.04338285699,-1.335053958,-0.7988063245,0,0.5254288428,0.4994232321,1.163121675,-0.04726080224,-0.08030385524,-0.05577331409,-0.05506419211,0.08838285407,0.05960569847,0.7599851728,0,0,0,1,0,0,0
11.56020641,9.540144444,rate,aggressive,-2.087796926,1.016097426,-1.661046267,-2.025564626,1.42466337,-2,-1.126998186,-0.4342736304,-0.04563776031,-1.318765042,-0.8449160158,0,0.5344984779,0.455504666,1.694189344,-0.03860385716,-0.02065588348,-0.04874325916,-0.07313136415,-0.5202042873,0.05327104562,0.753299218,0,0,0,1,0,0,0
11.57023692,9.550174952,rate,aggressive,-2.087796926,1.016097426,-1.661046267,-2.038709794,1.415956694,-2,-1.126998186,-0.4342736304,-0.04563776031,-1.302254401,-0.8910757068,0,0.5264851507,0.4913915781,1.31664937,-0.03860385716,-0.02065588348,-0.04874325916,-0.05700118184,-0.05774683034,0.06125386459,0.7567560064,0,0,0,1,0,0,0
11.58021045,9.560148478,rate,aggressive,-2.101559401,1.001408577,-1.662159801,-2.051615557,1.406841839,-2,-1.104884624,-0.5011768341,-0.04625406489,-1.285732329,-0.9366852041,0,0.5301004789,0.4738278918,1.604848257,-0.03313855082,-0.02042517997,-0.04347257316,-0.06352808272,-0.3378338352,0.05931822424,0.7535806929,0,0,0,1,0,0,0
11.59025145,9.570189476,rate,aggressive,-2.101559401,1.001408577,-1.662159801,-2.064441645,1.397207321,-2,-1.104884624,-0.5011768341,-0.04625406489,-1.268993839,-0.9822982801,0,0.5216995057,0.5104401224,1.289975352,-0.03313855082,-0.02042517997,-0.04347257316,-0.05408953482,0.08113326243,0.06477186015,0.7570241279,0,0,0,1,0,0,0
11.60020828,9.580146313,rate,aggressive,-2.114554644,0.9854597449,-1.663271189,-2.076993751,1.38720287,-2,-1.082419991,-0.5680727363,-0.04668403789,-1.25229331,-1.027212229,0,0.5255422449,0.4917778132,1.525373412,-0.02824553475,-0.08391239494,-0.03799831867,-0.05646483942,-0.2409897006,0.06387303533,0.7537416445,0,0,0,1,0,0,0
11.61023831,9.590176344,rate,aggressive,-2.114554644,0.9854597449,-1.663271189,-2.089469498,1.376674386,-2,-1.082419991,-0.5680727363,-0.04668403789,-1.235368344,-1.072122724,0,0.5167827903,0.5288090284,1.28031987,-0.02824553475,-0.08391239494,-0.03799831867,-0.05319259563,0.1554235373,0.06704063133,0.7571547964,0,0,0,1,0,0,0
11.62022305,9.600161076,rate,aggressive,-2.133343935,0.9599354267,-1.664920211,-2.101719789,1.36574777,-2,-1.048542976,-0.6670020223,-0.04680952057,-1.21841983,-1.116483325,0,0.5272212151,0.4827864102,1.724920168,-0.02590656094,-0.1741830409,-0.02833163366,-0.05522646355,-0.5005207669,0.06455041654,0.7506370384,0,0,0,1,0,0,0
11.63027287,9.610210896,rate,aggressive,-2.133343935,0.9599354267,-1.664920211,-2.113878552,1.35430447,-2,-1.048542976,-0.6670020223,-0.04680952057,-1.201261482,-1.160768909,0,0.5178651454,0.5189603181,1.382698148,-0.02590656094,-0.1741830409,-0.02833163366,-0.05687929396,-0.04874579044,0.0664465417,0.7540027747,0,0,0,1,0,0,0
11.64022279,9.620160818,rate,aggressive,-2.151066542,0.93231076,-1.666570902,-2.125746095,1.342538327,-2,-1.014408112,-0.7643694878,-0.0474977456,-1.184176873,-1.204240142,0,0.5292473387,0.4738814838,2.012391922,-0.02360583097,-0.06677419692,-0.02305241302,-0.05067992162,-0.6893027091,0.06608006012,0.7472524577,0,0,0,1,0,0,0
11.65026259,9.630200624,rate,aggressive,-2.151066542,0.93231076,-1.666570902,-2.137548061,1.330229427,-2,-1.014408112,-0.7643694878,-0.0474977456,-1.166841683,-1.24771252,0,0.519323578,0.5090309578,1.57709063,-0.02360583097,-0.06677419692,-0.02305241302,-0.05798164232,-0.2034176291,0.06634251197,0.7505671598,0,0,0,1,0,0,0
11.66021872,9.640156746,rate,aggressive,-2.162052393,0.9125471711,-1.667678356,-2.149079311,1.317594111,-2,-0.9912180901,-0.8294428587,-0.04855681211,-1.149556903,-1.290420188,0,0.524088732,0.489825522,1.918741745,-0.01990921237,-0.1324875206,-0.01811437123,-0.04947411898,-0.5034673491,0.0680220426,0.7468563194,0,0,0,1,0,0,0
11.67023778,9.65017581,rate,aggressive,-2.162052393,0.9125471711,-1.667678356,-2.16050927,1.30445175,-2,-0.9912180901,-0.8294428587,-0.04855681211,-1.132069677,-1.332979463,0,0.5138377712,0.5251152685,1.51605175,-0.01990921237,-0.1324875206,-0.01811437123,-0.06185411736,-0.06464853682,0.06617530623,0.7501204798,0,0,0,1,0,0,0
11.6802187,9.660156727,rate,aggressive,-2.178135872,0.8815867901,-1.669298291,-2.171721045,1.290937598,-2,-0.9567276835,-0.9252221584,-0.04941086844,-1.114557509,-1.374945664,0,0.5262821055,0.4791689879,2.047196404,-0.01414118707,-0.3800086975,-0.009508000687,-0.04715325549,-0.707445375,0.06782442485,0.743238718,0,0,0,1,0,0,0
11.69026518,9.670203209,rate,aggressive,-2.178135872,0.8815867901,-1.669298291,-2.182829501,1.27691391,-2,-0.9567276835,-0.9252221584,-0.04941086844,-1.096839483,-1.416739359,0,0.515431064,0.513480193,1.608269524,-0.01414118707,-0.3800086975,-0.009508000687,-0.06497350108,-0.2246957435,0.06453443941,0.7464160862,0,0,0,1,0,0,0
11.70021391,9.680151939,rate,aggressive,-2.187977552,0.8597020507,-1.670366406,-2.193654015,1.262615166,-2,-0.9333801866,-0.9870808125,-0.04948771,-1.079205481,-1.457669899,0,0.520604943,0.495144563,1.772358048,-0.01471264381,-0.3928891718,-0.004824558739,-0.05071783407,-0.5014136878,0.06753933432,0.7430360487,0,0,0,1,0,0,0
11.71022248,9.690160513,rate,aggressive,-2.187977552,0.8597020507,-1.670366406,-2.204366182,1.24782187,-2,-0.9333801866,-0.9870808125,-0.04948771,-1.061378107,-1.498374948,0,0.509474128,0.5293903984,1.420928514,-0.01471264381,-0.3928891718,-0.004824558739,-0.07275715096,-0.06452379521,0.06249571247,0.7461126153,0,0,0,1,0,0,0
11.72021413,9.700152159,rate,aggressive,-2.202075005,0.8254616857,-1.671952367,-2.214881826,1.232649641,-2,-0.8986178637,-1.077080965,-0.04900313541,-1.043494985,-1.538526098,0,0.523049993,0.4861299193,1.839041832,-0.01742414013,-0.3925420046,0.001807681401,-0.04035761423,-0.7004510592,0.06867299903,0.7397682513,0,0,0,1,0,0,0
11.73022461,9.71016264,rate,aggressive,-2.202075005,0.8254616857,-1.671952367,-2.225237681,1.217048986,-2,-0.8986178637,-1.077080965,-0.04900313541,-1.025493532,-1.578253884,0,0.5113632493,0.5193005272,1.455592777,-0.01742414013,-0.3925420046,0.001807681401,-0.06938464111,-0.2204268943,0.06182633075,0.7427334822,0,0,0,1,0,0,0
11.74022555,9.720163584,rate,aggressive,-2.210850239,0.801600337,-1.672992468,-2.235403307,1.201068615,-2,-0.8754283786,-1.135151029,-0.0480027236,-1.007426108,-1.617432146,0,0.5168284867,0.5023173681,1.598192675,-0.01976224221,-0.3772029579,0.00614721654,-0.05214502705,-0.4980995694,0.06468148295,0.7397153033,0,0,0,1,0,0,0
11.75025654,9.730194569,rate,aggressive,-2.210850239,0.801600337,-1.672992468,-2.245417551,1.184649284,-2,-0.8754283786,-1.135151029,-0.0480027236,-0.9892224306,-1.656201582,0,0.504831973,0.5354876531,1.307047631,-0.01976224221,-0.3772029579,0.00614721654,-0.08364152044,-0.06474727901,0.05679328537,0.7425949686,0,0,0,1,0,0,0
11.76022243,9.740160465,rate,aggressive,-2.223052502,0.764354527,-1.674529314,-2.255185588,1.167954034,-2,-0.8404769897,-1.219846249,-0.04603948817,-0.9710570279,-1.694184799,0,0.5194769147,0.4941334241,1.684350183,-0.02257134207,-0.369459182,0.01171594951,-0.03445420966,-0.7127193584,0.06647555211,0.7367858867,0,0,0,1,0,0,0
11.77025485,9.750192881,rate,aggressive,-2.223052502,0.764354527,-1.674529314,-2.264835575,1.15076776,-2,-0.8404769897,-1.219846249,-0.04603948817,-0.9526914775,-1.731870879,0,0.506943961,0.5261947809,1.333873447,-0.02257134207,-0.369459182,0.01171594951,-0.0742594599,-0.2353101434,0.05657424768,0.7395541922,0,0,0,1,0,0,0
11.78021836,9.760156393,rate,aggressive,-2.230755091,0.7386866212,-1.675505996,-2.274236544,1.133328107,-2,-0.8173487782,-1.27433455,-0.04382405803,-0.9343751887,-1.768739207,0,0.5127659289,0.509952639,1.463350271,-0.02325721644,-0.3984948695,0.01553993113,-0.0526468561,-0.5182455282,0.05982038447,0.7369131715,0,0,0,1,0,0,0
11.79025364,9.770191669,rate,aggressive,-2.230755091,0.7386866212,-1.675505996,-2.283520373,1.115394393,-2,-0.8173487782,-1.27433455,-0.04382405803,-0.9158510308,-1.805298015,0,0.4999892794,0.5417983421,1.204471981,-0.02325721644,-0.3984948695,0.01553993113,-0.0935394761,-0.08765401542,0.04940336499,0.7395873643,0,0,0,1,0,0,0
11.80021095,9.780148983,rate,aggressive,-2.241100073,0.6987350583,-1.676944852,-2.292547973,1.097240288,-2,-0.7820014954,-1.35362041,-0.04060458392,-0.8973969416,-1.840990644,0,0.5155753418,0.5024883946,1.529081452,-0.02625488117,-0.3888761997,0.0206008032,-0.02680839721,-0.7325039468,0.06267347094,0.7343233929,0,0,0,1,0,0,0
11.81022882,9.790166855,rate,aggressive,-2.241100073,0.6987350583,-1.676944852,-2.301444679,1.078620095,-2,-0.7820014954,-1.35362041,-0.04060458392,-0.8787578933,-1.876303536,0,0.5023133895,0.5331117921,1.204133405,-0.02625488117,-0.3888761997,0.0206008032,-0.07756071234,-0.2589609372,0.05001126116,0.7368743285,0,0,0,1,0,0,0
11.82022095,9.800158978,rate,aggressive,-2.247485161,0.6712952852,-1.677857757,-2.310132156,1.059698394,-2,-0.7584899664,-1.404675126,-0.03800420091,-0.8600955938,-1.910917941,0,0.5084852465,0.5177352704,1.323731466,-0.02822842635,-0.4041713774,0.02401855588,-0.04693090513,-0.5415146534,0.05489175827,0.7344118513,0,0,0,1,0,0,0
11.83028579,9.810223818,rate,aggressive,-2.247485161,0.6712952852,-1.677857757,-2.318693986,1.040292462,-2,-0.7584899664,-1.404675126,-0.03800420091,-0.8412271644,-1.945159315,0,0.4949800384,0.5480993721,1.085514691,-0.02822842635,-0.4041713774,0.02401855588,-0.09834444877,-0.1154815154,0.04192829763,0.7368773224,0,0,0,1,0,0,0
11.84021473,9.82015276,rate,aggressive,-2.256263494,0.6289547682,-1.679154038,-2.326953793,1.020813981,-2,-0.7231581807,-1.478769541,-0.03423467278,-0.8225458619,-1.978312859,0,0.5113637568,0.5104835458,1.37753075,-0.0307462588,-0.4165176153,0.02788221464,-0.02166143622,-0.7573683643,0.05600720782,0.7320309255,0,0,0,1,0,0,0
11.85028529,9.830223322,rate,aggressive,-2.256263494,0.6289547682,-1.679154038,-2.335141604,1.000724639,-2,-0.7231581807,-1.478769541,-0.03423467278,-0.8035310131,-2.011293772,0,0.4973698063,0.5396423459,1.063155498,-0.0307462588,-0.4165176153,0.02788221464,-0.08270225578,-0.2889145858,0.04121972128,0.734374747,0,0,0,1,0,0,0
11.86020875,9.84014678,rate,aggressive,-2.261329174,0.5999093652,-1.679973483,-2.343022174,0.9806070703,-2,-0.6991847157,-1.526404262,-0.03139884397,-0.7847293454,-2.043146511,0,0.504005417,0.5247154694,1.17537687,-0.03236305341,-0.4261966348,0.03108196519,-0.04107417704,-0.5743858243,0.04792536608,0.7320572021,0,0,0,1,0,0,0
11.87025666,9.850194693,rate,aggressive,-2.261329174,0.5999093652,-1.679973483,-2.350811155,0.959918452,-2,-0.6991847157,-1.526404262,-0.03139884397,-0.7656281083,-2.074734506,0,0.4899291163,0.5532329249,0.9458947674,-0.03236305341,-0.4261966348,0.03108196519,-0.1027744225,-0.1533350663,0.03290530694,0.734295993,0,0,0,1,0,0,0
11.88021326,9.860151291,rate,aggressive,-2.268308163,0.5553517938,-1.681121945,-2.358339722,0.9391081041,-2,-0.6632657647,-1.595598102,-0.02827730775,-0.7466386962,-2.105366034,0,0.5070086795,0.5173142152,1.214624135,-0.03059573844,-0.4878068268,0.03404803947,-0.01084385726,-0.7821910074,0.04911411982,0.729585061,0,0,0,1,0,0,0
11.89026046,9.870198488,rate,aggressive,-2.268308163,0.5553517938,-1.681121945,-2.36574483,0.9178026583,-2,-0.6632657647,-1.595598102,-0.02827730775,-0.7274157223,-2.135590791,0,0.4924913675,0.5445244974,0.9062337947,-0.03059573844,-0.4878068268,0.03404803947,-0.08309490564,-0.32110281,0.03239155425,0.7316966796,0,0,0,1,0,0,0
11.90021276,9.880150795,rate,aggressive,-2.272345543,0.5249487162,-1.681852698,-2.372889297,0.8964024752,-2,-0.6392128468,-1.639806628,-0.02654548734,-0.7083156567,-2.164841526,0,0.4993041631,0.5302277859,0.9875428436,-0.03333670273,-0.4722893536,0.03615905344,-0.03984459264,-0.5939225908,0.03837033317,0.7292651577,0,0,0,1,0,0,0
11.91035223,9.89029026,rate,aggressive,-2.272345543,0.5249487162,-1.681852698,-2.379972339,0.8743040663,-2,-0.6392128468,-1.639806628,-0.02654548734,-0.6887979736,-2.193927842,0,0.4846136539,0.5569682818,0.7818870872,-0.03333670273,-0.4722893536,0.03615905344,-0.1110491022,-0.1809217354,0.02201848431,0.7312905117,0,0,0,1,0,0,0
11.92020941,9.900147438,rate,aggressive,-2.277494669,0.4784023464,-1.682891607,-2.3866682,0.8525416476,-2,-0.6028482914,-1.70339644,-0.02431412227,-0.6697686715,-2.221503922,0,0.5024508028,0.5229769374,1.041959619,-0.03340061754,-0.4866243303,0.03845126182,-0.002041021773,-0.8084331213,0.04031076748,0.7266777096,0,0,0,1,0,0,0
11.9303124,9.910250425,rate,aggressive,-2.277494669,0.4784023464,-1.682891607,-2.39333611,0.8299580915,-2,-0.6028482914,-1.70339644,-0.02431412227,-0.650210146,-2.249041884,0,0.4874099036,0.5482365116,0.732524914,-0.03340061754,-0.4866243303,0.03845126182,-0.08538993019,-0.3554780146,0.0221844304,0.7285717606,0,0,0,1,0,0,0
11.94021225,9.92015028,rate,aggressive,-2.280525923,0.4468104243,-1.683529854,-2.399678013,0.8075623118,-2,-0.5787169337,-1.743908286,-0.02253797092,-0.6309927108,-2.275304745,0,0.494461827,0.5344370066,0.8189769414,-0.03312375396,-0.4986917078,0.03998038173,-0.03865892361,-0.626275363,0.02809066414,0.7263137772,0,0,0,1,0,0,0
11.95023608,9.930174112,rate,aggressive,-2.280525923,0.4468104243,-1.683529854,-2.405905242,0.7846248302,-2,-0.5787169337,-1.743908286,-0.02253797092,-0.6114835824,-2.30116035,0,0.4795747074,0.5586693803,0.6165279221,-0.03312375396,-0.4986917078,0.03998038173,-0.1192416254,-0.2223816195,0.01074775368,0.728090422,0,0,0,1,0,0,0
11.96030188,9.940239906,rate,aggressive,-2.284179449,0.398655355,-1.684435368,-2.411961501,0.7613343076,-2,-0.5423583388,-1.801484704,-0.01975584403,-0.5918427082,-2.326370356,0,0.4974387527,0.5275831156,0.8600731797,-0.03419465199,-0.527836442,0.04107592255,-0.003576009855,-0.8126311775,0.02846594099,0.7240625996,0,0,0,1,0,0,0
11.9702692,9.950207233,rate,aggressive,-2.284179449,0.398655355,-1.684435368,-2.417763465,0.738025329,-2,-0.5423583388,-1.801484704,-0.01975584403,-0.5723461007,-2.35058127,0,0.4822838437,0.5502695689,0.5551565506,-0.03419465199,-0.527836442,0.04107592255,-0.09576331882,-0.3759788886,0.00985535838,0.7257068272,0,0,0,1,0,0,0
11.98021388,9.960151911,rate,aggressive,-2.286195755,0.3660736978,-1.684983969,-2.423358348,0.7145325673,-2,-0.5182704926,-1.837728858,-0.01753585972,-0.5528478958,-2.373983151,0,0.4893590304,0.53765395,0.6329136735,-0.03534460813,-0.5354388952,0.04098366201,-0.04477296555,-0.6359267203,0.0158865671,0.7237864218,0,0,0,1,0,0,0
11.99024153,9.970179558,rate,aggressive,-2.286195755,0.3660736978,-1.684983969,-2.428803348,0.6906120028,-2,-0.5182704926,-1.837728858,-0.01753585972,-0.5331421773,-2.396810047,0,0.4742332093,0.5595537945,0.4551512945,-0.03534460813,-0.5354388952,0.04098366201,-0.1336985723,-0.2471466203,-0.00175188314,0.7253399762,0,0,0,1,0,0,0
12.0002265,9.980164528,rate,aggressive,-2.288052797,0.316572547,-1.685732126,-2.434028614,0.6665696745,-2,-0.4816049337,-1.888686061,-0.01361449063,-0.5134771762,-2.418763936,0,0.4925152027,0.5312097019,0.7202271771,-0.04604211077,-0.4855417609,0.04216235504,0.002499219233,-0.8300022912,0.0175978003,0.7220230784,0,0,0,1,0,0,0
12.01025033,9.99018836,rate,aggressive,-2.288052797,0.316572547,-1.685732126,-2.439076506,0.6422172092,-2,-0.4816049337,-1.888686061,-0.01361449063,-0.4936939306,-2.44001739,0,0.4770921326,0.5516318812,0.3978478775,-0.04604211077,-0.4855417609,0.04216235504,-0.1005217634,-0.40813768,-0.001417004963,0.7234619916,0,0,0,1,0,0,0
12.02022505,10.00016308,rate,aggressive,-2.288803577,0.2831952274,-1.686167479,-2.443902614,0.6177765202,-2,-0.4571316838,-1.920639753,-0.0104540484,-0.4739677303,-2.46037823,0,0.4842429186,0.5401021781,0.5482616433,-0.04863158986,-0.5095687509,0.04115857929,-0.03801034877,-0.6652597241,0.005396423296,0.7219950661,0,0,0,1,0,0,0
12.03030586,10.01024389,rate,aggressive,-2.288803577,0.2831952274,-1.686167479,-2.448579946,0.5928735639,-2,-0.4571316838,-1.920639753,-0.0104540484,-0.4539929089,-2.480149801,0,0.4689563003,0.5596165051,0.3192288849,-0.04863158986,-0.5095687509,0.04115857929,-0.1376905655,-0.2914213301,-0.01261687507,0.7233515348,0,0,0,1,0,0,0
12.04021335,10.02015138,rate,aggressive,-2.289188862,0.2326020002,-1.686739087,-2.452980473,0.5682085476,-2,-0.4204626083,-1.965636373,-0.006199972704,-0.4343251153,-2.498785807,0,0.4874339404,0.5333656611,0.6210360318,-0.04708813876,-0.5823051333,0.04142237827,0.009667830281,-0.8530083657,0.005920338189,0.7205580356,0,0,0,1,0,0,0
12.05030632,10.03024435,rate,aggressive,-2.289188862,0.2326020002,-1.686739087,-2.457262844,0.5428959887,-2,-0.4204626083,-1.965636373,-0.006199972704,-0.4142535998,-2.516953552,0,0.4718724641,0.5513870001,0.2887311822,-0.04708813876,-0.5823051333,0.04142237827,-0.1042402754,-0.4464115224,-0.0128498711,0.7218029567,0,0,0,1,0,0,0
12.0602169,10.04015493,rate,aggressive,-2.288692474,0.1986134499,-1.687065482,-2.461270538,0.5178664523,-2,-0.3957031369,-1.993148327,-0.002817673376,-0.3945115269,-2.533984699,0,0.4792010851,0.5408450244,0.4161033591,-0.04550765082,-0.5891136527,0.03913232684,-0.03208011903,-0.6855556209,-0.005522023701,0.7206306625,0,0,0,1,0,0,0
12.07033873,10.05027676,rate,aggressive,-2.288692474,0.1986134499,-1.687065482,-2.465161534,0.4921333798,-2,-0.3957031369,-1.993148327,-0.002817673376,-0.3743162768,-2.55054648,0,0.4639216428,0.5578154158,0.2439200156,-0.04550765082,-0.5891136527,0.03913232684,-0.1425369819,-0.3270741921,-0.02318794729,0.7217897323,0,0,0,1,0,0,0
12.08021641,10.06015444,rate,aggressive,-2.287392855,0.147229597,-1.687435031,-2.468761451,0.4668634356,-2,-0.3588651419,-2.031452656,0.001684623654,-0.3545781798,-2.565892602,0,0.4824491876,0.5344597947,0.5103805811,-0.04690235108,-0.6011947989,0.03882178664,0.01934880133,-0.8598466689,-0.005241841593,0.7195514658,0,0,0,1,0,0,0
12.0902431,10.07018113,rate,aggressive,-2.287392855,0.147229597,-1.687435031,-2.472216131,0.4410613799,-2,-0.3588651419,-2.031452656,0.001684623654,-0.3345136685,-2.580640646,0,0.4671119995,0.5497301891,0.2516869516,-0.04690235108,-0.6011947989,0.03882178664,-0.1059031952,-0.472388446,-0.02324739464,0.7205965286,0,0,0,1,0,0,0
12.10021067,10.0801487,rate,aggressive,-2.285988569,0.1127815172,-1.687591314,-2.475450898,0.4152690679,-2,-0.3343443274,-2.054646492,0.005117977504,-0.3145404754,-2.594468575,0,0.474335197,0.5402094666,0.3676423115,-0.04629954323,-0.6162269115,0.03883797303,-0.03404416557,-0.6944501654,-0.01766667215,0.7197316964,0,0,0,1,0,0,0
12.11024332,10.09018135,rate,aggressive,-2.285988569,0.1127815172,-1.687591314,-2.47850562,0.3891733658,-2,-0.3343443274,-2.054646492,0.005117977504,-0.2944112997,-2.607543452,0,0.4594066342,0.5543607933,0.3258362741,-0.04629954323,-0.6162269115,0.03883797303,-0.1533976343,-0.3556856962,-0.03415408943,0.7206978102,0,0,0,1,0,0,0
12.12020898,10.10014701,rate,aggressive,-2.283036947,0.06091005355,-1.687678576,-2.481339892,0.3631262605,-2,-0.2973071337,-2.085971594,0.01009537093,-0.2743927749,-2.619689179,0,0.4777063595,0.5343046367,0.5253545846,-0.05954237655,-0.5622308254,0.03615529835,0.02409442715,-0.8544287928,-0.01788722919,0.719115499,0,0,0,1,0,0,0
12.13026047,10.1101985,rate,aggressive,-2.283036947,0.06091005355,-1.687678576,-2.483996379,0.3367364883,-2,-0.2973071337,-2.085971594,0.01009537093,-0.254179483,-2.631085643,0,0.4626117029,0.5469106302,0.3758127598,-0.05954237655,-0.5622308254,0.03615529835,-0.1114522577,-0.4913161268,-0.03436867594,0.7199958408,0,0,0,1,0,0,0
12.14021254,10.12015057,rate,aggressive,-2.280694246,0.02616566978,-1.687652111,-2.486426318,0.3104991164,-2,-0.2727690041,-2.104832411,0.01328095328,-0.2341456246,-2.641520882,0,0.4698216661,0.5382403402,0.5085223805,-0.06520400941,-0.5505670309,0.03395344689,-0.03373502895,-0.7103131939,-0.02972048044,0.7193523788,0,0,0,1,0,0,0
12.15027022,10.13020825,rate,aggressive,-2.280694246,0.02616566978,-1.687652111,-2.488679385,0.2838820939,-2,-0.2727690041,-2.104832411,0.01328095328,-0.213880072,-2.651205669,0,0.4552326623,0.5496981239,0.4786698043,-0.06520400941,-0.5505670309,0.03395344689,-0.1622944195,-0.3937697389,-0.04463903244,0.7201691481,0,0,0,1,0,0,0
12.16021132,10.14014935,rate,aggressive,-2.276087761,-0.02589131892,-1.687445402,-2.490705953,0.2574821493,-2,-0.2352802604,-2.130015612,0.0177635774,-0.1938322063,-2.659924348,0,0.4733411744,0.531823988,0.6911462261,-0.06816434115,-0.5931204557,0.03059414402,0.03488997363,-0.8688642461,-0.03026988693,0.7189474334,0,0,0,1,0,0,0
12.1702528,10.15019083,rate,aggressive,-2.276087761,-0.02589131892,-1.687445402,-2.492550576,0.2307319813,-2,-0.2352802604,-2.130015612,0.0177635774,-0.1735661732,-2.667866436,0,0.4586960271,0.5416711939,0.5704915738,-0.06816434115,-0.5931204557,0.03059414402,-0.1115997485,-0.529639204,-0.04481936145,0.7196915319,0,0,0,1,0,0,0
12.18021178,10.16014981,rate,aggressive,-2.272569418,-0.06064546108,-1.687218785,-2.494178974,0.2041270976,-2,-0.2104056031,-2.144563913,0.02108205669,-0.1534526239,-2.674882445,0,0.4658834528,0.5337844509,0.6736126688,-0.06374890357,-0.6335985065,0.0283673685,-0.02455758634,-0.7274012944,-0.04071054626,0.71937031,0,0,0,1,0,0,0
12.19025779,10.17019582,rate,aggressive,-2.272569418,-0.06064546108,-1.687218785,-2.495618594,0.1772233063,-2,-0.2104056031,-2.144563913,0.02108205669,-0.1331508349,-2.681088912,0,0.4518457411,0.5424682725,0.6457544831,-0.06374890357,-0.6335985065,0.0283673685,-0.1637441286,-0.4336234111,-0.05363988492,0.7200595444,0,0,0,1,0,0,0
12.20020938,10.18014741,rate,aggressive,-2.266625881,-0.1127992496,-1.68674612,-2.496843543,0.1505151995,-2,-0.1732264757,-2.162958384,0.02550959773,-0.1130291082,-2.686372715,0,0.4695345185,0.5274817773,0.7989778245,-0.06497368962,-0.6375003457,0.02356613241,0.03945865971,-0.8622978428,-0.04263765806,0.7193391181,0,0,0,1,0,0,0
12.21022797,10.190166,rate,aggressive,-2.266625881,-0.1127992496,-1.68674612,-2.497874422,0.1235785256,-2,-0.1732264757,-2.162958384,0.02550959773,-0.09276276398,-2.690821408,0,0.4554978961,0.5345694722,0.7288258417,-0.06497368962,-0.6375003457,0.02356613241,-0.1169164005,-0.5493736938,-0.05439675388,0.7199664694,0,0,0,1,0,0,0
12.22021055,10.20014858,rate,aggressive,-2.262233496,-0.1475046575,-1.686346292,-2.498699611,0.09669866564,-2,-0.1484917253,-2.172997952,0.0284908209,-0.07256174263,-2.69438378,0,0.4625258207,0.5276554473,0.8053141448,-0.05923652276,-0.6595885754,0.02169889212,-0.02804579488,-0.7276042841,-0.05160531686,0.7198611146,0,0,0,1,0,0,0
12.23031902,10.21025705,rate,aggressive,-2.262233496,-0.1475046575,-1.686346292,-2.499329685,0.06944806194,-2,-0.1484917253,-2.172997952,0.0284908209,-0.05210001583,-2.697104628,0,0.4490676271,0.5336580332,0.8083802073,-0.05923652276,-0.6595885754,0.02169889212,-0.1760238716,-0.458845005,-0.06173750337,0.7204516426,0,0,0,1,0,0,0
12.24020934,10.22014737,rate,aggressive,-2.254999638,-0.1994228363,-1.685634136,-2.49974595,0.04276324388,-2,-0.1114954874,-2.184654951,0.0321447961,-0.03207569244,-2.69890256,0,0.466241087,0.5213361631,0.889221925,-0.04403817654,-0.7261049747,0.01803730987,0.03500572286,-0.8410159464,-0.05385284997,0.7200224425,0,0,0,1,0,0,0
12.2502389,10.23017693,rate,aggressive,-2.254999638,-0.1994228363,-1.685634136,-2.499965812,0.01568895581,-2,-0.1114954874,-2.184654951,0.0321447961,-0.01176687777,-2.69985231,0,0.4528878516,0.5257446168,0.8772297165,-0.04403817654,-0.7261049747,0.01803730987,-0.1307128187,-0.5555556698,-0.06221426866,0.720561417,0,0,0,1,0,0,0
12.26022816,10.24016619,rate,aggressive,-2.249566078,-0.2337005138,-1.68510294,-2.499982322,-0.01128165815,-2,-0.08676534891,-2.189448833,0.03422987461,0.008461303446,-2.699923633,0,0.4597157833,0.5204078411,0.924747129,-0.05765895918,-0.6725384593,0.01537830289,-0.03613372666,-0.7031493162,-0.06075747556,0.7205152888,0,0,0,1,0,0,0
12.27039456,10.25033259,rate,aggressive,-2.249566078,-0.2337005138,-1.68510294,-2.499791656,-0.03872675884,-2,-0.08676534891,-2.189448833,0.03422987461,0.02904748988,-2.699099993,0,0.4469762452,0.5237638802,0.9739488154,-0.05765895918,-0.6725384593,0.01537830289,-0.1933068344,-0.4621082173,-0.06761832324,0.7210331689,0,0,0,1,0,0,0
12.2802124,10.26015043,rate,aggressive,-2.240921497,-0.2849173844,-1.684245229,-2.49940889,-0.06521866075,-2,-0.05014677346,-2.193483114,0.03675249591,0.04892556371,-2.697446708,0,0.4634483111,0.5149226916,1.0192074,-0.06395141035,-0.6653817296,0.009655426256,0.03293194249,-0.8092279497,-0.06377498377,0.7207449919,0,0,0,1,0,0,0
12.29032254,10.27026057,rate,aggressive,-2.240921497,-0.2849173844,-1.684245229,-2.498810786,-0.0924779198,-2,-0.05014677346,-2.193483114,0.03675249591,0.06939144838,-2.694863815,0,0.4508224795,0.5167424309,1.030298697,-0.06395141035,-0.6653817296,0.009655426256,-0.1429091789,-0.5552107213,-0.06844711165,0.7212366213,0,0,0,1,0,0,0
12.30021954,10.28015757,rate,aggressive,-2.234693527,-0.3187672496,-1.683638811,-2.498024901,-0.1191328851,-2,-0.02586104721,-2.193832874,0.03856147081,0.08942030945,-2.691470942,0,0.4574731617,0.512269875,1.069658627,-0.07210915536,-0.6666137576,0.007096893154,-0.04430372955,-0.6915855544,-0.06883631075,0.7213619533,0,0,0,1,0,0,0
12.31026196,10.2902,rate,aggressive,-2.234693527,-0.3187672496,-1.683638811,-2.497024886,-0.1461408558,-2,-0.02586104721,-2.193832874,0.03856147081,0.109736233,-2.687155156,0,0.4457600426,0.5130696673,1.122100549,-0.07210915536,-0.6666137576,0.007096893154,-0.2093937128,-0.4785585857,-0.07212344816,0.7218396724,0,0,0,1,0,0,0
12.32021761,10.30015564,rate,aggressive,-2.224679232,-0.3690156341,-1.682698011,-2.495832172,-0.1728683211,-2,0.0107087139,-2.190688133,0.04106997326,0.1298677474,-2.682009993,0,0.4611705081,0.5072305073,1.160339584,-0.07251824439,-0.6792221069,0.002256731037,0.02809248188,-0.769294035,-0.07299394986,0.7219003307,0,0,0,1,0,0,0
12.33023787,10.3101759,rate,aggressive,-2.224679232,-0.3690156341,-1.682698011,-2.494429391,-0.1997131734,-2,0.0107087139,-2.190688133,0.04106997326,0.1501193826,-2.675961782,0,0.4495653722,0.5065694343,1.17276704,-0.07251824439,-0.6792221069,0.002256731037,-0.156084446,-0.5491251327,-0.07347924556,0.7223738374,0,0,0,1,0,0,0
12.34021568,10.32015371,rate,aggressive,-2.217682838,-0.4022800624,-1.682031393,-2.492830972,-0.2263797871,-2,0.03477058932,-2.186331272,0.04286598414,0.1702731175,-2.669074203,0,0.4557975835,0.5032287404,1.210784753,-0.07669261098,-0.6773147583,-9.50853937e-05,-0.05534830508,-0.662801854,-0.07558448588,0.7227200256,0,0,0,1,0,0,0
12.35026932,10.33020735,rate,aggressive,-2.217682838,-0.4022800624,-1.682031393,-2.491017087,-0.2531751524,-2,0.03477058932,-2.186331272,0.04286598414,0.1905660998,-2.661263532,0,0.4450257525,0.5016676046,1.258677841,-0.07669261098,-0.6773147583,-9.50853937e-05,-0.2278871088,-0.4810277616,-0.074818198,0.7232009228,0,0,0,1,0,0,0
12.36022878,10.34016681,rate,aggressive,-2.210163593,-0.4349778593,-1.681346178,-2.489019107,-0.2796377972,-2,0.05915372446,-2.179749012,0.04448245466,0.2106536138,-2.652666725,0,0.4510334698,0.4985800526,1.271249537,-0.08339146525,-0.6594985723,-0.003529492067,-0.1066454243,-0.6027867774,-0.0770114465,0.7235705134,0,0,0,1,0,0,0
12.37025595,10.35019398,rate,aggressive,-2.210163593,-0.4349778593,-1.681346178,-2.486805523,-0.3061895472,-2,0.05915372446,-2.179749012,0.04448245466,0.2308605943,-2.643150278,0,0.4412000057,0.4961881414,1.346459623,-0.08339146525,-0.6594985723,-0.003529492067,-0.2749908703,-0.4485360824,-0.07497750921,0.724063869,0,0,0,1,0,0,0
12.38022161,10.36015964,rate,aggressive,-2.198425531,-0.4835596681,-1.680258036,-2.484404852,-0.3324796055,-2,0.09517074376,-2.16666913,0.04744074866,0.2509249891,-2.632839093,0,0.4548013642,0.4937858279,1.340163574,-0.08931038529,-0.6544360518,-0.008913899772,-0.01506142852,-0.6857829791,-0.0818704812,0.7246649852,0,0,0,1,0,0,0
12.39030313,10.37024117,rate,aggressive,-2.198425531,-0.4835596681,-1.680258036,-2.481772914,-0.358966452,-2,0.09517074376,-2.16666913,0.04744074866,0.2712021288,-2.621546032,0,0.4450214967,0.4900517005,1.37089354,-0.08931038529,-0.6544360518,-0.008913899772,-0.2070892751,-0.522563746,-0.07622978034,0.7251880428,0,0,0,1,0,0,0
12.40021896,10.38015699,rate,aggressive,-2.190187454,-0.5154505968,-1.679487228,-2.47898493,-0.384902697,-2,0.1191402525,-2.155695677,0.04922418296,0.2911242212,-2.609596467,0,0.4507495676,0.487880552,1.382786587,-0.1056709215,-0.6302745938,-0.01261555403,-0.08915822474,-0.6172445011,-0.0810659571,0.7258026259,0,0,0,1,0,0,0
12.41038942,10.39032745,rate,aggressive,-2.190187454,-0.5154505968,-1.679487228,-2.475920254,-0.4113775141,-2,0.1191402525,-2.155695677,0.04922418296,0.3115337975,-2.596476473,0,0.4418176954,0.4834521758,1.440890211,-0.1056709215,-0.6302745938,-0.01261555403,-0.2716428603,-0.4847802732,-0.07440354974,0.7263614714,0,0,0,1,0,0,0
12.42021632,10.40015435,rate,aggressive,-2.177216291,-0.5624448061,-1.678283691,-2.47276205,-0.4368271402,-2,0.155060187,-2.135708094,0.05149373412,0.3312291565,-2.582973062,0,0.4545640511,0.4834594736,1.434186977,-0.1364888996,-0.5924639702,-0.01698391885,0.008277710789,-0.6783170657,-0.08807198166,0.7270168558,0,0,0,1,0,0,0
12.43024206,10.41018009,rate,aggressive,-2.177216291,-0.5624448061,-1.678283691,-2.469340615,-0.4626508213,-2,0.155060187,-2.135708094,0.05149373412,0.3512963277,-2.568363616,0,0.4458663961,0.4778608885,1.432858498,-0.1364888996,-0.5924639702,-0.01698391885,-0.1965674462,-0.5432227985,-0.07733538282,0.7276169771,0,0,0,1,0,0,0
12.44022799,10.42016602,rate,aggressive,-2.168266296,-0.5933621526,-1.67745471,-2.465732918,-0.488222187,-2,0.1790320277,-2.120540142,0.05307340622,0.3712553756,-2.552980742,0,0.4511942679,0.4762052864,1.443866357,-0.1376090199,-0.6013296247,-0.02119323425,-0.0747958805,-0.6179128384,-0.08479992274,0.7283478071,0,0,0,1,0,0,0
12.45043063,10.43036866,rate,aggressive,-2.168266296,-0.5933621526,-1.67745471,-2.461841234,-0.5141855546,-2,0.1790320277,-2.120540142,0.05307340622,0.3916166086,-2.536412194,0,0.4432726495,0.4700622874,1.469037751,-0.1376090199,-0.6013296247,-0.02119323425,-0.2673718736,-0.5130790696,-0.07336933467,0.729007278,0,0,0,1,0,0,0
12.46022177,10.4401598,rate,aggressive,-2.154103041,-0.6384826899,-1.67622447,-2.45791133,-0.5389387725,-2,0.2152805626,-2.094237804,0.05501868948,0.4111255708,-2.519707483,0,0.4550154522,0.4716002232,1.509947835,-0.1422881484,-0.6089909673,-0.02537901886,0.029824846,-0.6548621349,-0.09380149324,0.7297028889,0,0,0,1,0,0,0
12.47039151,10.45032954,rate,aggressive,-2.154103041,-0.6384826899,-1.67622447,-2.453627393,-0.5644718279,-2,0.2152805626,-2.094237804,0.05501868948,0.431355095,-2.501528301,0,0.4472393534,0.4643283409,1.466071256,-0.1422881484,-0.6089909673,-0.02537901886,-0.1865493496,-0.5518592186,-0.07753000368,0.7304298455,0,0,0,1,0,0,0
12.48022342,10.46016145,rate,aggressive,-2.139460087,-0.6827630997,-1.674982786,-2.449290348,-0.5889769399,-2,0.2513309121,-2.064315319,0.05690038204,0.4508782568,-2.483156051,0,0.4587230357,0.4674231003,1.606118747,-0.1409512758,-0.6097413301,-0.0296893511,0.09783698543,-0.6549670892,-0.1016054614,0.7311557525,0,0,0,1,0,0,0
12.49025249,10.47019053,rate,aggressive,-2.139460087,-0.6827630997,-1.674982786,-2.444668743,-0.6137833845,-2,0.2513309121,-2.064315319,0.05690038204,0.4707565593,-2.463614146,0,0.4511615165,0.4591566414,1.493927631,-0.1409512758,-0.6097413301,-0.0296893511,-0.1326653831,-0.561879389,-0.08095021789,0.7319507533,0,0,0,1,0,0,0
12.50021887,10.4801569,rate,aggressive,-2.129321098,-0.7115507722,-1.674156189,-2.439878726,-0.6382366035,-2,0.275513649,-2.042200804,0.05770201236,0.4904725873,-2.443399084,0,0.4560649041,0.4587994413,1.576679044,-0.1242541224,-0.6182866693,-0.03335491195,-0.01052997644,-0.5888402388,-0.0924257742,0.7326101976,0,0,0,1,0,0,0
12.51024628,10.49018431,rate,aggressive,-2.129321098,-0.7115507722,-1.674156189,-2.434861267,-0.6626322751,-2,0.275513649,-2.042200804,0.05770201236,0.5102695306,-2.422266673,0,0.4493573225,0.4504330264,1.490437633,-0.1242541224,-0.6182866693,-0.03335491195,-0.2218110077,-0.5260006653,-0.07218518478,0.7334747577,0,0,0,1,0,0,0
12.52021646,10.5001545,rate,aggressive,-2.113583088,-0.7535734177,-1.672938466,-2.429675828,-0.6866747288,-2,0.3115425408,-2.00553751,0.05848716944,0.5299123042,-2.40047248,0,0.4597382972,0.4550601422,1.68737665,-0.08785877377,-0.6313617826,-0.03794518113,0.06982641659,-0.5761592422,-0.1017752455,0.7339412755,0,0,0,1,0,0,0
12.53024411,10.51018214,rate,aggressive,-2.113583088,-0.7535734177,-1.672938466,-2.424263181,-0.7106326583,-2,0.3115425408,-2.00553751,0.05848716944,0.5496252407,-2.377772901,0,0.4531393558,0.4457166223,1.53854929,-0.08785877377,-0.6313617826,-0.03794518113,-0.161008977,-0.523965423,-0.07622641635,0.7348966721,0,0,0,1,0,0,0
12.54021525,10.52015328,rate,aggressive,-2.102821827,-0.7809966207,-1.672127485,-2.418685247,-0.7342260402,-2,0.3352270126,-1.978966713,0.0589633882,0.5691827108,-2.354433111,0,0.4576653506,0.4463036702,1.636608705,-0.07796189934,-0.6203215718,-0.04058660939,-0.03847639717,-0.5308881774,-0.08952803158,0.7355341356,0,0,0,1,0,0,0
12.55024457,10.5301826,rate,aggressive,-2.102821827,-0.7809966207,-1.672127485,-2.41287828,-0.7577184714,-2,0.3352270126,-1.978966713,0.0589633882,0.5888080413,-2.330192097,0,0.4518597815,0.4371947956,1.526897612,-0.07796189934,-0.6203215718,-0.04058660939,-0.2517446174,-0.5029784354,-0.06454102186,0.7365689632,0,0,0,1,0,0,0
12.56022191,10.54015994,rate,aggressive,-2.091712236,-0.8074467182,-1.671338558,-2.406906342,-0.7808441506,-2,0.3589937389,-1.950367451,0.0591410473,0.6082840687,-2.305323191,0,0.4561505935,0.4377635318,1.595097327,-0.08014530689,-0.598844111,-0.04364330322,-0.1099582198,-0.5049351649,-0.0803756901,0.737138436,0,0,0,1,0,0,0
12.57039356,10.55033159,rate,aggressive,-2.091712236,-0.8074467182,-1.671338558,-2.40061832,-0.8041609124,-2,0.3589937389,-1.950367451,0.0591410473,0.6280888961,-2.279204628,0,0.4510566577,0.4290032123,1.532681269,-0.08014530689,-0.598844111,-0.04364330322,-0.315499659,-0.4971305482,-0.05474451764,0.7382731,0,0,0,1,0,0,0
12.5802207,10.56015873,rate,aggressive,-2.074655056,-0.8461238146,-1.670180321,-2.394352193,-0.8264319947,-2,0.394087106,-1.904575944,0.05928424001,0.6471729575,-2.253244974,0,0.4597554218,0.4348990248,1.675254072,-0.08889303356,-0.57378304,-0.04787582532,0.0001049287769,-0.4898979471,-0.09385708696,0.7385295381,0,0,0,1,0,0,0
12.59023833,10.57017636,rate,aggressive,-2.074655056,-0.8461238146,-1.670180321,-2.387771826,-0.8488686028,-2,0.394087106,-1.904575944,0.05928424001,0.666574843,-2.226056511,0,0.4547863966,0.4255748379,1.54769072,-0.08889303356,-0.57378304,-0.04787582532,-0.232026595,-0.4921089453,-0.06152741846,0.7397552188,0,0,0,1,0,0,0
12.60021734,10.58015537,rate,aggressive,-2.062977076,-0.8709951639,-1.669453979,-2.38102386,-0.8709443113,-2,0.4173404872,-1.871973038,0.05894231051,0.6858480551,-2.198253275,0,0.4587095293,0.4266489227,1.610056086,-0.1116982549,-0.557200253,-0.05114191771,-0.09676333224,-0.4744927568,-0.0787649137,0.7402035421,0,0,0,1,0,0,0
12.61029005,10.59022808,rate,aggressive,-2.062977076,-0.8709951639,-1.669453979,-2.37401777,-0.8929423136,-2,0.4173404872,-1.871973038,0.05894231051,0.7052461272,-2.16946976,0,0.4544102365,0.4181723966,1.534899747,-0.1116982549,-0.557200253,-0.05114191771,-0.3138708176,-0.4943915182,-0.04712703607,0.7415311995,0,0,0,1,0,0,0
12.62021518,10.60015321,rate,aggressive,-2.045008898,-0.9068408608,-1.668423295,-2.366923493,-0.9143309364,-2,0.452131778,-1.819892645,0.05809014291,0.7243033039,-2.140410372,0,0.4621993281,0.4244801736,1.689093095,-0.1582496017,-0.5360037088,-0.0541225113,0.01060499365,-0.4374282448,-0.09259465843,0.7413815162,0,0,0,1,0,0,0
12.63025498,10.61019301,rate,aggressive,-2.045008898,-0.9068408608,-1.668423295,-2.359555102,-0.9356697733,-2,0.452131778,-1.819892645,0.05809014291,0.7435218712,-2.110320242,0,0.4579449008,0.4154886766,1.522394668,-0.1582496017,-0.5360037088,-0.0541225113,-0.2304847006,-0.4726179514,-0.05431079542,0.7428307022,0,0,0,1,0,0,0
12.64021468,10.62015271,rate,aggressive,-2.026500463,-0.9410054684,-1.667468071,-2.352055156,-0.956536444,-2,0.4870442152,-1.764318466,0.05699542165,0.7625271152,-2.079789225,0,0.4656227578,0.4226832219,1.81267859,-0.1636127532,-0.5192236304,-0.05813331529,0.08779013449,-0.3868910869,-0.1021943945,0.7424457691,0,0,0,1,0,0,0
12.65024638,10.63018441,rate,aggressive,-2.026500463,-0.9410054684,-1.667468071,-2.344309954,-0.9772431934,-2,0.4870442152,-1.764318466,0.05699542165,0.781607818,-2.048361833,0,0.4614038671,0.4131547273,1.549204187,-0.1636127532,-0.5192236304,-0.05813331529,-0.1688094437,-0.4402000433,-0.05861510945,0.7440267515,0,0,0,1,0,0,0
12.66021466,10.64015269,rate,aggressive,-2.013835192,-0.9627233744,-1.666874766,-2.336424429,-0.9975034373,-2,0.5104162693,-1.725254893,0.05607293919,0.800504789,-2.016471555,0,0.4650224622,0.4148525856,1.696053159,-0.1656416804,-0.5069289207,-0.05900338292,-0.02728297144,-0.386520097,-0.07996308711,0.7441645412,0,0,0,1,0,0,0
12.67025208,10.65019011,rate,aggressive,-2.013835192,-0.9627233744,-1.666874766,-2.3282942,-1.01757971,-2,0.5104162693,-1.725254893,0.05607293919,0.8194677268,-1.983704154,0,0.4613741505,0.4067591406,1.464640034,-0.1656416804,-0.5069289207,-0.05900338292,-0.2620684832,-0.4531780446,-0.03885785548,0.7458577073,0,0,0,1,0,0,0
12.6802206,10.66015863,rate,aggressive,-1.994354963,-0.9936630726,-1.666045666,-2.320031727,-1.037189434,-2,0.5457335711,-1.663572431,0.05449651182,0.8382343078,-1.950520795,0,0.4684926853,0.4133593044,1.840385866,-0.1278770119,-0.4708559513,-0.062183626,0.07704811434,-0.3208011699,-0.0955060513,0.7450349741,0,0,0,1,0,0,0
12.69024467,10.6701827,rate,aggressive,-1.994354963,-0.9936630726,-1.666045666,-2.311534908,-1.056571702,-2,0.5457335711,-1.663572431,0.05449651182,0.8570374317,-1.916519297,0,0.4648506322,0.4047988149,1.51395662,-0.1278770119,-0.4708559513,-0.062183626,-0.1801514834,-0.40848802,-0.04767652493,0.746862163,0,0,0,1,0,0,0
12.70022702,10.68016505,rate,aggressive,-1.981079817,-1.013435602,-1.665536761,-2.302886491,-1.075531478,-2,0.5691161752,-1.620964408,0.05313657969,0.8756929742,-1.882039269,0,0.4682745898,0.4061685771,1.672853609,-0.1146401465,-0.4495690465,-0.06414244324,-0.03571737429,-0.3428086848,-0.07214817924,0.7467895233,0,0,0,1,0,0,0
12.71023607,10.6901741,rate,aggressive,-1.981079817,-1.013435602,-1.665536761,-2.294028319,-1.094193338,-2,0.5691161752,-1.620964408,0.05313657969,0.8943274547,-1.846856964,0,0.4651066923,0.3995163568,1.396976952,-0.1146401465,-0.4495690465,-0.06414244324,-0.27278771,-0.4387456328,-0.02680529576,0.7487226297,0,0,0,1,0,0,0
12.7202251,10.70016313,rate,aggressive,-1.960660219,-1.041008711,-1.66488421,-2.285002278,-1.112463775,-2,0.6042683721,-1.55393374,0.05075794086,0.9128522968,-1.811147396,0,0.4718116049,0.4049188467,1.805731089,-0.1036221907,-0.4232145548,-0.06649957597,0.07075407375,-0.2665407451,-0.08978132063,0.7473670185,0,0,0,1,0,0,0
12.73024058,10.71017861,rate,aggressive,-1.960660219,-1.041008711,-1.66488421,-2.275766913,-1.130421544,-2,0.6042683721,-1.55393374,0.05075794086,0.9313521448,-1.774755395,0,0.4686037514,0.3978974318,1.444476031,-0.1036221907,-0.4232145548,-0.06649957597,-0.1905542961,-0.3860140229,-0.03719504046,0.7494340556,0,0,0,1,0,0,0
12.74022675,10.72016478,rate,aggressive,-1.946802497,-1.058751941,-1.664458394,-2.266374491,-1.147960968,-2,0.6275656223,-1.508261085,0.04932946339,0.9497224855,-1.737895681,0,0.4718820608,0.3986859518,1.602150582,-0.09245141596,-0.4020168781,-0.06672526151,-0.04304561219,-0.3079091302,-0.06441002637,0.7492333631,0,0,0,1,0,0,0
12.75033379,10.73027182,rate,aggressive,-1.946802497,-1.058751941,-1.664458394,-2.256681977,-1.165335014,-2,0.6275656223,-1.508261085,0.04932946339,0.9682370725,-1.700018103,0,0.4690132332,0.3940319619,1.305727782,-0.09245141596,-0.4020168781,-0.06672526151,-0.2848768422,-0.4315573272,-0.01447966019,0.7514278188,0,0,0,1,0,0,0
12.76022816,10.74016619,rate,aggressive,-1.925492525,-1.083180308,-1.663860321,-2.247012532,-1.181969922,-2,0.662427783,-1.437059045,0.04700441286,0.9862844877,-1.662392437,0,0.4755253795,0.397325707,1.73172004,-0.1181547865,-0.3986885846,-0.06855140626,0.07117716511,-0.2231127486,-0.08502705657,0.7497906712,0,0,0,1,0,0,0
12.77031827,10.7502563,rate,aggressive,-1.925492525,-1.083180308,-1.663860321,-2.236968297,-1.198547787,-2,0.662427783,-1.437059045,0.04700441286,1.004608382,-1.623479466,0,0.4725639587,0.3924914654,1.343492786,-0.1181547865,-0.3986885846,-0.06855140626,-0.1964517126,-0.371770067,-0.02723464879,0.7521153508,0,0,0,1,0,0,0
12.78023243,10.76017046,rate,aggressive,-1.910984159,-1.098369718,-1.663471937,-2.226919533,-1.214451527,-2,0.6855828762,-1.388118267,0.04554363713,1.022532058,-1.584723403,0,0.4759635324,0.3927627191,1.529539698,-0.1181801781,-0.3834553659,-0.07042381167,-0.03862402783,-0.2678831588,-0.05814250433,0.751718302,0,0,0,1,0,0,0
12.79025674,10.77019477,rate,aggressive,-1.910984159,-1.098369718,-1.663471937,-2.216578866,-1.230138729,-2,0.6855828762,-1.388118267,0.04554363713,1.040572096,-1.545023694,0,0.4732888488,0.3907823973,1.209159895,-0.1181801781,-0.3834553659,-0.07042381167,-0.2858604265,-0.4179539355,-0.003487905512,0.7541386446,0,0,0,1,0,0,0
12.80023241,10.78017044,rate,aggressive,-1.888763785,-1.11948657,-1.662935257,-2.206109265,-1.245352241,-2,0.720276773,-1.312574267,0.0429027006,1.058440527,-1.505017229,0,0.4797530213,0.3914456019,1.642738998,-0.07846426219,-0.3242795765,-0.07105495036,0.07151486579,-0.1791917508,-0.07945221303,0.7521046039,0,0,0,1,0,0,0
12.81027436,10.79021239,rate,aggressive,-1.888763785,-1.11948657,-1.662935257,-2.195390502,-1.260261291,-2,0.720276773,-1.312574267,0.0429027006,1.076341507,-1.464254892,0,0.4769172954,0.3893966462,1.232183675,-0.07846426219,-0.3242795765,-0.07105495036,-0.2009647534,-0.3554690823,-0.01695584185,0.7546557429,0,0,0,1,0,0,0
12.82023096,10.80016899,rate,aggressive,-1.873611331,-1.131975412,-1.662609696,-2.184585803,-1.27463712,-2,0.7433267236,-1.260495663,0.04077003524,1.094003539,-1.423366674,0,0.4805098357,0.3887973648,1.407060487,-0.07354912162,-0.3168429732,-0.07179833204,-0.04523975816,-0.2350550984,-0.05040380721,0.7538989036,0,0,0,1,0,0,0
12.83032584,10.81026387,rate,aggressive,-1.873611331,-1.131975412,-1.662609696,-2.173451958,-1.288794624,-2,0.7433267236,-1.260495663,0.04077003524,1.11182118,-1.381443908,0,0.4778377167,0.3899728686,1.099227313,-0.07354912162,-0.3168429732,-0.07179833204,-0.2973592406,-0.4109839301,0.008558230612,0.7565643328,0,0,0,1,0,0,0
12.84023571,10.82017374,rate,aggressive,-1.850447059,-1.149187088,-1.66217947,-2.162347658,-1.302278793,-2,0.7776618004,-1.180968046,0.03733050451,1.129223013,-1.339845747,0,0.4846047504,0.3875964091,1.563820961,-0.1199734136,-0.3526088297,-0.07115506381,0.0722301182,-0.1265923751,-0.07449634219,0.753902111,0,0,0,1,0,0,0
12.8503058,10.83024383,rate,aggressive,-1.850447059,-1.149187088,-1.66217947,-2.150887635,-1.315556484,-2,0.7776618004,-1.180968046,0.03733050451,1.146814166,-1.297138421,0,0.4817323179,0.3887963365,1.137314104,-0.1199734136,-0.3526088297,-0.07115506381,-0.2059377812,-0.3311307782,-0.007168303763,0.7566904613,0,0,0,1,0,0,0
12.8602221,10.84016013,rate,aggressive,-1.834684491,-1.159344554,-1.661946177,-2.139429968,-1.32820906,-2,0.8004946709,-1.126510501,0.03501853347,1.16404464,-1.254666747,0,0.4854538225,0.3870644667,1.371605592,-0.1453588158,-0.3568584919,-0.07022960484,-0.0386778435,-0.1885237614,-0.04404655935,0.7556706354,0,0,0,1,0,0,0
12.87030959,10.85024762,rate,aggressive,-1.834684491,-1.159344554,-1.661946177,-2.127599671,-1.340645858,-2,0.8004946709,-1.126510501,0.03501853347,1.181477426,-1.211051831,0,0.4826487877,0.3918180623,1.023777188,-0.1453588158,-0.3568584919,-0.07022960484,-0.2955522486,-0.3884833676,0.0193943243,0.7585748969,0,0,0,1,0,0,0
12.88021874,10.86015677,rate,aggressive,-1.810535789,-1.172570825,-1.661677837,-2.115807777,-1.352432468,-2,0.8350601196,-1.042475343,0.03149693832,1.198507211,-1.167819162,0,0.4899010957,0.3857420363,1.594904589,-0.1232406422,-0.2914355993,-0.06998039782,0.09336517738,-0.05685792214,-0.07197005779,0.7553365956,0,0,0,1,0,0,0
12.89028287,10.8702209,rate,aggressive,-1.810535789,-1.172570825,-1.661677837,-2.103659223,-1.363962997,-2,0.8350601196,-1.042475343,0.03149693832,1.215705752,-1.123530158,0,0.486841039,0.3904523505,1.097597762,-0.1232406422,-0.2914355993,-0.06998039782,-0.1910199157,-0.2892331184,0.0002326200607,0.7583659846,0,0,0,1,0,0,0
12.90021992,10.88015795,rate,aggressive,-1.794125915,-1.180327058,-1.661542058,-2.09149473,-1.374908792,-2,0.8581658006,-0.9854941368,0.02873853408,1.232589281,-1.079438576,0,0.490758639,0.3870974082,1.340355926,-0.1080202982,-0.2618432045,-0.07002456486,-0.02176683701,-0.1404285596,-0.03995331408,0.7569946733,0,0,0,1,0,0,0
12.91026926,10.89020729,rate,aggressive,-1.794125915,-1.180327058,-1.661542058,-2.079022643,-1.385530916,-2,0.8581658006,-0.9854941368,0.02873853408,1.249563335,-1.03449757,0,0.4876766837,0.3954987608,0.9364905526,-0.1080202982,-0.2618432045,-0.07002456486,-0.2840672101,-0.3636849626,0.02774440401,0.7601155543,0,0,0,1,0,0,0
12.92022419,10.90016222,rate,aggressive,-1.768941522,-1.189461231,-1.661456466,-2.066500052,-1.395606284,-2,0.8929124475,-0.8979536295,0.0244366955,1.266277143,-0.9896450101,0,0.495629485,0.3852345484,1.562174343,-0.106835328,-0.2576697767,-0.06810496747,0.108403733,-0.002730142992,-0.06988963872,0.7561684074,0,0,0,1,0,0,0
12.93028903,10.91022706,rate,aggressive,-1.768941522,-1.189461231,-1.661456466,-2.053670568,-1.405337335,-2,0.8929124475,-0.8979536295,0.0244366955,1.283072146,-0.9439742596,0,0.492224386,0.39362373,1.024119613,-0.106835328,-0.2576697767,-0.06810496747,-0.1819374108,-0.2602667719,0.006686332905,0.7594094851,0,0,0,1,0,0,0
12.94023657,10.9201746,rate,aggressive,-1.751823545,-1.19432199,-1.661455393,-2.040825026,-1.414501777,-2,0.9159837365,-0.8387855291,0.02201074176,1.299567968,-0.8985313038,0,0.4966018988,0.3888327311,1.31030999,-0.09821002185,-0.2309984565,-0.06763575226,-0.007486977339,-0.09117599134,-0.03663962578,0.7578148537,0,0,0,1,0,0,0
12.95025396,10.93019199,rate,aggressive,-1.751823545,-1.19432199,-1.661455393,-2.027723976,-1.423272291,-2,0.9159837365,-0.8387855291,0.02201074176,1.316074366,-0.8524781479,0,0.4931041873,0.4009295103,0.8660416989,-0.09821002185,-0.2309984565,-0.06763575226,-0.2750385173,-0.3369743867,0.03499941137,0.7611291342,0,0,0,1,0,0,0
12.96022248,10.94016051,rate,aggressive,-1.725649357,-1.199760795,-1.661532164,-2.014523233,-1.431540665,-2,0.950579226,-0.7488698363,0.01827744208,1.332394039,-0.8063745333,0,0.501727517,0.3865532388,1.506886146,-0.07362132519,-0.1818002164,-0.0660521239,0.1213364056,0.04555682733,-0.06850919096,0.7568785443,0,0,0,1,0,0,0
12.97024679,10.95018482,rate,aggressive,-1.725649357,-1.199760795,-1.661532164,-2.0010851,-1.439390542,-2,0.950579226,-0.7488698363,0.01827744208,1.348696898,-0.7597511231,0,0.4978430886,0.398685525,0.9441076518,-0.07362132519,-0.1818002164,-0.0660521239,-0.1744635336,-0.2347066382,0.01203164578,0.7602903707,0,0,0,1,0,0,0
12.98024917,10.9601872,rate,aggressive,-1.707877398,-1.201694012,-1.661659241,-1.987514029,-1.446756161,-2,0.9735690355,-0.687838912,0.01551173534,1.364854669,-0.7129831803,0,0.5027191781,0.392399408,1.237004537,-0.08185449988,-0.1899803132,-0.06576096267,-0.0003497817057,-0.05250393668,-0.03333190465,0.758332606,0,0,0,1,0,0,0
12.99038363,10.97032166,rate,aggressive,-1.707877398,-1.201694012,-1.661659241,-1.973599484,-1.453740746,-2,0.9735690355,-0.687838912,0.01551173534,1.381112997,-0.6653620154,0,0.4986083164,0.4084579604,0.7851377337,-0.08185449988,-0.1899803132,-0.06576096267,-0.2731448166,-0.3193776534,0.04181523045,0.7618580169,0,0,0,1,0,0,0
13.0002234,10.98016143,rate,aggressive,-1.698901892,-1.202419162,-1.661734104,-1.959932434,-1.460059402,-2,0.985059917,-0.6572321057,0.0140681453,1.39678865,-0.6189135664,0,0.4989381259,0.4137472325,0.7494699355,-0.08070164919,-0.1876810044,-0.06570461392,-0.2824932756,-0.3265289517,0.04485512357,0.7625620899,0,0,0,1,0,0,0
13.01026654,10.99020457,rate,aggressive,-1.680770993,-1.203378797,-1.661909819,-1.945824412,-1.466036333,-2,1.007889271,-0.5961615443,0.01177001372,1.41267532,-0.5713050035,0,0.5035347723,0.4057192704,0.8819422029,-0.07801066339,-0.1754015833,-0.0635253638,-0.09055991127,-0.1324098231,-0.007430574277,0.760699962,0,0,0,1,0,0,0
13.02022958,11.00016761,rate,aggressive,-1.662365675,-1.202775955,-1.662152529,-1.931671842,-1.471492221,-2,1.03073895,-0.5340413451,0.009356898256,1.428321236,-0.5238916763,0,0.5087977564,0.3978218718,1.204411183,-0.08148722351,-0.1653436571,-0.06076904759,0.07021762216,0.04539263258,-0.04981011299,0.7585617122,0,0,0,1,0,0,0
13.03025818,11.01019621,rate,aggressive,-1.662365675,-1.202775955,-1.662152529,-1.917269293,-1.476506095,-2,1.03073895,-0.5340413451,0.009356898256,1.443954137,-0.475996213,0,0.5040287272,0.4173770238,0.7355793834,-0.08148722351,-0.1653436571,-0.06076904759,-0.2212898047,-0.2531631932,0.0332286383,0.762204947,0,0,0,1,0,0,0
13.04022908,11.02016711,rate,aggressive,-1.634295464,-1.200191021,-1.66258204,-1.902794762,-1.481014155,-2,1.064945936,-0.4400576055,0.005125660915,1.459380484,-0.4282225097,0,0.5145914742,0.3946453527,1.527512706,-0.1106743813,-0.1986376941,-0.05804124847,0.1842483646,0.1876364678,-0.07754500365,0.7568298372,0,0,0,1,0,0,0
13.05025625,11.03019428,rate,aggressive,-1.634295464,-1.200191021,-1.66258204,-1.888084022,-1.485066558,-2,1.064945936,-0.4400576055,0.005125660915,1.474775362,-0.3800401401,0,0.5093265985,0.4142324551,0.899924688,-0.1106743813,-0.1986376941,-0.05804124847,-0.1296829858,-0.1422440329,0.01265702885,0.7605603098,0,0,0,1,0,0,0
13.06022644,11.04016447,rate,aggressive,-1.615266323,-1.197045207,-1.662922263,-1.87330442,-1.488616285,-2,1.087810278,-0.3766331375,0.002568093594,1.489963673,-0.3320088035,0,0.5149939351,0.4046298054,1.301507317,-0.1042583287,-0.1651716977,-0.0549394004,0.05239837579,0.065196532,-0.03665008934,0.7580889728,0,0,0,1,0,0,0
13.07049942,11.05043745,rate,aggressive,-1.615266323,-1.197045207,-1.662922263,-1.857918204,-1.491772315,-2,1.087810278,-0.3766331375,0.002568093594,1.505487747,-0.282407086,0,0.5092792991,0.4281817513,0.7420274106,-0.1042583287,-0.1651716977,-0.0549394004,-0.2349614528,-0.2431206007,0.04650013947,0.7619767675,0,0,0,1,0,0,0
13.08024454,11.06018257,rate,aggressive,-1.586226821,-1.19018662,-1.663490295,-1.843175774,-1.494294767,-2,1.12221086,-0.2804950774,-0.001028097118,1.520095222,-0.2352645495,0,0.5212900445,0.4004482778,1.603266183,-0.05968518555,-0.06875193119,-0.05172037333,0.2013097097,0.2478219015,-0.07694646746,0.7561097543,0,0,0,1,0,0,0
13.09030938,11.07024741,rate,aggressive,-1.586226821,-1.19018662,-1.663490295,-1.827800848,-1.496417319,-2,1.12221086,-0.2804950774,-0.001028097118,1.535059181,-0.1864995316,0,0.5151446716,0.4234146379,0.9310073669,-0.05968518555,-0.06875193119,-0.05172037333,-0.1161999604,-0.1011237556,0.01553151025,0.7599801075,0,0,0,1,0,0,0
13.10023499,11.08017302,rate,aggressive,-1.566538572,-1.18448782,-1.663893223,-1.812491733,-1.498029521,-2,1.144962311,-0.2165469378,-0.002801602241,1.54969278,-0.1383491079,0,0.5213148007,0.4122250623,1.269285408,-0.02977447025,-0.01688805036,-0.05206614733,0.06738739311,0.1073689441,-0.03710405308,0.7574632599,0,0,0,1,0,0,0
13.11029196,11.09022999,rate,aggressive,-1.566538572,-1.18448782,-1.663893223,-1.796832484,-1.499175371,-2,1.144962311,-0.2165469378,-0.002801602241,1.564393924,-0.08951642669,0,0.5148119136,0.4382550377,0.693951193,-0.02977447025,-0.01688805036,-0.05206614733,-0.2229275052,-0.2158659945,0.0478992875,0.7613616207,0,0,0,1,0,0,0
13.12022734,11.10016537,rate,aggressive,-1.536489725,-1.173352718,-1.664515138,-1.781218011,-1.499824972,-2,1.179050446,-0.1200678274,-0.005998032633,1.578791482,-0.04124528787,0,0.5282292674,0.4074823494,1.509610593,-0.02689297497,-0.02600621246,-0.04941530526,0.2034748324,0.2792170664,-0.07606406334,0.7552966676,0,0,0,1,0,0,0
13.13024974,11.11018777,rate,aggressive,-1.536489725,-1.173352718,-1.664515138,-1.76532248,-1.499994271,-2,1.179050446,-0.1200678274,-0.005998032633,1.593187245,0.007461971107,0,0.5211614212,0.4333694897,0.8377972341,-0.02689297497,-0.02600621246,-0.04941530526,-0.1164230366,-0.08426445919,0.01762863135,0.7592099333,0,0,0,1,0,0,0
13.14022732,11.12016535,rate,aggressive,-1.516121984,-1.164654255,-1.664950728,-1.749355367,-1.499677919,-2,1.20150435,-0.05589855835,-0.007638506591,1.607389871,0.0559490103,0,0.5281066949,0.4210834617,1.205480013,-0.02174946293,-0.01523143426,-0.047728993,0.07010980258,0.1400624666,-0.03653128642,0.7564977432,0,0,0,1,0,0,0
13.15055323,11.13049126,rate,aggressive,-1.516121984,-1.164654255,-1.664950728,-1.732682304,-1.498841194,-2,1.20150435,-0.05589855835,-0.007638506591,1.621951833,0.1061095982,0,0.5204203077,0.4506451772,0.6383025565,-0.02174946293,-0.01523143426,-0.047728993,-0.2244169358,-0.1985418936,0.04998720096,0.760550549,0,0,0,1,0,0,0
13.1602335,11.14017153,rate,aggressive,-1.485066175,-1.149710536,-1.66564095,-1.716915811,-1.497586548,-2,1.234966278,0.04021894559,-0.01008515339,1.635476102,0.1531008846,0,0.5353204157,0.4162357041,1.47683536,-0.02304224297,-0.0004366434005,-0.04376165196,0.2254363057,0.3375548393,-0.08217569325,0.7542578822,0,0,0,1,0,0,0
13.17039061,11.15032864,rate,aggressive,-1.485066175,-1.149710536,-1.66564095,-1.700232598,-1.495781287,-2,1.234966278,0.04021894559,-0.01008515339,1.64953308,0.202356674,0,0.5271219293,0.4452594598,0.7982667295,-0.02304224297,-0.0004366434005,-0.04376165196,-0.1021939818,-0.04510180445,0.01416758871,0.7582609957,0,0,0,1,0,0,0
13.18023014,11.16016817,rate,aggressive,-1.464025617,-1.138047934,-1.666138411,-1.683935505,-1.4935557,-2,1.257078409,0.104622446,-0.01179191656,1.663019117,0.2500080896,0,0.534985693,0.4313512409,1.211262576,-0.03694834188,-0.01703623496,-0.04369777068,0.09339656005,0.2013597751,-0.04266290144,0.755208251,0,0,0,1,0,0,0
13.19049692,11.17043495,rate,aggressive,-1.464025617,-1.138047934,-1.666138411,-1.666790009,-1.490734037,-2,1.257078409,0.104622446,-0.01179191656,1.676951688,0.2996447612,0,0.5262741177,0.4631050884,0.6410334138,-0.03694834188,-0.01703623496,-0.04369777068,-0.2073029307,-0.1539903879,0.04598851433,0.7592662502,0,0,0,1,0,0,0
13.20022917,11.1801672,rate,aggressive,-1.431977868,-1.118925095,-1.666927099,-1.650405773,-1.487589235,-2,1.290249586,0.2013373673,-0.01472102478,1.690026697,0.3466029191,0,0.5427352535,0.4256060708,1.543304801,-0.0182816796,0.03982133418,-0.04069486633,0.248831941,0.4078040685,-0.08733614025,0.7524471365,0,0,0,1,0,0,0
13.21026421,11.19020224,rate,aggressive,-1.431977868,-1.118925095,-1.666927099,-1.633379211,-1.483868577,-2,1.290249586,0.2013373673,-0.01472102478,1.703372715,0.3949105137,0,0.5335576849,0.4564624752,0.8562560964,-0.0182816796,0.03982133418,-0.04069486633,-0.08352263424,0.008722168582,0.01035803154,0.7564205113,0,0,0,1,0,0,0
13.22022772,11.20016575,rate,aggressive,-1.410291433,-1.104809642,-1.667492986,-1.616342193,-1.479695462,-2,1.312184453,0.2656516433,-0.01674094982,1.716486152,0.4427463574,0,0.5418091996,0.4417042687,1.245193166,-0.01345322281,0.06342181563,-0.03904983029,0.1083400085,0.2506712588,-0.04584690762,0.7531266763,0,0,0,1,0,0,0
13.23027325,11.21021128,rate,aggressive,-1.410291433,-1.104809642,-1.667492986,-1.599033359,-1.475006192,-2,1.312184453,0.2656516433,-0.01674094982,1.7295678,0.4908317614,0,0.5321934937,0.4745473672,0.6602688675,-0.01345322281,0.06342181563,-0.03904983029,-0.1945216277,-0.1154050866,0.04318539008,0.757095321,0,0,0,1,0,0,0
13.2402308,11.22016883,rate,aggressive,-1.377326131,-1.081631064,-1.668396711,-1.581747117,-1.46988205,-2,1.344852567,0.3617518246,-0.01955449954,1.742395365,0.5383377151,0,0.5499886441,0.4354368285,1.539767744,0.008519545197,0.1073162556,-0.0372700654,0.2519595471,0.4452493018,-0.08733358801,0.7500835613,0,0,0,1,0,0,0
13.25030923,11.23024726,rate,aggressive,-1.377326131,-1.081631064,-1.668396711,-1.564121678,-1.464214885,-2,1.344852567,0.3617518246,-0.01955449954,1.755236148,0.5862441965,0,0.539651459,0.468181468,0.8467297658,0.008519545197,0.1073162556,-0.0372700654,-0.08177810579,0.03598150978,0.009676540811,0.7540450168,0,0,0,1,0,0,0
13.26023507,11.2401731,rate,aggressive,-1.355033517,-1.065131187,-1.669017911,-1.546637302,-1.458162535,-2,1.366496921,0.4248505831,-0.02125837468,1.767741377,0.6332368795,0,0.5483929197,0.4526299598,1.217801426,0.008888447657,0.115955703,-0.03700472414,0.1159118363,0.2829524146,-0.04829350157,0.7506801078,0,0,0,1,0,0,0
13.27028656,11.25022459,rate,aggressive,-1.355033517,-1.065131187,-1.669017911,-1.528805827,-1.451559255,-2,1.366496921,0.4248505831,-0.02125837468,1.780261139,0.6806183706,0,0.5376547313,0.4868982522,0.637205156,0.008888447657,0.115955703,-0.03700472414,-0.1893131185,-0.09162342697,0.04037187494,0.7546038891,0,0,0,1,0,0,0
13.28024673,11.26018476,rate,aggressive,-1.321182132,-1.038442969,-1.670005202,-1.511012929,-1.444547263,-2,1.398599744,0.5188633204,-0.02350442111,1.792523457,0.7273496992,0,0.5566444064,0.4463125806,1.493258767,0.02391522191,0.1498554796,-0.03519028053,0.2625299856,0.4780592537,-0.09064648293,0.7475811842,0,0,0,1,0,0,0
13.29045057,11.2703886,rate,aggressive,-1.321182132,-1.038442969,-1.670005202,-1.49265885,-1.436882274,-2,1.398599744,0.5188633204,-0.02350442111,1.804936381,0.774981697,0,0.5450272572,0.4808934848,0.798103243,0.02391522191,0.1498554796,-0.03519028053,-0.07512157114,0.05951873454,0.005959585746,0.7515236782,0,0,0,1,0,0,0
13.30024123,11.28017926,rate,aggressive,-1.298304796,-1.019638777,-1.670660853,-1.474929615,-1.42907196,-2,1.419646382,0.5803931355,-0.02392924204,1.816703589,0.8204393939,0,0.5543429728,0.4645957818,1.147022659,0.04161593318,0.196344614,-0.03385091946,0.130136197,0.3175749992,-0.05400020132,0.7483247754,0,0,0,1,0,0,0
13.3103261,11.29026413,rate,aggressive,-1.298304796,-1.019638777,-1.670660853,-1.456547899,-1.420562942,-2,1.419646382,0.5803931355,-0.02392924204,1.828676914,0.8669965408,0,0.5424438585,0.5000200962,0.5915952603,0.04161593318,0.196344614,-0.03385091946,-0.1794536866,-0.06590783257,0.03438487698,0.7521747171,0,0,0,1,0,0,0
13.32023549,11.30017352,rate,aggressive,-1.263659477,-0.9892231226,-1.671686649,-1.438369138,-1.411746016,-2,1.450582027,0.6717849374,-0.02483565547,1.840295172,0.9124654083,0,0.5628842843,0.4587158532,1.382582228,0.03557473794,0.1842939109,-0.03371935338,0.2743692452,0.5154950765,-0.09565200981,0.7453855565,0,0,0,1,0,0,0
13.33026958,11.31020761,rate,aggressive,-1.263659477,-0.9892231226,-1.671686649,-1.419845061,-1.402360501,-2,1.450582027,0.6717849374,-0.02483565547,1.851910474,0.9582105628,0,0.5503327049,0.4936810413,0.720458276,0.03557473794,0.1842939109,-0.03371935338,-0.066307105,0.08859896285,-0.0001934374567,0.7491517094,0,0,0,1,0,0,0
13.34023857,11.3201766,rate,aggressive,-1.240300417,-0.9678563476,-1.67237699,-1.401326473,-1.392582846,-2,1.470885038,0.7318084836,-0.02491206303,1.863300871,1.003349476,0,0.5600525208,0.4778549015,1.079429782,0.03943290561,0.1940760314,-0.03372948617,0.1315282458,0.3475738916,-0.05632060693,0.7459925686,0,0,0,1,0,0,0
13.35027862,11.33021665,rate,aggressive,-1.240300417,-0.9678563476,-1.67237699,-1.382561895,-1.382282318,-2,1.470885038,0.7318084836,-0.02491206303,1.874620845,1.048483533,0,0.5471051542,0.5137181126,0.5702879658,0.03943290561,0.1940760314,-0.03372948617,-0.178748191,-0.04132597482,0.0301990772,0.7497067424,0,0,0,1,0,0,0
13.36023736,11.34017539,rate,aggressive,-1.204865813,-0.9342035055,-1.673404574,-1.363837743,-1.371619219,-2,1.500923276,0.8203807473,-0.02529460937,1.885697949,1.092913872,0,0.5685676323,0.4721924079,1.294120701,0.06155097485,0.2497237474,-0.03237157315,0.2746362237,0.5414409517,-0.09715379037,0.7430565609,0,0,0,1,0,0,0
13.37030935,11.35024738,rate,aggressive,-1.204865813,-0.9342035055,-1.673404574,-1.344789234,-1.360386594,-2,1.500923276,0.8203807473,-0.02529460937,1.89674694,1.137492216,0,0.5548649928,0.5078148027,0.6661986437,0.06155097485,0.2497237474,-0.03237157315,-0.06710875956,0.109895979,-0.004010504289,0.7466994626,0,0,0,1,0,0,0
13.38024163,11.36017966,rate,aggressive,-1.181070685,-0.9103933573,-1.674094796,-1.325896735,-1.348871903,-2,1.520505786,0.8785333037,-0.02503374033,1.907490041,1.18108614,0,0.5652010452,0.4918553861,0.9807891954,0.06351646036,0.2574365139,-0.03250377625,0.1316091539,0.3752367904,-0.05960046986,0.7435532395,0,0,0,1,0,0,0
13.39038491,11.37032294,rate,aggressive,-1.181070685,-0.9103933573,-1.674094796,-1.30649355,-1.336667663,-2,1.520505786,0.8785333037,-0.02503374033,1.91830405,1.225216458,0,0.5510488914,0.5282606898,0.5617188802,0.06351646036,0.2574365139,-0.03250377625,-0.18041092,-0.01892885329,0.0247655405,0.747149194,0,0,0,1,0,0,0
13.40023708,11.38017511,rate,aggressive,-1.144945741,-0.873369813,-1.675116062,-1.287542978,-1.324387074,-2,1.54958415,0.9639347792,-0.02527175844,1.928654659,1.26768938,0,0.5738467698,0.4864154293,1.187197281,0.07779776305,0.2936086953,-0.03319888934,0.2814842149,0.578804793,-0.1011523741,0.7405309062,0,0,0,1,0,0,0
13.41026139,11.39019942,rate,aggressive,-1.144945741,-0.873369813,-1.675116062,-1.268157411,-1.311464464,-2,1.54958415,0.9639347792,-0.02527175844,1.939030477,1.310495138,0,0.5591579493,0.5219302501,0.6228842403,0.07779776305,0.2936086953,-0.03319888934,-0.06266779776,0.1413817867,-0.01038016385,0.7439879493,0,0,0,1,0,0,0
13.42023873,11.40017676,rate,aggressive,-1.120632887,-0.8476148248,-1.675785303,-1.248760176,-1.298178421,-2,1.568563223,1.019740939,-0.02574038506,1.949200964,1.352676692,0,0.5696835314,0.5063535059,0.891415626,0.06395074725,0.2729384005,-0.03275668249,0.1331594817,0.4001002569,-0.06333553593,0.7406917334,0,0,0,1,0,0,0
13.43029785,11.41023588,rate,aggressive,-1.120632887,-0.8476148248,-1.675785303,-1.229102027,-1.284359636,-2,1.568563223,1.019740939,-0.02574038506,1.959295702,1.394762292,0,0.5546411042,0.5421950322,0.583877162,0.06395074725,0.2729384005,-0.03275668249,-0.1795508659,0.00422657472,0.01838459639,0.7440788098,0,0,0,1,0,0,0
13.44025207,11.4201901,rate,aggressive,-1.083851814,-0.8074109554,-1.676777244,-1.209549715,-1.270270457,-2,1.596459627,1.102075219,-0.02635311708,1.969127087,1.435958917,0,0.5783699773,0.5010527375,1.145017524,0.06520916522,0.2896178067,-0.03410540521,0.2785830016,0.6079887158,-0.1010962196,0.7374648874,0,0,0,1,0,0,0
13.45040417,11.4303422,rate,aggressive,-1.083851814,-0.8074109554,-1.676777244,-1.189508727,-1.255481182,-2,1.596459627,1.102075219,-0.02635311708,1.978991127,1.477499606,0,0.5624973436,0.5366267837,0.6293747049,0.06520916522,0.2896178067,-0.03410540521,-0.06547994357,0.1689362802,-0.01385675688,0.7407831555,0,0,0,1,0,0,0
13.4602437,11.44018173,rate,aggressive,-1.059052944,-0.7797987461,-1.677429318,-1.169989989,-1.240747126,-2,1.614821792,1.155493379,-0.02655018121,1.988393818,1.517290641,0,0.573438995,0.5207285567,0.8786637637,0.06267818063,0.3017702699,-0.03504149616,0.1410448776,0.4390373462,-0.06710425862,0.7375190141,0,0,0,1,0,0,0
13.47025347,11.4501915,rate,aggressive,-1.059052944,-0.7797987461,-1.677429318,-1.150039425,-1.225358835,-2,1.614821792,1.155493379,-0.02655018121,1.997799177,1.557281654,0,0.5575429825,0.5557071238,0.6163812757,0.06267818063,0.3017702699,-0.03504149616,-0.172479983,0.04160390943,0.01165145287,0.740702567,0,0,0,1,0,0,0
13.4802072,11.46014524,rate,aggressive,-1.021661639,-0.7365633249,-1.678437114,-1.130107976,-1.209662222,-2,1.641611338,1.234065175,-0.02633494325,2.006991113,1.596547551,0,0.5822249256,0.515353648,1.145722021,0.05086063966,0.2979448438,-0.03703028709,0.2890308381,0.6520986847,-0.102889712,0.7343921782,0,0,0,1,0,0,0
13.49036169,11.47029972,rate,aggressive,-1.021661639,-0.7365633249,-1.678437114,-1.109681103,-1.193248944,-2,1.641611338,1.234065175,-0.02633494325,2.016202459,1.636077181,0,0.5654306947,0.5501142526,0.6550085257,0.05086063966,0.2979448438,-0.03703028709,-0.05581625058,0.2113759364,-0.01937715568,0.7375141742,0,0,0,1,0,0,0
13.5002358,11.48017383,rate,aggressive,-0.9964963794,-0.7068875432,-1.679089904,-1.089729352,-1.176906531,-2,1.659166932,1.285017133,-0.02526525594,2.024997988,1.673991307,0,0.5767092214,0.5345760961,0.9201040596,0.05653893203,0.3257049918,-0.03651996702,0.1526658884,0.488669159,-0.06986070958,0.734574961,0,0,0,1,0,0,0
13.51041722,11.49035525,rate,aggressive,-0.9964963794,-0.7068875432,-1.679089904,-1.069066522,-1.159666231,-2,1.659166932,1.285017133,-0.02526525594,2.033899797,1.71253161,0,0.5596947875,0.5690621073,0.6408198956,0.05653893203,0.3257049918,-0.03651996702,-0.1619359605,0.08919432481,0.005280175702,0.7376116203,0,0,0,1,0,0,0
13.52023816,11.50017619,rate,aggressive,-0.9583886266,-0.6611405611,-1.680026174,-1.049050218,-1.142667246,-2,1.685114861,1.359055281,-0.02308881097,2.042324619,1.749162505,0,0.5852099812,0.5294483462,1.21434735,0.03115438297,0.2949921489,-0.03649622947,0.317165474,0.7118271601,-0.1067920846,0.7319400617,0,0,0,1,0,0,0
13.53033566,11.51027369,rate,aggressive,-0.9583886266,-0.6611405611,-1.680026174,-1.028384803,-1.124817309,-2,1.685114861,1.359055281,-0.02308881097,2.050820325,1.786254939,0,0.5676960817,0.5628260191,0.7095580297,0.03115438297,0.2949921489,-0.03649622947,-0.02998806326,0.2698167958,-0.02706342553,0.7348417737,0,0,0,1,0,0,0
13.5402379,11.52017593,rate,aggressive,-0.9327489734,-0.6298566461,-1.680616379,-1.00803652,-1.106951653,-2,1.702257752,1.407284141,-0.02138565294,2.058987257,1.822057092,0,0.5790455573,0.5474941885,1.023814986,0.04484702274,0.3420881927,-0.0369961448,0.1821254033,0.546261163,-0.07452902635,0.7321252711,0,0,0,1,0,0,0
13.55024242,11.53018045,rate,aggressive,-0.9327489734,-0.6298566461,-1.680616379,-0.987396756,-1.088544347,-2,1.702257752,1.407284141,-0.02138565294,2.067072469,1.857641166,0,0.5615929884,0.5799729084,0.6583647164,0.04484702274,0.3420881927,-0.0369961448,-0.1330132314,0.1487619571,-0.003337649727,0.7349072858,0,0,0,1,0,0,0
13.56023979,11.54017782,rate,aggressive,-0.8939297795,-0.5817834139,-1.681455731,-0.9666917827,-1.069797581,-2,1.727844477,1.477541566,-0.01953677274,2.074984498,1.892598046,0,0.5873011043,0.5414422974,1.193103479,0.09978718311,0.4756382406,-0.03835827485,0.3331688902,0.7352730752,-0.1063481342,0.7294322036,0,0,0,1,0,0,0
13.57027555,11.55021358,rate,aggressive,-0.8939297795,-0.5817834139,-1.681455731,-0.9458286022,-1.050630423,-2,1.727844477,1.477541566,-0.01953677274,2.082757952,1.927072733,0,0.5691936898,0.5730824812,0.6995609307,0.09978718311,0.4756382406,-0.03835827485,-0.0129528981,0.2994729639,-0.03228623048,0.7320834285,0,0,0,1,0,0,0
13.5802412,11.56017923,rate,aggressive,-0.8679021597,-0.5487786531,-1.682005763,-0.9250347835,-1.031257874,-2,1.744463921,1.522678137,-0.01852379367,2.090308979,1.960684401,0,0.5806639905,0.5583918181,0.9203071822,0.09830849618,0.4613185227,-0.03884310648,0.1906132196,0.5580269756,-0.07571872763,0.729332846,0,0,0,1,0,0,0
13.59029222,11.57023025,rate,aggressive,-0.8679021597,-0.5487786531,-1.682005763,-0.9039875025,-1.011383318,-2,1.744463921,1.522678137,-0.01852379367,2.097754357,1.993944898,0,0.5625171669,0.5892789016,0.6248500632,0.09830849618,0.4613185227,-0.03884310648,-0.12357177,0.1668867696,-0.01013695886,0.7318727245,0,0,0,1,0,0,0
13.60023999,11.58017802,rate,aggressive,-0.8284429908,-0.4983995557,-1.682824016,-0.8830835593,-0.9913869266,-2,1.768851876,1.587399483,-0.01639200561,2.104954246,2.026221201,0,0.5887467577,0.5529900552,1.097257006,0.1037430242,0.4596471488,-0.04196562618,0.3439892986,0.7505753606,-0.1052646554,0.7267918768,0,0,0,1,0,0,0
13.61030555,11.59024358,rate,aggressive,-0.8284429908,-0.4983995557,-1.682824016,-0.8618600801,-0.9708302875,-2,1.768851876,1.587399483,-0.01639200561,2.112067644,2.058218383,0,0.5700071081,0.5828689372,0.6569340775,0.1037430242,0.4596471488,-0.04196562618,-0.001509857666,0.3218601756,-0.03727829535,0.7291941978,0,0,0,1,0,0,0
13.62024808,11.60018611,rate,aggressive,-0.8019341826,-0.4641025662,-1.683345318,-0.840826556,-0.9502120107,-2,1.784823775,1.62882328,-0.01481924765,2.118923941,2.089161247,0,0.5814509407,0.5689934752,0.8728122127,0.1028241664,0.4596443772,-0.04225860536,0.2053193839,0.5798579182,-0.07737280437,0.7267298304,0,0,0,1,0,0,0
13.63027048,11.61020851,rate,aggressive,-0.8019341826,-0.4641025662,-1.683345318,-0.8195559308,-0.9291201123,-2,1.784823775,1.62882328,-0.01481924765,2.1256636,2.119675458,0,0.5628694626,0.5977685644,0.6250768988,0.1028241664,0.4596443772,-0.04225860536,-0.1081401472,0.1966906352,-0.01726657804,0.7290094892,0,0,0,1,0,0,0
13.6402452,11.62018323,rate,aggressive,-0.7618748546,-0.4116662741,-1.684072137,-0.7983202963,-0.9078283298,-2,1.808298945,1.688307405,-0.01189846266,2.132199477,2.149359585,0,0.5893347694,0.5635798442,1.015890551,0.1355741471,0.5324344039,-0.04509394616,0.3565264283,0.7658601577,-0.1034646462,0.7245011651,0,0,0,1,0,0,0
13.65032578,11.63026381,rate,aggressive,-0.7618748546,-0.4116662741,-1.684072137,-0.7767939375,-0.8860132925,-2,1.808298945,1.688307405,-0.01189846266,2.138630135,2.178654778,0,0.5701211166,0.5913550671,0.6340199621,0.1355741471,0.5324344039,-0.04509394616,0.01204525953,0.3465605175,-0.04187554045,0.7266460878,0,0,0,1,0,0,0
13.66025019,11.64018822,rate,aggressive,-0.7348946929,-0.3762299418,-1.684516072,-0.7555385875,-0.8642512067,-2,1.823605657,1.725695848,-0.01009277161,2.144789213,2.206795487,0,0.5814817572,0.5785478397,0.7814959499,0.1291152537,0.5155474544,-0.04774881154,0.2175735829,0.5911830343,-0.07788116981,0.7244475479,0,0,0,1,0,0,0
13.67027855,11.65021658,rate,aggressive,-0.7348946929,-0.3762299418,-1.684516072,-0.7339993833,-0.8419810637,-2,1.823605657,1.725695848,-0.01009277161,2.150838993,2.234515598,0,0.5625433474,0.6050463272,0.6308291281,0.1291152537,0.5155474544,-0.04774881154,-0.09484504583,0.218328404,-0.02377170255,0.7264635133,0,0,0,1,0,0,0
13.68024516,11.66018319,rate,aggressive,-0.6942047477,-0.3220105171,-1.685192704,-0.7125335648,-0.8195762206,-2,1.845919728,1.779411554,-0.007837067358,2.15667793,2.261343674,0,0.5890765725,0.5734898846,0.9602492612,0.1179601103,0.4827269316,-0.04701849818,0.3689139593,0.7799903758,-0.1000843576,0.7221967657,0,0,0,1,0,0,0
13.69031668,11.67025471,rate,aggressive,-0.6942047477,-0.3220105171,-1.685192704,-0.6907835742,-0.7966676355,-2,1.845919728,1.779411554,-0.007837067358,2.162402049,2.287714798,0,0.5695741549,0.5988277441,0.6255882426,0.1179601103,0.4827269316,-0.04701849818,0.02651839985,0.3731452211,-0.04519135802,0.7240844127,0,0,0,1,0,0,0
13.70024467,11.6801827,rate,aggressive,-0.6668346524,-0.2854180932,-1.685589433,-0.6692879831,-0.7738292345,-2,1.860444188,1.813254952,-0.005557561759,2.167870709,2.312974307,0,0.5808661348,0.5867379189,0.7848503999,0.1289593279,0.5052940249,-0.04918529466,0.2334762239,0.6208820707,-0.07681051319,0.7221838658,0,0,0,1,0,0,0
13.71026611,11.69020414,rate,aggressive,-0.6668346524,-0.2854180932,-1.685589433,-0.6475358514,-0.7505252442,-2,1.860444188,1.813254952,-0.005557561759,2.173215321,2.337722485,0,0.5617393617,0.6106741038,0.6309281345,0.1289593279,0.5052940249,-0.04918529466,-0.07670900328,0.2595248513,-0.02882673069,0.723952808,0,0,0,1,0,0,0
13.72024846,11.70018649,rate,aggressive,-0.6254165173,-0.2299130559,-1.68608129,-0.6258162202,-0.7270693888,-2,1.881727219,1.860999703,-0.002271060599,2.178363328,2.361617907,0,0.5879706927,0.5819078314,0.9546785677,0.1251502931,0.5080865622,-0.05099629983,0.3868692247,0.8001487277,-0.09553178595,0.7204223333,0,0,0,1,0,0,0
13.73032117,11.7102592,rate,aggressive,-0.6254165173,-0.2299130559,-1.68608129,-0.6038487875,-0.7031633032,-2,1.881727219,1.860999703,-0.002271060599,2.183379715,2.384956779,0,0.5683097042,0.6045911039,0.6296050712,0.1251502931,0.5080865622,-0.05099629983,0.04687908888,0.4078725263,-0.04751333562,0.7220667356,0,0,0,1,0,0,0
13.74025345,11.72019148,rate,aggressive,-0.5976378322,-0.1923900694,-1.686345577,-0.5821390129,-0.6793641357,-2,1.895627141,1.89102459,0.000350429822,2.18815047,2.407202643,0,0.5794506464,0.5933041404,0.7963971312,0.1325207651,0.5210767984,-0.0524555929,0.2545779269,0.6494531491,-0.07459383776,0.7204897381,0,0,0,1,0,0,0
13.75026631,11.73020434,rate,aggressive,-0.5976378322,-0.1923900694,-1.686345577,-0.5602060169,-0.655152108,-2,1.895627141,1.89102459,0.000350429822,2.19278295,2.428850205,0,0.5602936213,0.6144575578,0.6181603479,0.1325207651,0.5210767984,-0.0524555929,-0.05318276906,0.302113506,-0.03299388084,0.7220199947,0,0,0,1,0,0,0
13.76024389,11.74018192,rate,aggressive,-0.5555476546,-0.1356871575,-1.686641693,-0.538305059,-0.6308137092,-2,1.916206598,1.933122993,0.003562856233,2.197221975,2.449636701,0,0.5862090393,0.5880210432,0.9421410062,0.1621353179,0.5803175569,-0.05408277735,0.4092715437,0.8199784609,-0.08968973441,0.7189516431,0,0,0,1,0,0,0
13.77028489,11.75022292,rate,aggressive,-0.5555476546,-0.1356871575,-1.686641693,-0.5162210764,-0.6061152213,-2,1.916206598,1.933122993,0.003562856233,2.201510345,2.469757651,0,0.5666061873,0.6077727197,0.6244039888,0.1621353179,0.5803175569,-0.05408277735,0.07166124975,0.4438225229,-0.04885511091,0.7203549693,0,0,0,1,0,0,0
13.78024578,11.76018381,rate,aggressive,-0.5272669196,-0.09753426909,-1.686769128,-0.4942716246,-0.581418134,-2,1.929522753,1.959122181,0.005973298103,2.205586862,2.488920965,0,0.5773611205,0.5974393893,0.7551933007,0.1708929837,0.591730535,-0.05444191769,0.2743696615,0.6656788486,-0.07094204047,0.7190022241,0,0,0,1,0,0,0
13.79054427,11.7704823,rate,aggressive,-0.5272669196,-0.09753426909,-1.686769128,-0.4715365037,-0.5556875793,-2,1.929522753,1.959122181,0.005973298103,2.209615169,2.507892473,0,0.5577848278,0.6161463103,0.5986837313,0.1708929837,0.591730535,-0.05444191769,-0.03230524388,0.3337982884,-0.03606380881,0.7203334384,0,0,0,1,0,0,0
13.80025244,11.78019047,rate,aggressive,-0.4844475389,-0.03999130428,-1.686864972,-0.4500674668,-0.53125694,-2,1.949127793,1.994888186,0.008926374838,2.213238761,2.524987534,0,0.5835901472,0.5923171461,0.8648735301,0.1892997772,0.6058006287,-0.05657452717,0.4417009878,0.8405906258,-0.08373049641,0.7177056369,0,0,0,1,0,0,0
13.81026483,11.79020286,rate,aggressive,-0.4844475389,-0.03999130428,-1.686864972,-0.4278896882,-0.5058908784,-2,1.949127793,1.994888186,0.008926374838,2.216798916,2.541810598,0,0.5641938934,0.6089758903,0.5864683957,0.1892997772,0.6058006287,-0.05657452717,0.1033982311,0.4796192142,-0.05000996901,0.7188745928,0,0,0,1,0,0,0
13.8202498,11.80018783,rate,aggressive,-0.4557069838,-0.00136008556,-1.686858773,-0.4057380378,-0.480430636,-2,1.961646199,2.016392231,0.01172187179,2.220170057,2.557765421,0,0.5745110232,0.6000474299,0.6750386201,0.2117259949,0.6423313618,-0.05763233081,0.2972988584,0.6802796402,-0.06640141096,0.7179212202,0,0,0,1,0,0,0
13.83033705,11.81027508,rate,aggressive,-0.4557069838,-0.00136008556,-1.686858773,-0.3833262111,-0.4545520385,-2,1.961646199,2.016392231,0.01172187179,2.223393672,2.573044718,0,0.5555891921,0.6152325845,0.5714738191,0.2117259949,0.6423313618,-0.05763233081,-0.0068696347,0.3662348903,-0.03828739249,0.7189988621,0,0,0,1,0,0,0
13.84024906,11.82018709,rate,aggressive,-0.4123337567,0.05688956752,-1.686725616,-0.3612729415,-0.4289769909,-2,1.979678273,2.045322895,0.01546227839,2.226382786,2.587232329,0,0.580357096,0.5956240698,0.7186797576,0.2230071425,0.6457703114,-0.06138614565,0.4382267032,0.8201118839,-0.07254368906,0.7171857146,0,0,0,1,0,0,0
13.85029554,11.83023357,rate,aggressive,-0.4123337567,0.05688956752,-1.686725616,-0.3388911638,-0.4029156844,-2,1.979678273,2.045322895,0.01546227839,2.22923165,2.600772001,0,0.5612089838,0.6091302649,0.5298408107,0.2230071425,0.6457703114,-0.06138614565,0.1067205091,0.483638298,-0.04691498008,0.718138038,0,0,0,1,0,0,0
13.86025524,11.84019327,rate,aggressive,-0.38317433,0.0958083421,-1.686561823,-0.3166753731,-0.3769494234,-2,1.991235733,2.062145948,0.01834814437,2.231876012,2.613355236,0,0.5711090149,0.6017275769,0.5610041033,0.2278395146,0.6410051584,-0.06108336896,0.2981735792,0.6714690098,-0.05829324827,0.7175280108,0,0,0,1,0,0,0
13.87029862,11.85023665,rate,aggressive,-0.38317433,0.0958083421,-1.686561823,-0.2942471567,-0.3506423313,-2,1.991235733,2.062145948,0.01834814437,2.234360999,2.62519368,0,0.5526931669,0.613570939,0.5620553317,0.2278395146,0.6410051584,-0.06108336896,0.0002662731982,0.3804833209,-0.03740081232,0.718391736,0,0,0,1,0,0,0
13.88024545,11.86018348,rate,aggressive,-0.3392989039,0.1543942094,-1.686187744,-0.2720108694,-0.3244751891,-2,2.00759387,2.08425045,0.02244294062,2.236642164,2.636072715,0,0.576473514,0.5978918118,0.5971226898,0.2187929004,0.6168315411,-0.06304648519,0.433715754,0.8050030087,-0.06008793184,0.717259747,0,0,0,1,0,0,0
13.89030313,11.87024117,rate,aggressive,-0.3392989039,0.1543942094,-1.686187744,-0.2495045843,-0.2979106693,-2,2.00759387,2.08425045,0.02244294062,2.238766501,2.646213808,0,0.5577820857,0.6080684877,0.4863655128,0.2187929004,0.6168315411,-0.06304648519,0.1099650816,0.4946393088,-0.04224533949,0.7180216871,0,0,0,1,0,0,0
13.90024471,11.88018274,rate,aggressive,-0.3098556995,0.1934501231,-1.685862422,-0.2272380225,-0.2715568346,-2,2.018061876,2.096655369,0.02540365048,2.240686041,2.655385529,0,0.5672209175,0.6019852626,0.477132575,0.2182570547,0.6191692352,-0.06385618448,0.2993983892,0.6736672771,-0.04849585205,0.7177517985,0,0,0,1,0,0,0
13.91038656,11.89032459,rate,aggressive,-0.3098556995,0.1934501231,-1.685862422,-0.2045041714,-0.2445825621,-2,2.018061876,2.096655369,0.02540365048,2.242459412,2.66386583,0,0.5492303667,0.6105139694,0.5318250097,0.2182570547,0.6191692352,-0.06385618448,0.008286245396,0.4064329276,-0.03458207624,0.7184469639,0,0,0,1,0,0,0
13.92025924,11.90019727,rate,aggressive,-0.2802853286,0.2324901819,-1.685477495,-0.1823573171,-0.2182458461,-2,2.027997732,2.107371092,0.02807806619,2.244006262,2.671268379,0,0.5582806359,0.6045065866,0.4237242466,0.218037799,0.6173257828,-0.06389053166,0.2199763356,0.6073096616,-0.04124012756,0.7182067129,0,0,0,1,0,0,0
13.93051982,11.91045785,rate,aggressive,-0.2802853286,0.2324901819,-1.685477495,-0.1593250588,-0.1908014147,-2,2.027997732,2.107371092,0.02807806619,2.245426146,2.678067814,0,0.5410467343,0.6113577035,0.6215723644,0.218037799,0.6173257828,-0.06389053166,-0.05213985874,0.3678487154,-0.03034856262,0.7188424966,0,0,0,1,0,0,0
13.94025278,11.92019081,rate,aggressive,-0.2356767058,0.2909531593,-1.684813142,-0.1374645791,-0.1647079364,-2,2.042203426,2.120132446,0.03245450184,2.246596053,2.683673415,0,0.5626858907,0.600339957,0.395372171,0.2181075662,0.6205217838,-0.06333757937,0.3957174067,0.7698026376,-0.04031145001,0.7185057241,0,0,0,1,0,0,0
13.95031381,11.93025184,rate,aggressive,-0.2356767058,0.2909531593,-1.684813142,-0.1148561921,-0.1376818967,-2,2.042203426,2.120132446,0.03245450184,2.247624196,2.68860216,0,0.5455899224,0.6053171087,0.4650778057,0.2181075662,0.6205217838,-0.06333757937,0.08979481833,0.5053132399,-0.0326721849,0.7190534297,0,0,0,1,0,0,0
13.96024799,11.94018602,rate,aggressive,-0.1907400787,0.3491928279,-1.684064269,-0.09252358001,-0.1109522323,-2,2.055747747,2.128849745,0.03630363569,2.248458562,2.69260363,0,0.5667409842,0.5968868029,0.4339508316,0.2012596726,0.6027707458,-0.06491333246,0.4935168018,0.8429383899,-0.03246303403,0.718913125,0,0,0,1,0,0,0
13.97027969,11.95021772,rate,aggressive,-0.1907400787,0.3491928279,-1.684064269,-0.06996425341,-0.08392422008,-2,2.055747747,2.128849745,0.03630363569,2.249118728,2.695770723,0,0.5495385003,0.6000913975,0.3329316807,0.2012596726,0.6027707458,-0.06491333246,0.1730315649,0.5754701597,-0.02919760231,0.7193947298,0,0,0,1,0,0,0
13.9802587,11.96019673,rate,aggressive,-0.1606297493,0.3878516555,-1.68352747,-0.04751775604,-0.05701100628,-2,2.064388752,2.132517815,0.03881626204,2.249593535,2.698049142,0,0.557541006,0.5963498942,0.3311630032,0.1887728125,0.5900639296,-0.06485585868,0.3476385658,0.7147760541,-0.02496880453,0.7195946937,0,0,0,1,0,0,0
13.99029589,11.97023392,rate,aggressive,-0.1606297493,0.3878516555,-1.68352747,-0.02493654065,-0.02992236013,-2,2.064388752,2.132517815,0.03881626204,2.249888068,2.699462738,0,0.5413895432,0.5977819372,0.3447680156,0.1887728125,0.5900639296,-0.06485585868,0.06499499808,0.4928689705,-0.02419603744,0.7200362532,0,0,0,1,0,0,0
14.0002501,11.98018813,rate,aggressive,-0.1152599752,0.445505172,-1.682642579,-0.002539972014,-0.003047964844,-2,2.076683998,2.135214567,0.04208289459,2.249998839,2.699994426,0,0.560911266,0.5922713,0.4153934655,0.220097363,0.6469228268,-0.06474639475,0.4713903424,0.8044981069,-0.01387779502,0.7202102182,0,0,0,1,0,0,0
14.01032615,11.99026418,rate,aggressive,-0.1152599752,0.445505172,-1.682642579,0.02013091347,0.02415631297,-2,2.076683998,2.135214567,0.04208289459,2.249927053,2.699649861,0,0.5445927711,0.5919217236,0.2223797856,0.220097363,0.6469228268,-0.06474639475,0.1680229723,0.5751979172,-0.01793339595,0.7206076565,0,0,0,1,0,0,0
14.02025437,12.0001924,rate,aggressive,-0.08481265604,0.4836907089,-1.682004333,0.04246759792,0.05095376431,-2,2.084534168,2.134581089,0.04397139698,2.249675347,2.698441779,0,0.55189018,0.5891892481,0.2690650432,0.2347688675,0.6638858914,-0.0631891489,0.3438377841,0.6968356069,-0.009222807419,0.7209244426,0,0,0,1,0,0,0
14.0303247,12.01026273,rate,aggressive,-0.08481265604,0.4836907089,-1.682004333,0.06512050307,0.07811808829,-2,2.084534168,2.134581089,0.04397139698,2.249236548,2.696336053,0,0.5367404841,0.5870511023,0.2213488699,0.2347688675,0.6638858914,-0.0631891489,0.07325784279,0.5069376106,-0.01507884785,0.7212932035,0,0,0,1,0,0,0
14.04024696,12.02018499,rate,aggressive,-0.03908608481,0.5404756665,-1.68092978,0.08743513327,0.1048579707,-2,2.09530139,2.130162001,0.046414271,2.248623496,2.693394804,0,0.554595529,0.5855707848,0.3505332758,0.2464962155,0.6613720655,-0.06232526526,0.4653863762,0.769705598,0.005157132605,0.7217218482,0,0,0,1,0,0,0
14.05027533,12.03021336,rate,aggressive,-0.03908608481,0.5404756665,-1.68092978,0.1099812769,0.1318497597,-2,2.09530139,2.130162001,0.046414271,2.247821687,2.689549159,0,0.5394460263,0.5816620308,0.09697121626,0.2464962155,0.6613720655,-0.06232526526,0.1736144595,0.574438089,-0.005960076877,0.7220594472,0,0,0,1,0,0,0
14.06026292,12.04020095,rate,aggressive,-0.008347470313,0.5780149102,-1.680174589,0.1324268589,0.1586891282,-2,2.102109432,2.124947786,0.04840111732,2.246841145,2.684848142,0,0.5458386361,0.5803260678,0.2072407813,0.2602550089,0.6703109741,-0.06122117862,0.3415373463,0.6752870297,0.007050120974,0.7226780523,0,0,0,1,0,0,0
14.07026958,12.05020761,rate,aggressive,-0.008347470313,0.5780149102,-1.680174589,0.1549045739,0.1855283134,-2,2.102109432,2.124947786,0.04840111732,2.24567667,2.679267951,0,0.5319635815,0.574652125,0.1365114646,0.2602550089,0.6703109741,-0.06122117862,0.08158025547,0.5166132207,-0.004986812309,0.7230023681,0,0,0,1,0,0,0
14.0802505,12.06018853,rate,aggressive,0.03775143251,0.6336907744,-1.678916931,0.1773119352,0.2122384857,-2,2.111280203,2.113406181,0.05105423927,2.244333751,2.672836253,0,0.547899172,0.5772969659,0.3347457243,0.263448745,0.6655855775,-0.05869237706,0.4552567582,0.7279875818,0.02441082571,0.7239009952,0,0,0,1,0,0,0
14.09030771,12.07024574,rate,aggressive,0.03775143251,0.6336907744,-1.678916931,0.1998761014,0.2390835192,-2,2.111280203,2.113406181,0.05105423927,2.24279739,2.665482806,0,0.5339415991,0.5698174316,0.09322860285,0.263448745,0.6655855775,-0.05869237706,0.1749622384,0.5677619693,0.00678188488,0.7242164247,0,0,0,1,0,0,0
14.10025048,12.08018851,rate,aggressive,0.06858952343,0.6703622937,-1.67801404,0.2221674199,0.2655460985,-2,2.116733074,2.103449821,0.05295723677,2.241097884,2.657354375,0,0.5395713861,0.5701590385,0.2482534532,0.2712130547,0.6658692956,-0.05840007216,0.3347577944,0.6483445058,0.0237439441,0.7250818927,0,0,0,1,0,0,0
14.11027455,12.09021258,rate,aggressive,0.06858952343,0.6703622937,-1.67801404,0.2446229978,0.2921389367,-2,2.116733074,2.103449821,0.05295723677,2.23920282,2.648297885,0,0.5269873341,0.5609480543,0.1924412258,0.2712130547,0.6658692956,-0.05840007216,0.08541087014,0.5213940174,0.006026194345,0.7254005875,0,0,0,1,0,0,0
14.12024951,12.10018754,rate,aggressive,0.1149929985,0.7246484756,-1.676578522,0.2669487909,0.3185070851,-2,2.124135256,2.084887981,0.05519008264,2.237136129,2.638429928,0,0.540964735,0.567647628,0.4174864177,0.2909042835,0.6726651788,-0.05495613441,0.4411819361,0.6833031534,0.04378319559,0.7265509801,0,0,0,1,0,0,0
14.13026977,12.1102078,rate,aggressive,0.1149929985,0.7246484756,-1.676578522,0.2893543086,0.3448915891,-2,2.124135256,2.084887981,0.05519008264,2.234878522,2.627660809,0,0.528411404,0.5566977261,0.2694026038,0.2909042835,0.6726651788,-0.05495613441,0.1725514829,0.5579209566,0.02023895675,0.726878719,0,0,0,1,0,0,0
14.14025116,12.12018919,rate,aggressive,0.1458908468,0.7601977587,-1.675540686,0.3116495361,0.3710622323,-2,2.128234625,2.070012808,0.0564443469,2.232448969,2.616083626,0,0.5330818395,0.5587843339,0.4031670794,0.2821439207,0.6547300816,-0.05300662667,0.3191179657,0.6127240436,0.04022047433,0.7278106983,0,0,0,1,0,0,0
14.15026879,12.13020682,rate,aggressive,0.1458908468,0.7601977587,-1.675540686,0.3340004223,0.3972074563,-2,2.128234625,2.070012808,0.0564443469,2.229829458,2.603615372,0,0.5219396696,0.5461127825,0.3659401499,0.2821439207,0.6547300816,-0.05300662667,0.08132057053,0.518456237,0.01746044778,0.7281591138,0,0,0,1,0,0,0
14.16024637,12.1401844,rate,aggressive,0.1924326718,0.8126673698,-1.673936963,0.3562349568,0.4231197805,-2,2.133625746,2.044328928,0.05773297697,2.227040254,2.59035551,0,0.53375614,0.5569599587,0.5744192699,0.282610476,0.6427479982,-0.04890936241,0.4201592271,0.6329160845,0.06233294877,0.7293596323,0,0,0,1,0,0,0
14.17037845,12.15031648,rate,aggressive,0.1924326718,0.8126673698,-1.673936963,0.3787843704,0.4492936342,-2,2.133625746,2.044328928,0.05773297697,2.224024088,2.576035354,0,0.5225749051,0.5424174413,0.4540819486,0.282610476,0.6427479982,-0.04890936241,0.1640801291,0.5439590393,0.03363205977,0.7297426086,0,0,0,1,0,0,0
14.18025661,12.16019464,rate,aggressive,0.2235036343,0.8469713926,-1.672812104,0.4007383745,0.4746677582,-2,2.136509895,2.02489686,0.05848699436,2.220905467,2.561249164,0,0.5263782561,0.5460926069,0.5851057841,0.2755969763,0.6349062324,-0.04765184596,0.3089428045,0.579801494,0.05712496073,0.7307227795,0,0,0,1,0,0,0
14.1902864,12.17022443,rate,aggressive,0.2235036343,0.8469713926,-1.672812104,0.422996967,0.5002778082,-2,2.136509895,2.02489686,0.05848699436,2.217559377,2.545407561,0,0.5167648889,0.5300199398,0.5287011432,0.2755969763,0.6349062324,-0.04765184596,0.08176362578,0.5179406956,0.02984850606,0.7311393138,0,0,0,1,0,0,0
14.20025945,12.18019748,rate,aggressive,0.2701680362,0.8973360062,-1.671071768,0.4450954597,0.525581313,-2,2.139823437,1.9922328,0.0591420196,2.214053054,2.528832987,0,0.526303085,0.5449289644,0.7636673558,0.2770951092,0.6212431788,-0.04185810685,0.402586791,0.5813072332,0.08079834485,0.7323816896,0,0,0,1,0,0,0
14.21028137,12.1902194,rate,aggressive,0.2701680362,0.8973360062,-1.671071768,0.467266127,0.5508381973,-2,2.139823437,1.9922328,0.0591420196,2.210349863,2.511356285,0,0.5168192826,0.5272200187,0.6362340187,0.2770951092,0.6212431788,-0.04185810685,0.1592601222,0.5281987386,0.04765542097,0.7328477454,0,0,0,1,0,0,0
14.22025371,12.20019174,rate,aggressive,0.3013789058,0.9302435517,-1.669898987,0.4892893584,0.5757921955,-2,2.14130044,1.968204618,0.05956982449,2.206486505,2.493154878,0,0.519531309,0.5323256177,0.7756619629,0.2759798467,0.6107634902,-0.03929039091,0.2931059245,0.5414304599,0.07308909738,0.7338770966,0,0,0,1,0,0,0
14.23028398,12.21022201,rate,aggressive,0.3013789058,0.9302435517,-1.669898987,0.5114007762,0.6007040113,-2,2.14130044,1.968204618,0.05956982449,2.202421415,2.474037429,0,0.5115390246,0.512982622,0.6937978875,0.2759798467,0.6107634902,-0.03929039091,0.07809747414,0.5126601266,0.04211968317,0.7343960986,0,0,0,1,0,0,0
14.24027848,12.22021651,rate,aggressive,0.3324686289,0.9623650312,-1.668687582,0.5333919064,0.6253322569,-2,2.142100811,1.942265987,0.05968848988,2.198192301,2.454186016,0,0.5135456871,0.5184313714,0.7985047468,0.265979439,0.5970718265,-0.03492479026,0.2241691634,0.5228777918,0.07004608396,0.7354052922,0,0,0,1,0,0,0
14.25030828,12.23024631,rate,aggressive,0.3324686289,0.9623650312,-1.668687582,0.5554172891,0.6498439914,-2,2.142100811,1.942265987,0.05968848988,2.193769456,2.433466053,0,0.5070931115,0.4975036369,0.7609344983,0.265979439,0.5970718265,-0.03492479026,0.0277463452,0.5134613789,0.04000042534,0.7359835188,0,0,0,1,0,0,0
14.26026011,12.24019814,rate,aggressive,0.3791841865,1.009419322,-1.666861296,0.5772267396,0.6739558764,-2,2.142560482,1.900334001,0.05988162011,2.189204313,2.412123227,0,0.5125797231,0.5173873483,0.9570823737,0.2658565938,0.5805230737,-0.02914583869,0.3357848508,0.5139907202,0.09879198888,0.7372555648,0,0,0,1,0,0,0
14.2702868,12.25022483,rate,aggressive,0.3791841865,1.009419322,-1.666861296,0.5991534195,0.6980304218,-2,2.142560482,1.900334001,0.05988162011,2.184427224,2.389837115,0,0.5062913262,0.4949261883,0.8495687099,0.2658565938,0.5805230737,-0.02914583869,0.1185918165,0.515025209,0.06197965261,0.7379081522,0,0,0,1,0,0,0
14.28026533,12.26020336,rate,aggressive,0.4258614182,1.054932952,-1.665009379,0.6209263437,0.7217636147,-2,2.141855001,1.854640484,0.05967766792,2.179496475,2.366885211,0,0.5111466016,0.5170811977,1.130972214,0.226014331,0.5636225343,-0.0224281624,0.3970392216,0.4808935464,0.1201142542,0.7390745242,0,0,0,1,0,0,0
14.29034305,12.27028108,rate,aggressive,0.4258614182,1.054932952,-1.665009379,0.642864847,0.7454963541,-2,2.141855001,1.854640484,0.05967766792,2.174338308,2.342930217,0,0.5050348623,0.4929943742,0.961053392,0.226014331,0.5636225343,-0.0224281624,0.1720099982,0.4980014601,0.07875761548,0.7398147768,0,0,0,1,0,0,0
14.30026793,12.28020597,rate,aggressive,0.4568229616,1.084216356,-1.663795233,0.6644189793,0.7686294788,-2,2.140694141,1.821839333,0.05896277726,2.169083542,2.318584971,0,0.5056924256,0.5010377193,1.113887022,0.2190139294,0.5534565449,-0.01797305234,0.2895448181,0.4655122721,0.1064820709,0.7406667179,0,0,0,1,0,0,0
14.3102932,12.29023123,rate,aggressive,0.4568229616,1.084216356,-1.663795233,0.686137272,0.7917474965,-2,2.140694141,1.821839333,0.05896277726,2.163599933,2.293242316,0,0.5011553975,0.4756280664,0.9687154113,0.2190139294,0.5534565449,-0.01797305234,0.09426900266,0.5009450067,0.06927177918,0.7414829558,0,0,0,1,0,0,0
14.3202641,12.30020213,rate,aggressive,0.503452599,1.127048373,-1.662047029,0.7076824015,0.8144844522,-2,2.138382435,1.769864082,0.05751728266,2.157971351,2.267296375,0,0.5036052302,0.5011295728,1.290589692,0.2494700104,0.5340208411,-0.01098552626,0.3663989545,0.4230249014,0.1318617833,0.7422423397,0,0,0,1,0,0,0
14.33030462,12.31024265,rate,aggressive,0.503452599,1.127048373,-1.662047029,0.7293203709,0.8371150368,-2,2.138382435,1.769864082,0.05751728266,2.152127867,2.240431312,0,0.4992892957,0.4742685869,1.08970302,0.2494700104,0.5340208411,-0.01098552626,0.1593359087,0.4759517503,0.08931499381,0.7431565068,0,0,0,1,0,0,0
14.34026766,12.32020569,rate,aggressive,0.5343734026,1.154423475,-1.660936594,0.7507324908,0.859300729,-2,2.136127234,1.733103633,0.05663546175,2.14615577,2.213050228,0,0.49887141,0.4833806797,1.260164975,0.2515634,0.5233673453,-0.00722402893,0.2699151085,0.4245415467,0.1183065473,0.7439316907,0,0,0,1,0,0,0
14.35035419,12.33029222,rate,aggressive,0.5343734026,1.154423475,-1.660936594,0.7723485388,0.8814798918,-2,2.136127234,1.733103633,0.05663546175,2.139933869,2.184604763,0,0.4960789841,0.4550553111,1.091245677,0.2515634,0.5233673453,-0.00722402893,0.08886360244,0.492011016,0.07988252483,0.7449383986,0,0,0,1,0,0,0
14.3602705,12.34020853,rate,aggressive,0.580773592,1.194088817,-1.659341812,0.7935377367,0.9030015341,-2,2.131820679,1.67506516,0.05470241606,2.133645066,2.155937351,0,0.4960326484,0.4839770112,1.43786721,0.2559016049,0.4993768334,0.001251803013,0.3439535087,0.365556031,0.144261478,0.7453829123,0,0,0,1,0,0,0
14.37033892,12.35027695,rate,aggressive,0.580773592,1.194088817,-1.659341812,0.8149872908,0.9245589306,-2,2.131820679,1.67506516,0.05470241606,2.127085924,2.126127498,0,0.4935082747,0.4543919075,1.219267171,0.2559016049,0.4993768334,0.001251803013,0.1509467292,0.4535177205,0.1004604356,0.7464941624,0,0,0,1,0,0,0
14.38025689,12.36019492,rate,aggressive,0.6116217375,1.219429374,-1.658333898,0.836050927,0.9454973612,-2,2.128301859,1.634438515,0.0533121638,2.120454024,2.096080284,0,0.4920802111,0.4647761812,1.391259839,0.2465926409,0.4909178615,0.007593788207,0.2567036629,0.3833084076,0.1301767146,0.7470669258,0,0,0,1,0,0,0
14.39027882,12.37021685,rate,aggressive,0.6116217375,1.219429374,-1.658333898,0.8572676615,0.9663491424,-2,2.128301859,1.634438515,0.0533121638,2.113581001,2.065039623,0,0.4910470945,0.434138463,1.208148755,0.2465926409,0.4909178615,0.007593788207,0.08778264346,0.4813169291,0.09075916023,0.7482679604,0,0,0,1,0,0,0
14.40025711,12.38019514,rate,aggressive,0.6577194929,1.255701542,-1.656907201,0.8783227429,0.9867977423,-2,2.121977329,1.570568442,0.05090243369,2.10656707,2.033466474,0,0.4885567687,0.4659432596,1.566253719,0.2426064909,0.4660875201,0.01634493284,0.3232422838,0.3079942054,0.1546538256,0.7483410063,0,0,0,1,0,0,0
14.41041613,12.39035416,rate,aggressive,0.6577194929,1.255701542,-1.656907201,0.8996863805,1.007289628,-2,2.121977329,1.570568442,0.05090243369,2.099251576,2.000647656,0,0.4878207895,0.4336768932,1.328072666,0.2426064909,0.4660875201,0.01634493284,0.1439010593,0.430251841,0.1102593659,0.7496745445,0,0,0,1,0,0,0
14.42026305,12.40020108,rate,aggressive,0.6884345412,1.278869033,-1.65600431,0.9203219542,1.026830606,-2,2.117270708,1.526368737,0.04936904833,2.091993326,1.968198481,0,0.4854154674,0.4452973962,1.496568419,0.2464025021,0.444342643,0.02227990329,0.2459700534,0.341479007,0.1404719158,0.750100626,0,0,0,1,0,0,0
14.43032026,12.41025829,rate,aggressive,0.6884345412,1.278869033,-1.65600431,0.9413235845,1.046455861,-2,2.117270708,1.526368737,0.04936904833,2.084410475,1.934418162,0,0.4861088208,0.4123365501,1.299710929,0.2464025021,0.444342643,0.02227990329,0.08861136857,0.4696929633,0.1005827968,0.7515206095,0,0,0,1,0,0,0
14.44025898,12.42019701,rate,aggressive,0.7341685295,1.311536074,-1.654727936,0.9620020163,1.06551302,-2,2.108915567,1.457188487,0.04658410698,2.076749195,1.900413032,0,0.4812984925,0.4468251917,1.657666558,0.242471382,0.4237393141,0.03046139516,0.3051061402,0.2527735379,0.1635205404,0.7511952944,0,0,0,1,0,0,0
14.45028186,12.43021989,rate,aggressive,0.7341685295,1.311536074,-1.654727936,0.9827775999,1.084386197,-2,2.108915567,1.457188487,0.04658410698,2.068854764,1.865504035,0,0.4823031565,0.4129122595,1.412066735,0.242471382,0.4237393141,0.03046139516,0.1387651425,0.4071796985,0.1191111112,0.7527275855,0,0,0,1,0,0,0
14.46026182,12.44019985,rate,aggressive,0.7645514011,1.332158804,-1.653941274,1.003384774,1.102827895,-2,2.102692842,1.409520626,0.04471955076,2.06082687,1.830141212,0,0.4789474793,0.4250579668,1.574932964,0.2388236225,0.4101599455,0.03612061962,0.2274061859,0.3008376063,0.1469645544,0.7529327923,0,0,0,1,0,0,0
14.47043991,12.45037794,rate,aggressive,0.7645514011,1.332158804,-1.653941274,1.024317663,1.12126912,-2,2.102692842,1.409520626,0.04471955076,2.052468366,1.793468153,0,0.4813622458,0.389792303,1.370855381,0.2388236225,0.4101599455,0.03612061962,0.08283788969,0.4587001844,0.1075800497,0.7545932804,0,0,0,1,0,0,0
14.48025632,12.46019435,rate,aggressive,0.8099486232,1.361335039,-1.652859449,1.044425293,1.138698587,-2,2.092368841,1.335709572,0.04143443331,2.044243724,1.757527898,0,0.4743973655,0.4265718452,1.727882249,0.22311984,0.4017559886,0.04549141973,0.289062486,0.198851089,0.170314863,0.7537905424,0,0,0,1,0,0,0
14.49034023,12.47027826,rate,aggressive,0.8099486232,1.361335039,-1.652859449,1.064995976,1.156232801,-2,2.092368841,1.335709572,0.04143443331,2.03562882,1.720037006,0,0.4770981472,0.3906965816,1.46904286,0.22311984,0.4017559886,0.04549141973,0.1352382678,0.3847916368,0.1263484916,0.7555577378,0,0,0,1,0,0,0
14.50025964,12.48019767,rate,aggressive,0.8399457335,1.379256129,-1.652224779,1.085145495,1.17310934,-2,2.08477354,1.284643769,0.03929357603,2.026990872,1.682604797,0,0.4728287488,0.4040492561,1.637446803,0.2161879092,0.3855496943,0.04992513359,0.2170491929,0.2539725528,0.1528888574,0.7554677535,0,0,0,1,0,0,0
14.5102973,12.49023533,rate,aggressive,0.8399457335,1.379256129,-1.652224779,1.105447184,1.189806364,-2,2.08477354,1.284643769,0.03929357603,2.018085499,1.644180355,0,0.4767911892,0.3677741653,1.42123335,0.2161879092,0.3855496943,0.04992513359,0.08442102796,0.4395383244,0.114331048,0.7573322872,0,0,0,1,0,0,0
14.52026463,12.50020266,rate,aggressive,0.8699563742,1.396429181,-1.651639223,1.125517355,1.206002083,-2,2.076897383,1.232543945,0.03675321862,2.009079554,1.605494031,0,0.4721537096,0.3808435682,1.546321661,0.2166684121,0.3586864471,0.05640868843,0.1782272058,0.2996455927,0.1444688237,0.7571311623,0,0,0,1,0,0,0
14.53028798,12.51022601,rate,aggressive,0.8699563742,1.396429181,-1.651639223,1.145609004,1.221897366,-2,2.076897383,1.232543945,0.03675321862,1.999859947,1.566069129,0,0.4772849856,0.3442740385,1.38811807,0.2166684121,0.3586864471,0.05640868843,0.05890919984,0.4877189324,0.1090047052,0.7590974085,0,0,0,1,0,0,0
14.54026103,12.52019906,rate,aggressive,0.9144666195,1.419834375,-1.650913239,1.165507291,1.237318135,-2,2.063704491,1.151918411,0.03227649257,1.99052509,1.526336141,0,0.4671136515,0.3828650323,1.661996327,0.2109095603,0.3411487639,0.06535035372,0.2396346638,0.169464409,0.1672502571,0.7574027214,0,0,0,1,0,0,0
14.55028367,12.5302217,rate,aggressive,0.9144666195,1.419834375,-1.650913239,1.18540992,1.252413875,-2,2.063704491,1.151918411,0.03227649257,1.980982254,1.48591007,0,0.4725478422,0.3455939355,1.438366334,0.2109095603,0.3411487639,0.06535035372,0.1107633907,0.3923736518,0.1272063289,0.7594874997,0,0,0,1,0,0,0
14.56025767,12.5401957,rate,aggressive,0.9586302638,1.440876842,-1.650357366,1.205120218,1.267031718,-2,2.049537659,1.068812251,0.02760321088,1.971325712,1.445200065,0,0.4617676865,0.3854177374,1.827084928,0.1874040216,0.3627156615,0.07241807878,0.2729264643,0.05743319271,0.1803933559,0.7574124267,0,0,0,1,0,0,0
14.5703218,12.55025983,rate,aggressive,0.9586302638,1.440876842,-1.650357366,1.22491018,1.281367702,-2,2.049537659,1.068812251,0.02760321088,1.961420911,1.403650124,0,0.4675447905,0.3473368672,1.524875768,0.1874040216,0.3627156615,0.07241807878,0.1420989857,0.3085509502,0.1383013823,0.7596311258,0,0,0,1,0,0,0
14.58026075,12.56019878,rate,aggressive,0.9879469275,1.453716278,-1.650068045,1.24435539,1.295112724,-2,2.039639473,1.012130857,0.02433933131,1.951481367,1.362164829,0,0.4619012452,0.3617845164,1.708367805,0.1835127026,0.3412350118,0.07772208005,0.2113514789,0.1493302255,0.1614178308,0.7588017981,0,0,0,1,0,0,0
14.59038234,12.57032037,rate,aggressive,0.9879469275,1.453716278,-1.650068045,1.264055571,1.308684292,-2,2.039639473,1.012130857,0.02433933131,1.941198714,1.319469277,0,0.4687458086,0.3236354284,1.445146616,0.1835127026,0.3412350118,0.07772208005,0.100177887,0.3901186711,0.1252591636,0.7611394581,0,0,0,1,0,0,0
14.60025978,12.58019781,rate,aggressive,1.031491876,1.470838547,-1.649766207,1.283179452,1.321509752,-2,2.023976088,0.9250485897,0.01956316084,1.931008778,1.277381228,0,0.4564092843,0.3649163271,1.85546344,0.1942518055,0.2665056288,0.08477454633,0.2548181642,0.01106225708,0.177156334,0.7585188683,0,0,0,1,0,0,0
14.61048841,12.59042645,rate,aggressive,1.031491876,1.470838547,-1.649766207,1.302876382,1.334350899,-2,2.023976088,0.9250485897,0.01956316084,1.920295716,1.233371346,0,0.4636185269,0.3258761403,1.518126239,0.1942518055,0.2665056288,0.08477454633,0.1390950397,0.2872607099,0.1382016901,0.7609993096,0,0,0,1,0,0,0
14.62026191,12.60019994,rate,aggressive,1.060359001,1.48103261,-1.649638891,1.321593734,1.346198145,-2,2.01292944,0.8662292361,0.01667836495,1.909907302,1.190928962,0,0.45735853,0.3410595853,1.677392128,0.2012538463,0.223971799,0.08984138817,0.2033196372,0.1131232817,0.1602336938,0.7599909178,0,0,0,1,0,0,0
14.63028693,12.61022496,rate,aggressive,1.060359001,1.48103261,-1.649638891,1.340686549,1.357917418,-2,2.01292944,0.8662292361,0.01667836495,1.899098012,1.147011475,0,0.4652889329,0.3034376827,1.408996187,0.2012538463,0.223971799,0.08984138817,0.1046048142,0.3762313917,0.1267579618,0.7625123499,0,0,0,1,0,0,0
14.64026356,12.62020159,rate,aggressive,1.103103995,1.493832827,-1.649626613,1.35957884,1.369141158,-2,1.995295644,0.7762300372,0.01200619992,1.888187426,1.102935206,0,0.4517619604,0.3440241075,1.79118912,0.194574073,0.2328662723,0.09692118317,0.2357177955,-0.02732040505,0.1721662397,0.7594422901,0,0,0,1,0,0,0
14.65029621,12.63023424,rate,aggressive,1.103103995,1.493832827,-1.649626613,1.378466691,1.379982678,-2,1.995295644,0.7762300372,0.01200619992,1.877062056,1.058252759,0,0.4599434542,0.3060394515,1.458018416,0.194574073,0.2328662723,0.09692118317,0.1343700916,0.271534245,0.1366549567,0.7620678399,0,0,0,1,0,0,0
14.66026616,12.64020419,rate,aggressive,1.131381631,1.501016974,-1.649700403,1.397125161,1.390310628,-2,1.983039021,0.7153640985,0.009078796953,1.865854614,1.013507669,0,0.4534151812,0.3204749575,1.621940746,0.1916073263,0.2224639356,0.1002388299,0.1880740709,0.0825911364,0.1552179069,0.7607890659,0,0,0,1,0,0,0
14.67029643,12.65023446,rate,aggressive,1.131381631,1.501016974,-1.649700403,1.415783006,1.400249242,-2,1.983039021,0.7153640985,0.009078796953,1.854427774,0.968162527,0,0.4623289798,0.2837786513,1.351752251,0.1916073263,0.2224639356,0.1002388299,0.1028473646,0.3662137415,0.1250961873,0.7635018565,0,0,0,1,0,0,0
14.6802671,12.66020513,rate,aggressive,1.173455358,1.509759665,-1.649965644,1.434215633,1.409676442,-2,1.963748932,0.6227773428,0.004455214366,1.842919062,0.9227740479,0,0.4478131564,0.3234466408,1.725002027,0.1887696236,0.176244244,0.1065214202,0.2203855317,-0.06893555572,0.1662813524,0.759952527,0,0,0,1,0,0,0
14.69029975,12.67023778,rate,aggressive,1.173455358,1.509759665,-1.649965644,1.452646285,1.418703956,-2,1.963748932,0.6227773428,0.004455214366,1.831189014,0.8768034171,0,0.456905643,0.2865680152,1.383712287,0.1887696236,0.176244244,0.1065214202,0.1325434459,0.2525162078,0.1341832638,0.7627585647,0,0,0,1,0,0,0
14.70026636,12.68020439,rate,aggressive,1.201144457,1.513882518,-1.650224686,1.470838351,1.427213955,-2,1.950220346,0.5602679253,0.001789954375,1.819388354,0.8308522468,0,0.4500988856,0.3005596269,1.535535082,0.1863850206,0.1679863334,0.1106318757,0.1773313209,0.04790946347,0.1496159837,0.7612405761,0,0,0,1,0,0,0
14.71028709,12.69022512,rate,aggressive,1.201144457,1.513882518,-1.650224686,1.489009893,1.43530709,-2,1.950220346,0.5602679253,0.001789954375,1.807376034,0.7843820017,0,0.4597644806,0.2657721222,1.270413322,0.1863850206,0.1679863334,0.1106318757,0.1045743072,0.3520946993,0.1228133139,0.7641201171,0,0,0,1,0,0,0
14.72026205,12.70020008,rate,aggressive,1.242419481,1.518168569,-1.650683761,1.506978145,1.442899496,-2,1.929157853,0.4654811621,-0.00271019456,1.795272588,0.7378705756,0,0.4446105656,0.3035269379,1.640313751,0.1846315265,0.1369421631,0.1159300134,0.2050267701,-0.1167021478,0.1582997188,0.7601032728,0,0,0,1,0,0,0
14.73042774,12.71036577,rate,aggressive,1.242419481,1.518168569,-1.650683761,1.525165006,1.450158489,-2,1.929157853,0.4654811621,-0.00271019456,1.782788849,0.6902251521,0,0.4545241885,0.2682183655,1.285966512,0.1846315265,0.1369421631,0.1159300134,0.1306721211,0.2284518226,0.1298696719,0.7631086466,0,0,0,1,0,0,0
14.74026966,12.72020769,rate,aggressive,1.269633055,1.519534707,-1.651050568,1.542651009,1.456723722,-2,1.914526701,0.4016931653,-0.005915387068,1.770560524,0.6438768754,0,0.4474927144,0.2818052541,1.440240682,0.1765564382,0.1497214139,0.1193824634,0.1713225815,0.006987709166,0.143661238,0.7611727076,0,0,0,1,0,0,0
14.7504406,12.73037863,rate,aggressive,1.269633055,1.519534707,-1.651050568,1.560594385,1.463028068,-2,1.914526701,0.4016931653,-0.005915387068,1.757777456,0.595767023,0,0.4578397125,0.2495395358,1.171100649,0.1765564382,0.1497214139,0.1193824634,0.1100907398,0.3325482037,0.1200118775,0.7642492478,0,0,0,1,0,0,0
14.76026845,12.74020648,rate,aggressive,1.309935331,1.519369006,-1.651708961,1.577808291,1.468653958,-2,1.891649842,0.3050397038,-0.01065534167,1.745285652,0.5490901425,0,0.4423059874,0.2847746986,1.586737046,0.1649986506,0.1497853249,0.124489747,0.1944326156,-0.1829792605,0.1498315092,0.7596097191,0,0,0,1,0,0,0
14.77029872,12.75023675,rate,aggressive,1.309935331,1.519369006,-1.651708961,1.59524945,1.473921823,-2,1.891649842,0.3050397038,-0.01065534167,1.732395782,0.5012748215,0,0.452522089,0.252949824,1.200625246,0.1649986506,0.1497853249,0.124489747,0.1329184918,0.1849868218,0.1250766806,0.7627232023,0,0,0,1,0,0,0
14.78027391,12.76021194,rate,aggressive,1.336607099,1.51799345,-1.652192712,1.612465917,1.478684283,-2,1.876070142,0.2402824759,-0.01357484423,1.719436673,0.4535599688,0,0.4456604176,0.2649634108,1.3870199,0.1613946557,0.1406563371,0.1258956045,0.1674479611,-0.04436534597,0.1362061952,0.7606304132,0,0,0,1,0,0,0
14.79038477,12.7703228,rate,aggressive,1.336607099,1.51799345,-1.652192712,1.629783891,1.483025028,-2,1.876070142,0.2402824759,-0.01357484423,1.706159904,0.4050470596,0,0.4562294731,0.2370677821,1.071412483,0.1613946557,0.1406563371,0.1258956045,0.1179832472,0.2991201083,0.1160450164,0.7638322782,0,0,0,1,0,0,0
14.8002665,12.78020453,rate,aggressive,1.375838876,1.513366103,-1.652976394,1.646579035,1.48679279,-2,1.851668715,0.1420323849,-0.01756707579,1.693047477,0.3575037435,0,0.4409441668,0.2681365432,1.572682846,0.1563919038,0.1164363325,0.1289749444,0.1827799161,-0.2484594795,0.1388764478,0.7588773967,0,0,0,1,0,0,0
14.81033802,12.79027605,rate,aggressive,1.375838876,1.513366103,-1.652976394,1.663562713,1.490148886,-2,1.851668715,0.1420323849,-0.01756707579,1.679545436,0.3089310615,0,0.4513861198,0.2403959107,1.126686253,0.1563919038,0.1164363325,0.1289749444,0.134883281,0.1400282313,0.1183106867,0.7621355862,0,0,0,1,0,0,0
14.82028651,12.80022454,rate,aggressive,1.401673079,1.50891149,-1.653525591,1.680204753,1.492983203,-2,1.834968805,0.0762360692,-0.01945124939,1.666072841,0.260851958,0,0.4448349358,0.250972557,1.353158649,0.155268386,0.07538892329,0.1323758513,0.1583667652,-0.1082807395,0.1253225384,0.7599753669,0,0,0,1,0,0,0
14.83048582,12.81042385,rate,aggressive,1.401673079,1.50891149,-1.653525591,1.697126518,1.49539197,-2,1.834968805,0.0762360692,-0.01945124939,1.652121933,0.2114740079,0,0.4555436623,0.2282556238,0.9675133726,0.155268386,0.07538892329,0.1323758513,0.1219189278,0.2548760374,0.1092580478,0.7633249433,0,0,0,1,0,0,0
14.84027004,12.82020807,rate,aggressive,1.439972997,1.500172615,-1.654394269,1.713225237,1.497229066,-2,1.809332728,-0.02255030349,-0.02237650938,1.638607953,0.1640384245,0,0.4405891199,0.2538956687,1.53744295,0.1533625424,0.06204241514,0.1341503561,0.1722421771,-0.3195851005,0.1269542665,0.7582011798,0,0,0,1,0,0,0
14.85029888,12.83023691,rate,aggressive,1.439972997,1.500172615,-1.654394269,1.729588563,1.498630146,-2,1.809332728,-0.02255030349,-0.02237650938,1.62462425,0.1153642188,0,0.4509133808,0.2315995368,1.040588174,0.1533625424,0.06204241514,0.1341503561,0.137444414,0.08947164764,0.1105300319,0.7615429287,0,0,0,1,0,0,0
14.86026978,12.84020782,rate,aggressive,1.46518147,1.492987275,-1.654990196,1.745717677,1.499539009,-2,1.791739106,-0.08849906176,-0.02415805124,1.610590119,0.06693390167,0,0.4447192971,0.2399124277,1.320016402,0.1498137265,0.07615152746,0.1355063617,0.1545562606,-0.1666020131,0.1151149311,0.7591927495,0,0,0,1,0,0,0
14.87035108,12.85028911,rate,aggressive,1.46518147,1.492987275,-1.654990196,1.761882427,1.499966868,-2,1.791739106,-0.08849906176,-0.02415805124,1.59626876,0.01794555203,0,0.4550955253,0.2238810474,0.8678746712,0.1498137265,0.07615152746,0.1355063617,0.1297229045,0.2118790718,0.1027747575,0.7625922128,0,0,0,1,0,0,0
14.8802669,12.86020494,rate,aggressive,1.502472878,1.480180621,-1.655918479,1.777640384,1.499905888,-2,1.764550567,-0.1878286451,-0.02670300007,1.582054259,-0.0302446108,0,0.4410196551,0.242591592,1.549318117,0.1459762454,0.01439439785,0.135770902,0.160648792,-0.3783914566,0.1134778031,0.757197683,0,0,0,1,0,0,0
14.89041805,12.87035608,rate,aggressive,1.502472878,1.480180621,-1.655918479,1.793625641,1.499348509,-2,1.764550567,-0.1878286451,-0.02670300007,1.567371915,-0.0795683003,0,0.4511423642,0.2265232291,0.985572573,0.1459762454,0.01439439785,0.135770902,0.1393755591,0.04654567634,0.1014269283,0.7606568468,0,0,0,1,0,0,0
14.90027332,12.88021135,rate,aggressive,1.526792407,1.469988823,-1.656562209,1.809001759,1.498328475,-2,1.745925307,-0.2542153895,-0.02829847857,1.552992349,-0.1274290813,0,0.4454152783,0.2325912685,1.311991607,0.1448614448,0.01176715363,0.1359975785,0.1462574209,-0.2291268347,0.1024490721,0.7580310844,0,0,0,1,0,0,0
14.91034436,12.89028239,rate,aggressive,1.526792407,1.469988823,-1.656562209,1.824567483,1.496799019,-2,1.745925307,-0.2542153895,-0.02829847857,1.538171751,-0.1762961747,0,0.4553441538,0.2236822478,0.7856105589,0.1448614448,0.01176715363,0.1359975785,0.1339935618,0.1646916068,0.0942350096,0.7614865915,0,0,0,1,0,0,0
14.92026949,12.90020752,rate,aggressive,1.551012039,1.45896554,-1.657214522,1.839761037,1.494810492,-2,1.727071762,-0.3206354678,-0.03036522493,1.523442238,-0.2243986632,0,0.4496250975,0.2272631788,1.083608916,0.142284736,-0.0109554017,0.1359139234,0.1447855375,-0.1344791331,0.09644852021,0.7587122987,0,0,0,1,0,0,0
14.93036246,12.91030049,rate,aggressive,1.551012039,1.45896554,-1.657214522,1.855060987,1.492299091,-2,1.727071762,-0.3206354678,-0.03036522493,1.508338979,-0.2732410926,0,0.4594113318,0.2258590358,0.6137287785,0.142284736,-0.0109554017,0.1359139234,0.138780036,0.2419904288,0.09080491115,0.7621948758,0,0,0,1,0,0,0
14.94026566,12.92020369,rate,aggressive,1.586518645,1.439983726,-1.65823245,1.869924478,1.489356187,-2,1.697806478,-0.4201379716,-0.03286731243,1.493398735,-0.3210775674,0,0.4467231403,0.2295119807,1.273352995,0.1423251778,-0.09007366002,0.1350571364,0.1425448478,-0.3873922358,0.09168288324,0.7562558256,0,0,0,1,0,0,0
14.95030355,12.93024158,rate,aggressive,1.586518645,1.439983726,-1.65823245,1.884838554,1.485890316,-2,1.697806478,-0.4201379716,-0.03286731243,1.478134208,-0.3694605464,0,0.4559684646,0.2278253005,0.6913454735,0.1423251778,-0.09007366002,0.1350571364,0.1415295152,0.04578582309,0.08670160164,0.7597194145,0,0,0,1,0,0,0
14.96026802,12.94020605,rate,aggressive,1.621312976,1.418580055,-1.659317732,1.89949138,1.481970037,-2,1.667667389,-0.5189569592,-0.03522258624,1.462862031,-0.4173703239,0,0.4443713788,0.2313130125,1.548397622,0.1379664838,-0.05046888813,0.1345710307,0.13178318,-0.5608982859,0.08360911818,0.7536530413,0,0,0,1,0,0,0
14.97045588,12.95039392,rate,aggressive,1.621312976,1.418580055,-1.659317732,1.914314765,1.477468985,-2,1.667667389,-0.5189569592,-0.03522258624,1.447125832,-0.4662152811,0,0.4531913088,0.2294796145,0.8963059015,0.1379664838,-0.05046888813,0.1345710307,0.1377967615,-0.09144175102,0.08010429702,0.7571689174,0,0,0,1,0,0,0
14.98026752,12.96020555,rate,aggressive,1.644206166,1.403107047,-1.66007483,1.928438622,1.472664475,-2,1.647206545,-0.5843117237,-0.03644290939,1.43185573,-0.5131084478,0,0.4485258584,0.2297258493,1.301344852,0.1385294348,-0.08424307406,0.1350057274,0.1298775029,-0.3721486567,0.07611571527,0.7542286564,0,0,0,1,0,0,0
14.99033308,12.97027111,rate,aggressive,1.644206166,1.403107047,-1.66007483,1.94277172,1.467258332,-2,1.647206545,-0.5843117237,-0.03644290939,1.416074439,-0.5610487286,0,0.4569528402,0.2351410277,0.6637450253,0.1385294348,-0.08424307406,0.1350057274,0.1418374459,0.0543719048,0.07549112546,0.7576985148,0,0,0,1,0,0,0
15.00027156,12.98020959,rate,aggressive,1.677765369,1.377526402,-1.661265969,1.956767441,1.461447885,-2,1.615779638,-0.68204844,-0.03773929551,1.400378363,-0.6082031377,0,0.4467949357,0.2308139785,1.546340047,0.1346283257,-0.1853398532,0.1325724721,0.1133468843,-0.581340416,0.06639335561,0.7515893931,0,0,0,1,0,0,0
15.01030135,12.99023938,rate,aggressive,1.677765369,1.377526402,-1.661265969,1.970733033,1.455109904,-2,1.615779638,-0.68204844,-0.03773929551,1.384424488,-0.6555934267,0,0.4545217215,0.2359010975,0.8812926815,0.1346283257,-0.1853398532,0.1325724721,0.1331250724,-0.1102741688,0.06729802051,0.7550214387,0,0,0,1,0,0,0
15.02028799,13.00022602,rate,aggressive,1.699756265,1.359207153,-1.66206181,1.984478994,1.44832799,-2,1.594440818,-0.7460736632,-0.03785645217,1.368427174,-0.7025675412,0,0.4507901683,0.2332553556,1.207365238,0.1324400753,-0.2412070483,0.1300880909,0.1160686059,-0.3833714088,0.06016811994,0.7522719758,0,0,0,1,0,0,0
15.03030801,13.01024604,rate,aggressive,1.699756265,1.359207153,-1.66206181,1.998109779,1.441053069,-2,1.594440818,-0.7460736632,-0.03785645217,1.352265292,-0.7494704843,0,0.4581656835,0.2451400304,0.546977141,0.1324400753,-0.2412070483,0.1300880909,0.1407446549,0.04536290916,0.06346332834,0.755668088,0,0,0,1,0,0,0
15.04074955,13.02068758,rate,aggressive,1.73215425,1.329870343,-1.663273454,2.012141079,1.432973389,-2,1.561604023,-0.8406611085,-0.03849042207,1.335306521,-0.798086928,0,0.4498973543,0.2334622728,1.350128028,0.1280046552,-0.2344238907,0.1285114139,0.09810362012,-0.5466740359,0.04984925167,0.7498514256,0,0,0,1,0,0,0
15.05050302,13.03044105,rate,aggressive,1.73215425,1.329870343,-1.663273454,2.025087255,1.424968844,-2,1.561604023,-0.8406611085,-0.03849042207,1.319358747,-0.843245331,0,0.4563312804,0.2452977063,0.6975068269,0.1280046552,-0.2344238907,0.1285114139,0.1305353154,-0.08414280903,0.05465169608,0.7531066986,0,0,0,1,0,0,0
15.06027436,13.04021239,rate,aggressive,1.753235102,1.308769345,-1.66405499,2.037900694,1.416509223,-2,1.539235234,-0.9030791521,-0.03867514059,1.303279793,-0.8882259013,0,0.453322656,0.2395649308,1.091050111,0.1262580007,-0.2253807187,0.1253826767,0.1026051322,-0.3911043116,0.04468777974,0.7501508205,0,0,0,1,0,0,0
15.07031059,13.05024862,rate,aggressive,1.753235102,1.308769345,-1.66405499,2.050897398,1.407364134,-2,1.539235234,-0.9030791521,-0.03867514059,1.286660052,-0.9341396392,0,0.4595463253,0.2573999675,0.4253055366,0.1262580007,-0.2253807187,0.1253826767,0.1396387446,0.03916439604,0.05145295505,0.7534613086,0,0,0,1,0,0,0
15.08028555,13.06022358,rate,aggressive,1.774116039,1.286950946,-1.664825201,2.063648959,1.397819786,-2,1.516526341,-0.9643958807,-0.03838766739,1.270037759,-0.979471029,0,0.4565778762,0.2499149739,0.8503599018,0.1238457561,-0.1770810038,0.1237414926,0.1106617341,-0.2847247574,0.04109841781,0.7506856025,0,0,0,1,0,0,0
15.09029222,13.07023025,rate,aggressive,1.774116039,1.286950946,-1.664825201,2.076273942,1.387792334,-2,1.516526341,-0.9643958807,-0.03838766739,1.253259781,-1.024629249,0,0.4623965069,0.2727837116,0.2082121761,0.1238457561,-0.1770810038,0.1237414926,0.151325447,0.121885466,0.04947229854,0.7539493848,0,0,0,1,0,0,0
15.10027766,13.08021569,rate,aggressive,1.804624677,1.252036095,-1.665967107,2.088704289,1.377337342,-2,1.481815815,-1.055467725,-0.03749885038,1.236416054,-1.069360363,0,0.4560478068,0.2486367062,1.246660084,0.1201196462,-0.1468760371,0.1198394671,0.07733666397,-0.5720794633,0.02767688453,0.7481374689,0,0,0,1,0,0,0
15.11030841,13.09024644,rate,aggressive,1.804624677,1.252036095,-1.665967107,2.101021183,1.366386945,-2,1.481815815,-1.055467725,-0.03749885038,1.219395379,-1.113946571,0,0.4609826241,0.2714598027,0.5999520422,0.1201196462,-0.1468760371,0.1198394671,0.1290905292,-0.1068029931,0.03802970101,0.7513656355,0,0,0,1,0,0,0
15.12028265,13.10022068,rate,aggressive,1.834560752,1.215292573,-1.667075753,2.113098911,1.35505656,-2,1.446559429,-1.145462155,-0.03686200827,1.202372041,-1.157921573,0,0.4560219644,0.2472681242,1.679668331,0.1161851734,-0.1565193534,0.116849184,0.05082917418,-0.773249959,0.01649449358,0.7454418471,0,0,0,1,0,0,0
15.13046479,13.11040282,rate,aggressive,1.834560752,1.215292573,-1.667075753,2.125252737,1.343039516,-2,1.446559429,-1.145462155,-0.03686200827,1.184893942,-1.202428104,0,0.4600648491,0.2703197261,1.024398352,0.1161851734,-0.1565193534,0.116849184,0.1121233091,-0.2714819642,0.02835725684,0.7486723437,0,0,0,1,0,0,0
15.14029574,13.12023377,rate,aggressive,1.854084253,1.189594984,-1.667809725,2.136818033,1.331008847,-2,1.422761679,-1.204929233,-0.03654719889,1.167924245,-1.245016488,0,0.4585702233,0.2605471232,1.536493655,0.1138541922,-0.1842913628,0.1129312441,0.07284301947,-0.583356583,0.01641770391,0.7456455042,0,0,0,1,0,0,0
15.15045476,13.13039279,rate,aggressive,1.854084253,1.189594984,-1.667809725,2.148593514,1.318138881,-2,1.422761679,-1.204929233,-0.03654719889,1.150292219,-1.288616331,0,0.4621792041,0.2873653329,0.9009096467,0.1138541922,-0.1842913628,0.1129312441,0.1342073778,-0.1300871357,0.02911212717,0.7488232487,0,0,0,1,0,0,0
15.1602869,13.14022493,rate,aggressive,1.882698774,1.149318337,-1.668916225,2.159819084,1.305263256,-2,1.386333466,-1.293325663,-0.03642477468,1.13313593,-1.330403162,0,0.459054408,0.2584772666,1.862175288,0.09648057818,-0.3571853936,0.1085705459,0.0368596312,-0.8220288633,0.002780171984,0.7426232421,0,0,0,1,0,0,0
15.1703136,13.15025163,rate,aggressive,1.882698774,1.149318337,-1.668916225,2.171092596,1.291711859,-2,1.386333466,-1.293325663,-0.03642477468,1.115548797,-1.372587606,0,0.4615878869,0.2844882359,1.237628053,0.09648057818,-0.3571853936,0.1085705459,0.1095762917,-0.3222853337,0.01724752716,0.7456819571,0,0,0,1,0,0,0
15.18028879,13.16022682,rate,aggressive,1.901395679,1.121486902,-1.669640899,2.182132771,1.277812551,-2,1.361714244,-1.350519538,-0.03560929373,1.097961849,-1.414111763,0,0.4608558984,0.2736372023,1.537770795,0.0861126557,-0.4612630308,0.1037541479,0.06538769408,-0.6047140013,0.003535194099,0.7428667698,0,0,0,1,0,0,0
15.19029593,13.17023396,rate,aggressive,1.901395679,1.121486902,-1.669640899,2.193031581,1.263454801,-2,1.361714244,-1.350519538,-0.03560929373,1.080229657,-1.455310814,0,0.462972483,0.3024612474,0.9483126888,0.0861126557,-0.4612630308,0.1037541479,0.1370811327,-0.1551374267,0.01839847922,0.7458355409,0,0,0,1,0,0,0
15.20027995,13.18021798,rate,aggressive,1.928656459,1.07788837,-1.670676947,2.203727933,1.248721716,-2,1.324125648,-1.434032202,-0.03516663238,1.062451123,-1.495944119,0,0.4618463184,0.271188743,1.663978852,0.08190259337,-0.4609822929,0.09827715158,0.02731290923,-0.8056762734,-0.01082790343,0.7400152456,0,0,0,1,0,0,0
15.2103579,13.19029593,rate,aggressive,1.928656459,1.07788837,-1.670676947,2.214344472,1.233441034,-2,1.324125648,-1.434032202,-0.03516663238,1.044418323,-1.536469725,0,0.4628908574,0.2999438711,1.082697699,0.08190259337,-0.4609822929,0.09827715158,0.1115675532,-0.312025778,0.005715794811,0.7428885296,0,0,0,1,0,0,0
15.22027493,13.20021296,rate,aggressive,1.946400404,1.04785955,-1.671336055,2.224613655,1.218008131,-2,1.298731565,-1.48765552,-0.03428612649,1.026589602,-1.575854708,0,0.4630044726,0.2881247706,1.387102986,0.08268309385,-0.4298700988,0.09381745756,0.05897756025,-0.600865887,-0.009284733308,0.740166308,0,0,0,1,0,0,0
15.23033643,13.21027446,rate,aggressive,1.946400404,1.04785955,-1.671336055,2.234851339,1.201953786,-2,1.298731565,-1.48765552,-0.03428612649,1.008417566,-1.61530028,0,0.4636474573,0.3189842336,0.8662750869,0.08268309385,-0.4298700988,0.09381745756,0.1414163266,-0.1560571378,0.007390892694,0.7429479645,0,0,0,1,0,0,0
15.24027896,13.22021699,rate,aggressive,1.972357035,1.001426816,-1.672272563,2.244787956,1.185701989,-2,1.260259986,-1.565611124,-0.03254383802,0.9903791689,-1.653759042,0,0.4643072464,0.2857705587,1.611289148,0.08271537721,-0.4057459533,0.08846072853,0.01529189149,-0.8186973714,-0.02351518961,0.7376965192,0,0,0,1,0,0,0
15.25063014,13.23056817,rate,aggressive,1.972357035,1.001426816,-1.672272563,2.254941991,1.168378815,-2,1.260259986,-1.565611124,-0.03254383802,0.9715151372,-1.693235561,0,0.4638237812,0.3173652249,1.06777424,0.08271537721,-0.4057459533,0.08846072853,0.1116084201,-0.3286652032,-0.005169405254,0.7404491101,0,0,0,1,0,0,0
15.26029372,13.24023175,rate,aggressive,1.989115953,0.9693369865,-1.672852993,2.264244905,1.151840167,-2,1.23427844,-1.616246343,-0.03112260811,0.953828055,-1.729559511,0,0.4647886779,0.3040738554,1.393138822,0.077870965,-0.449368,0.08569672704,0.04740952601,-0.6414901804,-0.02167035393,0.7378582015,0,0,0,1,0,0,0
15.27047467,13.2504127,rate,aggressive,1.989115953,0.9693369865,-1.672852993,2.273860595,1.134039187,-2,1.23427844,-1.616246343,-0.03112260811,0.9351160226,-1.767261893,0,0.4639304796,0.33655975,0.9253833246,0.077870965,-0.449368,0.08569672704,0.1412456028,-0.1969089032,-0.003386338733,0.7404771537,0,0,0,1,0,0,0
15.28028274,13.26022077,rate,aggressive,2.013659477,0.9199888706,-1.673728943,2.282943564,1.116529945,-2,1.194727182,-1.689768553,-0.02978225425,0.9170150681,-1.803022256,0,0.4664709165,0.3013924391,1.536343637,0.06383799016,-0.542265892,0.07778190076,-0.001002868621,-0.8544832268,-0.03625018822,0.7353224107,0,0,0,1,0,0,0
15.29056191,13.27049994,rate,aggressive,2.013659477,0.9199888706,-1.673728943,2.292271898,1.097806302,-2,1.194727182,-1.689768553,-0.02978225425,0.8979680022,-1.839897032,0,0.4644316123,0.3339035097,1.06240831,0.06383799016,-0.542265892,0.07778190076,0.1074191633,-0.365347198,-0.0165103528,0.7378407504,0,0,0,1,0,0,0
15.30027676,13.28021479,rate,aggressive,2.029530525,0.8861910105,-1.674302101,2.300907786,1.079765062,-2,1.167908192,-1.736770391,-0.02938039042,0.8798959713,-1.874168618,0,0.4660425439,0.3204567352,1.29004779,0.06390412152,-0.5258455276,0.07236703485,0.04045656622,-0.6526261635,-0.03266269662,0.7351567018,0,0,0,1,0,0,0
15.31039023,13.29032826,rate,aggressive,2.029530525,0.8861910105,-1.674302101,2.309711159,1.060632837,-2,1.167908192,-1.736770391,-0.02938039042,0.8610109372,-1.90923751,0,0.4636919879,0.353261998,0.9278823367,0.06390412152,-0.5258455276,0.07236703485,0.1443848838,-0.2138148204,-0.01352033217,0.7375350704,0,0,0,1,0,0,0
15.32028103,13.30021906,rate,aggressive,2.05259347,0.834235847,-1.675127029,2.318135618,1.041581872,-2,1.127037048,-1.804801941,-0.02888130397,0.8424727163,-1.94292237,0,0.4680250569,0.3176290947,1.434777454,0.0582844764,-0.5408779383,0.06661519408,-0.01235041426,-0.8518541842,-0.04664541337,0.7324922743,0,0,0,1,0,0,0
15.33036637,13.3103044,rate,aggressive,2.05259347,0.834235847,-1.675127029,2.326536636,1.021816284,-2,1.127037048,-1.804801941,-0.02888130397,0.8235011229,-1.976635627,0,0.4645145051,0.3499928621,1.051908577,0.0582844764,-0.5408779383,0.06661519408,0.1064849606,-0.3740310366,-0.02625018963,0.7347419769,0,0,0,1,0,0,0
15.34028387,13.3202219,rate,aggressive,2.067560673,0.798892796,-1.67565763,2.334610922,1.002051236,-2,1.099658728,-1.848088145,-0.02820118144,0.8047790961,-2.009152647,0,0.4666767192,0.3371810752,1.23381765,0.05490727723,-0.5523185134,0.06190182269,0.03734868074,-0.6452021744,-0.04148785347,0.7323263353,0,0,0,1,0,0,0
15.35036373,13.33030176,rate,aggressive,2.067560673,0.798892796,-1.67565763,2.342626804,0.9816354373,-2,1.099658728,-1.848088145,-0.02820118144,0.7856848737,-2.041545898,0,0.4628760339,0.3698659076,0.9723691717,0.05490727723,-0.5523185134,0.06190182269,0.1501131752,-0.2193690059,-0.02211522661,0.7344759655,0,0,0,1,0,0,0
15.36028028,13.34021831,rate,aggressive,2.089135885,0.7446117401,-1.676447868,2.350324681,0.9612350552,-2,1.058097005,-1.910320997,-0.02711780183,0.7668369154,-2.072758555,0,0.4688616315,0.3345949417,1.354380479,0.05140671507,-0.5682342649,0.05457055941,-0.01960367142,-0.8438105048,-0.05478866973,0.7299247497,0,0,0,1,0,0,0
15.37060642,13.35054445,rate,aggressive,2.089135885,0.7446117401,-1.676447868,2.35814154,0.9396666394,-2,1.058097005,-1.910320997,-0.02711780183,0.7471455462,-2.104558435,0,0.4637849047,0.3676334683,1.057393623,0.05140671507,-0.5682342649,0.05457055941,0.109591437,-0.3781036559,-0.03441673556,0.7320009549,0,0,0,1,0,0,0
15.3802948,13.36023283,rate,aggressive,2.103129625,0.7079292536,-1.676935077,2.365290431,0.9191350338,-2,1.030308485,-1.949242711,-0.02530512959,0.7286116603,-2.133733385,0,0.4665909499,0.3545393243,1.191130984,0.04456359521,-0.5957091451,0.04936822876,0.03044101288,-0.6553826854,-0.04993380636,0.7300156664,0,0,0,1,0,0,0
15.39045525,13.37039328,rate,aggressive,2.103129625,0.7079292536,-1.676935077,2.372594456,0.8973028471,-2,1.030308485,-1.949242711,-0.02530512959,0.7091152196,-2.163632646,0,0.4613508398,0.3869993636,1.031434709,0.04456359521,-0.5957091451,0.04936822876,0.1529866274,-0.2391161299,-0.0306423145,0.7319599372,0,0,0,1,0,0,0
15.40028954,13.38022757,rate,aggressive,2.116614819,0.6706348658,-1.677423716,2.379475078,0.8758855868,-2,1.002184868,-1.986730576,-0.02390250191,0.6901881388,-2.191883022,0,0.4639815014,0.3741668276,1.099862773,0.03964599222,-0.6093831658,0.04505925998,0.06564809347,-0.5361166111,-0.04771630223,0.7299207188,0,0,0,1,0,0,0
15.41030216,13.39024019,rate,aggressive,2.116614819,0.6706348658,-1.677423716,2.386288969,0.8537980203,-2,1.002184868,-1.986730576,-0.02390250191,0.6708622925,-2.219940037,0,0.4586156863,0.4058726788,1.082731435,0.03964599222,-0.6093831658,0.04505925998,0.185306705,-0.1526191178,-0.02901163646,0.7317408703,0,0,0,1,0,0,0
15.42028761,13.40022564,rate,aggressive,2.136158943,0.6139369011,-1.678110003,2.392891375,0.8314942111,-2,0.9597290754,-2.039533138,-0.02087127417,0.6515346504,-2.247202773,0,0.4656778874,0.3722178001,1.154541909,0.03133503348,-0.6269731522,0.03851067647,-0.001803886437,-0.748771472,-0.06150759019,0.7282523615,0,0,0,1,0,0,0
15.43033528,13.41027331,rate,aggressive,2.136158943,0.6139369011,-1.678110003,2.399339856,0.808780295,-2,0.9597290754,-2.039533138,-0.02087127417,0.6320334525,-2.273902629,0,0.4591745977,0.4034217269,1.112964763,0.03133503348,-0.6269731522,0.03851067647,0.1362683664,-0.3224645574,-0.04192837062,0.729956,0,0,0,1,0,0,0
15.44028759,13.42022562,rate,aggressive,2.154767752,0.5563496947,-1.678715229,2.405533715,0.7860211568,-2,0.9167983532,-2.088020325,-0.01820622571,0.6126663948,-2.299615881,0,0.4678209626,0.3709452713,1.222738988,0.05306294933,-0.5155190825,0.03151056916,-0.05057556696,-0.8758768177,-0.06976322889,0.7266875267,0,0,0,1,0,0,0
15.45042062,13.43035865,rate,aggressive,2.154767752,0.5563496947,-1.678715229,2.411641762,0.7625896344,-2,0.9167983532,-2.088020325,-0.01820622571,0.5928971653,-2.325037815,0,0.460155489,0.401771996,1.129790018,0.05306294933,-0.5155190825,0.03151056916,0.1006093273,-0.4305529137,-0.05039752108,0.7282954693,0,0,0,1,0,0,0
15.4602859,13.44022393,rate,aggressive,2.166544437,0.5174306035,-1.679063559,2.417395727,0.7395334513,-2,0.8875818849,-2.118767262,-0.01698358729,0.573602909,-2.349045016,0,0.4639571576,0.3897423302,1.17989514,0.0619440861,-0.4742592573,0.02656407468,0.009578324746,-0.6842724468,-0.06301997061,0.7265807954,0,0,0,1,0,0,0
15.47031331,13.45025134,rate,aggressive,2.166544437,0.5174306035,-1.679063559,2.423048959,0.7158594373,-2,0.8875818849,-2.118767262,-0.01698358729,0.5539452433,-2.372687645,0,0.4562551599,0.4196157911,1.148042259,0.0619440861,-0.4742592573,0.02656407468,0.1506141046,-0.2954304433,-0.0451610301,0.728098587,0,0,0,1,0,0,0
15.48028517,13.4602232,rate,aggressive,2.183494568,0.4584643245,-1.679506779,2.428475166,0.6920852913,-2,0.8434144855,-2.162485838,-0.01495757233,0.5343517362,-2.39543277,0,0.4661653725,0.3873083851,1.260436887,0.0452154316,-0.5867161155,0.0199063886,-0.0594556897,-0.8584001479,-0.07148544684,0.7250099954,0,0,0,1,0,0,0
15.49032831,13.47026634,rate,aggressive,2.183494568,0.4584643245,-1.679506779,2.433742461,0.6679158406,-2,0.8434144855,-2.162485838,-0.01495757233,0.5145746606,-2.417560447,0,0.4573946335,0.4164401702,1.147106856,0.0452154316,-0.5867161155,0.0199063886,0.09817446828,-0.4423918911,-0.05382528177,0.7264357228,0,0,0,1,0,0,0
15.50029039,13.48022842,rate,aggressive,2.194219112,0.4187624753,-1.679750085,2.438770808,0.6437258156,-2,0.8136771917,-2.189448833,-0.01369325817,0.4949156765,-2.438729038,0,0.4614911098,0.4048913796,1.189400077,0.0398597084,-0.6052117944,0.01502101216,0.003167506342,-0.6781778088,-0.06514052732,0.7249557218,0,0,0,1,0,0,0
15.51044846,13.49038649,rate,aggressive,2.194219112,0.4187624753,-1.679750085,2.443696205,0.6188468319,-2,0.8136771917,-2.189448833,-0.01369325817,0.4748289936,-2.459506589,0,0.4525843323,0.4335167792,1.160743348,0.0398597084,-0.6052117944,0.01502101216,0.1510266037,-0.3131973893,-0.04914805628,0.7263197885,0,0,0,1,0,0,0
15.52029181,13.50022984,rate,aggressive,2.209412336,0.3587229848,-1.680052161,2.448274159,0.5945411814,-2,0.7686489224,-2.226704359,-0.01143646054,0.4553267496,-2.478856054,0,0.4637152272,0.4023456898,1.235741524,0.03241540864,-0.6072379947,0.008122569881,-0.07696476234,-0.8561434113,-0.07296067557,0.7236916809,0,0,0,1,0,0,0
15.53034759,13.51028562,rate,aggressive,2.209412336,0.3587229848,-1.680052161,2.452752499,0.5695183199,-2,0.7686489224,-2.226704359,-0.01143646054,0.435366736,-2.497819526,0,0.4538895544,0.4297804578,1.149855162,0.03241540864,-0.6072379947,0.008122569881,0.08970069094,-0.4622886786,-0.05741857328,0.7249513867,0,0,0,1,0,0,0
15.54029775,13.52023578,rate,aggressive,2.219027281,0.3184278011,-1.680200458,2.456986062,0.5445746,-2,0.7385451198,-2.249263525,-0.009341706522,0.4155812647,-2.51577836,0,0.4582995784,0.418835381,1.17349015,0.03002478741,-0.605412364,0.003815194592,-0.01059731875,-0.688764195,-0.06682404806,0.7239156519,0,0,0,1,0,0,0
15.55045414,13.53039217,rate,aggressive,2.219027281,0.3184278011,-1.680200458,2.461104166,0.5189337899,-2,0.7385451198,-2.249263525,-0.009341706522,0.3953513506,-2.53327713,0,0.4484145595,0.4455703745,1.15791229,0.03002478741,-0.605412364,0.003815194592,0.1452330435,-0.3445689116,-0.05295583724,0.7251197599,0,0,0,1,0,0,0
15.5602932,13.54023123,rate,aggressive,2.232459784,0.2575637996,-1.680332065,2.464897508,0.4939286515,-2,0.6929920316,-2.280026436,-0.005560983904,0.375722,-2.549421844,0,0.4605249483,0.4162512264,1.215394758,0.04017709568,-0.5632938147,-0.001539521851,-0.09784531693,-0.8655590478,-0.07247140174,0.7233080844,0,0,0,1,0,0,0
15.57041478,13.55035281,rate,aggressive,2.232459784,0.2575637996,-1.680332065,2.468598088,0.46804392,-2,0.6929920316,-2.280026436,-0.005560983904,0.3554982702,-2.565195712,0,0.449722991,0.4418760906,1.129616043,0.04017709568,-0.5632938147,-0.001539521851,0.07786511011,-0.4945737663,-0.05949337887,0.7244321882,0,0,0,1,0,0,0
15.58028793,13.56022596,rate,aggressive,2.240851164,0.2168017775,-1.680354595,2.472010473,0.4426447768,-2,0.6623758674,-2.298670292,-0.00269315741,0.3357424921,-2.579762111,0,0.4545468856,0.4309399328,1.158650247,0.03193046525,-0.5820888877,-0.006709949579,-0.03342201779,-0.7208225386,-0.06686295847,0.72380799,0,0,0,1,0,0,0
15.59031153,13.57024956,rate,aggressive,2.240851164,0.2168017775,-1.680354595,2.475275185,0.4167156467,-2,0.6623758674,-2.298670292,-0.00269315741,0.315658575,-2.593716975,0,0.443951981,0.4552720935,1.115853913,0.03193046525,-0.5820888877,-0.006709949579,0.1305347509,-0.3974188096,-0.0554575984,0.7248676328,0,0,0,1,0,0,0
15.60028911,13.58022714,rate,aggressive,2.252582788,0.1554300785,-1.680293918,2.478324852,0.3907708178,-2,0.6161293387,-2.323456764,0.001644128701,0.2956413413,-2.606769277,0,0.4566801088,0.4277630648,1.195621988,0.02565332316,-0.607106626,-0.01187216211,-0.1190521158,-0.8761680106,-0.06948469694,0.7236337594,0,0,0,1,0,0,0
15.61032057,13.5902586,rate,aggressive,2.252582788,0.1554300785,-1.680293918,2.481189522,0.3645588305,-2,0.6161293387,-2.323456764,0.001644128701,0.2754919771,-2.619044449,0,0.4452054051,0.4510084195,1.093304488,0.02565332316,-0.607106626,-0.01187216211,0.0640978052,-0.5311096422,-0.05965493687,0.7246301716,0,0,0,1,0,0,0
15.62030268,13.60024071,rate,aggressive,2.259732485,0.1144147292,-1.680176258,2.483839348,0.338357804,-2,0.5849902034,-2.337975264,0.004756868351,0.2554194509,-2.630411631,0,0.4501795339,0.4406342448,1.123002802,0.01455780212,-0.6333994269,-0.01561257616,-0.05058493454,-0.7346117517,-0.06439291487,0.7243261632,0,0,0,1,0,0,0
15.63026857,13.6102066,rate,aggressive,2.259732485,0.1144147292,-1.680176258,2.486284888,0.3120903603,-2,0.5849902034,-2.337975264,0.004756868351,0.23535896,-2.640913237,0,0.4389634066,0.4626403031,1.065612792,0.01455780212,-0.6333994269,-0.01561257616,0.1199019082,-0.4363412138,-0.05612368576,0.7252712991,0,0,0,1,0,0,0
15.64028692,13.62022495,rate,aggressive,2.269739151,0.05280061439,-1.679864764,2.4885417,0.2855834616,-2,0.53807199,-2.356494665,0.008877248503,0.2151738066,-2.650613582,0,0.4522709129,0.4368615107,1.127802227,-0.004740142263,-0.6774156094,-0.02043923363,-0.1350110028,-0.8695468957,-0.06455686227,0.7244441852,0,0,0,1,0,0,0
15.65032911,13.63026714,rate,aggressive,2.269739151,0.05280061439,-1.679864764,2.49060085,0.2589202899,-2,0.53807199,-2.356494665,0.008877248503,0.1949230619,-2.659472,0,0.4401724432,0.4578485096,1.035448446,-0.004740142263,-0.6774156094,-0.02043923363,0.0550692962,-0.5522999875,-0.05852457807,0.7253415763,0,0,0,1,0,0,0
15.6602869,13.64022493,rate,aggressive,2.275729418,0.01176373381,-1.679573894,2.492441808,0.2323976526,-2,0.5064907074,-2.366364479,0.01169122662,0.1748267893,-2.667397967,0,0.4453273805,0.4480611566,1.045129508,-0.007644060533,-0.6669244766,-0.02361825295,-0.06200983104,-0.7337155413,-0.0605357659,0.7252430372,0,0,0,1,0,0,0
15.67032075,13.65025878,rate,aggressive,2.275729418,0.01176373381,-1.679573894,2.494094341,0.2055969448,-2,0.5064907074,-2.366364479,0.01169122662,0.1545628267,-2.674517688,0,0.4335059898,0.4679191364,1.004496857,-0.007644060533,-0.6669244766,-0.02361825295,0.1148996644,-0.4615340102,-0.05593274032,0.7261052817,0,0,0,1,0,0,0
15.68028903,13.66022706,rate,aggressive,2.283900499,-0.04975004122,-1.679065704,2.495534676,0.1789049372,-2,0.4588227868,-2.377996206,0.01508348435,0.1344187923,-2.680727028,0,0.4472929085,0.4439723114,1.034432221,-0.0191955436,-0.6866056323,-0.02905505523,-0.1504577254,-0.8574251868,-0.05809725478,0.7255177081,0,0,0,1,0,0,0
15.69029522,13.67023325,rate,aggressive,2.283900499,-0.04975004122,-1.679065704,2.496778484,0.1520535075,-2,0.4588227868,-2.377996206,0.01508348435,0.1141872731,-2.686092018,0,0.4347879147,0.4625193811,0.9580673379,-0.0191955436,-0.6866056323,-0.02905505523,0.04658571727,-0.5693208984,-0.05621601913,0.7263398429,0,0,0,1,0,0,0
15.70028734,13.68022537,rate,aggressive,2.288734198,-0.09066192806,-1.678699017,2.497818482,0.1251906005,-2,0.4269625843,-2.383394003,0.01713895425,0.09397495356,-2.690579955,0,0.4399350794,0.4533626752,0.9495286211,-0.01844784059,-0.6823017001,-0.0319359228,-0.06989722269,-0.7303481684,-0.05498504132,0.7262964878,0,0,0,1,0,0,0
15.71040964,13.69034767,rate,aggressive,2.288734198,-0.09066192806,-1.678699017,2.498666061,0.0979364726,-2,0.4269625843,-2.383394003,0.01713895425,0.07349156775,-2.694238922,0,0.4276389436,0.4710202406,0.9261574281,-0.01844784059,-0.6823017001,-0.0319359228,0.1127653758,-0.4856006005,-0.05440759229,0.727107588,0,0,0,1,0,0,0
15.72028828,13.70022631,rate,aggressive,2.295037508,-0.1517684758,-1.67812109,2.499293294,0.07130698859,-2,0.3787648082,-2.387785912,0.01984002441,0.05349536364,-2.696947462,0,0.4416889423,0.4491933912,0.9231163613,-0.02720548213,-0.6915314794,-0.03714567423,-0.1632143651,-0.8390107376,-0.04965826475,0.7266984322,0,0,0,1,0,0,0
15.73031235,13.71025038,rate,aggressive,2.295037508,-0.1517684758,-1.67812109,2.49972782,0.04426245622,-2,0.3787648082,-2.387785912,0.01984002441,0.03320045677,-2.698824245,0,0.4288732712,0.4653527612,0.8625103741,-0.02720548213,-0.6915314794,-0.03714567423,0.04038850826,-0.5814004221,-0.05239167973,0.727481724,0,0,0,1,0,0,0
15.74030066,13.72023869,rate,aggressive,2.298670292,-0.192344293,-1.677697897,2.49995843,0.01730006722,-2,0.346688062,-2.38846159,0.02219247632,0.01297526617,-2.699820419,0,0.4339888454,0.4569475422,0.8381416137,-0.04261836782,-0.7166731358,-0.0379620567,-0.07764281962,-0.7197518533,-0.04799236328,0.7277357476,0,0,0,1,0,0,0
15.75036144,13.73029947,rate,aggressive,2.298670292,-0.192344293,-1.677697897,2.499986487,-0.009863603575,-2,0.346688062,-2.38846159,0.02219247632,-0.007397742667,-2.699941625,0,0.4215519637,0.4721112955,0.8361758023,-0.04261836782,-0.7166731358,-0.0379620567,0.1103012932,-0.5038396431,-0.0517692107,0.7285159222,0,0,0,1,0,0,0
15.7602911,13.74022913,rate,aggressive,2.303084373,-0.2527523339,-1.676986814,2.499813202,-0.03667009493,-2,0.2983707488,-2.385695457,0.02532719448,-0.02750462632,-2.699193062,0,0.4355815475,0.4528984156,0.8000602462,-0.05335623771,-0.726670146,-0.04143341631,-0.1660683294,-0.7988410566,-0.04000697582,0.7285702922,0,0,0,1,0,0,0
15.77033019,13.75026822,rate,aggressive,2.303084373,-0.2527523339,-1.676986814,2.499435049,-0.06376007837,-2,0.2983707488,-2.385695457,0.02532719448,-0.04783086761,-2.697559689,0,0.4226217921,0.4666436806,0.7707871314,-0.05335623771,-0.726670146,-0.04143341631,0.04265199107,-0.5746580782,-0.0478021916,0.7293449114,0,0,0,1,0,0,0
15.78029037,13.7602284,rate,aggressive,2.305411577,-0.2927416563,-1.676476002,2.49885823,-0.09061655769,-2,0.266163975,-2.381290674,0.02760691941,-0.06799347142,-2.69506868,0,0.4277194647,0.4592167006,0.7363332083,-0.05309059098,-0.7117529511,-0.04487820715,-0.07800054852,-0.6891039946,-0.03998909658,0.7297923145,0,0,0,1,0,0,0
15.79032469,13.77026272,rate,aggressive,2.305411577,-0.2927416563,-1.676476002,2.498074072,-0.1176434959,-2,0.266163975,-2.381290674,0.02760691941,-0.08830064617,-2.691683196,0,0.4152661558,0.4719648578,0.7681180413,-0.05309059098,-0.7117529511,-0.04487820715,0.1144310922,-0.5045062134,-0.04850468204,0.7305766055,0,0,0,1,0,0,0
15.80029273,13.78023076,rate,aggressive,2.307978392,-0.3522400558,-1.675663352,2.497093373,-0.1444539323,-2,0.2177953571,-2.371122837,0.03072522953,-0.1084665579,-2.687450673,0,0.4291081573,0.4554713785,0.7076991278,-0.04306266829,-0.6823475361,-0.04626863822,-0.1668165324,-0.7546659409,-0.02898138521,0.7309226405,0,0,0,1,0,0,0
15.81046462,13.79040265,rate,aggressive,2.307978392,-0.3522400558,-1.675663352,2.495885441,-0.171764646,-2,0.2177953571,-2.371122837,0.03072522953,-0.1290358548,-2.682239731,0,0.416022468,0.4669364531,0.6914356266,-0.04306266829,-0.6823475361,-0.04626863822,0.04650819862,-0.5659152455,-0.04207696343,0.7317356627,0,0,0,1,0,0,0
15.820292,13.80023003,rate,aggressive,2.308969736,-0.3914331496,-1.675108552,2.494519751,-0.1980957753,-2,0.1853408366,-2.361850023,0.03280714527,-0.1488982313,-2.676351271,0,0.4211443947,0.4601120497,0.6534072873,-0.04372725263,-0.6775631309,-0.04669424519,-0.08382302863,-0.6643478367,-0.03030784034,0.7322880405,0,0,0,1,0,0,0
15.8303256,13.81026363,rate,aggressive,2.308969736,-0.3914331496,-1.675108552,2.492924077,-0.224915467,-2,0.1853408366,-2.361850023,0.03280714527,-0.1691654008,-2.669475272,0,0.4088053218,0.4705149037,0.690823778,-0.04372725263,-0.6775631309,-0.04669424519,0.1134263803,-0.5115173586,-0.04377687045,0.7331170789,0,0,0,1,0,0,0
15.84029365,13.82023168,rate,aggressive,2.309586048,-0.4496522546,-1.674234986,2.491137533,-0.251487279,-2,0.1365938038,-2.344676495,0.03509360552,-0.1892864773,-2.661782005,0,0.4223187699,0.4560541891,0.6542477966,-0.05454602838,-0.6908621192,-0.05045904592,-0.1742214906,-0.7134350402,-0.0163469937,0.7334565755,0,0,0,1,0,0,0
15.85037327,13.8303113,rate,aggressive,2.309586048,-0.4496522546,-1.674234986,2.48912712,-0.2782741731,-2,0.1365938038,-2.344676495,0.03509360552,-0.2096172873,-2.653131299,0,0.409546441,0.4650140289,0.6206857687,-0.05454602838,-0.6908621192,-0.05045904592,0.04368789029,-0.5597406512,-0.03496165638,0.734326808,0,0,0,1,0,0,0
15.86029792,13.84023595,rate,aggressive,2.309337139,-0.4879559875,-1.673635602,2.486947474,-0.3045597702,-2,0.1040856242,-2.330792665,0.03621379659,-0.2296186691,-2.643760285,0,0.414358931,0.4589321574,0.6044545582,-0.04100862518,-0.6623193026,-0.05031953752,-0.08392239839,-0.6351808459,-0.01978708437,0.7347970708,0,0,0,1,0,0,0
15.87032676,13.85026479,rate,aggressive,2.309337139,-0.4879559875,-1.673635602,2.484543394,-0.3310225544,-2,0.1040856242,-2.330792665,0.03621379659,-0.2498114105,-2.633433876,0,0.4022922499,0.4670612945,0.6275903132,-0.04100862518,-0.6623193026,-0.05031953752,0.1164690283,-0.5147912604,-0.03835026745,0.7357057965,0,0,0,1,0,0,0
15.88029861,13.86023664,rate,aggressive,2.307967424,-0.5445736647,-1.672709227,2.481952286,-0.3572280478,-2,0.05498054251,-2.306602955,0.03760681674,-0.269869245,-2.622315297,0,0.415317183,0.4545502611,0.6276897784,-0.04073927552,-0.6486232877,-0.05082635209,-0.1812236005,-0.6719755507,-0.002430885178,0.7359611025,0,0,0,1,0,0,0
15.89032245,13.87026048,rate,aggressive,2.307967424,-0.5445736647,-1.672709227,2.4791462,-0.3834541249,-2,0.05498054251,-2.306602955,0.03760681674,-0.2900097155,-2.610287323,0,0.4029651719,0.4611472064,0.5449577619,-0.04073927552,-0.6486232877,-0.05082635209,0.04043137329,-0.554023389,-0.02667250967,0.7369259514,0,0,0,1,0,0,0
15.90029359,13.88023162,rate,aggressive,2.306471348,-0.5818443894,-1.672072649,2.476154685,-0.4094185127,-2,0.02231302857,-2.288374186,0.03835373372,-0.310020903,-2.597479509,0,0.4075039453,0.4554810116,0.5609595321,-0.04115204513,-0.6465036869,-0.05110064149,-0.08947663187,-0.6114515352,-0.007909061855,0.7374263593,0,0,0,1,0,0,0
15.91049933,13.89043736,rate,aggressive,2.306471348,-0.5818443894,-1.672072649,2.472886282,-0.4358571559,-2,0.02231302857,-2.288374186,0.03835373372,-0.3304770515,-2.583503913,0,0.3956545847,0.4615554197,0.5415031861,-0.04115204513,-0.6465036869,-0.05110064149,0.114974123,-0.5235475619,-0.03176835309,0.7384676411,0,0,0,1,0,0,0
15.92029548,13.90023351,rate,aggressive,2.30445838,-0.6186106205,-1.671443939,2.469552815,-0.4610964594,-2,-0.01033873018,-2.268280268,0.0390933305,-0.3500859979,-2.569269114,0,0.40001996,0.4555774136,0.5067393597,-0.03880972043,-0.6370925903,-0.05187150463,-0.03601490547,-0.5863446308,-0.009845999098,0.7389948712,0,0,0,1,0,0,0
15.93034148,13.91027951,rate,aggressive,2.30445838,-0.6186106205,-1.671443939,2.465934958,-0.4868305594,-2,-0.01033873018,-2.268280268,0.0390933305,-0.3701668188,-2.553841628,0,0.3890883639,0.4610312705,0.5620228085,-0.03880972043,-0.6370925903,-0.05187150463,0.1592373882,-0.5193896646,-0.03428094247,0.7400839261,0,0,0,1,0,0,0
15.94029593,13.92023396,rate,aggressive,2.300506115,-0.6728253365,-1.670532227,2.462151237,-0.5121731466,-2,-0.05935078859,-2.23477459,0.0402754806,-0.3900347937,-2.53773105,0,0.4006086437,0.4502850683,0.5537587097,-0.044896245,-0.6261583567,-0.05142293498,-0.1517178539,-0.6181162952,0.01305302119,0.7404016524,0,0,0,1,0,0,0
15.95040488,13.93034291,rate,aggressive,2.300506115,-0.6728253365,-1.670532227,2.458106549,-0.5377407341,-2,-0.05935078859,-2.23477459,0.0402754806,-0.4101790774,-2.520536666,0,0.3894030822,0.4542714683,0.4717650675,-0.044896245,-0.6261583567,-0.05142293498,0.06962496309,-0.5540253328,-0.01841114605,0.7415790807,0,0,0,1,0,0,0
15.96030951,13.94024754,rate,aggressive,2.295364857,-0.7256339192,-1.669686675,2.453946271,-0.5626189192,-2,-0.108365275,-2.197347641,0.04088389128,-0.4298832806,-2.502880389,0,0.4010347216,0.4454161884,0.6789938314,-0.001610867097,-0.5990891457,-0.04969521612,-0.2317889444,-0.6126746624,0.032878809,0.7416975722,0,0,0,1,0,0,0
15.97032118,13.95025921,rate,aggressive,2.295364857,-0.7256339192,-1.669686675,2.449542862,-0.5875842282,-2,-0.108365275,-2.197347641,0.04088389128,-0.4497657276,-2.484224843,0,0.3897890035,0.4477993866,0.4426607106,-0.001610867097,-0.5990891457,-0.04969521612,0.005132842688,-0.5598342526,-0.004335494395,0.7429543767,0,0,0,1,0,0,0
15.98029113,13.96022916,rate,aggressive,2.291327238,-0.7601190805,-1.669138193,2.44496017,-0.6122558807,-2,-0.1413350105,-2.170295,0.04077129811,-0.4695290296,-2.464845323,0,0.3936192818,0.442869626,0.57978916,-0.006939153653,-0.5979323983,-0.05002939701,-0.1295958254,-0.5729921871,0.02133330676,0.7433158488,0,0,0,1,0,0,0
15.99030972,13.97024775,rate,aggressive,2.291327238,-0.7601190805,-1.669138193,2.440156828,-0.6368492581,-2,-0.1413350105,-2.170295,0.04077129811,-0.4893506619,-2.444571658,0,0.3831647573,0.44497739,0.3799612971,-0.006939153653,-0.5979323983,-0.05002939701,0.08534366645,-0.5455013523,-0.013834682,0.7446591548,0,0,0,1,0,0,0
16.0002923,13.98023033,rate,aggressive,2.286776543,-0.7939624786,-1.668615222,2.435173427,-0.6611482837,-2,-0.1745081544,-2.141518831,0.04045815766,-0.5090614977,-2.423580151,0,0.3866227059,0.4394557886,0.4932041136,-0.05058999732,-0.6142670512,-0.04833755642,-0.06449960697,-0.5562677878,0.0155530116,0.7449828199,0,0,0,1,0,0,0
16.0103991,13.99033713,rate,aggressive,2.286776543,-0.7939624786,-1.668615222,2.429927772,-0.6855321742,-2,-0.1745081544,-2.141518831,0.04045815766,-0.5289757339,-2.401530318,0,0.3769154767,0.4414635892,0.3947841531,-0.05058999732,-0.6142670512,-0.04833755642,0.1390279003,-0.5482756333,-0.01941933156,0.7464278373,0,0,0,1,0,0,0
16.02030015,14.00023818,rate,aggressive,2.278979063,-0.8434528112,-1.667889714,2.424593955,-0.7091997131,-2,-0.2240797132,-2.094975233,0.0401070714,-0.5484421255,-2.379158651,0,0.38668441,0.4331047985,0.6905792322,-0.07800121605,-0.6107339263,-0.04749472812,-0.181570533,-0.5425437029,0.04508426545,0.7461680258,0,0,0,1,0,0,0
16.03034043,14.01027846,rate,aggressive,2.278979063,-0.8434528112,-1.667889714,2.418988527,-0.7329700248,-2,-0.2240797132,-2.094975233,0.0401070714,-0.5681377902,-2.355700748,0,0.3769699432,0.4335462279,0.4435745804,-0.07800121605,-0.6107339263,-0.04749472812,0.04848772094,-0.5453144779,0.001723483023,0.7477117652,0,0,0,1,0,0,0
16.04031062,14.02024865,rate,aggressive,2.27005434,-0.8914450407,-1.667208791,2.413226778,-0.7563375127,-2,-0.2732987106,-2.044602156,0.03944138438,-0.5876500499,-2.331645247,0,0.3866553761,0.4275115478,0.9174692504,-0.05481108651,-0.5905587077,-0.04359574243,-0.2514852214,-0.5057480707,0.06716012585,0.7472737475,0,0,0,1,0,0,0
16.05033755,14.03027558,rate,aggressive,2.27005434,-0.8914450407,-1.667208791,2.407236268,-0.779592307,-2,-0.2732987106,-2.044602156,0.03944138438,-0.6072256366,-2.306695495,0,0.3769348808,0.4263281988,0.584782887,-0.05481108651,-0.5905587077,-0.04359574243,-0.006588662099,-0.5245589159,0.01753809363,0.7489303438,0,0,0,1,0,0,0
16.06029606,14.04023409,rate,aggressive,2.263445377,-0.9224960208,-1.666793704,2.401092604,-0.8024370722,-2,-0.3061504066,-2.00891614,0.03885383904,-0.6266186934,-2.281172281,0,0.3799833496,0.4222948614,0.8293610205,-0.03590435535,-0.5805286765,-0.04119344801,-0.1409364179,-0.49196951,0.04945340561,0.7490911326,0,0,0,1,0,0,0
16.07031679,14.05025482,rate,aggressive,2.263445377,-0.9224960208,-1.666793704,2.394715864,-0.82516432,-2,-0.3061504066,-2.00891614,0.03885383904,-0.6460821191,-2.254749755,0,0.3711224007,0.4213043513,0.546357474,-0.03590435535,-0.5805286765,-0.04119344801,0.08068950915,-0.5285035705,0.003154828752,0.7508514781,0,0,0,1,0,0,0
16.08031297,14.060251,rate,aggressive,2.252557039,-0.9675619006,-1.666227698,2.388160689,-0.8475684079,-2,-0.3554749489,-1.952210903,0.03790124506,-0.665445492,-2.227661117,0,0.3797245549,0.4164025243,1.080494088,-0.0672506839,-0.558460176,-0.03671104461,-0.2367770084,-0.4418842615,0.07820565548,0.7500960093,0,0,0,1,0,0,0
16.09063959,14.07057762,rate,aggressive,2.252557039,-0.9675619006,-1.666227698,2.381185842,-0.8704248839,-2,-0.3554749489,-1.952210903,0.03790124506,-0.685392391,-2.198919755,0,0.3706547156,0.4136995052,0.7012209457,-0.0672506839,-0.558460176,-0.03671104461,0.006417014584,-0.4981977387,0.02387926494,0.7520410559,0,0,0,1,0,0,0
16.10030937,14.0802474,rate,aggressive,2.244708061,-0.9967285991,-1.665867448,2.374468158,-0.8915550357,-2,-0.3881870806,-1.912444234,0.03688380867,-0.7040168917,-2.171317564,0,0.3735555159,0.4100296159,0.9663583172,-0.08469296992,-0.542454958,-0.03466381505,-0.1381535342,-0.4461801886,0.06147296383,0.7519600058,0,0,0,1,0,0,0
16.11047435,14.09041238,rate,aggressive,2.244708061,-0.9967285991,-1.665867448,2.367212578,-0.9134759628,-2,-0.3881870806,-1.912444234,0.03688380867,-0.7235376518,-2.141592818,0,0.3654899733,0.4078351313,0.6573388398,-0.08469296992,-0.542454958,-0.03466381505,0.08525937427,-0.5151721719,0.01011570877,0.7539840108,0,0,0,1,0,0,0
16.12029624,14.10023427,rate,aggressive,2.236256123,-1.024810314,-1.665525794,2.360013675,-0.934366605,-2,-0.4209899306,-1.870839,0.0356881544,-0.7423420477,-2.11219017,0,0.3679252518,0.4034739333,0.8777039439,-0.0826209411,-0.5326647758,-0.03052653745,-0.07215257118,-0.4513156508,0.05158564603,0.7538381557,0,0,0,1,0,0,0
16.13032269,14.11026073,rate,aggressive,2.236256123,-1.024810314,-1.665525794,2.352474631,-0.9553910697,-2,-0.4209899306,-1.870839,0.0356881544,-0.7614782459,-2.081494273,0,0.3608306635,0.4019721152,0.6685894886,-0.0826209411,-0.5326647758,-0.03052653745,0.1395071628,-0.5325162881,0.001259502437,0.7559452031,0,0,0,1,0,0,0
16.140306,14.12024403,rate,aggressive,2.222700834,-1.065523505,-1.665028453,2.34477771,-0.9760158828,-2,-0.4695978761,-1.805818677,0.03441927955,-0.780470478,-2.050256888,0,0.3675871536,0.3969590668,1.098428656,-0.08896310627,-0.5052578449,-0.02640897967,-0.186301227,-0.384914094,0.08765863959,0.7547787244,0,0,0,1,0,0,0
16.15030217,14.1302402,rate,aggressive,2.222700834,-1.065523505,-1.665028453,2.336881205,-0.9963515158,-2,-0.4695978761,-1.805818677,0.03441927955,-0.7994240734,-2.018315894,0,0.3605937584,0.3938592066,0.7900559448,-0.08896310627,-0.5052578449,-0.02640897967,0.05146274498,-0.4875215185,0.02767123379,0.7570100533,0,0,0,1,0,0,0
16.16030741,14.14024544,rate,aggressive,2.208026886,-1.104295611,-1.6645509,2.328788145,-1.016382577,-2,-0.5179602504,-1.737245679,0.03249213099,-0.8183300554,-1.985691649,0,0.3672030523,0.3911561813,1.342634601,-0.06716780365,-0.4993539453,-0.01980827563,-0.2567487408,-0.3153462629,0.1133540229,0.7554560885,0,0,0,1,0,0,0
16.17032027,14.1502583,rate,aggressive,2.208026886,-1.104295611,-1.6645509,2.320499869,-1.036098889,-2,-0.5179602504,-1.737245679,0.03249213099,-0.8371840238,-1.952397771,0,0.3603152275,0.386328848,0.9620731008,-0.06716780365,-0.4993539453,-0.01980827563,-0.003684749324,-0.4395996453,0.04654428412,0.7578246295,0,0,0,1,0,0,0
16.18030691,14.16024494,rate,aggressive,2.197627783,-1.129052758,-1.664234161,2.312045598,-1.055428336,-2,-0.5501472354,-1.689700127,0.03082796559,-0.8559208915,-1.918559389,0,0.3622853716,0.3831767925,1.229910274,-0.06020906195,-0.4881780744,-0.01603607647,-0.13998536,-0.3498560714,0.08638179548,0.7573861442,0,0,0,1,0,0,0
16.19042826,14.17036629,rate,aggressive,2.197627783,-1.129052758,-1.664234161,2.303286724,-1.074670515,-2,-0.5501472354,-1.689700127,0.03082796559,-0.8748399384,-1.883632088,0,0.3561740284,0.3794539766,0.9045703185,-0.06020906195,-0.4881780744,-0.01603607647,0.08903259332,-0.4796166799,0.0247402135,0.7598999964,0,0,0,1,0,0,0
16.20030093,14.18023896,rate,aggressive,2.181108713,-1.164513946,-1.663767576,2.294558905,-1.093096336,-2,-0.5980533361,-1.615865588,0.02837307751,-0.8932242387,-1.84896049,0,0.36197191,0.3771791703,1.460135221,-0.08806142211,-0.4387735128,-0.009561567567,-0.2373457095,-0.2633030729,0.120463374,0.7578523271,0,0,0,1,0,0,0
16.2105577,14.19049573,rate,aggressive,2.181108713,-1.164513946,-1.663767576,2.285299679,-1.11187333,-2,-0.5980533361,-1.615865588,0.02837307751,-0.912249064,-1.812321755,0,0.3559199835,0.3716436632,1.058510435,-0.08806142211,-0.4387735128,-0.009561567567,0.01407226413,-0.4193012295,0.04977929859,0.7605369645,0,0,0,1,0,0,0
16.22030139,14.20023942,rate,aggressive,2.169379473,-1.186750293,-1.663507819,2.27632325,-1.129360123,-2,-0.6298120022,-1.564712167,0.02649887465,-0.9302502313,-1.776943474,0,0.357711603,0.3687918759,1.32495533,-0.0784906894,-0.4350424707,-0.005570754874,-0.1327888362,-0.3047234423,0.09527927637,0.7597888577,0,0,0,1,0,0,0
16.23042393,14.21036196,rate,aggressive,2.169379473,-1.186750293,-1.663507819,2.266812424,-1.147158842,-2,-0.6298120022,-1.564712167,0.02649887465,-0.9488755251,-1.73961092,0,0.3525445372,0.364819539,0.9996768432,-0.0784906894,-0.4350424707,-0.005570754874,0.09721542783,-0.4632883185,0.02941009762,0.7625537791,0,0,0,1,0,0,0
16.24030066,14.22023869,rate,aggressive,2.150923014,-1.218475342,-1.663213372,2.257351206,-1.16415832,-2,-0.6769996285,-1.485720158,0.02361689322,-0.9669726375,-1.70262818,0,0.3573549099,0.3628928127,1.561809826,-0.08205151558,-0.4088524878,0.001033509965,-0.2333667015,-0.2026953935,0.1309815465,0.759944733,0,0,0,1,0,0,0
16.25036955,14.23030758,rate,aggressive,2.150923014,-1.218475342,-1.663213372,2.247522309,-1.181109767,-2,-0.6769996285,-1.485720158,0.02361689322,-0.9853431952,-1.66437204,0,0.3523532923,0.3571414396,1.156375709,-0.08205151558,-0.4088524878,0.001033509965,0.01872886571,-0.3890364708,0.05591535266,0.7628299473,0,0,0,1,0,0,0
16.26030374,14.24024177,rate,aggressive,2.137983561,-1.238346934,-1.663074136,2.237644026,-1.197454244,-2,-0.7081204653,-1.431519985,0.02195756324,-1.00338869,-1.626091879,0,0.353727944,0.3542932133,1.402268648,-0.09941285849,-0.3703357875,0.004944841843,-0.1214646247,-0.2646382972,0.1016589501,0.7619828439,0,0,0,1,0,0,0
16.27038527,14.2503233,rate,aggressive,2.137983561,-1.238346934,-1.663074136,2.227436364,-1.21364968,-2,-0.7081204653,-1.431519985,0.02195756324,-1.021619826,-1.586712461,0,0.3494721683,0.3504977717,1.081341401,-0.09941285849,-0.3703357875,0.004944841843,0.1083203401,-0.4494474646,0.03220185206,0.7649817925,0,0,0,1,0,0,0
16.28030324,14.26024127,rate,aggressive,2.117627144,-1.266166568,-1.66293025,2.217215362,-1.229192424,-2,-0.7542945147,-1.348008275,0.01919925027,-1.039473131,-1.547461985,0,0.3534132381,0.3485358468,1.594467407,-0.1135787517,-0.3357463777,0.01186570618,-0.2181305593,-0.154757838,0.1381187521,0.7619672054,0,0,0,1,0,0,0
16.29047704,14.27041507,rate,aggressive,2.117627144,-1.266166568,-1.66293025,2.206547176,-1.244729004,-2,-0.7542945147,-1.348008275,0.01919925027,-1.057700876,-1.50668678,0,0.3492597279,0.3429327914,1.206079425,-0.1135787517,-0.3357463777,0.01186570618,0.03472812429,-0.3708516779,0.05916347639,0.765116306,0,0,0,1,0,0,0
16.30030274,14.28024077,rate,aggressive,2.103500605,-1.283558249,-1.662884116,2.196068376,-1.259337821,-2,-0.7848968506,-1.29119575,0.01685882732,-1.075220808,-1.466826896,0,0.3504319345,0.3397330119,1.425434249,-0.1026183963,-0.3383247852,0.01695521735,-0.1090759776,-0.2320159724,0.1079445485,0.7638686039,0,0,0,1,0,0,0
16.31034946,14.29028749,rate,aggressive,2.103500605,-1.283558249,-1.662884116,2.185176308,-1.273867899,-2,-0.7848968506,-1.29119575,0.01685882732,-1.093047871,-1.425596108,0,0.3470042398,0.3366076763,1.147564765,-0.1026183963,-0.3383247852,0.01695521735,0.1219358869,-0.441919676,0.034740711,0.7670814408,0,0,0,1,0,0,0
16.3203001,14.30023813,rate,aggressive,2.081230879,-1.307314277,-1.662913203,2.174212302,-1.287848403,-2,-0.8304086924,-1.203546524,0.01308497787,-1.110616361,-1.384300052,0,0.3502170382,0.3337055469,1.635367353,-0.0801070407,-0.3400840461,0.02436834387,-0.2100368584,-0.1059798224,0.1454171131,0.763324763,0,0,0,1,0,0,0
16.33032894,14.31026697,rate,aggressive,2.081230879,-1.307314277,-1.662913203,2.162985697,-1.30152074,-2,-0.8304086924,-1.203546524,0.01308497787,-1.12823279,-1.342230156,0,0.346907659,0.3287910577,1.261916572,-0.0801070407,-0.3400840461,0.02436834387,0.04366154717,-0.3484711281,0.06258591175,0.7666542794,0,0,0,1,0,0,0
16.34030294,14.32024097,rate,aggressive,2.065787315,-1.321845651,-1.662961125,2.151645705,-1.314697683,-2,-0.8604057431,-1.143870234,0.01085617021,-1.145661736,-1.299956465,0,0.3478763568,0.3253486583,1.480809122,-0.0777945444,-0.3183141947,0.02845105343,-0.1010733345,-0.1892215805,0.1121898565,0.7651901478,0,0,0,1,0,0,0
16.35035276,14.33029079,rate,aggressive,2.065787315,-1.321845651,-1.662961125,2.140044157,-1.327546196,-2,-0.8604057431,-1.143870234,0.01085617021,-1.163129793,-1.25693769,0,0.3451692016,0.3233325786,1.203229379,-0.0777945444,-0.3183141947,0.02845105343,0.1304197711,-0.4235395448,0.03568768395,0.7686293903,0,0,0,1,0,0,0
16.3603127,14.34025073,rate,aggressive,2.041740179,-1.341663122,-1.663076758,2.128373635,-1.339851208,-2,-0.9049247503,-1.05276978,0.007247564849,-1.180347742,-1.213897822,0,0.3478877829,0.3191748696,1.686175159,-0.06400532275,-0.3095598817,0.03425594047,-0.206898823,-0.05225496748,0.1511223487,0.7644551171,0,0,0,1,0,0,0
16.37035537,14.3502934,rate,aggressive,2.041740179,-1.341663122,-1.663076758,2.116433021,-1.35182241,-2,-0.9049247503,-1.05276978,0.007247564849,-1.197612678,-1.170105466,0,0.3452528096,0.3154146686,1.30148743,-0.06400532275,-0.3095598817,0.03425594047,0.04781244676,-0.3210729761,0.06476643612,0.7680088399,0,0,0,1,0,0,0
16.38031197,14.36025,rate,aggressive,2.024982929,-1.353253007,-1.663184166,2.10442406,-1.363254963,-2,-0.9344689846,-0.9905921221,0.005070771556,-1.21463307,-1.126310939,0,0.3462020197,0.3113474341,1.532288749,-0.05945913121,-0.2935969532,0.03822012618,-0.103561258,-0.1394293595,0.1174246641,0.7662495396,0,0,0,1,0,0,0
16.3903389,14.37027693,rate,aggressive,2.024982929,-1.353253007,-1.663184166,2.092159494,-1.374325761,-2,-0.9344689846,-0.9905921221,0.005070771556,-1.231675123,-1.081841485,0,0.3440954197,0.3109399419,1.2352585,-0.05945913121,-0.2935969532,0.03822012618,0.1294708987,-0.3977484407,0.03758431232,0.7698954181,0,0,0,1,0,0,0
16.40030885,14.38024688,rate,aggressive,1.999043822,-1.368772507,-1.663400531,2.079795696,-1.384889788,-2,-0.9784394503,-0.8957516551,0.00135522848,-1.24852088,-1.03727532,0,0.3465253737,0.3049176331,1.737998843,-0.07265421748,-0.2417761683,0.04390362278,-0.2143711127,0.01168638028,0.1580166472,0.7651298429,0,0,0,1,0,0,0
16.41037273,14.39031076,rate,aggressive,1.999043822,-1.368772507,-1.663400531,2.067145585,-1.395101017,-2,-0.9784394503,-0.8957516551,0.00135522848,-1.265423406,-0.9919505104,0,0.3444274135,0.3026810983,1.327798875,-0.07265421748,-0.2417761683,0.04390362278,0.04283096274,-0.2843091839,0.06808164008,0.7688950597,0,0,0,1,0,0,0
16.42031145,14.40024948,rate,aggressive,1.981137633,-1.377670884,-1.663599014,2.054486372,-1.404735967,-2,-1.007479072,-0.8315541148,-0.001109924982,-1.282013829,-0.9468699129,0,0.3453667317,0.297772225,1.549057238,-0.07282100618,-0.2259771675,0.04915933684,-0.1086363446,-0.09318519909,0.1222503409,0.7667858614,0,0,0,1,0,0,0
16.43035913,14.41029716,rate,aggressive,1.981137633,-1.377670884,-1.663599014,2.041521289,-1.414019553,-2,-1.007479072,-0.8315541148,-0.001109924982,-1.298681859,-0.9009871242,0,0.3437048658,0.2993680647,1.242553485,-0.07282100618,-0.2259771675,0.04915933684,0.1266263338,-0.3747369575,0.03931714954,0.7706281355,0,0,0,1,0,0,0
16.44031358,14.42025161,rate,aggressive,1.953496575,-1.389122248,-1.663998485,2.028511865,-1.422760924,-2,-1.050589681,-0.7342854738,-0.005253115203,-1.315090524,-0.8552393738,0,0.3459130997,0.2908919686,1.738136971,-0.07590122521,-0.2002517134,0.05472109839,-0.2194262926,0.06168998293,0.1631144709,0.7652585205,0,0,0,1,0,0,0
16.45068741,14.43062544,rate,aggressive,1.953496575,-1.389122248,-1.663998485,2.014781125,-1.431384482,-2,-1.050589681,-0.7342854738,-0.005253115203,-1.332078145,-0.8072723372,0,0.3441495472,0.2908443448,1.311644726,-0.07590122521,-0.2002517134,0.05472109839,0.04136693109,-0.2605268054,0.0697322626,0.7693203358,0,0,0,1,0,0,0
16.46031046,14.44024849,rate,aggressive,1.934475064,-1.395298362,-1.664320588,2.001887068,-1.438937789,-2,-1.079046726,-0.6686710119,-0.008149575442,-1.347732546,-0.7625247825,0,0.345151337,0.2847226997,1.535525087,-0.07232288271,-0.1930808723,0.058809679,-0.121482646,-0.04544935477,0.1289287748,0.7667139847,0,0,0,1,0,0,0
16.47035193,14.45028996,rate,aggressive,1.934475064,-1.395298362,-1.664320588,1.988272279,-1.446359207,-2,-1.079046726,-0.6686710119,-0.008149575442,-1.363959827,-0.7155878303,0,0.3437761158,0.2888651559,1.230549035,-0.07232288271,-0.1930808723,0.058809679,0.1179181833,-0.3499254993,0.04242169501,0.7707174066,0,0,0,1,0,0,0
16.48030853,14.46024656,rate,aggressive,1.905074358,-1.402351975,-1.664905787,1.974612234,-1.453251372,-2,-1.121233225,-0.5689530969,-0.01243703067,-1.379939958,-0.6688167609,0,0.345997683,0.2775907144,1.734281368,-0.07074274868,-0.1720284373,0.06419415027,-0.2300306364,0.1205811378,0.1686656333,0.7647594874,0,0,0,1,0,0,0
16.4902966,14.47023463,rate,aggressive,1.905074358,-1.402351975,-1.664905787,1.960749702,-1.459696341,-2,-1.121233225,-0.5689530969,-0.01243703067,-1.395859266,-0.6216820379,0,0.3444941976,0.2799187082,1.305315495,-0.07074274868,-0.1720284373,0.06419415027,0.03243665554,-0.2232845204,0.07254025131,0.7688210773,0,0,0,1,0,0,0
16.50031567,14.4802537,rate,aggressive,1.884981632,-1.405767918,-1.665341139,1.946684976,-1.465687309,-2,-1.148924947,-0.5023213625,-0.01458341442,-1.411714652,-0.5741991895,0,0.3455346429,0.2728324163,1.514244879,-0.08004834503,-0.1366022229,0.06769052148,-0.1171702337,-0.01409442352,0.1273234287,0.7662875349,0,0,0,1,0,0,0
16.5102818,14.49021983,rate,aggressive,1.884981632,-1.405767918,-1.665341139,1.932537519,-1.471173719,-2,-1.148924947,-0.5023213625,-0.01458341442,-1.427372404,-0.5267818891,0,0.3442906251,0.2798999457,1.205677806,-0.08004834503,-0.1366022229,0.06769052148,0.1213929426,-0.3352121154,0.03952834472,0.7703986026,0,0,0,1,0,0,0
16.52031636,14.50025439,rate,aggressive,1.853905678,-1.408368349,-1.666098356,1.918135848,-1.476219483,-2,-1.189929485,-0.4013171494,-0.01789882034,-1.443021636,-0.4788677948,0,0.3467269803,0.2653113401,1.702023892,-0.07256614417,-0.1408632547,0.07161156088,-0.2259687261,0.1613203353,0.1674693564,0.7642210907,0,0,0,1,0,0,0
16.53045225,14.51039028,rate,aggressive,1.853905678,-1.408368349,-1.666098356,1.903429934,-1.48082728,-2,-1.189929485,-0.4013171494,-0.01789882034,-1.458709406,-0.4303113253,0,0.3452437637,0.2709311278,1.264615321,-0.07256614417,-0.1408632547,0.07161156088,0.03690818492,-0.2029324037,0.06985139431,0.7684637195,0,0,0,1,0,0,0
16.54031968,14.52025771,rate,aggressive,1.83268559,-1.408709884,-1.666646481,1.888961353,-1.484839554,-2,-1.216769099,-0.3335853815,-0.0200049635,-1.473865074,-0.3829031942,0,0.3465360835,0.2625467297,1.506633166,-0.05515965074,-0.1668961942,0.07524574548,-0.1211569402,0.03675717533,0.1276232683,0.765555683,0,0,0,1,0,0,0
16.55077696,14.53071499,rate,aggressive,1.83268559,-1.408709884,-1.666646481,1.873465306,-1.488580404,-2,-1.216769099,-0.3335853815,-0.0200049635,-1.489799811,-0.3325296261,0,0.3452055246,0.273764648,1.170756082,-0.05515965074,-0.1668961942,0.07524574548,0.1206969731,-0.3077199252,0.03749002843,0.769989661,0,0,0,1,0,0,0
16.56031561,14.54025364,rate,aggressive,1.800112367,-1.407131672,-1.66753459,1.859185765,-1.491532725,-2,-1.256718397,-0.2313500345,-0.02291812934,-1.504219703,-0.2864779574,0,0.3480609907,0.2546001275,1.746277548,-0.05698554218,-0.1276976764,0.07874633372,-0.2567136655,0.2598037487,0.1772661222,0.7632149328,0,0,0,1,0,0,0
16.570611,14.55054903,rate,aggressive,1.800112367,-1.407131672,-1.66753459,1.843619646,-1.494225852,-2,-1.256718397,-0.2313500345,-0.02291812934,-1.519659155,-0.2366784576,0,0.3464268012,0.2639914291,1.253434102,-0.05698554218,-0.1276976764,0.07874633372,0.0136633291,-0.1344734923,0.07536046091,0.7676381104,0,0,0,1,0,0,0
16.58032274,14.56026077,rate,aggressive,1.777783632,-1.404402733,-1.668187857,1.828790872,-1.496295991,-2,-1.283082366,-0.1627400815,-0.0242227111,-1.534103776,-0.1896273114,0,0.348059489,0.2536166618,1.531293933,-0.06497142464,-0.091617845,0.08146698773,-0.1497403535,0.1241079596,0.1354632709,0.7645157568,0,0,0,1,0,0,0
16.59035468,14.57029271,rate,aggressive,1.777783632,-1.404402733,-1.668187857,1.813326507,-1.497954273,-2,-1.283082366,-0.1627400815,-0.0242227111,-1.548901563,-0.1409642109,0,0.3465753671,0.2678073446,1.14418798,-0.06497142464,-0.091617845,0.08146698773,0.0963531575,-0.2425077417,0.04235350555,0.7688630374,0,0,0,1,0,0,0
16.60032225,14.58026028,rate,aggressive,1.743608236,-1.398378968,-1.669224977,1.797814973,-1.499118177,-2,-1.322128892,-0.05933935568,-0.02698530257,-1.563479348,-0.09256781667,0,0.3499983914,0.2451170738,1.735503596,-0.09224841744,-0.01491813455,0.08474230021,-0.2558749667,0.3104303438,0.1738333543,0.7618079966,0,0,0,1,0,0,0
16.61037016,14.59030819,rate,aggressive,1.743608236,-1.398378968,-1.669224977,1.782031973,-1.499803056,-2,-1.322128892,-0.05933935568,-0.02698530257,-1.578047293,-0.04375119048,0,0.3481024916,0.2578088933,1.225848959,-0.09224841744,-0.01491813455,0.08474230021,0.01302253208,-0.09957550519,0.07187550975,0.7661869796,0,0,0,1,0,0,0
16.62032461,14.60026264,rate,aggressive,1.72029984,-1.392894626,-1.669959068,1.76625207,-1.499997799,-2,-1.347796798,0.009634971619,-0.0292424392,-1.592352485,0.004625531596,0,0.3500138765,0.2463487341,1.473358988,-0.08952401578,-0.01679308712,0.08722942322,-0.1396669952,0.1489249367,0.1288720925,0.7627002966,0,0,0,1,0,0,0
16.63036084,14.61029887,rate,aggressive,1.72029984,-1.392894626,-1.669959068,1.75019902,-1.499706621,-2,-1.347796798,0.009634971619,-0.0292424392,-1.606645806,0.05339813051,0,0.3481806715,0.2641460649,1.090493441,-0.08952401578,-0.01679308712,0.08722942322,0.1046472197,-0.2300154997,0.03618605608,0.7670870995,0,0,0,1,0,0,0
16.64032888,14.62026691,rate,aggressive,1.684553742,-1.38247323,-1.671106458,1.734113691,-1.49893298,-2,-1.38573432,0.1133063883,-0.03228476644,-1.62071227,0.1018221475,0,0.3524060496,0.2374633261,1.68165079,-0.1027348489,0.02479934879,0.08855374157,-0.2505075592,0.3519994501,0.1693402643,0.7595616259,0,0,0,1,0,0,0
16.65059662,14.63053465,rate,aggressive,1.684553742,-1.38247323,-1.671106458,1.717398842,-1.49763156,-2,-1.38573432,0.1133063883,-0.03228476644,-1.635065254,0.1516676117,0,0.3500160047,0.2543222455,1.162166127,-0.1027348489,0.02479934879,0.08855374157,0.01912372567,-0.07547663138,0.0670778256,0.7640555662,0,0,0,1,0,0,0
16.66032791,14.64026594,rate,aggressive,1.660292983,-1.374251485,-1.671907544,1.70142188,-1.495925966,-2,-1.410310745,0.1820012331,-0.0342097953,-1.648539506,0.1988613374,0,0.3523363808,0.2412623381,1.398973008,-0.1058952436,0.05200744048,0.09217373282,-0.1400017549,0.193905052,0.1268570523,0.7603527494,0,0,0,1,0,0,0
16.67043495,14.65037298,rate,aggressive,1.660292983,-1.374251485,-1.671907544,1.684689865,-1.493668629,-2,-1.410310745,0.1820012331,-0.0342097953,-1.662400147,0.2478125319,0,0.3500004595,0.2627746251,1.038045544,-0.1058952436,0.05200744048,0.09217373282,0.1062264318,-0.2021132131,0.03340487385,0.7647694209,0,0,0,1,0,0,0
16.68032813,14.66026616,rate,aggressive,1.623060822,-1.359474659,-1.673190832,1.66817688,-1.490980278,-2,-1.446643829,0.2847373784,-0.03687496856,-1.675834293,0.2956486145,0,0.3551526697,0.2323942487,1.59499479,-0.09491230547,0.03793578967,0.09546884894,-0.2515416113,0.4051054208,0.1671291628,0.7570013669,0,0,0,1,0,0,0
16.69042611,14.67036414,rate,aggressive,1.623060822,-1.359474659,-1.673190832,1.65118568,-1.4877487,-2,-1.446643829,0.2847373784,-0.03687496856,-1.689409524,0.3443781745,0,0.3522065722,0.2526894739,1.095089349,-0.09491230547,0.03793578967,0.09546884894,0.01929600711,-0.03909100522,0.06449685535,0.7613997886,0,0,0,1,0,0,0
16.70032859,14.68026662,rate,aggressive,1.597909093,-1.348551273,-1.674049377,1.634390987,-1.484102353,-2,-1.470166683,0.3524641693,-0.03766057268,-1.702586427,0.3920539105,0,0.3548927051,0.2387563687,1.334142038,-0.09784778953,0.06418348104,0.09736336768,-0.1350855659,0.232697817,0.1214057626,0.7578785243,0,0,0,1,0,0,0
16.71041274,14.69035077,rate,aggressive,1.597909093,-1.348551273,-1.674049377,1.617154771,-1.479904557,-2,-1.470166683,0.3524641693,-0.03766057268,-1.715866096,0.4404762249,0,0.3519487032,0.263690429,0.9866072415,-0.09784778953,0.06418348104,0.09736336768,0.1109891439,-0.1757878239,0.02824295349,0.7622548582,0,0,0,1,0,0,0
16.72032666,14.70026469,rate,aggressive,1.559422135,-1.329803705,-1.675340176,1.600079664,-1.475302314,-2,-1.504946589,0.4534973204,-0.03874842823,-1.728783823,0.4879397399,0,0.3580878122,0.229762547,1.533296427,-0.0905688405,0.07238639146,0.09795875847,-0.2478882583,0.4506651768,0.1611260393,0.7546960719,0,0,0,1,0,0,0
16.73047948,14.71041751,rate,aggressive,1.559422135,-1.329803705,-1.675340176,1.582461084,-1.470102274,-2,-1.504946589,0.4534973204,-0.03874842823,-1.741870174,0.5363858162,0,0.3544269786,0.2539778106,1.030626043,-0.0905688405,0.07238639146,0.09795875847,0.0231002406,-0.007270163608,0.05903623774,0.759070699,0,0,0,1,0,0,0
16.74031663,14.72025466,rate,aggressive,1.533346653,-1.316026688,-1.676187873,1.56526425,-1.464595585,-2,-1.527558565,0.5201793909,-0.03871592879,-1.754410938,0.5831549231,0,0.3576950431,0.2385934618,1.272571732,-0.09705599397,0.114153102,0.09999832511,-0.1362358436,0.2805812531,0.1169491434,0.7555583998,0,0,0,1,0,0,0
16.7503264,14.73026443,rate,aggressive,1.533346653,-1.316026688,-1.676187873,1.547639729,-1.458520935,-2,-1.527558565,0.5201793909,-0.03871592879,-1.767030597,0.6305569377,0,0.354066655,0.2665126259,0.9295459006,-0.09705599397,0.114153102,0.09999832511,0.1103112443,-0.1402208166,0.02421793922,0.759840432,0,0,0,1,0,0,0
16.7603116,14.74024963,rate,aggressive,1.493622065,-1.293463826,-1.677440405,1.529933303,-1.451989456,-2,-1.560835481,0.6193631887,-0.03924904391,-1.779476415,0.6776387312,0,0.3612389427,0.2296527473,1.377393877,-0.1253069043,0.2136619985,0.1017239168,-0.2403000225,0.4805879334,0.1535981308,0.7523489472,0,0,0,1,0,0,0
16.7704339,14.75037193,rate,aggressive,1.493622065,-1.293463826,-1.677440405,1.511857673,-1.444889569,-2,-1.560835481,0.6193631887,-0.03924904391,-1.791946418,0.7251434289,0,0.3568010446,0.2571812822,0.9262515241,-0.1253069043,0.2136619985,0.1017239168,0.03038592768,0.01163358819,0.05294023178,0.7566076208,0,0,0,1,0,0,0
16.78031182,14.76024985,rate,aggressive,1.466668963,-1.276949525,-1.678290963,1.494097459,-1.437498652,-2,-1.58246541,0.6848188639,-0.04039455578,-1.803971994,0.7712692851,0,0.3605898623,0.2411857419,1.100258747,-0.103419587,0.152071476,0.1030693501,-0.1245754022,0.2972923603,0.1087669002,0.7527184183,0,0,0,1,0,0,0
16.7904048,14.77034283,rate,aggressive,1.466668963,-1.276949525,-1.678290963,1.475828626,-1.429477461,-2,-1.58246541,0.6848188639,-0.04039455578,-1.816112109,0.818147404,0,0.3561535834,0.2720275711,0.8777506034,-0.103419587,0.152071476,0.1030693501,0.1218025612,-0.1327245803,0.01750982751,0.7569119624,0,0,0,1,0,0,0
16.80031204,14.78025007,rate,aggressive,1.425732613,-1.25045526,-1.679596424,1.457777529,-1.42114501,-2,-1.614200115,0.7820009589,-0.04203178361,-1.827883089,0.8639003601,0,0.3644452203,0.2326684253,1.297814378,-0.09504291415,0.1489906311,0.103781499,-0.2358708039,0.5260759152,0.1457628167,0.7489872548,0,0,0,1,0,0,0
16.81035113,14.79028916,rate,aggressive,1.425732613,-1.25045526,-1.679596424,1.439367992,-1.412240684,-2,-1.614200115,0.7820009589,-0.04203178361,-1.839662476,0.9099818939,0,0.3591920078,0.2626386618,0.8633578872,-0.09504291415,0.1489906311,0.103781499,0.0344567823,0.04692694372,0.04649869076,0.7530970139,0,0,0,1,0,0,0
16.82031417,14.8002522,rate,aggressive,1.398058295,-1.231511354,-1.680469632,1.420981751,-1.4029479,-2,-1.634852052,0.8461614847,-0.04282648489,-1.851204149,0.9554205866,0,0.3633395517,0.2461298214,1.071131837,-0.07626207918,0.130894497,0.1036340073,-0.1202270638,0.3441818931,0.1002701931,0.7492037163,0,0,0,1,0,0,0
16.83034635,14.81028438,rate,aggressive,1.398058295,-1.231511354,-1.680469632,1.402352475,-1.393134736,-2,-1.634852052,0.8461614847,-0.04282648489,-1.862675523,1.000864111,0,0.3581064275,0.2786943565,0.827281573,-0.07626207918,0.130894497,0.1036340073,0.1250446346,-0.09359641027,0.01060400171,0.7532566014,0,0,0,1,0,0,0
16.84031296,14.82025099,rate,aggressive,1.355945349,-1.201230764,-1.681803942,1.383731744,-1.38293587,-2,-1.665022135,0.9408768415,-0.04280329868,-1.873921565,1.045687502,0,0.3674745713,0.2376054906,1.306478646,-0.0761308372,0.1733531952,0.1035326496,-0.2341340115,0.5832656698,0.1360679711,0.7456492826,0,0,0,1,0,0,0
16.85075855,14.83069658,rate,aggressive,1.355945349,-1.201230764,-1.681803942,1.364096661,-1.371769246,-2,-1.665022135,0.9408768415,-0.04280329868,-1.885546245,1.09230362,0,0.3611073928,0.2709115629,0.8211852176,-0.0761308372,0.1733531952,0.1035326496,0.03688668791,0.09188249339,0.03856597569,0.7497924644,0,0,0,1,0,0,0
16.8603189,14.84025693,rate,aggressive,1.327545166,-1.179958582,-1.682671309,1.346019913,-1.36112385,-2,-1.684622645,1.002714515,-0.04169446975,-1.89603972,1.134631061,0,0.3658683766,0.2526610048,1.050163386,-0.08464689553,0.224960357,0.1034640595,-0.1346085687,0.4196662845,0.09718629722,0.7461612036,0,0,0,1,0,0,0
16.87035346,14.85029149,rate,aggressive,1.327545166,-1.179958582,-1.682671309,1.326939354,-1.349516921,-2,-1.684622645,1.002714515,-0.04169446975,-1.906902693,1.178696406,0,0.3597886823,0.286559722,0.7680867952,-0.08464689553,0.224960357,0.1034640595,0.1133585195,-0.03148199976,0.008290119868,0.7500692216,0,0,0,1,0,0,0
16.88031387,14.8602519,rate,aggressive,1.284245372,-1.146063924,-1.683948636,1.307892754,-1.337560359,-2,-1.713582397,1.094387293,-0.04069471732,-1.917531591,1.222055894,0,0.3702952173,0.2440299275,1.242718555,-0.0906522572,0.2615251541,0.1033992469,-0.2454522377,0.6464755551,0.1308729087,0.7427062932,0,0,0,1,0,0,0
16.89035773,14.87029576,rate,aggressive,1.284245372,-1.146063924,-1.683948636,1.288580163,-1.325068286,-2,-1.713582397,1.094387293,-0.04069471732,-1.928093499,1.265380844,0,0.3632489735,0.2773262841,0.7639663389,-0.0906522572,0.2615251541,0.1033992469,0.0260317817,0.1468097373,0.03544951017,0.7465158137,0,0,0,1,0,0,0
16.9003334,14.88027143,rate,aggressive,1.255019546,-1.122380018,-1.684770942,1.26929446,-1.312232328,-2,-1.732371569,1.154131651,-0.03944352269,-1.938427758,1.308002319,0,0.3682621783,0.2601751856,0.9733110597,-0.09227132052,0.2819029093,0.1018365026,-0.1301619972,0.4472505726,0.08688607852,0.7430489768,0,0,0,1,0,0,0
16.91035724,14.89029527,rate,aggressive,1.255019546,-1.122380018,-1.684770942,1.249812598,-1.298908253,-2,-1.732371569,1.154131651,-0.03944352269,-1.948654526,1.350404758,0,0.3613290596,0.2947155269,0.7126377546,-0.09227132052,0.2819029093,0.1018365026,0.1161856319,-0.0060722652,0.001145129344,0.7467620744,0,0,0,1,0,0,0
16.92033005,14.90026808,rate,aggressive,1.210659027,-1.085260987,-1.685957909,1.230328954,-1.285232371,-2,-1.759857297,1.241901398,-0.03768132254,-1.958671856,1.392155135,0,0.3728242151,0.2520382839,1.178925974,-0.08426056802,0.2771760523,0.1013905406,-0.2444884992,0.6801509085,0.1201994823,0.7397321395,0,0,0,1,0,0,0
16.93034744,14.91028547,rate,aggressive,1.210659027,-1.085260987,-1.685957909,1.210658428,-1.271078432,-2,-1.759857297,1.241901398,-0.03768132254,-1.968575119,1.433640531,0,0.3648980101,0.285914159,0.7052278395,-0.08426056802,0.2771760523,0.1013905406,0.02590807602,0.1781198648,0.02822212715,0.7433291375,0,0,0,1,0,0,0
16.94033408,14.92027211,rate,aggressive,1.180640221,-1.05932951,-1.686722755,1.190950344,-1.256556593,-2,-1.777817011,1.299291134,-0.03593023121,-1.978288704,1.474534609,0,0.3703342448,0.2686822602,0.9356276646,-0.08529001474,0.3036553562,0.09981203824,-0.1340223862,0.4880380983,0.07861635048,0.7399865052,0,0,0,1,0,0,0
16.95041752,14.93035555,rate,aggressive,1.180640221,-1.05932951,-1.686722755,1.170953626,-1.241482065,-2,-1.777817011,1.299291134,-0.03593023121,-1.987934295,1.51534161,0,0.3625134692,0.3035095762,0.6652628218,-0.08529001474,0.3036553562,0.09981203824,0.1123294527,0.03168163554,-0.004153347999,0.7435102886,0,0,0,1,0,0,0
16.96032572,14.94026375,rate,aggressive,1.150446653,-1.032720566,-1.68744421,1.151210482,-1.226271115,-2,-1.795385957,1.355715394,-0.03463441506,-1.997252785,1.554953265,0,0.3676323167,0.285736746,0.71561351,-0.1002179682,0.3654822707,0.09862586856,-0.06494875609,0.3732207658,0.05342216029,0.7400414415,0,0,0,1,0,0,0
16.97037339,14.95031142,rate,aggressive,1.150446653,-1.032720566,-1.68744421,1.131095941,-1.210447754,-2,-1.795385957,1.355715394,-0.03463441506,-2.006540256,1.594617385,0,0.3600729443,0.3207176981,0.7612406038,-0.1002179682,0.3654822707,0.09862586856,0.1677107938,-0.05671917593,-0.02400694624,0.7434452859,0,0,0,1,0,0,0
16.98032546,14.96026349,rate,aggressive,1.104638338,-0.9913165569,-1.688470006,1.111081611,-1.194384649,-2,-1.821083903,1.437622428,-0.03242269531,-2.015577609,1.633389973,0,0.3719262064,0.2778560141,0.8332669749,-0.09347319603,0.3551325202,0.09746620804,-0.2048467746,0.6465762777,0.09483507816,0.7367719348,0,0,0,1,0,0,0
16.99036765,14.97030568,rate,aggressive,1.104638338,-0.9913165569,-1.688470006,1.090795693,-1.177787608,-2,-1.821083903,1.437622428,-0.03242269531,-2.024532897,1.671982349,0,0.363337321,0.3120373327,0.6229833569,-0.09347319603,0.3551325202,0.09746620804,0.0583748351,0.1576378515,0.009563691357,0.7400350256,0,0,0,1,0,0,0
17.0003264,14.98026443,rate,aggressive,1.058278799,-0.9482429028,-1.68943429,1.070590345,-1.16094843,-2,-1.845945358,1.517175794,-0.03055423871,-2.033250455,1.709714575,0,0.3766248475,0.2703478187,1.103927146,-0.07032503188,0.3039585054,0.09514349699,-0.2950987752,0.8346179065,0.1148985869,0.7334487817,0,0,0,1,0,0,0
17.01035476,14.99029279,rate,aggressive,1.058278799,-0.9482429028,-1.68943429,1.050156845,-1.143614587,-2,-1.845945358,1.517175794,-0.03055423871,-2.0418639,1.7471554,0,0.3669974407,0.3036581233,0.6293101384,-0.07032503188,0.3039585054,0.09514349699,-0.01482344352,0.311675734,0.02701134589,0.7365805065,0,0,0,1,0,0,0
17.02032614,15.00026417,rate,aggressive,1.027059674,-0.9186031222,-1.690050483,1.029754629,-1.12600977,-2,-1.862192512,1.568982124,-0.02923815884,-2.05026349,1.78381907,0,0.3729523878,0.2870199922,0.9053285047,-0.0705178529,0.3362677991,0.09310719371,-0.1699456708,0.6130699831,0.07020502559,0.7332909986,0,0,0,1,0,0,0
17.03057647,15.0105145,rate,aggressive,1.027059674,-0.9186031222,-1.690050483,1.008695231,-1.107534418,-2,-1.862192512,1.568982124,-0.02923815884,-2.058725937,1.820909317,0,0.3634569997,0.320854434,0.6051375844,-0.0705178529,0.3362677991,0.09310719371,0.08273853967,0.1450743937,-0.007525459373,0.7363816168,0,0,0,1,0,0,0
17.04033041,15.02026844,rate,aggressive,0.9797626138,-0.8728298545,-1.690910101,0.9885759278,-1.089603591,-2,-1.885858893,1.644614816,-0.02701364085,-2.066615901,1.855628037,0,0.377630895,0.2791583997,1.140883286,-0.09300450236,0.4344595671,0.09032520652,-0.2907201128,0.8563577967,0.09883710229,0.7300605737,0,0,0,1,0,0,0
17.05037355,15.03031158,rate,aggressive,0.9797626138,-0.8728298545,-1.690910101,0.9677805056,-1.070790228,-2,-1.885858893,1.644614816,-0.02701364085,-2.074573383,1.890778372,0,0.3672443957,0.3113509142,0.6461824013,-0.09300450236,0.4344595671,0.09032520652,-0.0141167919,0.3411724472,0.01688677239,0.7329435092,0,0,0,1,0,0,0
17.06033373,15.04027176,rate,aggressive,0.9479872584,-0.8415274024,-1.691429734,0.947078786,-1.05178667,-2,-1.901052117,1.693004966,-0.02505845763,-2.08229773,1.925028092,0,0.3733970994,0.2954871054,0.8660986217,-0.09948913008,0.4649389386,0.08679930121,-0.1692152483,0.6357384243,0.05839073268,0.7299767715,0,0,0,1,0,0,0
17.0703814,15.05031943,rate,aggressive,0.9479872584,-0.8415274024,-1.691429734,0.926118099,-1.032273656,-2,-1.901052117,1.693004966,-0.02505845763,-2.089920397,1.95895175,0,0.3634253738,0.3271495768,0.580018121,-0.09948913008,0.4649389386,0.08679930121,0.0805077633,0.1752926984,-0.01395902127,0.7327329763,0,0,0,1,0,0,0
17.08034134,15.06027937,rate,aggressive,0.8998157382,-0.7932866812,-1.692183971,0.9052656965,-1.01259778,-2,-1.923209786,1.763148904,-0.02246106789,-2.097307835,1.991946832,0,0.3779917561,0.2883801695,1.046824493,-0.1112836525,0.4824000895,0.08545213938,-0.2810747069,0.8552260367,0.08308364726,0.7269729926,0,0,0,1,0,0,0
17.0903523,15.07029033,rate,aggressive,0.8998157382,-0.7932866812,-1.692183971,0.8842331771,-0.9924931679,-2,-1.923209786,1.763148904,-0.02246106789,-2.104563296,2.024465779,0,0.3669833075,0.318873179,0.5998596389,-0.1112836525,0.4824000895,0.08545213938,-0.008137153313,0.3515658966,0.007542660878,0.7295592872,0,0,0,1,0,0,0
17.10033274,15.08027077,rate,aggressive,0.8674515486,-0.7603796721,-1.692642093,0.8631933203,-0.9721290439,-2,-1.937364697,1.807890296,-0.01982259564,-2.111626578,2.05623126,0,0.3732623905,0.3040285725,0.790084826,-0.11892014,0.5152270198,0.08455246687,-0.1639090545,0.6469727246,0.04682449582,0.7269451449,0,0,0,1,0,0,0
17.11070323,15.09064126,rate,aggressive,0.8674515486,-0.7603796721,-1.692642093,0.8412574322,-0.950636785,-2,-1.937364697,1.807890296,-0.01982259564,-2.118785408,2.088535046,0,0.3624262462,0.3347654181,0.5885602591,-0.11892014,0.5152270198,0.08455246687,0.08509237849,0.1937323837,-0.02022484356,0.7294860776,0,0,0,1,0,0,0
17.12033129,15.10026932,rate,aggressive,0.8348798156,-0.7268837094,-1.693068385,0.8208263165,-0.9303864995,-2,-1.951016784,1.851141214,-0.01765965857,-2.125266517,2.117874953,0,0.3685348052,0.3190951586,0.6156056393,-0.1191102788,0.5165560246,0.08245977014,-0.09997609443,0.5453335698,0.02773911458,0.7267160943,0,0,0,1,0,0,0
17.13045526,15.11039329,rate,aggressive,0.8348798156,-0.7268837094,-1.693068385,0.7992764111,-0.9087919093,-2,-1.951016784,1.851141214,-0.01765965857,-2.13190932,2.148039837,0,0.3585599138,0.3481131499,0.7212743846,-0.1191102788,0.5165560246,0.08245977014,0.135857521,0.120514382,-0.03459191672,0.7290624189,0,0,0,1,0,0,0
17.14034224,15.12028027,rate,aggressive,0.7856529951,-0.6756127477,-1.693655729,0.7781669015,-0.8874114918,-2,-1.970673442,1.912868857,-0.01356694289,-2.138225802,2.17681022,0,0.3725071299,0.3129263467,0.7480835623,-0.1096856669,0.4998875856,0.07952200621,-0.2354778601,0.8110809034,0.05783202362,0.7242813849,0,0,0,1,0,0,0
17.1504283,15.13036633,rate,aggressive,0.7856529951,-0.6756127477,-1.693655729,0.7565688645,-0.8653110186,-2,-1.970673442,1.912868857,-0.01356694289,-2.144495017,2.20544947,0,0.3614943054,0.3405898073,0.6227870869,-0.1096856669,0.4998875856,0.07952200621,0.02955599548,0.3333317695,-0.008841117944,0.726456185,0,0,0,1,0,0,0
17.16033244,15.14027047,rate,aggressive,0.7360296845,-0.6232308745,-1.694165587,0.7352996974,-0.8433315794,-2,-1.989398003,1.97130549,-0.01009095367,-2.150479209,2.232864883,0,0.3768017265,0.3073471954,1.004163125,-0.07855794579,0.4336695075,0.07487487793,-0.3216046502,0.9835998155,0.07001565818,0.7218539737,0,0,0,1,0,0,0
17.17035484,15.15029287,rate,aggressive,0.7360296845,-0.6232308745,-1.694165587,0.7137171099,-0.8208168954,-2,-1.989398003,1.97130549,-0.01009095367,-2.156360913,2.259885214,0,0.3647914124,0.3335516429,0.6573883159,-0.07855794579,0.4336695075,0.07487487793,-0.04093249345,0.4793997239,0.003249396823,0.7238667139,0,0,0,1,0,0,0
17.18032956,15.16026759,rate,aggressive,0.7027168274,-0.5877304077,-1.694470286,0.6921795472,-0.7981440913,-2,-2.001599073,2.00902462,-0.008440087549,-2.162040438,2.286046778,0,0.3711244514,0.3202404447,0.8975442009,-0.08090301603,0.4737389684,0.07285758853,-0.1929873287,0.7652679188,0.03385714356,0.7214119041,0,0,0,1,0,0,0
17.19036627,15.1703043,rate,aggressive,0.7027168274,-0.5877304077,-1.694470286,0.6704518368,-0.7750707111,-2,-2.001599073,2.00902462,-0.008440087549,-2.16757939,2.311627105,0,0.3598413884,0.3452375478,0.6902694146,-0.08090301603,0.4737389684,0.07285758853,0.05808599792,0.3219099595,-0.02408509568,0.7233092355,0,0,0,1,0,0,0
17.20033121,15.18026924,rate,aggressive,0.6524060965,-0.5336882472,-1.69486773,0.6488253584,-0.7519120348,-2,-2.019135237,2.062824726,-0.005558161531,-2.172903767,2.336278165,0,0.3751534956,0.3137713139,1.035706268,-0.1307148784,0.6562077999,0.06917943805,-0.2970941426,0.9607081233,0.04924353945,0.7190294904,0,0,0,1,0,0,0
17.21049547,15.1904335,rate,aggressive,0.6524060965,-0.5336882472,-1.69486773,0.6267125581,-0.728040978,-2,-2.019135237,2.062824726,-0.005558161531,-2.178154588,2.360647903,0,0.3626828422,0.3376635783,0.7128421172,-0.1307148784,0.6562077999,0.06917943805,-0.02424376927,0.4810503988,-0.009213331598,0.7207844463,0,0,0,1,0,0,0
17.22033381,15.20027184,rate,aggressive,0.6186971068,-0.4971698225,-1.695085168,0.6052588392,-0.7047031717,-2,-2.030272245,2.096189737,-0.004199152347,-2.183063446,2.383483741,0,0.3690849942,0.3254237675,0.7956321732,-0.1358741075,0.6667461991,0.06726131588,-0.1793720018,0.7524545554,0.02037159824,0.7185449112,0,0,0,1,0,0,0
17.23043036,15.21036839,rate,aggressive,0.6186971068,-0.4971698225,-1.695085168,0.5831927449,-0.6805231599,-2,-2.030272245,2.096189737,-0.004199152347,-2.18792318,2.406141696,0,0.3575640654,0.3477666843,0.7064444921,-0.1358741075,0.6667461991,0.06726131588,0.06800167472,0.3273804876,-0.03057763936,0.7201499146,0,0,0,1,0,0,0
17.24032211,15.22026014,rate,aggressive,0.5678330064,-0.4417799711,-1.69535172,0.5615275345,-0.6566156011,-2,-2.045825958,2.142616987,-0.0012559311,-2.19250914,2.427569419,0,0.3728333159,0.3204924677,0.8839313799,-0.1323272586,0.6260825396,0.06378601491,-0.2861879029,0.9443994543,0.03503222956,0.7165210698,0,0,0,1,0,0,0
17.25038671,15.23032475,rate,aggressive,0.5678330064,-0.4417799711,-1.69535172,0.5394380682,-0.6320766702,-2,-2.045825958,2.142616987,-0.0012559311,-2.196996887,2.448581677,0,0.3603188599,0.3412749896,0.6957769312,-0.1323272586,0.6260825396,0.06378601491,-0.01624757746,0.4844962653,-0.01623405966,0.7179593341,0,0,0,1,0,0,0
17.26032281,15.24026084,rate,aggressive,0.5337830782,-0.4044628143,-1.695461988,0.5175872221,-0.6076475396,-2,-2.055327415,2.171204805,0.001734986901,-2.20125051,2.468537396,0,0.3664556437,0.331214778,0.7518974651,-0.1356435567,0.6454806328,0.06218606234,-0.1655955404,0.7477390324,0.008610123851,0.7164738868,0,0,0,1,0,0,0
17.27035618,15.25029421,rate,aggressive,0.5337830782,-0.4044628143,-1.695461988,0.4954804612,-0.582782045,-2,-2.055327415,2.171204805,0.001734986901,-2.205367153,2.487887233,0,0.3549763921,0.3504321521,0.7746846047,-0.1356435567,0.6454806328,0.06218606234,0.07808763536,0.342397436,-0.03576249306,0.71778344,0,0,0,1,0,0,0
17.28032708,15.26026511,rate,aggressive,0.482367754,-0.3480827212,-1.695546389,0.4734713033,-0.5578830339,-2,-2.068725109,2.210561037,0.006397942081,-2.209280016,2.506312735,0,0.3698476977,0.3275144004,0.8190582638,-0.1279079914,0.6462183595,0.05844672024,-0.2698278888,0.9280533038,0.02037266949,0.7152435409,0,0,0,1,0,0,0
17.29034638,15.27028441,rate,aggressive,0.482367754,-0.3480827212,-1.695546389,0.4513169092,-0.5326821662,-2,-2.068725109,2.210561037,0.006397942081,-2.213032663,2.524014473,0,0.3573976938,0.3451357129,0.7469846313,-0.1279079914,0.6462183595,0.05844672024,-0.004340259106,0.4915426355,-0.02359060095,0.7164009269,0,0,0,1,0,0,0
17.30032873,15.28026676,rate,aggressive,0.4479632378,-0.3102264702,-1.695531368,0.4292077316,-0.5074019446,-2,-2.07707119,2.234359026,0.01005193312,-2.216592517,2.540834545,0,0.3632231882,0.3368894265,0.7475176202,-0.1271333545,0.6581308246,0.0557879582,-0.1545774019,0.7403773048,-0.002317844785,0.7154300859,0,0,0,1,0,0,0
17.31046581,15.29040384,rate,aggressive,0.4479632378,-0.3102264702,-1.695531368,0.4067204025,-0.481562262,-2,-2.07707119,2.234359026,0.01005193312,-2.220024459,2.557075836,0,0.3517926559,0.3531045426,0.8552276242,-0.1271333545,0.6581308246,0.0557879582,0.08621189864,0.3569052556,-0.04016854346,0.7164858309,0,0,0,1,0,0,0
17.32034183,15.30027986,rate,aggressive,0.3961793482,-0.2530918419,-1.695429683,0.3847796351,-0.4562337899,-2,-2.088669777,2.26683116,0.01492278092,-2.22319031,2.572080162,0,0.3662781493,0.3339092943,0.775332224,-0.1350621283,0.6937859058,0.05276905745,-0.2624468283,0.9171236537,0.007698635562,0.7146249072,0,0,0,1,0,0,0
17.33036971,15.31030774,rate,aggressive,0.3961793482,-0.2530918419,-1.695429683,0.3624703695,-0.4303683446,-2,-2.088669777,2.26683116,0.01492278092,-2.226225132,2.58648356,0,0.3540145926,0.348312822,0.8155118304,-0.1350621283,0.6937859058,0.05276905745,0.0007571695487,0.5032530263,-0.02921467304,0.715528844,0,0,0,1,0,0,0
17.34034419,15.32028222,rate,aggressive,0.3614817262,-0.2149059027,-1.695326328,0.3402506253,-0.4045015405,-2,-2.095802784,2.28596139,0.0186002031,-2.229063908,2.599974298,0,0.3594764411,0.3416264064,0.7652742294,-0.131353125,0.6865167022,0.04973707348,-0.1475056244,0.7337950609,-0.01188526193,0.7148939957,0,0,0,1,0,0,0
17.35045528,15.33039331,rate,aggressive,0.3614817262,-0.2149059027,-1.695326328,0.3176985748,-0.378147417,-2,-2.095802784,2.28596139,0.0186002031,-2.231758224,2.61279442,0,0.348411829,0.3544709845,0.9530625056,-0.131353125,0.6865167022,0.04973707348,0.09098006852,0.3726623827,-0.04327754874,0.715700553,0,0,0,1,0,0,0
17.36034465,15.34028268,rate,aggressive,0.3093059063,-0.1573807448,-1.695065141,0.2956156126,-0.3522499956,-2,-2.105603218,2.31146121,0.02309748903,-2.234214681,2.624496258,0,0.3621418471,0.3392128292,0.7802850595,-0.1382856816,0.7133139372,0.04524890333,-0.2534185626,0.896752094,-0.004842244415,0.7143690614,0,0,0,1,0,0,0
17.37037492,15.35031295,rate,aggressive,0.3093059063,-0.1573807448,-1.695065141,0.2731940964,-0.3258696117,-2,-2.105603218,2.31146121,0.02309748903,-2.236525349,2.635515348,0,0.35025395,0.3502644464,0.9064522932,-0.1382856816,0.7133139372,0.04524890333,0.006938862788,0.5091288679,-0.03462648812,0.7150456022,0,0,0,1,0,0,0
17.38033843,15.36027646,rate,aggressive,0.2744027376,-0.1189638525,-1.694829464,0.2508997633,-0.2995596245,-2,-2.111423016,2.325907946,0.02652603015,-2.238640199,2.645610603,0,0.3553818773,0.3451052463,0.8352489961,-0.1471150666,0.7417373061,0.04213437811,-0.1370768442,0.7198539259,-0.02127233877,0.7146893395,0,0,0,1,0,0,0
17.39045453,15.37039256,rate,aggressive,0.2744027376,-0.1189638525,-1.694829464,0.2282433686,-0.2727481805,-2,-2.111423016,2.325907946,0.02652603015,-2.240603272,2.654989889,0,0.3448323694,0.3545223471,1.074608114,-0.1471150666,0.7417373061,0.04213437811,0.09857007278,0.383538798,-0.04611286283,0.7152776333,0,0,0,1,0,0,0
17.4003315,15.38026953,rate,aggressive,0.2219057232,-0.06132350117,-1.694382429,0.2061042789,-0.2464832123,-2,-2.119211435,2.34399271,0.03080712445,-2.242340748,2.663298167,0,0.3576812882,0.3436071611,0.8455315484,-0.149739325,0.7428600788,0.03856029361,-0.23888117,0.8605289816,-0.0170332753,0.7145126431,0,0,0,1,0,0,0
17.41036487,15.3903029,rate,aggressive,0.2219057232,-0.06132350117,-1.694382429,0.1835979494,-0.2197226153,-2,-2.119211435,2.34399271,0.03080712445,-2.24392432,2.670876109,0,0.3463522261,0.3512195026,1.051604272,-0.149739325,0.7428600788,0.03856029361,0.01814829237,0.501833717,-0.03956346146,0.7149866263,0,0,0,1,0,0,0
17.4203341,15.40027213,rate,aggressive,0.1868614107,-0.02284774929,-1.694017887,0.1612206519,-0.1930620787,-2,-2.123565912,2.353619099,0.03345617652,-2.245316548,2.677542827,0,0.3510775126,0.3476623573,0.965387114,-0.1323629767,0.7070162296,0.03518022224,-0.1216022252,0.6963081165,-0.03032603609,0.7147741101,0,0,0,1,0,0,0
17.43049836,15.41043639,rate,aggressive,0.1868614107,-0.02284774929,-1.694017887,0.1383922415,-0.1658160422,-2,-2.123565912,2.353619099,0.03345617652,-2.246549921,2.683452316,0,0.3411953202,0.3536019415,1.230035353,-0.1323629767,0.7070162296,0.03518022224,0.1105757997,0.3873905371,-0.04860832862,0.7151776995,0,0,0,1,0,0,0
17.44036341,15.42030144,rate,aggressive,0.1341194808,0.03457571566,-1.693420529,0.1162247607,-0.1393189126,-2,-2.129262924,2.364517927,0.03726338968,-2.24756721,2.68832892,0,0.3529171781,0.3467535478,0.9493607364,-0.1092108116,0.6562100649,0.03139466792,-0.226466974,0.8350760487,-0.02891312115,0.7148717655,0,0,0,1,0,0,0
17.45038438,15.43032241,rate,aggressive,0.1341194808,0.03457571566,-1.693420529,0.09369753274,-0.1123580427,-2,-2.129262924,2.364517927,0.03726338968,-2.248419184,2.692414747,0,0.3423659373,0.3508605122,1.156270248,-0.1092108116,0.6562100649,0.03139466792,0.02634095905,0.5075530256,-0.0445020983,0.7151886874,0,0,0,1,0,0,0
17.46034551,15.44028354,rate,aggressive,0.0989453271,0.07275455445,-1.692971468,0.07129727565,-0.08552193085,-2,-2.132461071,2.36954689,0.04009125754,-2.24908482,2.695608027,0,0.3465290464,0.3486033174,1.047538823,-0.1018079296,0.6606116891,0.02886519022,-0.1167843769,0.6920276039,-0.03916035731,0.7153326775,0,0,0,1,0,0,0
17.4705658,15.45050383,rate,aggressive,0.0989453271,0.07275455445,-1.692971468,0.04830828629,-0.05795911983,-2,-2.132461071,2.36954689,0.04009125754,-2.249579896,2.697983691,0,0.3375154723,0.3509912542,1.281818439,-0.1018079296,0.6606116891,0.02886519022,0.1120927601,0.4119582283,-0.05125473448,0.7156006631,0,0,0,1,0,0,0
17.48035407,15.4602921,rate,aggressive,0.06376268715,0.1107972413,-1.692488074,0.02628719046,-0.03154288468,-2,-2.135169506,2.372898102,0.04277811572,-2.249875614,2.699402962,0,0.340923318,0.3487017091,1.146862378,-0.09021677077,0.6530867219,0.02645632066,-0.05365245431,0.6241518375,-0.0451213007,0.7158075261,0,0,0,1,0,0,0
17.49066162,15.47059965,rate,aggressive,0.06376268715,0.1107972413,-1.692488074,0.003095685625,-0.003714819902,-2,-2.135169506,2.372898102,0.04277811572,-2.249998275,2.69999172,0,0.3337020852,0.3492933559,1.392616604,-0.09021677077,0.6530867219,0.02645632066,0.1621468542,0.3739972966,-0.05454718145,0.7160302801,0,0,0,1,0,0,0
17.50033522,15.48027325,rate,aggressive,0.01103112847,0.1676643193,-1.691668034,-0.01866972976,0.02240305098,-2,-2.138394356,2.374652624,0.04723668098,-2.249937259,2.699698845,0,0.3421280149,0.3468835093,1.09201048,-0.07885159552,0.6458675861,0.02138789557,-0.1888339162,0.7960716513,-0.0451926057,0.7165858976,0,0,0,1,0,0,0
17.51046371,15.49040174,rate,aggressive,0.01103112847,0.1676643193,-1.691668034,-0.04145712368,0.04974170775,-2,-2.138394356,2.374652624,0.04723668098,-2.249690614,2.698515049,0,0.3342594209,0.3456949977,1.278874069,-0.07885159552,0.6458675861,0.02138789557,0.05358864058,0.5205471931,-0.051566144,0.7167558522,0,0,0,1,0,0,0
17.52033067,15.5002687,rate,aggressive,-0.04163936153,0.2240888178,-1.69073689,-0.06365278863,0.07635858389,-2,-2.140659094,2.37255764,0.05186450109,-2.24927058,2.696499351,0,0.343442112,0.3455786643,1.068240088,-0.06579073519,0.6371297836,0.01612885669,-0.2638881964,0.8731612041,-0.05075191667,0.7176633671,0,0,0,1,0,0,0
17.53056455,15.51050258,rate,aggressive,-0.04163936153,0.2240888178,-1.69073689,-0.08666852641,0.1039397164,-2,-2.140659094,2.37255764,0.05186450109,-2.248647535,2.693510121,0,0.3348239889,0.3425812682,1.195471369,-0.06579073519,0.6371297836,0.01612885669,-0.009106665111,0.5953055471,-0.05304195863,0.7177973629,0,0,0,1,0,0,0
17.54033399,15.52027202,rate,aggressive,-0.07669696957,0.2612303197,-1.690066576,-0.1086329198,0.1302363746,-2,-2.14176321,2.368853569,0.0543050617,-2.247874796,2.68980384,0,0.337991192,0.3423708293,1.113697979,-0.06064241752,0.6377816796,0.01428699773,-0.1506600501,0.7398651196,-0.05562563671,0.7184264772,0,0,0,1,0,0,0
17.55038071,15.53031874,rate,aggressive,-0.07669696957,0.2612303197,-1.690066576,-0.1312119411,0.1572373138,-2,-2.14176321,2.368853569,0.0543050617,-2.24689888,2.685124881,0,0.3314289588,0.3376834186,1.248903316,-0.06064241752,0.6377816796,0.01428699773,0.07634526061,0.5101787704,-0.05579135921,0.7185391425,0,0,0,1,0,0,0
17.56033349,15.54027152,rate,aggressive,-0.1291998476,0.3165709078,-1.688959956,-0.1535692763,0.1839351193,-2,-2.142711878,2.360488892,0.05744135752,-2.245750954,2.679623836,0,0.3390162685,0.3402406116,1.114192606,-0.08390967548,0.7021051049,0.008184262551,-0.2407828995,0.8198571935,-0.06280737812,0.7195076117,0,0,0,1,0,0,0
17.57036567,15.5503037,rate,aggressive,-0.1291998476,0.3165709078,-1.688959956,-0.1760924816,0.2107861302,-2,-2.142711878,2.360488892,0.05744135752,-2.244411519,2.673208602,0,0.3318663092,0.333820227,1.192436735,-0.08390967548,0.7021051049,0.008184262551,0.001891901099,0.5855584762,-0.05852657418,0.7196024592,0,0,0,1,0,0,0
17.58033752,15.56027555,rate,aggressive,-0.164131403,0.3530416787,-1.688167453,-0.1984660404,0.2374075984,-2,-2.142658949,2.35255456,0.05910917372,-2.242898816,2.665968103,0,0.3343495855,0.3343201679,1.163397519,-0.08760107309,0.7088581324,0.005454782862,-0.1311627715,0.7026751566,-0.06413542459,0.7203049155,0,0,0,1,0,0,0
17.59035921,15.57029724,rate,aggressive,-0.164131403,0.3530416787,-1.688167453,-0.2209352918,0.2640850201,-2,-2.142658949,2.35255456,0.05910917372,-2.241196545,2.657826084,0,0.3292104287,0.3261813232,1.260279935,-0.08760107309,0.7088581324,0.005454782862,0.0860916559,0.5110533379,-0.05831440607,0.7203951775,0,0,0,1,0,0,0
17.60033846,15.58027649,rate,aggressive,-0.2163941413,0.4070552886,-1.686926007,-0.2432915367,0.2905640963,-2,-2.141750813,2.336983919,0.06157666445,-2.239320315,2.648859173,0,0.3351253387,0.3325322053,1.189352312,-0.09169979393,0.7003512383,0.0008450518944,-0.2233978607,0.765832029,-0.07298143616,0.7215724569,0,0,0,1,0,0,0
17.61038518,15.59032321,rate,aggressive,-0.2163941413,0.4070552886,-1.686926007,-0.2657791099,0.3171274826,-2,-2.141750813,2.336983919,0.06157666445,-2.237248933,2.638968306,0,0.3294559308,0.3226548406,1.236474154,-0.09169979393,0.7003512383,0.0008450518944,0.01090632835,0.5718285457,-0.06237537641,0.7216650921,0,0,0,1,0,0,0
17.62034702,15.60028505,rate,aggressive,-0.2511533201,0.4427219629,-1.686068296,-0.2880552531,0.3433640811,-2,-2.140522242,2.324461222,0.06316448003,-2.235014447,2.628308884,0,0.3313409963,0.3244101266,1.224145696,-0.08871038258,0.6929687858,-0.001499878592,-0.1211242032,0.6717949764,-0.07108808389,0.7225775935,0,0,0,1,0,0,0
17.63041759,15.61035562,rate,aggressive,-0.2511533201,0.4427219629,-1.686068296,-0.3105509659,0.3697747689,-2,-2.140522242,2.324461222,0.06316448003,-2.232572968,2.616674196,0,0.327723188,0.3128122606,1.288531253,-0.08871038258,0.6929687858,-0.001499878592,0.08968100732,0.515563432,-0.05968101598,0.722683579,0,0,0,1,0,0,0
17.64033866,15.62027669,rate,aggressive,-0.2858289182,0.4777267873,-1.685195684,-0.3326878135,0.3956746472,-2,-2.138814449,2.309826612,0.06476057321,-2.229988395,2.604371459,0,0.3286792766,0.3150607673,1.256451796,-0.07955744117,0.6780619025,-0.004155741539,-0.06028655473,0.6211548312,-0.06997845111,0.7236771507,0,0,0,1,0,0,0
17.65037513,15.63031316,rate,aggressive,-0.2858289182,0.4777267873,-1.685195684,-0.3550551453,0.4217473516,-2,-2.138814449,2.309826612,0.06476057321,-2.22719286,2.591080569,0,0.3271509206,0.3018417853,1.333226783,-0.07955744117,0.6780619025,-0.004155741539,0.1366554927,0.4923977006,-0.05743702187,0.7238041045,0,0,0,1,0,0,0
17.66033959,15.64027762,rate,aggressive,-0.3377056122,0.5295888186,-1.683836579,-0.3772333579,0.4474968652,-2,-2.135525227,2.284892082,0.06757754833,-2.22423761,2.577048475,0,0.3290301507,0.3127170759,1.266468761,-0.06417626143,0.656442821,-0.008446162567,-0.1765565789,0.6920636206,-0.08214686771,0.7254875924,0,0,0,1,0,0,0
17.67040277,15.6503408,rate,aggressive,-0.3377056122,0.5295888186,-1.683836579,-0.3996004647,0.4733553163,-2,-2.135525227,2.284892082,0.06757754833,-2.221071536,2.562036021,0,0.3270359126,0.2978148064,1.291111342,-0.06417626143,0.656442821,-0.008446162567,0.04275035181,0.5588563673,-0.06417632087,0.7256485215,0,0,0,1,0,0,0
17.68033767,15.6602757,rate,aggressive,-0.3721857369,0.5635313988,-1.682902575,-0.4216503254,0.4987318505,-2,-2.132758379,2.266044617,0.06934227794,-2.217767101,2.546390307,0,0.3274087723,0.3010457442,1.259841549,-0.03761222214,0.6238708496,-0.0120438002,-0.09756955048,0.6372020226,-0.07750771844,0.7268821584,0,0,0,1,0,0,0
17.69043875,15.67037678,rate,aggressive,-0.3721857369,0.5635313988,-1.682902575,-0.444034436,0.5243692915,-2,-2.132758379,2.266044617,0.06934227794,-2.214225614,2.529648075,0,0.3274853942,0.2844855795,1.296631967,-0.03761222214,0.6238708496,-0.0120438002,0.1023972547,0.5341171386,-0.05944647284,0.7270829448,0,0,0,1,0,0,0
17.70033813,15.68027616,rate,aggressive,-0.4237548411,0.6133918762,-1.681467056,-0.4659359787,0.5493266637,-2,-2.128160477,2.234601021,0.0715617761,-2.210577293,2.512428765,0,0.3276382701,0.298499372,1.258597668,-0.02015885897,0.6161645651,-0.01558807399,-0.2127853376,0.6842145786,-0.09225339435,0.7288316357,0,0,0,1,0,0,0
17.71039891,15.69033694,rate,aggressive,-0.4237548411,0.6133918762,-1.681467056,-0.4881567222,0.5745122197,-2,-2.128160477,2.234601021,0.0715617761,-2.206689702,2.494111405,0,0.3272956862,0.2804167726,1.228539893,-0.02015885897,0.6161645651,-0.01558807399,0.006637508814,0.5833130454,-0.06867824194,0.7290872231,0,0,0,1,0,0,0
17.72034025,15.70027828,rate,aggressive,-0.4580293894,0.6461023092,-1.680485845,-0.510074342,0.5992137248,-2,-2.124806166,2.211788416,0.07292588055,-2.202670555,2.475208079,0,0.327103213,0.2842023331,1.232604461,-0.03402977809,0.6381344795,-0.01912734471,-0.1320078435,0.6377003327,-0.08526025902,0.7303768812,0,0,0,1,0,0,0
17.73038244,15.71032047,rate,aggressive,-0.4580293894,0.6461023092,-1.680485845,-0.5321728458,0.6239709916,-2,-2.124806166,2.211788416,0.07292588055,-2.198431616,2.455308342,0,0.3287496659,0.2646523102,1.215409532,-0.03402977809,0.6381344795,-0.01912734471,0.06657267573,0.5647613332,-0.06230147476,0.7306867731,0,0,0,1,0,0,0
17.74033713,15.72027516,rate,aggressive,-0.5091959238,0.6937120557,-1.679039478,-0.5540359023,0.6483113527,-2,-2.119089127,2.173858881,0.07425415516,-2.194052373,2.434790205,0,0.3272422711,0.2814574993,1.289487648,-0.05078179762,0.645388484,-0.02370983548,-0.2360279417,0.6497280893,-0.1014495859,0.732315343,0,0,0,1,0,0,0
17.75038862,15.73032665,rate,aggressive,-0.5091959238,0.6937120557,-1.679039478,-0.5760664245,0.6726771763,-2,-2.119089127,2.173858881,0.07425415516,-2.189451862,2.413279418,0,0.3285266907,0.2603589591,1.201628827,-0.05078179762,0.645388484,-0.02370983548,-0.01975193988,0.5845488692,-0.07274073597,0.7326985194,0,0,0,1,0,0,0
17.76034069,15.74027872,rate,aggressive,-0.5601183176,0.740286231,-1.677556396,-0.5978326003,0.6965850848,-2,-2.112523317,2.132350683,0.07536344975,-2.184720327,2.391203101,0,0.3275698939,0.2790996813,1.385752212,-0.06238428876,0.6420257092,-0.02823072299,-0.3002894287,0.6327772873,-0.1140858999,0.7343116539,0,0,0,1,0,0,0
17.77061033,15.75054836,rate,aggressive,-0.5601183176,0.740286231,-1.677556396,-0.6202430409,0.7210214747,-2,-2.112523317,2.132350683,0.07536344975,-2.179654065,2.367617965,0,0.3285665705,0.2560017198,1.230819267,-0.06238428876,0.6420257092,-0.02823072299,-0.07490583773,0.5821891076,-0.0806527835,0.7347866325,0,0,0,1,0,0,0
17.78036499,15.76030302,rate,aggressive,-0.5938973427,0.7704870701,-1.67658031,-0.6414806449,0.7440044495,-2,-2.107668161,2.102595568,0.07569668442,-2.174669421,2.344466231,0,0.3279722485,0.262146094,1.335073728,-0.06542187184,0.636418283,-0.03066289984,-0.2006056288,0.5879587214,-0.1010412524,0.7359174106,0,0,0,1,0,0,0
17.79039693,15.77033496,rate,aggressive,-0.5938973427,0.7704870701,-1.67658031,-0.6632703525,0.7674014159,-2,-2.107668161,2.102595568,0.07569668442,-2.169368267,2.319902588,0,0.3307906161,0.2382419609,1.197058122,-0.06542187184,0.636418283,-0.03066289984,-0.0008964242438,0.5630193234,-0.06999037382,0.736456495,0,0,0,1,0,0,0
17.80035329,15.78029132,rate,aggressive,-0.6442781687,0.8144415617,-1.675137758,-0.6848424463,0.7903747315,-2,-2.09949255,2.05444932,0.07570154965,-2.1639322,2.294776072,0,0.3282684101,0.2600771825,1.456435937,-0.09175761789,0.631190896,-0.03553764895,-0.2785544091,0.5592934924,-0.1170973123,0.7377608874,0,0,0,1,0,0,0
17.81044555,15.79038358,rate,aggressive,-0.6442781687,0.8144415617,-1.675137758,-0.706652859,0.8134025204,-2,-2.09949255,2.05444932,0.07570154965,-2.158244612,2.268554461,0,0.3307977595,0.2345709718,1.255230982,-0.09175761789,0.631190896,-0.03553764895,-0.06595852515,0.5495676628,-0.08065735626,0.7383996036,0,0,0,1,0,0,0
17.82036471,15.80030274,rate,aggressive,-0.6776973605,0.8430352211,-1.6741786,-0.728032404,0.8357738483,-2,-2.093470335,2.020414114,0.07567195594,-2.152481067,2.242053059,0,0.3297664759,0.2415208759,1.384680588,-0.1120133623,0.6242813468,-0.03819611669,-0.1829063925,0.5335055262,-0.1023385633,0.7394752968,0,0,0,1,0,0,0
17.83037758,15.81031561,rate,aggressive,-0.6776973605,0.8430352211,-1.6741786,-0.7495550537,0.8580862674,-2,-2.093470335,2.020414114,0.07567195594,-2.146489098,2.214576479,0,0.3339904887,0.2150261805,1.204958129,-0.1120133623,0.6242813468,-0.03819611669,0.006520373013,0.5446889457,-0.06851636524,0.7401942154,0,0,0,1,0,0,0
17.84034848,15.82028651,rate,aggressive,-0.7274460793,0.8841810822,-1.672787189,-0.7709270215,0.8800282116,-2,-2.08324337,1.965925097,0.07523753494,-2.140349022,2.1865002,0,0.3301152254,0.2399481567,1.516283609,-0.106073603,0.6016830206,-0.0428321138,-0.257435222,0.4886941134,-0.1191521089,0.7412862216,0,0,0,1,0,0,0
17.85037589,15.83031392,rate,aggressive,-0.7274460793,0.8841810822,-1.672787189,-0.7923574907,0.9018086089,-2,-2.08324337,1.965925097,0.07523753494,-2.134000324,2.15755454,0,0.334054553,0.2120348991,1.278870779,-0.106073603,0.6016830206,-0.0428321138,-0.05471080569,0.5174716368,-0.07982818402,0.7421130314,0,0,0,1,0,0,0
17.86034727,15.8402853,rate,aggressive,-0.7603963614,0.9107404351,-1.671867013,-0.8136042269,0.9231759964,-2,-2.075761795,1.927698612,0.07476972044,-2.12751475,2.128073612,0,0.3326514352,0.220043223,1.423925508,-0.1117604226,0.585113585,-0.04706288874,-0.1658146751,0.4786998644,-0.1024515662,0.7430495791,0,0,0,1,0,0,0
17.87046003,15.85039806,rate,aggressive,-0.7603963614,0.9107404351,-1.671867013,-0.835085283,0.9445425687,-2,-2.075761795,1.927698612,0.07476972044,-2.120762217,2.097474541,0,0.3382192727,0.1908911075,1.206992098,-0.1117604226,0.585113585,-0.04706288874,0.0152239551,0.5250458073,-0.06611764083,0.7439790215,0,0,0,1,0,0,0
17.88034797,15.860286,rate,aggressive,-0.7931557894,0.9365206957,-1.670959234,-0.8560218956,0.9651315614,-2,-2.067689657,1.887887836,0.07403083891,-2.113989942,2.066883708,0,0.3362120677,0.1991577365,1.328774603,-0.1122151837,0.5677842498,-0.04933542013,-0.1095664728,0.4798272425,-0.09217180204,0.7448487048,0,0,0,1,0,0,0
17.89051366,15.87045169,rate,aggressive,-0.7931557894,0.9365206957,-1.670959234,-0.8774759381,0.9859801199,-2,-2.067689657,1.887887836,0.07403083891,-2.1068529,2.034751085,0,0.343254931,0.1690654866,1.145793824,-0.1122151837,0.5677842498,-0.04933542013,0.0584408909,0.541045466,-0.05707406151,0.745882342,0,0,0,1,0,0,0
17.9003427,15.88028073,rate,aggressive,-0.8419058919,0.9735981226,-1.669626355,-0.8981496857,1.005824425,-2,-2.054637909,1.825169325,0.07266107947,-2.099784509,2.003034651,0,0.3366729037,0.1973674799,1.439029033,-0.1121238098,0.5418465137,-0.05299788341,-0.2039712031,0.4211510192,-0.1141602235,0.7465263674,0,0,0,1,0,0,0
17.91050529,15.89044333,rate,aggressive,-0.8419058919,0.9735981226,-1.669626355,-0.919451074,1.026011033,-2,-2.054637909,1.825169325,0.07266107947,-2.092303485,1.9695828,0,0.3433760528,0.1659927106,1.189778655,-0.1121238098,0.5418465137,-0.05299788341,-0.01758600306,0.5026813651,-0.07234467784,0.7476809366,0,0,0,1,0,0,0
17.92033839,15.90027642,rate,aggressive,-0.8901754618,1.008838058,-1.668318868,-0.9399886247,1.045216414,-2,-2.040322542,1.759190559,0.07069095224,-2.084898396,1.936588077,0,0.3373679142,0.1960971616,1.574860488,-0.08916075528,0.5326209068,-0.05659913644,-0.2563034057,0.3559352235,-0.1271419792,0.7480043509,0,0,0,1,0,0,0
17.9304285,15.91036654,rate,aggressive,-0.8901754618,1.008838058,-1.668318868,-0.9609864368,1.064583346,-2,-2.040322542,1.759190559,0.07069095224,-2.077130016,1.902100379,0,0.3437064225,0.1636313461,1.266009257,-0.08916075528,0.5326209068,-0.05659913644,-0.0623409803,0.4582989142,-0.08118905506,0.7492754732,0,0,0,1,0,0,0
17.94033909,15.92027712,rate,aggressive,-0.922049582,1.031196713,-1.667467833,-0.9815335075,1.083263883,-2,-2.030131102,1.713205814,0.06925228238,-2.069333105,1.867615465,0,0.3417996049,0.1737095736,1.454820076,-0.07000771165,0.5261149406,-0.06071393192,-0.1629143563,0.3756721679,-0.1045651975,0.7497919432,0,0,0,1,0,0,0
17.95037818,15.93031621,rate,aggressive,-0.922049582,1.031196713,-1.667467833,-1.002267385,1.101835166,-2,-2.030131102,1.713205814,0.06925228238,-2.061267249,1.832077517,0,0.3492883183,0.1410525429,1.165449524,-0.07000771165,0.5261149406,-0.06071393192,0.007248503864,0.4868066503,-0.06332843873,0.7511662739,0,0,0,1,0,0,0
17.96034837,15.9402864,rate,aggressive,-0.9693907499,1.06297648,-1.666249633,-1.022777982,1.119922913,-2,-2.01409173,1.641482234,0.06658865511,-2.05309021,1.796191373,0,0.3427570574,0.1728868071,1.612374769,-0.09490854293,0.4741035104,-0.06386800855,-0.2268756317,0.2908058017,-0.1202787071,0.7509988517,0,0,0,1,0,0,0
17.97047353,15.95041156,rate,aggressive,-0.9693907499,1.06297648,-1.666249633,-1.043523096,1.137922639,-2,-2.01409173,1.641482234,0.06658865511,-2.044616892,1.75915545,0,0.3500026274,0.1386103179,1.253058326,-0.09490854293,0.4741035104,-0.06386800855,-0.04659784303,0.4272209607,-0.07431596152,0.75251699,0,0,0,1,0,0,0
17.98034978,15.96028781,rate,aggressive,-1.000689507,1.083212733,-1.665450573,-1.063674757,1.155115781,-2,-2.002936602,1.592125416,0.06445628405,-2.036188294,1.722466954,0,0.3479375076,0.1491616709,1.436681782,-0.1081995144,0.4432177246,-0.06749804318,-0.1459258095,0.332003025,-0.09938681332,0.7527391253,0,0,0,1,0,0,0
17.99036837,15.9703064,rate,aggressive,-1.000689507,1.083212733,-1.665450573,-1.084030972,1.172183711,-2,-2.002936602,1.592125416,0.06445628405,-2.027473859,1.684693601,0,0.3560687487,0.1154363825,1.111442285,-0.1081995144,0.4432177246,-0.06749804318,0.01412117491,0.4725781828,-0.05772910129,0.754347544,0,0,0,1,0,0,0
18.00034523,15.98028326,rate,aggressive,-1.047025442,1.111342669,-1.66432476,-1.10421483,1.188801755,-2,-1.985050082,1.515465379,0.06093501672,-2.018631909,1.646533101,0,0.3492111148,0.1483899028,1.567515809,-0.1112660691,0.4189265966,-0.07146638632,-0.205528381,0.2370619312,-0.1150579199,0.7536198081,0,0,0,1,0,0,0
18.01040483,15.99034286,rate,aggressive,-1.047025442,1.111342669,-1.66432476,-1.124475918,1.205169423,-2,-1.985050082,1.515465379,0.06093501672,-2.009551857,1.607518579,0,0.3570432783,0.1130805238,1.183399407,-0.1112660691,0.4189265966,-0.07146638632,-0.03528566929,0.4054503654,-0.06873001746,0.7553609803,0,0,0,1,0,0,0
18.02034664,16.00028467,rate,aggressive,-1.077690125,1.129344821,-1.663609147,-1.144409234,1.220957258,-2,-1.972489238,1.463479757,0.05885070935,-2.000416276,1.568442964,0,0.3549691312,0.1235338023,1.36371501,-0.1133806035,0.3987920582,-0.07381491363,-0.1265489444,0.2976493581,-0.0930135626,0.7554676429,0,0,0,1,0,0,0
18.03062654,16.01056457,rate,aggressive,-1.077690125,1.129344821,-1.663609147,-1.164924029,1.236870749,-2,-1.972489238,1.463479757,0.05885070935,-1.990801629,1.527510534,0,0.3637724359,0.08887457503,1.015932855,-0.1133806035,0.3987920582,-0.07381491363,0.02479673106,0.4673205606,-0.05106754492,0.7573555234,0,0,0,1,0,0,0
18.04036164,16.02029967,rate,aggressive,-1.123036027,1.154030085,-1.662643075,-1.184259736,1.251550574,-2,-1.952675343,1.382778645,0.05535798147,-1.981539399,1.488264951,0,0.3564663843,0.1225765098,1.491924612,-0.09877262264,0.3913936615,-0.07749115676,-0.190887468,0.185406434,-0.1104271857,0.7562198074,0,0,0,1,0,0,0
18.05061626,16.03055429,rate,aggressive,-1.123036027,1.154030085,-1.662643075,-1.204528948,1.266598099,-2,-1.952675343,1.382778645,0.05535798147,-1.971618399,1.446431052,0,0.364859355,0.08645793436,1.079754074,-0.09877262264,0.3913936615,-0.07749115676,-0.02832657851,0.3860985467,-0.06345470926,0.7582304954,0,0,0,1,0,0,0
18.06035995,16.04029799,rate,aggressive,-1.152920365,1.169309616,-1.66204679,-1.223693227,1.280496153,-2,-1.939028263,1.327764988,0.05293127149,-1.9620361,1.406224702,0,0.3627445602,0.097401267,1.290132307,-0.09318148345,0.377396673,-0.07917224616,-0.1206664158,0.2499792204,-0.08882137277,0.7579746956,0,0,0,1,0,0,0
18.07048368,16.05042171,rate,aggressive,-1.152920365,1.169309616,-1.66204679,-1.243505282,1.294519004,-2,-1.939028263,1.327764988,0.05293127149,-1.951920244,1.363992146,0,0.3716118809,0.06542422847,0.9250443171,-0.09318148345,0.377396673,-0.07917224616,0.02353670165,0.4477262356,-0.04642370402,0.7600664416,0,0,0,1,0,0,0
18.08036184,16.06029987,rate,aggressive,-1.197220683,1.190440536,-1.661230803,-1.262737264,1.307787397,-2,-1.917694092,1.243200779,0.04894378036,-1.941893568,1.322347337,0,0.3644547674,0.09615240972,1.396948852,-0.1061586738,0.3080387712,-0.08070415258,-0.1772395096,0.1399534156,-0.1041847933,0.7584330432,0,0,0,1,0,0,0
18.09036708,16.07030511,rate,aggressive,-1.197220683,1.190440536,-1.661230803,-1.28211491,1.320805001,-2,-1.917694092,1.243200779,0.04894378036,-1.93158145,1.279740693,0,0.3727820983,0.06263798929,0.9717686854,-0.1061586738,0.3080387712,-0.08070415258,-0.02408591703,0.367680321,-0.0575418426,0.7606172402,0,0,0,1,0,0,0
18.10036302,16.08030105,rate,aggressive,-1.226299524,1.202913404,-1.660771012,-1.301370733,1.333382728,-2,-1.902843237,1.185429454,0.04581005126,-1.921122514,1.236759161,0,0.3711256353,0.07118589465,1.156144137,-0.1014760658,0.3026635945,-0.08222968131,-0.1044557618,0.2232447604,-0.08060367689,0.7599799536,0,0,0,1,0,0,0
18.11052871,16.09046674,rate,aggressive,-1.226299524,1.202913404,-1.660771012,-1.320845533,1.345731319,-2,-1.902843237,1.185429454,0.04581005126,-1.910326499,1.192637154,0,0.3800160667,0.04697351332,0.7941906951,-0.1014760658,0.3026635945,-0.08222968131,0.03045857358,0.4458818837,-0.03898060518,0.7622972287,0,0,0,1,0,0,0
18.12035084,16.10028887,rate,aggressive,-1.269416809,1.219968677,-1.660196185,-1.339557157,1.35723463,-2,-1.879752636,1.097325802,0.04051993415,-1.899743447,1.149626843,0,0.3731330097,0.06911509595,1.281696804,-0.09204088897,0.3030170798,-0.08504740894,-0.161489852,0.09624504827,-0.09622838157,0.7598340233,0,0,0,1,0,0,0
18.13037109,16.11030912,rate,aggressive,-1.269416809,1.219968677,-1.660196185,-1.358538343,1.368532803,-2,-1.879752636,1.097325802,0.04051993415,-1.888793952,1.105378765,0,0.3814191657,0.04229019601,0.8399540187,-0.09204088897,0.3030170798,-0.08504740894,-0.01776451063,0.3515458605,-0.0503776468,0.7622318834,0,0,0,1,0,0,0
18.14036226,16.12030029,rate,aggressive,-1.297748923,1.229959011,-1.659901619,-1.377354425,1.379354929,-2,-1.863837004,1.037574887,0.03693333268,-1.877723297,1.060901097,0,0.3798987823,0.04583680042,1.064544046,-0.07205480337,0.3293560147,-0.08668122441,-0.09662635388,0.1886957893,-0.07319470232,0.7612370883,0,0,0,1,0,0,0
18.15040612,16.13034415,rate,aggressive,-1.297748923,1.229959011,-1.659901619,-1.396157484,1.389784476,-2,-1.863837004,1.037574887,0.03693333268,-1.86644123,1.015843058,0,0.3884524846,0.04293163716,0.6842726513,-0.07205480337,0.3293560147,-0.08668122441,0.02950290159,0.4337946084,-0.032400739,0.7637392974,0,0,0,1,0,0,0
18.16035628,16.14029431,rate,aggressive,-1.339593887,1.242833734,-1.659604192,-1.414672645,1.399668837,-2,-1.839387655,0.9460086226,0.03165201843,-1.855114029,0.9708779305,0,0.3822347129,0.04321633449,1.277147843,-0.05904237553,0.3066398799,-0.08662207425,-0.1542140295,0.03929278935,-0.0880550154,0.7607268594,0,0,0,1,0,0,0
18.17041636,16.15035439,rate,aggressive,-1.339593887,1.242833734,-1.659604192,-1.433276986,1.409205933,-2,-1.839387655,0.9460086226,0.03165201843,-1.843510465,0.9250995583,0,0.3902890439,0.03815805035,0.7755893657,-0.05904237553,0.3066398799,-0.08662207425,-0.02022779198,0.320335765,-0.04341329256,0.76335152,0,0,0,1,0,0,0
18.18034315,16.16028118,rate,aggressive,-1.367136002,1.250273347,-1.659478307,-1.451519694,1.418163763,-2,-1.822707415,0.8840657473,0.02801688574,-1.831912489,0.8796302588,0,0.3889252152,0.02982201939,1.046463414,-0.05263696611,0.2847260535,-0.08859749138,-0.1005058323,0.1383560048,-0.06690984558,0.7620351386,0,0,0,1,0,0,0
18.19036341,16.17030144,rate,aggressive,-1.367136002,1.250273347,-1.659478307,-1.469816653,1.426746738,-2,-1.822707415,0.8840657473,0.02801688574,-1.820057031,0.8334481015,0,0.3970405488,0.05791473458,0.5882097593,-0.05263696611,0.2847260535,-0.08859749138,0.0174848584,0.406354178,-0.02715825071,0.7647415622,0,0,0,1,0,0,0
18.20035481,16.18029284,rate,aggressive,-1.407592773,1.258865476,-1.659477353,-1.487941914,1.434842879,-2,-1.796981812,0.7892223597,0.02276059613,-1.808088321,0.7871289346,0,0.3916372095,0.02541223554,1.290592322,-0.0465268977,0.2702083886,-0.08737624437,-0.1561146328,-0.02553388146,-0.08087067235,0.7611259763,0,0,0,1,0,0,0
18.21038342,16.19032145,rate,aggressive,-1.407592773,1.258865476,-1.659477353,-1.506013658,1.442502482,-2,-1.796981812,0.7892223597,0.02276059613,-1.795928038,0.740381354,0,0.3992053276,0.05389433188,0.7278365003,-0.0465268977,0.2702083886,-0.08737624437,-0.03128025782,0.2810898372,-0.03781338287,0.7639422554,0,0,0,1,0,0,0
18.2203474,16.20028543,rate,aggressive,-1.434135318,1.263289094,-1.659542799,-1.523847471,1.449647239,-2,-1.779526472,0.7253636122,0.0197956115,-1.783701208,0.6936959976,0,0.3983575459,0.03757835103,1.063036966,-0.04755177721,0.2429569662,-0.08649452031,-0.1068446554,0.07880234382,-0.06027710901,0.7624400534,0,0,0,1,0,0,0
18.2305758,16.21051383,rate,aggressive,-1.434135318,1.263289094,-1.659542799,-1.542027048,1.45649655,-2,-1.779526472,0.7253636122,0.0197956115,-1.771000732,0.6455398328,0,0.4060552327,0.08268246629,0.5082138199,-0.04755177721,0.2429569662,-0.08649452031,0.00295979908,0.371686942,-0.02211408757,0.7653984078,0,0,0,1,0,0,0
18.24034834,16.22028637,rate,aggressive,-1.473308921,1.267959714,-1.659734964,-1.559274356,1.462579453,-2,-1.753013849,0.6283817291,0.01529520471,-1.758726079,0.5993252503,0,0.4013068566,0.0333294438,1.328370502,-0.04651330411,0.2280994952,-0.08809042722,-0.1680770088,-0.1029442476,-0.07651075999,0.7613926368,0,0,0,1,0,0,0
18.25037026,16.23030829,rate,aggressive,-1.473308921,1.267959714,-1.659734964,-1.57683651,1.468347548,-2,-1.753013849,0.6283817291,0.01529520471,-1.745996897,0.5517388404,0,0.4082322137,0.07846854982,0.7146891524,-0.04651330411,0.2280994952,-0.08809042722,-0.05063373273,0.2307517356,-0.03482094943,0.7643852894,0,0,0,1,0,0,0
18.26036501,16.24030304,rate,aggressive,-1.498829246,1.26935482,-1.659927845,-1.594223274,1.473624124,-2,-1.734884262,0.5627406836,0.01254408062,-1.733160766,0.5041026585,0,0.4080135289,0.05998951888,1.104897053,-0.04893479496,0.2008733004,-0.08615814894,-0.1199586373,0.01189041247,-0.0556997057,0.7625909449,0,0,0,1,0,0,0
18.27043605,16.25037408,rate,aggressive,-1.498829246,1.26935482,-1.659927845,-1.611612279,1.478458559,-2,-1.734884262,0.5627406836,0.01254408062,-1.720084808,0.455937864,0,0.4148414841,0.1085505415,0.4880524508,-0.04893479496,0.2008733004,-0.08615814894,-0.0178425174,0.3271344638,-0.01927297069,0.7656720739,0,0,0,1,0,0,0
18.28035927,16.2602973,rate,aggressive,-1.524129629,1.270020008,-1.660140514,-1.62861656,1.48274685,-2,-1.716751575,0.4968891442,0.009610679001,-1.707062553,0.4083333977,0,0.4143364551,0.08960113027,0.8390904061,-0.05747381225,0.1477589011,-0.08559168875,-0.09763821258,0.09046839202,-0.04455597337,0.7637813792,0,0,0,1,0,0,0
18.29038,16.27031803,rate,aggressive,-1.524129629,1.270020008,-1.660140514,-1.645656114,1.486597232,-2,-1.716751575,0.4968891442,0.009610679001,-1.693774165,0.3601289845,0,0.4209261819,0.1390095961,0.2401934779,-0.05747381225,0.1477589011,-0.08559168875,-0.004770386756,0.3964134145,-0.01108903332,0.7669103726,0,0,0,1,0,0,0
18.30034375,16.28028178,rate,aggressive,-1.561332583,1.268866897,-1.660543799,-1.662466065,1.489946196,-2,-1.688917637,0.3976326585,0.00552550517,-1.680424747,0.3120824865,0,0.4175338908,0.0861480836,1.076132795,-0.06086735055,0.1354853064,-0.0835962221,-0.1584257332,-0.110626652,-0.06202215326,0.762387595,0,0,0,1,0,0,0
18.31037593,16.29031396,rate,aggressive,-1.561332583,1.268866897,-1.660543799,-1.679256391,1.492833972,-2,-1.688917637,0.3976326585,0.00552550517,-1.666847131,0.263604648,0,0.4234356947,0.1359453789,0.4265796769,-0.06086735055,0.1354853064,-0.0835962221,-0.05730395822,0.2429607127,-0.02495434863,0.7655855312,0,0,0,1,0,0,0
18.32036185,16.30029988,rate,aggressive,-1.597704887,1.265295148,-1.661049843,-1.695833358,1.495225014,-2,-1.660585523,0.297609061,0.001283120597,-1.653197166,0.2152649291,0,0.4211699764,0.08268488537,1.391124761,-0.05576967075,0.1595968455,-0.08244661242,-0.1956567874,-0.261811242,-0.07026543439,0.7607075319,0,0,0,1,0,0,0
18.33057213,16.31051016,rate,aggressive,-1.597704887,1.265295148,-1.661049843,-1.712641119,1.497170291,-2,-1.660585523,0.297609061,0.001283120597,-1.639102474,0.1657673827,0,0.4264547204,0.1335866606,0.7184582728,-0.05576967075,0.1595968455,-0.08244661242,-0.09212269785,0.1258590381,-0.03197599137,0.7640307527,0,0,0,1,0,0,0
18.34035873,16.32029676,rate,aggressive,-1.62145555,1.261485815,-1.661473274,-1.728615729,1.498560213,-2,-1.641276836,0.230238989,-0.001627146965,-1.625462705,0.11827094,0,0.4269518919,0.113091018,1.170204368,-0.06074531004,0.132353276,-0.08033016324,-0.1529765081,-0.1179528573,-0.05105286283,0.761578819,0,0,0,1,0,0,0
18.35061669,16.33055472,rate,aggressive,-1.62145555,1.261485815,-1.661473274,-1.745215755,1.499517917,-2,-1.641276836,0.230238989,-0.001627146965,-1.611030662,0.0684477794,0,0.4319446884,0.1646021695,0.4948740186,-0.06074531004,0.132353276,-0.08033016324,-0.06394396679,0.2424946202,-0.01811787988,0.7649684047,0,0,0,1,0,0,0
18.36036062,16.34029865,rate,aggressive,-1.656325459,1.253623724,-1.66225338,-1.760846215,1.499954198,-2,-1.611893773,0.1287821829,-0.005778166,-1.597194632,0.02109940387,0,0.4309014626,0.1088348881,1.445053506,-0.08003671467,0.02931436524,-0.07760573179,-0.1955147354,-0.314369738,-0.06261154521,0.759469245,0,0,0,1,0,0,0
18.37048578,16.35042381,rate,aggressive,-1.656325459,1.253623724,-1.66225338,-1.776944733,1.499918715,-2,-1.611893773,0.1287821829,-0.005778166,-1.582687148,-0.02810815229,0,0.4350666744,0.1596902986,0.7750458694,-0.08003671467,0.02931436524,-0.07760573179,-0.1024818127,0.08975430037,-0.0278816065,0.7628569545,0,0,0,1,0,0,0
18.38035393,16.36029196,rate,aggressive,-1.67918098,1.247203708,-1.662815928,-1.792492633,1.499404739,-2,-1.592125893,0.06166275963,-0.007862786762,-1.568421445,-0.07605778214,0,0.4360481502,0.1399666813,1.114420181,-0.09353239834,-0.02927313186,-0.07616309077,-0.1562220237,-0.1467672227,-0.04558732409,0.7604250628,0,0,0,1,0,0,0
18.39041662,16.37035465,rate,aggressive,-1.67918098,1.247203708,-1.662815928,-1.808201455,1.498393483,-2,-1.592125893,0.06166275963,-0.007862786762,-1.553747107,-0.1249279213,0,0.4398132379,0.1906589541,0.4608509139,-0.09353239834,-0.02927313186,-0.07616309077,-0.07649782704,0.2258224401,-0.01588084545,0.7638115044,0,0,0,1,0,0,0
18.40035248,16.38029051,rate,aggressive,-1.712535501,1.235066652,-1.663799763,-1.823566761,1.496912654,-2,-1.561720848,-0.03920882568,-0.01157655288,-1.539132696,-0.1731419131,0,0.4403656082,0.1363169582,1.289217693,-0.1031244919,-0.04125523567,-0.07390273362,-0.1871522874,-0.3279217956,-0.05454173273,0.7581206494,0,0,0,1,0,0,0
18.41039729,16.39033532,rate,aggressive,-1.712535501,1.235066652,-1.663799763,-1.838952334,1.494928899,-2,-1.561720848,-0.03920882568,-0.01157655288,-1.52423292,-0.2218282723,0,0.4433285491,0.1867865723,0.6326568461,-0.1031244919,-0.04125523567,-0.07390273362,-0.1049238867,0.0876197227,-0.02363772614,0.7615110592,0,0,0,1,0,0,0
18.42036557,16.4003036,rate,aggressive,-1.734291196,1.225695729,-1.664511085,-1.854072106,1.492477133,-2,-1.541162133,-0.1058556959,-0.01339563262,-1.509323513,-0.2700720361,0,0.4450534757,0.1678098541,0.9715125186,-0.1070766896,-0.04786160588,-0.07397376746,-0.1492957258,-0.1587585649,-0.03872421257,0.7589208573,0,0,0,1,0,0,0
18.43038154,16.41031957,rate,aggressive,-1.734291196,1.225695729,-1.664511085,-1.869113903,1.4895297,-2,-1.541162133,-0.1058556959,-0.01339563262,-1.494220434,-0.3184589796,0,0.4475917101,0.2181355595,0.355942304,-0.1070766896,-0.04786160588,-0.07397376746,-0.07977800222,0.2239994703,-0.01258913252,0.7623089461,0,0,0,1,0,0,0
18.44037104,16.42030907,rate,aggressive,-1.766245961,1.209736943,-1.665638685,-1.883964677,1.486107835,-2,-1.509733081,-0.2054000795,-0.01628787257,-1.479036324,-0.3666149898,0,0.4494842095,0.1649176552,1.189225107,-0.1056160256,-0.03615609929,-0.07135346532,-0.1765783539,-0.3499341718,-0.04706496942,0.7565518741,0,0,0,1,0,0,0
18.45035458,16.43029261,rate,aggressive,-1.766245961,1.209736943,-1.665638685,-1.898654447,1.482207965,-2,-1.509733081,-0.2054000795,-0.01628787257,-1.46374183,-0.414623845,0,0.4511872714,0.2148373198,0.5544123585,-0.1056160256,-0.03615609929,-0.07135346532,-0.1052344543,0.07591774676,-0.01987851669,0.7599308194,0,0,0,1,0,0,0
18.4603653,16.44030333,rate,aggressive,-1.786925554,1.197463036,-1.666481733,-1.913230298,1.477816881,-2,-1.48835814,-0.2715959251,-0.01812049001,-1.448287044,-0.4626289481,0,0.4536359785,0.1960297446,0.9357927647,-0.1042916924,-0.01724617183,-0.06915809214,-0.1430607068,-0.1886820411,-0.03294072199,0.7570804757,0,0,0,1,0,0,0
18.47049499,16.45043302,rate,aggressive,-1.786925554,1.197463036,-1.666481733,-1.927821285,1.472885203,-2,-1.48835814,-0.2715959251,-0.01812049001,-1.432528926,-0.5110516002,0,0.4549103336,0.2465446686,0.3551175309,-0.1042916924,-0.01724617183,-0.06915809214,-0.08354373244,0.2051907501,-0.01020114909,0.7605111038,0,0,0,1,0,0,0
18.48031998,16.46025801,rate,aggressive,-1.807357311,1.184483171,-1.667325616,-1.941820319,1.467634065,-2,-1.466800451,-0.3376000226,-0.02029962279,-1.417131052,-0.5578555532,0,0.4570853038,0.2266972048,0.7154448974,-0.10419406,-0.02777825296,-0.06830869615,-0.1290078554,-0.09915329104,-0.02634672008,0.7574645663,0,0,0,1,0,0,0
18.490592,16.47053003,rate,aggressive,-1.807357311,1.184483171,-1.667325616,-1.956293938,1.461653224,-2,-1.466800451,-0.3376000226,-0.02029962279,-1.400914116,-0.6066022808,0,0.4579056705,0.2776964148,0.3088452525,-0.10419406,-0.02777825296,-0.06830869615,-0.07688639326,0.2795517154,-0.006235718671,0.760943208,0,0,0,1,0,0,0
18.50035477,16.4802928,rate,aggressive,-1.836989164,1.162618756,-1.668707132,-1.969895041,1.455505733,-2,-1.433653951,-0.4362555146,-0.02317433432,-1.385390182,-0.6527403139,0,0.4617377151,0.2230069718,0.980978261,-0.1038377583,-0.06113312393,-0.06531443447,-0.1582666718,-0.3661636918,-0.03605187817,0.7545441339,0,0,0,1,0,0,0
18.51047993,16.49041796,rate,aggressive,-1.836989164,1.162618756,-1.668707132,-1.983840355,1.448655274,-2,-1.433653951,-0.4362555146,-0.02317433432,-1.369177027,-0.7003778872,0,0.4616677658,0.2728643457,0.4174124584,-0.1038377583,-0.06113312393,-0.06531443447,-0.1039013193,0.07093641228,-0.01458479946,0.7579579046,0,0,0,1,0,0,0
18.52035522,16.50029325,rate,aggressive,-1.865747094,1.138515115,-1.670166373,-1.997282854,1.441510339,-2,-1.399978042,-0.5339540243,-0.02577535249,-1.353254438,-0.7466159222,0,0.4667954405,0.2192545251,1.350081211,-0.09748958051,0.003009513719,-0.06325414777,-0.1712482122,-0.5510207304,-0.03927931806,0.7514842097,0,0,0,1,0,0,0
18.53041673,16.51035476,rate,aggressive,-1.865747094,1.138515115,-1.670166373,-2.010816553,1.433762272,-2,-1.399978042,-0.5339540243,-0.02577535249,-1.336921688,-0.7934830944,0,0.4658392997,0.268320351,0.7263795993,-0.09748958051,0.003009513719,-0.06325414777,-0.1188045784,-0.07891901646,-0.01816367741,0.7548678438,0,0,0,1,0,0,0
18.5403614,16.52029943,rate,aggressive,-1.884507775,1.121360064,-1.671162248,-2.024031092,1.42564206,-2,-1.377259851,-0.5990408659,-0.02763331309,-1.32067085,-0.8395504072,0,0.4692425346,0.2486176873,1.18038965,-0.0990106836,-0.04845212772,-0.06032207236,-0.1465881058,-0.3592865726,-0.02791086515,0.7515405075,0,0,0,1,0,0,0
18.5503943,16.53033233,rate,aggressive,-1.884507775,1.121360064,-1.671162248,-2.037198547,1.416986929,-2,-1.377259851,-0.5990408659,-0.02763331309,-1.304168656,-0.8857537231,0,0.4678076344,0.2971702965,0.5933986876,-0.0990106836,-0.04845212772,-0.06032207236,-0.104779063,0.06778841813,-0.01099013072,0.7549009127,0,0,0,1,0,0,0
18.56037641,16.54031444,rate,aggressive,-1.902814388,1.103188157,-1.672193527,-2.050134515,1.40791699,-2,-1.354332924,-0.6637922525,-0.02887875028,-1.287644463,-0.9314365206,0,0.4711899453,0.2773351534,0.9528684691,-0.1040295139,-0.1671151966,-0.05881559104,-0.1342955381,-0.2418929827,-0.02153304115,0.7516502229,0,0,0,1,0,0,0
18.57033849,16.55027652,rate,aggressive,-1.902814388,1.103188157,-1.672193527,-2.062879561,1.39841209,-2,-1.354332924,-0.6637922525,-0.02887875028,-1.271049807,-0.9767278801,0,0.469292141,0.3251134674,0.4559794264,-0.1040295139,-0.1671151966,-0.05881559104,-0.1001718052,0.1600685659,-0.007597776331,0.7549554757,0,0,0,1,0,0,0
18.58035994,16.56029797,rate,aggressive,-1.929550529,1.074172497,-1.673751116,-2.075533243,1.388396883,-2,-1.319517732,-0.7589223981,-0.0298375003,-1.254253173,-1.021972243,0,0.4759057182,0.2726627216,1.081193092,-0.1127649173,-0.2891961634,-0.05559719726,-0.1522958533,-0.4748634083,-0.02736058835,0.7486684901,0,0,0,1,0,0,0
18.59042168,16.57035971,rate,aggressive,-1.929550529,1.074172497,-1.673751116,-2.088067941,1.377886926,-2,-1.319517732,-0.7589223981,-0.0298375003,-1.237286361,-1.067063957,0,0.4730840929,0.3203178034,0.540102036,-0.1127649173,-0.2891961634,-0.05559719726,-0.1185208849,-0.01837719908,-0.01312958658,0.7519362729,0,0,0,1,0,0,0
18.600353,16.58029103,rate,aggressive,-1.955167532,1.042769551,-1.675344348,-2.100272263,1.367069974,-2,-1.283997655,-0.8521402478,-0.03181195632,-1.220439962,-1.111228053,0,0.4812768844,0.2686597696,1.292210442,-0.1090945974,-0.1531086266,-0.05399904028,-0.1560581871,-0.6419739985,-0.02805739521,0.7453222043,0,0,0,1,0,0,0
18.6103766,16.59031463,rate,aggressive,-1.955167532,1.042769551,-1.675344348,-2.11241983,1.355709574,-2,-1.283997655,-0.8521402478,-0.03181195632,-1.203338188,-1.155442352,0,0.4775573632,0.3154522409,0.7105933135,-0.1090945974,-0.1531086266,-0.05399904028,-0.1258898232,-0.1515076035,-0.01477798625,0.7485140993,0,0,0,1,0,0,0
18.6203568,16.60029483,rate,aggressive,-1.971714973,1.020728946,-1.676428556,-2.124344012,1.343959896,-2,-1.259953737,-0.9137766957,-0.03345008194,-1.186213151,-1.199091584,0,0.4821538651,0.2965824799,1.111338652,-0.1069613993,-0.1466948688,-0.05331888422,-0.1389997687,-0.4372469681,-0.01978501336,0.7450148639,0,0,0,1,0,0,0
18.63038373,16.61032176,rate,aggressive,-1.971714973,1.020728946,-1.676428556,-2.13615143,1.331718449,-2,-1.259953737,-0.9137766957,-0.03345008194,-1.168911556,-1.242555491,0,0.4779668383,0.3427872271,0.5820885017,-0.1069613993,-0.1466948688,-0.05331888422,-0.1178727918,0.004118092007,-0.01010092223,0.7481655705,0,0,0,1,0,0,0
18.6403532,16.62029123,rate,aggressive,-1.995743752,0.9860317707,-1.678070784,-2.147718719,1.319117073,-2,-1.223644018,-1.004528403,-0.03428686783,-1.15161473,-1.285369081,0,0.4875250044,0.2919508421,1.322663717,-0.110887602,-0.3088862002,-0.0493353419,-0.1432261459,-0.6468143074,-0.02089678651,0.7417350714,0,0,0,1,0,0,0
18.6505723,16.63051033,rate,aggressive,-1.995743752,0.9860317707,-1.678070784,-2.159396181,1.305759345,-2,-1.223644018,-1.004528403,-0.03428686783,-1.1337886,-1.328824971,0,0.4823341786,0.3382570763,0.7431456579,-0.110887602,-0.3088862002,-0.0493353419,-0.1257468861,-0.1600681984,-0.01196727613,0.7448662584,0,0,0,1,0,0,0
18.66036296,16.64030099,rate,aggressive,-2.011005402,0.9615824819,-1.679185748,-2.170412743,1.292547183,-2,-1.199090838,-1.063152671,-0.03314873204,-1.116619857,-1.370037434,0,0.4877193022,0.3194973533,1.008555359,-0.1120183095,-0.3700737357,-0.04694063216,-0.1288345153,-0.4549104789,-0.01386264529,0.7419671684,0,0,0,1,0,0,0
18.67041421,16.65035224,rate,aggressive,-2.011005402,0.9615824819,-1.679185748,-2.181547211,1.278565806,-2,-1.199090838,-1.063152671,-0.03314873204,-1.098903968,-1.411904075,0,0.4821666939,0.3643676566,0.5375221393,-0.1120183095,-0.3700737357,-0.04694063216,-0.1195936596,-0.01195842693,-0.008185230873,0.7449703281,0,0,0,1,0,0,0
18.68036008,16.66029811,rate,aggressive,-2.033225536,0.9235422015,-1.68076396,-2.192389222,1.264319056,-2,-1.162266731,-1.148523211,-0.03115250915,-1.081285297,-1.452876914,0,0.4933290921,0.3164800911,1.053748348,-0.1154623181,-0.4157273471,-0.04495975375,-0.1269867767,-0.648203364,-0.01350117834,0.7394138991,0,0,0,1,0,0,0
18.69042015,16.67035818,rate,aggressive,-2.033225536,0.9235422015,-1.68076396,-2.203177021,1.249496527,-2,-1.162266731,-1.148523211,-0.03115250915,-1.063376191,-1.493846482,0,0.486868954,0.3605523251,0.5688251265,-0.1154623181,-0.4157273471,-0.04495975375,-0.1223442792,-0.1612309874,-0.008711849616,0.7423058287,0,0,0,1,0,0,0
18.70035696,16.68029499,rate,aggressive,-2.047415257,0.8971213698,-1.681791186,-2.213655342,1.234453387,-2,-1.137282252,-1.203847766,-0.03057877161,-1.045600937,-1.533833259,0,0.4926312061,0.3438472773,0.8013842208,-0.1126259938,-0.2995482981,-0.04412084818,-0.120194934,-0.4465933991,-0.009225941335,0.739396081,0,0,0,1,0,0,0
18.71038389,16.69032192,rate,aggressive,-2.047415257,0.8971213698,-1.681791186,-2.224049233,1.218873526,-2,-1.137282252,-1.203847766,-0.03057877161,-1.027579708,-1.573685274,0,0.4857786131,0.3869747946,0.4893298891,-0.1126259938,-0.2995482981,-0.04412084818,-0.1222552202,-0.006998107308,-0.007004847258,0.7422014445,0,0,0,1,0,0,0
18.72035098,16.70028901,rate,aggressive,-2.067779541,0.8559951186,-1.683273673,-2.234201593,1.202993152,-2,-1.099244356,-1.285581827,-0.0300741531,-1.009583096,-1.612791438,0,0.4984169948,0.3406020047,1.043986453,-0.1068929806,-0.3221894205,-0.04145935178,-0.1115767714,-0.674731603,-0.007249213942,0.7363463817,0,0,0,1,0,0,0
18.73034978,16.71028781,rate,aggressive,-2.067779541,0.8559951186,-1.683273673,-2.244205611,1.186673214,-2,-1.099244356,-1.285581827,-0.0300741531,-0.9914476036,-1.651500426,0,0.4907032983,0.3826499909,0.5810520172,-0.1068929806,-0.3221894205,-0.04145935178,-0.1198384004,-0.1905789983,-0.00621679212,0.7390552154,0,0,0,1,0,0,0
18.74035215,16.72029018,rate,aggressive,-2.080897093,0.827755332,-1.684215546,-2.254031375,1.169962853,-2,-1.073748112,-1.338592887,-0.02959511988,-0.9732252946,-1.689688028,0,0.4967909908,0.3663993801,0.8056934881,-0.105398491,-0.3663850129,-0.0392215997,-0.1131542092,-0.4772915269,-0.005455497327,0.7361575128,0,0,0,1,0,0,0
18.75030017,16.7302382,rate,aggressive,-2.087123871,0.8132164478,-1.684678555,-2.263622565,1.152967145,-2,-1.060711741,-1.364734888,-0.02943981439,-0.9550237885,-1.727124868,0,0.4959938904,0.378633257,0.7168564723,-0.1028844491,-0.3488684893,-0.03871942684,-0.1124753814,-0.377565403,-0.004175180879,0.7359697764,0,0,0,1,0,0,0
18.76036501,16.74030304,rate,aggressive,-2.099372387,0.7837710381,-1.685570121,-2.273141726,1.135395655,-2,-1.034878731,-1.415689945,-0.02789641358,-0.9365306298,-1.764437738,0,0.5026945427,0.3634220438,1.029836117,-0.1017693207,-0.3135998845,-0.0376948528,-0.09852762607,-0.6349774639,-0.001621835177,0.7333977446,0,0,0,1,0,0,0
18.77044559,16.75038362,rate,aggressive,-2.099372387,0.7837710381,-1.685570121,-2.282488814,1.117423177,-2,-1.034878731,-1.415689945,-0.02789641358,-0.9179315335,-1.80122848,0,0.4936816024,0.4038499951,0.58512057,-0.1017693207,-0.3135998845,-0.0376948528,-0.1195481129,-0.170950759,-0.004143752767,0.7359436895,0,0,0,1,0,0,0
18.78036213,16.76030016,rate,aggressive,-2.111116171,0.7536309958,-1.686407566,-2.291500498,1.099384155,-2,-1.008943677,-1.465471983,-0.0255716797,-0.8995613543,-1.836841995,0,0.5004237876,0.3879872277,0.8685841468,-0.09996557981,-0.3306505382,-0.03605618328,-0.1023217138,-0.4912824212,-0.0007297737566,0.7335286809,0,0,0,1,0,0,0
18.79037237,16.7703104,rate,aggressive,-2.111116171,0.7536309958,-1.686407566,-2.300412208,1.080819456,-2,-1.008943677,-1.465471983,-0.0255716797,-0.8809449337,-1.872198425,0,0.4911471192,0.4271580363,0.5233428034,-0.09996557981,-0.3306505382,-0.03605618328,-0.1280280401,-0.06549785101,-0.004970004238,0.7359766338,0,0,0,1,0,0,0
18.80036521,16.78030324,rate,aggressive,-2.127892256,0.7072374821,-1.687536716,-2.309122196,1.061937052,-2,-0.9697217941,-1.537704825,-0.02113096975,-0.8622895643,-1.906887154,0,0.5062503134,0.3850763483,1.12495367,-0.09552525729,-0.3404686749,-0.03334007785,-0.08308067889,-0.743681223,0.003547124025,0.7315105403,0,0,0,1,0,0,0
18.8104887,16.79042673,rate,aggressive,-2.127892256,0.7072374821,-1.687536716,-2.317755614,1.042457461,-2,-0.9697217941,-1.537704825,-0.02113096975,-0.8433191694,-1.941400297,0,0.496038136,0.4235494957,0.6610138314,-0.09552525729,-0.3404686749,-0.03334007785,-0.1175887553,-0.269108753,-0.00213437733,0.7338823453,0,0,0,1,0,0,0
18.82036877,16.8003068,rate,aggressive,-2.138517141,0.675562501,-1.688207269,-2.325995922,1.023112462,-2,-0.9434771538,-1.584517598,-0.01824284159,-0.8247374156,-1.974462075,0,0.5031440906,0.4080301726,0.977281001,-0.09295491874,-0.3525573313,-0.03178559244,-0.09509435032,-0.5821506535,0.002362507513,0.7317098647,0,0,0,1,0,0,0
18.83043933,16.81037736,rate,aggressive,-2.138517141,0.675562501,-1.688207269,-2.334205842,1.00306152,-2,-0.9434771538,-1.584517598,-0.01824284159,-0.8057302902,-2.007518613,0,0.4927112567,0.4452379791,0.5792476714,-0.09295491874,-0.3525573313,-0.03178559244,-0.1326573526,-0.1517833221,-0.004542095605,0.7339847956,0,0,0,1,0,0,0
18.84036088,16.82029891,rate,aggressive,-2.153587103,0.626969099,-1.689113975,-2.342106772,0.982984929,-2,-0.9036988616,-1.652669549,-0.01455284189,-0.7869396748,-2.039441011,0,0.5088585833,0.4042729982,1.203376607,-0.08719859272,-0.4304723144,-0.02874242514,-0.07451664494,-0.8203719723,0.006947062826,0.7295801175,0,0,0,1,0,0,0
18.85035658,16.83029461,rate,aggressive,-2.153587103,0.626969099,-1.689113975,-2.349877905,0.9624412882,-2,-0.9036988616,-1.652669549,-0.01455284189,-0.7679451819,-2.070944211,0,0.4977165756,0.4399937948,0.7443271796,-0.08719859272,-0.4304723144,-0.02874242514,-0.12117748,-0.3456220523,-0.001294299943,0.731726099,0,0,0,1,0,0,0
18.86036706,16.84030509,rate,aggressive,-2.162843943,0.5937302709,-1.689644217,-2.357469933,0.9415550244,-2,-0.8767805099,-1.696458817,-0.0121877538,-0.7488603125,-2.101822115,0,0.5051554681,0.4252428972,1.036951042,-0.0880561024,-0.4077229202,-0.02725583129,-0.08915561703,-0.6394925504,0.005366090033,0.729568739,0,0,0,1,0,0,0
18.87043405,16.85037208,rate,aggressive,-2.162843943,0.5937302709,-1.689644217,-2.364911836,0.9202425903,-2,-0.8767805099,-1.696458817,-0.0121877538,-0.7296064194,-2.132186104,0,0.4937230397,0.4600728459,0.6323880893,-0.0880561024,-0.4077229202,-0.02725583129,-0.1386062315,-0.2131787254,-0.003930261718,0.7316382704,0,0,0,1,0,0,0
18.88036275,16.86030078,rate,aggressive,-2.176030874,0.5429853201,-1.690362573,-2.372061368,0.8989269168,-2,-0.8361477852,-1.760235786,-0.009573304094,-0.7105583321,-2.161447314,0,0.5108793507,0.4205175961,1.289532299,-0.08538650721,-0.4626857638,-0.02573230676,-0.06236828197,-0.8766436479,0.01079347,0.7272483963,0,0,0,1,0,0,0
18.89037251,16.87031054,rate,aggressive,-2.176030874,0.5429853201,-1.690362573,-2.379077538,0.8771465995,-2,-0.8361477852,-1.760235786,-0.009573304094,-0.6912972981,-2.190248582,0,0.4987655209,0.4538549505,0.8373046752,-0.08538650721,-0.4626857638,-0.02573230676,-0.122189087,-0.4077386335,0.0001721520611,0.7291949647,0,0,0,1,0,0,0
18.90035129,16.88028932,rate,aggressive,-2.18418479,0.5084946156,-1.690782189,-2.3858798,0.855150294,-2,-0.8089690208,-1.800900578,-0.007628011983,-0.6720400589,-2.21825297,0,0.5064254051,0.43930712,1.102938491,-0.08565564454,-0.4890757501,-0.02341946587,-0.0856138275,-0.6942451219,0.00725767257,0.7270881472,0,0,0,1,0,0,0
18.91047692,16.89041495,rate,aggressive,-2.18418479,0.5084946156,-1.690782189,-2.392585469,0.8325482798,-2,-0.8089690208,-1.800900578,-0.007628011983,-0.6524439963,-2.245937954,0,0.4940215326,0.4718225676,0.6979839182,-0.08565564454,-0.4890757501,-0.02341946587,-0.146550587,-0.2741501784,-0.003832634248,0.7289603463,0,0,0,1,0,0,0
18.92035484,16.90029287,rate,aggressive,-2.195458889,0.4558484852,-1.691319585,-2.398935626,0.8102326565,-2,-0.7678066492,-1.859153509,-0.005008462816,-0.6332751136,-2.272226806,0,0.512127447,0.4344575551,1.282637123,-0.08300212026,-0.5473803878,-0.02166713774,-0.05135216475,-0.9186658638,0.0138362913,0.72495853,0,0,0,1,0,0,0
18.93054605,16.91048408,rate,aggressive,-2.195458889,0.4558484852,-1.691319585,-2.405288463,0.7869409113,-2,-0.7678066492,-1.859153509,-0.005008462816,-0.6134458429,-2.298596478,0,0.4989331051,0.465792299,0.8487827632,-0.08300212026,-0.5473803878,-0.02166713774,-0.1245326844,-0.456922684,0.001473159501,0.7267217491,0,0,0,1,0,0,0
18.94036102,16.92029905,rate,aggressive,-2.202513218,0.4202531278,-1.691631436,-2.4112155,0.7642586044,-2,-0.7404937744,-1.895747066,-0.003028120846,-0.5942997976,-2.323261601,0,0.5069394258,0.4518301961,1.078572462,-0.08525568247,-0.5430160165,-0.01911464147,-0.08157930693,-0.7385736534,0.00919704696,0.7248257973,0,0,0,1,0,0,0
18.95080757,16.9307456,rate,aggressive,-2.202513218,0.4202531278,-1.691631436,-2.41731722,0.7398548595,-2,-0.7404937744,-1.895747066,-0.003028120846,-0.5738708391,-2.348717077,0,0.4933327451,0.4826532955,0.6939866311,-0.08525568247,-0.5430160165,-0.01911464147,-0.1548422166,-0.3246886781,-0.003213483243,0.7265323687,0,0,0,1,0,0,0
18.96036029,16.94029832,rate,aggressive,-2.211928844,0.3659314811,-1.692034483,-2.42270984,0.7173099635,-2,-0.6990200877,-1.947868705,0.0003111052793,-0.5551453828,-2.371267844,0,0.5125799699,0.4471765409,1.247225168,-0.08536780626,-0.5561696291,-0.01744042337,-0.0366024672,-0.9786937573,0.01678273126,0.7230882289,0,0,0,1,0,0,0
18.97041559,16.95035362,rate,aggressive,-2.211928844,0.3659314811,-1.692034483,-2.428192712,0.6933499574,-2,-0.6990200877,-1.947868705,0.0003111052793,-0.5353904424,-2.394247546,0,0.4988142726,0.4754248913,0.8486263043,-0.08536780626,-0.5561696291,-0.01744042337,-0.1233692272,-0.5223482762,0.003179975108,0.7246162068,0,0,0,1,0,0,0
18.98036313,16.96030116,rate,aggressive,-2.217656136,0.3292788267,-1.692228794,-2.433421145,0.6694232164,-2,-0.671425879,-1.980339408,0.003327430692,-0.51580407,-2.416209239,0,0.5069278652,0.4628301294,1.048777563,-0.08265309036,-0.6057437062,-0.01508503873,-0.07225760769,-0.781291476,0.0114173218,0.7232300508,0,0,0,1,0,0,0
18.99037361,16.97031164,rate,aggressive,-2.217656136,0.3292788267,-1.692228794,-2.438485763,0.6451284378,-2,-0.671425879,-1.980339408,0.003327430692,-0.4960520333,-2.437527872,0,0.4932036255,0.489681886,0.7063765217,-0.08265309036,-0.6057437062,-0.01508503873,-0.1570873023,-0.3797030609,-0.001821076839,0.7246584862,0,0,0,1,0,0,0
19.00036073,16.98029876,rate,aggressive,-2.222909927,0.2922804654,-1.692373514,-2.443341321,0.6206816368,-2,-0.6437166333,-2.011060715,0.006094177254,-0.4763059744,-2.458008127,0,0.5010702383,0.4773106501,0.8565476221,-0.08107432723,-0.6325768828,-0.01496497262,-0.09897253199,-0.664160424,0.008001681291,0.7232975748,0,0,0,1,0,0,0
19.01036263,16.99030066,rate,aggressive,-2.222909927,0.2922804654,-1.692373514,-2.448006229,0.5959976329,-2,-0.6437166333,-2.011060715,0.006094177254,-0.4564921235,-2.477722604,0,0.4873874408,0.502855322,0.5992981152,-0.08107432723,-0.6325768828,-0.01496497262,-0.1844616323,-0.2971852605,-0.005141121573,0.7246333206,0,0,0,1,0,0,0
19.02035832,17.00029635,rate,aggressive,-2.229883671,0.2361994535,-1.692508221,-2.452470067,0.571135934,-2,-0.6019954085,-2.053516865,0.01078022085,-0.436653597,-2.496622545,0,0.5062394136,0.473071635,0.9185627623,-0.08296102285,-0.6419016123,-0.01205422916,-0.04808996852,-0.8812317109,0.01559775793,0.722298632,0,0,0,1,0,0,0
19.03049946,17.01043749,rate,aggressive,-2.229883671,0.2361994535,-1.692508221,-2.45679602,0.5457236041,-2,-0.6019954085,-2.053516865,0.01078022085,-0.4164903188,-2.514971535,0,0.4917780073,0.4974623246,0.6270087472,-0.08296102285,-0.6419016123,-0.01205422916,-0.1495439836,-0.4730356055,0.001776313136,0.7235405874,0,0,0,1,0,0,0
19.04035282,17.02029085,rate,aggressive,-2.235865355,0.1795605719,-1.692523956,-2.460803194,0.5208581445,-2,-0.5602658391,-2.091845274,0.0151484739,-0.3968659596,-2.531997237,0,0.5114905493,0.4697475362,1.027956694,-0.09228935838,-0.5808811188,-0.01051568147,-0.008111372757,-1.019979569,0.01964481851,0.7214538756,0,0,0,1,0,0,0
19.05068254,17.03062057,rate,aggressive,-2.235865355,0.1795605719,-1.692523956,-2.464796308,0.494614788,-2,-0.5602658391,-2.091845274,0.0151484739,-0.3762593787,-2.548990805,0,0.4961955844,0.4930211867,0.7028681894,-0.09228935838,-0.5808811188,-0.01051568147,-0.1225041991,-0.5917965922,0.00596970219,0.7226165761,0,0,0,1,0,0,0
19.06035471,17.04029274,rate,aggressive,-2.239259005,0.1415283233,-1.6924721,-2.468342119,0.4698868159,-2,-0.5321215987,-2.115515947,0.01767103188,-0.3569350347,-2.564103873,0,0.5048482763,0.4819063443,0.9033237912,-0.09600915015,-0.5871855021,-0.009850014001,-0.05224924515,-0.8407009769,0.01397929358,0.7216112274,0,0,0,1,0,0,0
19.0704186,17.05035663,rate,aggressive,-2.239259005,0.1415283233,-1.6924721,-2.471832975,0.4440062812,-2,-0.5321215987,-2.115515947,0.01767103188,-0.3367993654,-2.579003933,0,0.4900581352,0.503273438,0.6372000895,-0.09600915015,-0.5871855021,-0.009850014001,-0.1618998021,-0.4674156713,0.001117961109,0.7226726769,0,0,0,1,0,0,0
19.08035421,17.06029224,rate,aggressive,-2.243684053,0.08419597149,-1.692289233,-2.475080416,0.4183126467,-2,-0.4900710583,-2.147869587,0.02116268314,-0.3168932239,-2.59288393,0,0.5097687176,0.4779918276,0.9527197446,-0.07883320749,-0.726011157,-0.007376108319,-0.006817705523,-0.9857261443,0.01767873972,0.720878109,0,0,0,1,0,0,0
19.09035659,17.07029462,rate,aggressive,-2.243684053,0.08419597149,-1.692289233,-2.478149771,0.3923112544,-2,-0.4900710583,-2.147869587,0.02116268314,-0.2968277425,-2.606019511,0,0.4945655832,0.4976868402,0.6707779261,-0.07883320749,-0.726011157,-0.007376108319,-0.1300227367,-0.5903965083,0.005422462646,0.7218420649,0,0,0,1,0,0,0
19.10034776,17.08028579,rate,aggressive,-2.246046782,0.04580799863,-1.692124724,-2.4810152,0.3662120361,-2,-0.461920917,-2.166867256,0.02294955961,-0.2767607259,-2.618297067,0,0.5026490724,0.4884668392,0.716524296,-0.07549730688,-0.7455589175,-0.005644871853,-0.06111559596,-0.7949597842,0.01226981421,0.7210040616,0,0,0,1,0,0,0
19.11040831,17.09034634,rate,aggressive,-2.246046782,0.04580799863,-1.692124724,-2.483697825,0.3398119251,-2,-0.461920917,-2.166867256,0.02294955961,-0.256531754,-2.629804223,0,0.4875484722,0.5069733977,0.5248227678,-0.07549730688,-0.7455589175,-0.005644871853,-0.1788683265,-0.4528309973,0.001145336866,0.7219031724,0,0,0,1,0,0,0
19.12034988,17.10028791,rate,aggressive,-2.248701334,-0.01188706979,-1.69183445,-2.486148705,0.3136145101,-2,-0.4197698236,-2.191491365,0.02555864491,-0.2365213333,-2.640328169,0,0.5072460337,0.485476807,0.67338646,-0.06996427476,-0.748456955,-0.004226861522,-0.008249368972,-0.9264073955,0.01617064246,0.7204067376,0,0,0,1,0,0,0
19.13042808,17.11036611,rate,aggressive,-2.248701334,-0.01188706979,-1.69183445,-2.48843011,0.2869546342,-2,-0.4197698236,-2.191491365,0.02555864491,-0.2162166166,-2.650133733,0,0.4916729162,0.5024340491,0.4725494042,-0.06996427476,-0.748456955,-0.004226861522,-0.1419007079,-0.5627742404,0.00597675418,0.7212266291,0,0,0,1,0,0,0
19.14035702,17.12029505,rate,aggressive,-2.250030041,-0.05040400103,-1.69158411,-2.49047753,0.2605971844,-2,-0.3918678164,-2.2050457,0.02833716758,-0.1961951934,-2.658941276,0,0.4996569759,0.4950878348,0.4680948626,-0.06698168069,-0.7647137642,-0.003249851754,-0.06636903358,-0.7536480783,0.01203463696,0.7209339857,0,0,0,1,0,0,0
19.15037584,17.13031387,rate,aggressive,-2.250030041,-0.05040400103,-1.69158411,-2.492341905,0.2339167849,-2,-0.3918678164,-2.2050457,0.02833716758,-0.175976647,-2.666967701,0,0.4844313264,0.5106700765,0.4285734982,-0.06698168069,-0.7647137642,-0.003249851754,-0.1936636823,-0.4398800617,0.002956609218,0.721693585,0,0,0,1,0,0,0
19.16035533,17.14029336,rate,aggressive,-2.250947475,-0.1080583483,-1.691162348,-2.493997513,0.20726551,-2,-0.3496780396,-2.22157979,0.03199888021,-0.1558232633,-2.674100385,0,0.5038681887,0.4933340563,0.3902579325,-0.06212380901,-0.7804428339,-0.0007170502795,-0.006363517086,-0.8637114911,0.01528270283,0.7209543694,0,0,0,1,0,0,0
19.17042255,17.15036058,rate,aggressive,-2.250947475,-0.1080583483,-1.691162348,-2.49546383,0.1803121853,-2,-0.3496780396,-2.22157979,0.03199888021,-0.135479963,-2.680421525,0,0.4881869599,0.50738593,0.3683496304,-0.06212380901,-0.7804428339,-0.0007170502795,-0.1512494021,-0.5322825846,0.007608838467,0.7216537949,0,0,0,1,0,0,0
19.18035626,17.16029429,rate,aggressive,-2.251070738,-0.1463882178,-1.690809131,-2.496709901,0.1536582499,-2,-0.3218947053,-2.229708433,0.03502095118,-0.1153955526,-2.685796124,0,0.4959490648,0.5018808116,0.314559193,-0.05737087131,-0.7852162719,6.823289004e-05,-0.06910859895,-0.6993144336,0.01226378044,0.7217035681,0,0,0,1,0,0,0
19.19045615,17.17039418,rate,aggressive,-2.251070738,-0.1463882178,-1.690809131,-2.497772221,0.1265081128,-2,-0.3218947053,-2.229708433,0.03502095118,-0.09496570964,-2.690380282,0,0.4805549111,0.5147249635,0.5050102427,-0.05737087131,-0.7852162719,6.823289004e-05,-0.207076448,-0.415510582,0.005751543893,0.7223648181,0,0,0,1,0,0,0
19.20035958,17.18029761,rate,aggressive,-2.25053072,-0.2036559582,-1.690178156,-2.49861348,0.0998454287,-2,-0.2804439068,-2.237841606,0.03890573606,-0.07492562588,-2.694011894,0,0.4996475986,0.5018393683,0.3264461056,-0.06959994137,-0.7135851979,0.0004259567067,-0.009619307961,-0.7989199579,0.01391849317,0.7221743828,0,0,0,1,0,0,0
19.21059465,17.19053268,rate,aggressive,-2.25053072,-0.2036559582,-1.690178156,-2.499274332,0.07225664109,-2,-0.2804439068,-2.237841606,0.03890573606,-0.05420821569,-2.696865567,0,0.4837258748,0.5132243575,0.5059313625,-0.06959994137,-0.7135851979,0.0004259567067,-0.1653530368,-0.5005637743,0.009364271691,0.7228028929,0,0,0,1,0,0,0
19.22036004,17.20029807,rate,aggressive,-2.249490738,-0.2415494472,-1.689707041,-2.499707163,0.04591089996,-2,-0.2524841428,-2.240730286,0.04151483625,-0.03443720877,-2.698735017,0,0.4914503342,0.50895607,0.4120576174,-0.07641381025,-0.6825664043,0.002717650961,-0.06847241556,-0.6630044299,0.01210861504,0.7229948906,0,0,0,1,0,0,0
19.23061228,17.21055031,rate,aggressive,-2.249490738,-0.2415494472,-1.689707041,-2.499953807,0.01823658119,-2,-0.2524841428,-2.240730286,0.04151483625,-0.01367768862,-2.699800449,0,0.4759225254,0.5191314082,0.6484440052,-0.07641381025,-0.6825664043,0.002717650961,-0.217717476,-0.4085951757,0.008545565867,0.7236053928,0,0,0,1,0,0,0
19.24036384,17.22030187,rate,aggressive,-2.24728179,-0.2980707884,-1.688959599,-2.499990905,-0.00809213769,-2,-0.210678339,-2.241544247,0.04472193867,0.006069125347,-2.69996071,0,0.4946672075,0.5090433862,0.4291086644,-0.07382781804,-0.6901665926,0.003302675439,0.003483640547,-0.764066874,0.01209882429,0.7235991373,0,0,0,1,0,0,0
19.25035357,17.2302916,rate,aggressive,-2.24728179,-0.2980707884,-1.688959599,-2.499829236,-0.03506127737,-2,-0.210678339,-2.241544247,0.04472193867,0.02629775432,-2.699262323,0,0.4792706403,0.5173621153,0.601309923,-0.07382781804,-0.6901665926,0.003302675439,-0.1641563309,-0.4971956718,0.01089593442,0.7241773577,0,0,0,1,0,0,0
19.26037145,17.24030948,rate,aggressive,-2.245246887,-0.3354216516,-1.688426018,-2.499464187,-0.06209497594,-2,-0.1828969866,-2.239695311,0.04712887481,0.04658121548,-2.697685536,0,0.4862224322,0.5144282486,0.5439679067,-0.07306905091,-0.6882680655,0.005263938103,-0.07018885792,-0.6288419777,0.01114169221,0.7245534466,0,0,0,1,0,0,0
19.27049065,17.25042868,rate,aggressive,-2.245246887,-0.3354216516,-1.688426018,-2.498889174,-0.08938158496,-2,-0.1828969866,-2.239695311,0.04712887481,0.06706598819,-2.695202297,0,0.4711140736,0.5217175808,0.7501032492,-0.07306905091,-0.6882680655,0.005263938103,-0.2282862316,-0.4061732285,0.01097523232,0.7251366117,0,0,0,1,0,0,0
19.28032088,17.26025891,rate,aggressive,-2.241358042,-0.3908564746,-1.687559366,-2.49813211,-0.1158606863,-2,-0.1411368698,-2.233200073,0.05006241426,0.08696048773,-2.691933732,0,0.4890549618,0.514753552,0.5880060806,-0.06882499903,-0.673833549,0.004642482847,0.005729002444,-0.710009888,0.009211818809,0.7253827771,0,0,0,1,0,0,0
19.29050565,17.27044368,rate,aggressive,-2.241358042,-0.3908564746,-1.687559366,-2.497141504,-0.1432563938,-2,-0.1411368698,-2.233200073,0.05006241426,0.1075652853,-2.687658357,0,0.4736561297,0.5204722266,0.7297018295,-0.06882499903,-0.673833549,0.004642482847,-0.1726492201,-0.478993568,0.01205646573,0.7259728374,0,0,0,1,0,0,0
19.300354,17.28029203,rate,aggressive,-2.238340139,-0.4274866581,-1.686928153,-2.495984087,-0.169701516,-2,-0.113421075,-2.226592541,0.05185668916,0.1274809179,-2.68266519,0,0.4804659869,0.5183870637,0.6738743792,-0.07624747604,-0.6413986683,0.006110813934,-0.07024305883,-0.6004777997,0.009979752981,0.7263962959,0,0,0,1,0,0,0
19.31061745,17.29055548,rate,aggressive,-2.238340139,-0.4274866581,-1.686928153,-2.49456923,-0.1972043727,-2,-0.113421075,-2.226592541,0.05185668916,0.1482252705,-2.676564554,0,0.4655075283,0.5230896089,0.846328965,-0.07624747604,-0.6413986683,0.006110813934,-0.23854358,-0.40887862,0.01365562648,0.7270054379,0,0,0,1,0,0,0
19.32034993,17.30028796,rate,aggressive,-2.232806444,-0.4815040529,-1.685950875,-2.493030951,-0.2232224043,-2,-0.07172612101,-2.213120222,0.05416873097,0.1678848021,-2.669935673,0,0.4827556907,0.5186790933,0.659618728,-0.09017926455,-0.5945631862,0.007808877155,0.01542220489,-0.6784162982,0.005581936771,0.7273596372,0,0,0,1,0,0,0
19.33039141,17.31032944,rate,aggressive,-2.232806444,-0.4815040529,-1.685950875,-2.491243357,-0.249994576,-2,-0.07172612101,-2.213120222,0.05416873097,0.1881549744,-2.662237553,0,0.467988385,0.5217075922,0.757021511,-0.09017926455,-0.5945631862,0.007808877155,-0.1735072318,-0.4811790542,0.01265694533,0.7279800474,0,0,0,1,0,0,0
19.34035134,17.32028937,rate,aggressive,-2.228826523,-0.5172251463,-1.685247183,-2.489269283,-0.2764686975,-2,-0.04413569346,-2.202259064,0.05604524165,0.208245372,-2.653742789,0,0.4741976747,0.5202641885,0.6716248574,-0.09147803485,-0.5906015635,0.008128134534,-0.06751353853,-0.5875684191,0.007894255828,0.7286178839,0,0,0,1,0,0,0
19.3503952,17.33033323,rate,aggressive,-2.228826523,-0.5172251463,-1.685247183,-2.487076023,-0.3030758848,-2,-0.04413569346,-2.202259064,0.05604524165,0.2284881036,-2.644312732,0,0.4600239629,0.522375583,0.8061974049,-0.09147803485,-0.5906015635,0.008128134534,-0.2437988524,-0.4272437473,0.01549489235,0.7292691527,0,0,0,1,0,0,0
19.36034822,17.34028625,rate,aggressive,-2.221858263,-0.5697649121,-1.684171081,-2.484702124,-0.3293447429,-2,-0.002466839505,-2.182499647,0.05893241242,0.2485293456,-2.634115375,0,0.4760637138,0.5200277686,0.6360706285,-0.1106348187,-0.5587610602,0.00847819075,0.01933759049,-0.6498599391,0.001305056252,0.729996377,0,0,0,1,0,0,0
19.37037468,17.35031271,rate,aggressive,-2.221858263,-0.5697649121,-1.684171081,-2.482109127,-0.3557005132,-2,-0.002466839505,-2.182499647,0.05893241242,0.2686982837,-2.622987981,0,0.4618462791,0.5206088029,0.6816236945,-0.1106348187,-0.5587610602,0.00847819075,-0.1775796229,-0.488391467,0.0128282892,0.7306901236,0,0,0,1,0,0,0
19.38035226,17.36029029,rate,aggressive,-2.216725349,-0.6042351723,-1.683438659,-2.47932813,-0.3818128126,-2,0.02544477955,-2.167439938,0.06056635827,0.2887471872,-2.611066733,0,0.4675927816,0.5194238875,0.5955474804,-0.1093349084,-0.5585607886,0.00944845099,-0.05855387787,-0.5784335976,0.004943707002,0.7313905225,0,0,0,1,0,0,0
19.39033818,17.37027621,rate,aggressive,-2.216725349,-0.6042351723,-1.683438659,-2.476344632,-0.407823644,-2,0.02544477955,-2.167439938,0.06056635827,0.3087895451,-2.598292285,0,0.4540823088,0.5192169921,0.6878360884,-0.1093349084,-0.5585607886,0.00944845099,-0.2431468486,-0.4500843079,0.01678612801,0.7321268695,0,0,0,1,0,0,0
19.40035629,17.38029432,rate,aggressive,-2.208312988,-0.6550605893,-1.682321072,-2.473150531,-0.4337859067,-2,0.06727159768,-2.141638994,0.06243520975,0.3288714394,-2.584633148,0,0.469064293,0.5182436232,0.6037036129,-0.09833595902,-0.5760571361,0.01050713751,0.02969423592,-0.6277255557,-0.003781380565,0.7327355353,0,0,0,1,0,0,0
19.41066241,17.39060044,rate,aggressive,-2.208312988,-0.6550605893,-1.682321072,-2.469654803,-0.4603472787,-2,0.06727159768,-2.141638994,0.06243520975,0.3495027509,-2.569704349,0,0.4551183574,0.516519629,0.5864718745,-0.09833595902,-0.5760571361,0.01050713751,-0.1772109914,-0.5008010553,0.01268300955,0.733557483,0,0,0,1,0,0,0
19.42034745,17.40028548,rate,aggressive,-2.202056408,-0.6881194115,-1.681605697,-2.466176079,-0.4851637555,-2,0.09530194849,-2.122142792,0.06351999193,0.3688633789,-2.554869128,0,0.4607875123,0.5158708442,0.5612520416,-0.1015203148,-0.566334486,0.01055474859,-0.04306900561,-0.5700314546,0.001055032966,0.7341711496,0,0,0,1,0,0,0
19.43038821,17.41032624,rate,aggressive,-2.202056408,-0.6881194115,-1.681605697,-2.462371766,-0.5107359504,-2,0.09530194849,-2.122142792,0.06351999193,0.3889054936,-2.538669352,0,0.4478882786,0.5135486404,0.6070009953,-0.1015203148,-0.566334486,0.01055474859,-0.2380860951,-0.471886006,0.01768136748,0.7350301134,0,0,0,1,0,0,0
19.44035983,17.42029786,rate,aggressive,-2.192051411,-0.736833334,-1.68051672,-2.45839464,-0.5359669658,-2,0.1375517845,-2.09009552,0.06492810696,0.4087781695,-2.521760435,0,0.4619042976,0.5139202371,0.5990634911,-0.1124705449,-0.5475976467,0.01188082993,0.05409730878,-0.605714817,-0.01038949751,0.7355578944,0,0,0,1,0,0,0
19.45061517,17.4305532,rate,aggressive,-2.192051411,-0.736833334,-1.68051672,-2.454097828,-0.5617356849,-2,0.1375517845,-2.09009552,0.06492810696,0.4291819165,-2.503523075,0,0.448772858,0.51008444,0.4952417809,-0.1124705449,-0.5475976467,0.01188082993,-0.164075956,-0.5118653221,0.01141498922,0.7365135634,0,0,0,1,0,0,0
19.4603579,17.44029593,rate,aggressive,-2.184866667,-0.7685422301,-1.679788709,-2.449822133,-0.5860392242,-2,0.1657334715,-2.06664896,0.06559433043,0.4485319691,-2.485407011,0,0.4539207172,0.5095448081,0.5122932331,-0.1175314263,-0.5493555665,0.01139231119,-0.02508737937,-0.5617148936,-0.003635944468,0.7371018739,0,0,0,1,0,0,0
19.47043967,17.4503777,rate,aggressive,-2.184866667,-0.7685422301,-1.679788709,-2.445199354,-0.6109986512,-2,0.1657334715,-2.06664896,0.06559433043,0.468519047,-2.465855896,0,0.4417333565,0.5053196005,0.4866457948,-0.1175314263,-0.5493555665,0.01139231119,-0.229640333,-0.4937780759,0.01798456106,0.7381132759,0,0,0,1,0,0,0
19.48034859,17.46028662,rate,aggressive,-2.173297644,-0.8148809671,-1.678658724,-2.440459666,-0.6353341269,-2,0.2083087116,-2.028363466,0.06598182023,0.488125866,-2.445848682,0,0.4548327493,0.506897569,0.6330027728,-0.09516242892,-0.5640109777,0.01182459015,0.07979579806,-0.5778935419,-0.01814193426,0.7383779377,0,0,0,1,0,0,0
19.49038267,17.4703207,rate,aggressive,-2.173297644,-0.8148809671,-1.678658724,-2.435462324,-0.6597710204,-2,0.2083087116,-2.028363466,0.06598182023,0.5079407927,-2.424795895,0,0.4427749211,0.5012899907,0.420497637,-0.09516242892,-0.5640109777,0.01182459015,-0.1481619478,-0.5167269875,0.0092203897,0.7394759852,0,0,0,1,0,0,0
19.50036311,17.48030114,rate,aggressive,-2.165155411,-0.8451038599,-1.677885294,-2.430294669,-0.6838637866,-2,0.2366844714,-2.000916719,0.06591209769,0.5276086955,-2.403071002,0,0.4472751629,0.5007088734,0.5348964007,-0.0885463357,-0.5665243268,0.01199980453,-0.01389340015,-0.5413841288,-0.008211264896,0.7399553836,0,0,0,1,0,0,0
19.51037455,17.49031258,rate,aggressive,-2.165155411,-0.8451038599,-1.677885294,-2.424913969,-0.7078096362,-2,0.2366844714,-2.000916719,0.06591209769,0.5472949081,-2.380499503,0,0.4359840552,0.4948801241,0.425163964,-0.0885463357,-0.5665243268,0.01199980453,-0.2259847954,-0.5037447639,0.01851365455,0.7411328607,0,0,0,1,0,0,0
19.52036667,17.5003047,rate,aggressive,-2.151980639,-0.8888222575,-1.676746964,-2.419347351,-0.7314801153,-2,0.2793915868,-1.956141472,0.06525533646,0.5668988438,-2.357200748,0,0.4480335186,0.4977622168,0.7185544131,-0.08412406594,-0.5579969287,0.01399282366,0.09210250081,-0.5334452618,-0.02531470205,0.7410660619,0,0,0,1,0,0,0
19.53037524,17.51031327,rate,aggressive,-2.151980639,-0.8888222575,-1.676746964,-2.413575428,-0.7549523563,-2,0.2793915868,-1.956141472,0.06525533646,0.5864890947,-2.333099245,0,0.4368586836,0.4905754791,0.4358042263,-0.08412406594,-0.5579969287,0.01399282366,-0.1441995295,-0.5065846476,0.007761948576,0.7423467114,0,0,0,1,0,0,0
19.54036379,17.52030182,rate,aggressive,-2.142752171,-0.9171401858,-1.675989509,-2.407619808,-0.7781333517,-2,0.3077352047,-1.92434895,0.0648298189,0.6059927026,-2.308291034,0,0.4409768293,0.4904813595,0.6120327881,-0.08430431783,-0.5520843863,0.0130268028,-0.003217908575,-0.5066916038,-0.01336807617,0.7427193582,0,0,0,1,0,0,0
19.55039859,17.53033662,rate,aggressive,-2.142752171,-0.9171401858,-1.675989509,-2.401440688,-0.8011683971,-2,0.3077352047,-1.92434895,0.0648298189,0.6255373086,-2.282616614,0,0.4305252644,0.4832771476,0.4255861654,-0.08430431783,-0.5520843863,0.0130268028,-0.2234168638,-0.5005726295,0.01875392692,0.7440954654,0,0,0,1,0,0,0
19.56036282,17.54030085,rate,aggressive,-2.128214359,-0.9583405852,-1.674862027,-2.395111212,-0.8237828304,-2,0.3500341773,-1.873805404,0.06413463503,0.644893982,-2.256385869,0,0.4416496585,0.4872610882,0.823647005,-0.09338565916,-0.54122895,0.01303033344,0.1058795783,-0.487271604,-0.03294644864,0.7439172332,0,0,0,1,0,0,0
19.57043028,17.55036831,rate,aggressive,-2.128214359,-0.9583405852,-1.674862027,-2.38852054,-0.8463624124,-2,0.3500341773,-1.873805404,0.06413463503,0.6643985248,-2.22914624,0,0.4312923838,0.4787539081,0.4771517288,-0.09338565916,-0.54122895,0.01303033344,-0.1390005531,-0.4937225149,0.006093005222,0.7454145432,0,0,0,1,0,0,0
19.58037734,17.56031537,rate,aggressive,-2.117916584,-0.9846621156,-1.674150348,-2.381816102,-0.8683990233,-2,0.3784361184,-1.837798476,0.06353405863,0.6836162401,-2.201513425,0,0.4351299327,0.4790198822,0.710894309,-0.08218440413,-0.5343099833,0.01198364981,0.01220504831,-0.4697463374,-0.01944479497,0.7456679878,0,0,0,1,0,0,0
19.59045601,17.57039404,rate,aggressive,-2.117916584,-0.9846621156,-1.674150348,-2.374828269,-0.8904432316,-2,0.3784361184,-1.837798476,0.06353405863,0.7030323334,-2.172795241,0,0.425510056,0.4707675771,0.4418486794,-0.08218440413,-0.5343099833,0.01198364981,-0.2165135518,-0.494132372,0.01833654885,0.7472687355,0,0,0,1,0,0,0
19.60035682,17.58029485,rate,aggressive,-2.10199523,-1.023179173,-1.673063874,-2.367773491,-0.9118131215,-2,0.420768261,-1.781513095,0.06229909509,0.7220494736,-2.143887528,0,0.4358069666,0.4753596283,0.9366143728,-0.07208336145,-0.5222275853,0.01128138416,0.1243412372,-0.4382046459,-0.04186491689,0.7467615791,0,0,0,1,0,0,0
19.61060786,17.59054589,rate,aggressive,-2.10199523,-1.023179173,-1.673063874,-2.360271065,-0.9336337435,-2,0.420768261,-1.781513095,0.06229909509,0.7416789092,-2.113239889,0,0.4261596197,0.4657332789,0.5368090132,-0.07208336145,-0.5222275853,0.01128138416,-0.1308859508,-0.4775851548,0.003610551965,0.7485162463,0,0,0,1,0,0,0
19.62035799,17.60029602,rate,aggressive,-2.090791464,-1.047609687,-1.672378898,-2.352948821,-0.9540932639,-2,0.4489254653,-1.741722703,0.06131825224,0.7602905996,-2.083422084,0,0.429892298,0.4663331879,0.8059251124,-0.07364375889,-0.5138100982,0.01039684843,0.02796493426,-0.4330756431,-0.02621990369,0.7485786243,0,0,0,1,0,0,0
19.6305263,17.61046433,rate,aggressive,-2.090791464,-1.047609687,-1.672378898,-2.345119527,-0.9751171656,-2,0.4489254653,-1.741722703,0.06131825224,0.7796381654,-2.051641953,0,0.4210386156,0.4573628315,0.4872519429,-0.07364375889,-0.5138100982,0.01039684843,-0.210242858,-0.486577109,0.01758535295,0.7504274373,0,0,0,1,0,0,0
19.64035487,17.6202929,rate,aggressive,-2.073369265,-1.082918048,-1.671393752,-2.337365152,-0.9951282199,-2,0.4910614491,-1.679580808,0.05915040523,0.7982772443,-2.020270337,0,0.4305612019,0.4625469391,1.045163781,-0.05419165641,-0.4917224646,0.00912299566,0.1433957077,-0.3833252456,-0.05133825932,0.7493894854,0,0,0,1,0,0,0
19.65049148,17.63042951,rate,aggressive,-2.073369265,-1.082918048,-1.671393752,-2.329176177,-1.015440124,-2,0.4910614491,-1.679580808,0.05915040523,0.8174350447,-1.987253277,0,0.4218678855,0.4524166698,0.6130704687,-0.05419165641,-0.4917224646,0.00912299566,-0.1210583206,-0.4544289078,0.0005314107565,0.7513634263,0,0,0,1,0,0,0
19.66036582,17.64030385,rate,aggressive,-2.061263561,-1.105346441,-1.670792222,-2.321012673,-1.034901524,-2,0.5190503001,-1.63620615,0.05752132833,0.8360317805,-1.954454253,0,0.4252174134,0.4528441421,0.890642804,-0.05334655195,-0.4849911034,0.0084169209,0.03384302918,-0.3941216141,-0.03161915712,0.7511732512,0,0,0,1,0,0,0
19.67033434,17.65027237,rate,aggressive,-2.061263561,-1.105346441,-1.670792222,-2.312585377,-1.054216898,-2,0.5190503001,-1.63620615,0.05752132833,0.854738901,-1.920716172,0,0.4173183991,0.443780906,0.546816003,-0.05334655195,-0.4849911034,0.0084169209,-0.2103270877,-0.4747776527,0.01763236329,0.7532231629,0,0,0,1,0,0,0
19.68036366,17.66030169,rate,aggressive,-2.042384148,-1.137266874,-1.669962287,-2.303918838,-1.07330754,-2,0.5609319806,-1.568245292,0.05494664609,0.8734906819,-1.886148297,0,0.4259296687,0.4491930504,1.145879009,-0.04287820682,-0.4650660753,0.006583497394,0.1439286698,-0.3259290205,-0.05768386666,0.7517569439,0,0,0,1,0,0,0
19.69042778,17.67036581,rate,aggressive,-2.042384148,-1.137266874,-1.669962287,-2.29503353,-1.092112826,-2,0.5609319806,-1.568245292,0.05494664609,0.8922360049,-1.850842572,0,0.4180855062,0.4389108263,0.6948120651,-0.04287820682,-0.4650660753,0.006583497394,-0.1259276691,-0.4279435779,-0.0002116810181,0.7539596758,0,0,0,1,0,0,0
19.70036435,17.68030238,rate,aggressive,-2.02938199,-1.157583952,-1.669436812,-2.286076109,-1.110328193,-2,0.5885626674,-1.52159512,0.05346929654,0.9106719391,-1.815388394,0,0.4211852301,0.4392355133,0.9704810415,-0.02628342062,-0.4462913275,0.005419629626,0.02983419678,-0.3523094801,-0.03543055551,0.7536902341,0,0,0,1,0,0,0
19.71034455,17.69028258,rate,aggressive,-2.02938199,-1.157583952,-1.669436812,-2.276895322,-1.128266005,-2,0.5885626674,-1.52159512,0.05346929654,0.9291155101,-1.779193993,0,0.4139980825,0.4303398468,0.6170551298,-0.02628342062,-0.4462913275,0.005419629626,-0.2194383631,-0.4601348244,0.01902047037,0.7559834253,0,0,0,1,0,0,0
19.72036457,17.7003026,rate,aggressive,-2.009061337,-1.185925722,-1.668764353,-2.267493111,-1.145909087,-2,0.6297201514,-1.448599935,0.05072415993,0.9475572502,-1.742277608,0,0.4220253159,0.4357062516,1.21605671,-0.03300675377,-0.4310530126,0.003074904205,0.1413510309,-0.2696938785,-0.06399513579,0.7540975505,0,0,0,1,0,0,0
19.73049617,17.7104342,rate,aggressive,-2.009061337,-1.185925722,-1.668764353,-2.25779871,-1.163369614,-2,0.6297201514,-1.448599935,0.05072415993,0.9661259952,-1.704373932,0,0.4148446852,0.4256314955,0.7614384799,-0.03300675377,-0.4310530126,0.003074904205,-0.1349379215,-0.4019926468,-0.0007585717963,0.7565572464,0,0,0,1,0,0,0
19.74036384,17.72030187,rate,aggressive,-1.995075464,-1.203672409,-1.668352485,-2.248176388,-1.18000342,-2,0.6569513679,-1.398421526,0.04889631271,0.9841338177,-1.666912671,0,0.4178640607,0.4260595026,1.047220231,-0.03494310006,-0.418296963,0.002429977059,0.02938249887,-0.3028120589,-0.04012352923,0.7559697858,0,0,0,1,0,0,0
19.75050926,17.73044729,rate,aggressive,-1.995075464,-1.203672409,-1.668352485,-2.238098352,-1.196717263,-2,0.6569513679,-1.398421526,0.04889631271,1.002567589,-1.627848779,0,0.4112159683,0.4177059802,0.6923369005,-0.03494310006,-0.418296963,0.002429977059,-0.2270156625,-0.4390075989,0.01989146855,0.7585446704,0,0,0,1,0,0,0
19.76036811,17.74030614,rate,aggressive,-1.973443151,-1.228543162,-1.667788029,-2.22812622,-1.212576703,-2,0.6973404288,-1.320889711,0.04588766769,1.020400594,-1.589368136,0,0.418907135,0.4225567571,1.30501319,-0.04525538906,-0.4007872343,0.0003182820801,0.1510086778,-0.2068769729,-0.0724928066,0.7561754811,0,0,0,1,0,0,0
19.77035213,17.75029016,rate,aggressive,-1.973443151,-1.228543162,-1.667788029,-2.217848711,-1.228248322,-2,0.6973404288,-1.320889711,0.04588766769,1.038378133,-1.54988891,0,0.4124305502,0.4133437148,0.84311943,-0.04525538906,-0.4007872343,0.0003182820801,-0.1324614145,-0.3681154049,-0.003266325454,0.7588403999,0,0,0,1,0,0,0
19.78036094,17.76029897,rate,aggressive,-1.95847857,-1.243596673,-1.667466521,-2.207365939,-1.243560708,-2,0.7241780758,-1.267425418,0.04403891042,1.056316167,-1.509809233,0,0.4153594087,0.4135275697,1.138916766,-0.04212354124,-0.380145669,-0.00133561343,0.03246996225,-0.2504970503,-0.04499787763,0.7580421281,0,0,0,1,0,0,0
19.7903986,17.77033663,rate,aggressive,-1.95847857,-1.243596673,-1.667466521,-2.196673068,-1.258511864,-2,0.7241780758,-1.267425418,0.04403891042,1.074219819,-1.469121899,0,0.4093135673,0.4063866609,0.767128432,-0.04212354124,-0.380145669,-0.00133561343,-0.2291525053,-0.4125038193,0.02008565019,0.7608309155,0,0,0,1,0,0,0
19.8003602,17.78029823,rate,aggressive,-1.935449481,-1.264527321,-1.667010546,-2.185883975,-1.272943582,-2,0.7641652822,-1.185289979,0.04075542837,1.091901145,-1.428268682,0,0.4167376224,0.4100127447,1.38657894,-0.02275384031,-0.33837533,-0.003660535673,0.1540448434,-0.145044796,-0.07876615788,0.7579518615,0,0,0,1,0,0,0
19.81054807,17.7904861,rate,aggressive,-1.935449481,-1.264527321,-1.667010546,-2.174668105,-1.287279742,-2,0.7641652822,-1.185289979,0.04075542837,1.10989328,-1.386012701,0,0.4106399876,0.4018438309,0.9024030079,-0.02275384031,-0.33837533,-0.003660535673,-0.1362656713,-0.3358373876,-0.004080521595,0.7609093082,0,0,0,1,0,0,0
19.8203938,17.80033183,rate,aggressive,-1.919660091,-1.277122378,-1.666748643,-2.163655157,-1.30072319,-2,0.7906293869,-1.128960729,0.037957564,1.127192553,-1.344732745,0,0.4136992356,0.4015882275,1.199003512,-0.04256398231,-0.3426561058,-0.005737069994,0.03672716861,-0.2014129909,-0.05021595659,0.7596183818,0,0,0,1,0,0,0
19.8304112,17.81034923,rate,aggressive,-1.919660091,-1.277122378,-1.666748643,-2.152275845,-1.313981734,-2,0.7906293869,-1.128960729,0.037957564,1.144702598,-1.302299693,0,0.4080749536,0.3960492546,0.8219460983,-0.04256398231,-0.3426561058,-0.005737069994,-0.230985178,-0.3884772159,0.01990584585,0.7626296834,0,0,0,1,0,0,0
19.84035754,17.82029557,rate,aggressive,-1.895331383,-1.293948174,-1.666386724,-2.140804155,-1.326723584,-2,0.8299461007,-1.042464614,0.03384737298,1.1619964,-1.259748658,0,0.4154863746,0.3982654913,1.48302127,-0.04169024527,-0.3169550598,-0.008635479957,0.1637394634,-0.077708433,-0.08605328564,0.759042927,0,0,0,1,0,0,0
19.85041761,17.83035564,rate,aggressive,-1.895331383,-1.293948174,-1.666386724,-2.1290268,-1.33917854,-2,0.8299461007,-1.042464614,0.03384737298,1.179393215,-1.21630042,0,0.4098257586,0.391762451,0.9801523325,-0.04169024527,-0.3169550598,-0.008635479957,-0.132379672,-0.2957481332,-0.006230508014,0.762191355,0,0,0,1,0,0,0
19.86037135,17.84030938,rate,aggressive,-1.878735185,-1.304015994,-1.666172862,-2.117202158,-1.351069689,-2,0.8560262322,-0.9838776588,0.03113713861,1.196510998,-1.172918861,0,0.4129420124,0.3906865406,1.28277597,-0.04444216564,-0.2997148037,-0.01003579423,0.04136936169,-0.1513847545,-0.05422082767,0.7607347621,0,0,0,1,0,0,0
19.87046051,17.85039854,rate,aggressive,-1.878735185,-1.304015994,-1.666172862,-2.105043252,-1.362680016,-2,0.8560262322,-0.9838776588,0.03113713861,1.213763673,-1.128562929,0,0.4075504471,0.3871426421,0.8734520427,-0.04444216564,-0.2997148037,-0.01003579423,-0.2315026873,-0.362095927,0.02041471073,0.7639913133,0,0,0,1,0,0,0
19.88036823,17.86030626,rate,aggressive,-1.853247762,-1.316981554,-1.665904999,-2.09293409,-1.373644218,-2,0.8949017525,-0.8941320181,0.02727905288,1.230608705,-1.084642364,0,0.4150658544,0.3869592954,1.557376505,-0.04638356343,-0.2747487128,-0.01285480149,0.1759191671,-0.01841263065,-0.0929889862,0.7599916155,0,0,0,1,0,0,0
19.8904233,17.87036133,rate,aggressive,-1.853247762,-1.316981554,-1.665904999,-2.080474709,-1.384324791,-2,0.8949017525,-0.8941320181,0.02727905288,1.247604199,-1.039716014,0,0.4096177084,0.3825413209,1.028376151,-0.04638356343,-0.2747487128,-0.01285480149,-0.126372796,-0.2616798043,-0.008297660481,0.763351852,0,0,0,1,0,0,0
19.90036607,17.8803041,rate,aggressive,-1.835895181,-1.324442625,-1.665724874,-2.067986936,-1.394440201,-2,0.9204888344,-0.8337153196,0.0251425989,1.264309426,-0.9949564525,0,0.4129238474,0.3805830431,1.335218063,-0.0357984975,-0.2430131435,-0.0144216679,0.05121050723,-0.1044044682,-0.0589413748,0.7618157173,0,0,0,1,0,0,0
19.9104116,17.89034963,rate,aggressive,-1.835895181,-1.324442625,-1.665724874,-2.055201936,-1.404206565,-2,0.9204888344,-0.8337153196,0.0251425989,1.281084483,-0.9494107169,0,0.4076733975,0.3795349748,0.8997866422,-0.0357984975,-0.2430131435,-0.0144216679,-0.2267496259,-0.3367551434,0.01988907087,0.7652619459,0,0,0,1,0,0,0
19.92036176,17.90029979,rate,aggressive,-1.818206191,-1.330381513,-1.665525198,-2.042372702,-1.413427636,-2,0.9460431337,-0.7720088363,0.0227684658,1.297597062,-0.9039913222,0,0.4111212428,0.3762019991,1.134066572,-0.02012857236,-0.2104190588,-0.01572368853,-0.02817972491,-0.1543522364,-0.03835511784,0.7635402114,0,0,0,1,0,0,0
19.93040228,17.91034031,rate,aggressive,-1.818206191,-1.330381513,-1.665525198,-2.02926094,-1.422272858,-2,0.9460431337,-0.7720088363,0.0227684658,1.314154112,-0.8578655691,0,0.406031427,0.378675948,0.8541195883,-0.02012857236,-0.2104190588,-0.01572368853,-0.2932444527,-0.3845759037,0.03802210914,0.7670669034,0,0,0,1,0,0,0
19.94036007,17.9202981,rate,aggressive,-1.791145325,-1.337495804,-1.665258408,-2.016093552,-1.430586385,-2,0.9838846922,-0.6787039042,0.01965165697,1.330468752,-0.8118430946,0,0.4139075924,0.3717966404,1.319570756,0.003009944456,-0.1661043465,-0.01901334897,0.1253586867,-0.000561889346,-0.08614896211,0.7627029764,0,0,0,1,0,0,0
19.95043254,17.93037057,rate,aggressive,-1.791145325,-1.337495804,-1.665258408,-2.002609791,-1.438528082,-2,0.9838846922,-0.6787039042,0.01965165697,1.346862562,-0.765025321,0,0.4086277955,0.3736181323,0.9016212607,0.003009944456,-0.1661043465,-0.01901334897,-0.175564317,-0.2699529226,0.002201917112,0.7663241843,0,0,0,1,0,0,0
19.96037698,17.94031501,rate,aggressive,-1.763427854,-1.342161775,-1.665023923,-1.989135971,-1.44590497,-2,1.021339774,-0.5843492746,0.01546475943,1.362939417,-0.7185558895,0,0.4170321054,0.3673430142,1.55359358,-0.03181667626,-0.2025237232,-0.02164661512,0.2248700415,0.1142498952,-0.1163668944,0.7614299471,0,0,0,1,0,0,0
19.97044396,17.95038199,rate,aggressive,-1.763427854,-1.342161775,-1.665023923,-1.975333824,-1.452900888,-2,1.021339774,-0.5843492746,0.01546475943,1.379103183,-0.6712793699,0,0.411553476,0.368497839,1.02374917,-0.03181667626,-0.2025237232,-0.02164661512,-0.09767582611,-0.1830844093,-0.02063333243,0.7651323321,0,0,0,1,0,0,0
19.98036957,17.9603076,rate,aggressive,-1.74454844,-1.343558073,-1.664890528,-1.961566759,-1.459331512,-2,1.046077847,-0.5202518702,0.01245533023,1.394929116,-0.6244509467,0,0.4156907486,0.3642935493,1.356416679,-0.04882958904,-0.2064945996,-0.02172200568,0.0819559067,0.006156602426,-0.07363310798,0.7628217755,0,0,0,1,0,0,0
19.99042153,17.97035956,rate,aggressive,-1.74454844,-1.343558073,-1.664890528,-1.9474649,-1.46536926,-2,1.046077847,-0.5202518702,0.01245533023,1.410843072,-0.5768232805,0,0.4102577404,0.369336065,0.9253817697,-0.04882958904,-0.2064945996,-0.02172200568,-0.2109019472,-0.2723698594,0.0139710675,0.7665921867,0,0,0,1,0,0,0
20.00037479,17.98031282,rate,aggressive,-1.715700746,-1.343828917,-1.664771557,-1.933344463,-1.470875056,-2,1.082977891,-0.4232129455,0.008298938163,1.426486993,-0.5294771831,0,0.4193895784,0.3596657666,1.625798983,-0.01497843489,-0.1176514924,-0.02491582371,0.211786129,0.1578810988,-0.1126898955,0.7611560234,0,0,0,1,0,0,0
20.01045561,17.99039364,rate,aggressive,-1.715700746,-1.343828917,-1.664771557,-1.918884939,-1.475970182,-2,1.082977891,-0.4232129455,0.008298938163,1.442214713,-0.4813511709,0,0.4136704483,0.3640055215,1.064034737,-0.01497843489,-0.1176514924,-0.02491582371,-0.1091265833,-0.1564797864,-0.0158362184,0.7650123327,0,0,0,1,0,0,0
20.02036405,18.00030208,rate,aggressive,-1.696094275,-1.342540383,-1.66476047,-1.904518736,-1.480504625,-2,1.107495785,-0.3579874933,0.005024990067,1.457557817,-0.4338935575,0,0.4181631626,0.3582323373,1.361788704,-0.01023110095,-0.09798147529,-0.02538840845,0.07720674001,0.03909605997,-0.07275699646,0.7623633052,0,0,0,1,0,0,0
20.03041315,18.01035118,rate,aggressive,-1.696094275,-1.342540383,-1.66476047,-1.889793893,-1.484622433,-2,1.107495785,-0.3579874933,0.005024990067,1.473000347,-0.3856213083,0,0.4124225906,0.3665821375,0.9206215731,-0.01023110095,-0.09798147529,-0.02538840845,-0.2166947931,-0.2550982753,0.01647052348,0.7662572005,0,0,0,1,0,0,0
20.04036593,18.02030396,rate,aggressive,-1.666135907,-1.338382006,-1.664862752,-1.87505782,-1.488221996,-2,1.143906236,-0.2596960664,0.0007994180196,1.488176104,-0.3376873412,0,0.4223947959,0.3529943633,1.633028774,-0.02774944901,-0.1169331595,-0.02881443873,0.2166526496,0.2040096197,-0.1152542883,0.7603031312,0,0,0,1,0,0,0
20.05050445,18.03044248,rate,aggressive,-1.666135907,-1.338382006,-1.664862752,-1.859892081,-1.491397643,-2,1.143906236,-0.2596960664,0.0007994180196,1.503512278,-0.2887475513,0,0.4162597931,0.3607785105,1.05672097,-0.02774944901,-0.1169331595,-0.02881443873,-0.1079516629,-0.1291402189,-0.01613731303,0.7642907564,0,0,0,1,0,0,0
20.06037974,18.04031777,rate,aggressive,-1.645815015,-1.334390879,-1.664977074,-1.844971188,-1.494013349,-2,1.167876124,-0.1941779852,-0.001399143832,1.51832996,-0.2409857423,0,0.4211684643,0.3535686842,1.381475707,-0.01312133204,-0.07444010675,-0.03001324274,0.08672774678,0.08262327584,-0.07566845309,0.7616405595,0,0,0,1,0,0,0
20.07043576,18.05037379,rate,aggressive,-1.645815015,-1.334390879,-1.664977074,-1.829627481,-1.496191831,-2,1.167876124,-0.1941779852,-0.001399143832,1.533295554,-0.1922717257,0,0.4149782308,0.3654270806,0.9189581003,-0.01312133204,-0.07444010675,-0.03001324274,-0.2109461502,-0.2279199851,0.0157753806,0.7656372658,0,0,0,1,0,0,0
20.08036399,18.06030202,rate,aggressive,-1.61478591,-1.325812101,-1.665224075,-1.814331739,-1.497861737,-2,1.20361197,-0.09511321038,-0.004817445297,1.547947763,-0.1441149042,0,0.4260217537,0.3478383421,1.599303715,0.01417405903,-0.007883387618,-0.0321066305,0.2287049762,0.2529472618,-0.1201698955,0.7594340013,0,0,0,1,0,0,0
20.09039712,18.07033515,rate,aggressive,-1.61478591,-1.325812101,-1.665224075,-1.79872722,-1.499063324,-2,1.20361197,-0.09511321038,-0.004817445297,1.562629231,-0.09540254432,0,0.4194345141,0.3590496978,1.028365156,0.01417405903,-0.007883387618,-0.0321066305,-0.1004188384,-0.09838563097,-0.01901404572,0.7634493971,0,0,0,1,0,0,0
20.10035825,18.08029628,rate,aggressive,-1.593748569,-1.3187567,-1.665434122,-1.783089595,-1.499772633,-2,1.227042675,-0.02934299782,-0.006727891974,1.577079297,-0.04700894879,0,0.4249130722,0.3505466979,1.316963486,0.01440393087,-0.004351093899,-0.03320194036,0.09086302667,0.1171464407,-0.07841035249,0.760649577,0,0,0,1,0,0,0
20.1103313,18.09026933,rate,aggressive,-1.593748569,-1.3187567,-1.665434122,-1.767289691,-1.499999781,-2,1.227042675,-0.02934299782,-0.006727891974,1.591419677,0.001457694751,0,0.4182103566,0.3657383585,0.8886543207,0.01440393087,-0.004351093899,-0.03320194036,-0.209994356,-0.2084862954,0.0143378647,0.7646599564,0,0,0,1,0,0,0
20.12038302,18.10032105,rate,aggressive,-1.561668515,-1.306187391,-1.665820003,-1.751221076,-1.499739616,-2,1.261803389,0.06915809959,-0.009732830338,1.605743455,0.0503061784,0,0.4301963594,0.3445938072,1.557429765,0.001498909085,-0.01872661151,-0.03564842045,0.2285976294,0.2856341884,-0.1208675923,0.7582933916,0,0,0,1,0,0,0
20.13047814,18.11041617,rate,aggressive,-1.561668515,-1.306187391,-1.665820003,-1.734938847,-1.498984202,-2,1.261803389,0.06915809959,-0.009732830338,1.619996799,0.09934893774,0,0.4229296501,0.3595952364,0.9926744127,0.001498909085,-0.01872661151,-0.03564842045,-0.102940407,-0.07963129977,-0.01886485203,0.7623714495,0,0,0,1,0,0,0
20.1403687,18.12030673,rate,aggressive,-1.53993547,-1.29650712,-1.666108727,-1.718847654,-1.497764095,-2,1.284804821,0.1346736699,-0.01129556261,1.633831638,0.1473662087,0,0.4289490897,0.3494401367,1.299575216,0.006673603319,0.005637151655,-0.03692811728,0.09885813795,0.1526933832,-0.0808922427,0.7594156677,0,0,0,1,0,0,0
20.15042567,18.1303637,rate,aggressive,-1.53993547,-1.29650712,-1.666108727,-1.70234607,-1.496036714,-2,1.284804821,0.1346736699,-0.01129556261,1.647766508,0.1961434281,0,0.4215123297,0.3683032811,0.8726103443,0.006673603319,0.005637151655,-0.03692811728,-0.2056830264,-0.1861305547,0.01307492873,0.7634895973,0,0,0,1,0,0,0
20.16037154,18.14030957,rate,aggressive,-1.50681448,-1.280050159,-1.666592479,-1.685889619,-1.493846267,-2,1.318853021,0.2327278256,-0.01418234035,1.661414673,0.2443186317,0,0.4346691344,0.3430509751,1.507414279,0.02657224424,0.05891747773,-0.04045246542,0.2442922392,0.3288409836,-0.12587617,0.7568100198,0,0,0,1,0,0,0
20.17062688,18.15056491,rate,aggressive,-1.50681448,-1.280050159,-1.666592479,-1.668779684,-1.491086327,-2,1.318853021,0.2327278256,-0.01418234035,1.675348094,0.2939106521,0,0.4265320235,0.3619851025,0.945895768,0.02657224424,0.05891747773,-0.04045246542,-0.09348265623,-0.0525865538,-0.02232097905,0.760958794,0,0,0,1,0,0,0
20.18037343,18.16031146,rate,aggressive,-1.48439002,-1.267459154,-1.666987419,-1.652386824,-1.487992398,-2,1.34138763,0.2981186807,-0.01641358063,1.688457996,0.3409497643,0,0.4333073006,0.3500881983,1.24919339,0.005605290644,0.02555235662,-0.04108300433,0.1157957296,0.1965301658,-0.08638268646,0.7575359605,0,0,0,1,0,0,0
20.19040513,18.17034316,rate,aggressive,-1.48439002,-1.267459154,-1.666987419,-1.635381604,-1.484329699,-2,1.34138763,0.2981186807,-0.01641358063,1.701815759,0.3892553361,0,0.4251219479,0.3721340244,0.846235843,0.005605290644,0.02555235662,-0.04108300433,-0.1941177526,-0.1566922821,0.008876276686,0.7615904867,0,0,0,1,0,0,0
20.20038128,18.18031931,rate,aggressive,-1.450250387,-1.246854782,-1.667657733,-1.618338348,-1.480207329,-2,1.374871373,0.3957161307,-0.01993710175,1.714961983,0.4371675759,0,0.4394978457,0.3431870235,1.529772118,0.01192839723,0.05145765096,-0.04266378284,0.2639308767,0.3842153891,-0.1300214703,0.7543963166,0,0,0,1,0,0,0
20.21045876,18.19039679,rate,aggressive,-1.450250387,-1.246854782,-1.667657733,-1.600989534,-1.475558508,-2,1.374871373,0.3957161307,-0.01993710175,1.728101367,0.4854232895,0,0.4306728076,0.3649880693,0.9533583535,0.01192839723,0.05145765096,-0.04266378284,-0.07743909613,-0.01032477599,-0.02583860342,0.7584625319,0,0,0,1,0,0,0
20.22038722,18.20032525,rate,aggressive,-1.427154541,-1.231753588,-1.668159008,-1.583768454,-1.47050363,-2,1.396946788,0.4605146646,-0.02202152088,1.740907454,0.5328093474,0,0.4377761348,0.352165314,1.271773219,0.01167694014,0.06700860709,-0.04508298635,0.1273304206,0.237289077,-0.08766704461,0.7549413413,0,0,0,1,0,0,0
20.23046947,18.2104075,rate,aggressive,-1.427154541,-1.231753588,-1.668159008,-1.566151238,-1.464889861,-2,1.396946788,0.4605146646,-0.02202152088,1.753769638,0.58075514,0,0.4287085811,0.3771806806,0.8325519014,0.01167694014,0.06700860709,-0.04508298635,-0.1850780105,-0.1260961402,0.007562150099,0.7589927144,0,0,0,1,0,0,0
20.24037838,18.22031641,rate,aggressive,-1.403809309,-1.215599298,-1.668709397,-1.548711236,-1.45890251,-2,1.418836355,0.5250730515,-0.02412108332,1.766270008,0.6276903906,0,0.4358285039,0.3630733921,1.053325244,0.01547092758,0.0822481215,-0.04590915143,0.04410839027,0.1520734551,-0.06266459261,0.7553634569,0,0,0,1,0,0,0
20.25046921,18.23040724,rate,aggressive,-1.403809309,-1.215599298,-1.668709397,-1.530824487,-1.452328295,-2,1.418836355,0.5250730515,-0.02412108332,1.778855496,0.6752820002,0,0.4265289399,0.39084311,0.8128782145,0.01547092758,0.0822481215,-0.04590915143,-0.2522776836,-0.1947660851,0.02790143471,0.7593973674,0,0,0,1,0,0,0
20.26039433,18.24033237,rate,aggressive,-1.368313551,-1.189544559,-1.669616342,-1.513108282,-1.44539463,-2,1.451348662,0.6207268238,-0.02645492926,1.791091202,0.7218748738,0,0.4422421681,0.3554655885,1.263016187,0.03538349643,0.1276469976,-0.04741816968,0.2278615252,0.3804953595,-0.1188902824,0.7520831109,0,0,0,1,0,0,0
20.27057934,18.25051737,rate,aggressive,-1.368313551,-1.189544559,-1.669616342,-1.494802699,-1.437799853,-2,1.451348662,0.6207268238,-0.02645492926,1.8034987,0.7694480656,0,0.4321846338,0.3831807931,0.8076113427,0.03538349643,0.1276469976,-0.04741816968,-0.1096033277,-0.01881271564,-0.01685720996,0.7561099485,0,0,0,1,0,0,0
20.28038812,18.26032615,rate,aggressive,-1.332279801,-1.160928726,-1.670678377,-1.477054563,-1.430028805,-2,1.483373404,0.7154692411,-0.02881214581,1.815304644,0.8150196823,0,0.4492519506,0.3477337757,1.603474944,-0.009861185215,0.0456026569,-0.04912347347,0.3597394424,0.5600669449,-0.1541381916,0.7485539064,0,0,0,1,0,0,0
20.29064202,18.27058005,rate,aggressive,-1.332279801,-1.160928726,-1.670678377,-1.458377967,-1.421428572,-2,1.483373404,0.7154692411,-0.02881214581,1.827495089,0.8623875212,0,0.4384217701,0.3752797027,0.9702250492,-0.009861185215,0.0456026569,-0.04912347347,-0.003973392146,0.1241912116,-0.0459293644,0.7525726801,0,0,0,1,0,0,0
20.30038428,18.28032231,rate,aggressive,-1.307959199,-1.14067924,-1.67142427,-1.440518204,-1.412808851,-2,1.504606247,0.7784640789,-0.03052187338,1.838933092,0.9071199096,0,0.4467532041,0.3595251682,1.410207727,-0.001820116653,0.08302178234,-0.05028324202,0.2102362181,0.3966748304,-0.1065906197,0.7486453044,0,0,0,1,0,0,0
20.31043482,18.29037285,rate,aggressive,-1.307959199,-1.14067924,-1.67142427,-1.421977263,-1.40346112,-2,1.504606247,0.7784640789,-0.03052187338,1.850584864,0.9529752934,0,0.4359087584,0.3886990506,0.8577013687,-0.001820116653,0.08302178234,-0.05028324202,-0.118160035,0.001541843031,-0.009191976698,0.7525534707,0,0,0,1,0,0,0
20.32038665,18.30032468,rate,aggressive,-1.283405781,-1.119435549,-1.672209382,-1.403503767,-1.393752609,-2,1.525665164,0.8410820961,-0.03181322664,1.861973016,0.9980730796,0,0.443982055,0.3725066732,1.152227395,0.06006711349,0.2290312201,-0.0521020554,0.1085283424,0.2851283745,-0.07634197184,0.7487380076,0,0,0,1,0,0,0
20.3304565,18.31039453,rate,aggressive,-1.283405781,-1.119435549,-1.672209382,-1.384696602,-1.383473769,-2,1.525665164,0.8410820961,-0.03181322664,1.873344178,1.043379637,0,0.4329234362,0.4035059768,0.7581680135,0.06006711349,0.2290312201,-0.0521020554,-0.1990677,-0.08611601054,0.01443291531,0.7525976723,0,0,0,1,0,0,0
20.34038067,18.3203187,rate,aggressive,-1.246146798,-1.085676432,-1.673446894,-1.366050224,-1.372898909,-2,1.556656361,0.9330981374,-0.03330617025,1.884400301,1.087695462,0,0.4511213963,0.363903455,1.296017754,0.102105774,0.301995784,-0.05475154892,0.28244066,0.5053016546,-0.1278297717,0.7450703031,0,0,0,1,0,0,0
20.3504045,18.33034253,rate,aggressive,-1.246146798,-1.085676432,-1.673446894,-1.347105979,-1.361773159,-2,1.556656361,0.9330981374,-0.03330617025,1.895414846,1.132103936,0,0.4393848997,0.3942967416,0.7857379051,0.102105774,0.301995784,-0.05475154892,-0.06406521022,0.08281405994,-0.02788786734,0.7488119573,0,0,0,1,0,0,0
20.36041522,18.34035325,rate,aggressive,-1.208344698,-1.049849868,-1.674714565,-1.328077095,-1.350219523,-2,1.586859703,1.022558689,-0.03428265452,1.906261025,1.176086502,0,0.4586593404,0.3560383324,1.52610851,0.07256166637,0.2155470103,-0.05588310584,0.3895135695,0.6490388583,-0.1550511018,0.7415144135,0,0,0,1,0,0,0
20.37054849,18.35048652,rate,aggressive,-1.208344698,-1.049849868,-1.674714565,-1.308705482,-1.338077987,-2,1.586859703,1.022558689,-0.03428265452,1.917082384,1.220218526,0,0.446047475,0.3863828809,0.9097320698,0.07256166637,0.2155470103,-0.05588310584,0.02079175397,0.1965711666,-0.0515900343,0.7452030801,0,0,0,1,0,0,0
20.38038254,18.36032057,rate,aggressive,-1.182841539,-1.024786949,-1.675580382,-1.289801785,-1.325869294,-2,1.606632233,1.081223011,-0.03460239992,1.927431762,1.262659412,0,0.4553451009,0.3701740564,1.278328838,0.06820574403,0.2185014784,-0.05644886196,0.2285468954,0.4642781797,-0.1081422784,0.7415410829,0,0,0,1,0,0,0
20.39043736,18.37037539,rate,aggressive,-1.182841539,-1.024786949,-1.675580382,-1.270369246,-1.312957019,-2,1.606632233,1.081223011,-0.03460239992,1.937857374,1.30564395,0,0.442663729,0.4015870748,0.7779955009,0.06820574403,0.2185014784,-0.05644886196,-0.103752253,0.0569345413,-0.01570719855,0.7451295617,0,0,0,1,0,0,0
20.40037775,18.38031578,rate,aggressive,-1.14413476,-0.9857694507,-1.67688024,-1.251055615,-1.299768942,-2,1.635852337,1.167377591,-0.03428045288,1.948008336,1.34771891,0,0.4630703281,0.3621318937,1.498997571,0.1175156161,0.3459240496,-0.05989033356,0.3722387995,0.6513898956,-0.1448131054,0.7381657218,0,0,0,1,0,0,0
20.41041756,18.39035559,rate,aggressive,-1.14413476,-0.9857694507,-1.67688024,-1.231447183,-1.286026605,-2,1.635852337,1.167377591,-0.03428045288,1.958102563,1.38977669,0,0.4496489709,0.3930416226,0.897018287,0.1175156161,0.3459240496,-0.05989033356,0.009853983568,0.2046146541,-0.0470058404,0.7416399551,0,0,0,1,0,0,0
20.42037582,18.40031385,rate,aggressive,-1.11806488,-0.9586384296,-1.677739739,-1.211898677,-1.271980983,-2,1.655004263,1.223422885,-0.0344325155,1.967956883,1.431044579,0,0.4591731839,0.3771361932,1.161978163,0.125520125,0.35834378,-0.06134935096,0.2139597614,0.4594568436,-0.1016556765,0.7381037699,0,0,0,1,0,0,0
20.43031335,18.41025138,rate,aggressive,-1.11806488,-0.9586384296,-1.677739739,-1.192293848,-1.257557212,-2,1.655004263,1.223422885,-0.0344325155,1.977633095,1.471768169,0,0.4457735449,0.4085955723,0.7297890571,0.125520125,0.35834378,-0.06134935096,-0.1137312949,0.05735399193,-0.01436271639,0.7414427846,0,0,0,1,0,0,0
20.44037557,18.4203136,rate,aggressive,-1.078552365,-0.9163513184,-1.678980112,-1.172345854,-1.242542508,-2,1.68307054,1.305358768,-0.03410026059,1.987269536,1.512522891,0,0.4671741423,0.3696171409,1.342491319,0.1342481226,0.3598313928,-0.06425900757,0.3560111836,0.6467479654,-0.1367918025,0.7347094649,0,0,0,1,0,0,0
20.45042944,18.43036747,rate,aggressive,-1.078552365,-0.9163513184,-1.678980112,-1.152318379,-1.227133164,-2,1.68307054,1.305358768,-0.03410026059,1.996735212,1.552748274,0,0.4528581993,0.4009363063,0.8000981686,0.1342481226,0.3598313928,-0.06425900757,-0.00279815856,0.2043566244,-0.04450165219,0.7379605347,0,0,0,1,0,0,0
20.46039653,18.44033456,rate,aggressive,-1.051912665,-0.8873103857,-1.679761529,-1.132370647,-1.21146013,-2,1.701165438,1.358001232,-0.03262572736,2.005957812,1.592124525,0,0.4627085715,0.3857156275,1.030515,0.1482507139,0.3917330801,-0.06498363614,0.2044279785,0.464918546,-0.09759704594,0.7349390222,0,0,0,1,0,0,0
20.47049618,18.45043421,rate,aggressive,-1.051912665,-0.8873103857,-1.679761529,-1.112064676,-1.195180935,-2,1.701165438,1.358001232,-0.03262572736,2.015138419,1.631501703,0,0.4482802891,0.4176673062,0.7044650207,0.1482507139,0.3917330801,-0.06498363614,-0.1220374629,0.06520757281,-0.0148390176,0.7380953904,0,0,0,1,0,0,0
20.48038006,18.46031809,rate,aggressive,-1.011641383,-0.8420257568,-1.680883765,-1.092103553,-1.178867073,-2,1.727398872,1.43469429,-0.03049396724,2.0239617,1.669515693,0,0.4709261137,0.3795003085,1.192522293,0.1333497614,0.3651162386,-0.06704025716,0.3579896671,0.6723544011,-0.1341509459,0.7320533329,0,0,0,1,0,0,0
20.49042296,18.47036099,rate,aggressive,-1.011641383,-0.8420257568,-1.680883765,-1.071732762,-1.161908584,-2,1.727398872,1.43469429,-0.03049396724,2.032762898,1.707599998,0,0.4558192278,0.4106757785,0.7335218221,0.1333497614,0.3651162386,-0.06704025716,-0.001324035077,0.229566838,-0.04634104723,0.7350555077,0,0,0,1,0,0,0
20.50037861,18.48031664,rate,aggressive,-0.9845440984,-0.8109813929,-1.681573749,-1.051452548,-1.144722677,-2,1.744413972,1.484167933,-0.02854627371,2.041323715,1.744802675,0,0.4661064933,0.3961069975,0.9456593962,0.1289592534,0.3626737893,-0.06789909303,0.2067922803,0.497323485,-0.09595624146,0.7322541663,0,0,0,1,0,0,0
20.51042318,18.49036121,rate,aggressive,-0.9845440984,-0.8109813929,-1.681573749,-1.030905634,-1.127010734,-2,1.744413972,1.484167933,-0.02854627371,2.049794915,1.781769807,0,0.4510201928,0.4273631778,0.7041321598,0.1289592534,0.3626737893,-0.06789909303,-0.1189523641,0.09853569473,-0.01755741743,0.7351500141,0,0,0,1,0,0,0
20.52038622,18.50032425,rate,aggressive,-0.9572612047,-0.7792247534,-1.682220817,-1.010442285,-1.109078626,-2,1.761197686,1.53269136,-0.0271048639,2.058031869,1.81786152,0,0.4611023901,0.4125133045,0.7631737319,0.1366933286,0.3967971504,-0.06904928386,0.1127154021,0.3959720727,-0.0735779913,0.7322287186,0,0,0,1,0,0,0
20.53050876,18.51044679,rate,aggressive,-0.9572612047,-0.7792247534,-1.682220817,-0.9895681363,-1.090494177,-2,1.761197686,1.53269136,-0.0271048639,2.066231224,1.853932237,0,0.4460000014,0.4438195964,0.8042658517,0.1366933286,0.3967971504,-0.06904928386,-0.1940455476,0.02280543421,-0.0008044094722,0.735036101,0,0,0,1,0,0,0
20.54038501,18.52032304,rate,aggressive,-0.9159757495,-0.7302395701,-1.683128119,-0.9691226949,-1.072012931,-2,1.785659194,1.602946877,-0.02417752706,2.074065807,1.888532239,0,0.4690857245,0.4065979908,0.8533406558,0.1581587046,0.4533581436,-0.07165498286,0.2987823725,0.6413572465,-0.1162142928,0.7295785565,0,0,0,1,0,0,0
20.55038428,18.53032231,rate,aggressive,-0.9159757495,-0.7302395701,-1.683128119,-0.9483445765,-1.05295636,-2,1.785659194,1.602946877,-0.02417752706,2.081831039,1.922955175,0,0.453433189,0.4367008423,0.7069319632,0.1581587046,0.4533581436,-0.07165498286,-0.04809323371,0.2168387925,-0.03726569161,0.7322035972,0,0,0,1,0,0,0
20.56039214,18.54033017,rate,aggressive,-0.8742589951,-0.6798223257,-1.683935285,-0.9274717201,-1.033541896,-2,1.809269786,1.669954896,-0.02162177302,2.089434117,1.956783924,0,0.4773322036,0.4015351102,1.012900254,0.1208970621,0.3830679953,-0.07255399972,0.4076997033,0.7878297905,-0.1350411957,0.7269731892,0,0,0,1,0,0,0
20.57054758,18.55048561,rate,aggressive,-0.8742589951,-0.6798223257,-1.683935285,-0.9062141549,-1.013498327,-2,1.809269786,1.669954896,-0.02162177302,2.096976033,1.990462382,0,0.4607143482,0.4312394167,0.6674702898,0.1208970621,0.3830679953,-0.07255399972,0.03944349878,0.3371411476,-0.05538392691,0.729496204,0,0,0,1,0,0,0
20.58038616,18.56032419,rate,aggressive,-0.8462349176,-0.6454063058,-1.684418559,-0.8855476296,-0.9937571006,-2,1.82461226,1.713037133,-0.01963037997,2.104115579,2.022455862,0,0.4716835925,0.4174295233,0.8721778638,0.07444701344,0.308272332,-0.07259789109,0.250553138,0.6097963287,-0.0971161544,0.7269538899,0,0,0,1,0,0,0
20.5904603,18.57039833,rate,aggressive,-0.8462349176,-0.6454063058,-1.684418559,-0.8643143698,-0.9732203363,-2,1.82461226,1.713037133,-0.01963037997,2.111255111,2.054558019,0,0.4553905478,0.4463025781,0.6739099189,0.07444701344,0.308272332,-0.07259789109,-0.07967708337,0.2095162137,-0.02707362262,0.7293570149,0,0,0,1,0,0,0
20.60038257,18.5803206,rate,aggressive,-0.8038784862,-0.5926383138,-1.685056686,-0.843331751,-0.9526803329,-2,1.847445607,1.776516676,-0.01731473766,2.118117363,2.085515906,0,0.4799751102,0.4111490283,1.161852663,0.1123480722,0.4410753846,-0.07362246513,0.4051850525,0.8206743359,-0.1216850041,0.7243041472,0,0,0,1,0,0,0
20.61040664,18.59034467,rate,aggressive,-0.8038784862,-0.5926383138,-1.685056686,-0.8220655614,-0.9316210344,-2,1.847445607,1.776516676,-0.01731473766,2.124878503,2.116115896,0,0.4630651632,0.4388581114,0.7127231658,0.1123480722,0.4410753846,-0.07362246513,0.04635650025,0.3839350385,-0.04972008267,0.7265700923,0,0,0,1,0,0,0
20.62037778,18.60031581,rate,aggressive,-0.7753813863,-0.5568649173,-1.685421228,-0.8008452793,-0.9103720267,-2,1.862424493,1.816966176,-0.01516118832,2.131432368,2.145870869,0,0.4738939647,0.4251745468,0.888772425,0.1637528539,0.5681352615,-0.07398483902,0.2541779898,0.6356695459,-0.08828902855,0.7242527691,0,0,0,1,0,0,0
20.63040948,18.61034751,rate,aggressive,-0.7753813863,-0.5568649173,-1.685421228,-0.7794310395,-0.8886980507,-2,1.862424493,1.816966176,-0.01516118832,2.137852819,2.175108988,0,0.4572629787,0.4520585121,0.6213307873,0.1637528539,0.5681352615,-0.07398483902,-0.06978773416,0.2469138469,-0.02544035497,0.7263953783,0,0,0,1,0,0,0
20.64037418,18.62031221,rate,aggressive,-0.732378602,-0.5019908547,-1.685900092,-0.7580969091,-0.8668819438,-2,1.884174466,1.874519467,-0.01214514766,2.14405787,2.203449762,0,0.4821469592,0.4193829124,0.9456000753,0.1962515861,0.6039844751,-0.07513261586,0.4000719774,0.812267254,-0.110635848,0.7220240236,0,0,0,1,0,0,0
20.65044761,18.63038564,rate,aggressive,-0.732378602,-0.5019908547,-1.685900092,-0.7364680471,-0.8445443769,-2,1.884174466,1.874519467,-0.01214514766,2.150155343,2.231379201,0,0.4647777869,0.4452439792,0.5812371756,0.1962515861,0.6039844751,-0.07513261586,0.04574114936,0.3878712456,-0.04695378754,0.7240092105,0,0,0,1,0,0,0
20.6604054,18.64034343,rate,aggressive,-0.7034143209,-0.4650378525,-1.686159492,-0.715027962,-0.8221903003,-2,1.898169875,1.910276651,-0.009488160722,2.156009128,2.258267052,0,0.4755929061,0.4332071379,0.6675574122,0.2031268477,0.5949440598,-0.07646528631,0.2492365906,0.6264809023,-0.08119424753,0.7220992614,0,0,0,1,0,0,0
20.67044711,18.65038514,rate,aggressive,-0.7034143209,-0.4650378525,-1.686159492,-0.6933490297,-0.7993803591,-2,1.898169875,1.910276651,-0.009488160722,2.161736887,2.284646794,0,0.4586742706,0.4579416981,0.5941694765,0.2031268477,0.5949440598,-0.07646528631,-0.07083936735,0.250607515,-0.02570295074,0.7239490687,0,0,0,1,0,0,0
20.6803844,18.66032243,rate,aggressive,-0.6597416401,-0.4086097181,-1.68648839,-0.6718397883,-0.7765505032,-2,1.918129444,1.960811615,-0.005615486298,2.167231264,2.310017442,0,0.4835455679,0.4289848018,0.7451365647,0.1807473749,0.5461245179,-0.07819304615,0.3948302641,0.8049943012,-0.1001668923,0.7203613222,0,0,0,1,0,0,0
20.69052029,18.67045832,rate,aggressive,-0.6597416401,-0.4086097181,-1.68648839,-0.6498453234,-0.7530084818,-2,1.918129444,1.960811615,-0.005615486298,2.172656865,2.335133712,0,0.4658304146,0.4526950124,0.5144482398,0.1807473749,0.5461245179,-0.07819304615,0.04470533995,0.3956578282,-0.04423769996,0.7220738148,0,0,0,1,0,0,0
20.70037627,18.6803143,rate,aggressive,-0.6304157376,-0.3705543876,-1.686651111,-0.6284063634,-0.7298761488,-2,1.931089401,1.992371678,-0.002789984224,2.177759263,2.358811102,0,0.4767637697,0.4417370894,0.5528601327,0.1783882082,0.5500670075,-0.07813331485,0.253399049,0.6417647599,-0.07425896548,0.7204500233,0,0,0,1,0,0,0
20.71042323,18.69036126,rate,aggressive,-0.6304157376,-0.3705543876,-1.686651111,-0.6065011138,-0.7060592125,-2,1.931089401,1.992371678,-0.002789984224,2.182784159,2.382183129,0,0.459698731,0.4640161653,0.5875464411,0.1783882082,0.5500670075,-0.07813331485,-0.06316944965,0.2789533612,-0.02561094121,0.722032365,0,0,0,1,0,0,0
20.72038841,18.70032644,rate,aggressive,-0.5861131549,-0.3128699958,-1.686798215,-0.5847251731,-0.6822080152,-2,1.950019956,2.036748409,0.0009988415986,2.187591859,2.404595352,0,0.4842601132,0.4378958554,0.575710583,0.2215157151,0.6465600729,-0.07972343266,0.3964155333,0.804039014,-0.08925473568,0.7189739117,0,0,0,1,0,0,0
20.73049521,18.71043324,rate,aggressive,-0.5861131549,-0.3128699958,-1.686798215,-0.5625917305,-0.6577936987,-2,1.950019956,2.036748409,0.0009988415986,2.192288152,2.426535831,0,0.4664986349,0.4589434721,0.4791973935,0.2215157151,0.6465600729,-0.07972343266,0.05067425604,0.4113602308,-0.04112478801,0.7204135728,0,0,0,1,0,0,0
20.74038649,18.72032452,rate,aggressive,-0.5564332008,-0.2739494145,-1.68685317,-0.5408852073,-0.6336891867,-2,1.961984277,2.064098358,0.002640385646,2.196708671,2.447230918,0,0.4771953276,0.4493251291,0.399585103,0.208928749,0.6155571342,-0.08018646389,0.2489047148,0.6372482964,-0.06539917044,0.7187881199,0,0,0,1,0,0,0
20.75055766,18.73049569,rate,aggressive,-0.5564332008,-0.2739494145,-1.68685317,-0.518519749,-0.608693164,-2,1.961984277,2.064098358,0.002640385646,2.201072736,2.467702601,0,0.4599475454,0.4691126175,0.6496382766,0.208928749,0.6155571342,-0.08018646389,-0.06328175353,0.2906212316,-0.02415503833,0.720119521,0,0,0,1,0,0,0
20.76038671,18.74032474,rate,aggressive,-0.511597693,-0.2151906341,-1.686888576,-0.4968653016,-0.584344008,-2,1.979378462,2.10187149,0.005057116505,2.205114769,2.486699889,0,0.4842829967,0.4461786096,0.4113822478,0.1965038925,0.5807929039,-0.08122904599,0.3985853226,0.8080992435,-0.07730622337,0.717256164,0,0,0,1,0,0,0
20.77057171,18.75050974,rate,aggressive,-0.511597693,-0.2151906341,-1.686888576,-0.4743856406,-0.5589201842,-2,1.979378462,2.10187149,0.005057116505,2.209121136,2.50556394,0,0.4664477511,0.4645157313,0.4798190739,0.1965038925,0.5807929039,-0.08122904599,0.05667857542,0.4323137803,-0.036935015,0.7184545219,0,0,0,1,0,0,0
20.78036904,18.76030707,rate,aggressive,-0.4815584719,-0.1757350117,-1.686861038,-0.4527239803,-0.5342866981,-2,1.990465641,2.124790907,0.007595180534,2.212799857,2.522915422,0,0.4769137754,0.4560628465,0.3117472944,0.2039223015,0.6022639275,-0.0812067166,0.2590462201,0.6560824172,-0.056732017,0.7173316602,0,0,0,1,0,0,0
20.79040384,18.77034187,rate,aggressive,-0.4815584719,-0.1757350117,-1.686861038,-0.4305008161,-0.5088839686,-2,1.990465641,2.124790907,0.007595180534,2.21638939,2.539874057,0,0.4600555631,0.4726449498,0.6434283776,0.2039223015,0.6022639275,-0.0812067166,-0.04902494564,0.3261776808,-0.02240107789,0.7184108447,0,0,0,1,0,0,0
20.80037141,18.78030944,rate,aggressive,-0.4362814724,-0.1162115261,-1.686805844,-0.4083917836,-0.4834870626,-2,2.006370068,2.15593648,0.01123196539,2.219775908,2.555898755,0,0.4834870563,0.4534732971,0.2658758023,0.2196194381,0.6388310194,-0.07955043763,0.3936640703,0.8017079357,-0.06314045817,0.7164094338,0,0,0,1,0,0,0
20.81042576,18.79036379,rate,aggressive,-0.4362814724,-0.1162115261,-1.686805844,-0.3860569645,-0.4577113886,-2,2.006370068,2.15593648,0.01123196539,2.223010935,2.571229457,0,0.4660850099,0.4685378105,0.4844724057,0.2196194381,0.6388310194,-0.07955043763,0.05958859464,0.4484935532,-0.03089888717,0.7173656318,0,0,0,1,0,0,0
20.82038975,18.80032778,rate,aggressive,-0.4058994353,-0.07639086992,-1.686723709,-0.3638916815,-0.4320194452,-2,2.016499996,2.174292564,0.01432379242,2.22603731,2.585591577,0,0.4757923595,0.4618202408,0.2741618271,0.2320148647,0.6607192159,-0.08055835962,0.250075107,0.6454695735,-0.04492756845,0.7166875362,0,0,0,1,0,0,0
20.83071303,18.81065106,rate,aggressive,-0.4058994353,-0.07639086992,-1.686723709,-0.3408962864,-0.4052545964,-2,2.016499996,2.174292564,0.01432379242,2.228984001,2.59959432,0,0.4588232714,0.4756429399,0.7171932931,0.2320148647,0.6607192159,-0.08055835962,-0.05137981509,0.3378067252,-0.01821564826,0.7175711762,0,0,0,1,0,0,0
20.84038568,18.82032371,rate,aggressive,-0.360199213,-0.01643643156,-1.686536551,-0.3193234779,-0.3800495005,-2,2.030648708,2.198420286,0.01835758798,2.231570375,2.611900094,0,0.4818138891,0.460078329,0.1676526421,0.223851651,0.6357358694,-0.07969911397,0.3973511362,0.7991244081,-0.04925050969,0.716212927,0,0,0,1,0,0,0
20.85042572,18.83036375,rate,aggressive,-0.360199213,-0.01643643156,-1.686536551,-0.29690568,-0.3537652735,-2,2.030648708,2.198420286,0.01835758798,2.234076114,2.623835823,0,0.4648184087,0.4719089841,0.5738952475,0.223851651,0.6357358694,-0.07969911397,0.06790763979,0.4667544889,-0.02493148022,0.7169600613,0,0,0,1,0,0,0
20.86038589,18.84032393,rate,aggressive,-0.3295916021,0.02356197871,-1.686329961,-0.2746422609,-0.3275759578,-2,2.03952527,2.21212554,0.02140361629,2.23638168,2.634829887,0,0.4740318281,0.4667863815,0.329245011,0.2172816843,0.625824213,-0.07930762321,0.2509070252,0.6504977168,-0.03346694643,0.7165956054,0,0,0,1,0,0,0
20.87049651,18.85043454,rate,aggressive,-0.3295916021,0.02356197871,-1.686329961,-0.2520200047,-0.300883427,-2,2.03952527,2.21212554,0.02140361629,2.238538271,2.645123832,0,0.4578985341,0.4770239102,0.774083134,0.2172816843,0.625824213,-0.07930762321,-0.04347148888,0.364654224,-0.01393489747,0.7172686717,0,0,0,1,0,0,0
20.88037586,18.86031389,rate,aggressive,-0.2834770381,0.08354686201,-1.685906291,-0.2298950296,-0.2747051256,-2,2.05221653,2.229389906,0.02542045712,2.240466492,2.65433611,0,0.4794479912,0.4654712927,0.215450366,0.2178781778,0.6373388171,-0.07793677598,0.3833479433,0.7768238369,-0.03248635861,0.7165057318,0,0,0,1,0,0,0
20.89044762,18.87038565,rate,aggressive,-0.2834770381,0.08354686201,-1.685906291,-0.2073204654,-0.2479276265,-2,2.05221653,2.229389906,0.02542045712,2.242249933,2.662863746,0,0.462957901,0.4739815018,0.631981758,0.2178781778,0.6373388171,-0.07793677598,0.06419545249,0.4732484411,-0.0162408946,0.7170824107,0,0,0,1,0,0,0
20.9003756,18.88031363,rate,aggressive,-0.2526915967,0.1234917194,-1.685581803,-0.1850514552,-0.2214525673,-2,2.060107231,2.238613129,0.02835293859,2.243827606,2.670413149,0,0.4716148344,0.4701152226,0.4072007963,0.2144644856,0.6322975159,-0.07673890144,0.2455759765,0.6443092373,-0.02006859361,0.7169962597,0,0,0,1,0,0,0
20.91040397,18.890342,rate,aggressive,-0.2526915967,0.1234917194,-1.685581803,-0.1625423074,-0.194638073,-2,2.060107231,2.238613129,0.02835293859,2.245239363,2.677173119,0,0.456280902,0.4768780349,0.8114589697,0.2144644856,0.6322975159,-0.07673890144,-0.03956964759,0.3845897997,-0.007739255398,0.7175064758,0,0,0,1,0,0,0
20.92037773,18.90031576,rate,aggressive,-0.206181556,0.1832722276,-1.684973717,-0.1401425713,-0.167906648,-2,2.071473598,2.249047041,0.03233720735,2.246462029,2.683031092,0,0.4763709787,0.4690509589,0.3263266535,0.2157929093,0.6363135576,-0.07539964467,0.374195944,0.7545592458,-0.01513295437,0.7172717435,0,0,0,1,0,0,0
20.93042755,18.91036558,rate,aggressive,-0.206181556,0.1832722276,-1.684973717,-0.1175606078,-0.1409166674,-2,2.071473598,2.249047041,0.03233720735,2.247510934,2.688059091,0,0.4606448429,0.4740953686,0.6798250786,0.2157929093,0.6363135576,-0.07539964467,0.06546395262,0.4812645861,-0.006682961566,0.7177082405,0,0,0,1,0,0,0
20.94038296,18.92032099,rate,aggressive,-0.1751465648,0.2229252458,-1.684507847,-0.09518130407,-0.1141347547,-2,2.078489065,2.253666162,0.03504258022,2.248368702,2.692172609,0,0.4685500886,0.4715665137,0.4798251444,0.2004349679,0.6128077507,-0.07291460037,0.2444371812,0.6357811578,-0.00577478788,0.7178751748,0,0,0,1,0,0,0
20.95043826,18.93037629,rate,aggressive,-0.1751465648,0.2229252458,-1.684507847,-0.07256968525,-0.08704692548,-2,2.078489065,2.253666162,0.03504258022,2.249051856,2.695449866,0,0.4540264991,0.4748604935,0.826147317,0.2004349679,0.6128077507,-0.07291460037,-0.0316892091,0.4042310105,-0.0003896505488,0.7182642234,0,0,0,1,0,0,0
20.96038866,18.94032669,rate,aggressive,-0.1283712834,0.282110095,-1.683732986,-0.05018811017,-0.06021359504,-2,2.088487148,2.257472038,0.03836047649,2.249546562,2.697823717,0,0.4725705674,0.4704479372,0.3950776645,0.1957617849,0.6172289848,-0.07055647671,0.3770811591,0.7421633305,0.002822227007,0.7183571656,0,0,0,1,0,0,0
20.97051811,18.95045614,rate,aggressive,-0.1283712834,0.282110095,-1.683732986,-0.02739966688,-0.03287762546,-2,2.088487148,2.257472038,0.03836047649,2.249864862,2.699351359,0,0.457643262,0.4719868928,0.6656262197,0.1957617849,0.6172289848,-0.07055647671,0.07744711278,0.4993251973,0.00388079255,0.718696785,0,0,0,1,0,0,0
20.98039722,18.96033525,rate,aggressive,-0.09710496664,0.3213025033,-1.683162093,-0.005172209202,-0.00620663776,-2,2.094561577,2.257807493,0.04049117491,2.249995185,2.699976886,0,0.4648657103,0.4704390652,0.5025655928,0.187813282,0.6086036563,-0.06800656021,0.2566281522,0.6406834113,0.009414583383,0.7189965245,0,0,0,1,0,0,0
20.99040365,18.97034168,rate,aggressive,-0.09710496664,0.3213025033,-1.683162093,0.01734211049,0.02081003189,-2,2.094561577,2.257807493,0.04049117491,2.249945865,2.699740153,0,0.4514201126,0.4702002637,0.7725103002,0.187813282,0.6086036563,-0.06800656021,-0.01133893782,0.4365615666,0.008231699654,0.7193010497,0,0,0,1,0,0,0
21.00037861,18.98031664,rate,aggressive,-0.05008811876,0.3796167374,-1.682232141,0.03978422234,0.04773502133,-2,2.10316658,2.255121946,0.04352239147,2.249715081,2.698632474,0,0.4681868463,0.4691185884,0.4646387502,0.1769222468,0.5954988599,-0.06465570629,0.3866457792,0.7338807154,0.02160339276,0.7197710678,0,0,0,1,0,0,0
21.01045418,18.99039221,rate,aggressive,-0.05008811876,0.3796167374,-1.682232141,0.06244943587,0.07491593874,-2,2.10316658,2.255121946,0.04352239147,2.249297903,2.696630459,0,0.4544047643,0.467095631,0.6246840828,0.1769222468,0.5954988599,-0.06465570629,0.09671616226,0.5221296815,0.01565612081,0.7200463232,0,0,0,1,0,0,0
21.0203805,19.00031853,rate,aggressive,-0.01860992238,0.4182015061,-1.681566477,0.08477389561,0.1016701711,-2,2.10846734,2.251270056,0.04589780048,2.248706038,2.693790766,0,0.4607387639,0.4664740928,0.5267118969,0.1850816905,0.6095577478,-0.06296177953,0.2725672895,0.6456024076,0.02572220439,0.7206712721,0,0,0,1,0,0,0
21.03041172,19.01034975,rate,aggressive,-0.01860992238,0.4182015061,-1.681566477,0.1073274068,0.1286741464,-2,2.10846734,2.251270056,0.04589780048,2.247925593,2.690047435,0,0.4484263725,0.4626886652,0.7004164076,0.1850816905,0.6095577478,-0.06296177953,0.0132505067,0.4703591814,0.01830093709,0.7209304247,0,0,0,1,0,0,0
21.04038215,19.02032018,rate,aggressive,0.02859326638,0.4753442705,-1.680524468,0.129735562,0.1554729055,-2,2.115833998,2.242105722,0.0489602685,2.246968321,2.685457743,0,0.4632624195,0.4649240074,0.577558208,0.1852768809,0.6103928089,-0.0597015284,0.3990911954,0.7207079332,0.04121824474,0.7217947809,0,0,0,1,0,0,0
21.05039835,19.03033638,rate,aggressive,0.02859326638,0.4753442705,-1.680524468,0.1522360765,0.1823442704,-2,2.115833998,2.242105722,0.0489602685,2.245824477,2.679976089,0,0.4507783932,0.4593746734,0.6285258639,0.1852768809,0.6103928089,-0.0597015284,0.1189016441,0.5412003318,0.0286286986,0.7220403385,0,0,0,1,0,0,0
21.0603919,19.04032993,rate,aggressive,0.06015504897,0.5130218267,-1.679793477,0.1746733827,0.2090958087,-2,2.120396137,2.233742714,0.05104123428,2.244501339,2.673638677,0,0.4560895642,0.4599084332,0.6203350576,0.1923382878,0.6147294641,-0.05635394529,0.2868014521,0.6394563945,0.04276398374,0.7228255382,0,0,0,1,0,0,0
21.07048869,19.05042672,rate,aggressive,0.06015504897,0.5130218267,-1.679793477,0.197328114,0.2360549551,-2,2.120396137,2.233742714,0.05104123428,2.24298014,2.666357236,0,0.4450385546,0.4525343852,0.6957970882,0.1923382878,0.6147294641,-0.05635394529,0.03657667529,0.4950328611,0.02946084231,0.7230735583,0,0,0,1,0,0,0
21.08038473,19.06032276,rate,aggressive,0.09177012742,0.5503192544,-1.67903161,0.2195166153,0.2624024886,-2,2.124648333,2.223667622,0.0529717356,2.241309459,2.658365962,0,0.4497065001,0.4531870143,0.6690030519,0.1959845275,0.6171607375,-0.05313676596,0.2256230829,0.6032777165,0.04571743416,0.7239084435,0,0,0,1,0,0,0
21.0904901,19.07042813,rate,aggressive,0.09177012742,0.5503192544,-1.67903161,0.242156489,0.2892213742,-2,2.124648333,2.223667622,0.0529717356,2.239419967,2.649335243,0,0.4402372858,0.444039927,0.7622889118,0.1959845275,0.6171607375,-0.05313676596,-0.006943992779,0.4830294813,0.03124051517,0.7241639906,0,0,0,1,0,0,0
21.1003902,19.08032823,rate,aggressive,0.1392555535,0.605468452,-1.677855015,0.2643170495,0.3154027304,-2,2.130434752,2.205312014,0.05583356321,2.237389229,2.639637934,0,0.451171688,0.4507722839,0.7516948207,0.1960681975,0.6163638234,-0.04870899394,0.3772668121,0.6772971756,0.06641807048,0.7254351336,0,0,0,1,0,0,0
21.11038899,19.09032702,rate,aggressive,0.1392555535,0.605468452,-1.677855015,0.2866772491,0.3417434314,-2,2.130434752,2.205312014,0.05583356321,2.235157955,2.628993158,0,0.4416575985,0.4399886909,0.7457526502,0.1960681975,0.6163638234,-0.04870899394,0.1178963111,0.5517363562,0.04593815673,0.7257021087,0,0,0,1,0,0,0
21.12038827,19.1003263,rate,aggressive,0.1710150093,0.6417639852,-1.677041292,0.3090152983,0.3679746853,-2,2.133764505,2.19090271,0.05738699809,2.232745559,2.617496247,0,0.4453167271,0.4416701966,0.7808657657,0.1914599985,0.6081812382,-0.04471493885,0.283808335,0.6266350068,0.06527050495,0.7266518725,0,0,0,1,0,0,0
21.1305685,19.11050653,rate,aggressive,0.1710150093,0.6417639852,-1.677041292,0.3317318843,0.3945581424,-2,2.133764505,2.19090271,0.05738699809,2.230103743,2.604920219,0,0.437313354,0.4289347432,0.7975986172,0.1914599985,0.6081812382,-0.04471493885,0.05008981312,0.5296689146,0.04488431272,0.7269473751,0,0,0,1,0,0,0
21.14038897,19.120327,rate,aggressive,0.2185622603,0.6951402426,-1.675808191,0.3536192897,0.420076686,-2,2.138269901,2.165949345,0.05910946056,2.227377887,2.591959736,0,0.446094934,0.4392254716,0.901279209,0.1998196542,0.6172091961,-0.03894108906,0.41759239,0.6707491843,0.0883416988,0.7281846207,0,0,0,1,0,0,0
21.15070343,19.13064146,rate,aggressive,0.2185622603,0.6951402426,-1.675808191,0.3765779337,0.4467374294,-2,2.138269901,2.165949345,0.05910946056,2.22432757,2.577475348,0,0.4379192157,0.4245627185,0.833756291,0.1998196542,0.6172091961,-0.03894108906,0.1609130045,0.5755093197,0.06173027206,0.7285187237,0,0,0,1,0,0,0
21.1603899,19.14032793,rate,aggressive,0.266181916,0.7474218607,-1.674565196,0.3981092331,0.4716348994,-2,2.141896009,2.137184858,0.06067073345,2.221288437,2.563063809,0,0.4465098842,0.4374436836,1.063096294,0.2238287628,0.6349895,-0.03378596157,0.5007672807,0.672814318,0.1090582167,0.7298189841,0,0,0,1,0,0,0
21.17041135,19.15034938,rate,aggressive,0.266181916,0.7474218607,-1.674565196,0.4203532656,0.4972423866,-2,2.141896009,2.137184858,0.06067073345,2.217966532,2.547333906,0,0.4384819106,0.4215328026,0.9366820299,0.2238287628,0.6349895,-0.03378596157,0.2338954895,0.5868753956,0.07733755517,0.7301861844,0,0,0,1,0,0,0
21.1803863,19.16032434,rate,aggressive,0.298007369,0.7817008495,-1.673724532,0.4424601491,0.5225704181,-2,2.143759966,2.115837812,0.06123801693,2.214480865,2.53085387,0,0.4409885113,0.4254290406,1.070120661,0.2354884148,0.6352490783,-0.02933648042,0.3682716851,0.6116243947,0.1003288092,0.7311284858,0,0,0,1,0,0,0
21.19045663,19.17039466,rate,aggressive,0.298007369,0.7817008495,-1.673724532,0.4647422111,0.5479696918,-2,2.143759966,2.115837812,0.06123801693,2.210780832,2.513388681,0,0.4346106793,0.4077849733,0.9679877959,0.2354884148,0.6352490783,-0.02933648042,0.1365688289,0.5557292863,0.07102586074,0.7315439254,0,0,0,1,0,0,0
21.20038509,19.18032312,rate,aggressive,0.3298322558,0.8154010177,-1.672893286,0.4866730252,0.5728349516,-2,2.145325422,2.09258008,0.06136352196,2.206955139,2.495361053,0,0.4363898783,0.4120633638,1.083897916,0.2903795838,0.6512628794,-0.02531616017,0.2889984654,0.5810493783,0.0973722699,0.7324251435,0,0,0,1,0,0,0
21.21069121,19.19062924,rate,aggressive,0.3298322558,0.8154010177,-1.672893286,0.5093969081,0.5984524018,-2,2.145325422,2.09258008,0.06136352196,2.202797535,2.475804779,0,0.4316352265,0.3923387505,1.013818058,0.2903795838,0.6512628794,-0.02531616017,0.0777016861,0.5479143927,0.06871463629,0.7329034331,0,0,0,1,0,0,0
21.22037721,19.20031524,rate,aggressive,0.3775998056,0.8648861051,-1.671653509,0.5307135646,0.6223408612,-2,2.146432638,2.054238081,0.06141852587,2.198717335,2.456648449,0,0.4359855922,0.4104144603,1.242348182,0.3397767246,0.6588755846,-0.01694515347,0.3986236023,0.5786287742,0.1248501695,0.7340079303,0,0,0,1,0,0,0
21.2304914,19.21042943,rate,aggressive,0.3775998056,0.8648861051,-1.671653509,0.5529295215,0.647083373,-2,2.146432638,2.054238081,0.06141852587,2.194278434,2.435848368,0,0.4312655301,0.3894712653,1.134946964,0.3397767246,0.6588755846,-0.01694515347,0.1653135765,0.5527561536,0.08916379194,0.7345422278,0,0,0,1,0,0,0
21.24038219,19.22032022,rate,aggressive,0.4252218008,0.912771821,-1.670436859,0.5746104854,0.6710720288,-2,2.145641804,2.01153183,0.06135429442,2.189761736,2.414726891,0,0.435140934,0.41021601,1.420384874,0.3185464442,0.6303361058,-0.009404836223,0.4357465446,0.5390240378,0.1427588715,0.7356168753,0,0,0,1,0,0,0
21.25041986,19.23035789,rate,aggressive,0.4252218008,0.912771821,-1.670436859,0.5965668244,0.695199388,-2,2.145641804,2.01153183,0.06135429442,2.185000572,2.392509333,0,0.430475022,0.3878882827,1.280627927,0.3185464442,0.6303361058,-0.009404836223,0.197371521,0.5291600291,0.1027225679,0.7362211376,0,0,0,1,0,0,0
21.26035857,19.2402966,rate,aggressive,0.4569357634,0.9438850284,-1.669635892,0.6182587713,0.7188653493,-2,2.144311666,1.980797052,0.06107046083,2.180110647,2.369741263,0,0.43104456,0.3953337418,1.429728129,0.3179882467,0.6137673855,-0.003867596854,0.3040580271,0.506762386,0.1275557711,0.7370873714,0,0,0,1,0,0,0
21.27044916,19.25038719,rate,aggressive,0.4569357634,0.9438850284,-1.669635892,0.6402315755,0.7426575486,-2,2.144311666,1.980797052,0.06107046083,2.174967554,2.34584945,0,0.4280540822,0.3713928343,1.317946057,0.3179882467,0.6137673855,-0.003867596854,0.09830796484,0.5190928002,0.09148256824,0.7377677918,0,0,0,1,0,0,0
21.2803967,19.26033473,rate,aggressive,0.4885888696,0.9742870331,-1.668840528,0.6618412019,0.7658726808,-2,2.142309427,1.948205471,0.06052418053,2.169721789,2.321538817,0,0.4279246535,0.3791996853,1.451856856,0.3383994997,0.5979511142,0.000292418059,0.2185357498,0.4936898668,0.1194997274,0.7385934831,0,0,0,1,0,0,0
21.29034281,19.27028084,rate,aggressive,0.5201755762,1.003942013,-1.668052673,0.6833946843,0.7888389884,-2,2.139621496,1.913909435,0.06007986143,2.164302909,2.296487553,0,0.4279004745,0.3880525459,1.615592283,0.3349269629,0.580961585,0.007244679146,0.3031151748,0.4542795348,0.1421511567,0.7394159895,0,0,0,1,0,0,0
21.3003819,19.28031993,rate,aggressive,0.5359259844,1.01845789,-1.667667031,0.7050941287,0.811763592,-2,2.137943268,1.896087527,0.05980822071,2.158657508,2.270455721,0,0.4263632205,0.3796809812,1.621631386,0.3233939707,0.5726392269,0.009388307109,0.230431775,0.4505916495,0.130858206,0.7402135212,0,0,0,1,0,0,0
21.31037164,19.29030967,rate,aggressive,0.5359259844,1.01845789,-1.667667031,0.7266297646,0.8343123962,-2,2.137943268,1.896087527,0.05980822071,2.152864938,2.243815936,0,0.4251149216,0.3531497214,1.510101798,0.3233939707,0.5726392269,0.009388307109,0.0456585106,0.4968025978,0.09421016084,0.7410577861,0,0,0,1,0,0,0
21.32038212,19.30032015,rate,aggressive,0.5831017494,1.06092453,-1.666530252,0.7481511963,0.8566374189,-2,2.131800175,1.840460062,0.05932806805,2.146885774,2.216393096,0,0.4244721627,0.3808845511,1.788482196,0.2849966884,0.545691669,0.0195974987,0.2862875281,0.3958095085,0.152045584,0.7418984679,0,0,0,1,0,0,0
21.3304038,19.31034184,rate,aggressive,0.5831017494,1.06092453,-1.666530252,0.7696358894,0.8787088371,-2,2.131800175,1.840460062,0.05932806805,2.140725364,2.188218756,0,0.4233197578,0.352896002,1.637576359,0.2849966884,0.545691669,0.0195974987,0.09149045811,0.4613644007,0.1102371908,0.742848351,0,0,0,1,0,0,0
21.34038615,19.32032418,rate,aggressive,0.6144120097,1.088200092,-1.665784478,0.7909740063,0.9004093768,-2,2.127009869,1.801294684,0.05897029117,2.134416009,2.159447145,0,0.4220657609,0.3630503148,1.772950874,0.2771297991,0.5198113918,0.02579941601,0.1892821141,0.402209721,0.1364483953,0.7436743345,0,0,0,1,0,0,0
21.35042048,19.33035851,rate,aggressive,0.6144120097,1.088200092,-1.665784478,0.8123588798,0.9219299229,-2,2.127009869,1.801294684,0.05897029117,2.127900179,2.129823116,0,0.4225266236,0.3337801941,1.65022085,0.2771297991,0.5198113918,0.02579941601,0.01931577489,0.4808864955,0.0986821116,0.744718878,0,0,0,1,0,0,0
21.36039305,19.34033108,rate,aggressive,0.6611168385,1.127495646,-1.664683223,0.8335465132,0.9430200668,-2,2.118575096,1.739651084,0.05782236904,2.1212525,2.099692982,0,0.4197625201,0.3646652753,1.906731646,0.2576915324,0.4852298498,0.03548235074,0.2454953587,0.3373507588,0.1569051391,0.7452177149,0,0,0,1,0,0,0
21.37043428,19.35037231,rate,aggressive,0.6611168385,1.127495646,-1.664683223,0.8548121847,0.9639484059,-2,2.118575096,1.739651084,0.05782236904,2.114386404,2.068671855,0,0.4203604741,0.3340892688,1.744139188,0.2576915324,0.4852298498,0.03548235074,0.06608738222,0.4379360873,0.1142649291,0.7463745741,0,0,0,1,0,0,0
21.38038516,19.36032319,rate,aggressive,0.6921681762,1.152752399,-1.663971543,0.8758176205,0.9843777778,-2,2.112175226,1.696814895,0.05662672222,2.107411738,2.03726318,0,0.4183207565,0.3451583863,1.854015652,0.2221684307,0.4767276049,0.04086900875,0.1606654835,0.3644814065,0.140295783,0.7469407595,0,0,0,1,0,0,0
21.39042211,19.37036014,rate,aggressive,0.6921681762,1.152752399,-1.663971543,0.8969335763,1.004663919,-2,2.112175226,1.696814895,0.05662672222,2.100205521,2.004920778,0,0.4204452292,0.3134949678,1.72170597,0.2221684307,0.4767276049,0.04086900875,0.004362262489,0.4734358075,0.1020508922,0.7481977007,0,0,0,1,0,0,0
21.40039635,19.38033438,rate,aggressive,0.7382665873,1.188692331,-1.662960052,0.9178451129,1.024498495,-2,2.101590633,1.62969017,0.05479905382,2.09287455,1.972132141,0,0.4156969919,0.3469083596,1.955056945,0.1799537688,0.4608781934,0.05023916438,0.2211980419,0.2846358783,0.1598436042,0.7482869963,0,0,0,1,0,0,0
21.41033053,19.39026856,rate,aggressive,0.753631711,1.200343251,-1.662623763,0.9385991581,1.043925193,-2,2.097967386,1.606765985,0.05417687446,2.085405383,1.93884332,0,0.4153339507,0.3367020846,1.910000208,0.1729740649,0.4496097267,0.05301966518,0.1688123899,0.3148119719,0.1467103665,0.7491923891,0,0,0,1,0,0,0
21.42038465,19.40032268,rate,aggressive,0.7688376307,1.211566329,-1.662302613,0.9595273447,1.06324653,-2,2.094087601,1.583238363,0.05345612764,2.07767632,1.904521485,0,0.4152118193,0.3261130668,1.864584389,0.1682379842,0.4373553693,0.05499282479,0.1257989617,0.3386003012,0.1359651582,0.750082879,0,0,0,1,0,0,0
21.43034768,19.41028571,rate,aggressive,0.784042418,1.222621202,-1.661985636,0.9801884565,1.082049357,-2,2.090155602,1.559480071,0.05271085724,2.069849458,1.869895229,0,0.4153160513,0.3155128278,1.818986592,0.1626742929,0.4310040474,0.05813436583,0.09580020297,0.3598703812,0.1284563894,0.7509847939,0,0,0,1,0,0,0
21.44038582,19.42032385,rate,aggressive,0.8144433498,1.244217634,-1.661363602,1.000925607,1.100641975,-2,2.082089424,1.511315346,0.05133403093,2.061795291,1.834399812,0,0.4123884241,0.3277660853,1.933458644,0.1610744148,0.3985550702,0.06321197748,0.1778877612,0.2639856039,0.15146494,0.7513233263,0,0,0,1,0,0,0
21.4504106,19.43034863,rate,aggressive,0.8144433498,1.244217634,-1.661363602,1.021553644,1.118851258,-2,2.082089424,1.511315346,0.05133403093,2.053583892,1.798353923,0,0.4162763656,0.2929827521,1.718216232,0.1610744148,0.3985550702,0.06321197748,0.03598685905,0.4218162484,0.1122257905,0.7529323538,0,0,0,1,0,0,0
21.46034765,19.44028568,rate,aggressive,0.8446649909,1.264831305,-1.660778165,1.04191908,1.13654166,-2,2.07366848,1.461950541,0.04989398643,2.045279382,1.7620456,0,0.412842418,0.3055362426,1.800304143,0.1639045328,0.3670555651,0.06903212517,0.1324550906,0.3098270108,0.1395028906,0.7532111102,0,0,0,1,0,0,0
21.47049308,19.45043111,rate,aggressive,0.8446649909,1.264831305,-1.660778165,1.062625589,1.154227861,-2,2.07366848,1.461950541,0.04989398643,2.036631964,1.724394406,0,0.4181045292,0.2696996399,1.624816735,0.1639045328,0.3670555651,0.06903212517,0.005946440071,0.4724649925,0.103722548,0.7549457611,0,0,0,1,0,0,0
21.48040485,19.46034288,rate,aggressive,0.8897196054,1.29399991,-1.659965515,1.08276968,1.171135069,-2,2.060469866,1.385832787,0.04716930166,2.028019713,1.687054885,0,0.4098628445,0.306614918,1.829745559,0.1600872576,0.3393770158,0.07534331828,0.2061853912,0.2141043612,0.1614210872,0.7542433359,0,0,0,1,0,0,0
21.49038649,19.47032452,rate,aggressive,0.8897196054,1.29399991,-1.659965515,1.102968664,1.187784702,-2,2.060469866,1.385832787,0.04716930166,2.019183672,1.64890955,0,0.4151870447,0.2704420015,1.611644095,0.1600872576,0.3393770158,0.07534331828,0.06928269719,0.4052830362,0.1209673727,0.7560679296,0,0,0,1,0,0,0
21.50039792,19.48033595,rate,aggressive,0.9193781018,1.31201005,-1.659508824,1.123138543,1.204098903,-2,2.050950289,1.333540797,0.0448945947,2.010157568,1.610115678,0,0.4112145107,0.283148787,1.68807857,0.141193673,0.3633498549,0.08170763403,0.1510718289,0.2795711955,0.1444759941,0.7559668349,0,0,0,1,0,0,0
21.51046062,19.49039865,rate,aggressive,0.9193781018,1.31201005,-1.659508824,1.143319809,1.220102607,-2,2.050950289,1.333540797,0.0448945947,2.0009208,1.570596319,0,0.4177692032,0.246401694,1.518711179,0.141193673,0.3633498549,0.08170763403,0.03252429429,0.469733352,0.1089074727,0.7579128134,0,0,0,1,0,0,0
21.52039981,19.50033784,rate,aggressive,0.9636264443,1.337371826,-1.658948779,1.163161341,1.23551698,-2,2.036194563,1.252909422,0.04089118913,1.99163629,1.531056121,0,0.4080496536,0.2846455956,1.746773412,0.1282214224,0.359092772,0.08884599805,0.2165657882,0.1648687338,0.1626686395,0.756449771,0,0,0,1,0,0,0
21.53067303,19.51061106,rate,aggressive,0.9636264443,1.337371826,-1.658948779,1.183571846,1.251033723,-2,2.036194563,1.252909422,0.04089118913,1.981872278,1.489672239,0,0.4149050291,0.2463323604,1.496476407,0.1282214224,0.359092772,0.08884599805,0.0903499346,0.3872044314,0.1232749365,0.758567666,0,0,0,1,0,0,0
21.54040051,19.52033854,rate,aggressive,0.9928417802,1.352977753,-1.658659458,1.202804862,1.26533197,-2,2.025917292,1.197802186,0.03788404539,1.97247078,1.450017041,0,0.41021902,0.260584082,1.595077403,0.1231794655,0.3582672179,0.0922832787,0.1729879596,0.2353965634,0.1471900357,0.7580085945,0,0,0,1,0,0,0
21.55046892,19.53040695,rate,aggressive,0.9928417802,1.352977753,-1.658659458,1.222614865,1.279722754,-2,2.025917292,1.197802186,0.03788404539,1.962580557,1.408503938,0,0.4179417795,0.2232531546,1.397272869,0.1231794655,0.3582672179,0.0922832787,0.0634216495,0.4523275929,0.1125770393,0.7601922387,0,0,0,1,0,0,0
21.56040215,19.54034019,rate,aggressive,1.036234617,1.374352098,-1.658342004,1.24206052,1.293508456,-2,2.010074139,1.11286664,0.03313680366,1.952665201,1.367094815,0,0.4069768824,0.2627276133,1.680841762,0.1288177073,0.3274383545,0.09948112071,0.2313303456,0.1056219967,0.1629070144,0.7580414001,0,0,0,1,0,0,0
21.57048321,19.55042124,rate,aggressive,1.036234617,1.374352098,-1.658342004,1.261694049,1.307076501,-2,2.010074139,1.11286664,0.03313680366,1.942442736,1.324622702,0,0.4148350846,0.2247502707,1.391095121,0.1288177073,0.3274383545,0.09948112071,0.1160833179,0.355515325,0.1252314557,0.7603550643,0,0,0,1,0,0,0
21.58039927,19.56033731,rate,aggressive,1.064996362,1.387433887,-1.658191204,1.280904941,1.32000265,-2,1.99922502,1.055228949,0.02984514274,1.932231573,1.282420107,0,0.4098740531,0.2387355796,1.505927759,0.1338414252,0.3093705773,0.1022261605,0.1897889155,0.1960164721,0.1469311902,0.759533314,0,0,0,1,0,0,0
21.59032178,19.57025981,rate,aggressive,1.079190612,1.393354177,-1.658159137,1.300026188,1.33251626,-2,1.993581772,1.025775671,0.02803713642,1.921859737,1.239781172,0,0.4114909228,0.2274389712,1.432414925,0.1341575086,0.317255348,0.1047427356,0.1661272213,0.2429233763,0.1377734668,0.7601876821,0,0,0,1,0,0,0
21.60039854,19.58033657,rate,aggressive,1.107547402,1.404605508,-1.65812397,1.319338582,1.344789365,-2,1.982196569,0.9664619565,0.02482369356,1.911169805,1.196074691,0,0.4065866383,0.241625795,1.617378697,0.1393288374,0.3106847405,0.1082781106,0.2215828124,0.08743822028,0.1538571268,0.7591899561,0,0,0,1,0,0,0
21.61044216,19.59038019,rate,aggressive,1.107547402,1.404605508,-1.65812397,1.338479486,1.356581877,-2,1.982196569,0.9664619565,0.02482369356,1.900358614,1.152120384,0,0.4153493903,0.2044082154,1.289460776,0.1393288374,0.3106847405,0.1082781106,0.1225364358,0.3542470696,0.1203631578,0.7617178747,0,0,0,1,0,0,0
21.62040162,19.60033965,rate,aggressive,1.135690808,1.414738655,-1.65815413,1.357352007,1.367837776,-2,1.97032249,0.906386435,0.02218375169,1.889484686,1.108162537,0,0.4101121533,0.2184959147,1.443399591,0.1478850842,0.2836418152,0.1108338833,0.1873602014,0.1655001919,0.1399847739,0.7607490459,0,0,0,1,0,0,0
21.63034296,19.61028099,rate,aggressive,1.135690808,1.414738655,-1.65815413,1.376081436,1.378634817,-2,1.97032249,0.906386435,0.02218375169,1.878479147,1.063929498,0,0.4194636334,0.1837039337,1.173988088,0.1478850842,0.2836418152,0.1108338833,0.1023130608,0.4238963377,0.1109593908,0.7633487051,0,0,0,1,0,0,0
21.64039373,19.62033176,rate,aggressive,1.177560687,1.427959204,-1.658340573,1.394905049,1.389101941,-2,1.952147722,0.8149632812,0.01806156896,1.867199594,1.018863278,0,0.4067918659,0.2216249389,1.558124653,0.157634005,0.2562088966,0.115939334,0.2342389061,0.01035373785,0.1530892869,0.7603598078,0,0,0,1,0,0,0
21.65058804,19.63052607,rate,aggressive,1.177560687,1.427959204,-1.658340573,1.413880867,1.3992541,-2,1.952147722,0.8149632812,0.01806156896,1.8556029,0.9728129312,0,0.4164161074,0.1859129769,1.189624094,0.157634005,0.2562088966,0.115939334,0.1445210741,0.308425597,0.1214032766,0.7631362658,0,0,0,1,0,0,0
21.66039824,19.64033628,rate,aggressive,1.205064774,1.435100317,-1.658578157,1.432029375,1.408578952,-2,1.939436674,0.752776444,0.01525020786,1.844295642,0.9281881752,0,0.4108347449,0.2001341059,1.374628778,0.159543395,0.2555207312,0.1182814538,0.1994340357,0.1000574053,0.1384210943,0.7617555702,0,0,0,1,0,0,0
21.67059827,19.6505363,rate,aggressive,1.205064774,1.435100317,-1.658578157,1.45078063,1.417808558,-2,1.939436674,0.752776444,0.01525020786,1.832386642,0.8814835277,0,0.4210037547,0.16810054,1.067130323,0.159543395,0.2555207312,0.1182814538,0.1235494327,0.3867701075,0.1114144164,0.7646262203,0,0,0,1,0,0,0
21.68039155,19.66032958,rate,aggressive,1.246027589,1.443945408,-1.65901494,1.468669124,1.426220446,-2,1.919607162,0.6578993201,0.01066540461,1.820807215,0.8363615089,0,0.4076202132,0.204264371,1.529442898,0.1670253128,0.2098874152,0.1215572506,0.2369639476,-0.07848946445,0.1487344025,0.7608475828,0,0,0,1,0,0,0
21.69035506,19.67029309,rate,aggressive,1.246027589,1.443945408,-1.65901494,1.486751468,1.434323739,-2,1.919607162,0.6578993201,0.01066540461,1.808881355,0.7901885419,0,0.417506136,0.1728421054,1.119433198,0.1670253128,0.2098874152,0.1215572506,0.1581280686,0.2483612131,0.1197270924,0.7637521247,0,0,0,1,0,0,0
21.70038986,19.68032789,rate,aggressive,1.273032188,1.448357821,-1.659386992,1.504842351,1.442018718,-2,1.905883908,0.5937405229,0.007371951826,1.796723155,0.7434283681,0,0.4120598942,0.1854099964,1.316305392,0.1712309271,0.1979925334,0.124004066,0.200804938,0.0429526029,0.1330543894,0.7620205543,0,0,0,1,0,0,0
21.7105391,19.69047713,rate,aggressive,1.273032188,1.448357821,-1.659386992,1.523014694,1.449322906,-2,1.905883908,0.5937405229,0.007371951826,1.784277236,0.6958882731,0,0.4225037342,0.1589864498,0.9680202612,0.1712309271,0.1979925334,0.124004066,0.1359020714,0.3518404847,0.1089939571,0.7650594738,0,0,0,1,0,0,0
21.72039151,19.70032954,rate,aggressive,1.313227773,1.453065276,-1.660040736,1.540534019,1.455950818,-2,1.88477695,0.4966591597,0.002477072878,1.772052905,0.6495162651,0,0.4089605812,0.1899424672,1.495120186,0.1723514497,0.1932507753,0.1273579597,0.2317989349,-0.1381919329,0.1413813198,0.7607066848,0,0,0,1,0,0,0
21.73036146,19.71029949,rate,aggressive,1.313227773,1.453065276,-1.660040736,1.558139043,1.462191673,-2,1.88477695,0.4966591597,0.002477072878,1.759540907,0.6023831512,0,0.4190908287,0.163913894,1.040211107,0.1723514497,0.1932507753,0.1273579597,0.164986606,0.2109016397,0.1156792182,0.7637822266,0,0,0,1,0,0,0
21.74040413,19.72034216,rate,aggressive,1.339676499,1.454710484,-1.660542846,1.575745643,1.468001983,-2,1.870069623,0.4313753843,1.270724169e-05,1.746794433,0.5547101774,0,0.4136864322,0.1743795969,1.275683751,0.1753495485,0.1595310718,0.1292080879,0.1986180046,-0.009053561063,0.1262260627,0.7619770807,0,0,0,1,0,0,0
21.75068951,19.73062754,rate,aggressive,1.339676499,1.454710484,-1.660542846,1.593644315,1.473455484,-2,1.870069623,0.4313753843,1.270724169e-05,1.733591998,0.5056972967,0,0.4243609148,0.1554023453,0.8705772481,0.1753495485,0.1595310718,0.1292080879,0.1449907284,0.3200021451,0.1053487265,0.7652225494,0,0,0,1,0,0,0
21.76039696,19.74033499,rate,aggressive,1.378815532,1.454924941,-1.661362052,1.610412039,1.478139334,-2,1.847123384,0.332442075,-0.004151871894,1.720995114,0.4592791278,0,0.4109154537,0.1789223759,1.437475908,0.1821706146,0.09426832199,0.1300929785,0.2174984011,-0.2069972021,0.1306468026,0.7604709887,0,0,0,1,0,0,0
21.77052045,19.75045848,rate,aggressive,1.378815532,1.454924941,-1.661362052,1.627767435,1.482543182,-2,1.847123384,0.332442075,-0.004151871894,1.707718441,0.4107224254,0,0.4212071666,0.1599337036,0.9367801672,0.1821706146,0.09426832199,0.1300929785,0.163954948,0.1671044151,0.1088380258,0.7637357026,0,0,0,1,0,0,0
21.78040385,19.76034188,rate,aggressive,1.404693365,1.45378232,-1.661937356,1.644580888,1.486367706,-2,1.831431627,0.2664493918,-0.006290219724,1.694619869,0.3631856006,0,0.4158054618,0.1676750373,1.161918614,0.1867734641,0.06304869056,0.13177827,0.1903473086,-0.06193384431,0.1173292761,0.7617255493,0,0,0,1,0,0,0
21.79038692,19.77032495,rate,aggressive,1.404693365,1.45378232,-1.661937356,1.661431777,1.489753245,-2,1.831431627,0.2664493918,-0.006290219724,1.681253106,0.3150528059,0,0.4260221482,0.1579729314,0.743601546,0.1867734641,0.06304869056,0.13177827,0.1481605206,0.285523739,0.09990073586,0.76499559,0,0,0,1,0,0,0
21.80041313,19.78035116,rate,aggressive,1.44271791,1.449504137,-1.662933826,1.678220515,1.492669261,-2,1.80663991,0.166763559,-0.009548244067,1.667691963,0.2666095808,0,0.4134468651,0.171367818,1.363114917,0.1809216738,0.1167389825,0.1339600831,0.1927782445,-0.2472622932,0.116406657,0.7600847378,0,0,0,1,0,0,0
21.81053877,19.7904768,rate,aggressive,1.44271791,1.449504137,-1.662933826,1.695037039,1.495120783,-2,1.80663991,0.166763559,-0.009548244067,1.653858532,0.2175979143,0,0.4235084728,0.1612992559,0.8245408958,0.1809216738,0.1167389825,0.1339600831,0.1539325972,0.1427242289,0.09910439633,0.7634617873,0,0,0,1,0,0,0
21.82041049,19.80034852,rate,aggressive,1.467728019,1.445279717,-1.663644195,1.711296356,1.497032707,-2,1.789485097,0.09986519814,-0.01163434889,1.640239761,0.1697455727,0,0.4184962777,0.1652053118,1.143267182,0.1779298037,0.09827259183,0.1334883124,0.1675745086,-0.1123238378,0.103533455,0.7611101256,0,0,0,1,0,0,0
21.83040571,19.81034374,rate,aggressive,1.480090976,1.442688942,-1.664020896,1.727621454,1.498486979,-2,1.780687571,0.06618439406,-0.01280515175,1.626318705,0.1212400314,0,0.4210305418,0.1643923412,1.032394867,0.1754909903,0.08352550119,0.1335294247,0.1554541228,-0.03325317522,0.0971448083,0.7615535072,0,0,0,1,0,0,0
21.8404026,19.82034063,rate,aggressive,1.504750729,1.436867833,-1.664779544,1.743809441,1.49945634,-2,1.762965202,-0.0009157732129,-0.01471520867,1.612263686,0.07268713875,0,0.4164602543,0.168359357,1.392409448,0.1734862626,0.05808876455,0.134557873,0.161756575,-0.2580256417,0.09898713285,0.7591287393,0,0,0,1,0,0,0
21.85046673,19.83040476,rate,aggressive,1.504750729,1.436867833,-1.664779544,1.75996371,1.499941802,-2,1.762965202,-0.0009157732129,-0.01471520867,1.597982312,0.0237839662,0,0.4260102648,0.1674693068,0.7998307103,0.1734862626,0.05808876455,0.134557873,0.1387820915,0.1354531952,0.08683037609,0.762581841,0,0,0,1,0,0,0
21.86039829,19.84033632,rate,aggressive,1.528918624,1.429555655,-1.665574431,1.775763657,1.499938331,-2,1.744687676,-0.06825426966,-0.01592936739,1.583760519,-0.02448279333,0,0.42157639,0.1675327935,1.148031194,0.1692642868,0.01713451184,0.1333243847,0.142701109,-0.1388146233,0.08802346813,0.7601556841,0,0,0,1,0,0,0
21.87049484,19.85043287,rate,aggressive,1.528918624,1.429555655,-1.665574431,1.791680641,1.499443455,-2,1.744687676,-0.06825426966,-0.01592936739,1.569172772,-0.07354326485,0,0.4310088668,0.1763156255,0.5820002719,0.1692642868,0.01713451184,0.1333243847,0.1289751229,0.2325488299,0.07950466277,0.7636516468,0,0,0,1,0,0,0
21.88039064,19.86032867,rate,aggressive,1.564724088,1.416715264,-1.666757226,1.8071376,1.498477856,-2,1.71657753,-0.1689749211,-0.01732255146,1.554749335,-0.1216048073,0,0.4201192435,0.1695062338,1.328645175,0.1615234464,-0.08306842297,0.1323409081,0.1369352457,-0.3571524579,0.08392537766,0.758279201,0,0,0,1,0,0,0
21.890486,19.87042403,rate,aggressive,1.564724088,1.416715264,-1.666757226,1.822758544,1.497002882,-2,1.71657753,-0.1689749211,-0.01732255146,1.539907967,-0.1705956846,0,0.4290438537,0.1775241737,0.7021915324,0.1615234464,-0.08306842297,0.1323409081,0.1280565593,0.06459881388,0.07591161734,0.761788794,0,0,0,1,0,0,0
21.90041232,19.88035035,rate,aggressive,1.588163614,1.406694651,-1.667549133,1.837971221,1.495070637,-2,1.697113395,-0.235821709,-0.0184290763,1.525191152,-0.2187114127,0,0.4251326076,0.1737516923,1.006308095,0.1555039138,-0.09130142629,0.1317839473,0.1239421706,-0.1965958242,0.07407187356,0.7592255614,0,0,0,1,0,0,0
21.91042185,19.89035988,rate,aggressive,1.588163614,1.406694651,-1.667549133,1.853162878,1.492638901,-2,1.697113395,-0.235821709,-0.0184290763,1.510227716,-0.2671597303,0,0.4337448587,0.190388969,0.4226374359,0.1555039138,-0.09130142629,0.1317839473,0.1229350804,0.1934142013,0.0693868179,0.7627119152,0,0,0,1,0,0,0
21.92040038,19.90033841,rate,aggressive,1.622741103,1.389458537,-1.668759227,1.868157801,1.489732418,-2,1.667048335,-0.3361428678,-0.02108563669,1.49518862,-0.3153717243,0,0.4242695566,0.1743898112,1.202866252,0.1445852667,-0.1099221706,0.1305210292,0.1111277756,-0.4008525702,0.06711740654,0.7567284777,0,0,0,1,0,0,0
21.93046641,19.91040444,rate,aggressive,1.622741103,1.389458537,-1.668759227,1.88313155,1.486313522,-2,1.667048335,-0.3361428678,-0.02108563669,1.479895472,-0.3639033513,0,0.4323245572,0.1903718537,0.5613484012,0.1445852667,-0.1099221706,0.1305210292,0.1167338874,0.03594938729,0.06351377883,0.7602324656,0,0,0,1,0,0,0
21.9404223,19.92036033,rate,aggressive,1.64547658,1.376748919,-1.669567943,1.897789424,1.48245208,-2,1.646704197,-0.4025101066,-0.02307287045,1.464650195,-0.4117864594,0,0.4289758434,0.1837445717,0.8933625322,0.1363021731,-0.1026988029,0.1290048808,0.1094735436,-0.228679286,0.06045442863,0.7572853255,0,0,0,1,0,0,0
21.95048428,19.93042231,rate,aggressive,1.64547658,1.376748919,-1.669567943,1.912448687,1.478065783,-2,1.646704197,-0.4025101066,-0.02307287045,1.449122982,-0.4600454231,0,0.436720228,0.2070772963,0.2933387491,0.1363021731,-0.1026988029,0.1290048808,0.1207935845,0.1729978785,0.05946777755,0.7607836467,0,0,0,1,0,0,0
21.96040821,19.94034624,rate,aggressive,1.667714238,1.362628818,-1.670378447,1.926753218,1.473264754,-2,1.625676036,-0.4689444602,-0.02520829812,1.433692383,-0.5074945606,0,0.4335802947,0.1974317387,0.6431074257,0.1279570162,-0.08349243551,0.1285436302,0.1068270394,-0.1340299025,0.05412585503,0.7576470019,0,0,0,1,0,0,0
21.97040319,19.95034122,rate,aggressive,1.667714238,1.362628818,-1.670378447,1.941004802,1.467954204,-2,1.625676036,-0.4689444602,-0.02520829812,1.418035715,-0.5551196906,0,0.440943917,0.2262214211,0.2092492915,0.1279570162,-0.08349243551,0.1285436302,0.1240493701,0.2493673649,0.05559115609,0.7611179784,0,0,0,1,0,0,0
21.98041773,19.96035576,rate,aggressive,1.700747132,1.339978814,-1.671597242,1.955126738,1.462156746,-2,1.593785644,-0.5669632554,-0.02689805068,1.402233342,-0.602657765,0,0.4329951526,0.1966974514,0.9066556818,0.1171330586,-0.1147126034,0.1260239333,0.09352835322,-0.3808926909,0.04642502915,0.7550767148,0,0,0,1,0,0,0
21.99041891,19.97035694,rate,aggressive,1.700747132,1.339978814,-1.671597242,1.969071339,1.455892863,-2,1.593785644,-0.5669632554,-0.02689805068,1.386338353,-0.6499370357,0,0.4396388495,0.225038956,0.2932319156,0.1171330586,-0.1147126034,0.1260239333,0.1179819443,0.05650989655,0.04906456632,0.7585340775,0,0,0,1,0,0,0
22.00041056,19.98034859,rate,aggressive,1.732913494,1.314699411,-1.672812581,1.982843341,1.449163818,-2,1.560985684,-0.664590776,-0.02929852344,1.370346362,-0.6969609051,0,0.433124938,0.1955749985,1.257305588,0.11294467,-0.03284666687,0.1223833859,0.07482692058,-0.5630827532,0.03660974888,0.7521070084,0,0,0,1,0,0,0
22.01060343,19.99054146,rate,aggressive,1.732913494,1.314699411,-1.672812581,1.996727477,1.441816283,-2,1.560985684,-0.664590776,-0.02929852344,1.353918129,-0.744699412,0,0.4390992182,0.2239481398,0.5975220826,0.11294467,-0.03284666687,0.1223833859,0.1078767365,-0.08901611281,0.04103332523,0.75561622,0,0,0,1,0,0,0
22.02041364,20.00035167,rate,aggressive,1.753933907,1.296610594,-1.673632383,2.009931698,1.434286219,-2,1.538648605,-0.7297058105,-0.03138418868,1.337999029,-0.790409171,0,0.4370414946,0.2119672561,1.108759509,0.1077799201,-0.05105746165,0.1200976521,0.08360541111,-0.3874121251,0.03272674391,0.7521692008,0,0,0,1,0,0,0
22.03043461,20.01037264,rate,aggressive,1.753933907,1.296610594,-1.673632383,2.023257822,1.426132657,-2,1.538648605,-0.7297058105,-0.03138418868,1.321630245,-0.8368463943,0,0.4425236239,0.2440513073,0.4788949563,0.1077799201,-0.05105746165,0.1200976521,0.1198920963,0.0429309494,0.03919481008,0.7556094813,0,0,0,1,0,0,0
22.04041243,20.02035046,rate,aggressive,1.784824252,1.267635107,-1.674869061,2.036363052,1.417553202,-2,1.504936099,-0.8264747858,-0.0333023183,1.305225142,-0.8828131513,0,0.4375583743,0.2101607059,1.402635793,0.09485057741,-0.2212368101,0.1146173701,0.06205693135,-0.6006406991,0.02222762466,0.7490352031,0,0,0,1,0,0,0
22.0504427,20.03038073,rate,aggressive,1.784824252,1.267635107,-1.674869061,2.049371662,1.408467799,-2,1.504936099,-0.8264747858,-0.0333023183,1.288627716,-0.9287345179,0,0.4421869597,0.2415686527,0.7631797433,0.09485057741,-0.2212368101,0.1146173701,0.1074938168,-0.1260726131,0.03049318163,0.7524363007,0,0,0,1,0,0,0
22.06040597,20.040344,rate,aggressive,1.804826736,1.246839166,-1.675675988,2.062128051,1.398988566,-2,1.481992841,-0.8898321986,-0.03390073031,1.272037185,-0.9740494928,0,0.4410662887,0.2287426271,1.127636579,0.09070718288,-0.2470501214,0.1119707525,0.07535901453,-0.4107894184,0.01933485788,0.7493056221,0,0,0,1,0,0,0
22.07036257,20.0503006,rate,aggressive,1.804826736,1.246839166,-1.675675988,2.074710252,1.389066199,-2,1.481992841,-0.8898321986,-0.03390073031,1.255355595,-1.019021153,0,0.4452546526,0.2630655564,0.5406562374,0.09070718288,-0.2470501214,0.1119707525,0.1232753888,0.0207190366,0.02927773072,0.7526358152,0,0,0,1,0,0,0
22.08041263,20.06035066,rate,aggressive,1.834251523,1.214024186,-1.676871419,2.087241609,1.378598254,-2,1.447061777,-0.9832930565,-0.03487481549,1.238415196,-1.064082989,0,0.4421545965,0.2264435067,1.366667416,0.08500288427,-0.2781961262,0.1066025868,0.04719022225,-0.6201387499,0.007008641027,0.746277757,0,0,0,1,0,0,0
22.09083366,20.07077169,rate,aggressive,1.834251523,1.214024186,-1.676871419,2.10005519,1.367267527,-2,1.447061777,-0.9832930565,-0.03487481549,1.220742496,-1.110440277,0,0.4455863452,0.2619219074,0.7444012357,0.08500288427,-0.2781961262,0.1066025868,0.1064594037,-0.1409260073,0.01907063982,0.7496947036,0,0,0,1,0,0,0
22.10041285,20.08035088,rate,aggressive,1.853356123,1.190916777,-1.677654624,2.111670715,1.356427703,-2,1.423422813,-1.044329524,-0.03509628028,1.204402715,-1.152708374,0,0.4450020638,0.2468755304,1.111748489,0.08383884281,-0.2713696063,0.1045380458,0.06465587016,-0.4544145496,0.005698016108,0.7464983765,0,0,0,1,0,0,0
22.11045599,20.09039402,rate,aggressive,1.853356123,1.190916777,-1.677654624,2.123680279,1.344629881,-2,1.423422813,-1.044329524,-0.03509628028,1.18717542,-1.19665549,0,0.4478944178,0.2832803907,0.5880617967,0.08383884281,-0.2713696063,0.1045380458,0.1248634448,-0.01558995406,0.01892136144,0.749734676,0,0,0,1,0,0,0
22.12041259,20.10035062,rate,aggressive,1.881307483,1.154388428,-1.678826451,2.135415086,1.332499964,-2,1.387383938,-1.134641171,-0.0353221111,1.170000834,-1.239837918,0,0.4465947176,0.2440684764,1.371694221,0.07765267789,-0.3095586896,0.09881638736,0.02953365008,-0.6744039022,-0.007910772375,0.7434871945,0,0,0,1,0,0,0
22.1304307,20.11036873,rate,aggressive,1.881307483,1.154388428,-1.678826451,2.147049328,1.319863162,-2,1.387383938,-1.134641171,-0.0353221111,1.152625325,-1.282885184,0,0.4485009077,0.279884879,0.8163164291,0.07765267789,-0.3095586896,0.09881638736,0.1014924641,-0.1905785069,0.007491947809,0.7466396407,0,0,0,1,0,0,0
22.14042568,20.12036371,rate,aggressive,1.899563551,1.129008055,-1.679591179,2.158482776,1.30682784,-2,1.363152504,-1.193326235,-0.03529454023,1.13519655,-1.32541738,0,0.4486879245,0.265815147,1.123694764,0.07380001992,-0.3289606273,0.09507469088,0.05861987594,-0.4743367612,-0.005793971958,0.7436181376,0,0,0,1,0,0,0
22.15046477,20.1304028,rate,aggressive,1.899563551,1.129008055,-1.679591179,2.16979086,1.293309219,-2,1.363152504,-1.193326235,-0.03529454023,1.117598397,-1.367705412,0,0.4501993821,0.3032336086,0.6678762651,0.07380001992,-0.3289606273,0.09507469088,0.1295440398,-0.03708000884,0.009993547478,0.7467079783,0,0,0,1,0,0,0
22.16043258,20.14037061,rate,aggressive,1.92603004,1.088963628,-1.680699348,2.180843401,1.279468768,-2,1.32618463,-1.279554009,-0.03446848691,1.10003494,-1.40925134,0,0.4507493355,0.2629698776,1.391921927,0.07306758314,-0.2903481722,0.08850907534,0.01666750341,-0.7038639503,-0.02043566722,0.7407862627,0,0,0,1,0,0,0
22.17038703,20.15032506,rate,aggressive,1.92603004,1.088963628,-1.680699348,2.191705979,1.265235808,-2,1.32618463,-1.279554009,-0.03446848691,1.082406656,-1.450288886,0,0.4512299774,0.2996100386,0.8843865527,0.07306758314,-0.2903481722,0.08850907534,0.1005072626,-0.2212551707,-0.002337278261,0.7437662981,0,0,0,1,0,0,0
22.18042445,20.16036248,rate,aggressive,1.943207383,1.061233401,-1.681405306,2.202480975,1.250472939,-2,1.301390052,-1.335590959,-0.03337524459,1.064543479,-1.491196992,0,0.4522576446,0.2853479343,1.21129279,0.06916553527,-0.319324553,0.08459813893,0.04851449277,-0.5151124722,-0.01718282791,0.740999919,0,0,0,1,0,0,0
22.19036198,20.17030001,rate,aggressive,1.943207383,1.061233401,-1.681405306,2.212971672,1.235454874,-2,1.301390052,-1.335590959,-0.03337524459,1.0467725,-1.53121849,0,0.4523587873,0.3228221428,0.7856830107,0.06916553527,-0.319324553,0.08459813893,0.1302877135,-0.07956171272,0.0009764450741,0.743905026,0,0,0,1,0,0,0
22.20041013,20.18034816,rate,aggressive,1.968306422,1.018099546,-1.68241632,2.223399167,1.219867728,-2,1.263654232,-1.418025494,-0.03190676495,1.02871856,-1.571187332,0,0.4545790377,0.2822611562,1.428527445,0.05877464265,-0.4149836004,0.07748378068,0.005073887293,-0.7358296871,-0.03130753811,0.7382880474,0,0,0,1,0,0,0
22.21048474,20.19042277,rate,aggressive,1.968306422,1.018099546,-1.68241632,2.233671573,1.203838914,-2,1.263654232,-1.418025494,-0.03190676495,1.01053261,-1.610745434,0,0.4536266857,0.3197335968,0.9555208491,0.05877464265,-0.4149836004,0.07748378068,0.1004661204,-0.2549326717,-0.01109460606,0.741130696,0,0,0,1,0,0,0
22.22042203,20.20036006,rate,aggressive,1.984393716,0.9881317616,-1.683024168,2.243624059,1.187640751,-2,1.238129139,-1.471336484,-0.0302049797,0.9925131612,-1.649245467,0,0.4554974048,0.3047805036,1.200097043,0.05051957443,-0.4610517919,0.0743765682,0.03799726092,-0.5476697478,-0.02818206281,0.7385290103,0,0,0,1,0,0,0
22.23040867,20.2103467,rate,aggressive,1.984393716,0.9881317616,-1.683024168,2.253445173,1.17097934,-2,1.238129139,-1.471336484,-0.0302049797,0.9743242429,-1.687405088,0,0.454197756,0.3423317185,0.8461651771,0.05051957443,-0.4610517919,0.0743765682,0.1310133766,-0.1125641588,-0.008103842799,0.7412561786,0,0,0,1,0,0,0
22.24041772,20.22035575,rate,aggressive,2.000233889,0.9576054215,-1.683581114,2.263105672,1.153900894,-2,1.212443471,-1.523215532,-0.02871879563,0.9560155332,-1.725103254,0,0.4558008323,0.3276258667,1.010790817,0.04543148354,-0.4850278497,0.06864727288,0.06568368301,-0.4252332697,-0.02607355262,0.7386725458,0,0,0,1,0,0,0
22.25059319,20.23053122,rate,aggressive,2.000233889,0.9576054215,-1.683581114,2.272738541,1.136154601,-2,1.212443471,-1.523215532,-0.02871879563,0.9373228985,-1.76285417,0,0.4541580191,0.3659819327,0.8360781111,0.04543148354,-0.4850278497,0.06864727288,0.1586348375,-0.01767392234,-0.005889207061,0.7413541371,0,0,0,1,0,0,0
22.26041818,20.24035621,rate,aggressive,2.023184061,0.9103535414,-1.684333086,2.281858758,1.11865781,-2,1.173335195,-1.598206162,-0.02663687244,0.9191994846,-1.798743795,0,0.4582017765,0.3248227578,1.162313073,0.05356168374,-0.4064440727,0.06268543005,0.004618459246,-0.6952914162,-0.04349189372,0.7361945309,0,0,0,1,0,0,0
22.27048469,20.25042272,rate,aggressive,2.023184061,0.9103535414,-1.684333086,2.291018114,1.100368094,-2,1.173335195,-1.598206162,-0.02663687244,0.9005560296,-1.834932093,0,0.4555065428,0.3621562676,0.8990302648,0.05356168374,-0.4064440727,0.06268543005,0.1146159436,-0.2320835133,-0.02076675718,0.7387325678,0,0,0,1,0,0,0
22.28043699,20.26037502,rate,aggressive,2.045252323,0.8615142107,-1.685000062,2.299888701,1.081930705,-2,1.133814096,-1.670536041,-0.02474274859,0.8820514102,-1.870117664,0,0.4611378068,0.3222258181,1.418098822,0.06612457335,-0.3344657719,0.05606989563,-0.03948123731,-0.8717668988,-0.05442759245,0.7337195351,0,0,0,1,0,0,0
22.29047847,20.2704165,rate,aggressive,2.045252323,0.8615142107,-1.685000062,2.308651759,1.062976262,-2,1.133814096,-1.670536041,-0.02474274859,0.8633092818,-1.905010223,0,0.4573742252,0.3588358959,1.042689465,0.06612457335,-0.3344657719,0.05606989563,0.08252551227,-0.3807292567,-0.03052215313,0.7361536352,0,0,0,1,0,0,0
22.30042696,20.28036499,rate,aggressive,2.059426546,0.8280724883,-1.685373425,2.31714773,1.043854868,-2,1.106994867,-1.717773557,-0.02399626188,0.8446711669,-1.938965994,0,0.4604043067,0.3439704041,1.309123057,0.05863546953,-0.395475179,0.05231728777,0.009608749051,-0.6665435061,-0.0464407659,0.7335232826,0,0,0,1,0,0,0
22.31052089,20.29045892,rate,aggressive,2.059426546,0.8280724883,-1.685373425,2.325578048,1.024111871,-2,1.106994867,-1.717773557,-0.02399626188,0.8256913849,-1.972782653,0,0.456352871,0.3804433056,0.9951600258,0.05863546953,-0.395475179,0.05231728777,0.1248765617,-0.2309366923,-0.02381017416,0.7358871075,0,0,0,1,0,0,0
22.32043219,20.30037022,rate,aggressive,2.079856157,0.7766527534,-1.685829997,2.333669091,1.004397099,-2,1.066377163,-1.786198854,-0.02226523869,0.8069886888,-2.005353873,0,0.4636715249,0.3403043397,1.459599548,0.03427764401,-0.5674186945,0.04460698366,-0.04995527244,-0.8696147013,-0.05989280521,0.7310725883,0,0,0,1,0,0,0
22.33045411,20.31039214,rate,aggressive,2.079856157,0.7766527534,-1.685829997,2.341661634,0.9841372605,-2,1.066377163,-1.786198854,-0.02226523869,0.7880119556,-2.037639635,0,0.4585790215,0.375773064,1.103991664,0.03427764401,-0.5674186945,0.04460698366,0.08102382642,-0.3958224834,-0.03585594723,0.7332973599,0,0,0,1,0,0,0
22.34042978,20.32036781,rate,aggressive,2.093050957,0.7416746616,-1.686089635,2.349428101,0.9636528774,-2,1.039224744,-1.829498649,-0.02046882361,0.7690591359,-2.069117915,0,0.4621074396,0.3616985228,1.243804115,0.02117465064,-0.6201067567,0.04020655528,0.005457522097,-0.6581649795,-0.05179064071,0.7311450846,0,0,0,1,0,0,0
22.35057807,20.3305161,rate,aggressive,2.093050957,0.7416746616,-1.686089635,2.357134631,0.9424952716,-2,1.039224744,-1.829498649,-0.02046882361,0.7497147642,-2.10045629,0,0.4567371474,0.397055468,1.01074104,0.02117465064,-0.6201067567,0.04020655528,0.1292046529,-0.2364823695,-0.02935468591,0.7332896301,0,0,0,1,0,0,0
22.36043334,20.34037137,rate,aggressive,2.111837864,0.6879431605,-1.686401606,2.364430456,0.9216474999,-2,0.9979457259,-1.891153932,-0.01806666888,0.7308690589,-2.130219113,0,0.4655799488,0.3588990271,1.321774708,0.02635864541,-0.5630742908,0.03399990872,-0.05913719843,-0.8543321121,-0.06513956763,0.7290777052,0,0,0,1,0,0,0
22.37047744,20.35041547,rate,aggressive,2.111837864,0.6879431605,-1.686401606,2.371674671,0.9001019136,-2,0.9979457259,-1.891153932,-0.01806666888,0.7116031168,-2.159862404,0,0.4592063326,0.3930938027,1.064105819,0.02635864541,-0.5630742908,0.03399990872,0.08164430338,-0.3947190274,-0.04148040893,0.7310702472,0,0,0,1,0,0,0
22.38043714,20.36037517,rate,aggressive,2.12385273,0.6514942646,-1.686553359,2.378666649,0.8784468496,-2,0.9702087045,-1.930168867,-0.01586963795,0.6924416432,-2.188559542,0,0.4633426441,0.3797000482,1.185887255,0.02378154732,-0.5567742586,0.02878510021,-0.003383789131,-0.6603848247,-0.05709041385,0.7292098591,0,0,0,1,0,0,0
22.39051723,20.37045527,rate,aggressive,2.12385273,0.6514942646,-1.686553359,2.385548549,0.8562425696,-2,0.9702087045,-1.930168867,-0.01586963795,0.6729918865,-2.216887382,0,0.4567880982,0.4132761657,1.033637313,0.02378154732,-0.5567742586,0.02878510021,0.1293871989,-0.2525886693,-0.03505502984,0.7311130697,0,0,0,1,0,0,0
22.40042496,20.38036299,rate,aggressive,2.141124487,0.5959174037,-1.686701298,2.392121438,0.8341432694,-2,0.9282225966,-1.985634089,-0.01286601461,0.653820749,-2.244019657,0,0.4668052155,0.377127313,1.251895026,0.01411341876,-0.6053650379,0.02279124409,-0.06981300675,-0.8497254067,-0.06868115611,0.7274984032,0,0,0,1,0,0,0
22.41072202,20.39066005,rate,aggressive,2.141124487,0.5959174037,-1.686701298,2.398751051,0.8108945125,-2,0.9282225966,-1.985634089,-0.01286601461,0.6338411859,-2.271461708,0,0.4590671855,0.4105159891,1.060275843,0.01411341876,-0.6053650379,0.02279124409,0.08103527798,-0.40534463,-0.0458492465,0.7293152091,0,0,0,1,0,0,0
22.42041922,20.40035725,rate,aggressive,2.151964664,0.5581904054,-1.686748505,2.404806103,0.7887452884,-2,0.9000154138,-2.020334005,-0.01031738799,0.6149757413,-2.296591827,0,0.4639082306,0.3970799004,1.13580374,0.01298383623,-0.6022450328,0.01859741844,-0.01571822805,-0.6754826562,-0.06150782273,0.7277153287,0,0,0,1,0,0,0
22.43037653,20.41031456,rate,aggressive,2.151964664,0.5581904054,-1.686748505,2.410832963,0.765751943,-2,0.9000154138,-2.020334005,-0.01031738799,0.595555526,-2.321667857,0,0.4563124885,0.4284907953,1.056935151,0.01298383623,-0.6022450328,0.01859741844,0.1263432092,-0.2804321512,-0.04030875814,0.7293787838,0,0,0,1,0,0,0
22.44041395,20.42035198,rate,aggressive,2.167510986,0.5009400845,-1.686748743,2.416712354,0.7423246718,-2,0.8572191,-2.069428921,-0.007476853207,0.5759306678,-2.34619079,0,0.4674336214,0.3946849603,1.183687289,0.004697381053,-0.6231384873,0.01245825551,-0.08191121151,-0.843220101,-0.07076574853,0.7261845031,0,0,0,1,0,0,0
22.45044875,20.43038678,rate,aggressive,2.167510986,0.5009400845,-1.686748743,2.422393065,0.7186613059,-2,0.8572191,-2.069428921,-0.007476853207,0.5562639556,-2.369941772,0,0.4587959834,0.4253679305,1.059875257,0.004697381053,-0.6231384873,0.01245825551,0.07725793648,-0.4186846675,-0.04937645243,0.7277449562,0,0,0,1,0,0,0
22.4604125,20.44035053,rate,aggressive,2.177285433,0.4622918367,-1.686686397,2.42783807,0.6949334849,-2,0.8285505176,-2.099885464,-0.005081704352,0.5366915942,-2.392759608,0,0.4637501209,0.4135005676,1.090931077,-0.001880262746,-0.6413004398,0.006380965468,-0.01768184183,-0.6608564403,-0.06246830465,0.726394345,0,0,0,1,0,0,0
22.4706068,20.45054483,rate,aggressive,2.177285433,0.4622918367,-1.686686397,2.433207004,0.6704253474,-2,0.8285505176,-2.099885464,-0.005081704352,0.5166216948,-2.415308826,0,0.4549514514,0.4436409717,1.078274787,-0.001880262746,-0.6413004398,0.006380965468,0.1319133185,-0.2861023843,-0.04299044864,0.7278883783,0,0,0,1,0,0,0
22.48042703,20.46036506,rate,aggressive,2.186615705,0.4232904017,-1.686591625,2.438185246,0.6466029754,-2,0.7995828986,-2.128669739,-0.003200472565,0.4972471148,-2.436261661,0,0.4597614039,0.4313119052,1.055282996,-0.004459613003,-0.645511508,0.002853093203,0.02210859121,-0.5631754966,-0.05812346226,0.7264514086,0,0,0,1,0,0,0
22.49067426,20.47061229,rate,aggressive,2.186615705,0.4232904017,-1.686591625,2.443176891,0.621529466,-2,0.7995828986,-2.128669739,-0.003200472565,0.4769886918,-2.457313907,0,0.4509403261,0.460526063,1.142983442,-0.004459613003,-0.645511508,0.002853093203,0.167965145,-0.2184912789,-0.0397716907,0.7278657908,0,0,0,1,0,0,0
22.50042605,20.48036408,rate,aggressive,2.199799538,0.3642479181,-1.68639195,2.44773423,0.5974717218,-2,0.7559794188,-2.168321371,-0.0003410335048,0.4576720235,-2.476572073,0,0.4628336242,0.4289591051,1.049137562,-0.001748256618,-0.6095472574,-0.002123616869,-0.06849017623,-0.783338644,-0.06871303971,0.7252556308,0,0,0,1,0,0,0
22.51067948,20.49061751,rate,aggressive,2.199799538,0.3642479181,-1.68639195,2.452322651,0.5719780508,-2,0.7559794188,-2.168321371,-0.0003410335048,0.4373237123,-2.495997835,0,0.4530670369,0.4570704988,1.093250918,-0.001748256618,-0.6095472574,-0.002123616869,0.1002005124,-0.3972810807,-0.05000607881,0.7265662034,0,0,0,1,0,0,0
22.52043343,20.50037146,rate,aggressive,2.208026886,0.3245981336,-1.686206937,2.456493735,0.5475453279,-2,0.7266141772,-2.192530155,0.001665817923,0.4179320611,-2.513688312,0,0.4581564288,0.4454548073,1.023762092,0.01546157803,-0.5433862805,-0.006128118839,-0.009999962671,-0.650505735,-0.06173233821,0.7254138909,0,0,0,1,0,0,0
22.530509,20.51044703,rate,aggressive,2.208026886,0.3245981336,-1.686206937,2.460603584,0.5221298303,-2,0.7266141772,-2.192530155,0.001665817923,0.3978671892,-2.53114848,0,0.4486422253,0.4719530981,1.119284359,0.01546157803,-0.5433862805,-0.006128118839,0.1488116256,-0.3081377958,-0.04471104471,0.726632926,0,0,0,1,0,0,0
22.54043818,20.52037621,rate,aggressive,2.219528913,0.2647340596,-1.685866117,2.46445578,0.49691555,-2,0.6822657585,-2.226208925,0.003998975269,0.3780618277,-2.547540538,0,0.461061287,0.4425042697,1.006746213,0.01898803562,-0.5512980819,-0.01119255926,-0.09422442112,-0.8393716267,-0.06747612248,0.7243501278,0,0,0,1,0,0,0
22.55065489,20.53059292,rate,aggressive,2.219528913,0.2647340596,-1.685866117,2.468214092,0.4708055018,-2,0.6822657585,-2.226208925,0.003998975269,0.3576514367,-2.563557813,0,0.4505439527,0.4681823597,1.001799187,0.01898803562,-0.5512980819,-0.01119255926,0.08447036423,-0.4685931443,-0.05099316873,0.7255077606,0,0,0,1,0,0,0
22.56042385,20.54036188,rate,aggressive,2.229832888,0.2044567615,-1.685490608,2.471612534,0.4456907062,-2,0.6372585893,-2.256281853,0.006528800819,0.3381072327,-2.578062399,0,0.4642923335,0.4394051427,1.037877743,0.02642064914,-0.5584877729,-0.015698459,-0.164517709,-0.9600282484,-0.06906184396,0.723493308,0,0,0,1,0,0,0
22.57046747,20.5504055,rate,aggressive,2.229832888,0.2044567615,-1.685490608,2.474907334,0.4197262037,-2,0.6372585893,-2.256281853,0.006528800819,0.3179863024,-2.592143692,0,0.4531209269,0.4634442724,0.9423577892,0.02642064914,-0.5584877729,-0.015698459,0.02886077038,-0.5776061774,-0.0540841711,0.724557737,0,0,0,1,0,0,0
22.58042502,20.56036305,rate,aggressive,2.236126184,0.1641129851,-1.685207963,2.477974273,0.3938487623,-2,0.6070555449,-2.274494886,0.007929392159,0.2980121455,-2.605268012,0,0.4586535202,0.4527488912,0.9677724354,0.01653456129,-0.5885059834,-0.01881179586,-0.07910790803,-0.780742113,-0.05976349148,0.723631428,0,0,0,1,0,0,0
22.59055376,20.57049179,rate,aggressive,2.236126184,0.1641129851,-1.685207963,2.480889759,0.367396696,-2,0.6070555449,-2.274494886,0.007929392159,0.2776700586,-2.617759294,0,0.4475796033,0.4758026141,0.912580588,0.01653456129,-0.5885059834,-0.01881179586,0.09774810329,-0.4548277353,-0.04705745717,0.7246514165,0,0,0,1,0,0,0
22.60043025,20.58036828,rate,aggressive,2.241922379,0.1236574054,-1.684887528,2.48353412,0.3414857297,-2,0.5766308308,-2.29108572,0.00946471747,0.2578123401,-2.62910165,0,0.4529031709,0.4647467914,0.8950042671,-0.01036380976,-0.6826366186,-0.02363784797,-0.02753225077,-0.6827853522,-0.05418338124,0.7238307098,0,0,0,1,0,0,0
22.61051583,20.59045386,rate,aggressive,2.241922379,0.1236574054,-1.684887528,2.486031961,0.3149148938,-2,0.5766308308,-2.29108572,0.00946471747,0.2375132079,-2.639826641,0,0.4421139951,0.4865291081,0.9021328828,-0.01036380976,-0.6826366186,-0.02363784797,0.1413461863,-0.3919999214,-0.04316233721,0.7247930715,0,0,0,1,0,0,0
22.62044501,20.60038304,rate,aggressive,2.24970603,0.06284544617,-1.684338808,2.488290978,0.2886546801,-2,0.5309605002,-2.312158585,0.012441881,0.2175097406,-2.64953548,0,0.4555815796,0.4606835669,0.8673352197,-0.02911586873,-0.7146480083,-0.02725752629,-0.1248564781,-0.8405590882,-0.05608866945,0.7234951601,0,0,0,1,0,0,0
22.63041282,20.61035085,rate,aggressive,2.24970603,0.06284544617,-1.684338808,2.490358916,0.2621995867,-2,0.5309605002,-2.312158585,0.012441881,0.1974109924,-2.658430827,0,0.4441822521,0.4809517027,0.8414580208,-0.02911586873,-0.7146480083,-0.02725752629,0.06668882181,-0.5239905739,-0.04689016623,0.7243818734,0,0,0,1,0,0,0
22.64042521,20.62036324,rate,aggressive,2.256462812,0.001982847694,-1.683727264,2.492234336,0.2355412055,-2,0.4852050841,-2.32856369,0.01600452513,0.1772063541,-2.666504435,0,0.4584388303,0.457518644,0.8560723004,-0.01444280986,-0.6512576342,-0.03049056418,-0.187770357,-0.9178333797,-0.05300379888,0.7235357843,0,0,0,1,0,0,0
22.65049744,20.63043547,rate,aggressive,2.256462812,0.001982847694,-1.683727264,2.493916777,0.2086463176,-2,0.4852050841,-2.32856369,0.01600452513,0.1568664396,-2.673752448,0,0.4462315746,0.4766735664,0.780354817,-0.01444280986,-0.6512576342,-0.03049056418,0.01801996325,-0.5966137769,-0.04649587949,0.7243798003,0,0,0,1,0,0,0
22.66043162,20.64036965,rate,aggressive,2.260366201,-0.03856592625,-1.683269024,2.495375419,0.18205282,-2,0.4546043873,-2.337284565,0.01855165325,0.1367926586,-2.680040286,0,0.4519075952,0.4677926286,0.7722780038,-0.007652123924,-0.6314367652,-0.03320972249,-0.0978510903,-0.76604999,-0.04680678171,0.7242691348,0,0,0,1,0,0,0
22.67046571,20.65040374,rate,aggressive,2.260366201,-0.03856592625,-1.683269024,2.496646237,0.1551328387,-2,0.4546043873,-2.337284565,0.01855165325,0.1165059224,-2.685521461,0,0.4400749686,0.4857197462,0.7451312775,-0.007652123924,-0.6314367652,-0.03320972249,0.09010702805,-0.495638298,-0.04200900923,0.7250801161,0,0,0,1,0,0,0
22.68042731,20.66036534,rate,aggressive,2.265325785,-0.09928182513,-1.682505131,2.497706469,0.1283572298,-2,0.4083172381,-2.347305775,0.02185599878,0.09635632085,-2.69009649,0,0.4545583721,0.4640072986,0.7617031903,-0.03534086421,-0.7127845883,-0.03650183603,-0.1833883797,-0.871202189,-0.04215603292,0.724575277,0,0,0,1,0,0,0
22.69044948,20.67038751,rate,aggressive,2.265325785,-0.09928182513,-1.682505131,2.498570549,0.10137722,-2,0.4083172381,-2.347305775,0.02185599878,0.07607641398,-2.693826538,0,0.4421200793,0.4805603908,0.6743384231,-0.03534086421,-0.7127845883,-0.03650183603,0.02354497461,-0.5895490617,-0.04041878837,0.7253516799,0,0,0,1,0,0,0
22.70042491,20.68036294,rate,aggressive,2.268121958,-0.139669463,-1.681963444,2.499228739,0.07449023477,-2,0.3773941696,-2.351553679,0.02365924045,0.05588491681,-2.696668668,0,0.4476851257,0.4722629724,0.6618670257,-0.04756256193,-0.7369907498,-0.03878796846,-0.09306171818,-0.7360966921,-0.03807002129,0.7253069132,0,0,0,1,0,0,0
22.71052265,20.69046068,rate,aggressive,2.268121958,-0.139669463,-1.681963444,2.499689837,0.04724916525,-2,0.3773941696,-2.351553679,0.02365924045,0.03544127097,-2.698660177,0,0.4355565488,0.4878262663,0.6512873702,-0.04756256193,-0.7369907498,-0.03878796846,0.09728719678,-0.4991244116,-0.03787178519,0.7260697828,0,0,0,1,0,0,0
22.72042298,20.70036101,rate,aggressive,2.27129221,-0.1999707967,-1.681092262,2.499941484,0.02052544666,-2,0.3308226168,-2.354056597,0.0263997186,0.01539444532,-2.699747212,0,0.4501124626,0.4687151351,0.6413303088,-0.04743876681,-0.7092978954,-0.04059302434,-0.1828513576,-0.8275622314,-0.03116841186,0.7258089514,0,0,0,1,0,0,0
22.73047137,20.7104094,rate,aggressive,2.27129221,-0.1999707967,-1.681092262,2.499993942,-0.006604542885,-2,0.3308226168,-2.354056597,0.0263997186,-0.004953419168,-2.699973828,0,0.4374895833,0.482805574,0.5812798816,-0.04743876681,-0.7092978954,-0.04059302434,0.02811385124,-0.5805529323,-0.03462083844,0.7265506562,0,0,0,1,0,0,0
22.7404201,20.72035813,rate,aggressive,2.272870064,-0.2399763018,-1.680474281,2.499844449,-0.03346336015,-2,0.2999788225,-2.353334427,0.02873891965,-0.0250990818,-2.699328038,0,0.4430142789,0.4756187009,0.5579522882,-0.05446339399,-0.709436357,-0.04304208234,-0.0919786029,-0.7117575997,-0.02902599929,0.7268827637,0,0,0,1,0,0,0
22.75046802,20.73040605,rate,aggressive,2.272870064,-0.2399763018,-1.680474281,2.499490043,-0.06057902071,-2,0.2999788225,-2.353334427,0.02873891965,-0.04544353523,-2.697797211,0,0.4308557582,0.4886687428,0.5743091846,-0.05446339399,-0.709436357,-0.04304208234,0.10198692,-0.506175248,-0.03356792059,0.72762212,0,0,0,1,0,0,0
22.76042008,20.74035811,rate,aggressive,2.274449348,-0.2996477783,-1.67948103,2.498937531,-0.08741652726,-2,0.2537874877,-2.348885059,0.03183040395,-0.06559027048,-2.695411111,0,0.4451622835,0.4723300027,0.5486530503,-0.06856697798,-0.732796073,-0.04399897531,-0.1752110771,-0.7894709447,-0.01978220039,0.7278297579,0,0,0,1,0,0,0
22.77046132,20.75039935,rate,aggressive,2.274449348,-0.2996477783,-1.67948103,2.49817689,-0.114466037,-2,0.2537874877,-2.348885059,0.03183040395,-0.08591217868,-2.692127037,0,0.4325259538,0.4839670376,0.5124866593,-0.06856697798,-0.732796073,-0.04399897531,0.03841151443,-0.576663385,-0.02851456256,0.7285703835,0,0,0,1,0,0,0
22.78042459,20.76036263,rate,aggressive,2.274968147,-0.3391319811,-1.678777814,2.497220501,-0.1412685915,-2,0.2229329795,-2.343258619,0.03359206393,-0.1060693715,-2.687999241,0,0.437869527,0.4777207029,0.5035255827,-0.06768009067,-0.7216875553,-0.04536002874,-0.08033966444,-0.684123569,-0.01998175533,0.7289884178,0,0,0,1,0,0,0
22.7905159,20.77045393,rate,aggressive,2.274968147,-0.3391319811,-1.678777814,2.496047146,-0.1683692148,-2,0.2229329795,-2.343258619,0.03359206393,-0.126476889,-2.68293717,0,0.4256988827,0.4884641241,0.5554426924,-0.06768009067,-0.7216875553,-0.04536002874,0.1160224657,-0.5101047981,-0.02945507982,0.729746327,0,0,0,1,0,0,0
22.80042338,20.78036141,rate,aggressive,2.274941921,-0.3978489637,-1.677671313,2.494694867,-0.1949221903,-2,0.1768255234,-2.331362009,0.03627988696,-0.1465025289,-2.677106143,0,0.4397344823,0.474759166,0.5253990497,-0.05947393924,-0.6932012439,-0.0463728793,-0.1654803012,-0.7481129472,-0.008390631989,0.7301627827,0,0,0,1,0,0,0
22.81043816,20.79037619,rate,aggressive,2.274941921,-0.3978489637,-1.677671313,2.493126364,-0.2216996772,-2,0.1768255234,-2.331362009,0.03627988696,-0.1667331831,-2.670346715,0,0.4272338992,0.48400356,0.5089851578,-0.05947393924,-0.6932012439,-0.0463728793,0.05073728233,-0.5699726192,-0.02254036014,0.7309371529,0,0,0,1,0,0,0
22.8204155,20.80035353,rate,aggressive,2.274306059,-0.4365147948,-1.676907301,2.491362319,-0.2483054521,-2,0.1461578161,-2.320910931,0.038115412,-0.1868747549,-2.662749681,0,0.432348319,0.478766341,0.4925921389,-0.05104621127,-0.676307261,-0.04620016739,-0.07073707495,-0.659207328,-0.01066446709,0.7315743264,0,0,0,1,0,0,0
22.83047271,20.81041074,rate,aggressive,2.274306059,-0.4365147948,-1.676907301,2.489380849,-0.2750431387,-2,0.1461578161,-2.320910931,0.038115412,-0.2071623092,-2.654222696,0,0.4203797725,0.4872213343,0.5527148484,-0.05104621127,-0.676307261,-0.04620016739,0.1277403094,-0.5173102207,-0.02508124562,0.7323830326,0,0,0,1,0,0,0
22.84042716,20.82036519,rate,aggressive,2.273329973,-0.4749128222,-1.6761204,2.487218786,-0.3014189079,-2,0.1155171469,-2.308772802,0.03957519308,-0.2272258699,-2.644926298,0,0.4251429848,0.4817033775,0.4861600415,-0.04626292735,-0.6747124195,-0.04639058933,-0.008693818236,-0.6185822752,-0.01166785587,0.733011672,0,0,0,1,0,0,0
22.85066795,20.83060598,rate,aggressive,2.273329973,-0.4749128222,-1.6761204,2.484786205,-0.328452309,-2,0.1155171469,-2.308772802,0.03957519308,-0.2478475123,-2.634476385,0,0.413596923,0.4895741976,0.6220970077,-0.04626292735,-0.6747124195,-0.04639058933,0.1806286141,-0.5018641434,-0.02703172505,0.7338746032,0,0,0,1,0,0,0
22.86041903,20.84035707,rate,aggressive,2.270919561,-0.5316336751,-1.674934506,2.482273769,-0.3540893918,-2,0.06945877522,-2.286966324,0.0416678898,-0.2674634918,-2.623694166,0,0.4264506402,0.4781615487,0.5135427013,-0.03999963403,-0.6666913033,-0.04536792636,-0.1236232373,-0.6865898349,0.00468692836,0.7344397704,0,0,0,1,0,0,0
22.87048507,20.8504231,rate,aggressive,2.270919561,-0.5316336751,-1.674934506,2.479479646,-0.3804400164,-2,0.06945877522,-2.286966324,0.0416678898,-0.2876914242,-2.611715887,0,0.4147582505,0.4845149709,0.5530140853,-0.03999963403,-0.6666913033,-0.04536792636,0.09167172674,-0.5642886878,-0.01657337271,0.7353401282,0,0,0,1,0,0,0
22.88042045,20.86035848,rate,aggressive,2.267528057,-0.5873540044,-1.67375195,2.476522236,-0.4063261848,-2,0.0234295819,-2.260923386,0.04335461929,-0.3076336588,-2.599052301,0,0.4276533973,0.4751985434,0.5795840253,-0.020595029,-0.6426188946,-0.04405368865,-0.1912100443,-0.6988413844,0.01897503668,0.7358848744,0,0,0,1,0,0,0
22.89082098,20.87075901,rate,aggressive,2.266194105,-0.6057127118,-1.673357248,2.473214235,-0.4332849354,-2,0.008110431023,-2.251462221,0.04384055361,-0.3284831708,-2.584905394,0,0.4234196019,0.4758167675,0.5513605648,-0.02915595472,-0.6538749933,-0.04479780793,-0.1068625056,-0.6450565901,0.01118014867,0.7367370755,0,0,0,1,0,0,0
22.90043092,20.88036895,rate,aggressive,2.264772654,-0.6239792705,-1.672961354,2.469965068,-0.4580596549,-2,-0.007216090336,-2.241597891,0.0442475453,-0.347722267,-2.571028507,0,0.4202231808,0.4758432854,0.5462096669,-0.04022370651,-0.6673739552,-0.04448127747,-0.05281014727,-0.6118156327,0.006721579802,0.7375229504,0,0,0,1,0,0,0
22.91068721,20.89062524,rate,aggressive,2.264772654,-0.6239792705,-1.672961354,2.466293552,-0.4843493163,-2,-0.007216090336,-2.241597891,0.0442475453,-0.3682266319,-2.555369757,0,0.4087315409,0.4803532457,0.5424937383,-0.04022370651,-0.6673739552,-0.04448127747,0.1478656669,-0.5351986245,-0.01746012067,0.7385695247,0,0,0,1,0,0,0
22.92040515,20.90034318,rate,aggressive,2.259667397,-0.6777767539,-1.671823144,2.462620864,-0.5091068844,-2,-0.05327413976,-2.208853006,0.04533293843,-0.3876258105,-2.539729313,0,0.4211171852,0.4725730054,0.7152278267,-0.0707212612,-0.6867550611,-0.04297532514,-0.1552325867,-0.6258498694,0.02733736304,0.7389866875,0,0,0,1,0,0,0
22.93051982,20.91045785,rate,aggressive,2.259667397,-0.6777767539,-1.671823144,2.458598175,-0.5347096133,-2,-0.05327413976,-2.208853006,0.04533293843,-0.4077854344,-2.522625109,0,0.4095628282,0.4755904389,0.600544128,-0.0707212612,-0.6867550611,-0.04297532514,0.06880065288,-0.5540145318,-0.003673221118,0.7400989964,0,0,0,1,0,0,0
22.94044709,20.92038512,rate,aggressive,2.255701542,-0.7129673958,-1.671066523,2.454451902,-0.5596657029,-2,-0.08397170156,-2.184570312,0.04588143155,-0.4275387071,-2.505024697,0,0.413763637,0.4720533931,0.7254419263,-0.08160691708,-0.6729635,-0.04127312452,-0.05533900064,-0.5740675184,0.01776456912,0.740724656,0,0,0,1,0,0,0
22.95042086,20.93035889,rate,aggressive,2.255701542,-0.7129673958,-1.671066523,2.450088905,-0.5845586988,-2,-0.08397170156,-2.184570312,0.04588143155,-0.4473501177,-2.486536397,0,0.4030787431,0.4746920004,0.6914568551,-0.08160691708,-0.6729635,-0.04127312452,0.1496536675,-0.5284969908,-0.01218847685,0.7418957859,0,0,0,1,0,0,0
22.96043634,20.94037437,rate,aggressive,2.248919487,-0.7646949291,-1.669950604,2.445509001,-0.6093662349,-2,-0.1296948195,-2.144804716,0.0461249873,-0.4672081313,-2.467164333,0,0.4143754865,0.4689973056,0.894547291,-0.070566535,-0.6403347254,-0.03911792859,-0.1364854075,-0.5657275085,0.03746581809,0.7421384474,0,0,0,1,0,0,0
22.97042894,20.95036697,rate,aggressive,2.248919487,-0.7646949291,-1.669950604,2.440741544,-0.6339197221,-2,-0.1296948195,-2.144804716,0.0461249873,-0.4869829342,-2.447037463,0,0.4035225644,0.4702413687,0.77514565,-0.070566535,-0.6403347254,-0.03911792859,0.08784489079,-0.5303554328,0.0009409009433,0.7434054022,0,0,0,1,0,0,0
22.98043084,20.96036887,rate,aggressive,2.243691444,-0.7982557416,-1.669241905,2.43577197,-0.6582906874,-2,-0.1602844447,-2.115965128,0.04627926648,-0.5067366955,-2.426099116,0,0.4072911267,0.4672836647,0.8846022174,-0.06212902814,-0.6234112978,-0.03747397289,-0.03913355146,-0.5303254994,0.0255506879,0.7439557042,0,0,0,1,0,0,0
22.99059701,20.97053504,rate,aggressive,2.243691444,-0.7982557416,-1.669241905,2.430518517,-0.682843229,-2,-0.1602844447,-2.115965128,0.04627926648,-0.526772804,-2.404011107,0,0.3970205542,0.4684292627,0.8343343937,-0.06212902814,-0.6234112978,-0.03747397289,0.1674744495,-0.5187895435,-0.009621357433,0.7453332416,0,0,0,1,0,0,0
23.0004251,20.98036313,rate,aggressive,2.238115311,-0.8313282132,-1.668530226,2.425246334,-0.7063619887,-2,-0.1907945573,-2.085436344,0.04613154382,-0.5461007033,-2.38189229,0,0.4006329846,0.4650340896,0.883450493,-0.05204693228,-0.6094351411,-0.03576100618,0.02066545388,-0.520770835,0.0190465407,0.7458311981,0,0,0,1,0,0,0
23.01039815,20.99033618,rate,aggressive,2.238115311,-0.8313282132,-1.668530226,2.419702425,-0.7300016301,-2,-0.1907945573,-2.085436344,0.04613154382,-0.5656699942,-2.358685288,0,0.391296777,0.4661809712,0.9058605614,-0.05204693228,-0.6094351411,-0.03576100618,0.2171230669,-0.5258018023,-0.0161495011,0.7472742599,0,0,0,1,0,0,0
23.02042508,21.00036311,rate,aggressive,2.228676796,-0.8793869615,-1.667473555,2.413932041,-0.7535318277,-2,-0.2366257608,-2.036119699,0.04579752311,-0.5852990692,-2.334586666,0,0.4009150254,0.4612515793,0.9995271245,-0.03737717867,-0.5834339261,-0.03110126406,-0.09049310477,-0.4984716031,0.04567662787,0.7472416644,0,0,0,1,0,0,0
23.03050971,21.01044774,rate,aggressive,2.228676796,-0.8793869615,-1.667473555,2.407930173,-0.7769498316,-2,-0.2366257608,-2.036119699,0.04579752311,-0.6049930145,-2.309582349,0,0.3914064073,0.4610571196,0.9172051287,-0.03737717867,-0.5834339261,-0.03110126406,0.13161639,-0.5171262884,0.002239228667,0.7488158646,0,0,0,1,0,0,0
23.04043508,21.02037311,rate,aggressive,2.218334198,-0.926045835,-1.666398287,2.401829406,-0.7997480702,-2,-0.2822401226,-1.983525991,0.04487968981,-0.6243272848,-2.284229804,0,0.4011380308,0.4576686532,1.127675565,0.01474697236,-0.5629160404,-0.02745845169,-0.1691289811,-0.4647400651,0.06644830419,0.7485510327,0,0,0,1,0,0,0
23.05063415,21.03057218,rate,aggressive,2.218334198,-0.926045835,-1.666398287,2.395360753,-0.8229090162,-2,-0.2822401226,-1.983525991,0.04487968981,-0.6441428096,-2.25741871,0,0.3914916443,0.4560756109,0.9293760918,0.01474697236,-0.5629160404,-0.02745845169,0.06887578322,-0.4998887547,0.01658667854,0.7502690358,0,0,0,1,0,0,0
23.06043673,21.04037476,rate,aggressive,2.210825205,-0.9561735988,-1.665708303,2.388953355,-0.844908299,-2,-0.3129709065,-1.946247816,0.04381176084,-0.6631368744,-2.230932785,0,0.3947917718,0.4534106383,1.041395415,0.0247249864,-0.5516216755,-0.02523877099,-0.07254163148,-0.4612631131,0.04845479217,0.7504418023,0,0,0,1,0,0,0
23.07037377,21.0503118,rate,aggressive,2.210825205,-0.9561735988,-1.665708303,2.382268282,-0.8669408494,-2,-0.3129709065,-1.946247816,0.04381176084,-0.682338805,-2.203374672,0,0.3861426558,0.4521795384,0.8879949657,0.0247249864,-0.5516216755,-0.02523877099,0.1434253477,-0.5111824324,0.001834961431,0.7522249431,0,0,0,1,0,0,0
23.08043337,21.0603714,rate,aggressive,2.198628664,-0.9998180866,-1.664762974,2.375306689,-0.8889625758,-2,-0.3595401347,-1.887456656,0.04198641703,-0.7017219449,-2.174758733,0,0.3948264588,0.4487691323,1.196588188,-0.007625525817,-0.5287733674,-0.02084022947,-0.1717963847,-0.4125438315,0.07491624076,0.7514534237,0,0,0,1,0,0,0
23.09047318,21.07041121,rate,aggressive,2.198628664,-0.9998180866,-1.664762974,2.368164666,-0.9106503871,-2,-0.3595401347,-1.887456656,0.04198641703,-0.7210096074,-2.145488156,0,0.3861051648,0.4460978526,0.917381258,-0.007625525817,-0.5287733674,-0.02084022947,0.06412197784,-0.4817839744,0.02071857096,0.7533883564,0,0,0,1,0,0,0
23.10043168,21.08036971,rate,aggressive,2.189965725,-1.028015137,-1.664170384,2.360889468,-0.9318687991,-2,-0.3904829919,-1.846582413,0.04090711847,-0.7400829315,-2.115762405,0,0.388896612,0.443115536,1.077436632,-0.02533075958,-0.5121884942,-0.01870917156,-0.07533629954,-0.4281954698,0.05549344289,0.753478611,0,0,0,1,0,0,0
23.11065483,21.09059286,rate,aggressive,2.189965725,-1.028015137,-1.664170384,2.353223665,-0.9533395644,-2,-0.3904829919,-1.846582413,0.04090711847,-0.7596012694,-2.084539639,0,0.3808032654,0.441072938,0.8592145469,-0.02533075958,-0.5121884942,-0.01870917156,0.1414280366,-0.5096525578,0.004396004537,0.7555639818,0,0,0,1,0,0,0
23.12043452,21.10037255,rate,aggressive,2.175938129,-1.068405151,-1.663324237,2.345703943,-0.9735769594,-2,-0.4370327294,-1.782034397,0.03885865584,-0.7782127852,-2.054010518,0,0.3887973598,0.4380466141,1.248445357,-0.03732312098,-0.4902679026,-0.01412900537,-0.1878217286,-0.3616083488,0.08755313926,0.7543709048,0,0,0,1,0,0,0
23.13050604,21.11044407,rate,aggressive,2.175938129,-1.068405151,-1.663324237,2.337769904,-0.9941028471,-2,-0.4370327294,-1.782034397,0.03885865584,-0.7973166372,-2.021905259,0,0.3808686455,0.4345716507,0.9268456966,-0.03732312098,-0.4902679026,-0.01412900537,0.05243829963,-0.4649149672,0.02766260885,0.7565593861,0,0,0,1,0,0,0
23.14044595,21.12038398,rate,aggressive,2.166023493,-1.094259262,-1.662782311,2.32975121,-1.014040218,-2,-0.4679337442,-1.737311244,0.0375139378,-0.8161066302,-1.989567966,0,0.3833505314,0.4315844157,1.110974773,-0.04348374531,-0.4754624367,-0.01052012667,-0.08733747891,-0.3896855336,0.06506660741,0.7564349408,0,0,0,1,0,0,0
23.15049124,21.13042927,rate,aggressive,2.166023493,-1.094259262,-1.662782311,2.321458083,-1.033859155,-2,-0.4679337442,-1.737311244,0.0375139378,-0.8350294713,-1.956240834,0,0.3761965634,0.429064953,0.8642913454,-0.04348374531,-0.4754624367,-0.01052012667,0.1322527222,-0.5008150098,0.009099392451,0.7587322411,0,0,0,1,0,0,0
23.1604383,21.14037633,rate,aggressive,2.155637026,-1.119186044,-1.662260175,2.313059079,-1.053151251,-2,-0.4988533258,-1.691094995,0.03602906317,-0.8537000261,-1.92260935,0,0.3784316137,0.4252213197,0.990384401,-0.06457491219,-0.4522121847,-0.006538380403,-0.02281773164,-0.4148804428,0.05175782732,0.7585404887,0,0,0,1,0,0,0
23.17051196,21.15044999,rate,aggressive,2.155637026,-1.119186044,-1.662260175,2.304364248,-1.072344778,-2,-0.4988533258,-1.691094995,0.03602906317,-0.8725384713,-1.887921724,0,0.3719974199,0.42388612,0.8615341063,-0.06457491219,-0.4522121847,-0.006538380403,0.1855900433,-0.5348867683,-0.002856575646,0.7609582643,0,0,0,1,0,0,0
23.1804688,21.16040683,rate,aggressive,2.139123917,-1.154729247,-1.661476254,2.295584119,-1.090969281,-2,-0.5450567603,-1.619017005,0.03364089876,-0.891087974,-1.853026371,0,0.3783430382,0.419081966,1.127109952,-0.07447181642,-0.4315198064,-0.001169141149,-0.1425382951,-0.3294815803,0.08903265972,0.7592884482,0,0,0,1,0,0,0
23.19059157,21.1705296,rate,aggressive,2.139123917,-1.154729247,-1.661476254,2.286468692,-1.109544915,-2,-0.5450567603,-1.619017005,0.03364089876,-0.9098732572,-1.816939366,0,0.3719548804,0.4164085104,0.8902329338,-0.07447181642,-0.4315198064,-0.001169141149,0.09349241768,-0.4764537037,0.02411052232,0.7618496305,0,0,0,1,0,0,0
23.20043898,21.18037701,rate,aggressive,2.121539116,-1.188126206,-1.660726428,2.277419125,-1.127261814,-2,-0.5909227729,-1.543973565,0.03027871251,-0.9280750648,-1.781255119,0,0.3782983056,0.4133896518,1.329822495,-0.02007677034,-0.4681447744,0.002916604746,-0.2252697969,-0.2449092968,0.1156797069,0.7596519232,0,0,0,1,0,0,0
23.21053314,21.19047117,rate,aggressive,2.121539116,-1.188126206,-1.660726428,2.26795713,-1.145055043,-2,-0.5909227729,-1.543973565,0.03027871251,-0.9466573141,-1.744095925,0,0.3720213926,0.4092833043,0.9743937547,-0.02007677034,-0.4681447744,0.002916604746,0.02758075467,-0.4160442867,0.04344322663,0.76234552,0,0,0,1,0,0,0
23.22044396,21.20038199,rate,aggressive,2.109183073,-1.209106088,-1.660250187,2.258484881,-1.16215735,-2,-0.6217022538,-1.492051482,0.02769491076,-0.9648260426,-1.707051421,0,0.3740657021,0.4058644064,1.211085178,-0.007791472599,-0.4626407623,0.006947497837,-0.1163166431,-0.2965744921,0.0855770714,0.7615324178,0,0,0,1,0,0,0
23.2304616,21.21039963,rate,aggressive,2.109183073,-1.209106088,-1.660250187,2.248727948,-1.179068109,-2,-0.6217022538,-1.492051482,0.02769491076,-0.9831125669,-1.66905566,0,0.3685172828,0.4033793516,0.9165472929,-0.007791472599,-0.4626407623,0.006947497837,0.112233948,-0.4669183292,0.01915822438,0.7643288552,0,0,0,1,0,0,0
23.24043679,21.22037482,rate,aggressive,2.089712381,-1.238574028,-1.659562111,2.238830719,-1.195526313,-2,-0.6678723693,-1.411380649,0.02426169999,-1.001242219,-1.63068162,0,0.3741488215,0.3997711882,1.442574016,-0.05555778742,-0.3817474246,0.01304032747,-0.2194300074,-0.1852995833,0.1189453067,0.7616189534,0,0,0,1,0,0,0
23.25056124,21.23049927,rate,aggressive,2.089712381,-1.238574028,-1.659562111,2.228600894,-1.211836625,-2,-0.6678723693,-1.411380649,0.02426169999,-1.019560603,-1.591195921,0,0.3686500564,0.3957357405,1.023433388,-0.05555778742,-0.3817474246,0.01304032747,0.03070826495,-0.3860258499,0.04369767118,0.7645848438,0,0,0,1,0,0,0
23.26043534,21.24037337,rate,aggressive,2.076200724,-1.257073164,-1.659148097,2.218445778,-1.227356034,-2,-0.6984988451,-1.356372595,0.02136296406,-1.037344516,-1.552177444,0,0.3705358055,0.3919340561,1.251709792,-0.0708777532,-0.3579318225,0.01720017567,-0.1136608806,-0.2557478198,0.08937949936,0.7634681539,0,0,0,1,0,0,0
23.27041125,21.25034928,rate,aggressive,2.076200724,-1.257073164,-1.659148097,2.208008048,-1.242641715,-2,-0.6984988451,-1.356372595,0.02136296406,-1.055228588,-1.512258801,0,0.3657341345,0.3898884396,0.9297361993,-0.0708777532,-0.3579318225,0.01720017567,0.1143203318,-0.4521114699,0.01976887992,0.7664980598,0,0,0,1,0,0,0
23.28041697,21.260355,rate,aggressive,2.054855585,-1.282424331,-1.658616781,2.197360351,-1.257570591,-2,-0.7442121506,-1.271184564,0.01686452702,-1.073080643,-1.471731129,0,0.3707665284,0.3855616974,1.470606785,-0.07310254127,-0.3527680337,0.02167879604,-0.2149662311,-0.1340953044,0.1245088962,0.7630287632,0,0,0,1,0,0,0
23.2905128,21.27045083,rate,aggressive,2.054855585,-1.282424331,-1.658616781,2.186436148,-1.272220483,-2,-0.7442121506,-1.271184564,0.01686452702,-1.091005291,-1.430354619,0,0.3660055535,0.3819489507,1.042216217,-0.07310254127,-0.3527680337,0.02167879604,0.03566304213,-0.3634066369,0.04560594154,0.7662226631,0,0,0,1,0,0,0
23.30042982,21.28036785,rate,aggressive,2.040193319,-1.298347116,-1.658320785,2.175529683,-1.286201898,-2,-0.7742144465,-1.213541508,0.01440537162,-1.108524778,-1.389251004,0,0.3677065732,0.3779480647,1.280394136,-0.07984337211,-0.3283052742,0.02561948821,-0.1083350131,-0.2152580429,0.09311644582,0.7649856014,0,0,0,1,0,0,0
23.31041384,21.29035187,rate,aggressive,2.040193319,-1.298347116,-1.658320785,2.164374476,-1.299863763,-2,-0.7742144465,-1.213541508,0.01440537162,-1.126073414,-1.347422577,0,0.3635490972,0.3767444605,0.9568087708,-0.07984337211,-0.3283052742,0.02561948821,0.1201740108,-0.4368285673,0.02016015892,0.7682478779,0,0,0,1,0,0,0
23.32044888,21.30038691,rate,aggressive,2.017177582,-1.319797873,-1.657980204,2.152986168,-1.313172414,-2,-0.8189980984,-1.124737263,0.01074636728,-1.143620109,-1.304941915,0,0.3680562591,0.371441316,1.456360656,-0.108898066,-0.2655130029,0.03098062612,-0.2059715236,-0.08919795388,0.1289850954,0.7645271475,0,0,0,1,0,0,0
23.33046794,21.31040597,rate,aggressive,2.017177582,-1.319797873,-1.657980204,2.141440792,-1.326032462,-2,-0.8189980984,-1.124737263,0.01074636728,-1.161045813,-1.262104127,0,0.3639474641,0.3687570734,1.047244162,-0.108898066,-0.2655130029,0.03098062612,0.04508566348,-0.3449205487,0.04672558124,0.7679105861,0,0,0,1,0,0,0
23.34043145,21.32036948,rate,aggressive,2.001282692,-1.332771897,-1.657799006,2.129786757,-1.338393531,-2,-0.8483949304,-1.064733386,0.00853291899,-1.178281282,-1.219096767,0,0.3655768292,0.364315618,1.243953156,-0.1183708385,-0.2416135073,0.03507886454,-0.09561718746,-0.1844250732,0.09563363706,0.7664801354,0,0,0,1,0,0,0
23.35043454,21.33037257,rate,aggressive,2.001282692,-1.332771897,-1.657799006,2.117914153,-1.350370659,-2,-0.8483949304,-1.064733386,0.00853291899,-1.195489903,-1.175524151,0,0.3619587474,0.3644479721,0.9828659756,-0.1183708385,-0.2416135073,0.03507886454,0.1337067979,-0.4301241591,0.01964907253,0.7699464636,0,0,0,1,0,0,0
23.36043668,21.34037471,rate,aggressive,1.976629853,-1.350232959,-1.65757513,2.10587105,-1.361908929,-2,-0.891723156,-0.9732511044,0.004512767307,-1.212600003,-1.131574648,0,0.3661890312,0.3578388752,1.374176363,-0.1208363175,-0.2248117328,0.04030935839,-0.1868347126,-0.05813716437,0.1312253344,0.765745621,0,0,0,1,0,0,0
23.37053537,21.3504734,rate,aggressive,1.968118548,-1.355333328,-1.657512665,2.093538561,-1.373110728,-2,-0.906033814,-0.9422503114,0.003077900968,-1.229775588,-1.086828803,0,0.3651626903,0.3545717841,1.276525075,-0.1098454595,-0.2363117784,0.04275115579,-0.1031788567,-0.1372532289,0.1032591046,0.76663681,0,0,0,1,0,0,0
23.38044286,21.36038089,rate,aggressive,1.959528446,-1.360229373,-1.657457471,2.081271515,-1.383659555,-2,-0.9202647209,-0.9111155272,0.001445548609,-1.246527254,-1.042581125,0,0.36428798,0.3517563555,1.205294131,-0.09445372969,-0.2580422759,0.04393993691,-0.04104978754,-0.1961543573,0.08268059357,0.7674233002,0,0,0,1,0,0,0
23.39039731,21.37033534,rate,aggressive,1.95085907,-1.364918709,-1.657416701,2.068779659,-1.393815214,-2,-0.9344312549,-0.8797893524,-0.000267295487,-1.263258518,-0.9977897771,0,0.3634605756,0.3493587566,1.147845265,-0.08025097102,-0.2755449712,0.04610706866,0.008618345562,-0.2439381642,0.06622238044,0.7682117199,0,0,0,1,0,0,0
23.40043759,21.38037562,rate,aggressive,1.933158636,-1.373350263,-1.657364368,2.056011897,-1.403605146,-2,-0.9626233578,-0.8163260221,-0.00348887872,-1.280031333,-0.9522877725,0,0.3652498567,0.3453195513,1.384908464,-0.08357706666,-0.236851424,0.05009584501,-0.1212953161,-0.06530382163,0.1118406852,0.7661152692,0,0,0,1,0,0,0
23.41037011,21.39030814,rate,aggressive,1.924129725,-1.377093434,-1.657350421,2.043215984,-1.412838938,-2,-0.9766318202,-0.7843746543,-0.004819151014,-1.296521283,-0.9069680671,0,0.3645106478,0.342610037,1.296549165,-0.087996535,-0.2081532031,0.05102522671,-0.05595107235,-0.1328055457,0.0893027005,0.7669281037,0,0,0,1,0,0,0
23.42043996,21.40037799,rate,aggressive,1.915023923,-1.380626917,-1.657348156,2.030076482,-1.421739386,-2,-0.9904795289,-0.7523534298,-0.006168984342,-1.313133457,-0.8607258931,0,0.3637823701,0.340423566,1.210452791,-0.08907642215,-0.1929824054,0.05319247767,-0.0009313019762,-0.1918089723,0.07055269685,0.7678010822,0,0,0,1,0,0,0
23.43047452,21.41041255,rate,aggressive,1.915023923,-1.380626917,-1.657348156,2.016817157,-1.430144013,-2,-0.9904795289,-0.7523534298,-0.006168984342,-1.329580133,-0.8143644473,0,0.3608657527,0.3447791213,1.071472558,-0.08907642215,-0.1929824054,0.05319247767,0.2126082523,-0.462535072,-0.004227369588,0.7716307776,0,0,0,1,0,0,0
23.44043207,21.4203701,rate,aggressive,1.887014627,-1.38931489,-1.657364607,2.003496982,-1.43802294,-2,-1.031436324,-0.6556236744,-0.009316001087,-1.345793399,-0.7680961359,0,0.3651569878,0.3340018158,1.34195886,-0.0910814926,-0.1555908471,0.05625767633,-0.1316139385,0.002059116692,0.1200906989,0.7666427332,0,0,0,1,0,0,0
23.45061803,21.43055606,rate,aggressive,1.887014627,-1.38931489,-1.657364607,1.989704794,-1.445604599,-2,-1.031436324,-0.6556236744,-0.009316001087,-1.36226672,-0.7205113432,0,0.3620950347,0.3372624321,1.071699442,-0.0910814926,-0.1555908471,0.05625767633,0.1129288187,-0.3183646968,0.03265350807,0.7706077242,0,0,0,1,0,0,0
23.46042895,21.44036698,rate,aggressive,1.867890716,-1.393839121,-1.657415628,1.976262307,-1.452447704,-2,-1.058507919,-0.590464294,-0.01249081828,-1.378025293,-0.6744493788,0,0.3640651308,0.3306068162,1.17719619,-0.0629408136,-0.1953521967,0.06016657874,-0.04279490555,-0.09921550634,0.08923175998,0.7681289324,0,0,0,1,0,0,0
23.4705441,21.45048213,rate,aggressive,1.867890716,-1.393839121,-1.657415628,1.96224168,-1.459028741,-2,-1.058507919,-0.590464294,-0.01249081828,-1.394160015,-0.6267390427,0,0.3612697645,0.3378375457,1.096319996,-0.0629408136,-0.1953521967,0.06016657874,0.1840530443,-0.4050134024,0.007245016801,0.7721338115,0,0,0,1,0,0,0
23.48043299,21.46037102,rate,aggressive,1.83833003,-1.398030281,-1.657599449,1.948377456,-1.464995033,-2,-1.098682284,-0.4909234047,-0.01771468855,-1.409822146,-0.579894952,0,0.3658317252,0.3240952942,1.400102582,-0.001819652971,-0.2770440876,0.06307702512,-0.1641253577,0.1060152256,0.1319848895,0.7660267834,0,0,0,1,0,0,0
23.49050784,21.47044587,rate,aggressive,1.83833003,-1.398030281,-1.657599449,1.934093804,-1.470596181,-2,-1.098682284,-0.4909234047,-0.01771468855,-1.425663963,-0.5319810817,0,0.3628700145,0.330025092,1.065962329,-0.001819652971,-0.2770440876,0.06307702512,0.08780006344,-0.2451046542,0.03929467511,0.7701119654,0,0,0,1,0,0,0
23.50043201,21.48037004,rate,aggressive,1.818152308,-1.399420023,-1.657809019,1.919868309,-1.475640741,-2,-1.125513911,-0.4236430526,-0.02088820748,-1.441154258,-0.4846126972,0,0.3650348068,0.3221528263,1.270430753,0.007688333746,-0.2490220219,0.06537397206,-0.07092553,-0.001282300228,0.09503969115,0.7672418689,0,0,0,1,0,0,0
23.51045179,21.49038982,rate,aggressive,1.818152308,-1.399420023,-1.657809019,1.905350396,-1.480256196,-2,-1.125513911,-0.4236430526,-0.02088820748,-1.456677142,-0.4366311524,0,0.3622604874,0.3320754327,1.026121592,0.007688333746,-0.2490220219,0.06537397206,0.1597574105,-0.3320846122,0.009471402366,0.771382045,0,0,0,1,0,0,0
23.520437,21.50037503,rate,aggressive,1.787179828,-1.39938426,-1.658246279,1.890728428,-1.484376728,-2,-1.165427089,-0.3216924369,-0.02522558346,-1.472028623,-0.3886738472,0,0.3670717073,0.3148449467,1.556112891,0.007652493194,-0.1926126331,0.0670195967,-0.1925878538,0.2051177795,0.1361833745,0.7648545745,0,0,0,1,0,0,0
23.53058338,21.51052141,rate,aggressive,1.787179828,-1.39938426,-1.658246279,1.875714043,-1.488072588,-2,-1.165427089,-0.3216924369,-0.02522558346,-1.487506112,-0.3398139391,0,0.3640048526,0.3235732002,1.072328137,0.007652493194,-0.1926126331,0.0670195967,0.06243381738,-0.1718065549,0.04073600517,0.7691307307,0,0,0,1,0,0,0
23.54043174,21.52036977,rate,aggressive,1.765954137,-1.397634983,-1.658614397,1.860991065,-1.491185216,-2,-1.191964984,-0.2530819178,-0.02718436904,-1.502410372,-0.292280611,0,0.3665075628,0.3140889471,1.372299851,-0.01137286704,-0.1358799487,0.06910379976,-0.1012300579,0.08923761546,0.09930877099,0.7661125773,0,0,0,1,0,0,0
23.55049038,21.53042841,rate,aggressive,1.765954137,-1.397634983,-1.658614397,1.845802808,-1.493880594,-2,-1.191964984,-0.2530819178,-0.02718436904,-1.517511026,-0.2436376374,0,0.3635700178,0.3268155597,0.971845363,-0.01137286704,-0.1358799487,0.06910379976,0.1329068224,-0.2655037,0.01132593169,0.7704063518,0,0,0,1,0,0,0
23.56043315,21.54037118,rate,aggressive,1.733575821,-1.393377423,-1.659235239,1.830640845,-1.496063657,-2,-1.231364608,-0.149994269,-0.03047529794,-1.532315509,-0.1954764605,0,0.368899314,0.3058902063,1.576487311,-0.05181768909,-0.02770412527,0.06973356754,-0.2171689587,0.2820687227,0.1406927909,0.7636023929,0,0,0,1,0,0,0
23.57046413,21.55040216,rate,aggressive,1.733575821,-1.393377423,-1.659235239,1.815195819,-1.497780512,-2,-1.231364608,-0.149994269,-0.03047529794,-1.547126999,-0.1468245857,0,0.3656261089,0.3172454544,1.039987954,-0.05181768909,-0.02770412527,0.06973356754,0.04123408365,-0.1182186714,0.04338169912,0.767918729,0,0,0,1,0,0,0
23.58045197,21.56039,rate,aggressive,1.711432695,-1.38880074,-1.659728765,1.799670248,-1.499004849,-2,-1.257325053,-0.08096078783,-0.0328409858,-1.56174949,-0.09833443417,0,0.3683956084,0.3066832427,1.317917298,-0.04772282019,-0.04202775285,0.07176272571,-0.1111145661,0.1325705519,0.09931739004,0.764598256,0,0,0,1,0,0,0
23.59049726,21.57043529,rate,aggressive,1.711432695,-1.38880074,-1.659728765,1.783908688,-1.499747556,-2,-1.257325053,-0.08096078783,-0.0328409858,-1.576328815,-0.04953329778,0,0.3651663709,0.3222260349,0.9000642235,-0.04772282019,-0.04202775285,0.07176272571,0.1245675462,-0.2397320159,0.01053199518,0.7689457439,0,0,0,1,0,0,0
23.6004374,21.58037543,rate,aggressive,1.677598238,-1.379998446,-1.660565495,1.76816857,-1.499999845,-2,-1.29588604,0.02265900932,-0.03653417528,-1.59062872,-0.001226960311,0,0.3712399545,0.2979572671,1.567620968,-0.05728309602,-0.01246058289,0.07400219142,-0.2268316784,0.3391621625,0.14060538,0.7615559043,0,0,0,1,0,0,0
23.61047053,21.59040856,rate,aggressive,1.677598238,-1.379998446,-1.660565495,1.752137716,-1.499767549,-2,-1.29588604,0.02265900932,-0.03653417528,-1.604933293,0.04753159915,0,0.367582038,0.3121916019,1.001334086,-0.05728309602,-0.01246058289,0.07400219142,0.0332778799,-0.08038197297,0.04253529091,0.7659199509,0,0,0,1,0,0,0
23.62043762,21.60037565,rate,aggressive,1.654573679,-1.372640133,-1.661196113,1.736070923,-1.499052463,-2,-1.321264267,0.09168355912,-0.03891112655,-1.619014138,0.09595389614,0,0.3706884839,0.3003119994,1.302373705,-0.05552388355,-0.005438854918,0.075043872,-0.1198270435,0.1808272861,0.09884305465,0.7623276968,0,0,0,1,0,0,0
23.63050365,21.61044168,rate,aggressive,1.654573679,-1.372640133,-1.661196113,1.719702855,-1.497840583,-2,-1.321264267,0.09168355912,-0.03891112655,-1.633102536,0.1448254857,0,0.3670218474,0.3187181296,0.8534118862,-0.05552388355,-0.005438854918,0.075043872,0.1175362856,-0.2079003711,0.009384168901,0.7667161921,0,0,0,1,0,0,0
23.64044523,21.62038326,rate,aggressive,1.619342566,-1.359408379,-1.662236571,1.70339862,-1.49616105,-2,-1.358777881,0.1951241344,-0.04245442525,-1.646885195,0.1930462353,0,0.3739663715,0.2912258925,1.56120601,-0.06299521029,0.03194331378,0.07566416264,-0.2345912438,0.3955421378,0.139612044,0.7589468918,0,0,0,1,0,0,0
23.65053797,21.630476,rate,aggressive,1.619342566,-1.359408379,-1.662236571,1.686706999,-1.493965905,-2,-1.358777881,0.1951241344,-0.04245442525,-1.660742543,0.2419368469,0,0.3697672626,0.3085068322,0.9673362865,-0.06299521029,0.03194331378,0.07566416264,0.02736086539,-0.04213728634,0.04112347324,0.7633495733,0,0,0,1,0,0,0
23.66043711,21.64037514,rate,aggressive,1.595459938,-1.349329352,-1.662967682,1.670200355,-1.491333906,-2,-1.383266449,0.263441503,-0.04371909797,-1.674200982,0.2898121899,0,0.3732856903,0.2953805599,1.263219072,-0.07731687278,0.0831605196,0.07685612142,-0.1271446019,0.2287435274,0.09816140306,0.7598018535,0,0,0,1,0,0,0
23.67058825,21.65052629,rate,aggressive,1.595459938,-1.349329352,-1.662967682,1.653135826,-1.488143196,-2,-1.383266449,0.263441503,-0.04371909797,-1.687864026,0.3388106355,0,0.3690346524,0.316814693,0.8022695745,-0.07731687278,0.0831605196,0.07685612142,0.1124055437,-0.176296096,0.0083034631,0.764218545,0,0,0,1,0,0,0
23.68043566,21.66037369,rate,aggressive,1.558840275,-1.331804156,-1.664097071,1.636450044,-1.484573194,-2,-1.419322848,0.3656339645,-0.04598095268,-1.700983632,0.3862350039,0,0.3770841193,0.2861318715,1.468379847,-0.0867222622,0.1034639031,0.07928933203,-0.2412089224,0.44880616,0.1394775048,0.7564628545,0,0,0,1,0,0,0
23.69053292,21.67047095,rate,aggressive,1.558840275,-1.331804156,-1.664097071,1.619207426,-1.480428296,-2,-1.419322848,0.3656339645,-0.04598095268,-1.714297385,0.4347365576,0,0.3722419989,0.3064300792,0.8859502072,-0.0867222622,0.1034639031,0.07928933203,0.02345889262,-0.007004801382,0.04076636802,0.7608259741,0,0,0,1,0,0,0
23.70043516,21.68037319,rate,aggressive,1.534013748,-1.318796992,-1.664864898,1.602167967,-1.475888502,-2,-1.442882061,0.4329153597,-0.04654432088,-1.727216496,0.4821619443,0,0.3763486106,0.2922972299,1.165602098,-0.09612232447,0.1369348764,0.07874895632,-0.1293771221,0.2707673466,0.09702684883,0.7572801579,0,0,0,1,0,0,0
23.71046925,21.69040728,rate,aggressive,1.534013748,-1.318796992,-1.664864898,1.584771836,-1.470809991,-2,-1.442882061,0.4329153597,-0.04654432088,-1.740167683,0.5300624688,0,0.3714833403,0.3162003725,0.7527642581,-0.09612232447,0.1369348764,0.07874895632,0.1116213246,-0.1480448806,0.007375382281,0.7615863925,0,0,0,1,0,0,0
23.72045326,21.70039129,rate,aggressive,1.508845687,-1.304689169,-1.665645003,1.567334229,-1.46528062,-2,-1.465995789,0.4997541308,-0.04710511491,-1.752913393,0.5775523894,0,0.3755047105,0.3009869979,0.8755596598,-0.1230737939,0.2172536403,0.07977356017,-0.05184281435,0.1490109419,0.06976562861,0.7580162033,0,0,0,1,0,0,0
23.73040915,21.71034718,rate,aggressive,1.483324647,-1.289504886,-1.666436315,1.549819744,-1.459295604,-2,-1.488634229,0.5658937097,-0.04808105901,-1.765482256,0.6247227687,0,0.3801515729,0.2870844415,1.113149343,-0.1196839064,0.2072961479,0.0807942152,-0.1802570714,0.3886770402,0.1163172721,0.7543316509,0,0,0,1,0,0,0
23.74044919,21.72038722,rate,aggressive,1.470421553,-1.281481981,-1.666854262,1.532031194,-1.452785405,-2,-1.499817491,0.5986706018,-0.04874084145,-1.778013819,0.6720886843,0,0.3796402156,0.2918202902,0.9717886562,-0.1088412181,0.1754289716,0.0813601017,-0.1027776461,0.2584880687,0.08709707409,0.7545510624,0,0,0,1,0,0,0
23.75047946,21.73041749,rate,aggressive,1.470421553,-1.281481981,-1.666854262,1.514135055,-1.445807768,-2,-1.499817491,0.5986706018,-0.04874084145,-1.79038822,0.7191893108,0,0.3740319734,0.3183265269,0.7428922005,-0.1088412181,0.1754289716,0.0813601017,0.1352639973,-0.1639066497,-6.141863464e-05,0.7587380453,0,0,0,1,0,0,0
23.76044655,21.74038458,rate,aggressive,1.431271076,-1.255978346,-1.668132067,1.496229417,-1.438407254,-2,-1.532654762,0.6963233948,-0.05055494979,-1.802540152,0.7657610677,0,0.3842345868,0.2832234404,1.195335108,-0.08148186654,0.1229939461,0.08267829567,-0.213180451,0.4884598252,0.1255805313,0.7509086879,0,0,0,1,0,0,0
23.77057409,21.75051212,rate,aggressive,1.431271076,-1.255978346,-1.668132067,1.477912212,-1.430413407,-2,-1.532654762,0.6963233948,-0.05055494979,-1.814739141,0.8128300271,0,0.3778085642,0.3093560976,0.7410457508,-0.08148186654,0.1229939461,0.08267829567,0.04978458896,0.01484209583,0.03014052722,0.7550814022,0,0,0,1,0,0,0
23.78045058,21.76038861,rate,aggressive,1.404761076,-1.237662673,-1.66900456,1.45993081,-1.42215989,-2,-1.554121852,0.7608863115,-0.05183674395,-1.826490527,0.8584721544,0,0.3829372067,0.2939298213,0.9724589856,-0.06488927454,0.1125157475,0.08333085477,-0.1065053621,0.3183231223,0.085177422,0.7511038188,0,0,0,1,0,0,0
23.79057622,21.77051425,rate,aggressive,1.404761076,-1.237662673,-1.66900456,1.441376064,-1.413231585,-2,-1.554121852,0.7608863115,-0.05183674395,-1.838388529,0.9049838769,0,0.3764612621,0.3228911585,0.7362523069,-0.06488927454,0.1125157475,0.08333085477,0.1338320195,-0.1172671689,-0.00180462492,0.7552299023,0,0,0,1,0,0,0
23.80044866,21.78038669,rate,aggressive,1.364411235,-1.208262801,-1.670360088,1.423170033,-1.404074526,-2,-1.585717678,0.8570386767,-0.05332588777,-1.849842025,0.9500432174,0,0.387888256,0.2850529168,1.251566752,-0.06714563817,0.1607163697,0.08286882937,-0.2236433056,0.5696054287,0.123728979,0.7472321058,0,0,0,1,0,0,0
23.81046319,21.79040122,rate,aggressive,1.364411235,-1.208262801,-1.670360088,1.404587172,-1.394332685,-2,-1.585717678,0.8570386767,-0.05332588777,-1.861311164,0.9954445323,0,0.3806554597,0.3129722042,0.7547119589,-0.06714563817,0.1607163697,0.08286882937,0.04121459662,0.0816383241,0.02893602872,0.7512518524,0,0,0,1,0,0,0
23.82043576,21.80037379,rate,aggressive,1.337188482,-1.187556863,-1.67127645,1.385968788,-1.384181437,-2,-1.606332064,0.9201079011,-0.05398273468,-1.872581993,1.040334209,0,0.3861345797,0.297081682,1.015507351,-0.06220410019,0.1684136391,0.08240324259,-0.1118711634,0.382419186,0.08139349872,0.7473479923,0,0,0,1,0,0,0
23.83058739,21.81052542,rate,aggressive,1.337188482,-1.187556863,-1.67127645,1.366901456,-1.37338986,-2,-1.606332064,0.9201079011,-0.05398273468,-1.883900245,1.085685474,0,0.3787821747,0.3276799709,0.7121532231,-0.06220410019,0.1684136391,0.08240324259,0.1294485008,-0.06372918673,-0.004374847129,0.7513609551,0,0,0,1,0,0,0
23.84043789,21.82037592,rate,aggressive,1.295832753,-1.154634714,-1.672656178,1.34829062,-1.362479992,-2,-1.63660264,1.013509989,-0.05451353267,-1.894732448,1.129345118,0,0.3912869343,0.2881327817,1.295880146,-0.07019002736,0.2171284258,0.08297973126,-0.2298520953,0.635920529,0.1189185901,0.7435371339,0,0,0,1,0,0,0
23.85049653,21.83043456,rate,aggressive,1.295832753,-1.154634714,-1.672656178,1.329177198,-1.350897624,-2,-1.63660264,1.013509989,-0.05451353267,-1.905639856,1.173560812,0,0.3831252525,0.3177562189,0.7659990325,-0.07019002736,0.2171284258,0.08297973126,0.03616515687,0.1370954565,0.02584826523,0.747432725,0,0,0,1,0,0,0
23.86044288,21.84038091,rate,aggressive,1.267964602,-1.131621361,-1.673563719,1.310170042,-1.339009107,-2,-1.656348705,1.074583054,-0.05458518863,-1.916271931,1.216904654,0,0.3890393583,0.3013221932,1.033163643,-0.06991668791,0.2426900864,0.08127076179,-0.1173090986,0.4406503306,0.07722713602,0.7436125846,0,0,0,1,0,0,0
23.87069583,21.85063386,rate,aggressive,1.267964602,-1.131621361,-1.673563719,1.290467096,-1.326304924,-2,-1.656348705,1.074583054,-0.05458518863,-1.927071012,1.261176199,0,0.3807475512,0.3332973332,0.6950974282,-0.06991668791,0.2426900864,0.08127076179,0.1253704519,-0.01466183302,-0.00682396981,0.7475024595,0,0,0,1,0,0,0
23.8804431,21.86038113,rate,aggressive,1.225603104,-1.095131278,-1.674920321,1.271634006,-1.313808401,-2,-1.685309172,1.16489923,-0.05440907925,-1.937185338,1.302866169,0,0.3944810846,0.292295787,1.286099963,-0.07610763609,0.2825401723,0.0814505294,-0.2386864459,0.7020792682,0.1149324669,0.7398368383,0,0,0,1,0,0,0
23.89047861,21.87041664,rate,aggressive,1.225603104,-1.095131278,-1.674920321,1.252141751,-1.300519834,-2,-1.685309172,1.16489923,-0.05440907925,-1.947443,1.345369855,0,0.3854420276,0.3228686083,0.7548968993,-0.07610763609,0.2825401723,0.0814505294,0.0292248141,0.1927607992,0.02396867907,0.7435409626,0,0,0,1,0,0,0
23.90046787,21.8804059,rate,aggressive,1.197057724,-1.069738507,-1.675789356,1.232637893,-1.28687108,-2,-1.704059482,1.223543286,-0.05289996415,-1.957495619,1.387241705,0,0.3918227203,0.3063094091,1.001940369,-0.0879496783,0.3390495181,0.08025078475,-0.1218439371,0.495094699,0.0730355593,0.7401161142,0,0,0,1,0,0,0
23.91040301,21.89034104,rate,aggressive,1.197057724,-1.069738507,-1.675789356,1.213140882,-1.272883601,-2,-1.704059482,1.223543286,-0.05289996415,-1.967336843,1.42844187,0,0.3829349014,0.337782185,0.676631571,-0.0879496783,0.3390495181,0.08025078475,0.1205271926,0.03473107865,-0.008345362497,0.7436869209,0,0,0,1,0,0,0
23.92045808,21.90039611,rate,aggressive,1.153799772,-1.030099154,-1.677051783,1.193309777,-1.258312831,-2,-1.731171131,1.309125066,-0.05078390986,-1.977136702,1.469674174,0,0.3974142348,0.2980840212,1.135336306,-0.09847663343,0.3896045685,0.08010609448,-0.2223287072,0.7082190636,0.1029317345,0.7368645642,0,0,0,1,0,0,0
23.93039083,21.91032887,rate,aggressive,1.153799772,-1.030099154,-1.677051783,1.173623941,-1.243514584,-2,-1.731171131,1.309125066,-0.05078390986,-1.986658387,1.509932315,0,0.3876012056,0.3289016488,0.6746798453,-0.09847663343,0.3896045685,0.08010609448,0.04215974478,0.2015324576,0.01674770133,0.7402980954,0,0,0,1,0,0,0
23.94043994,21.92037797,rate,aggressive,1.124613523,-1.002485752,-1.677867651,1.153612075,-1.228138516,-2,-1.748568058,1.364647985,-0.04890626296,-1.99613004,1.550170811,0,0.3943720783,0.3132051671,0.8551812883,-0.09505529702,0.3840349913,0.07846483588,-0.1056449868,0.5014225525,0.06312477069,0.7370743988,0,0,0,1,0,0,0
23.95051455,21.93045259,rate,aggressive,1.124613523,-1.002485752,-1.677867651,1.133454687,-1.212320064,-2,-1.748568058,1.364647985,-0.04890626296,-2.005461838,1.590002327,0,0.384548898,0.3452112635,0.6702164238,-0.09505529702,0.3840349913,0.07846483588,0.1347534595,0.04220624962,-0.01404236636,0.7404456924,0,0,0,1,0,0,0
23.96046925,21.94040728,rate,aggressive,1.080442905,-0.9597193599,-1.679038644,1.113445712,-1.196298314,-2,-1.774116039,1.44583261,-0.04687354714,-2.014520614,1.62884619,0,0.4000937129,0.3057539197,0.99290685,-0.09976780415,0.4241864383,0.07786738873,-0.2145058094,0.732297163,0.09427685597,0.7338177465,0,0,0,1,0,0,0
23.97050762,21.95044565,rate,aggressive,1.080442905,-0.9597193599,-1.679038644,1.093178031,-1.179752948,-2,-1.774116039,1.44583261,-0.04687354714,-2.023491797,1.667486989,0,0.3893496574,0.3369214468,0.6271421411,-0.09976780415,0.4241864383,0.07786738873,0.04978599739,0.2241139382,0.01211033379,0.7370328867,0,0,0,1,0,0,0
23.98045564,21.96039367,rate,aggressive,1.050696373,-0.9302188754,-1.679782629,1.073004759,-1.162976516,-2,-1.790586591,1.498257995,-0.04563827813,-2.032219289,1.705242921,0,0.3965008802,0.3214217991,0.7419016402,-0.08695212752,0.3992222548,0.07723416388,-0.1016961487,0.5278778886,0.05728267014,0.7337342847,0,0,0,1,0,0,0
23.99052167,21.9704597,rate,aggressive,1.050696373,-0.9302188754,-1.679782629,1.052504621,-1.145621531,-2,-1.790586591,1.498257995,-0.04563827813,-2.040884504,1.742890196,0,0.3859284113,0.3529544044,0.6970551993,-0.08695212752,0.3992222548,0.07723416388,0.1388981601,0.06842648152,-0.01636922807,0.7368407311,0,0,0,1,0,0,0
24.00045967,21.9803977,rate,aggressive,1.020716071,-0.8999727368,-1.680505753,1.032180479,-1.128118318,-2,-1.806823969,1.549577713,-0.04494503886,-2.049275189,1.779497389,0,0.3927574479,0.3371434536,0.6260527224,-0.07554019243,0.3803150952,0.07679281384,-0.03267009257,0.4121812058,0.03497717397,0.7334034536,0,0,0,1,0,0,0
24.01071143,21.99064946,rate,aggressive,1.020716071,-0.8999727368,-1.680505753,1.011128164,-1.109684304,-2,-1.806823969,1.549577713,-0.04494503886,-2.057758992,1.816663538,0,0.3822923537,0.3692198265,0.8784849081,-0.07554019243,0.3803150952,0.07679281384,0.1953068322,-0.01979626703,-0.0338926067,0.736452599,0,0,0,1,0,0,0
24.02045369,22.00039172,rate,aggressive,0.9753454924,-0.8533055782,-1.681549788,0.991042331,-1.091816186,-2,-1.830349088,1.624162078,-0.04291452467,-2.065658837,1.851409525,0,0.3981761401,0.3299298964,0.7070925335,-0.07436615974,0.4190473557,0.0755790174,-0.176110545,0.7109846038,0.07505209577,0.7301311235,0,0,0,1,0,0,0
24.03053737,22.0104754,rate,aggressive,0.9753454924,-0.8533055782,-1.681549788,0.9701723723,-1.072968357,-2,-1.830349088,1.624162078,-0.04291452467,-2.073668274,1.886773451,0,0.3868966725,0.3605698489,0.7017413216,-0.07436615974,0.4190473557,0.0755790174,0.08292302575,0.2166364487,-0.0006621789885,0.7329823832,0,0,0,1,0,0,0
24.04045153,22.02038956,rate,aggressive,0.9294576645,-0.8050136566,-1.682567358,0.9495753465,-1.054092731,-2,-1.852954507,1.695698619,-0.04069001973,-2.081376563,1.920936955,0,0.4039908274,0.3233645335,0.9694757687,-0.03069702722,0.3105803132,0.07349427789,-0.2624929972,0.8991766221,0.0919851371,0.7269780943,0,0,0,1,0,0,0
24.05046034,22.03039837,rate,aggressive,0.9294576645,-0.8050136566,-1.682567358,0.9287049962,-1.034696415,-2,-1.852954507,1.695698619,-0.04069001973,-2.088990353,1.954806074,0,0.3918140096,0.3528530452,0.6292931344,-0.03069702722,0.3105803132,0.07349427789,0.01215542961,0.3736195273,0.01493567646,0.7296775567,0,0,0,1,0,0,0
24.0604732,22.04041123,rate,aggressive,0.8986366391,-0.7720684409,-1.683231831,0.9077507917,-1.014956217,-2,-1.867794991,1.742350578,-0.03967156261,-2.096437618,1.988054064,0,0.3992738569,0.3379666949,0.8658611532,-0.02848559059,0.3403437734,0.07235486805,-0.1379311896,0.6773274779,0.05177106,0.7265216066,0,0,0,1,0,0,0
24.07056928,22.05050731,rate,aggressive,0.8986366391,-0.7720684409,-1.683231831,0.8865478219,-0.9947181899,-2,-1.867794991,1.742350578,-0.03967156261,-2.103774393,2.020924477,0,0.3873772365,0.3672377,0.671779707,-0.02848559059,0.3403437734,0.07235486805,0.1081551436,0.2113679358,-0.01583447977,0.7291399321,0,0,0,1,0,0,0
24.0804491,22.06038713,rate,aggressive,0.8520643115,-0.7215542197,-1.684181809,0.8657281205,-0.9745955666,-2,-1.889631629,1.809885144,-0.0365761742,-2.110785874,2.052444806,0,0.4049169698,0.3302759541,1.113422444,-0.05225516111,0.4756167233,0.06896831095,-0.2534703346,0.9121659662,0.07507704126,0.7236113104,0,0,0,1,0,0,0
24.09046841,22.07040644,rate,aggressive,0.8520643115,-0.7215542197,-1.684181809,0.844544608,-0.953874126,-2,-1.889631629,1.809885144,-0.0365761742,-2.117725895,2.083747166,0,0.392135454,0.3582809203,0.6916308403,-0.05225516111,0.4756167233,0.06896831095,0.01503215437,0.4028114446,0.005041094844,0.7260652657,0,0,0,1,0,0,0
24.10044479,22.08038282,rate,aggressive,0.8207912445,-0.6872029901,-1.684766412,0.8233835962,-0.9329331805,-2,-1.903584599,1.852583766,-0.03332474828,-2.124465099,2.114242088,0,0.3997027169,0.344040421,0.8748773492,-0.06667570025,0.5343858004,0.06748661399,-0.1396322891,0.6975349895,0.04131192965,0.7236659862,0,0,0,1,0,0,0
24.11047888,22.09041691,rate,aggressive,0.8207912445,-0.6872029901,-1.684766412,0.8020332495,-0.9115676874,-2,-1.903584599,1.852583766,-0.03332474828,-2.13107052,2.144225664,0,0.3873804266,0.3713695995,0.6383700391,-0.06667570025,0.5343858004,0.06748661399,0.1033938901,0.2435119279,-0.02027162282,0.7259951296,0,0,0,1,0,0,0
24.12044668,22.10038471,rate,aggressive,0.7735546827,-0.6347203255,-1.68555522,0.780759168,-0.8900488924,-2,-1.923999071,1.913759828,-0.028718872,-2.137460233,2.173318665,0,0.4051173924,0.3372850892,0.9146175809,-0.1126736999,0.6610599756,0.06452937424,-0.2492757523,0.8990909279,0.06277066584,0.7214127855,0,0,0,1,0,0,0
24.13045573,22.11039376,rate,aggressive,0.7735546827,-0.6347203255,-1.68555522,0.7593338324,-0.8681527681,-2,-1.923999071,1.913759828,-0.028718872,-2.143703297,2.201828081,0,0.3918781159,0.3634254246,0.5714461065,-0.1126736999,0.6610599756,0.06452937424,0.01687919827,0.4041262487,-0.000367170905,0.7235596173,0,0,0,1,0,0,0
24.14044452,22.12038255,rate,aggressive,0.7417988777,-0.5990911126,-1.686003447,0.7378904461,-0.8460200445,-2,-1.937034488,1.952079177,-0.02607848495,-2.149760296,2.229567284,0,0.399478421,0.3506166086,0.6043881294,-0.1171264872,0.6550970078,0.06367436796,-0.1333955385,0.6766966905,0.03295704658,0.7213096124,0,0,0,1,0,0,0
24.15048051,22.13041854,rate,aggressive,0.7417988777,-0.5990911126,-1.686003447,0.7162856631,-0.823507303,-2,-1.937034488,1.952079177,-0.02607848495,-2.155670946,2.256711709,0,0.3867911403,0.375876267,0.6113149138,-0.1171264872,0.6550970078,0.06367436796,0.1083370921,0.2366414243,-0.02246574079,0.7233188855,0,0,0,1,0,0,0
24.16044927,22.1403873,rate,aggressive,0.6938837767,-0.5448596478,-1.68657434,0.6947677619,-0.8008793258,-2,-1.955497622,2.006279707,-0.02273102291,-2.161367896,2.282945262,0,0.4047005083,0.3456054086,0.6360487284,-0.1154040471,0.6261316538,0.0618484281,-0.2384377982,0.8712406359,0.05169416022,0.7190566756,0,0,0,1,0,0,0
24.1706059,22.15054393,rate,aggressive,0.6938837767,-0.5448596478,-1.68657434,0.6727868241,-0.7775597488,-2,-1.955497622,2.006279707,-0.02273102291,-2.166993283,2.308917216,0,0.3909348576,0.3699142821,0.5253252127,-0.1154040471,0.6261316538,0.0618484281,0.0265927203,0.3923488175,-0.004865112308,0.7209172366,0,0,0,1,0,0,0
24.18044519,22.16038322,rate,aggressive,0.6617280245,-0.5081737041,-1.686880231,0.6514390347,-0.7547208703,-2,-1.967226267,2.040073872,-0.02016739175,-2.172270245,2.333341887,0,0.3986669766,0.3584074297,0.472474043,-0.1019797549,0.5930655003,0.06051706895,-0.1286648546,0.6747618132,0.02578787962,0.7189273913,0,0,0,1,0,0,0
24.19052887,22.1704669,rate,aggressive,0.6617280245,-0.5081737041,-1.686880231,0.6295080409,-0.731069184,-2,-1.967226267,2.040073872,-0.02016739175,-2.177501526,2.357613757,0,0.3857000286,0.3813843041,0.6965263996,-0.1019797549,0.5930655003,0.06051706895,0.1126133449,0.2483196065,-0.02401603792,0.7206447869,0,0,0,1,0,0,0
24.20045638,22.18039441,rate,aggressive,0.6132280827,-0.4524145424,-1.687268019,0.6078660311,-0.7075484733,-2,-1.983941913,2.087915659,-0.01681060903,-2.182476598,2.380751039,0,0.4036376672,0.3541908776,0.5417046318,-0.1001403332,0.60076195,0.05844636634,-0.2366433806,0.8781840103,0.04202728971,0.7169522685,0,0,0,1,0,0,0
24.21039581,22.19033384,rate,aggressive,0.5969994068,-0.433654964,-1.687376022,0.5861494213,-0.6837731867,-2,-1.989348531,2.103021383,-0.01544911228,-2.187283103,2.403154532,0,0.4005129198,0.3598564668,0.4807233257,-0.1028066427,0.6182269454,0.05744843557,-0.1532677759,0.729487037,0.02413989171,0.7168997671,0,0,0,1,0,0,0
24.22045732,22.20039535,rate,aggressive,0.5807459354,-0.4148230553,-1.687466145,0.5641183359,-0.6594830283,-2,-1.994586587,2.117681026,-0.01433403324,-2.191970371,2.425049715,0,0.3972560765,0.3655698746,0.4633912867,-0.09458567202,0.601343751,0.05724839121,-0.08597833843,0.6139102062,0.009969223904,0.7167987307,0,0,0,1,0,0,0
24.23041391,22.21035194,rate,aggressive,0.5807459354,-0.4148230553,-1.687466145,0.5422714108,-0.635233167,-2,-1.994586587,2.117681026,-0.01433403324,-2.196431832,2.445933643,0,0.3843674247,0.3856121729,0.7454751094,-0.09458567202,0.601343751,0.05724839121,0.1432896591,0.2222515505,-0.03212596007,0.7182233887,0,0,0,1,0,0,0
24.24045277,22.2203908,rate,aggressive,0.5481100678,-0.3768603504,-1.687629461,0.5201999224,-0.6105764295,-2,-2.004817247,2.145881653,-0.01201985031,-2.200751588,2.466194723,0,0.3911234272,0.3756796584,0.5377735548,-0.09003541619,0.5876211524,0.05560069904,-0.0300229739,0.5351348888,-0.001890784145,0.7165560824,0,0,0,1,0,0,0
24.25050473,22.23044276,rate,aggressive,0.5481100678,-0.3768603504,-1.687629461,0.4980570571,-0.585687736,-2,-2.004817247,2.145881653,-0.01201985031,-2.204896988,2.485675441,0,0.379064024,0.3945075382,0.9399392474,-0.09003541619,0.5876211524,0.05560069904,0.1890166206,0.1694789177,-0.04048072245,0.7178804182,0,0,0,1,0,0,0
24.26045251,22.24039054,rate,aggressive,0.4989680946,-0.3194224834,-1.687785506,0.476103566,-0.5608682223,-2,-2.019202948,2.184672356,-0.00676427735,-2.20882176,2.504153141,0,0.3953438018,0.3715764009,0.4871352471,-0.110062018,0.6581314206,0.0519025065,-0.1700397372,0.7905349554,0.01880619186,0.7154277142,0,0,0,1,0,0,0
24.27068424,22.25062227,rate,aggressive,0.4989680946,-0.3194224834,-1.687785506,0.4534836242,-0.5351527258,-2,-2.019202948,2.184672356,-0.00676427735,-2.212673859,2.522320649,0,0.3822123292,0.3892083233,0.810511137,-0.110062018,0.6581314206,0.0519025065,0.08042107828,0.374671393,-0.02122705307,0.7166281333,0,0,0,1,0,0,0
24.28045845,22.26039648,rate,aggressive,0.4496069849,-0.2614474893,-1.687832355,0.4318392224,-0.510417489,-2,-2.032464981,2.219337225,-0.002500253031,-2.216178481,2.538876861,0,0.3996878687,0.36859528,0.5091270002,-0.06955432147,0.5457971096,0.04937455058,-0.2624516831,0.9540387124,0.02702785856,0.7143218728,0,0,0,1,0,0,0
24.29048824,22.27042627,rate,aggressive,0.4496069849,-0.2614474893,-1.687832355,0.4095941196,-0.4848712846,-2,-2.032464981,2.219337225,-0.002500253031,-2.219596462,2.555049016,0,0.3859635475,0.3843525059,0.6641451283,-0.06955432147,0.5457971096,0.04937455058,0.005238928294,0.514553808,-0.01163623397,0.7153681711,0,0,0,1,0,0,0
24.30046368,22.28040171,rate,aggressive,0.4165606201,-0.2225397825,-1.687824965,0.3874364735,-0.4593067714,-2,-2.04095912,2.240779161,-0.0005288067623,-2.222816527,2.570307534,0,0.3928868485,0.3763792561,0.5518141474,-0.05216182768,0.5202748775,0.04872564599,-0.140901537,0.7653141706,0.00530633774,0.7141264,0,0,0,1,0,0,0
24.31047392,22.29041195,rate,aggressive,0.4165606201,-0.2225397825,-1.687824965,0.3651701188,-0.4335042038,-2,-2.04095912,2.240779161,-0.0005288067623,-2.225867726,2.584786278,0,0.3802633606,0.3905539251,0.7777633757,-0.05216182768,0.5202748775,0.04872564599,0.09847096057,0.3844276739,-0.027557272,0.7150805969,0,0,0,1,0,0,0
24.32046437,22.3004024,rate,aggressive,0.3834387362,-0.183458522,-1.687780976,0.3429182289,-0.4076123161,-2,-2.049225092,2.260931253,0.001578481169,-2.228732766,2.598399724,0,0.3864809875,0.3822439868,0.6160350576,-0.06974248588,0.6085256934,0.04696273804,-0.06715928957,0.6644683027,-0.007649680329,0.7139518864,0,0,0,1,0,0,0
24.33063555,22.31057358,rate,aggressive,0.3834387362,-0.183458522,-1.687780976,0.3202353469,-0.3811167029,-2,-2.049225092,2.260931253,0.001578481169,-2.231464531,2.611396215,0,0.3748921761,0.3950182195,0.9053065171,-0.06974248588,0.6085256934,0.04696273804,0.1567574834,0.3191669621,-0.03653896123,0.7148294086,0,0,0,1,0,0,0
24.34044862,22.32038665,rate,aggressive,0.3335869908,-0.1245484501,-1.687659025,0.2983256241,-0.3554327681,-2,-2.060805559,2.287530422,0.005270602182,-2.233922889,2.623105574,0,0.3900100215,0.3776348394,0.581302175,-0.09574267268,0.7127969265,0.04271278903,-0.2002225791,0.8810902923,0.004038906007,0.71309363,0,0,0,1,0,0,0
24.35055447,22.3304925,rate,aggressive,0.3335869908,-0.1245484501,-1.687659025,0.2757379103,-0.3288667191,-2,-2.060805559,2.287530422,0.005270602182,-2.236272472,2.634308875,0,0.3776894964,0.3886794461,0.7870736611,-0.09574267268,0.7127969265,0.04271278903,0.05148797445,0.496841367,-0.02394204638,0.7138456634,0,0,0,1,0,0,0
24.36044955,22.34038758,rate,aggressive,0.2835859954,-0.0654297173,-1.687446952,0.2535991595,-0.3027492207,-2,-2.071234226,2.30972743,0.009634531103,-2.23839381,2.644433971,0,0.3935850161,0.3742507433,0.6060832459,-0.07102288306,0.6341548562,0.03976622596,-0.2788997038,0.9970765381,0.004968275581,0.7126910436,0,0,0,1,0,0,0
24.37047553,22.35041356,rate,aggressive,0.2835859954,-0.0654297173,-1.687446952,0.2311470526,-0.2761883236,-2,-2.071234226,2.30972743,0.009634531103,-2.240362145,2.653837379,0,0.3806027335,0.3835475638,0.6879869283,-0.07102288306,0.6341548562,0.03976622596,-0.01363964734,0.6005596632,-0.01988709786,0.7133318996,0,0,0,1,0,0,0
24.38045764,22.36039567,rate,aggressive,0.2501763403,-0.02597936243,-1.687254071,0.2087744862,-0.2496542734,-2,-2.077684879,2.322388411,0.01285488717,-2.242140652,2.662341017,0,0.3867228921,0.3778607201,0.6270542797,-0.05271216109,0.606030941,0.03851826862,-0.1560560801,0.8137015581,-0.01080526446,0.7130347039,0,0,0,1,0,0,0
24.39039373,22.37033176,rate,aggressive,0.2501763403,-0.02597936243,-1.687254071,0.1864883147,-0.2231624847,-2,-2.077684879,2.322388411,0.01285488717,-2.243731247,2.669951902,0,0.3751631169,0.3854050138,0.7762520557,-0.05271216109,0.606030941,0.03851826862,0.07993651833,0.4756537598,-0.03100381455,0.7135989287,0,0,0,1,0,0,0
24.40045929,22.38039732,rate,aggressive,0.1999688447,0.03318086267,-1.686892509,0.1638965699,-0.1962527788,-2,-2.086924314,2.338499069,0.01667072996,-2.245159618,2.676791158,0,0.3898426676,0.373842028,0.6530876351,-0.09665051848,0.7507998347,0.03416205198,-0.2510591897,0.9442658428,-0.01043808491,0.7128724522,0,0,0,1,0,0,0
24.41046119,22.39039922,rate,aggressive,0.1832081228,0.05289939418,-1.686751485,0.1414343758,-0.1694494293,-2,-2.089749813,2.342932224,0.01831926219,-2.246396451,2.682716818,0,0.3864048104,0.374602903,0.633372961,-0.1111681536,0.7922844887,0.03270134702,-0.1681486797,0.8187574918,-0.01776479052,0.7131298993,0,0,0,1,0,0,0
24.42044854,22.40038657,rate,aggressive,0.1664353162,0.07262239605,-1.686597109,0.1189934072,-0.1426302485,-2,-2.09245038,2.346759319,0.01970221847,-2.247449857,2.687766252,0,0.3831524604,0.3750983114,0.6382671138,-0.1191143617,0.810319066,0.03153379261,-0.1035561605,0.7228035882,-0.02318506251,0.7133322512,0,0,0,1,0,0,0
24.43049288,22.41043091,rate,aggressive,0.1664353162,0.07262239605,-1.686597109,0.09641471036,-0.1156115803,-2,-2.09245038,2.346759319,0.01970221847,-2.248326134,2.691968432,0,0.3722314969,0.3792818997,0.8131906155,-0.1191143617,0.810319066,0.03153379261,0.1169163129,0.4319031009,-0.03579088542,0.7137442003,0,0,0,1,0,0,0
24.44045305,22.42039108,rate,aggressive,0.1328562647,0.1118938699,-1.686287522,0.07401741578,-0.08878196143,-2,-2.097362041,2.352597237,0.02258146927,-2.24901364,2.695266509,0,0.3770256199,0.375406926,0.7245557066,-0.1291085929,0.8045601845,0.03031645343,-0.04651474694,0.6453076508,-0.02823291403,0.7137956399,0,0,0,1,0,0,0
24.45054317,22.4304812,rate,aggressive,0.1328562647,0.1118938699,-1.686287522,0.05132187467,-0.0615732711,-2,-2.097362041,2.352597237,0.02258146927,-2.249525842,2.69772428,0,0.3676332744,0.3778576731,0.9750824455,-0.1291085929,0.8045601845,0.03031645343,0.1634349324,0.3826890968,-0.03805885418,0.7141479067,0,0,0,1,0,0,0
24.46045756,22.44039559,rate,aggressive,0.08242249489,0.1706527919,-1.685749054,0.02901743259,-0.03481857346,-2,-2.10366106,2.35747838,0.02807448246,-2.249848433,2.699272502,0,0.379241664,0.3728030931,0.7506410312,-0.1452270448,0.8102574348,0.02649202943,-0.1718245768,0.7987069476,-0.02680672152,0.7146058486,0,0,0,1,0,0,0
24.47054434,22.45048237,rate,aggressive,0.08242249489,0.1706527919,-1.685749054,0.006322834076,-0.007587376625,-2,-2.10366106,2.35747838,0.02807448246,-2.249992804,2.699965459,0,0.3692077642,0.3734950532,0.978080083,-0.1452270448,0.8102574348,0.02649202943,0.06588798632,0.5088237505,-0.03328479601,0.7148866238,0,0,0,1,0,0,0
24.48045611,22.46039414,rate,aggressive,0.04876831546,0.2096255869,-1.685361862,-0.01597854547,0.01917386292,-2,-2.107109785,2.358111382,0.03118452802,-2.249954043,2.699779409,0,0.3734450066,0.3716369164,0.885483218,-0.1123100221,0.7273042202,0.02512320317,-0.07967013073,0.6827460082,-0.03126121475,0.7153134143,0,0,0,1,0,0,0
24.49040198,22.47034001,rate,aggressive,0.01509000175,0.2483969182,-1.684947371,-0.03835535566,0.0460210096,-2,-2.109985828,2.35682559,0.03385103866,-2.24973518,2.698728941,0,0.3782467096,0.370909255,0.7874334903,-0.0703644678,0.6420364976,0.02295540832,-0.195576306,0.8109697593,-0.0333365312,0.715771431,0,0,0,1,0,0,0
24.50046492,22.48040295,rate,aggressive,-0.001757876133,0.2676872015,-1.684736609,-0.0609924075,0.07316910372,-2,-2.111390114,2.355584383,0.03498471901,-2.249330287,2.696785856,0,0.3751493376,0.3696888791,0.8172402843,-0.06508550793,0.6428979039,0.02245803736,-0.122006844,0.720467041,-0.03529197572,0.7160962141,0,0,0,1,0,0,0
24.51039553,22.49033356,rate,aggressive,-0.0186092481,0.2869476974,-1.68451345,-0.08332689743,0.09993671879,-2,-2.112677097,2.35390687,0.03637370095,-2.248749846,2.694000927,0,0.3724154182,0.3681070585,0.8450862439,-0.06267713755,0.649820745,0.02058924548,-0.06795073757,0.6576340835,-0.03675147653,0.7165038729,0,0,0,1,0,0,0
24.52046967,22.5004077,rate,aggressive,-0.05232619122,0.3252543807,-1.68407166,-0.1059773798,0.12705854,-2,-2.115071297,2.349453926,0.03938132152,-2.247977474,2.690296239,0,0.3767900706,0.367951658,0.7945395598,-0.07297772169,0.6966215372,0.01754152216,-0.1888336677,0.7759711387,-0.04156651886,0.7172509638,0,0,0,1,0,0,0
24.53046012,22.51039815,rate,aggressive,-0.06919112802,0.344296217,-1.683837891,-0.1284311083,0.1539138279,-2,-2.116171122,2.346466303,0.04090708122,-2.24702902,2.685748709,0,0.373782435,0.3659367841,0.8264368778,-0.08499993384,0.7250369787,0.01743150689,-0.1224173247,0.6959421451,-0.04200865449,0.7177554409,0,0,0,1,0,0,0
24.5404582,22.52039623,rate,aggressive,-0.0860575214,0.3632978797,-1.683589458,-0.1508915886,0.1807397935,-2,-2.117091179,2.343039751,0.04241980985,-2.245897972,2.680328213,0,0.3710074688,0.3635301047,0.8640156753,-0.09416569769,0.7398096919,0.01572299935,-0.06988805371,0.6368317317,-0.04217568653,0.7182806599,0,0,0,1,0,0,0
24.55048132,22.53041935,rate,aggressive,-0.0860575214,0.3632978797,-1.683589458,-0.1733960422,0.2075741649,-2,-2.117091179,2.343039751,0.04241980985,-2.244581562,2.674022814,0,0.3633091292,0.3572156576,1.004722161,-0.09416569769,0.7398096919,0.01572299935,0.1339751057,0.4449864082,-0.03706970002,0.7184505769,0,0,0,1,0,0,0
24.56044936,22.54038739,rate,aggressive,-0.1366222054,0.4197592139,-1.682805777,-0.1957628485,0.234194096,-2,-2.119215727,2.329757452,0.0470728986,-2.243091236,2.666888848,0,0.3722152657,0.3622410491,0.920532237,-0.1192590743,0.7542238832,0.01216734201,-0.1898521707,0.7351707473,-0.0512245399,0.7198515729,0,0,0,1,0,0,0
24.57039309,22.55033112,rate,aggressive,-0.1366222054,0.4197592139,-1.682805777,-0.2180593909,0.2606739732,-2,-2.119215727,2.329757452,0.0470728986,-2.241424677,2.658916888,0,0.3640773329,0.354255303,1.003845287,-0.1192590743,0.7542238832,0.01216734201,0.0383459381,0.5305904119,-0.04094791403,0.7200126246,0,0,0,1,0,0,0
24.58045435,22.56039238,rate,aggressive,-0.1703134179,0.457054317,-1.682222843,-0.2406017083,0.2873818287,-2,-2.119930506,2.318472385,0.04946095496,-2.239555707,2.649983747,0,0.3670306778,0.3558881248,0.987966512,-0.105808191,0.7059590816,0.01044331118,-0.09762845249,0.6441687997,-0.04943528751,0.7209529428,0,0,0,1,0,0,0
24.59053683,22.57047486,rate,aggressive,-0.1703134179,0.457054317,-1.682222843,-0.2631717757,0.3140514531,-2,-2.119930506,2.318472385,0.04946095496,-2.237498581,2.640159893,0,0.3606311344,0.3460512833,1.093558454,-0.105808191,0.7059590816,0.01044331118,0.1105207595,0.475817052,-0.0381950934,0.7211234401,0,0,0,1,0,0,0
24.60045958,22.58039761,rate,aggressive,-0.2207619697,0.5120756626,-1.681309104,-0.2853631093,0.340197596,-2,-2.119940281,2.297935247,0.05264135078,-2.235294163,2.629642662,0,0.3678032956,0.3551160921,0.9920328442,-0.06999716163,0.6379473209,0.005493156146,-0.2042084091,0.721145847,-0.06055786882,0.7225111766,0,0,0,1,0,0,0
24.61066318,22.59060121,rate,aggressive,-0.2207619697,0.5120756626,-1.681309104,-0.3081588035,0.3669705318,-2,-2.119940281,2.297935247,0.05264135078,-2.232841442,2.617952963,0,0.3609121677,0.3434080987,1.037177242,-0.06999716163,0.6379473209,0.005493156146,0.02456981463,0.5483807037,-0.04413273162,0.7227012429,0,0,0,1,0,0,0
24.6204648,22.60040283,rate,aggressive,-0.2543694079,0.5484317541,-1.680643797,-0.3300320068,0.3925722845,-2,-2.119611025,2.282361507,0.05480019376,-2.230308025,2.605892148,0,0.3633254569,0.3463076122,0.9906543214,-0.06244347245,0.6373280883,0.004212600645,-0.1190809677,0.6535508208,-0.05674544783,0.7238122667,0,0,0,1,0,0,0
24.63047075,22.61040878,rate,aggressive,-0.2543694079,0.5484317541,-1.680643797,-0.3523346757,0.418581633,-2,-2.119611025,2.282361507,0.05480019376,-2.227542777,2.592743279,0,0.3583945202,0.333150369,1.048648887,-0.06244347245,0.6373280883,0.004212600645,0.08854103381,0.5137301187,-0.04019012726,0.7240249546,0,0,0,1,0,0,0
24.64045787,22.6203959,rate,aggressive,-0.3046835661,0.6018673182,-1.679618478,-0.3745668712,0.4444066321,-2,-2.118363142,2.255810261,0.05787513405,-2.224602599,2.578780505,0,0.3637607232,0.34488568,1.000221842,-0.05372064933,0.6344431639,0.0007391434046,-0.2207978786,0.7098007757,-0.07011945804,0.7256715998,0,0,0,1,0,0,0
24.65051055,22.63044858,rate,aggressive,-0.3046835661,0.6018673182,-1.679618478,-0.3969144562,0.4702561228,-2,-2.118363142,2.255810261,0.05787513405,-2.221461618,2.563884502,0,0.3584304167,0.3299826739,0.9873923028,-0.05372064933,0.6344431639,0.0007391434046,0.004774471064,0.5704053043,-0.0481848782,0.7259237946,0,0,0,1,0,0,0
24.66045523,22.64039326,rate,aggressive,-0.3381558061,0.6368938684,-1.678898215,-0.4189899828,0.4956764264,-2,-2.11715436,2.2359097,0.0598536171,-2.218175464,2.548322549,0,0.3599762301,0.3337506656,0.9818809594,-0.05814358592,0.6374454498,-0.001980343135,-0.1328597084,0.6447519926,-0.06380580116,0.7271678348,0,0,0,1,0,0,0
24.67067122,22.65060925,rate,aggressive,-0.3381558061,0.6368938684,-1.678898215,-0.441632829,0.5216248129,-2,-2.11715436,2.2359097,0.0598536171,-2.21461463,2.531485824,0,0.3565119992,0.3169324922,0.9863125053,-0.05814358592,0.6374454498,-0.001980343135,0.07160533795,0.5381345677,-0.04227257289,0.7274675037,0,0,0,1,0,0,0
24.68045282,22.66039085,rate,aggressive,-0.3882504404,0.6884936094,-1.677773356,-0.4632779082,0.5463046625,-2,-2.114634752,2.203000546,0.06217092648,-2.21102976,2.514562773,0,0.3601066889,0.3320063902,1.032980586,-0.07371249795,0.6500192285,-0.005762055982,-0.2395536512,0.6859422675,-0.08017860482,0.7291242505,0,0,0,1,0,0,0
24.69043922,22.67037725,rate,aggressive,-0.3882504404,0.6884936094,-1.677773356,-0.4853391283,0.571326483,-2,-2.114634752,2.203000546,0.06217092648,-2.20719306,2.496481284,0,0.3563486476,0.3139477796,0.9652328035,-0.07371249795,0.6500192285,-0.005762055982,-0.01649820358,0.5810777006,-0.05280716711,0.7294732194,0,0,0,1,0,0,0
24.70046687,22.6804049,rate,aggressive,-0.4215352833,0.7219873667,-1.677038431,-0.5074520158,0.596265892,-2,-2.112510681,2.178618908,0.06365635246,-2.203161112,2.477513478,0,0.3570598676,0.3187594642,1.008751324,-0.07207918912,0.644438982,-0.008900023997,-0.1462869618,0.6237956231,-0.07090046902,0.7307164076,0,0,0,1,0,0,0
24.71049356,22.69043159,rate,aggressive,-0.4215352833,0.7219873667,-1.677038431,-0.5295214753,0.6210087025,-2,-2.112510681,2.178618908,0.06365635246,-2.19895013,2.457740454,0,0.3551927409,0.2990530842,0.9617201664,-0.07207918912,0.644438982,-0.008900023997,0.05407946341,0.5500911823,-0.04475935118,0.7311237276,0,0,0,1,0,0,0
24.72045493,22.70039296,rate,aggressive,-0.4713409245,0.7712723017,-1.675906301,-0.5514044503,0.6453900195,-2,-2.108525753,2.139009953,0.06500844657,-2.194589264,2.437303506,0,0.3567817865,0.3171940576,1.088978724,-0.08374676853,0.6425031424,-0.01149883773,-0.2424259947,0.6374496733,-0.08831116298,0.7326376971,0,0,0,1,0,0,0
24.73042011,22.71035814,rate,aggressive,-0.4713409245,0.7712723017,-1.675906301,-0.5732514606,0.669573065,-2,-2.108525753,2.139009953,0.06500844657,-2.190050236,2.416074707,0,0.3546339213,0.2960358387,0.9698512471,-0.08374676853,0.6425031424,-0.01149883773,-0.02540300419,0.5711072423,-0.05630958333,0.7331158797,0,0,0,1,0,0,0
24.74045205,22.72039008,rate,aggressive,-0.5044292212,0.8033009768,-1.675130963,-0.5951982464,0.6937004989,-2,-2.10529232,2.110280037,0.06564890593,-2.185302869,2.393918537,0,0.3546705114,0.3019308952,1.051118002,-0.08360858262,0.637943387,-0.01398044452,-0.1511875037,0.5913182049,-0.07697129849,0.7342499733,0,0,0,1,0,0,0
24.75051093,22.73044896,rate,aggressive,-0.5044292212,0.8033009768,-1.675130963,-0.6171552551,0.7176656185,-2,-2.10529232,2.110280037,0.06564890593,-2.180363893,2.370919154,0,0.3543733403,0.2790667827,0.9553922655,-0.08360858262,0.637943387,-0.01398044452,0.04390127543,0.552038993,-0.04671328079,0.7348035048,0,0,0,1,0,0,0
24.76045156,22.74038959,rate,aggressive,-0.5538573861,0.8500028849,-1.673937678,-0.6388044455,0.7411178951,-2,-2.099725246,2.06402421,0.06602513045,-2.175307425,2.347426553,0,0.3541025014,0.3006474205,1.161024231,-0.09285055101,0.6287139654,-0.01779137738,-0.2457087859,0.5831443011,-0.09619492822,0.736106253,0,0,0,1,0,0,0
24.77071285,22.75065088,rate,aggressive,-0.5702867508,0.8652591109,-1.673532724,-0.6610983631,0.7650777533,-2,-2.097602129,2.047829866,0.06615027785,-2.169905218,2.322387896,0,0.3533609138,0.2915230827,1.127295034,-0.1008016691,0.6256912351,-0.01908155344,-0.1742787471,0.5604753123,-0.08459681312,0.7369795645,0,0,0,1,0,0,0
24.78047037,22.7604084,rate,aggressive,-0.5866994262,0.8803995252,-1.673124433,-0.6822454903,0.7876193301,-2,-2.095369339,2.031253576,0.06623756886,-2.164596564,2.297843503,0,0.3529657937,0.2832843324,1.102765375,-0.09735396504,0.6204107404,-0.02037606202,-0.1271303345,0.5469859764,-0.07710266551,0.7378434054,0,0,0,1,0,0,0
24.79042912,22.77036715,rate,aggressive,-0.6030532122,0.8951544762,-1.672721028,-0.7037744616,0.8103751995,-2,-2.093000412,2.014029264,0.06618604064,-2.159006304,2.272062102,0,0.352765958,0.2744418247,1.0776114,-0.09165136516,0.6148597002,-0.02196327969,-0.08807486646,0.5352859977,-0.07079713667,0.7386954065,0,0,0,1,0,0,0
24.80046654,22.78040457,rate,aggressive,-0.6357072592,0.9243040681,-1.671907663,-0.7254163082,0.8330473438,-2,-2.087995052,1.978501439,0.06614142656,-2.153196381,2.245338299,0,0.3521648543,0.2825381595,1.235099528,-0.1056133211,0.6028621793,-0.02491126023,-0.197253809,0.5141163392,-0.09313469308,0.7396996788,0,0,0,1,0,0,0
24.81051326,22.79045129,rate,aggressive,-0.6357072592,0.9243040681,-1.671907663,-0.7470189213,0.8554681866,-2,-2.087995052,1.978501439,0.06614142656,-2.147205116,2.2178558,0,0.3532325666,0.2552861727,1.023404864,-0.1056133211,0.6028621793,-0.02491126023,-0.003132707421,0.5260806779,-0.05563520586,0.740528284,0,0,0,1,0,0,0
24.82046938,22.80040741,rate,aggressive,-0.6682248712,0.9526790977,-1.671118498,-0.768366481,0.8774108778,-2,-2.082369089,1.94136548,0.06622301042,-2.141094694,2.18990559,0,0.351932791,0.263830191,1.161001921,-0.1229037046,0.5910813212,-0.02731056511,-0.1285420591,0.5016374428,-0.08194864934,0.741570357,0,0,0,1,0,0,0
24.83051538,22.81045341,rate,aggressive,-0.6682248712,0.9526790977,-1.671118498,-0.7898442309,0.8992660344,-2,-2.082369089,1.94136548,0.06622301042,-2.134754865,2.160990223,0,0.3546932004,0.2352972248,0.9813363922,-0.1229037046,0.5910813212,-0.02731056511,0.04938943148,0.5315943661,-0.04616722891,0.742490657,0,0,0,1,0,0,0
24.84047103,22.82040906,rate,aggressive,-0.7167531252,0.9938582778,-1.669967771,-0.8110651019,0.9206345458,-2,-2.072942495,1.882778525,0.06575343758,-2.128299898,2.131637818,0,0.3509668593,0.2632848345,1.29496937,-0.1185621396,0.5695515275,-0.03187682852,-0.2185073038,0.4619735854,-0.1042575556,0.7434026902,0,0,0,1,0,0,0
24.85049939,22.83043742,rate,aggressive,-0.7167531252,0.9938582778,-1.669967771,-0.83237514,0.9418602353,-2,-2.072942495,1.882778525,0.06575343758,-2.121625042,2.101379005,0,0.3535442252,0.2334088143,1.054167131,-0.1185621396,0.5695515275,-0.03187682852,-0.0232073352,0.5084371249,-0.0618657081,0.7444333257,0,0,0,1,0,0,0
24.86046243,22.84040046,rate,aggressive,-0.748868227,1.020059586,-1.669194102,-0.8534792204,0.9626437755,-2,-2.065954924,1.841562152,0.06528828293,-2.114822524,2.070639262,0,0.3516711207,0.2431602863,1.204845131,-0.108004503,0.5529639721,-0.03511532024,-0.1382587879,0.4589055508,-0.08821332559,0.7452874976,0,0,0,1,0,0,0
24.87076092,22.85069895,rate,aggressive,-0.748868227,1.020059586,-1.669194102,-0.8752217283,0.9838016208,-2,-2.065954924,1.841562152,0.06528828293,-2.107612253,2.038164704,0,0.3559668373,0.2113065466,0.99298532,-0.108004503,0.5529639721,-0.03511532024,0.03835784282,0.5221026104,-0.04871044129,0.746448879,0,0,0,1,0,0,0
24.88047218,22.86041021,rate,aggressive,-0.7968509793,1.058307528,-1.668015361,-0.8956556211,1.00344347,-2,-2.05475831,1.777377486,0.06409529597,-2.100647238,2.006900071,0,0.3506939161,0.2426821329,1.335474222,-0.1081755385,0.5303347111,-0.03905748576,-0.2292721781,0.4057677284,-0.1118415205,0.7469989871,0,0,0,1,0,0,0
24.8905232,22.87046123,rate,aggressive,-0.7968509793,1.058307528,-1.668015361,-0.916732319,1.02344953,-2,-2.05475831,1.777377486,0.06409529597,-2.093269572,1.973896003,0,0.3546835439,0.210263767,1.060818421,-0.1081755385,0.5303347111,-0.03905748576,-0.03634322291,0.4872044167,-0.06579723235,0.7482531667,0,0,0,1,0,0,0
24.90046477,22.8804028,rate,aggressive,-0.8285620809,1.082467556,-1.66726315,-0.937505749,1.042908261,-2,-2.046645641,1.732556939,0.06307569891,-2.085803731,1.940615687,0,0.352345671,0.2209079949,1.223232086,-0.09827211499,0.5204959512,-0.04262008145,-0.1459828337,0.4188837362,-0.0928138324,0.7489011173,0,0,0,1,0,0,0
24.91049671,22.89043474,rate,aggressive,-0.8285620809,1.082467556,-1.66726315,-0.958391908,1.062205313,-2,-2.046645641,1.732556939,0.06307569891,-2.07810077,1.906402997,0,0.3577431393,0.1875911003,0.9836453443,-0.09827211499,0.5204959512,-0.04262008145,0.02615387148,0.5115990749,-0.05069809088,0.7502588546,0,0,0,1,0,0,0
24.92045999,22.90039802,rate,aggressive,-0.8758502007,1.117259622,-1.666167855,-0.9790577878,1.081027499,-2,-2.033713579,1.662656188,0.06105798483,-2.070282864,1.871809213,0,0.3512954221,0.2209307083,1.370821335,-0.1017817035,0.4961656928,-0.04591586441,-0.2234247219,0.3471953954,-0.1138921339,0.7503374368,0,0,0,1,0,0,0
24.93042707,22.9103651,rate,aggressive,-0.8915106654,1.128337145,-1.665820003,-0.999652813,1.099509016,-2,-2.029122114,1.638622403,0.06025227532,-2.062295407,1.836599835,0,0.3524231204,0.2095849888,1.30465745,-0.1028947085,0.4869588017,-0.04838720337,-0.1637073832,0.3686998738,-0.09833716057,0.7512530693,0,0,0,1,0,0,0
24.94045973,22.92039776,rate,aggressive,-0.9071395397,1.139257073,-1.665477633,-1.020302077,1.117754704,-2,-2.024398327,1.6143049,0.05939609185,-2.05408782,1.800561892,0,0.3537984249,0.1977398005,1.236025257,-0.09607932717,0.4845244288,-0.04922202229,-0.1174492801,0.389244279,-0.08621172607,0.7521938158,0,0,0,1,0,0,0
24.95041704,22.93035507,rate,aggressive,-0.9227358699,1.150016069,-1.665139556,-1.04071403,1.135502975,-2,-2.019592285,1.589640498,0.05844531208,-2.04577628,1.764213962,0,0.3553322293,0.1859498598,1.171207916,-0.09072051942,0.4846714437,-0.05116213858,-0.08358724288,0.4071548856,-0.07721973645,0.7531239901,0,0,0,1,0,0,0
24.96046376,22.94040179,rate,aggressive,-0.9537034631,1.170389414,-1.664525628,-1.061224549,1.153040904,-2,-2.009638071,1.539032936,0.05660640448,-2.037223598,1.726965322,0,0.352710659,0.1982014838,1.396496004,-0.1032031476,0.4550144672,-0.05397039652,-0.1773042401,0.308978405,-0.1026827982,0.7533007231,0,0,0,1,0,0,0
24.97045112,22.95038915,rate,aggressive,-0.9537034631,1.170389414,-1.664525628,-1.081527878,1.170101474,-2,-2.009638071,1.539032936,0.05660640448,-2.028556367,1.689376996,0,0.3590016967,0.1617576062,1.043858845,-0.1032031476,0.4550144672,-0.05397039652,-0.009995128642,0.4516640013,-0.05675651669,0.7550188211,0,0,0,1,0,0,0
24.98047304,22.96041107,rate,aggressive,-0.9845353365,1.190104961,-1.66392684,-1.101813648,1.186840982,-2,-1.99935472,1.487503052,0.05500297621,-2.019694386,1.651109775,0,0.3559635164,0.1737992789,1.226302591,-0.1188267842,0.4202060401,-0.05708118901,-0.1185313758,0.346475723,-0.08723127254,0.7552588925,0,0,0,1,0,0,0
24.99056268,22.97050071,rate,aggressive,-0.9845353365,1.190104961,-1.66392684,-1.122145923,1.203303437,-2,-1.99935472,1.487503052,0.05500297621,-2.010606552,1.612041289,0,0.3633951598,0.1366078459,0.9180573487,-0.1188267842,0.4202060401,-0.05708118901,0.03416207056,0.4951501728,-0.04436125351,0.7571031642,0,0,0,1,0,0,0
25.00047612,22.98041415,rate,aggressive,-1.030259013,1.217402339,-1.663129091,-1.142033031,1.219091901,-2,-1.982759595,1.407662392,0.05187355354,-2.001515938,1.57313712,0,0.3549342121,0.1744263501,1.369765056,-0.112415731,0.4127325118,-0.05968340486,-0.1977412675,0.2387047341,-0.1112323841,0.7561219529,0,0,0,1,0,0,0
25.01050758,22.99044561,rate,aggressive,-1.030259013,1.217402339,-1.663129091,-1.162064346,1.234673176,-2,-1.982759595,1.407662392,0.05187355354,-1.992154921,1.533259979,0,0.3621504337,0.1362126704,0.9947732898,-0.112415731,0.4127325118,-0.05968340486,-0.03053978895,0.4174383895,-0.06214356393,0.7580811639,0,0,0,1,0,0,0
25.02046657,23.0004046,rate,aggressive,-1.06045115,1.234409571,-1.662656307,-1.181857238,1.249743693,-2,-1.971206784,1.353075385,0.04968932644,-1.982700913,1.493176438,0,0.3588528118,0.149095436,1.204275279,-0.0977416262,0.4144882858,-0.06273945421,-0.1308058604,0.2913762102,-0.09137531138,0.7579371543,0,0,0,1,0,0,0
25.03045511,23.01039314,rate,aggressive,-1.06045115,1.234409571,-1.662656307,-1.201613516,1.264455562,-2,-1.971206784,1.353075385,0.04968932644,-1.973058848,1.452491964,0,0.366920076,0.1111580655,0.8750013731,-0.0977416262,0.4144882858,-0.06273945421,0.01878618778,0.4702566154,-0.04667317867,0.759997027,0,0,0,1,0,0,0
25.04046583,23.02040386,rate,aggressive,-1.105294585,1.258105993,-1.662034273,-1.221316217,1.278789989,-2,-1.952985764,1.268886805,0.04609270021,-1.963235397,1.411246106,0,0.3579241251,0.1499858752,1.39499625,-0.0814827159,0.4053146541,-0.06634010375,-0.2026395822,0.1740483945,-0.1126250546,0.7584728436,0,0,0,1,0,0,0
25.05079937,23.0307374,rate,aggressive,-1.105294585,1.258105993,-1.662034273,-1.241550275,1.293151106,-2,-1.952985764,1.268886805,0.04609270021,-1.952928022,1.368189718,0,0.3660800534,0.1094788059,0.9636972692,-0.0814827159,0.4053146541,-0.06634010375,-0.04081631881,0.3855253211,-0.0624306771,0.7607395809,0,0,0,1,0,0,0
25.06047869,23.04041672,rate,aggressive,-1.134798169,1.27230978,-1.661696911,-1.260405937,1.306197314,-2,-1.940283895,1.211149096,0.04365375638,-1.943119983,1.327429619,0,0.3624564201,0.1242370866,1.226714861,-0.08075337857,0.3825847208,-0.06696908176,-0.1431750727,0.2273479087,-0.09316344684,0.760182183,0,0,0,1,0,0,0
25.07062101,23.05055904,rate,aggressive,-1.134798169,1.27230978,-1.661696911,-1.280060911,1.319442126,-2,-1.940283895,1.211149096,0.04365375638,-1.932684582,1.284287671,0,0.3711761069,0.08551404056,0.8346939416,-0.08075337857,0.3825847208,-0.06696908176,0.001735801864,0.4367996169,-0.04753257088,0.7625168577,0,0,0,1,0,0,0
25.08047819,23.06041622,rate,aggressive,-1.178642154,1.291881204,-1.661267161,-1.299061105,1.331893231,-2,-1.92048943,1.122545123,0.03943310678,-1.922388254,1.241948373,0,0.3617203645,0.1257605322,1.419466577,-0.09257119149,0.331404537,-0.07109504938,-0.2130465519,0.09606655205,-0.1143273135,0.7602667691,0,0,0,1,0,0,0
25.09051275,23.07045078,rate,aggressive,-1.178642154,1.291881204,-1.661267161,-1.318298189,1.344137706,-2,-1.92048943,1.122545123,0.03943310678,-1.911751241,1.19844566,0,0.3701006434,0.08597800546,0.9508909157,-0.09257119149,0.331404537,-0.07109504938,-0.05738890852,0.3383817537,-0.06373016685,0.7626993257,0,0,0,1,0,0,0
25.10046768,23.08040571,rate,aggressive,-1.207524538,1.303516269,-1.661061645,-1.337276372,1.355851723,-2,-1.906716943,1.06228888,0.03675625473,-1.901044566,1.154901805,0,0.3666793519,0.09980156251,1.203573543,-0.09950134158,0.3033557236,-0.0721533969,-0.1460988225,0.1794939753,-0.09157133117,0.7618896109,0,0,0,1,0,0,0
25.11066699,23.09060502,rate,aggressive,-1.207524538,1.303516269,-1.661061645,-1.3566091,1.367401777,-2,-1.906716943,1.06228888,0.03675625473,-1.889916802,1.109904551,0,0.375748285,0.06245413609,0.7695274629,-0.09950134158,0.3033557236,-0.0721533969,-0.008253300136,0.4152252005,-0.04631783446,0.7644623162,0,0,0,1,0,0,0
25.12047029,23.10040832,rate,aggressive,-1.25029695,1.318823934,-1.660903335,-1.37508347,1.37806905,-2,-1.885382056,0.9701945186,0.03214558586,-1.879070998,1.066301669,0,0.3661532572,0.1015369517,1.376440182,-0.110985294,0.2646880746,-0.07404030114,-0.2111280292,0.03758539786,-0.1123304602,0.7615517688,0,0,0,1,0,0,0
25.13061261,23.11055064,rate,aggressive,-1.25029695,1.318823934,-1.660903335,-1.39408407,1.388653588,-2,-1.885382056,0.9701945186,0.03214558586,-1.867696169,1.02084158,0,0.3748832681,0.06254002031,0.874680112,-0.110985294,0.2646880746,-0.07404030114,-0.062851163,0.3093832958,-0.06227490168,0.7642205463,0,0,0,1,0,0,0
25.1404748,23.12041283,rate,aggressive,-1.27851367,1.327835798,-1.660864472,-1.412448477,1.398501989,-2,-1.870686889,0.9080402255,0.02879530564,-1.856486286,0.9763107538,0,0.3714096784,0.0754433017,1.1305,-0.1073272154,0.261454761,-0.07535864413,-0.1483081822,0.1385701065,-0.09023824881,0.7629648215,0,0,0,1,0,0,0
25.15060091,23.13053894,rate,aggressive,-1.27851367,1.327835798,-1.660864472,-1.431188553,1.408155374,-2,-1.870686889,0.9080402255,0.02879530564,-1.844824234,0.9302682171,0,0.380491472,0.04463328531,0.6813670162,-0.1073272154,0.261454761,-0.07535864413,-0.01720944366,0.3982761245,-0.04556571873,0.7657193208,0,0,0,1,0,0,0
25.16047168,23.14040971,rate,aggressive,-1.30642426,1.335709095,-1.660906196,-1.449341671,1.417115095,-2,-1.855560541,0.8449637294,0.02501375787,-1.833308775,0.8850891358,0,0.376877873,0.05225779763,0.9081028509,-0.1034257263,0.2594010234,-0.07720600814,-0.1118022363,0.2031149247,-0.07700325774,0.7642458919,0,0,0,1,0,0,0
25.17054844,23.15048647,rate,aggressive,-1.30642426,1.335709095,-1.660906196,-1.46775563,1.425800333,-2,-1.855560541,0.8449637294,0.02501375787,-1.821403762,0.8386791077,0,0.3861720474,0.04280035196,0.5594770124,-0.1034257263,0.2594010234,-0.07720600814,0.00817844119,0.4586979652,-0.03550035142,0.7670757826,0,0,0,1,0,0,0
25.18047094,23.16040897,rate,aggressive,-1.347754359,1.345516205,-1.661091328,-1.48576975,1.433894281,-2,-1.832167625,0.7495012879,0.02042222396,-1.809534604,0.7927098471,0,0.3764545399,0.05288005764,1.062109466,-0.1081387699,0.2125448734,-0.07978905737,-0.1820120646,0.03762623359,-0.1003049784,0.7635428554,0,0,0,1,0,0,0
25.19043088,23.17036891,rate,aggressive,-1.361313105,1.348033428,-1.66121459,-1.503732666,1.44155877,-2,-1.824048519,0.7172529697,0.01873260923,-1.797475545,0.7463128918,0,0.3792174508,0.04360633735,0.9442537292,-0.1056039929,0.2175144106,-0.07971457392,-0.1410305229,0.1141851304,-0.08468180457,0.7641417874,0,0,0,1,0,0,0
25.20048833,23.18042636,rate,aggressive,-1.374822617,1.35035646,-1.661345601,-1.521748836,1.448828147,-2,-1.815866828,0.684909761,0.01683372259,-1.785151867,0.6992183352,0,0.3820612373,0.03783541097,0.8329633739,-0.09833931923,0.2419889569,-0.08023877442,-0.1100509627,0.1770408202,-0.07266389185,0.764726306,0,0,0,1,0,0,0
25.21058416,23.19052219,rate,aggressive,-1.374822617,1.35035646,-1.661345601,-1.539708369,1.455647728,-2,-1.815866828,0.684909761,0.01683372259,-1.772634055,0.6517135923,0,0.3911014757,0.05704763356,0.4770473291,-0.09833931923,0.2419889569,-0.08023877442,0.001648620112,0.4509410716,-0.03286386949,0.7677371178,0,0,0,1,0,0,0
25.22048163,23.20041966,rate,aggressive,-1.414911747,1.35576725,-1.661839366,-1.557191644,1.461866704,-2,-1.790813684,0.5866690874,0.01095149759,-1.760220125,0.604933214,0,0.3819074205,0.03727572274,1.119242751,-0.07892572135,0.2776718736,-0.08175072819,-0.1813213651,-0.02410135443,-0.09584447629,0.7632415491,0,0,0,1,0,0,0
25.23042202,23.21036005,rate,aggressive,-1.414911747,1.35576725,-1.661839366,-1.574626362,1.467645652,-2,-1.790813684,0.5866690874,0.01095149759,-1.747611792,0.5577567728,0,0.390356439,0.05312495437,0.583635228,-0.07892572135,0.2776718736,-0.08175072819,-0.058870019,0.2942667011,-0.05097106113,0.7663074475,0,0,0,1,0,0,0
25.24048185,23.22041988,rate,aggressive,-1.441202879,1.357883215,-1.662294745,-1.592142268,1.47301568,-2,-1.773750424,0.5201455951,0.00744273793,-1.734709552,0.5098317104,0,0.3874055016,0.04106044702,0.9265479111,-0.08263167739,0.240839988,-0.08262754232,-0.1364874457,0.07412325551,-0.07718816568,0.7642474343,0,0,0,1,0,0,0
25.2505157,23.23045373,rate,aggressive,-1.441202879,1.357883215,-1.662294745,-1.609482921,1.477890735,-2,-1.773750424,0.5201455951,0.00744273793,-1.721698995,0.4618639233,0,0.395935369,0.07849521608,0.429984127,-0.08263167739,0.240839988,-0.08262754232,-0.02821277577,0.3777755682,-0.03721841444,0.7674195817,0,0,0,1,0,0,0
25.26047945,23.24041748,rate,aggressive,-1.479973674,1.358816862,-1.66316545,-1.626572559,1.482254706,-2,-1.747393012,0.4190842509,0.001957852626,-1.708640391,0.4140821169,0,0.3875379316,0.03912314142,1.266092817,-0.07847661525,0.2257361561,-0.08253071457,-0.1966119251,-0.1279185904,-0.09610383618,0.7623165819,0,0,0,1,0,0,0
25.27053952,23.25047755,rate,aggressive,-1.479973674,1.358816862,-1.66316545,-1.6436947,1.486177162,-2,-1.747393012,0.4190842509,0.001957852626,-1.695316154,0.3657033212,0,0.3955789862,0.07460131329,0.6575628536,-0.07847661525,0.2257361561,-0.08253071457,-0.08037135602,0.2204568226,-0.05233571764,0.7655870079,0,0,0,1,0,0,0
25.28047705,23.26041508,rate,aggressive,-1.517990828,1.357193232,-1.664167166,-1.660475982,1.489573398,-2,-1.720567942,0.3174152076,-0.001875947928,-1.682017778,0.3177960599,0,0.388085326,0.03859765968,1.597149042,-0.08673463017,0.174171567,-0.08273337781,-0.2334279414,-0.2820118287,-0.1061831814,0.7605314458,0,0,0,1,0,0,0
25.29061079,23.27054882,rate,aggressive,-1.517990828,1.357193232,-1.664167166,-1.677451822,1.492545881,-2,-1.720567942,0.3174152076,-0.001875947928,-1.668318273,0.2688382519,0,0.3956410509,0.07136713286,0.9508923923,-0.08673463017,0.174171567,-0.08273337781,-0.1146236134,0.0998894721,-0.06098391643,0.7639018625,0,0,0,1,0,0,0
25.3004775,23.28041553,rate,aggressive,-1.542879701,1.354605079,-1.664907575,-1.693846289,1.494962909,-2,-1.702209473,0.2493426055,-0.004009303171,-1.654846412,0.2210844248,0,0.3934185615,0.05529790935,1.411972105,-0.08293584734,0.1888351291,-0.08312854916,-0.179883815,-0.1391239125,-0.08313280569,0.7615290563,0,0,0,1,0,0,0
25.31051779,23.29045582,rate,aggressive,-1.542879701,1.354605079,-1.664907575,-1.710392035,1.496938405,-2,-1.702209473,0.2493426055,-0.004009303171,-1.641003614,0.172419051,0,0.4007568983,0.09838427163,0.7700606519,-0.08293584734,0.1888351291,-0.08312854916,-0.07811961529,0.2138576686,-0.04439758156,0.7649278851,0,0,0,1,0,0,0
25.32047629,23.30041432,rate,aggressive,-1.579507828,1.348450899,-1.666111708,-1.726665063,1.49841486,-2,-1.674111366,0.1460344493,-0.007121031173,-1.6271412,0.1240943844,0,0.3944944022,0.05232850116,1.739390152,-0.1052387431,0.05198103935,-0.08248975128,-0.2221146619,-0.3316045196,-0.09599632881,0.759456199,0,0,0,1,0,0,0
25.33068705,23.31062508,rate,aggressive,-1.579507828,1.348450899,-1.666111708,-1.743206257,1.49942881,-2,-1.674111366,0.1460344493,-0.007121031173,-1.61279195,0.07450440012,0,0.4013388808,0.09448453733,1.070426271,-0.1052387431,0.05198103935,-0.08248975128,-0.1159758353,0.06495879399,-0.05519414445,0.7629682337,0,0,0,1,0,0,0
25.3404901,23.32042813,rate,aggressive,-1.603555441,1.343082666,-1.666939735,-1.758948497,1.499925716,-2,-1.655040741,0.07707110047,-0.009552360512,-1.598887472,0.02687055926,0,0.3995946494,0.07592451188,1.412142083,-0.1192367747,-0.0195769202,-0.08208493143,-0.1779558881,-0.1782301889,-0.07732254179,0.7602385772,0,0,0,1,0,0,0
25.35063767,23.3305757,rate,aggressive,-1.603555441,1.343082666,-1.666939735,-1.775099742,1.499948166,-2,-1.655040741,0.07707110047,-0.009552360512,-1.584363258,-0.02244593641,0,0.4061568316,0.1224344509,0.7488082931,-0.1192367747,-0.0195769202,-0.08208493143,-0.08591723176,0.1906528927,-0.04202666142,0.7637531686,0,0,0,1,0,0,0
25.36047959,23.34041762,rate,aggressive,-1.63875103,1.332356811,-1.668350935,-1.790623076,1.499491903,-2,-1.625533581,-0.02633144706,-0.01289805863,-1.570150276,-0.07026998574,0,0.40123604,0.07186282471,1.609772984,-0.1253370941,-0.02356602997,-0.08265163749,-0.2147419438,-0.3744558468,-0.0895756741,0.7577667543,0,0,0,1,0,0,0
25.37056041,23.35049844,rate,aggressive,-1.650370836,1.328383088,-1.668822408,-1.806377556,1.49853671,-2,-1.615626574,-0.0603223294,-0.01349971816,-1.555464593,-0.1192318924,0,0.4036941283,0.08527627382,1.443638722,-0.127222985,-0.0351276882,-0.08109121025,-0.1812533678,-0.2433197625,-0.07573430581,0.7582628028,0,0,0,1,0,0,0
25.38047981,23.36041784,rate,aggressive,-1.661775231,1.323830366,-1.66931951,-1.821734651,1.497115204,-2,-1.605564237,-0.09455338866,-0.01417752076,-1.540889067,-0.1673716082,0,0.4061578968,0.09841937179,1.29307605,-0.129654184,-0.04884042591,-0.08160782605,-0.1559644551,-0.1506775511,-0.06527582435,0.7586116805,0,0,0,1,0,0,0
25.39050293,23.37044096,rate,aggressive,-1.661775231,1.323830366,-1.66931951,-1.837104832,1.495194061,-2,-1.605564237,-0.09455338866,-0.01417752076,-1.526036411,-0.2159603972,0,0.4116498159,0.1458263998,0.6303346417,-0.129654184,-0.04884042591,-0.08160782605,-0.0774801085,0.2176804109,-0.03512935389,0.7621114863,0,0,0,1,0,0,0
25.40044785,23.38038588,rate,aggressive,-1.695649981,1.30900383,-1.670784354,-1.852207348,1.492806914,-2,-1.574997902,-0.1964265108,-0.0159023311,-1.511176903,-0.2641006599,0,0.408260608,0.09437051727,1.442544617,-0.1424265057,-0.136918962,-0.08148559928,-0.1933041153,-0.3642204111,-0.07865936248,0.7563230724,0,0,0,1,0,0,0
25.41052771,23.39046574,rate,aggressive,-1.695649981,1.30900383,-1.670784354,-1.867363375,1.489899256,-2,-1.574997902,-0.1964265108,-0.0159023311,-1.495992233,-0.3128077216,0,0.413027343,0.141560468,0.7690925761,-0.1424265057,-0.136918962,-0.08148559928,-0.1099653835,0.05599890259,-0.0462546028,0.7598356687,0,0,0,1,0,0,0
25.42047453,23.40041256,rate,aggressive,-1.717740297,1.29779315,-1.671740413,-1.882168721,1.486549182,-2,-1.554283857,-0.2635088563,-0.01664729044,-1.480887279,-0.3607710568,0,0.4128194554,0.1229801837,1.022263105,-0.1476133764,-0.1918069124,-0.08077497035,-0.1558754024,-0.1948814988,-0.06335763366,0.7572065091,0,0,0,1,0,0,0
25.43042994,23.41036797,rate,aggressive,-1.728614569,1.291720033,-1.672212005,-1.896835809,1.48271908,-2,-1.543784738,-0.2968415916,-0.01700014435,-1.46565046,-0.4086599784,0,0.4149987852,0.1374675304,0.8166813413,-0.1475958973,-0.1961991787,-0.07985313982,-0.1362455099,-0.1003069465,-0.05528356035,0.7576017633,0,0,0,1,0,0,0
25.44048429,23.42042232,rate,aggressive,-1.750187278,1.279010057,-1.673139334,-1.911494112,1.478367682,-2,-1.52252996,-0.3627627492,-0.01806782186,-1.45014279,-0.4568916147,0,0.4154530688,0.1201107483,1.087495271,-0.143354103,-0.156843707,-0.08096355945,-0.1700782781,-0.3156940115,-0.06754455106,0.7549099405,0,0,0,1,0,0,0
25.45052075,23.43045878,rate,aggressive,-1.750187278,1.279010057,-1.673139334,-1.925970246,1.473541114,-2,-1.52252996,-0.3627627492,-0.01806782186,-1.434544275,-0.5048882384,0,0.4190225281,0.1681296571,0.4153105033,-0.143354103,-0.156843707,-0.08096355945,-0.09936099644,0.1038790643,-0.039896822,0.7583577146,0,0,0,1,0,0,0
25.46049762,23.44043565,rate,aggressive,-1.771177769,1.264857054,-1.674052119,-1.940204665,1.46826658,-2,-1.500834584,-0.4283746183,-0.01857099682,-1.418922388,-0.5524365403,0,0.4197470049,0.1498193923,0.7523257897,-0.1363154054,-0.1268176436,-0.079950504,-0.1384878331,-0.1732303981,-0.0543892426,0.7556545084,0,0,0,1,0,0,0
25.4705236,23.45046163,rate,aggressive,-1.771177769,1.264857054,-1.674052119,-1.954351571,1.462489074,-2,-1.500834584,-0.4283746183,-0.01857099682,-1.403108353,-0.6000394133,0,0.4229102482,0.1984038812,0.08441956114,-0.1363154054,-0.1268176436,-0.079950504,-0.07884398959,0.2193387255,-0.03097744544,0.7590816587,0,0,0,1,0,0,0
25.4804945,23.46043253,rate,aggressive,-1.802019596,1.241948724,-1.675421357,-1.96826295,1.45627092,-2,-1.467631817,-0.525620997,-0.01926698349,-1.387267882,-0.6471870107,0,0.4229919051,0.1469961711,0.8921830937,-0.1361583322,-0.1911298484,-0.07941393554,-0.1614697231,-0.3864452959,-0.06215293862,0.753285832,0,0,0,1,0,0,0
25.49063754,23.47057557,rate,aggressive,-1.802019596,1.241948724,-1.675421357,-1.982251859,1.449464133,-2,-1.467631817,-0.525620997,-0.01926698349,-1.371039324,-0.6949345833,0,0.4253205958,0.1958785768,0.2143938657,-0.1361583322,-0.1911298484,-0.07941393554,-0.1003154907,0.05707157778,-0.03765387815,0.7567146641,0,0,0,1,0,0,0
25.50048828,23.48042631,rate,aggressive,-1.822051525,1.225348711,-1.67633605,-1.995679533,1.442391022,-2,-1.444996238,-0.5898547173,-0.02082312666,-1.355169064,-0.7410845939,0,0.4266291156,0.1771242481,0.5634768297,-0.1281364262,-0.1353333592,-0.07850920409,-0.1335916978,-0.220163737,-0.04969786451,0.7536022336,0,0,0,1,0,0,0
25.51051855,23.49045658,rate,aggressive,-1.822051525,1.225348711,-1.67633605,-2.009190745,1.43472307,-2,-1.444996238,-0.5898547173,-0.02082312666,-1.338900133,-0.7878361966,0,0.428505615,0.2255807001,0.1173742097,-0.1281364262,-0.1353333592,-0.07850920409,-0.08312896023,0.1888216393,-0.02935766461,0.7569648321,0,0,0,1,0,0,0
25.52048421,23.50042224,rate,aggressive,-1.851332188,1.198489785,-1.677751422,-2.022452773,1.426641359,-2,-1.410309553,-0.6856604815,-0.02350361831,-1.322627941,-0.8340323507,0,0.4303249256,0.1739387729,0.8616486288,-0.118403472,-0.1066787913,-0.07743515819,-0.1519440967,-0.4439026709,-0.05510154518,0.7504385912,0,0,0,1,0,0,0
25.53074002,23.51067805,rate,aggressive,-1.851332188,1.198489785,-1.677751422,-2.035931053,1.41784508,-2,-1.410309553,-0.6856604815,-0.02350361831,-1.3057709,-0.8812931797,0,0.4313208001,0.2230535869,0.198025797,-0.118403472,-0.1066787913,-0.07743515819,-0.1017226748,0.01432565143,-0.03423905801,0.7538471268,0,0,0,1,0,0,0
25.54048276,23.52042079,rate,aggressive,-1.870438814,1.179504871,-1.678694129,-2.048574406,1.409041293,-2,-1.387115717,-0.7484136224,-0.02415915392,-1.289654121,-0.9259117313,0,0.4331936296,0.2039313758,0.5875439038,-0.1156362519,-0.1613747329,-0.0770105347,-0.1322527391,-0.2803133318,-0.04490751204,0.7507819667,0,0,0,1,0,0,0
25.55044127,23.5303793,rate,aggressive,-1.870438814,1.179504871,-1.678694129,-2.061334982,1.399594722,-2,-1.387115717,-0.7484136224,-0.02415915392,-1.273077945,-0.971224049,0,0.4337261254,0.2514612582,0.1443994312,-0.1156362519,-0.1613747329,-0.0770105347,-0.09148594326,0.1402560633,-0.02783256834,0.7540578454,0,0,0,1,0,0,0
25.56047988,23.54041791,rate,aggressive,-1.898125529,1.148822188,-1.68015945,-2.074030617,1.389617026,-2,-1.351596832,-0.841902256,-0.02533745021,-1.256264928,-1.016584993,0,0.4372902143,0.2006096134,0.8453151673,-0.1107771024,-0.1756062061,-0.07487315685,-0.1463579024,-0.4965252444,-0.04798832861,0.747739868,0,0,0,1,0,0,0
25.57054901,23.55048704,rate,aggressive,-1.898125529,1.148822188,-1.68015945,-2.086594778,1.379153223,-2,-1.351596832,-0.841902256,-0.02533745021,-1.239297788,-1.061750392,0,0.4368878815,0.2481658007,0.2313317318,-0.1107771024,-0.1756062061,-0.07487315685,-0.1072449367,-0.02914952364,-0.03100286297,0.7509998387,0,0,0,1,0,0,0
25.58047843,23.56041646,rate,aggressive,-1.916107774,1.127228618,-1.681113958,-2.098816803,1.368390946,-2,-1.327770591,-0.903000772,-0.02540314198,-1.222466401,-1.105947625,0,0.4395795327,0.230047206,0.6030550654,-0.1085519716,-0.1781011373,-0.07395803928,-0.1300675063,-0.3220965326,-0.03847021209,0.7480018417,0,0,0,1,0,0,0
25.59044552,23.57038355,rate,aggressive,-1.916107774,1.127228618,-1.681113958,-2.110916628,1.357148243,-2,-1.327770591,-0.903000772,-0.02540314198,-1.205472979,-1.149957224,0,0.4387503061,0.2767481073,0.2028290298,-0.1085519716,-0.1781011373,-0.07395803928,-0.100031132,0.1049152616,-0.02517588091,0.7511845626,0,0,0,1,0,0,0
25.60048366,23.58042169,rate,aggressive,-1.942365885,1.093163729,-1.682486176,-2.122931022,1.34538391,-2,-1.291542768,-0.9935618043,-0.02572939359,-1.188260384,-1.19390641,0,0.4438849137,0.2268638663,0.8767925577,-0.1070262641,-0.2244329453,-0.07279226929,-0.1436704446,-0.5453713192,-0.0410298039,0.7450370905,0,0,0,1,0,0,0
25.61052132,23.59045935,rate,aggressive,-1.942365885,1.093163729,-1.682486176,-2.134771587,1.333180944,-2,-1.291542768,-0.9935618043,-0.02572939359,-1.17095163,-1.237463766,0,0.4420896355,0.2732990874,0.2996078161,-0.1070262641,-0.2244329453,-0.07279226929,-0.1157150322,-0.07163267754,-0.02794540395,0.7481789551,0,0,0,1,0,0,0
25.62048197,23.60042,rate,aggressive,-1.959187031,1.069093704,-1.683370352,-2.146349093,1.320641386,-2,-1.267158985,-1.052856922,-0.02499587089,-1.1536812,-1.280287667,0,0.4456009512,0.2553952723,0.62919944,-0.1063858792,-0.2565789819,-0.07171399146,-0.1307832463,-0.3693555539,-0.03261253093,0.7452996442,0,0,0,1,0,0,0
25.63062096,23.61055899,rate,aggressive,-1.959187031,1.069093704,-1.683370352,-2.157956732,1.307441358,-2,-1.267158985,-1.052856922,-0.02499587089,-1.136006348,-1.323455549,0,0.4433659122,0.3017439716,0.2658786391,-0.1063858792,-0.2565789819,-0.07171399146,-0.1114067207,0.064773579,-0.02300850101,0.7484120126,0,0,0,1,0,0,0
25.64048672,23.62042475,rate,aggressive,-1.983736038,1.031568289,-1.684646487,-2.169079085,1.294178997,-2,-1.230317235,-1.140145421,-0.02457361668,-1.118716987,-1.365037123,0,0.4502935342,0.2522593026,0.8663486952,-0.1074854285,-0.2847470641,-0.0691582486,-0.1415949297,-0.6063934827,-0.03383744408,0.7423993868,0,0,0,1,0,0,0
25.65060472,23.63054276,rate,aggressive,-1.983736038,1.031568289,-1.684646487,-2.180308183,1.280153676,-2,-1.230317235,-1.140145421,-0.02457361668,-1.100893975,-1.40723462,0,0.4470829237,0.2978101465,0.3419996549,-0.1074854285,-0.2847470641,-0.0691582486,-0.1250458947,-0.1226846932,-0.02463548679,0.7454227319,0,0,0,1,0,0,0
25.660496,23.64043403,rate,aggressive,-1.999540687,1.005440474,-1.685469031,-2.191110888,1.266032177,-2,-1.205474615,-1.197077513,-0.02388523705,-1.083382107,-1.448035424,0,0.4511506492,0.2801016925,0.6371670303,-0.1062327251,-0.2809146047,-0.0693456009,-0.134700362,-0.4224716143,-0.0272642218,0.7425095256,0,0,0,1,0,0,0
25.67053127,23.6504693,rate,aggressive,-1.999540687,1.005440474,-1.685469031,-2.201893413,1.25129499,-2,-1.205474615,-1.197077513,-0.02388523705,-1.065527556,-1.488961096,0,0.4475721165,0.3245792821,0.3367109415,-0.1062327251,-0.2809146047,-0.0693456009,-0.1255554861,0.01726403256,-0.02111653182,0.7454382068,0,0,0,1,0,0,0
25.68048501,23.66042304,rate,aggressive,-2.022565365,0.9649013877,-1.686654687,-2.2124109,1.236274222,-2,-1.167899966,-1.280823112,-0.02345487662,-1.047732213,-1.529074358,0,0.4559274369,0.2768015566,0.8941007517,-0.1053459644,-0.3025494218,-0.06544077396,-0.1410228494,-0.6514667575,-0.02705685108,0.7395294179,0,0,0,1,0,0,0
25.69073939,23.67067742,rate,aggressive,-2.029967785,0.9509460926,-1.687039614,-2.223060376,1.220384809,-2,-1.155333281,-1.308197141,-0.02311027981,-1.029311458,-1.569885784,0,0.4558795608,0.2913700924,0.7734150748,-0.106421195,-0.3125937879,-0.06419635564,-0.1383632937,-0.4953501501,-0.02369224434,0.7395906773,0,0,0,1,0,0,0
25.70049763,23.68043566,rate,aggressive,-2.037305832,0.9368498921,-1.687415719,-2.233018776,1.20487803,-2,-1.142739296,-1.335285664,-0.02295989916,-1.011700542,-1.608226147,0,0.4559074162,0.3036359982,0.6969313377,-0.1077843532,-0.2928520441,-0.0640283972,-0.1386166211,-0.3943672062,-0.02163148093,0.7394508496,0,0,0,1,0,0,0
25.71043181,23.69036984,rate,aggressive,-2.044579029,0.9226136804,-1.687784076,-2.242979815,1.188709838,-2,-1.13012743,-1.362111568,-0.02291020192,-0.9936919326,-1.646748099,0,0.4556850011,0.3164766611,0.62840868,-0.1066666394,-0.2736097574,-0.0638005957,-0.1411174628,-0.3126310869,-0.02037834547,0.7393199309,0,0,0,1,0,0,0
25.72050691,23.70044494,rate,aggressive,-2.058555841,0.8932658434,-1.68850553,-2.252899006,1.17192414,-2,-1.104502201,-1.415260792,-0.02197456174,-0.9753467672,-1.685278596,0,0.4609213776,0.3001226783,0.9771002798,-0.1088806093,-0.3332370222,-0.06123462319,-0.137192568,-0.5893079875,-0.01882540112,0.7365360545,0,0,0,1,0,0,0
25.73053241,23.71047044,rate,aggressive,-2.058555841,0.8932658434,-1.68850553,-2.262585506,1.154838478,-2,-1.104502201,-1.415260792,-0.02197456174,-0.9570122946,-1.723069299,0,0.455057306,0.3420266526,0.5098169614,-0.1088806093,-0.3332370222,-0.06123462319,-0.1442765534,-0.1316474036,-0.01748340929,0.739204118,0,0,0,1,0,0,0
25.74050474,23.72044277,rate,aggressive,-2.072274923,0.8633849621,-1.689174056,-2.272037896,1.137470333,-2,-1.079068184,-1.466755509,-0.01972429454,-0.9386977563,-1.760102957,0,0.4600443494,0.3257999844,0.7562466702,-0.1095889732,-0.4129224718,-0.05931330472,-0.1423128757,-0.4485688487,-0.01648025904,0.7367817593,0,0,0,1,0,0,0
25.7508564,23.73079443,rate,aggressive,-2.072274923,0.8633849621,-1.689174056,-2.281656231,1.119053952,-2,-1.079068184,-1.466755509,-0.01972429454,-0.9196066133,-1.797945255,0,0.4536738164,0.3681082558,0.4599973323,-0.1095889732,-0.4129224718,-0.05931330472,-0.154827405,-0.0228365585,-0.01714614323,0.7394439563,0,0,0,1,0,0,0
25.76049876,23.74043679,rate,aggressive,-2.091762066,0.8169586658,-1.690109611,-2.290437385,1.101549835,-2,-1.040358543,-1.541580319,-0.01679178141,-0.9017517586,-1.83263335,0,0.465291381,0.3228090326,0.9284735279,-0.113878116,-0.3964749277,-0.05685368553,-0.1334910725,-0.7297337815,-0.01219691517,0.7344106549,0,0,0,1,0,0,0
25.77055478,23.75049281,rate,aggressive,-2.091762066,0.8169586658,-1.690109611,-2.29941149,1.082941394,-2,-1.040358543,-1.541580319,-0.01679178141,-0.8830586103,-1.868221324,0,0.4581453356,0.3629319199,0.5302664016,-0.113878116,-0.3964749277,-0.05685368553,-0.1526955531,-0.2467884079,-0.01399528206,0.7368805399,0,0,0,1,0,0,0
25.78049588,23.76043391,rate,aggressive,-2.104220629,0.7851962447,-1.690650821,-2.308097916,1.064196837,-2,-1.014362454,-1.589788437,-0.01489622053,-0.8645079813,-1.902801014,0,0.4637932658,0.3473544785,0.7799891252,-0.1160866246,-0.3532142937,-0.05487117544,-0.1405340784,-0.5501577659,-0.01045813219,0.7344619329,0,0,0,1,0,0,0
25.79045749,23.77039552,rate,aggressive,-2.11025238,0.7690359354,-1.690893769,-2.316616926,1.045071827,-2,-1.001250386,-1.613616943,-0.01422191318,-0.8458496752,-1.936840882,0,0.4629565865,0.3589224963,0.7291613856,-0.1169242039,-0.3454464972,-0.05350010842,-0.1456197101,-0.4546766682,-0.01017534924,0.7343747744,0,0,0,1,0,0,0
25.80048537,23.7804234,rate,aggressive,-2.122121096,0.7363684177,-1.691349745,-2.325004549,1.02548022,-2,-0.9748899937,-1.660436869,-0.01294011716,-0.8269985597,-1.970478274,0,0.4690546981,0.3437513581,1.026112506,-0.1183393747,-0.4191809595,-0.05169422552,-0.1303425439,-0.7139384558,-0.006328062471,0.731905885,0,0,0,1,0,0,0
25.81056881,23.79050684,rate,aggressive,-2.122121096,0.7363684177,-1.691349745,-2.333247682,1.005443211,-2,-0.9748899937,-1.660436869,-0.01294011716,-0.8079750961,-2.00365466,0,0.460695843,0.3818723377,0.6226765672,-0.1183393747,-0.4191809595,-0.05169422552,-0.1611179517,-0.2517020151,-0.01101791132,0.7341876854,0,0,0,1,0,0,0
25.82048821,23.80042624,rate,aggressive,-2.133322716,0.7028784752,-1.691793799,-2.341169229,0.985408942,-2,-0.9483349323,-1.705708146,-0.01034812164,-0.7891961604,-2.035647382,0,0.4669204427,0.3664589085,0.8363731875,-0.1174570397,-0.4906393886,-0.04923545569,-0.1376428852,-0.5638254282,-0.004932359036,0.7320255259,0,0,0,1,0,0,0
25.83064175,23.81057978,rate,aggressive,-2.133322716,0.7028784752,-1.691793799,-2.349084495,0.9645765106,-2,-0.9483349323,-1.705708146,-0.01034812164,-0.7699088564,-2.067723043,0,0.4582903767,0.4037297782,0.5651753403,-0.1174570397,-0.4906393886,-0.04923545569,-0.1730276007,-0.1401245413,-0.01116780429,0.7342242468,0,0,0,1,0,0,0
25.84049892,23.82043695,rate,aggressive,-2.144245863,0.6689798832,-1.69217515,-2.356581085,0.9440438407,-2,-0.9218919277,-1.749206781,-0.007201017812,-0.7511229775,-2.098201891,0,0.4642225389,0.3886019499,0.6631900505,-0.1150651202,-0.5551156998,-0.04861334711,-0.1494104583,-0.471192688,-0.004630182095,0.7322723503,0,0,0,1,0,0,0
25.85054374,23.83048177,rate,aggressive,-2.144245863,0.6689798832,-1.69217515,-2.364029574,0.9228146384,-2,-0.9218919277,-1.749206781,-0.007201017812,-0.7319186976,-2.128581355,0,0.4555141062,0.4243427267,0.61490904,-0.1150651202,-0.5551156998,-0.04861334711,-0.1884639431,-0.07196837616,-0.01198700268,0.7343438641,0,0,0,1,0,0,0
25.8604877,23.84042573,rate,aggressive,-2.159539223,0.6168745756,-1.692707777,-2.371212976,0.9015014151,-2,-0.8814600706,-1.811676383,-0.004247622099,-0.712848306,-2.157970445,0,0.469304513,0.3851850817,0.7519450811,-0.1204349548,-0.4958691597,-0.0455134958,-0.1229368812,-0.7326293208,0.003122692109,0.7301109293,0,0,0,1,0,0,0
25.87054539,23.85048342,rate,aggressive,-2.159539223,0.6168745756,-1.692707777,-2.378285339,0.8796506787,-2,-0.8814600706,-1.811676383,-0.004247622099,-0.6935017406,-2.186992358,0,0.4597060519,0.419771911,0.5977470067,-0.1204349548,-0.4958691597,-0.0455134958,-0.1725622287,-0.279672105,-0.005526274147,0.73205741,0,0,0,1,0,0,0
25.88048911,23.86042714,rate,aggressive,-2.173856497,0.5636231303,-1.693195224,-2.385085998,0.8577640918,-2,-0.840528667,-1.870960474,-0.002251592698,-0.674318525,-2.214980829,0,0.4746219318,0.38207445,0.9699666635,-0.1262670308,-0.4310451746,-0.04171842709,-0.09832658255,-0.9097784132,0.008907041613,0.7278187267,0,0,0,1,0,0,0
25.89053273,23.87047076,rate,aggressive,-2.173856497,0.5636231303,-1.693195224,-2.391761066,0.8353787066,-2,-0.840528667,-1.870960474,-0.002251592698,-0.6548877718,-2.24253014,0,0.4641795613,0.4153692676,0.6565112287,-0.1262670308,-0.4310451746,-0.04171842709,-0.1574342835,-0.4296126629,-0.0006915149269,0.729655311,0,0,0,1,0,0,0
25.90049052,23.88042855,rate,aggressive,-2.182933569,0.5275889635,-1.693496585,-2.398186164,0.8129150695,-2,-0.8131862283,-1.908774853,-0.0004646556918,-0.6355702398,-2.269120502,0,0.4708386241,0.4017420091,0.8564476014,-0.1256102622,-0.4699237049,-0.04028666764,-0.122665067,-0.7050236853,0.006244682058,0.7276528048,0,0,0,1,0,0,0
25.91058755,23.89052558,rate,aggressive,-2.182933569,0.5275889635,-1.693496585,-2.404504426,0.7898707038,-2,-0.8131862283,-1.908774853,-0.0004646556918,-0.6159304819,-2.295338284,0,0.4602496054,0.4339831009,0.6314317497,-0.1256102622,-0.4699237049,-0.04028666764,-0.1824009519,-0.2813884716,-0.003782773484,0.7294098459,0,0,0,1,0,0,0
25.9204917,23.90042973,rate,aggressive,-2.195469141,0.4725169837,-1.693938971,-2.410509086,0.7670130276,-2,-0.7714837193,-1.963086843,0.002182566095,-0.596616472,-2.320318704,0,0.4760708474,0.3977410216,1.012222241,-0.1194748655,-0.5813686848,-0.03706575558,-0.08721001764,-0.9105167167,0.01391468118,0.7256397973,0,0,0,1,0,0,0
25.93053246,23.91047049,rate,aggressive,-2.195469141,0.4725169837,-1.693938971,-2.416401065,0.7435912649,-2,-0.7714837193,-1.963086843,0.002182566095,-0.5769876705,-2.34489091,0,0.4647209215,0.4284948328,0.705286066,-0.1194748655,-0.5813686848,-0.03706575558,-0.158785455,-0.4508827075,0.002925608511,0.7272713299,0,0,0,1,0,0,0
25.94049072,23.92042875,rate,aggressive,-2.20348835,0.4354243577,-1.694162726,-2.422049737,0.7201220099,-2,-0.7438338995,-1.996938467,0.004519690294,-0.5574735926,-2.36850474,0,0.4715488004,0.4157067316,0.8234960039,-0.1155312657,-0.6380307078,-0.034983363,-0.1177039837,-0.7104257966,0.0108836045,0.7256300175,0,0,0,1,0,0,0
25.95049548,23.93043351,rate,aggressive,-2.20348835,0.4354243577,-1.694162726,-2.427528865,0.6963102043,-2,-0.7438338995,-1.996938467,0.004519690294,-0.5378233197,-2.391462482,0,0.460208665,0.4450954784,0.6480935621,-0.1155312657,-0.6380307078,-0.034983363,-0.188659769,-0.30418357,-0.0001134857036,0.7271581652,0,0,0,1,0,0,0
25.9605062,23.94044423,rate,aggressive,-2.214426756,0.3789318204,-1.694451571,-2.432814265,0.672258199,-2,-0.7018722892,-2.044435024,0.007460774388,-0.5181176965,-2.413657656,0,0.4765430846,0.4124885033,0.8602256952,-0.1106548086,-0.668957293,-0.03181750327,-0.08081276068,-0.8858164968,0.0182503766,0.7239944339,0,0,0,1,0,0,0
25.9705379,23.95047593,rate,aggressive,-2.214426756,0.3789318204,-1.694451571,-2.437912642,0.6479368306,-2,-0.7018722892,-2.044435024,0.007460774388,-0.498328585,-2.435113196,0,0.4644022821,0.4405849937,0.6568826526,-0.1106548086,-0.668957293,-0.03181750327,-0.1642795334,-0.4470331687,0.006717685646,0.7254048801,0,0,0,1,0,0,0
25.98050714,23.96044517,rate,aggressive,-2.221178532,0.3408868015,-1.694586635,-2.442782402,0.6235576009,-2,-0.6738491654,-2.073524714,0.01012304705,-0.4786224515,-2.455648586,0,0.4714746864,0.4292255811,0.7087851393,-0.107974574,-0.6780933142,-0.02983276732,-0.1131132511,-0.6941665209,0.01569798886,0.7241030779,0,0,0,1,0,0,0
25.99079514,23.97073317,rate,aggressive,-2.221178532,0.3408868015,-1.694586635,-2.447601687,0.5981884163,-2,-0.6738491654,-2.073524714,0.01012304705,-0.4582458358,-2.476011471,0,0.4590739482,0.4567087275,0.6730927456,-0.107974574,-0.6780933142,-0.02983276732,-0.1964441627,-0.3057601989,0.00426881581,0.7254545939,0,0,0,1,0,0,0
26.00051308,23.98045111,rate,aggressive,-2.230516195,0.2832929194,-1.694702864,-2.451961222,0.5740363947,-2,-0.6318221688,-2.113571405,0.01403598953,-0.4389621786,-2.494466353,0,0.4762100479,0.4271685215,0.7042388545,-0.09845325351,-0.7409450412,-0.02641961351,-0.07033621072,-0.8759126539,0.02363984879,0.7230425222,0,0,0,1,0,0,0
26.01054478,23.99048281,rate,aggressive,-2.230516195,0.2832929194,-1.694702864,-2.456264765,0.5489204342,-2,-0.6318221688,-2.113571405,0.01403598953,-0.4190207134,-2.512716418,0,0.4633861615,0.4525463616,0.671177692,-0.09845325351,-0.7409450412,-0.02641961351,-0.1671212464,-0.4532463542,0.01194639797,0.724244746,0,0,0,1,0,0,0
26.02051139,24.00044942,rate,aggressive,-2.236027002,0.2445556968,-1.694745064,-2.460342111,0.5237901783,-2,-0.6034737825,-2.137579918,0.0164097771,-0.3991748058,-2.530036773,0,0.4706057156,0.442752454,0.6547958844,-0.09855517745,-0.7274135351,-0.0245976951,-0.1081857966,-0.675774182,0.02102042811,0.7231463599,0,0,0,1,0,0,0
26.0304687,24.01040673,rate,aggressive,-2.238679409,0.2251320779,-1.694751501,-2.464217972,0.4985150288,-2,-0.5893111229,-2.148827314,0.01715201139,-0.3793153405,-2.546527864,0,0.4677419451,0.4500646035,0.6767057173,-0.1002935842,-0.6906585693,-0.02299756743,-0.1318912099,-0.575727706,0.01903743692,0.7230884133,0,0,0,1,0,0,0
26.04050303,24.02044106,rate,aggressive,-2.24358201,0.1861649454,-1.694755912,-2.467923606,0.4728824231,-2,-0.5610361099,-2.169880629,0.01938098297,-0.3592714706,-2.562318944,0,0.4750894833,0.4416926804,0.6606216642,-0.1041678712,-0.6525098085,-0.02214675397,-0.07706722994,-0.7633997385,0.02579242327,0.7221538855,0,0,0,1,0,0,0
26.05047727,24.0304153,rate,aggressive,-2.24358201,0.1861649454,-1.694755912,-2.471407583,0.447250398,-2,-0.5610361099,-2.169880629,0.01938098297,-0.3393185738,-2.577187099,0,0.4617835622,0.4641474435,0.7674365161,-0.1041678712,-0.6525098085,-0.02214675397,-0.1825274991,-0.384795617,0.01498625007,0.7231703278,0,0,0,1,0,0,0
26.06050062,24.04043865,rate,aggressive,-2.248025179,0.1470555663,-1.694718719,-2.474708088,0.4213469455,-2,-0.532766521,-2.188916445,0.02255932428,-0.319239884,-2.591291623,0,0.4688470568,0.4560793042,0.6892159102,-0.1074253544,-0.6291081905,-0.01927520521,-0.1146663459,-0.6177153111,0.02336950882,0.722562261,0,0,0,1,0,0,0
26.07053661,24.05047464,rate,aggressive,-2.248025179,0.1470555663,-1.694718719,-2.477810985,0.3952734303,-2,-0.532766521,-2.188916445,0.02255932428,-0.2991098539,-2.604568848,0,0.455642717,0.4773586511,0.8761734815,-0.1074253544,-0.6291081905,-0.01927520521,-0.2184192807,-0.283098789,0.01303138104,0.7235205163,0,0,0,1,0,0,0
26.08049726,24.0604353,rate,aggressive,-2.253815889,0.08819320798,-1.694571018,-2.480690712,0.3692680882,-2,-0.4900380671,-2.214282274,0.02723986842,-0.2791068077,-2.616906016,0,0.4730350264,0.4553458949,0.6774236701,-0.09815432876,-0.6720025539,-0.01508828718,-0.05652087019,-0.7882198553,0.02999219407,0.7223100799,0,0,0,1,0,0,0
26.09046793,24.07040596,rate,aggressive,-2.253815889,0.08819320798,-1.694571018,-2.483373676,0.3431177264,-2,-0.4900380671,-2.214282274,0.02723986842,-0.2590611889,-2.62841312,0,0.4593148707,0.4749701954,0.8153773306,-0.09815432876,-0.6720025539,-0.01508828718,-0.1768356598,-0.4253289627,0.0200301398,0.7231859387,0,0,0,1,0,0,0
26.10051131,24.08044934,rate,aggressive,-2.257211924,0.04886892438,-1.694404125,-2.485874041,0.3166649386,-2,-0.4615243971,-2.228732109,0.02941839211,-0.2388482884,-2.639148261,0,0.4662509065,0.4678584287,0.7299818177,-0.1052362844,-0.6343596578,-0.01288748812,-0.1062407029,-0.6332854853,0.02694970077,0.7226028275,0,0,0,1,0,0,0
26.11046576,24.0904038,rate,aggressive,-2.257211924,0.04886892438,-1.694404125,-2.488151851,0.2903442362,-2,-0.4615243971,-2.228732109,0.02941839211,-0.218795104,-2.648937283,0,0.4528050517,0.4861639018,0.92685781,-0.1052362844,-0.6343596578,-0.01288748812,-0.2219112643,-0.3177066198,0.01777781136,0.7234252072,0,0,0,1,0,0,0
26.12050152,24.10043955,rate,aggressive,-2.261277914,-0.01012478676,-1.694097638,-2.490246103,0.2637142296,-2,-0.4183340371,-2.247187614,0.03276823089,-0.1985603672,-2.657945366,0,0.4700962599,0.4670076588,0.6674962207,-0.1215181872,-0.5358487964,-0.01114020869,-0.04338408156,-0.7937606097,0.0316167395,0.7223448829,0,0,0,1,0,0,0
26.13056231,24.11050034,rate,aggressive,-2.261277914,-0.01012478676,-1.694097638,-2.492141665,0.236931427,-2,-0.4183340371,-2.247187614,0.03276823089,-0.1782588975,-2.66610535,0,0.455972696,0.4839441069,0.7844498077,-0.1215181872,-0.5358487964,-0.01114020869,-0.1763111163,-0.4560857583,0.02324295705,0.7231242233,0,0,0,1,0,0,0
26.14049554,24.12043357,rate,aggressive,-2.263470411,-0.04945132881,-1.693816543,-2.493812741,0.2104119207,-2,-0.3894030154,-2.257678747,0.03495648503,-0.1582004714,-2.673304118,0,0.462963073,0.4768868013,0.6641696812,-0.1211410537,-0.5463104844,-0.008607215248,-0.09199459662,-0.671570314,0.02894707337,0.7227796475,0,0,0,1,0,0,0
26.15065765,24.13059568,rate,aggressive,-2.263470411,-0.04945132881,-1.693816543,-2.49531607,0.1832118115,-2,-0.3894030154,-2.257678747,0.03495648503,-0.1376667873,-2.679784379,0,0.4490354731,0.492713151,0.8082174058,-0.1211410537,-0.5463104844,-0.008607215248,-0.2202760618,-0.3775301431,0.02134475767,0.7235336135,0,0,0,1,0,0,0
26.16049337,24.1404314,rate,aggressive,-2.265976191,-0.1083949283,-1.693293214,-2.496572338,0.1568268671,-2,-0.345838964,-2.270575285,0.03796814755,-0.1177816366,-2.685202652,0,0.4664613989,0.4747289523,0.6344068954,-0.110108979,-0.6096079946,-0.004646191373,-0.02320165966,-0.8345365535,0.03228275508,0.72276821,0,0,0,1,0,0,0
26.17054176,24.15047979,rate,aggressive,-2.265976191,-0.1083949283,-1.693293214,-2.497653746,0.1298207245,-2,-0.345838964,-2.270575285,0.03796814755,-0.09745700694,-2.689868941,0,0.4522059705,0.4888172935,0.6929561551,-0.110108979,-0.6096079946,-0.004646191373,-0.169275803,-0.5179095477,0.02601011113,0.7234755757,0,0,0,1,0,0,0
26.18049884,24.16043687,rate,aggressive,-2.26698041,-0.1475751996,-1.692939281,-2.498523832,0.1030180811,-2,-0.316610992,-2.276857615,0.04061742872,-0.07730920935,-2.693624839,0,0.4590159407,0.4822966283,0.6250396616,-0.1054748073,-0.6323107481,-0.003588814521,-0.07812964197,-0.705156383,0.03022551205,0.7234751268,0,0,0,1,0,0,0
26.19051075,24.17044878,rate,aggressive,-2.267375946,-0.1671383381,-1.692739964,-2.499196404,0.07603447935,-2,-0.3020701408,-2.27940321,0.04188704863,-0.0570441957,-2.696529024,0,0.4552828505,0.4855781949,0.6319778098,-0.09556679428,-0.6658535004,-0.001979537774,-0.1125380048,-0.6361419568,0.0292567477,0.7238476351,0,0,0,1,0,0,0
26.20049882,24.18043685,rate,aggressive,-2.267947674,-0.2062054127,-1.692289233,-2.499665182,0.04909052297,-2,-0.2729967833,-2.283267021,0.04430150986,-0.0368228238,-2.698553685,0,0.4621200435,0.4797955565,0.6159619198,-0.07633604109,-0.7307674289,0.0005915364018,-0.03546146034,-0.7773162903,0.0313827289,0.7239725832,0,0,0,1,0,0,0
26.2105484,24.19048643,rate,aggressive,-2.267947674,-0.2062054127,-1.692289233,-2.499932989,0.02196463518,-2,-0.2729967833,-2.283267021,0.04430150986,-0.01647391796,-2.699710517,0,0.4478444745,0.4911128075,0.6868769826,-0.07633604109,-0.7307674289,0.0005915364018,-0.1875816709,-0.5010144335,0.02812998177,0.7246286437,0,0,0,1,0,0,0
26.22050428,24.20044231,rate,aggressive,-2.267908096,-0.2450459301,-1.691832662,-2.499996644,-0.00491545517,-2,-0.2438936383,-2.284815311,0.04666191339,0.003686596326,-2.699985503,0,0.4544170414,0.4856331894,0.6447471529,-0.06891303509,-0.7371670008,0.002746246988,-0.09248738704,-0.6640503519,0.0310125521,0.7248161976,0,0,0,1,0,0,0
26.23056579,24.21050382,rate,aggressive,-2.267908096,-0.2450459301,-1.691832662,-2.499857054,-0.0320790748,-2,-0.2438936383,-2.284815311,0.04666191339,0.02406068186,-2.699382489,0,0.4405931328,0.4958253691,0.7869683322,-0.06891303509,-0.7371670008,0.002746246988,-0.2390175926,-0.4260556893,0.02872474224,0.7254599664,0,0,0,1,0,0,0
26.24050617,24.2204442,rate,aggressive,-2.267148256,-0.3029690385,-1.691068649,-2.499517844,-0.05890541159,-2,-0.2003130913,-2.283287525,0.05007742345,0.04418758081,-2.697917288,0,0.4571665548,0.4839485173,0.6557617025,-0.07114691287,-0.7061673403,0.005838347599,-0.02070158838,-0.7688012912,0.03170885461,0.7255858233,0,0,0,1,0,0,0
26.2505343,24.23047233,rate,aggressive,-2.267148256,-0.3029690385,-1.691068649,-2.498972932,-0.08594939496,-2,-0.2003130913,-2.283287525,0.05007742345,0.06448853987,-2.695563977,0,0.4430336164,0.4925439318,0.7687257841,-0.07114691287,-0.7061673403,0.005838347599,-0.1870310406,-0.5164994022,0.03199004483,0.7262177412,0,0,0,1,0,0,0
26.26050305,24.24044108,rate,aggressive,-2.266080856,-0.3412492573,-1.690544367,-2.498229493,-0.1128055404,-2,-0.171354726,-2.279776335,0.0521713607,0.08466411463,-2.69235412,0,0.4492686395,0.4883522567,0.6957255775,-0.08278995752,-0.6654095054,0.00629321672,-0.08925529484,-0.656831779,0.03217654325,0.726578899,0,0,0,1,0,0,0
26.27059889,24.25053692,rate,aggressive,-2.266080856,-0.3412492573,-1.690544367,-2.497271624,-0.1399669806,-2,-0.171354726,-2.279776335,0.0521713607,0.1050899254,-2.688219848,0,0.4355760725,0.4959532233,0.8545550725,-0.08278995752,-0.6654095054,0.00629321672,-0.2471428544,-0.4446989919,0.03332310821,0.7272209541,0,0,0,1,0,0,0
26.28051472,24.26045275,rate,aggressive,-2.263629675,-0.398112148,-1.689741611,-2.496130141,-0.1665991989,-2,-0.1277227998,-2.271225452,0.0546558015,0.1251431137,-2.683295148,0,0.451569463,0.4865489294,0.6662731358,-0.08742780238,-0.6671516299,0.01012301818,-0.01161252638,-0.7501705494,0.03029844729,0.7274135431,0,0,0,1,0,0,0
26.29045844,24.27039647,rate,aggressive,-2.262615919,-0.4169289172,-1.689458847,-2.494785811,-0.1932530344,-2,-0.1131466925,-2.267486334,0.05565177277,0.1452427049,-2.677498194,0,0.4476265932,0.4878236626,0.6816672859,-0.08673372865,-0.6736144423,0.01121364441,-0.06432166422,-0.6715854482,0.03145256438,0.7279868254,0,0,0,1,0,0,0
26.30051184,24.28044987,rate,aggressive,-2.261527777,-0.4356891811,-1.689163208,-2.493223528,-0.2201378741,-2,-0.09861334413,-2.263266563,0.05657953396,0.1655521494,-2.670765318,0,0.4435817834,0.4889170551,0.7033191886,-0.0859875232,-0.6739217043,0.01186871994,-0.1087382859,-0.6126648515,0.03266943662,0.728580128,0,0,0,1,0,0,0
26.31052899,24.29046702,rate,aggressive,-2.261527777,-0.4356891811,-1.689163208,-2.491463867,-0.2468541151,-2,-0.09861334413,-2.263266563,0.05657953396,0.185774906,-2.663186863,0,0.4302892042,0.493977901,0.8548020058,-0.0859875232,-0.6739217043,0.01186871994,-0.2703756405,-0.4382725172,0.03736233195,0.7292534384,0,0,0,1,0,0,0
26.32049751,24.30043554,rate,aggressive,-2.258806705,-0.4727794528,-1.688600898,-2.489511722,-0.273360982,-2,-0.0693315044,-2.253215313,0.05809500813,0.205884486,-2.654785684,0,0.4358462253,0.4902832181,0.7556574549,-0.08665577322,-0.6687806249,0.01349266618,-0.1450425544,-0.5727868626,0.03401927135,0.7297172631,0,0,0,1,0,0,0
26.33067155,24.31060958,rate,aggressive,-2.258806705,-0.4727794528,-1.688600898,-2.487312711,-0.3003235195,-2,-0.0693315044,-2.253215313,0.05809500813,0.2263915577,-2.645329987,0,0.422995797,0.4945513895,0.9433021327,-0.08665577322,-0.6687806249,0.01349266618,-0.3063039438,-0.4216102021,0.03997461938,0.7304312274,0,0,0,1,0,0,0
26.34049845,24.32043648,rate,aggressive,-2.254027843,-0.527767539,-1.687702656,-2.484990735,-0.326270572,-2,-0.02571898885,-2.234790087,0.06089114398,0.2461809269,-2.635354615,0,0.4375780114,0.4879438867,0.7439310045,-0.07826720923,-0.6755700111,0.01590942033,-0.03971470533,-0.6716433024,0.02894908163,0.7310325217,0,0,0,1,0,0,0
26.35058594,24.33052397,rate,aggressive,-2.252184868,-0.5458568931,-1.687399387,-2.482405011,-0.3527994415,-2,-0.0110874502,-2.227676868,0.06177063286,0.2664750312,-2.624257128,0,0.4335800237,0.4879881604,0.7673918372,-0.08065189421,-0.6619641185,0.01678062603,-0.09296044255,-0.6135253041,0.03181964482,0.7317406843,0,0,0,1,0,0,0
26.36049843,24.34043646,rate,aggressive,-2.248276949,-0.5818070173,-1.686755419,-2.47966483,-0.37875483,-2,0.01788840443,-2.212185144,0.0634649694,0.2863956845,-2.612509346,0,0.4391955259,0.4861927891,0.7416243067,-0.09882665426,-0.6256293654,0.01806413755,0.003539510428,-0.6760077896,0.02451555404,0.7324367932,0,0,0,1,0,0,0
26.37042594,24.35036397,rate,aggressive,-2.246063471,-0.5994902849,-1.686445594,-2.476722696,-0.4046286952,-2,0.0325435549,-2.203640223,0.06399451941,0.3063236771,-2.599910192,0,0.4353057352,0.4858814077,0.7360028372,-0.1053895876,-0.6137583256,0.01818572171,-0.05189034837,-0.6173352542,0.02801585018,0.733100328,0,0,0,1,0,0,0
26.38047862,24.36041665,rate,aggressive,-2.243776083,-0.6170912385,-1.686137199,-2.473541998,-0.4306970962,-2,0.04719731957,-2.194695234,0.06449265033,0.3264780044,-2.586306253,0,0.4313293516,0.4853001063,0.7322693255,-0.1044079736,-0.6157485247,0.01982747391,-0.09803548679,-0.5749663673,0.03100510203,0.7337946667,0,0,0,1,0,0,0
26.39055395,24.37049198,rate,aggressive,-2.243776083,-0.6170912385,-1.686137199,-2.470150976,-0.4566827325,-2,0.04719731957,-2.194695234,0.06449265033,0.346650926,-2.571822011,0,0.418910896,0.4858563267,0.8393076592,-0.1044079736,-0.6157485247,0.01982747391,-0.2778672605,-0.4614600941,0.04443686943,0.7346510489,0,0,0,1,0,0,0
26.40049839,24.38043642,rate,aggressive,-2.236315727,-0.6691842079,-1.685174108,-2.466604842,-0.4821835329,-2,0.09128426015,-2.1653409,0.06604222208,0.3665338318,-2.55669648,0,0.4325710014,0.4829938836,0.765298954,-0.07283343375,-0.6585233212,0.02181022242,0.008447993803,-0.623132287,0.01997012469,0.7351341201,0,0,0,1,0,0,0
26.4106555,24.39059353,rate,aggressive,-2.236315727,-0.6691842079,-1.685174108,-2.462778909,-0.508070144,-2,0.09128426015,-2.1653409,0.06604222208,0.3868116283,-2.540401882,0,0.4199507792,0.4820464088,0.7807545799,-0.07283343375,-0.6585233212,0.02181022242,-0.1974584991,-0.5084535261,0.03889623564,0.7360689809,0,0,0,1,0,0,0
26.42049479,24.40043283,rate,aggressive,-2.230768442,-0.7032038569,-1.684514761,-2.458876443,-0.5329849231,-2,0.1207224503,-2.14323926,0.06659328938,0.4064241348,-2.523807384,0,0.4248984366,0.4805124515,0.7833990335,-0.07003196329,-0.646391809,0.02349983715,-0.06680724869,-0.5630971985,0.02587281709,0.7365874677,0,0,0,1,0,0,0
26.43053627,24.4104743,rate,aggressive,-2.230768442,-0.7032038569,-1.684514761,-2.454694989,-0.5582392339,-2,0.1207224503,-2.14323926,0.06659328938,0.4264067708,-2.50605575,0,0.4131449822,0.4790755428,0.8531512493,-0.07003196329,-0.646391809,0.02349983715,-0.261612227,-0.4761553678,0.04511395858,0.7375785161,0,0,0,1,0,0,0
26.44049549,24.42043352,rate,aggressive,-2.22156477,-0.7530996799,-1.683502674,-2.450349761,-0.5831065636,-2,0.1650790423,-2.106777191,0.06710859388,0.446191325,-2.487640855,0,0.4259234547,0.4781054373,0.8293478852,-0.08043120801,-0.6007345915,0.02554657497,0.03512766843,-0.5845790112,0.01236468405,0.7378328122,0,0,0,1,0,0,0
26.4506011,24.43053913,rate,aggressive,-2.22156477,-0.7530996799,-1.683502674,-2.445739442,-0.6081478389,-2,0.1650790423,-2.106777191,0.06710859388,0.46623004,-2.468138186,0,0.4140481582,0.4751602421,0.7954490309,-0.08043120801,-0.6007345915,0.02554657497,-0.1841549076,-0.5025547734,0.0374661974,0.7389168739,0,0,0,1,0,0,0
26.46049428,24.44043231,rate,aggressive,-2.214953661,-0.7857048512,-1.682804227,-2.441030059,-0.6324678573,-2,0.1943453252,-2.08046031,0.06734667718,0.4858101718,-2.448254375,0,0.418575289,0.474088395,0.7839832966,-0.0906669125,-0.583548665,0.0262139421,-0.05128784538,-0.5408419606,0.02094669321,0.7394465124,0,0,0,1,0,0,0
26.47045922,24.45039725,rate,aggressive,-2.214953661,-0.7857048512,-1.682804227,-2.436090884,-0.6567615243,-2,0.1943453252,-2.08046031,0.06734667718,0.5054933977,-2.42744152,0,0.407604234,0.470897715,0.8150305311,-0.0906669125,-0.583548665,0.0262139421,-0.2559806722,-0.4838505009,0.04565872774,0.7405944685,0,0,0,1,0,0,0
26.48049569,24.46043372,rate,aggressive,-2.204177141,-0.8333479762,-1.681752682,-2.430918203,-0.6810159696,-2,0.2384605259,-2.037770748,0.06755919009,0.5252768035,-2.405689898,0,0.4194018417,0.4713728062,0.8256825664,-0.1027261689,-0.5657455325,0.02802746184,0.0514660685,-0.5494081345,0.00486424548,0.7407868989,0,0,0,1,0,0,0
26.49051023,24.47044826,rate,aggressive,-2.204177141,-0.8333479762,-1.681752682,-2.425559134,-0.7049958856,-2,0.2384605259,-2.037770748,0.06755919009,0.5449742565,-2.383203264,0,0.4083694422,0.4667317581,0.7262040226,-0.1027261689,-0.5657455325,0.02802746184,-0.1765641705,-0.5005795711,0.03576956304,0.7420421995,0,0,0,1,0,0,0
26.50050902,24.48044705,rate,aggressive,-2.196508646,-0.8643872738,-1.681050897,-2.420011909,-0.7287095893,-2,0.2678415179,-2.007492304,0.06780940294,0.5645965935,-2.359979399,0,0.4124205051,0.4657347338,0.740214931,-0.09772562981,-0.5608930588,0.02892711945,-0.03773007118,-0.5199664195,0.01546463028,0.7426156809,0,0,0,1,0,0,0
26.51059318,24.49053121,rate,aggressive,-2.196508646,-0.8643872738,-1.681050897,-2.414218842,-0.7523866311,-2,0.2678415179,-2.007492304,0.06780940294,0.5843401222,-2.335783063,0,0.4020825837,0.461025275,0.7169764586,-0.09772562981,-0.5608930588,0.02892711945,-0.2508691613,-0.4934164318,0.04566912651,0.7439716766,0,0,0,1,0,0,0
26.52052379,24.50046182,rate,aggressive,-2.183996439,-0.9093151689,-1.68004775,-2.408319642,-0.7754609503,-2,0.3123293817,-1.958652854,0.06780585647,0.6037360059,-2.311203024,0,0.4130463575,0.4623927739,0.8313380453,-0.1004497856,-0.5480353832,0.03035253845,0.07931122914,-0.5120558586,-0.005212446433,0.7439614128,0,0,0,1,0,0,0
26.53058958,24.51052761,rate,aggressive,-2.183996439,-0.9093151689,-1.68004775,-2.402143819,-0.7985964913,-2,0.3123293817,-1.958652854,0.06780585647,0.6233466993,-2.285534819,0,0.4027609056,0.4562688077,0.6430863079,-0.1004497856,-0.5480353832,0.03035253845,-0.1597685334,-0.4963387697,0.0320823267,0.7454294202,0,0,0,1,0,0,0
26.54052258,24.52046061,rate,aggressive,-2.175152779,-0.9383755326,-1.679374933,-2.395856215,-0.821169846,-2,0.3419891596,-1.924079418,0.06762262434,0.6426485243,-2.259469733,0,0.4065065971,0.4554728706,0.7225934283,-0.08818908036,-0.5411630869,0.02996440232,-0.01106982734,-0.4917558982,0.007195748282,0.7458318843,0,0,0,1,0,0,0
26.55054498,24.53048301,rate,aggressive,-2.175152779,-0.9383755326,-1.679374933,-2.389317954,-0.8436803086,-2,0.3419891596,-1.924079418,0.06762262434,0.662072026,-2.232438008,0,0.3970319148,0.4495674371,0.6148334405,-0.08818908036,-0.5411630869,0.02996440232,-0.23416102,-0.4952769845,0.04332054592,0.7473936825,0,0,0,1,0,0,0
26.56052566,24.54046369,rate,aggressive,-2.165864944,-0.9666640162,-1.678726315,-2.382613722,-0.8658242114,-2,0.3717122674,-1.887925982,0.06719732285,0.6813611377,-2.2047968,0,0.4004565884,0.4481127292,0.6309004018,-0.04753339291,-0.5365887284,0.03048546799,-0.07356970107,-0.4871936494,0.01517311528,0.7477418751,0,0,0,1,0,0,0
26.5705533,24.55049133,rate,aggressive,-2.165864944,-0.9666640162,-1.678726315,-2.375684336,-0.8877908986,-2,0.3717122674,-1.887925982,0.06719732285,0.7006856549,-2.176308921,0,0.391742168,0.4426100867,0.6573253833,-0.04753339291,-0.5365887284,0.03048546799,-0.2887505635,-0.5060927362,0.05158069573,0.749405515,0,0,0,1,0,0,0
26.58051467,24.5604527,rate,aggressive,-2.151101112,-1.00755775,-1.677813649,-2.36860917,-0.9093260389,-2,0.416036129,-1.830698848,0.06632837653,0.7198259402,-2.147307324,0,0.4009529511,0.4437664136,0.7394241539,-0.02369779907,-0.5278064609,0.02977809682,0.05201731459,-0.4619790836,-0.01120163159,0.7489479141,0,0,0,1,0,0,0
26.59056163,24.57049966,rate,aggressive,-2.151101112,-1.00755775,-1.677813649,-2.361280376,-0.9307500779,-2,0.416036129,-1.830698848,0.06632837653,0.7390720787,-2.117357293,0,0.3922738662,0.4369493595,0.6121462446,-0.02369779907,-0.5278064609,0.02977809682,-0.1937705538,-0.4941610536,0.03385733743,0.7507349006,0,0,0,1,0,0,0
26.60050559,24.58044362,rate,aggressive,-2.135415792,-1.046643376,-1.67693603,-2.353836607,-0.951654782,-2,0.4598940313,-1.769966125,0.0649209097,0.758061418,-2.087032412,0,0.4013736586,0.4400562978,0.9101131719,-0.05577240512,-0.5155815482,0.0286046844,0.1352168022,-0.418816305,-0.03108014768,0.7499756652,0,0,0,1,0,0,0
26.61054301,24.59048104,rate,aggressive,-2.135415792,-1.046643376,-1.67693603,-2.346131684,-0.9724467479,-2,0.4598940313,-1.769966125,0.0649209097,0.7771676522,-2.05574447,0,0.3927806703,0.4319103346,0.6320238417,-0.05577240512,-0.5155815482,0.0286046844,-0.129702408,-0.4676677228,0.02062992014,0.7518874051,0,0,0,1,0,0,0
26.620502,24.60044003,rate,aggressive,-2.124420881,-1.071610928,-1.676395178,-2.338297748,-0.992762532,-2,0.4890514612,-1.727519393,0.0637049377,0.7960618996,-2.024037815,0,0.3958288326,0.4315517388,0.7955698271,-0.08228053898,-0.5114643574,0.02862327173,0.01837462945,-0.4195539198,-0.01027867607,0.7518596335,0,0,0,1,0,0,0
26.6306572,24.61059523,rate,aggressive,-2.124420881,-1.071610928,-1.676395178,-2.33011603,-1.013150044,-2,0.4890514612,-1.727519393,0.0637049377,0.8152625487,-1.991036775,0,0.387876591,0.4241620013,0.6190747954,-0.08228053898,-0.5114643574,0.02862327173,-0.2250251569,-0.4817737528,0.03852734313,0.7539083623,0,0,0,1,0,0,0
26.64049864,24.62043667,rate,aggressive,-2.107116461,-1.107338667,-1.675665021,-2.322001375,-1.03258473,-2,0.5329526663,-1.660836816,0.06149938703,0.8338050053,-1.958420494,0,0.3961778088,0.4276100443,1.013714951,-0.05843875185,-0.4863242805,0.02841840684,0.136400582,-0.3582701713,-0.03864426321,0.75257074,0,0,0,1,0,0,0
26.6505394,24.63047743,rate,aggressive,-2.107116461,-1.107338667,-1.675665021,-2.313534645,-1.052079049,-2,0.5329526663,-1.660836816,0.06149938703,0.8526555771,-1.924510365,0,0.3884009147,0.4189461375,0.6576988445,-0.05843875185,-0.4863242805,0.02841840684,-0.1324738753,-0.4398112794,0.01857621198,0.754733061,0,0,0,1,0,0,0
26.66050029,24.64043832,rate,aggressive,-2.095111609,-1.130175471,-1.675196886,-2.304948584,-1.071078756,-2,0.5620245337,-1.614821672,0.06026607752,0.8712874039,-1.89024881,0,0.3911790394,0.4184920923,0.8626391254,-0.02988419309,-0.4639315307,0.02688906156,0.0206472574,-0.3760531992,-0.01667363101,0.7545617999,0,0,0,1,0,0,0
26.67049146,24.65042949,rate,aggressive,-2.095111609,-1.130175471,-1.675196886,-2.296150337,-1.08979033,-2,0.5620245337,-1.614821672,0.06026607752,0.8899055238,-1.855272703,0,0.3841153378,0.4110409245,0.6238469879,-0.02988419309,-0.4639315307,0.02688906156,-0.2269429763,-0.4659604352,0.03735255152,0.7568246382,0,0,0,1,0,0,0
26.68051934,24.66045737,rate,aggressive,-2.082548141,-1.151787639,-1.674765706,-2.287133074,-1.108216254,-2,0.5911570191,-1.566977024,0.05854626745,0.9085197098,-1.819564733,0,0.3866921337,0.4098137301,0.7442092736,-0.02106208354,-0.4484661818,0.02489243262,-0.05498398601,-0.3888131744,-0.003283629897,0.7564648492,0,0,0,1,0,0,0
26.69044566,24.67038369,rate,aggressive,-2.069673538,-1.172733545,-1.674325943,-2.278023669,-1.126099983,-2,0.6198856831,-1.518272996,0.05688903853,0.9268724889,-1.783634549,0,0.3894201558,0.4097487221,0.9951768454,-0.02096211165,-0.4380300045,0.02408540808,0.08459285436,-0.315345187,-0.03762032064,0.7560478806,0,0,0,1,0,0,0
26.70050526,24.68044329,rate,aggressive,-2.063005209,-1.182640433,-1.674135089,-2.268606473,-1.14385704,-2,0.6343104839,-1.49317801,0.05597752705,0.9453962051,-1.746641083,0,0.3872518192,0.4051559439,0.9221322628,-0.02223763801,-0.431256026,0.02489344031,0.008194529643,-0.3355638285,-0.0207713625,0.7570011486,0,0,0,1,0,0,0
26.71053481,24.69047284,rate,aggressive,-2.063005209,-1.182640433,-1.674135089,-2.259032277,-1.161187723,-2,0.6343104839,-1.49317801,0.05597752705,0.9637874606,-1.70918798,0,0.380886821,0.3979307335,0.6749938716,-0.02223763801,-0.431256026,0.02489344031,-0.2427223533,-0.4523059706,0.03799779863,0.7595147869,0,0,0,1,0,0,0
26.7205019,24.70043993,rate,aggressive,-2.042538166,-1.21132791,-1.673571825,-2.249335362,-1.178035567,-2,0.6771739721,-1.416400552,0.05304705724,0.9819863791,-1.671416268,0,0.3878515356,0.4009458931,1.144602631,-0.02120904997,-0.4043418467,0.02205973677,0.1311177677,-0.2511067301,-0.05524998613,0.7573003404,0,0,0,1,0,0,0
26.73053455,24.71047258,rate,aggressive,-2.042538166,-1.21132791,-1.673571825,-2.239391873,-1.194611311,-2,0.6771739721,-1.416400552,0.05304705724,1.000225211,-1.632852829,0,0.381557571,0.3924636055,0.7551885558,-0.02120904997,-0.4043418467,0.02205973677,-0.1482566908,-0.3920227473,0.01322605186,0.7599462842,0,0,0,1,0,0,0
26.74051023,24.72044826,rate,aggressive,-2.028417349,-1.229247093,-1.673247218,-2.229323834,-1.210706658,-2,0.705597043,-1.363735318,0.05084362626,1.018279601,-1.593980432,0,0.3840241453,0.3916226098,0.9695763364,-0.01785779931,-0.3823465705,0.01876639761,0.01572187872,-0.2939047861,-0.02974851766,0.7591693951,0,0,0,1,0,0,0
26.75056887,24.7305069,rate,aggressive,-2.028417349,-1.229247093,-1.673247218,-2.218990116,-1.226540624,-2,0.705597043,-1.363735318,0.05084362626,1.036401043,-1.554264404,0,0.3782759376,0.3851203618,0.7186097314,-0.01785779931,-0.3823465705,0.01876639761,-0.2429488567,-0.4368808933,0.03490780243,0.7619308776,0,0,0,1,0,0,0
26.76050878,24.74044681,rate,aggressive,-2.006525278,-1.254288673,-1.672839642,-2.20859973,-1.241792733,-2,0.7477466464,-1.282599568,0.04749682546,1.054225147,-1.51451663,0,0.3847390448,0.3872603037,1.164130625,-0.01150379609,-0.3542691469,0.01782689616,0.1365774987,-0.2030579086,-0.06574893892,0.7591975409,0,0,0,1,0,0,0
26.77044511,24.75038314,rate,aggressive,-1.998977423,-1.261954546,-1.672751904,-2.198036425,-1.25664206,-2,0.7616453767,-1.254870772,0.04643624648,1.071958515,-1.474298605,0,0.3830718282,0.3828826746,1.080097886,-0.0161048919,-0.3534349799,0.01548883785,0.04914363909,-0.2411391881,-0.0436668142,0.7600987969,0,0,0,1,0,0,0
26.78050613,24.76044416,rate,aggressive,-1.991354823,-1.269436359,-1.67266643,-2.187161461,-1.271268142,-2,0.7754949927,-1.226931214,0.04515051469,1.08982707,-1.433095421,0,0.3814326422,0.3786118116,0.9997039693,-0.0262410678,-0.3569342196,0.01521131583,-0.02234371599,-0.2749615939,-0.02585659509,0.7610034411,0,0,0,1,0,0,0
26.79056668,24.77050471,rate,aggressive,-1.991354823,-1.269436359,-1.67266643,-2.176107697,-1.28547664,-2,0.7754949927,-1.226931214,0.04515051469,1.107605429,-1.391424228,0,0.376215604,0.3733548746,0.7666702097,-0.0262410678,-0.3569342196,0.01521131583,-0.2774636624,-0.4376894,0.04107464592,0.7639949848,0,0,0,1,0,0,0
26.80050826,24.78044629,rate,aggressive,-1.967942715,-1.290436864,-1.672450304,-2.165009393,-1.299103038,-2,0.8170118928,-1.141631722,0.04149882495,1.125084355,-1.34979754,0,0.3823600157,0.3741173642,1.227024046,-0.02408925816,-0.3281672597,0.01189866383,0.1238715011,-0.1583971488,-0.06928281772,0.7606875251,0,0,0,1,0,0,0
26.81075835,24.79069638,rate,aggressive,-1.967942715,-1.290436864,-1.672450304,-2.153385216,-1.312716695,-2,0.8170118928,-1.141631722,0.04149882495,1.143011378,-1.306426656,0,0.3770598302,0.3676345834,0.8242714326,-0.02408925816,-0.3281672597,0.01189866383,-0.1656590001,-0.3528108725,0.009374231817,0.7638630819,0,0,0,1,0,0,0
26.82050133,24.80043936,rate,aggressive,-1.951837778,-1.303064227,-1.672362089,-2.142166241,-1.325242661,-2,0.844445765,-1.083509922,0.03878263384,1.159961324,-1.264789041,0,0.3795568567,0.3659457335,1.04874265,-0.02826271951,-0.3174321353,0.01060037222,0.01961134501,-0.2137058091,-0.04354501247,0.7624051529,0,0,0,1,0,0,0
26.83060694,24.81054497,rate,aggressive,-1.951837778,-1.303064227,-1.672362089,-2.130355687,-1.337804179,-2,0.844445765,-1.083509922,0.03878263384,1.177447903,-1.221190865,0,0.3747293806,0.3624231761,0.8000718238,-0.02826271951,-0.3174321353,0.01060037222,-0.2504197668,-0.4049563901,0.03108846399,0.7656369762,0,0,0,1,0,0,0
26.84050393,24.82044196,rate,aggressive,-1.926932096,-1.319892645,-1.672308683,-2.118618136,-1.349677381,-2,0.8853376508,-0.9944273829,0.03471813723,1.194479103,-1.178100985,0,0.3808047627,0.3612613713,1.311587167,-0.058111839,-0.3261930346,0.007183794864,0.1607876846,-0.08740717441,-0.08577018357,0.7616869282,0,0,0,1,0,0,0
26.85067987,24.8306179,rate,aggressive,-1.926932096,-1.319892645,-1.672308683,-2.106374505,-1.361438597,-2,0.8853376508,-0.9944273829,0.03471813723,1.211891505,-1.133406912,0,0.3759085568,0.3565923138,0.871199208,-0.058111839,-0.3261930346,0.007183794864,-0.140463494,-0.3104263276,-0.0001670829862,0.7650668595,0,0,0,1,0,0,0
26.86052155,24.84045959,rate,aggressive,-1.909895062,-1.329916954,-1.672333598,-2.094364984,-1.372379023,-2,0.9124757648,-0.9340155721,0.03208722174,1.228635261,-1.089819089,0,0.3784143895,0.3539225235,1.142782226,-0.06557899714,-0.3140471876,0.00476013124,0.04713277839,-0.1577037818,-0.05445379793,0.7633815586,0,0,0,1,0,0,0
26.87050056,24.85043859,rate,aggressive,-1.909895062,-1.329916954,-1.672333598,-2.08202012,-1.383032366,-2,0.9124757648,-0.9340155721,0.03208722174,1.24551423,-1.045273923,0,0.373916506,0.3525941432,0.8166012688,-0.06557899714,-0.3140471876,0.00476013124,-0.2305155506,-0.3720109432,0.02560718041,0.7667967506,0,0,0,1,0,0,0
26.88050699,24.86044502,rate,aggressive,-1.883452773,-1.342423558,-1.672519565,-2.069472711,-1.393266926,-2,0.9531933069,-0.8411342502,0.02828612924,1.262338697,-1.000267748,0,0.3800419724,0.3488473127,1.451127984,-0.06103321165,-0.2832344174,0.002008373849,0.1914441563,-0.01883820085,-0.09768206187,0.7623058435,0,0,0,1,0,0,0
26.89054728,24.87048531,rate,aggressive,-1.883452773,-1.342423558,-1.672519565,-2.056714156,-1.403081825,-2,0.9531933069,-0.8411342502,0.02828612924,1.279117185,-0.9547831742,0,0.3754229183,0.3463272407,0.9394024593,-0.06103321165,-0.2832344174,0.002008373849,-0.1167840751,-0.2666180691,-0.006909337046,0.765860365,0,0,0,1,0,0,0
26.90051508,24.88045311,rate,aggressive,-1.865350842,-1.349418879,-1.672677755,-2.043881577,-1.412372574,-2,0.9802240133,-0.7782768011,0.02584592625,1.29567124,-0.9093184406,0,0.3781219944,0.3425593028,1.272403577,-0.06492387503,-0.2757940292,0.0004965045955,0.07478758501,-0.09817440251,-0.06375470785,0.7638950155,0,0,0,1,0,0,0
26.91044402,24.89038205,rate,aggressive,-1.856137395,-1.352443457,-1.672772884,-2.030935499,-1.421175105,-2,0.9937658906,-0.7464705706,0.0245690532,1.312057091,-0.8637399371,0,0.3773009434,0.3400956199,1.198496752,-0.07019559294,-0.2774471045,-5.411077655e-05,0.0130871648,-0.1422368718,-0.04500773153,0.7646314567,0,0,0,1,0,0,0
26.92051411,24.90045214,rate,aggressive,-1.837489247,-1.357885838,-1.673024535,-2.017639744,-1.429639101,-2,1.020685434,-0.6827830076,0.02253685892,1.328568851,-0.8172317963,0,0.3801521889,0.3367143965,1.627431679,-0.07103276253,-0.2658618093,-0.001704538125,0.1840034932,0.01494612794,-0.09525383082,0.762595026,0,0,0,1,0,0,0
26.93051815,24.91045618,rate,aggressive,-1.837489247,-1.357885838,-1.673024535,-2.004267082,-1.437582499,-2,1.020685434,-0.6827830076,0.02253685892,1.34486427,-0.7707627686,0,0.3756053232,0.3366604607,1.04257527,-0.07103276253,-0.2658618093,-0.001704538125,-0.1206628935,-0.2474225473,-0.003418116524,0.7663401031,0,0,0,1,0,0,0
26.94050908,24.92044711,rate,aggressive,-1.818372607,-1.361811519,-1.673303604,-1.990749793,-1.445050262,-2,1.047567606,-0.6179484129,0.02097193524,1.361029523,-0.7241052135,0,0.3786464282,0.3316134222,1.444439793,-0.04874344543,-0.2184290886,-0.003114398802,0.08723836339,-0.05301717343,-0.06670426357,0.7642230936,0,0,0,1,0,0,0
26.95058203,24.93052006,rate,aggressive,-1.818372607,-1.361811519,-1.673303604,-1.976958598,-1.452106216,-2,1.047567606,-0.6179484129,0.02097193524,1.377216072,-0.6768276165,0,0.3742100797,0.3355215253,0.9068257514,-0.04874344543,-0.2184290886,-0.003114398802,-0.1983616674,-0.3071929369,0.02020389664,0.7680769495,0,0,0,1,0,0,0
26.96051669,24.94045472,rate,aggressive,-1.789077997,-1.365815639,-1.673709273,-1.963197578,-1.458597741,-2,1.087592483,-0.5199249983,0.01890170015,1.393069549,-0.6299810466,0,0.3813027473,0.3252473616,1.724086712,0.01392161474,-0.1201399416,-0.005835573189,0.2515527462,0.1083682521,-0.1196963239,0.7628862767,0,0,0,1,0,0,0
26.97052073,24.95045877,rate,aggressive,-1.779121041,-1.3665061,-1.673846245,-1.949181864,-1.464663281,-2,1.10080421,-0.4870499074,0.01808714308,1.4089212,-0.5826037887,0,0.3806990778,0.3231002456,1.584432412,0.02456282638,-0.109387137,-0.007517012302,0.1554512587,0.02690233752,-0.09022919977,0.763672246,0,0,0,1,0,0,0
26.98052001,24.96045804,rate,aggressive,-1.769091368,-1.366991997,-1.673968673,-1.935014934,-1.470251347,-2,1.114043593,-0.4540566802,0.01690944284,1.424651163,-0.5350603343,0,0.3801178102,0.3214414155,1.452235958,0.02131759934,-0.118919678,-0.008877489716,0.08060928211,-0.03788916008,-0.06770806727,0.7643711669,0,0,0,1,0,0,0
26.99057674,24.97051477,rate,aggressive,-1.769091368,-1.366991997,-1.673968673,-1.920608532,-1.475391129,-2,1.114043593,-0.4540566802,0.01690944284,1.440355137,-0.487068884,0,0.3755053252,0.3284127867,0.9069910695,0.02131759934,-0.118919678,-0.008877489716,-0.2050583133,-0.3051479279,0.02027664687,0.7683464957,0,0,0,1,0,0,0
27.00052071,24.98045874,rate,aggressive,-1.73849225,-1.366857648,-1.674360275,-1.906208972,-1.479997929,-2,1.153435349,-0.3545021415,0.01355021819,1.455767,-0.4394586045,0,0.3833677765,0.3143336379,1.721463088,0.04315697029,-0.09223742783,-0.01325235609,0.2509188297,0.1368424175,-0.1242537072,0.7624556,0,0,0,1,0,0,0
27.01047873,24.99041677,rate,aggressive,-1.73849225,-1.366857648,-1.674360275,-1.891636042,-1.484136091,-2,1.153435349,-0.3545021415,0.01355021819,1.471083818,-0.3916398945,0,0.3784818151,0.3200990011,1.102478198,0.04315697029,-0.09223742783,-0.01325235609,-0.07283296135,-0.1721765431,-0.02335840024,0.7664465074,0,0,0,1,0,0,0
27.0205133,25.00045133,rate,aggressive,-1.7176373,-1.365272403,-1.674637556,-1.876797421,-1.487823723,-2,1.179176211,-0.2880922258,0.01171215996,1.486398825,-0.3433264347,0,0.3823761106,0.3123679352,1.420542029,0.07119072229,-0.04394109547,-0.0156400986,0.1214501896,0.02303548282,-0.08697373525,0.7638838191,0,0,0,1,0,0,0
27.03049874,25.01043677,rate,aggressive,-1.7176373,-1.365272403,-1.674637556,-1.861879475,-1.491011487,-2,1.179176211,-0.2880922258,0.01171215996,1.501518533,-0.2951382359,0,0.3774610472,0.3226319777,0.909045015,0.07119072229,-0.04394109547,-0.0156400986,-0.1777111001,-0.2679146252,0.00667447115,0.7679187424,0,0,0,1,0,0,0
27.04051018,25.02044821,rate,aggressive,-1.685695529,-1.360664845,-1.675090194,-1.846771746,-1.493723994,-2,1.216407657,-0.18999888,0.01382487454,1.516555847,-0.2467289219,0,0.3862857325,0.3057750165,1.646307048,0.0669644922,-0.05162426829,-0.0197513625,0.2692845986,0.1875443885,-0.1375982078,0.7631462317,0,0,0,0,0,0,0
