t,flight_t,mode,scenario,x,y,z,xd,yd,zd,vx,vy,vz,vxd,vyd,vzd,pos_err,vel_err,att_err_deg,wx,wy,wz,wspx,wspy,wspz,thrust_norm,taux_norm,tauy_norm,tauz_norm,armed,nav_state,failsafe,preflight_ok
0,0,rate,circle,-0.02566900104,0.003811064875,-0.009910732508,0,0,-0,-0.01010903064,-0.01358420867,-0.003022101941,0,0,-0,0.02777848896,0.01720047459,0.8524976766,-9.599594705e-06,-0.0007342981989,-0.0001364743657,-14.72275112,-2.780661031,0.001738967143,0.587664305,0,0,0,0,255,0,0
0.009925603867,0,rate,circle,-0.02560699917,0.00358518865,-0.009605616331,0,0,-0,-0.01001682039,-0.01370128244,-0.002871082164,0,0,-0,0.02758332557,0.01721351051,0.8512090244,-0.0004574723716,0.0008991790237,0.0004357191501,-11.0661452,-2.094765327,-0.0003688799495,0.5878130559,0,0,0,0,0,0,0
0.01995038986,0,rate,circle,-0.02553175762,0.003355042776,-0.009279936552,0,0,-0,-0.00991852209,-0.01387002785,-0.00276383711,0,0,-0,0.02737232511,0.01727407157,0.8500643689,-0.0002374057221,0.001067290199,-0.0005249496317,-8.323441251,-1.581262578,-0.001663421161,0.5879581215,0,0,0,0,0,0,0
0.02992892265,0,rate,circle,-0.02539040707,0.002900309162,-0.008657753468,0,0,-0,-0.009823733941,-0.01419522241,-0.002507853089,0,0,-0,0.02698223971,0.01744417997,0.8506615405,0.0005707618548,0.001208192902,-0.0002046221489,-6.265900476,-1.20117549,-0.003169675299,0.5882480979,0,0,0,0,0,0,0
0.0399274826,0,rate,circle,-0.02532496676,0.002675878117,-0.008360370994,0,0,-0,-0.00982670486,-0.01433824282,-0.002397156786,0,0,-0,0.02680317273,0.01754695689,0.8516184721,-0.0002969665511,0.0004535015032,-0.0007234581863,-4.724215543,-0.9114129027,-0.002987534537,0.5883837908,0,0,0,0,0,0,0
0.04992604256,0,rate,circle,-0.02523185499,0.002444554586,-0.008051469922,0,0,-0,-0.009794357233,-0.01450643875,-0.002270594239,0,0,-0,0.02659790445,0.01764998008,0.8516937749,5.140817666e-05,-0.0004643795837,0.000164162906,-3.567247438,-0.6946888459,-0.002722039934,0.5885276643,0,0,0,0,0,0,0
0.05997276306,0,rate,circle,-0.02514289506,0.002215735847,-0.00775167346,0,0,-0,-0.009752185084,-0.01467540301,-0.002147417283,0,0,-0,0.02640384629,0.01775060474,0.8519379318,0.0003548130335,-8.876740321e-05,0.0009111235267,-2.699432392,-0.532377443,-0.002410838906,0.5886673575,0,0,0,0,0,0,0
0.06994104385,0,rate,circle,-0.02505783737,0.001988865202,-0.007460817695,0,0,-0,-0.00973049365,-0.01481641922,-0.002064708387,0,0,-0,0.02622049959,0.01784577838,0.8524459373,0.0003654481552,-0.0008404724649,-0.0001765804045,-2.048740893,-0.4105744168,-0.002015373364,0.5887935706,0,0,0,0,0,0,0
0.0800921917,0,rate,circle,-0.024847636,0.001541920588,-0.006868392229,0,0,-0,-0.009528947063,-0.01502460055,-0.001842231723,0,0,-0,0.02582551734,0.01788667861,0.8494350467,0.0001282677986,-0.0007421299815,-0.000587167684,-1.557476774,-0.3232718294,-0.001779085125,0.5890643886,0,0,0,0,0,0,0
0.08994460106,0,rate,circle,-0.02472261339,0.001321831602,-0.006576135755,0,0,-0,-0.009398747236,-0.01512965001,-0.001734396443,0,0,-0,0.02561640906,0.01789555504,0.8474150086,0.0009458794957,0.0002159897849,-0.0006574850995,-1.190285954,-0.2542373689,-0.00140612338,0.5891974578,0,0,0,0,0,0,0
0.09995388985,0,rate,circle,-0.02448477596,0.0008875905769,-0.006017386913,0,0,-0,-0.009224301204,-0.01538845804,-0.001561223296,0,0,-0,0.02522897176,0.01800915855,0.8456204794,0.0001422113564,0.001315878821,0.0009417448309,-0.9132173479,-0.2073469015,-0.001221647337,0.5894434857,0,0,0,0,0,0,0
0.1099424362,0,rate,circle,-0.02437182516,0.0006733291666,-0.005750775337,0,0,-0,-0.009133700281,-0.01552256197,-0.001456836471,0,0,-0,0.02505016269,0.01806922199,0.8446036136,0.0002802948875,-0.0006315766368,-0.0009277978679,-0.7073261036,-0.1681246798,-0.0009066568389,0.5895664402,0,0,0,0,0,0,0
0.1199557781,0,rate,circle,-0.02421702817,0.0004549141449,-0.005477428436,0,0,-0,-0.008976937272,-0.01558968052,-0.001288818778,0,0,-0,0.0248329141,0.01803564791,0.8408670158,-0.0005718853208,-4.132826507e-05,0.0007520881481,-0.5514401403,-0.1384388191,-0.0006923547085,0.5897080359,0,0,0,0,0,0,0
0.1299357414,0,rate,circle,-0.0240662545,0.0002386142733,-0.005219608545,0,0,-0,-0.00878596399,-0.01572611928,-0.001239026897,0,0,-0,0.02462693354,0.018056555,0.8373922457,-2.136727562e-05,-0.0006402000436,0.000668335706,-0.4341343112,-0.1171007924,-0.0005177599115,0.5898140048,0,0,0,0,0,0,0
0.1399672031,0,rate,circle,-0.02391922101,2.42476417e-05,-0.004970088601,0,0,-0,-0.00861573033,-0.01583950222,-0.0012192945,0,0,-0,0.02443013513,0.01807228039,0.8346496428,0.0002681388578,0.0009715621709,0.000762160169,-0.3462285242,-0.1011241178,-0.0003847293071,0.5899092921,0,0,0,0,0,0,0
0.1499505043,0,rate,circle,-0.02359993197,-0.0004016672319,-0.004485443234,0,0,-0,-0.008350864053,-0.01601090282,-0.001025720383,0,0,-0,0.02402576381,0.01808695778,0.8294317079,-9.457897977e-05,0.0004466521787,9.211808356e-05,-0.2770938253,-0.09312308414,-0.0002469315308,0.5901337735,0,0,0,0,0,0,0
0.1599662304,0,rate,circle,-0.02342825755,-0.0006129608955,-0.00424964726,0,0,-0,-0.008221731521,-0.01611362025,-0.0009678399656,0,0,-0,0.02381844821,0.01811580363,0.8265936276,-0.000276407809,-1.019665706e-05,0.0005883808481,-0.2279554065,-0.08364124051,-0.000166622049,0.5902338305,0,0,0,0,0,0,0
0.1699309349,0,rate,circle,-0.02326111123,-0.0008224548656,-0.00402136147,0,0,-0,-0.00811584387,-0.01624200493,-0.000912527903,0,0,-0,0.02362048001,0.01817972368,0.824760264,0.0002911075426,-0.000196552588,-6.03037297e-05,-0.1912609929,-0.07697951469,-8.515423636e-05,0.590330476,0,0,0,0,0,0,0
0.1799442768,0,rate,circle,-0.02309848368,-0.001030243118,-0.00380037725,0,0,-0,-0.007988286205,-0.01637744904,-0.0008414864424,0,0,-0,0.02343169257,0.01824120755,0.8228761093,0.0004199682153,-0.0001781721367,0.0001877782342,-0.1634336352,-0.07227292592,-2.653603572e-05,0.5904284559,0,0,0,0,0,0,0
0.1899294853,0,rate,circle,-0.0226852484,-0.001447788673,-0.003367677331,0,0,-0,-0.007713981438,-0.01657439955,-0.0007618815289,0,0,-0,0.02297950909,0.01829745046,0.8156501193,-0.0003658381174,-0.0006989329704,-0.000344338885,-0.1377425384,-0.07283405639,4.535999028e-05,0.5906054,0,0,0,0,0,0,0
0.1999466419,0,rate,circle,-0.0224859491,-0.001653416897,-0.003165304661,0,0,-0,-0.007546785753,-0.01662874967,-0.0006885818439,0,0,-0,0.02276775896,0.01827411929,0.8119806639,0.00108129147,-0.0007597869262,-0.001883507939,-0.1217226764,-0.06904385597,0.0001180556639,0.5906972304,0,0,0,0,0,0,0
0.2099347115,0,rate,circle,-0.02229126729,-0.001856955816,-0.002969384193,0,0,-0,-0.007376180496,-0.01674465835,-0.0006219553761,0,0,-0,0.02256470972,0.01830787946,0.8085634899,-0.0005224107299,5.966828394e-05,-0.0003298151714,-0.1094832705,-0.06705769535,0.0001472239953,0.5907850867,0,0,0,0,0,0,0
0.2200348377,0,rate,circle,-0.02204699442,-0.002070293762,-0.002767190337,0,0,-0,-0.007117805537,-0.01685826853,-0.0005599232973,0,0,-0,0.02231621432,0.01830786409,0.8031032612,-0.0006247457932,0.0004966898705,-0.0007423312636,-0.09856172469,-0.06605388782,0.0001865377008,0.5908740473,0,0,0,0,0,0,0
0.2299535275,0,rate,circle,-0.02157290652,-0.002491202205,-0.002381652594,0,0,-0,-0.006710714195,-0.01705637202,-0.0003378737019,0,0,-0,0.0218464792,0.01833214854,0.7949138207,0.000150837659,0.00030729227,0.0003801167477,-0.08572515537,-0.0696936318,0.0001980929733,0.5910698891,0,0,0,0,0,0,0
0.2400157452,0,rate,circle,-0.02134296298,-0.002698852681,-0.002197787166,0,0,-0,-0.006465383805,-0.01718324609,-0.0002861391986,0,0,-0,0.02162489637,0.01836156338,0.7907909277,0.0002303643269,0.000441176293,-0.000374051684,-0.08022668536,-0.06881550493,0.0002030155107,0.5911495538,0,0,0,0,0,0,0
0.2499415874,0,rate,circle,-0.02107077651,-0.002911974443,-0.002020135522,0,0,-0,-0.006293771323,-0.01729275659,-0.0002425968414,0,0,-0,0.02136675374,0.01840407132,0.7870405525,0.0002021164401,0.0004197564558,0.001111988211,-0.07596367133,-0.06833027711,0.0001649756374,0.5912248923,0,0,0,0,0,0,0
0.2599785328,0,rate,circle,-0.02054234222,-0.003331568325,-0.001683294773,0,0,-0,-0.005854994059,-0.0175444223,-0.000223860101,0,0,-0,0.0208787129,0.01849696793,0.7788721851,-0.0002058928803,0.0005794030149,-0.001061269315,-0.06672466782,-0.07298264426,0.0002146634731,0.5913516021,0,0,0,0,0,0,0
0.2699356079,0,rate,circle,-0.0202854313,-0.003538745455,-0.001523837447,0,0,-0,-0.005609578919,-0.01761370338,-0.0001765511843,0,0,-0,0.02064808763,0.01848624064,0.7741862977,-2.04905773e-05,0.0004549641453,0.0001351847022,-0.06430202157,-0.07178321255,0.0001826780753,0.5914213357,0,0,0,0,0,0,0
0.2802226543,0,rate,circle,-0.01998548396,-0.003746324219,-0.001337900758,0,0,-0,-0.0053125415,-0.0177281443,-0.0001533553004,0,0,-0,0.02037754874,0.0185076664,0.7685193632,-0.0002187119826,-0.0001634121872,-5.084250733e-05,-0.0612670184,-0.07155010508,0.000163731798,0.5914945681,0,0,0,0,0,0,0
0.2899284363,0,rate,circle,-0.01969080232,-0.003952420317,-0.001158341765,0,0,-0,-0.005074399058,-0.01786262542,-0.0001128640797,0,0,-0,0.02011693511,0.01856975097,0.7642576284,0.0004412147682,-0.0007534679607,0.0002573581587,-0.05904678934,-0.07192611121,0.0001382067453,0.5915698625,0,0,0,0,0,0,0
0.2999784946,0,rate,circle,-0.01940133423,-0.004156896379,-0.0009847581387,0,0,-0,-0.004846950527,-0.01796208508,-3.782404383e-05,0,0,-0,0.01986608431,0.01860459246,0.7601339162,0.0002062455169,0.0001076659391,-0.0004015713639,-0.05732929587,-0.07197202034,0.0001251483459,0.5916517399,0,0,0,0,0,0,0
0.3099489212,0,rate,circle,-0.01880191453,-0.004545909818,-0.0006136000156,0,0,-0,-0.004346384667,-0.01817544922,0.0001272426452,0,0,-0,0.01935339223,0.01868834409,0.7517687721,0.0001164535643,0.0004457733594,0.000227275159,-0.04906620612,-0.07659570291,0.0001113210727,0.5918279388,0,0,0,0,0,0,0
0.319963932,0,rate,circle,-0.01849219203,-0.004730565473,-0.00041654706,0,0,-0,-0.004097000696,-0.0181941092,0.0001873546571,0,0,-0,0.01909222164,0.0186506334,0.7460384175,-0.0002985539031,0.0001305947226,0.0006852318184,-0.04814879385,-0.07516210628,4.723965349e-05,0.5919145897,0,0,0,0,0,0,0
0.3299608231,0,rate,circle,-0.01818758808,-0.004913440906,-0.0002258867025,0,0,-0,-0.003821003018,-0.01825117692,0.0002356589976,0,0,-0,0.01884094707,0.0186483527,0.7408650505,9.111913641e-06,0.0001110666708,6.755481445e-05,-0.04692577657,-0.07467174073,1.008078326e-05,0.5919959033,0,0,0,0,0,0,0
0.3399691582,0,rate,circle,-0.01788769849,-0.005094856489,-4.151463509e-05,0,0,-0,-0.003537768964,-0.01830584556,0.0002907133603,0,0,-0,0.01859916781,0.01864683097,0.7353511175,-0.0005982269067,-0.0008693402633,-8.420952508e-05,-0.04558270766,-0.07440672337,-2.022767341e-05,0.592076715,0,0,0,0,0,0,0
0.3499484062,0,rate,circle,-0.01726373844,-0.005422644783,0.0003597736359,0,0,-0,-0.002905859612,-0.01839883812,0.000334785087,0,0,-0,0.01809892755,0.0186299046,0.7234700895,-0.0008983008447,-1.952695675e-05,-0.000789499958,-0.03641031612,-0.07752793168,-4.325903698e-05,0.592233333,0,0,0,0,0,0,0
0.3599689007,0,rate,circle,-0.01695847139,-0.005584645551,0.0005503594875,0,0,-0,-0.002600064734,-0.01844089292,0.0003447533818,0,0,-0,0.01786283609,0.01862647909,0.7182631176,-0.0002594723774,0.0002765213721,-0.0001633601933,-0.03615274646,-0.07681030764,-7.852282359e-05,0.5923049058,0,0,0,0,0,0,0
0.3699462414,0,rate,circle,-0.01665752754,-0.0057455278,0.0007438361645,0,0,-0,-0.002319064923,-0.01847047731,0.0003877091513,0,0,-0,0.01763625826,0.01861953041,0.7138605684,0.0009319868986,0.0003714846389,-0.0008827839629,-0.03589442849,-0.07629079832,-9.083332952e-05,0.5923858352,0,0,0,0,0,0,0
0.3800172806,0,rate,circle,-0.01636098884,-0.005905163474,0.0009309202433,0,0,-0,-0.002029753989,-0.018504899,0.0003976587032,0,0,-0,0.01741894153,0.01862013213,0.7093263779,0.000388471206,-0.0003142268106,0.0004144384002,-0.03532826228,-0.07605597799,-0.0001359131296,0.5924561278,0,0,0,0,0,0,0
0.389942646,0,rate,circle,-0.01603528485,-0.006034462247,0.001126632094,0,0,-0,-0.001743994071,-0.01856825128,0.0004781352764,0,0,-0,0.01717016001,0.01865610046,0.7044726547,-0.001041279524,0.0008264816715,0.0002510159684,-0.03400784794,-0.07607915932,-0.0001736607465,0.5925474331,0,0,0,0,0,0,0
0.3999602795,0,rate,circle,-0.0153977517,-0.006291711703,0.001500189304,0,0,-0,-0.001139327185,-0.01860436425,0.0006059936713,0,0,-0,0.0167011066,0.01864906603,0.6938281032,-0.0004398663878,0.0004872363934,-0.0006025368348,-0.02535020209,-0.07831129683,-0.0002063967792,0.5927152146,0,0,0,0,0,0,0
0.4099369049,0,rate,circle,-0.01508536469,-0.006419298705,0.001677975059,0,0,-0,-0.0008406904526,-0.01860958897,0.0006679213839,0,0,-0,0.016480025,0.01864053864,0.6888278898,0.0001849971886,-0.0001152740224,-0.001238699886,-0.02534232634,-0.07753434519,-0.0002125029437,0.5927953334,0,0,0,0,0,0,0
0.4199118614,0,rate,circle,-0.01475113537,-0.006520986557,0.001860514283,0,0,-0,-0.000540338573,-0.01856885292,0.0007040844066,0,0,-0,0.01623517089,0.01859005108,0.6822634752,-9.301974933e-05,-0.0007287059561,0.000220972579,-0.02453349658,-0.07626712929,-0.0002607170691,0.5928706963,0,0,0,0,0,0,0
0.4299528599,0,rate,circle,-0.01409680396,-0.006723293103,0.002222403884,0,0,-0,8.644157788e-06,-0.01858362742,0.0008186396444,0,0,-0,0.01577534884,0.0186016519,0.6728018197,0.0006129247486,-3.399489287e-05,8.813556633e-05,-0.01696943236,-0.07793939388,-0.0002803585698,0.5930308425,0,0,0,0,0,0,0
0.4399952888,0,rate,circle,-0.01377646066,-0.006824347191,0.002401977777,0,0,-0,0.0002401808597,-0.01858528145,0.0009382741991,0,0,-0,0.01556059383,0.01861050058,0.6687326392,0.0003652865125,-1.42415081e-06,0.0006219706847,-0.01802032978,-0.0772282818,-0.0003380519132,0.5931262338,0,0,0,0,0,0,0
0.4499452114,0,rate,circle,-0.01344763674,-0.006906988099,0.002577215433,0,0,-0,0.0005146073527,-0.01861714572,0.0009759608074,0,0,-0,0.0153358227,0.01864981059,0.6648146474,8.376914775e-05,0.0007978832582,6.335446233e-05,-0.01783459707,-0.0770022182,-0.0003754942876,0.5931992414,0,0,0,0,0,0,0
0.4600348473,0,rate,circle,-0.0128026884,-0.007072822656,0.002910584211,0,0,-0,0.001104895142,-0.01861092448,0.001080063987,0,0,-0,0.01491325421,0.01867495225,0.6554920774,-0.0001922361553,-0.0003496990248,-0.0003331658372,-0.009939603739,-0.07828202738,-0.0004275531685,0.5933464619,0,0,0,0,0,0,0
0.4699420929,0,rate,circle,-0.01248659845,-0.007156335749,0.003069385886,0,0,-0,0.001345236087,-0.01865956932,0.001152479555,0,0,-0,0.01471561796,0.01874346277,0.6527122851,-0.0003354371293,0.0002142351004,-0.000752075226,-0.01101956509,-0.07820524399,-0.0004422524681,0.5934223464,0,0,0,0,0,0,0
0.4799752235,0,rate,circle,-0.0121625429,-0.007221894804,0.003210693598,0,0,-0,0.001641309354,-0.01870755665,0.001145423041,0,0,-0,0.01450488772,0.01881431812,0.6492453338,-0.001489089336,0.0005382809322,0.0002691498084,-0.01075394569,-0.07811001139,-0.0004842532292,0.5934717576,0,0,0,0,0,0,0
0.4899375439,0,rate,circle,-0.01184256561,-0.007288082037,0.003336280584,0,0,-0,0.001917922753,-0.01868264191,0.001132797915,0,0,-0,0.01430011427,0.01881496127,0.6450780304,-0.0006309257587,0.0003703761904,-0.001333620516,-0.01030244028,-0.07738367826,-0.0004849999332,0.5935140674,0,0,0,0,0,0,0
0.4999511242,0,rate,circle,-0.01152665261,-0.007354483008,0.003457337618,0,0,-0,0.002203688491,-0.01862111315,0.001198210754,0,0,-0,0.01410337988,0.01878930033,0.6406424216,-0.000326760055,0.0005243802443,0.0001409292599,-0.009510667822,-0.07653551233,-0.0005247100094,0.5935745126,0,0,0,0,0,0,0
0.5099728107,0,rate,circle,-0.01089871675,-0.007474548649,0.003679350019,0,0,-0,0.00276801479,-0.01856833324,0.001292988891,0,0,-0,0.01371818212,0.01881798941,0.6327835152,-0.001527554123,-0.0003592358844,0.0005158607964,-0.001463105875,-0.0773753611,-0.0005971890217,0.5936790495,0,0,0,0,0,0,0
0.5199921131,0,rate,circle,-0.01058678515,-0.00752877444,0.003780514002,0,0,-0,0.003010012209,-0.01859403215,0.001323978417,0,0,-0,0.01352977275,0.01888256137,0.6303916734,-0.0002585262409,-0.0002766998659,0.0003890281369,-0.002224043303,-0.07735607958,-0.0006410207277,0.5937235659,0,0,0,0,0,0,0
0.5299608707,0,rate,circle,-0.01027865056,-0.007583814207,0.003877565265,0,0,-0,0.003289878136,-0.0185764432,0.001298565418,0,0,-0,0.01334917255,0.01891015103,0.6276131951,0.0001022155338,0.0002131957444,-0.0002411379537,-0.002025076843,-0.07706079349,-0.0006661266408,0.5937522667,0,0,0,0,0,0,0
0.5402240753,0,rate,circle,-0.009974020533,-0.007639445364,0.003970503807,0,0,-0,0.003565135645,-0.01853236929,0.00129924377,0,0,-0,0.01317600514,0.0189168427,0.6244597842,0.0004145636049,-0.000400059158,-0.0004010959528,-0.001716196452,-0.07657038287,-0.0006865954035,0.5937861212,0,0,0,0,0,0,0
0.5499546528,0,rate,circle,-0.009376056492,-0.007721239235,0.004166722298,0,0,-0,0.003958350979,-0.01844365336,0.001283694291,0,0,-0,0.01284093242,0.01890726746,0.619026081,-9.18799924e-05,-9.737595974e-05,0.0004597106308,0.004416778474,-0.07665979721,-0.0007507091139,0.593853286,0,0,0,0,0,0,0
0.5599906445,0,rate,circle,-0.00908276625,-0.007763110567,0.004259318113,0,0,-0,0.004176791757,-0.01836851239,0.001316050417,0,0,-0,0.01268480663,0.01888332136,0.6159234169,-0.0005180347944,-0.0001003391226,0.0006763636484,0.003669608852,-0.07582251124,-0.0008016846604,0.5938950592,0,0,0,0,0,0,0
0.5699641705,0,rate,circle,-0.008793030865,-0.00780562032,0.00434820354,0,0,-0,0.00441032555,-0.01835050806,0.001337129623,0,0,-0,0.01253602706,0.01892036028,0.6141309289,0.000602629967,-0.0003057545982,0.001263601007,0.00348222252,-0.07581342921,-0.0008635894694,0.5939326026,0,0,0,0,0,0,0
0.5799677372,0,rate,circle,-0.008506495506,-0.007828360423,0.004434019327,0,0,-0,0.00467233872,-0.01833716966,0.001356594847,0,0,-0,0.01238160814,0.01897163382,0.6122228444,-0.0003406706965,0.0002029583266,0.0002494648215,0.004000286947,-0.07569698148,-0.0008965069598,0.5939686139,0,0,0,0,0,0,0
0.5899479389,0,rate,circle,-0.008223234676,-0.007852482609,0.004516199231,0,0,-0,0.004910439719,-0.01832776889,0.001372378785,0,0,-0,0.01223434212,0.01902374712,0.6104971585,0.0004261956201,-0.0004219280672,0.0001537384087,0.004434696241,-0.07564181588,-0.0009258164807,0.5940023978,0,0,0,0,0,0,0
0.6000180244,0,rate,circle,-0.007665388286,-0.00790405646,0.004670530558,0,0,-0,0.005452864803,-0.01821328327,0.001454859623,0,0,-0,0.01196018987,0.01906761754,0.6064895858,-9.165965821e-06,0.0001596335933,0.0003393513325,0.01192424934,-0.07560938249,-0.00099104164,0.5940791918,0,0,0,0,0,0,0
0.6099979877,0,rate,circle,-0.007383908611,-0.007900100201,0.004767045379,0,0,-0,0.00564107392,-0.01812825724,0.001488960814,0,0,-0,0.01181771599,0.01904396046,0.6036712424,-0.0003009877983,0.0002027009759,-0.0003292812617,0.01108479485,-0.07447562392,-0.00100880172,0.5941228133,0,0,0,0,0,0,0
0.6199758053,0,rate,circle,-0.007105991244,-0.007897680625,0.004859656096,0,0,-0,0.005856044125,-0.0180937741,0.001497375779,0,0,-0,0.01168266785,0.0190766886,0.6021764837,0.0006102038897,0.000620050123,-0.0002181026648,0.01091466654,-0.07418724379,-0.001027331308,0.5941584701,0,0,0,0,0,0,0
0.6299684048,0,rate,circle,-0.006559394766,-0.007896753028,0.005033805966,0,0,-0,0.006300940644,-0.01795462705,0.001565091778,0,0,-0,0.01143344089,0.01909240681,0.598424088,-0.0008071531774,9.364643483e-05,-0.0004097937781,0.01722716677,-0.07350410324,-0.001057659896,0.5942387017,0,0,0,0,0,0,0
0.6399579048,0,rate,circle,-0.006290598772,-0.007898531854,0.005115613341,0,0,-0,0.006511290558,-0.01786296628,0.001589077641,0,0,-0,0.01131936121,0.01907898417,0.5963836123,-0.000309769559,0.0002964135492,1.751460695e-05,0.01647208265,-0.07288161179,-0.00108107751,0.5942744221,0,0,0,0,0,0,0
0.6499826908,0,rate,circle,-0.006014196668,-0.007880049758,0.005205750465,0,0,-0,0.006713680923,-0.01780205965,0.001572811161,0,0,-0,0.01119667735,0.01909085054,0.5949134415,-0.0001884804515,0.0008805042016,-0.0007889717235,0.0162255509,-0.07248615142,-0.001080015033,0.5943029195,0,0,0,0,0,0,0
0.6599719524,0,rate,circle,-0.005471369252,-0.007848042063,0.005374997854,0,0,-0,0.007129450329,-0.01763421483,0.001634824555,0,0,-0,0.01097352485,0.01909102528,0.5909964072,-0.0005079291295,0.0003507049405,0.0001148596857,0.02226090666,-0.07137384474,-0.001113701974,0.5943799861,0,0,0,0,0,0,0
0.6699495316,0,rate,circle,-0.005204476882,-0.007834213786,0.005453154445,0,0,-0,0.007331014145,-0.01755688898,0.001659136498,0,0,-0,0.01087190777,0.01909818979,0.5890197494,-0.0006099216989,-0.0009440746508,-0.0005387345445,0.02149216843,-0.07103478641,-0.001122225216,0.5944145246,0,0,0,0,0,0,0
0.6800231934,0,rate,circle,-0.004937010352,-0.007819131948,0.005543649197,0,0,-0,0.007516426034,-0.01746623404,0.001712018042,0,0,-0,0.01078169477,0.01909180447,0.5872980564,0.000506581855,-0.000190971361,0.0001028258994,0.0209978801,-0.0706050972,-0.001146991111,0.59446074,0,0,0,0,0,0,0
0.6899528503,0,rate,circle,-0.004672617652,-0.007805582136,0.00563070178,0,0,-0,0.007671248633,-0.01742096059,0.001727887196,0,0,-0,0.01069884436,0.01911343814,0.5865517328,0.0002372158342,-0.0001930124417,-6.96125644e-05,0.02060172563,-0.07068914601,-0.001166222869,0.594496315,0,0,0,0,0,0,0
0.6999640465,0,rate,circle,-0.004411658738,-0.007793993689,0.005713909864,0,0,-0,0.00781392958,-0.0174248796,0.001714572078,0,0,-0,0.01062345689,0.01917351511,0.5868819774,0.0001689861674,-0.0001985782583,-0.0003113938146,0.02033728554,-0.07125284121,-0.001177862011,0.5945230843,0,0,0,0,0,0,0
0.7099514008,0,rate,circle,-0.0038987312,-0.007765986491,0.005901962519,0,0,-0,0.008256512694,-0.01724701747,0.001776922145,0,0,-0,0.01050446632,0.01920382946,0.5850880266,0.0002723366779,-0.0002782644297,0.0007845682558,0.02699904784,-0.07020728532,-0.001229147172,0.5946070276,0,0,0,0,0,0,0
0.7199501991,0,rate,circle,-0.00364686083,-0.007749128155,0.006006285548,0,0,-0,0.008403987624,-0.01717073098,0.001782438136,0,0,-0,0.01046059497,0.01919995042,0.5845795173,0.0005722185597,0.0005544672022,0.00100562966,0.02604779901,-0.06995185605,-0.001276960716,0.5946462076,0,0,0,0,0,0,0
0.7299580574,0,rate,circle,-0.003397923196,-0.007733555976,0.006088986993,0,0,-0,0.008575975895,-0.01703402959,0.001802375074,0,0,-0,0.01041295024,0.01915604559,0.5832435707,-1.734606303e-05,0.0006161067286,-5.312160647e-05,0.02591202119,-0.0691492648,-0.001293360954,0.5946812193,0,0,0,0,0,0,0
0.7400636673,0,rate,circle,-0.003151508048,-0.00771916192,0.006168290973,0,0,-0,0.008784048259,-0.01695596986,0.001827039057,0,0,-0,0.01037136815,0.01918339097,0.5826133551,0.00014805315,-0.0008509100298,-0.0002651273389,0.02632759015,-0.06906273349,-0.001302882787,0.5947162502,0,0,0,0,0,0,0
0.7499718666,0,rate,circle,-0.002643358428,-0.007682143711,0.006367042661,0,0,-0,0.00909189228,-0.01683071256,0.001851632842,0,0,-0,0.01032191397,0.01921884322,0.5826607677,0.000121363948,4.351497773e-05,-0.0002758713381,0.03161407815,-0.06860623801,-0.001302581305,0.5947944951,0,0,0,0,0,0,0
0.7599771023,0,rate,circle,-0.002393589821,-0.007666276768,0.006460696459,0,0,-0,0.009281172417,-0.01681886613,0.001853987109,0,0,-0,0.01030736001,0.01929900743,0.5842879608,-0.000476978661,0.0005216977443,-0.0005854410119,0.03133343757,-0.06926689652,-0.001305296629,0.5948289776,0,0,0,0,0,0,0
0.7699706554,0,rate,circle,-0.002146221232,-0.007652037777,0.006550386548,0,0,-0,0.009507903829,-0.01676725782,0.001826182939,0,0,-0,0.01029890827,0.01936171775,0.5851440789,-0.0006443752791,-0.0004951987066,-0.0001788505033,0.0318355358,-0.06936499926,-0.001317538152,0.5948544286,0,0,0,0,0,0,0
0.7799842358,0,rate,circle,-0.001880111755,-0.007632068358,0.006645932794,0,0,-0,0.009707931429,-0.01666614972,0.001856144285,0,0,-0,0.01029328472,0.01937652577,0.5849977706,0.0007717559347,-0.0006200479693,0.0006806627498,0.03247413021,-0.06881089406,-0.001351513748,0.5948966772,0,0,0,0,0,0,0
0.7899541855,0,rate,circle,-0.001355173416,-0.007595406845,0.006836742163,0,0,-0,0.01014371216,-0.0164181646,0.001890306477,0,0,-0,0.01030862472,0.01939134559,0.5853828372,-0.000330172712,-1.937597881e-05,0.0005251180846,0.03936830542,-0.06716836398,-0.001416396308,0.5949744722,0,0,0,0,0,0,0
0.8001046181,0,rate,circle,-0.001096790074,-0.007578629535,0.006931990385,0,0,-0,0.01030783914,-0.01629660837,0.001935751643,0,0,-0,0.01032913669,0.01937983815,0.5856792001,-0.0003080714669,0.0001447302202,-0.0002869684249,0.03864829296,-0.06681052322,-0.00142672285,0.5950204952,0,0,0,0,0,0,0
0.8099451065,0,rate,circle,-0.000813576451,-0.00756853167,0.007044836879,0,0,-0,0.01053812075,-0.01620637625,0.002018402331,0,0,-0,0.01037180336,0.0194363723,0.5875861553,-0.0008363728411,0.0002876196231,-0.0004358972365,0.03953177646,-0.06698010263,-0.001431593673,0.5950822909,0,0,0,0,0,0,0
0.8200528622,0,rate,circle,-0.000255079096,-0.007550874259,0.007258847356,0,0,-0,0.01102071814,-0.01599019207,0.002045157133,0,0,-0,0.01047719583,0.0195275482,0.5917238545,-0.0006338478415,0.0003055898123,0.0005553356023,0.04676161282,-0.06630709984,-0.00149426054,0.5951665153,0,0,0,0,0,0,0
0.8299446106,0,rate,circle,2.061387022e-05,-0.007543807384,0.007359772921,0,0,-0,0.01128046121,-0.01592689566,0.002042500535,0,0,-0,0.01053924628,0.01962362401,0.5948170243,-0.0005245293141,-0.0002595262777,0.0008875688072,0.04683700223,-0.06682594035,-0.0015402667,0.5952023682,0,0,0,0,0,0,0
0.8400213718,0,rate,circle,0.0003233258612,-0.007550388575,0.007479250431,0,0,-0,0.01151710562,-0.01590688713,0.002030701144,0,0,-0,0.01063259584,0.01974326536,0.5995893785,-0.001085048658,0.0004213890061,-0.0001810425165,0.04724009399,-0.06786665611,-0.001556643121,0.595242563,0,0,0,0,0,0,0
0.849950552,0,rate,circle,0.0006230402505,-0.007557998411,0.007580637932,0,0,-0,0.01172495354,-0.01578952372,0.00205272506,0,0,-0,0.0107227604,0.01977365103,0.6023721988,-0.0007746114861,-0.0004428560205,6.541203766e-05,0.04774590281,-0.06760490298,-0.001579244684,0.595284841,0,0,0,0,0,0,0
0.8599712849,0,rate,circle,0.001213975484,-0.007575551979,0.007773205638,0,0,-0,0.01224050019,-0.01568469405,0.002165946644,0,0,-0,0.01092178786,0.02001326553,0.6117015214,-0.000210052327,-0.0004715973337,-0.0003406914184,0.0554091571,-0.06830731132,-0.001592482768,0.5953831665,0,0,0,0,0,0,0
0.869954586,0,rate,circle,0.001520845457,-0.007607571781,0.007888779044,0,0,-0,0.01246637572,-0.01563807391,0.002196731046,0,0,-0,0.01106440031,0.02011928195,0.6170045041,0.0004210717452,2.923771535e-05,0.0006688987487,0.05505664398,-0.06900760209,-0.00163369835,0.5954327687,0,0,0,0,0,0,0
0.8799982071,0,rate,circle,0.001824757783,-0.007640092634,0.008000224829,0,0,-0,0.01267791539,-0.01557076816,0.002200755291,0,0,-0,0.01121179529,0.02019954662,0.6217973082,-7.466348325e-05,-0.0007750142249,-0.0006447783089,0.05497862101,-0.06929830999,-0.001636517294,0.5954741156,0,0,0,0,0,0,0
0.8899424076,0,rate,circle,0.002125801984,-0.007673479617,0.008107632399,0,0,-0,0.01288046874,-0.01557567995,0.002214258537,0,0,-0,0.01136375935,0.02033251637,0.6282377309,0.0009158081957,0.0006752187037,0.0006804833538,0.05504875925,-0.07035269713,-0.001677683348,0.5955163394,0,0,0,0,0,0,0
0.8999898434,0,rate,circle,0.002424181206,-0.007707647048,0.008211031556,0,0,-0,0.01312201936,-0.01550807804,0.002182650613,0,0,-0,0.01151978805,0.02043163822,0.6338468083,0.000409057131,9.089511877e-06,-0.000353922107,0.05584972044,-0.07047275607,-0.001686344285,0.5955457045,0,0,0,0,0,0,0
0.909945488,0,rate,circle,0.003024626058,-0.007777786814,0.008452251554,0,0,-0,0.01355222613,-0.01544375904,0.002237618901,0,0,-0,0.01187783174,0.02066832031,0.6462983592,0.0009017696721,-0.000356041739,0.0001275842806,0.06266982681,-0.07167562629,-0.001709200401,0.5956468367,0,0,0,0,0,0,0
0.9199688435,0,rate,circle,0.003326498438,-0.007813910954,0.008589580655,0,0,-0,0.01372755133,-0.01543343347,0.002293849131,0,0,-0,0.01207906007,0.02078216249,0.6529243532,-0.0005912884371,0.0002465073194,-0.0003780184779,0.0619506793,-0.07211638598,-0.001719418632,0.5957107141,0,0,0,0,0,0,0
0.9299619198,0,rate,circle,0.003625539131,-0.007851181552,0.008723005652,0,0,-0,0.01392943691,-0.01543685701,0.002417233773,0,0,-0,0.01228317603,0.0209324816,0.659794262,0.0002843700931,-0.0001421514753,0.0005280258483,0.06191921943,-0.07265556487,-0.001753967967,0.5957902372,0,0,0,0,0,0,0
0.940015316,0,rate,circle,0.003922102973,-0.007889307104,0.008852526546,0,0,-0,0.01415216736,-0.01539727114,0.0024561584,0,0,-0,0.01248964709,0.02105688756,0.6663958881,0.0002904135035,-2.758101618e-05,3.206861948e-05,0.0624273412,-0.07271788408,-0.00177210827,0.5958469317,0,0,0,0,0,0,0
0.9499607086,0,rate,circle,0.004526064266,-0.007929562591,0.00914208591,0,0,-0,0.01452767383,-0.01526710112,0.002510938793,0,0,-0,0.01292056328,0.02122363063,0.6779428911,8.27502663e-05,-0.0004246313183,0.0003553151619,0.06887461475,-0.07244339354,-0.001816079417,0.5959655492,0,0,0,0,0,0,0
0.9599575996,0,rate,circle,0.004824318923,-0.007951482199,0.009280011058,0,0,-0,0.01473947242,-0.01526907645,0.002525744727,0,0,-0,0.01313844464,0.02137232157,0.6850568072,0.0004880580236,-5.465403228e-05,0.000103668106,0.06854283996,-0.07282376432,-0.001840473243,0.5960191732,0,0,0,0,0,0,0
0.9699530602,0,rate,circle,0.005120404996,-0.007974836044,0.009416922927,0,0,-0,0.01497814711,-0.01527324226,0.002585384529,0,0,-0,0.01336020189,0.02154764565,0.6926283092,0.0001479172934,-0.0002261618502,0.0004323331523,0.06888515028,-0.07321024006,-0.001873336523,0.5960837904,0,0,0,0,0,0,0
0.9800102711,0,rate,circle,0.005420579575,-0.007980611175,0.009561181068,0,0,-0,0.01522591803,-0.01518110931,0.002611559583,0,0,-0,0.01358267356,0.02165906053,0.698782501,0.001227290486,0.0005018022493,-0.0004320160951,0.06967340177,-0.0723894767,-0.001874609594,0.5961426074,0,0,0,0,0,0,0
0.9899659157,0,rate,circle,0.006014841609,-0.007995925844,0.009836420417,0,0,-0,0.01567957364,-0.01508875191,0.002700329758,0,0,-0,0.01403097703,0.02192740852,0.7123274441,0.000157935574,-0.0001302840392,-0.0006193215377,0.07668114768,-0.0724173678,-0.001889256462,0.5962646392,0,0,0,0,0,0,0
1.000133753,0,rate,circle,0.006308726966,-0.00800604932,0.009968027472,0,0,-0,0.01591657847,-0.01511603966,0.002783635166,0,0,-0,0.0142568732,0.0221264717,0.7204805409,-0.000789080339,-0.0005380009534,-0.000438900257,0.07629903068,-0.07299445135,-0.001900075519,0.5963333136,0,0,0,0,0,0,0
1.00996089,0,rate,circle,0.006597175263,-0.007991588674,0.01012071967,0,0,-0,0.01611849293,-0.01503602508,0.00289119198,0,0,-0,0.0144850674,0.02223166336,0.7266163247,-0.001083893469,7.181271212e-05,-0.0004105233529,0.07625717032,-0.07204235193,-0.001901908084,0.5964157689,0,0,0,0,0,0,0
1.019975901,0,rate,circle,0.007167449687,-0.007967082784,0.01041375101,0,0,-0,0.01648189873,-0.01486402471,0.00299230637,0,0,-0,0.0149429901,0.02239522524,0.7382002837,-0.0001831602713,0.0002443380363,0.0001979976951,0.08182782789,-0.07081734186,-0.001904504538,0.5965473494,0,0,0,0,0,0,0
1.029968739,0,rate,circle,0.007449434604,-0.00795707386,0.01054540277,0,0,-0,0.01665861905,-0.01476296782,0.00305161695,0,0,-0,0.01516623288,0.02246702414,0.7438670976,-0.0002822154784,0.0003919952724,-0.000918254198,0.08093417095,-0.07017580611,-0.001894066754,0.5966099761,0,0,0,0,0,0,0
1.039970398,0,rate,circle,0.007717620581,-0.007908094674,0.01069302857,0,0,-0,0.01686516032,-0.01465835143,0.003169982228,0,0,-0,0.0153766215,0.0225687768,0.7489827891,-0.0005934020155,-0.0002210599923,-0.000298100349,0.08076940683,-0.06909503349,-0.001897517474,0.5966933886,0,0,0,0,0,0,0
1.049951315,0,rate,circle,0.007984088734,-0.00786106661,0.01083678007,0,0,-0,0.01703952439,-0.01457388699,0.003227613866,0,0,-0,0.01558774658,0.02265305862,0.7541163061,0.0002002494002,0.000849288539,-0.0002494905784,0.08056699735,-0.06846375003,-0.001905534366,0.5967599903,0,0,0,0,0,0,0
1.06009984,0,rate,circle,0.00824830588,-0.007816719823,0.01097637415,0,0,-0,0.01719355397,-0.01456347387,0.003242801642,0,0,-0,0.01579925467,0.02276463995,0.7598210305,-0.0001025529855,-1.273092948e-05,0.0002230382233,0.08034681841,-0.06867778583,-0.001932619632,0.5968143387,0,0,0,0,0,0,0
1.069958687,0,rate,circle,0.008751328103,-0.007697815076,0.01123631001,0,0,-0,0.01745318249,-0.01433294546,0.003393900348,0,0,-0,0.0161894028,0.02283780778,0.7668250269,0.0005345232203,-0.0002307116229,0.0002542265574,0.08506169854,-0.06593369279,-0.001929211641,0.5969467923,0,0,0,0,0,0,0
1.080005169,0,rate,circle,0.008990687318,-0.007622993551,0.01135763526,0,0,-0,0.01759207621,-0.0142011093,0.003448409494,0,0,-0,0.01636882304,0.02287015913,0.7700063784,0.0004867309472,0.0004038748157,0.0003306810686,0.08421643678,-0.06491012304,-0.00195128845,0.5970045558,0,0,0,0,0,0,0
1.089979172,0,rate,circle,0.009228754789,-0.007550851442,0.01148885489,0,0,-0,0.01777537912,-0.01415351313,0.003536119126,0,0,-0,0.01655835315,0.02299543814,0.7753891711,-0.0003023702302,0.001078058034,0.0001488708804,0.08425179395,-0.06500829167,-0.001974489194,0.5970742291,0,0,0,0,0,0,0
1.100094795,0,rate,circle,0.009465489537,-0.007481448352,0.01161661744,0,0,-0,0.01790121011,-0.01408428419,0.003580783959,0,0,-0,0.01674853314,0.02305737189,0.7793881566,-0.0004208652826,-0.0002464395075,-0.000668220222,0.0839368987,-0.06472997953,-0.001972611386,0.5971318056,0,0,0,0,0,0,0
1.109983444,0,rate,circle,0.009672911838,-0.007388955448,0.01173853874,0,0,-0,0.01795368828,-0.01397893764,0.003592982423,0,0,-0,0.01691020928,0.02303595327,0.7806648353,0.000363967265,-0.0009197718464,-0.000478865084,0.08292469791,-0.06359710069,-0.001969503834,0.597179132,0,0,0,0,0,0,0
1.119977713,0,rate,circle,0.01008334849,-0.007211716846,0.01197123528,0,0,-0,0.01806149818,-0.01375477482,0.003612536471,0,0,-0,0.01723349212,0.02298830064,0.7841669207,2.789581413e-05,0.0005143471644,0.0008311417769,0.08579359265,-0.06062292542,-0.001995658559,0.5972684055,0,0,0,0,0,0,0
1.12997508,0,rate,circle,0.01028612722,-0.007127388846,0.01208201051,0,0,-0,0.01810978167,-0.0136836553,0.003604370635,0,0,-0,0.01739479988,0.02298256082,0.7861491512,-0.0006085463101,-0.00115689286,-0.0006461777957,0.08476278916,-0.06059338155,-0.001994830836,0.5973065005,0,0,0,0,0,0,0
1.140147448,0,rate,circle,0.01047399174,-0.007019620389,0.01218676567,0,0,-0,0.01817877218,-0.01353435405,0.003616828006,0,0,-0,0.01753558756,0.02295055429,0.787296542,-0.0002187501523,0.0001952139428,-0.0007137219072,0.0842467082,-0.05946707648,-0.00198160706,0.5973476235,0,0,0,0,0,0,0
1.149990797,0,rate,circle,0.01066065952,-0.006914796308,0.01228812337,0,0,-0,0.01821519434,-0.01345220488,0.003612364409,0,0,-0,0.01767659598,0.02293042297,0.7886113734,0.0001708325435,0.0001240737038,0.0005638819421,0.08368285824,-0.05909721611,-0.00200914446,0.597383247,0,0,0,0,0,0,0
1.1600492,0,rate,circle,0.0110306479,-0.00671512913,0.01250180602,0,0,-0,0.01835524105,-0.0133647304,0.003630368272,0,0,-0,0.01797396189,0.02299370493,0.7934440069,-0.0002431240864,-0.0001059927163,-0.0001296160772,0.08693829775,-0.05773255299,-0.002022166753,0.597465241,0,0,0,0,0,0,0
1.17001152,0,rate,circle,0.01121400017,-0.006620184053,0.01260356605,0,0,-0,0.01844470575,-0.01328158379,0.003655085107,0,0,-0,0.01812265196,0.02302101834,0.7962319887,-0.0007799097802,0.0007066943217,2.367749221e-05,0.08674109807,-0.05771369375,-0.002036410663,0.5975083275,0,0,0,0,0,0,0
1.180092573,0,rate,circle,0.01138169784,-0.0064994446,0.01271103323,0,0,-0,0.01853725873,-0.01314833295,0.003646820551,0,0,-0,0.01825804457,0.02301755679,0.7974812301,-0.0006020383444,-0.0007088037673,0.0005830471637,0.08667366893,-0.05668195787,-0.002058474591,0.597545209,0,0,0,0,0,0,0
1.189981222,0,rate,circle,0.01154900715,-0.006382035092,0.01281510293,0,0,-0,0.01865294576,-0.01309323963,0.003656019457,0,0,-0,0.01839393382,0.02308098325,0.8001048802,-0.0004726122716,2.036787009e-05,3.802210267e-05,0.08700120773,-0.05661295983,-0.002072785696,0.597585251,0,0,0,0,0,0,0
1.200028181,0,rate,circle,0.01188136544,-0.006157184485,0.0130136013,0,0,-0,0.01878729649,-0.01292273588,0.003695090767,0,0,-0,0.0186663222,0.0231000716,0.8029806005,0.0001705308969,7.920889766e-05,0.0005855167401,0.08986242928,-0.05411444228,-0.002104240247,0.5976671863,0,0,0,0,0,0,0
1.209974527,0,rate,circle,0.01202880777,-0.006043332629,0.01313230395,0,0,-0,0.01882573403,-0.01278192457,0.003730711993,0,0,-0,0.01880615572,0.02305870919,0.8031624721,0.0006170677952,0.0007933583693,-0.0006232167361,0.08885428858,-0.05343247358,-0.002093760336,0.5977192849,0,0,0,0,0,0,0
1.220016241,0,rate,circle,0.0123217199,-0.005825205706,0.01335905492,0,0,-0,0.01888925768,-0.01266991813,0.003771618474,0,0,-0,0.01908460508,0.02305549798,0.8047542651,-0.0004654750228,-0.000381872349,-0.0003162678331,0.09042866046,-0.05177398295,-0.00210296046,0.597811973,0,0,0,0,0,0,0
1.229979038,0,rate,circle,0.01246703602,-0.00572107872,0.01346753538,0,0,-0,0.01889738441,-0.01257403195,0.0038592536,0,0,-0,0.01922322132,0.02302414505,0.8050589488,0.0001701358269,0.0001841689955,0.0004035212914,0.08926838529,-0.05180508628,-0.002125477131,0.5978735602,0,0,0,0,0,0,0
1.239987373,0,rate,circle,0.0125947576,-0.005597479176,0.01356998086,0,0,-0,0.01898166165,-0.01243496314,0.003895138856,0,0,-0,0.01934177015,0.02302398519,0.8055049342,0.0006671401206,0.0004023281508,0.0004083987442,0.08911096666,-0.0510909211,-0.002139641887,0.5979198627,0,0,0,0,0,0,0
1.249967337,0,rate,circle,0.012722563,-0.005476668011,0.01366910338,0,0,-0,0.01903929561,-0.01225965563,0.003900654381,0,0,-0,0.01946026436,0.02297844726,0.80506788,0.0004959482467,-0.0004146458232,0.0003811541537,0.08891003334,-0.04997572203,-0.00214987258,0.5979573043,0,0,0,0,0,0,0
1.259980202,0,rate,circle,0.01285033766,-0.005358906463,0.01376534998,0,0,-0,0.01908182353,-0.01220664475,0.003963530995,0,0,-0,0.0195789151,0.02299625498,0.8057719055,0.0002981281723,-0.0001746665803,0.0009849376511,0.08859254906,-0.05024324746,-0.002188984883,0.598008205,0,0,0,0,0,0,0
1.269966125,0,rate,circle,0.01310755033,-0.0051077893,0.01396842301,0,0,-0,0.0191361513,-0.01204046886,0.004049662501,0,0,-0,0.01982458647,0.02296878193,0.8070564954,-0.0008755727904,0.0002768455015,0.001265048631,0.09061679635,-0.04757727988,-0.002194367183,0.5981036671,0,0,0,0,0,0,0
1.280016899,0,rate,circle,0.01323678065,-0.004974731244,0.01407502592,0,0,-0,0.01908270456,-0.0119377654,0.004076169804,0,0,-0,0.01995160814,0.02287520528,0.806280746,-0.000526906515,0.0007487671683,9.490786761e-05,0.08938861619,-0.04730102045,-0.002206864695,0.5981490413,0,0,0,0,0,0,0
1.289958,0,rate,circle,0.01336505264,-0.004844850861,0.01417838037,0,0,-0,0.01907100528,-0.0117644826,0.004092601594,0,0,-0,0.02007794018,0.02277840383,0.8056039108,-0.0005595865659,0.0006346498849,0.0003519120219,0.08905093451,-0.0462722401,-0.002218098047,0.5981906925,0,0,0,0,0,0,0
1.299967766,0,rate,circle,0.01349289995,-0.00471798284,0.01427847147,0,0,-0,0.01907586306,-0.01164434943,0.004082052503,0,0,-0,0.02020377337,0.02271877149,0.8054898085,-0.0003734935017,-0.0001500235667,0.000490009319,0.0889898771,-0.0458931014,-0.002239423887,0.5982243463,0,0,0,0,0,0,0
1.309960604,0,rate,circle,0.01376245264,-0.004449839238,0.01446351409,0,0,-0,0.01909672096,-0.01139634941,0.004138083663,0,0,-0,0.0204548139,0.02262046126,0.8054060017,0.0008687410736,8.678085578e-05,0.0004142831312,0.09127405061,-0.04248266649,-0.002219009055,0.5983057561,0,0,0,0,0,0,0
1.319977999,0,rate,circle,0.01389654726,-0.0043206173,0.01455202699,0,0,-0,0.01914482005,-0.01127133705,0.004185447935,0,0,-0,0.0205801664,0.02260719239,0.8056731767,0.001207935857,9.146828233e-05,-0.0001686471514,0.09142026763,-0.04254390934,-0.002227617721,0.5983499687,0,0,0,0,0,0,0
1.329964399,0,rate,circle,0.01403025631,-0.004194378387,0.01466050744,0,0,-0,0.01918742433,-0.01111575309,0.004281103611,0,0,-0,0.02072127845,0.02258417737,0.8060352214,-0.0002665344509,-0.0007175765932,0.0001437425381,0.0916891175,-0.04208762132,-0.002240068816,0.5984136087,0,0,0,0,0,0,0
1.339992046,0,rate,circle,0.01418199856,-0.004067263566,0.01475553215,0,0,-0,0.01918433607,-0.01097905636,0.004345786292,0,0,-0,0.02086617945,0.022526968,0.8070486949,-0.001283664489,0.0009411165374,0.0004287142947,0.09182420749,-0.04182234765,-0.002260748684,0.5984644023,0,0,0,0,0,0,0
1.349971771,0,rate,circle,0.01433263998,-0.003943033516,0.01484793425,0,0,-0,0.01918996125,-0.01082508639,0.004346193746,0,0,-0,0.02101031255,0.02245721506,0.8080259438,-0.001209612121,0.000386586471,0.0004446891835,0.09216750974,-0.04130007553,-0.002279863105,0.5984979682,0,0,0,0,0,0,0
1.360257387,0,rate,circle,0.01463135798,-0.003703124821,0.01502488554,0,0,-0,0.01927519403,-0.0105671566,0.004457287025,0,0,-0,0.02129640709,0.02242911749,0.8112665258,-0.0001264290622,-0.0001130171659,-0.000642253086,0.09538213738,-0.0385295871,-0.002258843633,0.5985902654,0,0,0,0,0,0,0
1.36999321,0,rate,circle,0.01477204356,-0.003582317382,0.01510612667,0,0,-0,0.01928994432,-0.01048212126,0.004447207786,0,0,-0,0.02142991675,0.02239987668,0.8121993064,0.0002565929317,-0.0001766563219,-0.001260145684,0.09512473493,-0.03903462625,-0.002241824255,0.598617216,0,0,0,0,0,0,0
1.380008459,0,rate,circle,0.0149118444,-0.003464688547,0.01518453658,0,0,-0,0.01926140673,-0.01038328558,0.004444146529,0,0,-0,0.02156240527,0.02232856572,0.812627283,-0.0005828159046,-0.0003577267926,-0.0002533565275,0.09459297348,-0.03916657155,-0.002248565905,0.5986448899,0,0,0,0,0,0,0
1.390020132,0,rate,circle,0.01518923603,-0.003238622099,0.0153426528,0,0,-0,0.01930816844,-0.01018422842,0.004434615839,0,0,-0,0.02183113738,0.02227531582,0.8147399354,4.309881842e-05,7.122327224e-05,-0.001186822541,0.0969704235,-0.03692364413,-0.002190857411,0.5986999175,0,0,0,0,0,0,0
1.400179625,0,rate,circle,0.01531245839,-0.003124225186,0.01541855931,0,0,-0,0.01927495748,-0.01004628371,0.004481485114,0,0,-0,0.02195368161,0.02219314108,0.8142800871,0.0003249855945,-0.0002160840086,-0.0005732437712,0.09600647273,-0.03681451962,-0.002186493002,0.5987393978,0,0,0,0,0,0,0
1.410027266,0,rate,circle,0.01543518528,-0.003012634115,0.01549239457,0,0,-0,0.0192734655,-0.009941991419,0.004549492151,0,0,-0,0.02207566983,0.02215869005,0.8148234513,7.37069422e-05,0.000245345349,0.0002458212257,0.09568357961,-0.03694278228,-0.002204452696,0.5987834522,0,0,0,0,0,0,0
1.420326948,0,rate,circle,0.01567905769,-0.002798201051,0.01563426852,0,0,-0,0.01927323081,-0.009788224474,0.004616769496,0,0,-0,0.02231800016,0.02210387578,0.8165777393,-0.001240362646,-0.0009403082659,-0.0003444232862,0.09720121849,-0.0352411998,-0.002182686354,0.598852005,0,0,0,0,0,0,0
1.429983139,0,rate,circle,0.01580060087,-0.002695417264,0.0157019645,0,0,-0,0.0192834828,-0.009716806933,0.004611403681,0,0,-0,0.02243826979,0.02208017414,0.8177390214,-0.000315967889,-0.00045259748,-0.0008068209863,0.09699015491,-0.03577912655,-0.002175828826,0.5988752149,0,0,0,0,0,0,0
1.44001174,0,rate,circle,0.015896542,-0.002594420454,0.01575680077,0,0,-0,0.01922306046,-0.009602222592,0.004590265453,0,0,-0,0.02253237306,0.02197269371,0.8170636241,1.614898792e-05,0.0008657811559,0.0001344177872,0.09585676548,-0.0356685385,-0.002187417052,0.5988897669,0,0,0,0,0,0,0
1.449993134,0,rate,circle,0.015991956,-0.002496310044,0.01581577957,0,0,-0,0.01911350153,-0.009558038786,0.004587579984,0,0,-0,0.02262991612,0.02185698827,0.8156311877,0.000220134767,-0.0003045958292,-0.0001075840628,0.09443746064,-0.03608659212,-0.002196181203,0.5989105493,0,0,0,0,0,0,0
1.460101366,0,rate,circle,0.01608677767,-0.002400830621,0.01587304473,0,0,-0,0.01910065673,-0.009424131364,0.004673885647,0,0,-0,0.02272667931,0.02180583744,0.8155595094,-0.000171278909,0.0001149666641,-2.713927097e-05,0.09445196603,-0.03555007163,-0.002195148826,0.5989532372,0,0,0,0,0,0,0
1.470010042,0,rate,circle,0.01626082137,-0.002217828296,0.01596884429,0,0,-0,0.01902350597,-0.009293387644,0.004718708806,0,0,-0,0.02289840742,0.0216916354,0.814519791,0.000558169384,0.0001443039801,-0.001429758617,0.09493691648,-0.03382461556,-0.002128060098,0.5989995118,0,0,0,0,0,0,0
1.479993343,0,rate,circle,0.0163399633,-0.002130255336,0.0160073787,0,0,-0,0.01896038093,-0.009195001796,0.004746157676,0,0,-0,0.022973214,0.02160023416,0.8135349315,-3.821273276e-05,0.0001529489527,-0.0001032000873,0.09421530684,-0.03386518542,-0.002128956396,0.599020504,0,0,0,0,0,0,0
1.489997149,0,rate,circle,0.0164191816,-0.002044970402,0.01604469121,0,0,-0,0.01890471764,-0.009082731791,0.004763131496,0,0,-0,0.02304785335,0.02150748213,0.8129200913,-0.000952456845,-0.0005049523897,0.0007433260325,0.09384031131,-0.03363787818,-0.002150937122,0.5990383592,0,0,0,0,0,0,0
1.50007534,0,rate,circle,0.01649841666,-0.001961922273,0.01608070731,0,0,-0,0.01887992024,-0.008977419697,0.004781094845,0,0,-0,0.02312219797,0.02144537994,0.8122659487,0.001278429409,0.0008632740937,0.0006928852526,0.09377768021,-0.03355424931,-0.002171069496,0.5990560873,0,0,0,0,0,0,0
1.509990215,0,rate,circle,0.01662053168,-0.001821242971,0.01612392068,0,0,-0,0.01874677837,-0.008825306781,0.004729530308,0,0,-0,0.02322799641,0.02125314555,0.8103846797,-0.0007744027534,0.0008345422102,-0.0001681315043,0.0934294486,-0.03200584581,-0.002125708818,0.5990587576,0,0,0,0,0,0,0
1.520079374,0,rate,circle,0.01668156311,-0.001753927092,0.01614563167,0,0,-0,0.01864690147,-0.008750371635,0.004723369144,0,0,-0,0.02328158564,0.02113258513,0.808336144,0.0006248133723,-0.0006016650004,0.001049441751,0.09251039135,-0.03235867535,-0.002160115954,0.5990651964,0,0,0,0,0,0,0
1.530005217,0,rate,circle,0.01674280874,-0.001689015538,0.01616643369,0,0,-0,0.01857850328,-0.008709634654,0.004721465055,0,0,-0,0.02333512366,0.02105494603,0.8075036875,-0.0005047615268,-0.000729624182,0.0002253855346,0.09214894849,-0.03290771342,-0.002172257994,0.5990723074,0,0,0,0,0,0,0
1.540015221,0,rate,circle,0.01679394394,-0.001619230025,0.01615962386,0,0,-0,0.01853434183,-0.008683497086,0.004669336602,0,0,-0,0.02336218959,0.02099351454,0.8073357412,-0.000786405406,0.0005998545676,0.0005536246463,0.09202701126,-0.03342401991,-0.002191861208,0.5990566248,0,0,0,0,0,0,0
1.550010443,0,rate,circle,0.01689798385,-0.001487166504,0.01614381373,0,0,-0,0.01843615249,-0.008615606464,0.00456154393,0,0,-0,0.02341743462,0.02085492931,0.8063164086,-0.0008624389302,-0.0002221408213,-0.000546876865,0.09218755408,-0.03248835495,-0.002160526656,0.599023645,0,0,0,0,0,0,0
1.560032606,0,rate,circle,0.01695083268,-0.001424769638,0.01613490283,0,0,-0,0.01840320043,-0.008571155369,0.004521536175,0,0,-0,0.02344559205,0.02079872063,0.8063037416,-0.001028593513,-5.940296614e-05,-0.0007619558019,0.0922612708,-0.03279414362,-0.002140931009,0.5990102767,0,0,0,0,0,0,0
1.569997787,0,rate,circle,0.01699210331,-0.001351150917,0.01607969403,0,0,-0,0.01835252158,-0.008482251316,0.004526374396,0,0,-0,0.02343317614,0.02071839041,0.8049466093,9.113770648e-05,-0.0001236852404,-0.0009016609401,0.09202331265,-0.03230662807,-0.002109070029,0.598991592,0,0,0,0,0,0,0
1.580018997,0,rate,circle,0.0170769114,-0.001210108516,0.01597131789,0,0,-0,0.0183007177,-0.008309263736,0.004439273849,0,0,-0,0.02341299342,0.02058317965,0.8031080624,0.0002048711613,-0.000100570287,2.398891593e-05,0.09251169737,-0.03019614444,-0.002073182529,0.5989304468,0,0,0,0,0,0,0
1.589978933,0,rate,circle,0.01712072454,-0.001142739202,0.01591794193,0,0,-0,0.01825853996,-0.008181296289,0.004387761466,0,0,-0,0.02340525447,0.02048317214,0.8015035536,0.0007304232568,-0.0005899023963,-0.00041043479,0.0923605452,-0.02971729862,-0.002056686577,0.5988981935,0,0,0,0,0,0,0
1.600001812,0,rate,circle,0.01716729812,-0.001059509465,0.01582311094,0,0,-0,0.018200811,-0.008040170185,0.004395986442,0,0,-0,0.02337112588,0.02037740303,0.8003017601,-0.0005567139015,0.0006717061624,-0.0006744651473,0.09223064913,-0.02895636771,-0.002028747126,0.5988659646,0,0,0,0,0,0,0
1.610004187,0,rate,circle,0.01721446961,-0.0009781841654,0.01572999358,0,0,-0,0.01816108078,-0.007913202047,0.004319028463,0,0,-0,0.02333939816,0.02027554262,0.7988453476,0.0007711873041,-0.0003665626282,-0.0006258099456,0.09226699498,-0.02837903242,-0.002007176192,0.5988128585,0,0,0,0,0,0,0
1.620361567,0,rate,circle,0.01726234704,-0.0008990250062,0.01563800871,0,0,-0,0.0181266088,-0.007831689902,0.004236042034,0,0,-0,0.02330974448,0.02019537981,0.7983449877,-0.0004392681003,-5.830119335e-06,-0.0004066132533,0.09236946641,-0.0283774535,-0.001997270549,0.5987585406,0,0,0,0,0,0,0
1.629990816,0,rate,circle,0.01731095649,-0.0008220352465,0.01554715633,0,0,-0,0.01806667261,-0.00776596833,0.00415828079,0,0,-0,0.02328216113,0.02009990603,0.7976914049,-0.0003955643333,0.001164676854,-0.0003178870829,0.09221671869,-0.02840083769,-0.001989373547,0.5987059314,0,0,0,0,0,0,0
1.640023232,0,rate,circle,0.01739533804,-0.0006477615098,0.01529161632,0,0,-0,0.01801795699,-0.007634135894,0.004004767165,0,0,-0,0.02317004338,0.01997410736,0.7970160999,-0.0005422068643,-0.0007058028714,-0.0003936493013,0.09294751861,-0.02641587083,-0.001951450909,0.5985745186,0,0,0,0,0,0,0
1.649998665,0,rate,circle,0.01743886061,-0.0005641260068,0.01516716182,0,0,-0,0.01793558151,-0.007576019503,0.003995899111,0,0,-0,0.0231187131,0.01987582363,0.7955396913,-0.0002375087497,-0.0007356883143,-1.226689801e-05,0.0924103622,-0.02653288728,-0.001957220602,0.598527259,0,0,0,0,0,0,0
1.660053492,0,rate,circle,0.01748299412,-0.0004827426455,0.01504504681,0,0,-0,0.01787352562,-0.007472954225,0.003964715637,0,0,-0,0.02307036102,0.01977440095,0.7943462381,0.0001647903118,0.0008202926838,-0.000248540513,0.09224268442,-0.02620131656,-0.001949825505,0.5984751799,0,0,0,0,0,0,0
1.669993401,0,rate,circle,0.01754871942,-0.0003040251613,0.01474069059,0,0,-0,0.01776842959,-0.007315608673,0.003917262424,0,0,-0,0.02292025182,0.01961071557,0.7915080213,0.0006694254116,-0.001196810277,-0.0002573040838,0.09215526664,-0.02385485078,-0.001907698613,0.5983530902,0,0,0,0,0,0,0
1.680020332,0,rate,circle,0.01758328825,-0.0002179423464,0.01459303498,0,0,-0,0.01773354039,-0.007214640733,0.003858780488,0,0,-0,0.02285117491,0.01952996883,0.7906342628,0.0001320377341,0.0005888442975,-7.349903171e-06,0.09222445905,-0.02379570657,-0.001914875161,0.5982848385,0,0,0,0,0,0,0
1.689987659,0,rate,circle,0.01761884987,-0.0001338207658,0.0144636929,0,0,-0,0.01765583269,-0.007089512423,0.003785159206,0,0,-0,0.02279561781,0.01939889287,0.7890033436,-9.989323007e-05,0.0003885141632,-0.0006345106522,0.09189707349,-0.02334613936,-0.001900298889,0.5982193782,0,0,0,0,0,0,0
1.700086355,0,rate,circle,0.01765529625,-5.163469905e-05,0.01433634758,0,0,-0,0.01761339791,-0.006978056859,0.003717364743,0,0,-0,0.02274297724,0.01930657567,0.7881078909,-3.908449798e-05,0.0002999602584,0.0007639094838,0.09199515065,-0.02309880578,-0.001926935031,0.5981561162,0,0,0,0,0,0,0
1.709992886,0,rate,circle,0.0177002959,2.778277667e-05,0.01418825984,0,0,-0,0.01756153814,-0.006884481758,0.003637724323,0,0,-0,0.02268497221,0.01921032924,0.7867175326,0.001023806864,-0.0009140914772,0.0003597368486,0.09202395685,-0.02291460206,-0.001943843699,0.5980824241,0,0,0,0,0,0,0
1.720017195,0,rate,circle,0.01779366471,0.0001799327583,0.01389968395,0,0,-0,0.01753103547,-0.006786936894,0.003563372884,0,0,-0,0.02257981607,0.01913367041,0.7870438034,-0.000442265271,-0.0003656020854,-0.001336655114,0.09309191493,-0.02177431206,-0.001881279527,0.5979591074,0,0,0,0,0,0,0
1.730028391,0,rate,circle,0.01784207299,0.0002531823702,0.01375922561,0,0,-0,0.01756955311,-0.006660399958,0.003510464681,0,0,-0,0.02253264208,0.01911474526,0.7878751192,0.0002610566444,0.0003965002543,-0.0002956342942,0.09395387554,-0.02154628642,-0.001878807331,0.5978948656,0,0,0,0,0,0,0
1.740054131,0,rate,circle,0.0178975407,0.0003171714779,0.0135987699,0,0,-0,0.01758236624,-0.006586663891,0.00337178912,0,0,-0,0.02247997117,0.01907597195,0.7888119636,-5.073082502e-05,0.0001255928219,0.0002170888474,0.09445894153,-0.02189390487,-0.001897494671,0.5978016115,0,0,0,0,0,0,0
1.750021696,0,rate,circle,0.01795420796,0.0003794873483,0.01344071329,0,0,-0,0.01759323664,-0.006516588852,0.003316275077,0,0,-0,0.02243101352,0.01905218061,0.789696451,0.0001955155603,0.0002005411079,0.0007700967253,0.09486343477,-0.02212528238,-0.001930142277,0.5977303203,0,0,0,0,0,0,0
1.76035738,0,rate,circle,0.0180708617,0.0004988152068,0.01315508783,0,0,-0,0.01756041124,-0.006423478015,0.003223369131,0,0,-0,0.02235757578,0.01897417248,0.7906822786,4.625429574e-05,5.524987137e-05,0.0001412029524,0.09561607214,-0.02134232808,-0.001937638397,0.5976033801,0,0,0,0,0,0,0
1.770026922,0,rate,circle,0.01813184097,0.0005438128137,0.01299129426,0,0,-0,0.01755176298,-0.006402313244,0.003180860076,0,0,-0,0.02231217417,0.01895183024,0.7918338147,-0.0002977423719,0.0002412241593,0.001130606164,0.09568395508,-0.02219668365,-0.001986588406,0.5975332646,0,0,0,0,0,0,0
1.780076504,0,rate,circle,0.01825676858,0.0006288534496,0.01267230511,0,0,-0,0.01753024943,-0.006320543587,0.003076802008,0,0,-0,0.02223268703,0.01888718155,0.7931802393,0.0004370616516,-0.0006608573021,0.000870982476,0.09653301454,-0.0217055297,-0.002045802035,0.5973914467,0,0,0,0,0,0,0
1.78998971,0,rate,circle,0.01832078956,0.0006691103335,0.01251673698,0,0,-0,0.01749941148,-0.006290319376,0.002985521918,0,0,-0,0.02219837254,0.01883376917,0.7938975273,-5.519996921e-05,0.000139768701,-0.0002164389007,0.09628702797,-0.02227772739,-0.002053024303,0.5973119595,0,0,0,0,0,0,0
1.800071239,0,rate,circle,0.01839082316,0.0006960086757,0.01234865189,0,0,-0,0.01747504249,-0.006296293344,0.002932478441,0,0,-0,0.02216294222,0.01880478263,0.794836667,0.0005684960051,0.0006632304285,-0.0002993361268,0.09617841535,-0.02325897396,-0.002061750265,0.597237654,0,0,0,0,0,0,0
1.810002804,0,rate,circle,0.0184617918,0.0007214663201,0.01220537722,0,0,-0,0.01750855334,-0.006268913392,0.00289334543,0,0,-0,0.02214338509,0.01882073758,0.7964796002,0.0008653457626,-0.0006316656945,0.001059198752,0.09675739158,-0.02365431022,-0.002101598486,0.5971759013,0,0,0,0,0,0,0
1.820016861,0,rate,circle,0.01853415743,0.0007455067243,0.01206438243,0,0,-0,0.01755791903,-0.006263499614,0.00283478247,0,0,-0,0.02212736078,0.01885597888,0.7990827821,-2.851190948e-05,0.0006372692878,0.0007688672049,0.09745414259,-0.02425275499,-0.002134391787,0.5971099618,0,0,0,0,0,0,0
1.830039263,0,rate,circle,0.01860761456,0.0007681833813,0.01192572713,0,0,-0,0.01757524721,-0.006254431326,0.002802970121,0,0,-0,0.02211461944,0.01886435441,0.8012802864,-0.000629321381,1.553175935e-05,-0.0004829490499,0.09777528453,-0.02460892658,-0.002130138988,0.5970516277,0,0,0,0,0,0,0
1.840042591,0,rate,circle,0.01876363903,0.0007987752906,0.0116250962,0,0,-0,0.01764863729,-0.006154752802,0.002639239421,0,0,-0,0.02208744108,0.01887646591,0.8058225169,-6.643074448e-05,-0.0003965160868,-0.0008145052707,0.09987523452,-0.02396267054,-0.002071135349,0.59690122,0,0,0,0,0,0,0
1.850024223,0,rate,circle,0.01884333417,0.0008126986213,0.01147833467,0,0,-0,0.0176410079,-0.006149543915,0.002558294451,0,0,-0,0.0220790373,0.01885648219,0.8074491174,0.0002337061014,0.0002639716549,-0.0003257341159,0.09960713585,-0.02445512631,-0.002071431713,0.5968275403,0,0,0,0,0,0,0
1.860270977,0,rate,circle,0.01892372034,0.0008254654822,0.01133365929,0,0,-0,0.01766885817,-0.006108174101,0.002467647661,0,0,-0,0.02207352301,0.01885703118,0.8094628597,0.0005951506319,0.0001063124946,-0.0003777014208,0.09982378167,-0.02450289115,-0.002064839302,0.5967521825,0,0,0,0,0,0,0
1.870017767,0,rate,circle,0.01912076585,0.0008512703935,0.0110476613,0,0,-0,0.0176795125,-0.006135465577,0.002242764225,0,0,-0,0.02209930244,0.01884778744,0.8136953246,0.001079541049,0.0004483866214,0.0005510673509,0.1014021587,-0.02525323936,-0.002092630593,0.5965916414,0,0,0,0,0,0,0
1.88000083,0,rate,circle,0.01922023296,0.0008620363078,0.01091350615,0,0,-0,0.01774697751,-0.006130483001,0.002192111453,0,0,-0,0.0221193372,0.01890352838,0.8176892266,-0.0007393163396,0.000715833914,-0.0001256064425,0.1020800454,-0.02559918972,-0.002098144627,0.5965301187,0,0,0,0,0,0,0
1.890015841,0,rate,circle,0.01932051778,0.0008716247976,0.01078133285,0,0,-0,0.0177831091,-0.00614975905,0.00212715799,0,0,-0,0.0221422509,0.01893629601,0.8210555907,-0.0004150941095,0.0005313339061,0.0001410105469,0.1023518424,-0.02609321372,-0.002112929338,0.5964657112,0,0,0,0,0,0,0
1.900090456,0,rate,circle,0.01943348534,0.0008771283319,0.01064647734,0,0,-0,0.01782840863,-0.006104360335,0.002062683227,0,0,-0,0.02217604984,0.01895705756,0.8249804339,-0.0008454753552,0.001149777672,0.0006576700252,0.102993809,-0.02593623758,-0.002133551802,0.5964004183,0,0,0,0,0,0,0
1.909992695,0,rate,circle,0.01966174692,0.0008861561073,0.01038318872,0,0,-0,0.01792369038,-0.005995634943,0.002003175439,0,0,-0,0.02225264417,0.01900576299,0.8318752237,-0.0007758632419,0.0001916765614,-0.0002110351052,0.1056958905,-0.02532769385,-0.002120405966,0.5962899159,0,0,0,0,0,0,0
1.920022011,0,rate,circle,0.01977651007,0.0008893076447,0.01025477052,0,0,-0,0.01798738539,-0.005984501913,0.001956200227,0,0,-0,0.02229487693,0.01905746614,0.8365428648,-0.001569004613,0.0005167713971,-0.000111986039,0.1060713231,-0.02570210309,-0.00212642301,0.596231342,0,0,0,0,0,0,0
1.929997683,0,rate,circle,0.01991166361,0.0009031052468,0.01013281941,0,0,-0,0.01814747602,-0.005948161706,0.001955292653,0,0,-0,0.02235987424,0.01919725717,0.8425862154,-6.702489918e-05,-6.636527814e-06,-0.0003430709476,0.1077132909,-0.02569781389,-0.002121117096,0.5961868924,0,0,0,0,0,0,0
1.940143347,0,rate,circle,0.02004757337,0.0009159063338,0.01001279056,0,0,-0,0.01822727546,-0.005899958778,0.001879841089,0,0,-0,0.02242766277,0.01925037368,0.8472928918,-0.0003914688423,-0.0006697774515,0.0002196500864,0.1083329066,-0.02545790457,-0.002132024976,0.5961242319,0,0,0,0,0,0,0
1.950000048,0,rate,circle,0.02031957358,0.0009382627904,0.009778022766,0,0,-0,0.01830532588,-0.005874717142,0.00181666296,0,0,-0,0.02256934064,0.01931055466,0.8554502268,0.0003376052191,-0.0001375150605,2.708521242e-05,0.1108211577,-0.02555456263,-0.002132513812,0.596023058,0,0,0,0,0,0,0
1.960016012,0,rate,circle,0.02045615204,0.0009474362596,0.009663358331,0,0,-0,0.01839254238,-0.005910025444,0.001779659302,0,0,-0,0.0226435926,0.01940054646,0.8602178049,0.0006521273172,0.0003946057404,0.0004367355141,0.1110325555,-0.02628054378,-0.002159984613,0.5959721271,0,0,0,0,0,0,0
1.969990492,0,rate,circle,0.0206079036,0.000980952871,0.00952231884,0,0,-0,0.01843302138,-0.005828715861,0.001758494182,0,0,-0,0.02272273125,0.01941243178,0.8645207813,-0.0004781964235,-3.706848292e-05,-0.0001670688216,0.1112803378,-0.02528889383,-0.002149375392,0.5959156112,0,0,0,0,0,0,0
1.980002165,0,rate,circle,0.02091115899,0.001044728095,0.009246975183,0,0,-0,0.01853499748,-0.005703276489,0.001608536579,0,0,-0,0.02288830656,0.01945921078,0.8733825098,6.392982323e-05,-0.0001689073542,-0.001194320852,0.11435484,-0.02392096662,-0.002109246585,0.5957777647,0,0,0,0,0,0,0
1.990017414,0,rate,circle,0.02106298134,0.001074802713,0.009093165398,0,0,-0,0.01864864677,-0.00566665316,0.001533228089,0,0,-0,0.02296715134,0.0195507998,0.8791577969,-0.0003225038236,-0.0003116146836,4.29801039e-05,0.1149319746,-0.02394232875,-0.002120510214,0.5957028879,0,0,0,0,0,0,0
2.000177383,0,rate,circle,0.02120800689,0.001117637381,0.008901774883,0,0,-0,0.01878104173,-0.005651828833,0.001460609958,0,0,-0,0.02302759791,0.01966733533,0.8845614504,0.001000221353,-0.0005187142524,0.0005512634525,0.1155522183,-0.02399548931,-0.002146716716,0.595615176,0,0,0,0,0,0,0
2.009999752,0,rate,circle,0.02135356516,0.001159229549,0.008713856339,0,0,-0,0.01884899475,-0.005531556904,0.001390937483,0,0,-0,0.02309220324,0.01969308081,0.8889701475,0.0002446183062,0.0004585266579,6.525371282e-05,0.1157713753,-0.02289029471,-0.002145440051,0.59552942,0,0,0,0,0,0,0
2.020014524,0,rate,circle,0.02149977908,0.001199650345,0.00852933526,0,0,-0,0.01896329783,-0.005499246996,0.00134810491,0,0,-0,0.02316094172,0.01979054746,0.8945954391,1.636723755e-05,0.000685263949,0.0003079739399,1.622070922,-0.3843757693,-0.06515738795,0.5954516618,0,0,0,1,0,0,0
2.030014277,0.009999752045,rate,circle,0.02164647356,0.001238706056,0.008348375559,0,0,-6.651522351e-05,0.01902420074,-0.005429196171,0.001315095811,0,0,-0.01328856049,0.02325757075,0.02458989959,0.8943126177,6.698006473e-05,0.001007397077,0.0003665913246,1.243169694,-0.2931686227,-0.04946596581,0.5987711472,0,0,0,1,0,0,0
2.040137768,0.02012324333,rate,circle,0.02192033827,0.001333540305,0.007930278778,0,0,-0.0002687560511,0.01920122281,-0.005266522523,0.001048986916,0,0,-0.02665101559,0.02344149594,0.03411324311,0.8982532206,0.0008073923527,-0.0003046621569,-0.000370332913,0.961971704,-0.2232651553,-0.03770348736,0.6020136091,0,0,0,1,0,0,0
2.050040245,0.0300257206,rate,circle,0.02205831558,0.001378893619,0.007729008794,0,0,-0.0005970189678,0.01926887408,-0.005261240993,0.0009884070605,0,0,-0.03963360795,0.02361764958,0.04526718755,0.8975307941,0.0007343403413,-0.000742600474,0.000461471529,0.7481043538,-0.1726034929,-0.0288628297,0.6053360517,0,0,0,1,0,0,0
2.0600667,0.04005217552,rate,circle,0.02219747007,0.001422606525,0.007531508803,0,0,-0.001059932544,0.01938790828,-0.005293034017,0.000939546444,0,0,-0.05268993325,0.02384458746,0.05727153122,0.8981228365,-2.822926217e-05,-0.0003216099285,-0.0001162435219,0.5881758375,-0.135024675,-0.02221583608,0.608730225,0,0,0,1,0,0,0
2.07002449,0.0500099659,rate,circle,0.02247581445,0.001501921099,0.00707770884,0,0,-0.001648801532,0.01942444593,-0.005357970484,0.0007618040545,0,0,-0.06556840044,0.02415719324,0.0693232499,0.9003201377,0.0001068169295,4.202231594e-06,-6.841946015e-05,0.4692660937,-0.1067823008,-0.01723963524,0.6119994323,0,0,0,1,0,0,0
2.080147266,0.06013274193,rate,circle,0.0226156991,0.001538938843,0.006856635213,0,0,-0.002378418244,0.0194985643,-0.005328299943,0.0006526983343,0,0,-0.07856990184,0.0244770176,0.08176065783,0.899979028,-6.134732303e-06,0.000386728876,5.978248373e-05,0.3787059186,-0.08506536841,-0.01349826591,0.6154524977,0,0,0,1,0,0,0
2.089989424,0.06997489929,rate,circle,0.02275613323,0.001574683352,0.006639584899,0,0,-0.003213564183,0.01951907761,-0.005285645369,0.0006213109009,0,0,-0.09112364949,0.02484765128,0.09394716704,0.8989309535,-0.0005128742196,-0.0002102933795,0.0002929342445,0.3103348563,-0.06852049995,-0.01069903302,0.6188514006,0,0,0,1,0,0,0
2.100028276,0.08001375198,rate,circle,0.02289566211,0.001623296412,0.006399780512,0,0,-0.004192242696,0.01954952255,-0.005192275159,0.000526041491,0,0,-0.1038395802,0.02527918888,0.1063076975,0.8975273046,9.489839431e-05,-0.0005232308758,8.76473714e-05,0.2591219669,-0.05539826171,-0.008591420761,0.6223190353,0,0,0,1,0,0,0
2.109985113,0.08997058868,rate,circle,0.02317656018,0.001716958825,0.005912572145,0,0,-0.005288577065,0.01969384216,-0.005040074233,0.0003531200637,0,0,-0.1163631374,0.02579857812,0.1184733495,0.9021204589,-0.000978355878,0.0002788466227,-0.0007154657505,0.2238760779,-0.04465669305,-0.006964542491,0.6256710263,0,0,0,1,0,0,0
2.120293617,0.1002790928,rate,circle,0.02331793867,0.001762141008,0.005665719509,0,0,-0.006554538941,0.01973877288,-0.004966008943,0.0002110357746,0,0,-0.1292361697,0.02638496014,0.131037626,0.9010646707,-0.0003050690866,-0.0005265430082,-0.0008161573205,0.1944978092,-0.0375471439,-0.00575996602,0.6292680946,0,0,0,1,0,0,0
2.129996538,0.1099820137,rate,circle,0.0234534014,0.001822638791,0.005406722426,0,0,-0.007866940417,0.01978844404,-0.004858664237,0.0001050512219,0,0,-0.1412666657,0.02701063077,0.1428325995,0.9003302742,-0.000672914146,-0.0005973167717,-0.0001258773555,0.1726311383,-0.03156412862,-0.0048649069,0.6326730898,0,0,0,1,0,0,0
2.140026808,0.1200122833,rate,circle,0.02372600138,0.001939960057,0.004902467132,0,0,-0.009345886811,0.01986952312,-0.004690345842,-0.0001094177787,0,0,-0.1536150675,0.02774350693,0.1548572949,0.9032488838,-8.760208584e-05,7.172938058e-05,0.0005395383923,0.158342592,-0.02601459407,-0.00418753978,0.6361026034,0,0,0,1,0,0,0
2.150036097,0.1300215721,rate,circle,0.02386342362,0.001996629406,0.004657223821,0,0,-0.0109447626,0.0199370794,-0.004608375952,-0.0001643647265,0,0,-0.1658484921,0.02858096388,0.1669429672,0.9023721095,0.0003804916341,0.00105428393,-0.000189946295,0.1456148977,-0.02310598733,-0.003690121049,0.6396807931,0,0,0,1,0,0,0
2.160211086,0.1401965618,rate,circle,0.02399208769,0.002066432033,0.004407793283,0,0,-0.01269515077,0.01995523833,-0.004543166608,-0.0002470962354,0,0,-0.1781931598,0.02953643696,0.179119104,0.9002689137,0.0002369120775,-0.0007924642996,-0.001051144791,0.1354458382,-0.02071580556,-0.003294142907,0.6433335325,0,0,0,1,0,0,0
2.170006275,0.1499917507,rate,circle,0.02412141673,0.00213472778,0.004164934158,0,0,-0.01449843268,0.02000669017,-0.004420905374,-0.0002863107657,0,0,-0.1899901008,0.03057320836,0.1908070754,0.8989121771,0.0002215072309,-6.575352018e-05,-0.0004686136963,0.1282229141,-0.01833305269,-0.003002381687,0.6468799605,0,0,0,1,0,0,0
2.180009127,0.1599946022,rate,circle,0.02425156347,0.002201919444,0.003926768899,0,0,-0.01645876175,0.02007746138,-0.004331578966,-0.0003260169178,0,0,-0.2019491262,0.03175778078,0.2026665863,0.8979857181,0.0001928921993,0.00151066645,4.015361992e-05,0.1228833847,-0.01690361593,-0.002800723425,0.6505259155,0,0,0,1,0,0,0
2.190003157,0.1699886322,rate,circle,0.02452176251,0.002332830569,0.003457650542,0,0,-0.0185363842,0.02015400678,-0.004163520411,-0.0004837524903,0,0,-0.2138087829,0.03302266645,0.2143153926,0.9011105024,-0.0008862258401,0.0005535110249,-0.0008425542619,0.1209418443,-0.01436169095,-0.002604253425,0.6540753865,0,0,0,1,0,0,0
2.200145006,0.1801304817,rate,circle,0.02466155589,0.002396514639,0.003226533532,0,0,-0.02076544666,0.02022551931,-0.004111258779,-0.0005180634907,0,0,-0.225753091,0.03448986423,0.2261786721,0.8996489076,0.001602526405,0.0003753374913,0.0005813846365,0.1174666505,-0.01405348906,-0.002520064989,0.6578189915,0,0,0,1,0,0,0
2.210004568,0.1899900436,rate,circle,0.02480237931,0.0024589682,0.002999618649,0,0,-0.02304815604,0.02033877932,-0.004009058233,-0.0006151375128,0,0,-0.2372772952,0.03605122897,0.2375683383,0.8996615669,0.000129076172,0.0004494458553,6.222101365e-05,0.1154315364,-0.01333465119,-0.002442812118,0.6614609986,0,0,0,1,0,0,0
2.220014572,0.2000000477,rate,circle,0.02494410239,0.002520264126,0.002776652575,0,0,-0.02548149335,0.02039208449,-0.003918714821,-0.0006540375762,0,0,-0.248888944,0.03777674928,0.2491019113,0.8985111436,0.000142963996,-0.0008135929238,0.0006675006589,0.1132915202,-0.01272905854,-0.002406085559,0.6651959429,0,0,0,1,0,0,0
2.230015039,0.210000515,rate,circle,0.02524534799,0.002657534787,0.002320796251,0,0,-0.0280281341,0.02058598772,-0.00374604878,-0.0008553566295,0,0,-0.2604005905,0.03956573846,0.2603872965,0.9026902952,5.026826329e-05,-0.0006749996101,3.246107008e-05,0.1150122258,-0.01084905565,-0.002378864684,0.6688210672,0,0,0,1,0,0,0
2.24007225,0.2200577259,rate,circle,0.02540473081,0.002733314876,0.00208760798,0,0,-0.03070487827,0.02064792253,-0.003623212921,-0.0009602120263,0,0,-0.2718879,0.04157184759,0.2717375139,0.9022258259,-0.0002391443704,-0.0005571582005,0.0006875864929,0.1134357515,-0.01019707988,-0.002371223768,0.6725921833,0,0,0,1,0,0,0
2.250017643,0.2300031185,rate,circle,0.02556453459,0.00280789216,0.001858443022,0,0,-0.03346503118,0.02070869692,-0.00355227408,-0.001048439881,0,0,-0.283159076,0.04369413595,0.2828919932,0.9019377234,-0.0003664414689,0.0003616615722,9.955290443e-05,0.1122209375,-0.01012699494,-0.002362000622,0.676344355,0,0,0,1,0,0,0
2.26003933,0.2400248051,rate,circle,0.02572481148,0.002880659886,0.001633107662,0,0,-0.03635930296,0.02077586763,-0.00353084458,-0.001136498526,0,0,-0.2944277814,0.04597268093,0.2940474114,0.9015747682,-0.0002235925203,-0.001399103669,0.0005632550456,0.1112863913,-0.01038744646,-0.002377731413,0.680145937,0,0,0,1,0,0,0
2.270037174,0.2500226498,rate,circle,0.02590520307,0.002953330986,0.001387149096,0,0,-0.0393587729,0.02086227946,-0.003430292243,-0.001233914983,0,0,-0.3055807217,0.0483738759,0.3050802852,0.9018164239,2.896868136e-05,-0.0006181085482,-0.0001942361705,0.1110461711,-0.009884892953,-0.002365765659,0.6839464435,0,0,0,1,0,0,0
2.280150175,0.2601356506,rate,circle,0.0262663886,0.003094072221,0.0009078979492,0,0,-0.04250577496,0.02101252228,-0.003354445565,-0.001395951957,0,0,-0.3167717312,0.05083545464,0.3160928037,0.9062870819,0.001170166419,7.650387124e-05,-0.0003010836954,0.1134731483,-0.009173267252,-0.002368848374,0.6877092111,0,0,0,1,0,0,0
2.290015936,0.2700014114,rate,circle,0.02644740231,0.003162116511,0.0006529092789,0,0,-0.04568446239,0.02111425251,-0.003269515466,-0.001433907775,0,0,-0.3276015432,0.05344732063,0.326866682,0.906531977,0.0007479847991,-0.000505717413,0.0001753224205,0.1129363426,-0.008985265359,-0.002376958101,0.6915045561,0,0,0,1,0,0,0
2.300372124,0.2803575993,rate,circle,0.02664022893,0.003221296938,0.0003884136677,0,0,-0.04913563123,0.02117052674,-0.003256292781,-0.001499559963,0,0,-0.3388766286,0.05632681044,0.3380563283,0.9063758889,9.796965605e-05,-0.0001026906684,-0.0004332410754,0.1120941536,-0.009517774482,-0.002378898628,0.695500968,0,0,0,1,0,0,0
2.309997797,0.2899832726,rate,circle,0.02702593245,0.003335052636,-0.0001257956028,0,0,-0.05244763892,0.02138485759,-0.003189666662,-0.001623937162,0,0,-0.3492708975,0.05898388669,0.3483186689,0.9140679112,-0.001004228136,0.0001812468981,-0.0006376400124,0.1155911631,-0.009190089741,-0.002356974332,0.6991180432,0,0,0,1,0,0,0
2.320043087,0.3000285625,rate,circle,0.02721938305,0.003389733145,-0.0003758519888,0,0,-0.05601028295,0.02150633372,-0.003161076223,-0.001729824464,0,0,-0.3600304664,0.06202882405,0.3589594194,0.9153904745,-0.0006737523363,-0.0003774988581,-0.0008422800456,0.115005383,-0.00952706352,-0.002346130985,0.7030190707,0,0,0,1,0,0,0
2.330002308,0.3099877834,rate,circle,0.02743242495,0.003438211512,-0.0006327927113,0,0,-0.05964865753,0.0216034241,-0.003108229255,-0.001871204702,0,0,-0.3706092997,0.06517078746,0.3693834752,0.9169787666,-0.001123745111,4.279314453e-05,-0.0002024676942,0.1146721139,-0.009615505101,-0.002349429533,0.706890166,0,0,0,1,0,0,0
2.340070009,0.3200554848,rate,circle,0.02764550038,0.00348582468,-0.0008854269981,0,0,-0.06343329809,0.02173994109,-0.003006650601,-0.001961474307,0,0,-0.3812137515,0.06847379676,0.3798867657,0.918474315,0.0003049341612,-0.0002425931743,0.000491396233,0.1147233444,-0.00925753682,-0.002365586675,0.710835376,0,0,0,1,0,0,0
2.350007057,0.3299925327,rate,circle,0.02807291225,0.003577738535,-0.001387670636,0,0,-0.06727307585,0.0220468808,-0.00293082837,-0.00210023229,0,0,-0.391592234,0.07170617292,0.3901264848,0.9270119242,0.0007017832249,-0.0001440279884,-3.258622746e-05,0.1187411333,-0.009051873015,-0.002380110116,0.714640476,0,0,0,1,0,0,0
2.360037804,0.3400232792,rate,circle,0.02829907648,0.003631985048,-0.001650094986,0,0,-0.07125320933,0.02218193002,-0.002868381329,-0.00217576162,0,0,-0.4019795587,0.07522381652,0.4004289473,0.9284530736,0.0008528704639,0.0005797473714,0.0005626940983,0.1181177148,-0.009038806674,-0.002402470935,0.7186016724,0,0,0,1,0,0,0
2.370012999,0.3499984741,rate,circle,0.02852534503,0.00368507579,-0.001907780766,0,0,-0.07531418581,0.02233720012,-0.002797937253,-0.002270103199,0,0,-0.4122206624,0.07884018896,0.4105681916,0.9307206598,-5.803336535e-05,0.002050179988,-8.228941442e-05,0.1179355796,-0.009033574616,-0.002405697326,0.7225519134,0,0,0,1,0,0,0
2.380066633,0.3600521088,rate,circle,0.02875182033,0.003737127408,-0.002160906792,0,0,-0.07951001212,0.02245186083,-0.002747870283,-0.002369398484,0,0,-0.4224528023,0.08260458455,0.4206919337,0.9321945712,-4.727525447e-05,0.0002875516366,-0.0005972970976,0.1174601736,-0.00906595488,-0.002397024958,0.7265491445,0,0,0,1,0,0,0
2.390030861,0.3700163364,rate,circle,0.02897813171,0.003787835594,-0.002409502864,0,0,-0.08376958398,0.02257006429,-0.002737528179,-0.002435171977,0,0,-0.4325052978,0.08644965365,0.4306706572,0.9337574053,-0.000114812472,0.0003100609756,-0.0004569083394,0.1171543506,-0.009405527026,-0.002395844584,0.7305340444,0,0,0,1,0,0,0
2.400034189,0.3800196648,rate,circle,0.02943254821,0.003905794118,-0.002907931805,0,0,-0.08814618311,0.02259291895,-0.002712158253,-0.002711619716,0,0,-0.4425084661,0.09026122982,0.440385129,0.9383052013,0.0007738867425,0.0002351392613,4.410897236e-05,0.1187163735,-0.008987713748,-0.002395964644,0.7344048991,0,0,0,1,0,0,0
2.410037994,0.3900234699,rate,circle,0.02965691686,0.003962439019,-0.003146439791,0,0,-0.09262261807,0.02225946821,-0.002670157701,-0.003064682242,0,0,-0.4524231567,0.09434627772,0.4499173838,0.9316968937,0.002883533249,-0.0002450139436,-0.0001557707292,0.1143725582,-0.008531517608,-0.002395577801,0.7383645762,0,0,0,1,0,0,0
2.420070648,0.4000561237,rate,circle,0.02987687476,0.004017319996,-0.003383502364,0,0,-0.09721112836,0.02169707231,-0.00272449106,-0.003528310452,0,0,-0.4622770974,0.09855145816,0.459269676,0.920730982,0.005012494978,0.0007683750009,-0.0002452639164,0.1088180086,-0.008804810133,-0.002401737097,0.7423221484,0,0,0,1,0,0,0
2.430022955,0.4100084305,rate,circle,0.03031742759,0.004138533957,-0.003859952092,0,0,-0.101860127,0.01993864588,-0.002859572414,-0.004913556855,0,0,-0.4719637237,0.1026660029,0.4674843154,0.8884141715,0.01387082785,0.0008066404262,-0.0002884957648,0.09594049148,-0.008229340123,-0.002388094447,0.7459405922,0,0,0,1,0,0,0
2.440029621,0.4200150967,rate,circle,0.03052414954,0.004195530899,-0.00410091877,0,0,-0.1066312707,0.01882173866,-0.002857485553,-0.005843857769,0,0,-0.4816144927,0.1070597928,0.4761513626,0.8626681358,0.01996796578,0.001119842404,0.001066864701,0.08840749946,-0.007571062219,-0.002419088353,0.7497944336,0,0,0,1,0,0,0
2.450039864,0.4300253391,rate,circle,0.0307207033,0.004251870792,-0.004345715046,0,0,-0.1115002976,0.01758023538,-0.002635216806,-0.006952856667,0,0,-0.4911796556,0.1115524297,0.4845529918,0.8322714541,0.0261357259,-0.0003536026343,0.002558186185,0.08081313885,-0.005041053475,-0.002469580283,0.7536158458,0,0,0,1,0,0,0
2.460051298,0.4400367737,rate,circle,0.03090657294,0.004304038361,-0.004599794745,0,0,-0.1164652252,0.01632576808,-0.0023437934,-0.00833331421,0,0,-0.5006568706,0.1161361939,0.4925997445,0.7977029461,0.03508942574,-0.001396317151,0.005065595265,0.07367933306,-0.00239094465,-0.002591650672,0.7573781668,0,0,0,1,0,0,0
2.470014095,0.4499995708,rate,circle,0.031251017,0.004411925562,-0.00514960289,0,0,-0.1214997811,0.01453787833,-0.00159426278,-0.01262671314,0,0,-0.5099995995,0.1205547806,0.4975878612,0.725242246,0.06374777853,-0.0003579603217,0.01067363657,0.06131200838,0.004347926384,-0.003056294453,0.7602917486,0,0,0,1,0,0,0
2.480037451,0.4600229263,rate,circle,0.03141387179,0.00446745567,-0.005452230573,0,0,-0.1266584242,0.01411335543,-0.001326465397,-0.01549250074,0,0,-0.5193100828,0.1252905857,0.5040169663,0.6810518497,0.08399295807,-0.003362624208,0.011469258,0.05990629325,0.004534639126,-0.003391531677,0.7636909679,0,0,0,1,0,0,0
2.490024328,0.4700098038,rate,circle,0.03157204762,0.004523810465,-0.005775853992,0,0,-0.1318906627,0.01373069454,-0.001115806284,-0.01894806512,0,0,-0.5284978647,0.1300853721,0.5097359859,0.629454191,0.1020307541,-0.004965069238,0.01163611282,0.05684061299,0.004471126901,-0.003735590806,0.7669294208,0,0,0,1,0,0,0
2.500102043,0.4800875187,rate,circle,0.03171851858,0.004575908184,-0.006129562855,0,0,-0.1372630535,0.01361094695,-0.001143969246,-0.0229238458,0,0,-0.5376793469,0.1349925766,0.5149366878,0.5730976154,0.1202435493,-0.01229638234,0.01148419362,0.05379958601,0.002852900891,-0.004092107723,0.7700749416,0,0,0,1,0,0,0
2.509997845,0.4899833202,rate,circle,0.03186321259,0.004626221023,-0.00651319325,0,0,-0.1426280678,0.0134250829,-0.001197910169,-0.02747442946,0,0,-0.5466072474,0.1398711025,0.5193077609,0.5085245654,0.1366523951,-0.01854769513,0.009968010709,0.04840304284,0.002004912261,-0.004397744598,0.772997064,0,0,0,1,0,0,0
2.520226717,0.5002121925,rate,circle,0.03214389831,0.004721215926,-0.007388398051,0,0,-0.1482660529,0.01271198597,-0.001302721794,-0.0381206423,0,0,-0.5557441511,0.1445753565,0.5177812169,0.3696557997,0.1515272856,-0.02102234028,0.01106507145,0.03152235689,0.003313416024,-0.005022138601,0.7743530151,0,0,0,1,0,0,0
2.530004978,0.5099904537,rate,circle,0.0322762765,0.004765970632,-0.007910460234,0,0,-0.1537426121,0.0122899767,-0.001350689097,-0.04412603006,0,0,-0.5643915992,0.1494372411,0.5204124618,0.296589346,0.1547064185,-0.01950610057,0.01020923164,0.0225809415,0.003487439625,-0.005320381,0.7768224759,0,0,0,1,0,0,0
2.540053368,0.5200388432,rate,circle,0.03252637386,0.004851092584,-0.009094491601,0,0,-0.1594581157,0.01098349504,-0.001405475428,-0.05737494677,0,0,-0.5731893916,0.1539178922,0.5159332845,0.1583379476,0.1590037644,-0.01607894339,0.009759549052,-0.0001064282777,0.005613104772,-0.005892375713,0.7773403861,0,0,0,1,0,0,0
2.550030947,0.5300164223,rate,circle,0.03264196217,0.00489144912,-0.009762734175,0,0,-0.1652203698,0.01011511497,-0.001399131143,-0.06463397294,0,0,-0.5818363817,0.1589229387,0.5173032039,0.1108553763,0.1604400575,-0.01696623117,0.009193612263,-0.01206286386,0.006650892227,-0.006155002369,0.779537125,0,0,0,1,0,0,0
2.560195684,0.54018116,rate,circle,0.03272999078,0.004946987145,-0.01051019132,0,0,-0.1711789709,0.00909848325,-0.001330569154,-0.07227393985,0,0,-0.5905545753,0.1640432312,0.5183621995,0.1212553778,0.1604530215,-0.01762250252,0.009394895285,-0.0248407551,0.008517570043,-0.006421611453,0.7816955831,0,0,0,1,0,0,0
2.569995642,0.5499811172,rate,circle,0.03280935809,0.005001746584,-0.01131527126,0,0,-0.17700721,0.007953003049,-0.001231252099,-0.08017814159,0,0,-0.5988729433,0.1689831057,0.5187572299,0.1827901898,0.160567537,-0.01854033023,0.009349248372,-0.03827069784,0.01071677484,-0.006689468068,0.783615385,0,0,0,1,0,0,0
2.580029011,0.5600144863,rate,circle,0.03287934884,0.005055562593,-0.01218037307,0,0,-0.1830582789,0.006732866168,-0.001190582407,-0.08841364831,0,0,-0.6073009929,0.1740858093,0.51893239,0.2610110817,0.1565912664,-0.01947842538,0.008711209521,-0.0513691914,0.01234954429,-0.006938667831,0.7855358913,0,0,0,1,0,0,0
2.590005636,0.5699911118,rate,circle,0.03295732662,0.005175999366,-0.01413166523,0,0,-0.1891585284,0.003924285993,-0.0009971807012,-0.105742909,0,0,-0.6155926523,0.1781779425,0.5098658207,0.4272422501,0.1454581022,-0.01883474737,0.008424177766,-0.08273081426,0.01814563489,-0.007448064332,0.7847279201,0,0,0,1,0,0,0
2.600017309,0.5800027847,rate,circle,0.03296437487,0.005242619663,-0.01522120833,0,0,-0.1953629224,0.002371905372,-0.0009137023007,-0.1146698594,0,0,-0.6238244995,0.1832080026,0.5091609847,0.5114758835,0.1377222687,-0.0174569618,0.007160224952,-0.09464486461,0.01976888112,-0.007657312449,0.7863916485,0,0,0,1,0,0,0
2.610019445,0.590004921,rate,circle,0.03295912221,0.005308251362,-0.01637855172,0,0,-0.201643258,0.000677500444,-0.00082543178,-0.123927027,0,0,-0.6319595361,0.1882484865,0.5080336314,0.5950865935,0.130533427,-0.01544871088,0.007445298601,-0.1069302415,0.02140956159,-0.007874770492,0.7879482316,0,0,0,1,0,0,0
2.620023012,0.6000084877,rate,circle,0.03294087946,0.005372983404,-0.0176064074,0,0,-0.2080054322,-0.001069282764,-0.0007413222338,-0.1334477216,0,0,-0.6400067901,0.1933022481,0.5065607395,0.6756490084,0.1216278449,-0.01339646894,0.005778340623,-0.1186713484,0.02289567864,-0.00804629915,0.7894186221,0,0,0,1,0,0,0
2.630005598,0.6099910736,rate,circle,0.0327780284,0.005513890646,-0.02039732039,0,0,-0.214434068,-0.0048898682,-0.0006999258185,-0.1533428282,0,0,-0.6479484938,0.1968630528,0.4946303318,0.8262236697,0.09973501414,-0.01219066046,0.005421379115,-0.1512347299,0.02727451268,-0.008388330903,0.7876714902,0,0,0,1,0,0,0
2.64000535,0.6199908257,rate,circle,0.03267545998,0.005582186393,-0.02190478146,0,0,-0.2209527981,-0.006918418687,-0.0006563396892,-0.163533926,0,0,-0.6558150458,0.2017893937,0.4923301699,0.8967725003,0.08723446727,-0.009699482471,0.004539700225,-0.1599478284,0.02807488258,-0.008520126669,0.7888790305,0,0,0,1,0,0,0
2.650009871,0.6299953461,rate,circle,0.03255786747,0.005649159197,-0.02347904444,0,0,-0.2275529117,-0.009048567154,-0.0006190806744,-0.1738809943,0,0,-0.663596401,0.206731882,0.4897993868,0.9625989677,0.07332767546,-0.007191477343,0.005218857434,-0.1687247686,0.02885384986,-0.008671590009,0.7900306278,0,0,0,1,0,0,0
2.660308838,0.6402943134,rate,circle,0.0323956348,0.00572093809,-0.0252033323,0,0,-0.234428121,-0.01125932205,-0.0005710850819,-0.184518382,0,0,-0.6715138367,0.2117952277,0.4871259297,1.024295238,0.06034472585,-0.004547832534,0.005209341645,-0.1771588891,0.02971251149,-0.008825382904,0.7911884273,0,0,0,1,0,0,0
2.67001152,0.6499969959,rate,circle,0.03202687949,0.005858792923,-0.02888958156,0,0,-0.2409794421,-0.01566927694,-0.000469778548,-0.2061116695,0,0,-0.6788866191,0.2145743586,0.4730347766,1.129520377,0.03603351861,-0.0005859834491,0.004213042092,-0.2060194158,0.03396930778,-0.009095052111,0.7885878494,0,0,0,1,0,0,0
2.680025101,0.6600105762,rate,circle,0.03181905299,0.005926125683,-0.03085304797,0,0,-0.2478152596,-0.01791216061,-0.0004004902439,-0.2169620544,0,0,-0.6864078969,0.2193631062,0.4697876168,1.175245022,0.02328970283,0.001133943209,0.002696817042,-0.2091292002,0.03412268588,-0.009185458412,0.7894931023,0,0,0,1,0,0,0
2.690014362,0.6699998379,rate,circle,0.03153595328,0.00599518232,-0.03298608959,0,0,-0.2547090727,-0.02020365745,-0.0003326583828,-0.2279261202,0,0,-0.6938221026,0.2240346844,0.4663339628,1.216345334,0.008932854049,0.002113672206,0.002686071675,-0.2131353391,0.03447434286,-0.009276394873,0.7903029869,0,0,0,1,0,0,0
2.700255871,0.6802413464,rate,circle,0.03123763576,0.006063059438,-0.03519909084,0,0,-0.2618533907,-0.02253403142,-0.000339657825,-0.2390174866,0,0,-0.7013314443,0.2288770898,0.4628629316,1.252149689,-0.004315653816,0.003702208865,0.00244605937,-0.2167312396,0.03420270959,-0.009351345323,0.791167909,0,0,0,1,0,0,0
2.710025072,0.6900105476,rate,circle,0.03059471585,0.006195041817,-0.03986622393,0,0,-0.268739472,-0.02713101171,-0.0002500247792,-0.2613712251,0,0,-0.7084075942,0.2309921619,0.4478589841,1.304280376,-0.03005061485,0.008870876394,0.00162344391,-0.2394932183,0.03753290681,-0.009513957662,0.7880793549,0,0,0,1,0,0,0
2.720023155,0.7000086308,rate,circle,0.03019434772,0.006273702718,-0.04241098464,0,0,-0.2758580277,-0.02940847352,-0.0002724945662,-0.2725081742,0,0,-0.7155616929,0.2354752214,0.4440285498,1.32301079,-0.04330708832,0.0104952706,0.0006777987001,-0.237945167,0.03650331555,-0.009539742923,0.7887188932,0,0,0,1,0,0,0
2.730021954,0.7100074291,rate,circle,0.02978314273,0.006348539144,-0.04503552616,0,0,-0.2830481833,-0.03164020926,-0.0002328046976,-0.28370139,0,0,-0.7226274391,0.2399528381,0.4400650334,1.33550062,-0.05615082383,0.01188183296,0.001285993378,-0.2363152587,0.03609536769,-0.009588713672,0.7893211298,0,0,0,1,0,0,0
2.740201712,0.7201871872,rate,circle,0.02935808152,0.006422109436,-0.04774031043,0,0,-0.2904405839,-0.03386277333,-0.0001896118047,-0.2948743105,0,0,-0.7297297675,0.2445538043,0.4361719751,1.341911276,-0.06954047084,0.01434375439,0.001613231027,-0.2344610835,0.03563974713,-0.00966471869,0.7899842617,0,0,0,1,0,0,0
2.750014782,0.7300002575,rate,circle,0.02846749872,0.006565284915,-0.05339223146,0,0,-0.2976347082,-0.0381097272,-0.0001256589167,-0.317310065,0,0,-0.7364890651,0.2459835134,0.4209078298,1.337262225,-0.09200504422,0.01685737073,0.0005692798295,-0.2486174235,0.03776691676,-0.00981195202,0.7865705952,0,0,0,1,0,0,0
2.760018349,0.7400038242,rate,circle,0.02793904394,0.006638546474,-0.05643638968,0,0,-0.305036324,-0.04020644724,-4.252470535e-05,-0.3283722997,0,0,-0.7432914724,0.2502530476,0.4168626633,1.328281535,-0.1032513976,0.01726118848,-0.001553416136,-0.2421724615,0.03700993083,-0.009797955359,0.7870721588,0,0,0,1,0,0,0
2.770037651,0.7500231266,rate,circle,0.02739927359,0.006710718852,-0.05954787135,0,0,-0.3125173451,-0.04216516018,-1.896377944e-05,-0.3394670784,0,0,-0.7500154175,0.2545374405,0.4127079352,1.312794091,-0.1135982275,0.01945162565,-0.001463819994,-0.2355322848,0.03570480074,-0.009778781553,0.787552289,0,0,0,1,0,0,0
2.780137539,0.7601230145,rate,circle,0.02684892341,0.006781726144,-0.06273815036,0,0,-0.3201262656,-0.04406987876,3.664987162e-05,-0.3505864441,0,0,-0.7567031317,0.2588735181,0.4085008194,1.292681071,-0.1225413978,0.01982224174,-0.001284968923,-0.229093496,0.03478878854,-0.009769522813,0.788036493,0,0,0,1,0,0,0
2.790012836,0.769998312,rate,circle,0.02566616237,0.006921068765,-0.06946510077,0,0,-0.3276308599,-0.047634013,0.0001152414698,-0.3726015389,0,0,-0.7631544602,0.259530754,0.3934470699,1.240791862,-0.1385169625,0.01921268739,-0.00215552561,-0.2356001996,0.03640141904,-0.009735089973,0.7843917494,0,0,0,1,0,0,0
2.800029993,0.7800154686,rate,circle,0.02504024841,0.006986228749,-0.07299816608,0,0,-0.3353079047,-0.04931010678,0.0001630853803,-0.3835161328,0,0,-0.7696098998,0.2635948035,0.3892298937,1.208624451,-0.145382911,0.020439649,-0.002681072569,-0.2248345664,0.03483728017,-0.009672538871,0.7847734585,0,0,0,1,0,0,0
2.810040474,0.7900259495,rate,circle,0.02440680377,0.007050227839,-0.07660672069,0,0,-0.3430439877,-0.05085710436,0.0001541035017,-0.3943943381,0,0,-0.7759719323,0.2676456894,0.384951853,1.171442785,-0.1526769102,0.02086781897,-0.003161639906,-0.2144789899,0.03297477941,-0.009611361427,0.785136074,0,0,0,1,0,0,0
2.820107937,0.8000934124,rate,circle,0.02376721799,0.007112760097,-0.08029091358,0,0,-0.3508878868,-0.0521895811,0.0001257095573,-0.4053056836,0,0,-0.7822803416,0.2717318419,0.3805701787,1.129517662,-0.1567608267,0.02068696544,-0.003442789661,-0.2036644912,0.03109219434,-0.009541446338,0.7854893336,0,0,0,1,0,0,0
2.830048561,0.8100340366,rate,circle,0.02237819694,0.007229614537,-0.08806073666,0,0,-0.3586948348,-0.05470382422,6.502655742e-05,-0.4270610809,0,0,-0.7884208753,0.2716539455,0.3654769672,1.042007399,-0.1639947742,0.02179102041,-0.004361183383,-0.2027292956,0.03090125578,-0.009405678671,0.7815719564,0,0,0,1,0,0,0
2.840088606,0.8200740814,rate,circle,0.02167840675,0.007285914384,-0.09205141664,0,0,-0.366641377,-0.05579611659,2.533549559e-05,-0.4378182888,0,0,-0.7945336646,0.2755407125,0.3610527199,0.9937151337,-0.1661400348,0.02202265896,-0.004085809924,-0.1892243621,0.02871157384,-0.009313456573,0.7818414693,0,0,0,1,0,0,0
2.850045681,0.8300311565,rate,circle,0.02097627893,0.007340926677,-0.09611570835,0,0,-0.3745824222,-0.05669962242,9.452596714e-06,-0.4484845996,0,0,-0.8005074439,0.2793521151,0.356559855,0.9428052719,-0.1661875248,0.02187349088,-0.005111178849,-0.1762378903,0.02691539213,-0.009196869503,0.7820700807,0,0,0,1,0,0,0
2.860039234,0.8400247097,rate,circle,0.02022991143,0.007385174744,-0.1003353894,0,0,-0.3826119261,-0.05753535777,-8.512779459e-05,-0.4591745734,0,0,-0.8064144961,0.283096862,0.3519742725,0.89154669,-0.1667931974,0.02054733783,-0.004946659785,-0.1648558489,0.02471373537,-0.009079922487,0.7822510933,0,0,0,1,0,0,0
2.870031357,0.8500168324,rate,circle,0.01874367334,0.007466265932,-0.108989954,0,0,-0.3906988569,-0.05876737833,-0.0001539633377,-0.4803359807,0,0,-0.8122319475,0.2824304806,0.3370586911,0.787719229,-0.1638233066,0.01937964745,-0.004925930873,-0.1574692296,0.02410583541,-0.008902896963,0.7781811715,0,0,0,1,0,0,0
2.880119085,0.8601045609,rate,circle,0.0180056002,0.00750352256,-0.1134230793,0,0,-0.3989216774,-0.05920709297,-0.0001734857942,-0.4905845523,0,0,-0.8180150342,0.2861642082,0.3327404851,0.7337778439,-0.1609884948,0.01962546259,-0.00630757818,-0.1430477845,0.02227425257,-0.008771111742,0.7784336326,0,0,0,1,0,0,0
2.890014172,0.8699996471,rate,circle,0.01723325998,0.007531079464,-0.118028909,0,0,-0.4070437094,-0.05960588902,-0.0002437040675,-0.5007935166,0,0,-0.8235998024,0.2896260646,0.3282633387,0.6817555703,-0.1571769416,0.0192524232,-0.00584390061,-0.1310623263,0.02026774521,-0.008654177655,0.7785458807,0,0,0,1,0,0,0
2.900023699,0.8800091743,rate,circle,0.01570100337,0.007583031431,-0.1274394095,0,0,-0.4153154588,-0.06002411246,-0.0003404847812,-0.5208988786,0,0,-0.8291606116,0.2884036124,0.3140514386,0.5813126251,-0.148940295,0.01661766693,-0.006066413131,-0.1215990669,0.01917166751,-0.008475611681,0.774465314,0,0,0,1,0,0,0
2.910017252,0.8900027275,rate,circle,0.01494263113,0.007607593667,-0.1322426498,0,0,-0.4236290913,-0.06005088612,-0.000358140911,-0.5306503773,0,0,-0.8346237011,0.2918684909,0.3098483804,0.5301666793,-0.1445773393,0.01600792259,-0.007200531662,-0.1077736851,0.01761815509,-0.0083202593,0.7746580462,0,0,0,1,0,0,0
2.920058489,0.9000439644,rate,circle,0.01415230241,0.007628698833,-0.1372165978,0,0,-0.4320369306,-0.05995981768,-0.0003989498073,-0.5402979255,0,0,-0.8400234468,0.295258384,0.3056644026,0.4810319687,-0.1383060515,0.01520772092,-0.006711205468,-0.09554697124,0.01604719806,-0.008179891422,0.7748324056,0,0,0,1,0,0,0
2.93001771,0.9100031853,rate,circle,0.01336971857,0.007648806088,-0.1422511041,0,0,-0.440429211,-0.05981711671,-0.0004560247762,-0.5498096347,0,0,-0.8452905594,0.2985756806,0.3014751603,0.4333587265,-0.1338476539,0.01433272474,-0.006979225669,-0.08467603957,0.01456506451,-0.008029574781,0.77497919,0,0,0,1,0,0,0
2.940052748,0.9200382233,rate,circle,0.01259512734,0.007667920087,-0.1473456025,0,0,-0.4489379903,-0.05957062542,-0.0005348372506,-0.5592027903,0,0,-0.8505085945,0.3019526496,0.2973348567,0.3875724071,-0.1264875233,0.01295275334,-0.008140536956,-0.07449835157,0.01307587599,-0.007846744392,0.7751631155,0,0,0,1,0,0,0
2.950017691,0.9300031662,rate,circle,0.01104298048,0.007687279489,-0.1577813923,0,0,-0.457438709,-0.05882062018,-0.0006982397172,-0.5773278475,0,0,-0.8556016042,0.2999592458,0.2844233404,0.3078137576,-0.111522004,0.01173995528,-0.007489012554,-0.06542714917,0.01152381311,-0.007565345738,0.7711670808,0,0,0,1,0,0,0
2.960238695,0.9402241707,rate,circle,0.01026355661,0.007689671591,-0.1631189883,0,0,-0.466210124,-0.0583496131,-0.0008329339325,-0.5862389803,0,0,-0.8607337871,0.3033623381,0.2806292395,0.270820853,-0.1029690281,0.01054598019,-0.008049269207,-0.05562203029,0.009667997768,-0.007398744229,0.7714561772,0,0,0,1,0,0,0
2.970015049,0.9500005245,rate,circle,0.009494986385,0.007690983359,-0.1685114503,0,0,-0.4746486022,-0.05777739361,-0.0009091215325,-0.5950149894,0,0,-0.865555812,0.3063809096,0.276643074,0.2372970566,-0.09340297431,0.008333190344,-0.009279662743,-0.04683987485,0.008590922374,-0.007200097084,0.771559692,0,0,0,1,0,0,0
2.980037451,0.9600229263,rate,circle,0.008737929165,0.007691335864,-0.1739584804,0,0,-0.4833479552,-0.05712391436,-0.001023243298,-0.6037418246,0,0,-0.8704110044,0.3096083901,0.2727208097,0.2068065614,-0.08537981659,0.008533888496,-0.008178559132,-0.03874610202,0.007247151848,-0.007031557251,0.7717581882,0,0,0,1,0,0,0
2.990018368,0.9700038433,rate,circle,0.006555557251,0.007621612865,-0.1926860511,0,0,-0.4920592153,-0.05416741967,-0.001379513997,-0.6328886151,0,0,-0.8751573662,0.2995419099,0.2482542248,0.1316346962,-0.05278625712,0.003459113184,-0.008567416109,-0.02466876041,0.003939412248,-0.006407003593,0.7619459993,0,0,0,1,0,0,0
3.000371933,0.9803574085,rate,circle,0.005821771454,0.007592414506,-0.1984651387,0,0,-0.5011453003,-0.0533413589,-0.001512623741,-0.6411300302,0,0,-0.8799873676,0.3028313359,0.2447456154,0.1205416071,-0.04406721145,0.002648405265,-0.009181251749,-0.018808619,0.002963151563,-0.006268154442,0.7622792701,0,0,0,1,0,0,0
3.010025501,0.9900109768,rate,circle,0.005102833733,0.007561789826,-0.2042991817,0,0,-0.5096617079,-0.05250545219,-0.001625777804,-0.6492447853,0,0,-0.8844049761,0.3054987594,0.2409559731,0.1122992867,-0.03665130585,0.002518362133,-0.009087714367,-0.01419667894,0.002225393857,-0.006120405525,0.7623136989,0,0,0,1,0,0,0
3.020045042,1.000030518,rate,circle,0.00439727027,0.007530317642,-0.210182339,0,0,-0.5185456455,-0.05159434676,-0.001756606041,-0.6572841406,0,0,-0.8889024518,0.3084865807,0.2373017159,0.1063419454,-0.02663733624,0.001167117618,-0.008763294667,-0.01001429045,0.001436066454,-0.005974277794,0.7625025386,0,0,0,1,0,0,0
3.030026197,1.010011673,rate,circle,0.003693568055,0.007481147535,-0.2161844373,0,0,-0.5274399088,-0.05066085607,-0.001878892654,-0.6648997664,0,0,-0.8932939731,0.3113672728,0.2339529145,0.1019083832,-0.01976539567,-6.803551514e-06,-0.008608381264,-0.00668312644,0.0006784127641,-0.005827166216,0.7627325033,0,0,0,1,0,0,0
3.04024601,1.020231485,rate,circle,0.002327317139,0.00738118263,-0.2283150256,0,0,-0.5365917927,-0.04883842543,-0.00213557994,-0.6791436672,0,0,-0.8976987433,0.308373902,0.2239555174,0.09635700435,-0.003730548313,-0.005107801873,-0.01048460137,-0.00563449354,-0.0007134069465,-0.005526247675,0.7591586896,0,0,0,1,0,0,0
3.050030708,1.030016184,rate,circle,0.001664561802,0.007330534514,-0.2344401181,0,0,-0.5453957802,-0.04789992049,-0.002234528773,-0.6859601736,0,0,-0.9018289834,0.3110465099,0.2211305916,0.09405851958,0.003435642924,-0.006049625576,-0.009483898059,-0.003747586073,-0.0006472725372,-0.005364114915,0.7594475983,0,0,0,1,0,0,0
3.060052633,1.040038109,rate,circle,0.001007382642,0.007265940309,-0.2406701148,0,0,-0.5544546733,-0.04699291289,-0.00233999989,-0.6926578283,0,0,-0.9059711372,0.3138702884,0.2184407865,0.09178658111,0.0106133949,-0.005820326507,-0.009787346236,-0.00293849388,-0.0007594943056,-0.005192175877,0.7598240358,0,0,0,1,0,0,0
3.07003665,1.050022125,rate,circle,0.0003633847518,0.007201061118,-0.2469367087,0,0,-0.5635201341,-0.04612407461,-0.002464415506,-0.6992766857,0,0,-0.9100088499,0.3166655216,0.2157349036,0.0905439422,0.01532429177,-0.007632324472,-0.009848088957,-0.002911502714,-0.0008933514978,-0.005034048069,0.7601831231,0,0,0,1,0,0,0
3.080158949,1.060144424,rate,circle,-0.000885810412,0.007071266416,-0.2595718205,0,0,-0.5727518534,-0.0443276912,-0.002676281612,-0.7118464708,0,0,-0.9140120323,0.313261106,0.2069855573,0.09424750234,0.02769302577,-0.009161433205,-0.009622624144,-0.005608266572,-0.001491379838,-0.00470277832,0.756777669,0,0,0,1,0,0,0
3.090051651,1.070037127,rate,circle,-0.001489590271,0.006998360623,-0.2659937739,0,0,-0.5818128906,-0.04338696226,-0.002759388648,-0.717974782,0,0,-0.9178364122,0.3159001589,0.2045353611,0.0981181481,0.03102995642,-0.009001347236,-0.01023513451,-0.005664648978,-0.001141419268,-0.004522581831,0.7571487967,0,0,0,1,0,0,0
3.100056887,1.080042362,rate,circle,-0.002080445876,0.006925280672,-0.2724480331,0,0,-0.5910150414,-0.04252355918,-0.002889406169,-0.724029839,0,0,-0.9216158144,0.3186490648,0.2021306989,0.1048567242,0.03563447297,-0.008960257284,-0.01069360413,-0.006847103891,-0.001168791178,-0.004337569409,0.7575665575,0,0,0,1,0,0,0
3.11004591,1.090031385,rate,circle,-0.00322526996,0.00677857548,-0.2854533195,0,0,-0.6002395593,-0.04086354002,-0.003083653282,-0.7359897494,0,0,-0.9253003267,0.3148757345,0.1936952051,0.1302811863,0.04117216915,-0.01052742638,-0.009345677681,-0.01180955045,-0.001513299944,-0.004033851354,0.7540976922,0,0,0,1,0,0,0
3.120064259,1.100049734,rate,circle,-0.003787836758,0.006698205601,-0.2920565903,0,0,-0.6095276794,-0.04003617167,-0.003161990317,-0.7418214083,0,0,-0.928906571,0.3175643337,0.191347201,0.1453561808,0.04484268278,-0.01206425764,-0.009994395077,-0.0135230748,-0.000800190682,-0.003863563369,0.754505066,0,0,0,1,0,0,0
3.130055666,1.110041142,rate,circle,-0.004338616971,0.006617868319,-0.2986968458,0,0,-0.6188263606,-0.03930261731,-0.00324287382,-0.7475828528,0,0,-0.9324142616,0.3202273038,0.1889916973,0.162916729,0.04650259763,-0.01160054468,-0.01042243373,-0.01612716368,-0.0001693030541,-0.003688429071,0.7548957163,0,0,0,1,0,0,0
3.140102625,1.1200881,rate,circle,-0.004952444695,0.006530544255,-0.3055910766,0,0,-0.6282116328,-0.03862049803,-0.003331704531,-0.7532193065,0,0,-0.9358519771,0.3227246474,0.1867011931,0.1834566353,0.04700871184,-0.01240944955,-0.009377211332,-0.01983678219,0.0004107218591,-0.003541971462,0.7552397868,0,0,0,1,0,0,0
3.150069237,1.130054712,rate,circle,-0.006161251571,0.006346986629,-0.3194338381,0,0,-0.637555532,-0.03736487404,-0.003471669508,-0.7640289068,0,0,-0.9391735485,0.3182446502,0.179119602,0.2304072671,0.04623002186,-0.01150461193,-0.01048268564,-0.02936078113,0.0006411588113,-0.003197412325,0.7517100355,0,0,0,1,0,0,0
3.160099983,1.140085459,rate,circle,-0.006730004679,0.006258098409,-0.3263355792,0,0,-0.6469925375,-0.0367674008,-0.003502939595,-0.7691596746,0,0,-0.9424273436,0.3207886246,0.1771603721,0.2515578777,0.04452941567,-0.01205718331,-0.009735452943,-0.03200366014,0.001722855402,-0.003038501166,0.7521514355,0,0,0,1,0,0,0
3.170064211,1.150049686,rate,circle,-0.007279298734,0.006170868408,-0.3332350552,0,0,-0.6563988335,-0.03620610386,-0.003546677297,-0.7743009329,0,0,-0.9455710125,0.323304648,0.1750911221,0.27277224,0.04400255531,-0.01167158503,-0.01019981131,-0.03475739856,0.002539662123,-0.002863545174,0.7525518696,0,0,0,1,0,0,0
3.180102825,1.160088301,rate,circle,-0.007850404829,0.006080219056,-0.3401823938,0,0,-0.66590658,-0.03572073206,-0.003591899294,-0.7793649435,0,0,-0.9486489052,0.3258755029,0.1730489299,0.2951934475,0.04338292778,-0.01076741237,-0.01083613932,-0.03828630634,0.003241780892,-0.002668743754,0.7529746666,0,0,0,1,0,0,0
3.190060616,1.170046091,rate,circle,-0.008944505826,0.005902932491,-0.3540996611,0,0,-0.6753678606,-0.03472679853,-0.003632398788,-0.7889834046,0,0,-0.9516135191,0.3214468926,0.1663361025,0.3400275787,0.03875501081,-0.008773793466,-0.009664126672,-0.04685495963,0.003920335374,-0.002328329274,0.7496712816,0,0,0,1,0,0,0
3.200118542,1.180104017,rate,circle,-0.009470510297,0.005816195626,-0.3610752523,0,0,-0.6849538034,-0.03425186872,-0.003647752106,-0.7936563492,0,0,-0.9545184712,0.3240691817,0.1645087199,0.3586938084,0.03577559069,-0.009675136767,-0.009979404509,-0.04859948839,0.004709925904,-0.002154946828,0.7501673579,0,0,0,1,0,0,0
3.210069418,1.190054893,rate,circle,-0.01000915654,0.005732797086,-0.3681145608,0,0,-0.6944660308,-0.03381864354,-0.00361475395,-0.7982883453,0,0,-0.9573040138,0.3265552482,0.1626122686,0.3770687843,0.03271212429,-0.01000431553,-0.009554208256,-0.0507857936,0.005882140369,-0.001993463585,0.7505938558,0,0,0,1,0,0,0
3.220282793,1.200268269,rate,circle,-0.01105127297,0.005570049398,-0.3822401464,0,0,-0.7042575474,-0.0330221802,-0.003543872619,-0.8074835539,0,0,-0.9600715063,0.3222551204,0.1561605156,0.4127403345,0.02524945326,-0.007271707524,-0.009857119061,-0.05818465117,0.007253244008,-0.001629833691,0.7473924063,0,0,0,1,0,0,0
3.230059624,1.210045099,rate,circle,-0.01155616902,0.005490091164,-0.3893280327,0,0,-0.713656599,-0.03266747668,-0.003584176069,-0.8118498921,0,0,-0.9626338469,0.3245808143,0.1543237226,0.4264294848,0.02168587036,-0.0066186646,-0.009140118957,-0.05941946939,0.007356904152,-0.001452254042,0.7477714068,0,0,0,1,0,0,0
3.240397692,1.220383167,rate,circle,-0.01206774637,0.005400185939,-0.3964895904,0,0,-0.7236219824,-0.03229604661,-0.00357617042,-0.8161556125,0,0,-0.9652508564,0.3273994417,0.1525949389,0.4375932477,0.0169147905,-0.005004245322,-0.008817999624,-0.06020398287,0.007683812985,-0.001282757267,0.7483582692,0,0,0,1,0,0,0
3.250071049,1.230056524,rate,circle,-0.01256956998,0.005311465356,-0.4036673009,0,0,-0.7329706933,-0.03197354823,-0.003562921192,-0.8203332424,0,0,-0.9676135644,0.3295859978,0.1507530943,0.4483891516,0.01426947955,-0.005382272881,-0.009403392673,-0.0615322173,0.008051577633,-0.001103035183,0.7486840365,0,0,0,1,0,0,0
3.26027894,1.240264416,rate,circle,-0.01306179632,0.005223740358,-0.4108611643,0,0,-0.7428603314,-0.03161290661,-0.003573762486,-0.8244415522,0,0,-0.9700166339,0.3322970733,0.1490109126,0.4564280587,0.01046975516,-0.004218855407,-0.008675727993,-0.06204580544,0.008079311926,-0.0009386524156,0.7492278186,0,0,0,1,0,0,0
3.270046234,1.25003171,rate,circle,-0.01403591502,0.005052009597,-0.4253487289,0,0,-0.7523456438,-0.03097891062,-0.003557000775,-0.832252562,0,0,-0.9722292684,0.3273370007,0.1434078919,0.4730339614,0.002703068079,-0.003521431936,-0.008099121042,-0.0676107684,0.008155731199,-0.0006049123397,0.7459963791,0,0,0,1,0,0,0
3.280111074,1.26009655,rate,circle,-0.0145192882,0.004969262052,-0.4326419532,0,0,-0.7621420793,-0.03065777384,-0.003532984527,-0.836178422,0,0,-0.9744205932,0.329857297,0.1416449045,0.4770712878,0.0003366160381,-0.004117084667,-0.009620557539,-0.06706106311,0.008548213461,-0.0004069081574,0.7464634758,0,0,0,1,0,0,0
3.290052414,1.270037889,rate,circle,-0.01499398891,0.004887235817,-0.4399504364,0,0,-0.7718395173,-0.03032087162,-0.003562154714,-0.8399711847,0,0,-0.9764966345,0.3322635503,0.1398972575,0.4792557913,-0.002784922021,-0.003588361666,-0.007896007039,-0.06645857148,0.008383820601,-0.0002421459571,0.7468938403,0,0,0,1,0,0,0
3.300201893,1.280187368,rate,circle,-0.01592824422,0.004722709768,-0.4546308219,0,0,-0.7817608228,-0.0296218954,-0.00360495178,-0.8474572897,0,0,-0.9785255142,0.3275515996,0.1344222148,0.4820184281,-0.008802348748,-0.00194752973,-0.009307964705,-0.06903940302,0.007779789258,0.0001576300241,0.7437874979,0,0,0,1,0,0,0
3.310050488,1.290035963,rate,circle,-0.01638718508,0.004640144762,-0.4620136917,0,0,-0.7914072583,-0.02920210361,-0.003621021984,-0.8510447741,0,0,-0.9804067125,0.3298335831,0.1326664456,0.4786863787,-0.01118500158,8.893642371e-05,-0.008974998258,-0.06680405714,0.007569546354,0.0003554642649,0.7441754598,0,0,0,1,0,0,0
3.320095301,1.300080776,rate,circle,-0.01683718897,0.004558313172,-0.4694106877,0,0,-0.801264526,-0.02881758288,-0.003624123754,-0.8546058536,0,0,-0.9822365795,0.3323119606,0.1308938103,0.4743509652,-0.01414287742,0.0001258503617,-0.009519773535,-0.06499912138,0.007497586292,0.0005707918897,0.7446285165,0,0,0,1,0,0,0
3.330068827,1.310054302,rate,circle,-0.01727862284,0.004477061797,-0.4768220484,0,0,-0.8110695794,-0.02847542986,-0.003659181064,-0.8581182361,0,0,-0.9839647253,0.3347237769,0.1290797372,0.4690790455,-0.01724750176,0.0005077620153,-0.009257431142,-0.06365884618,0.00714120853,0.0007831692176,0.7450441937,0,0,0,1,0,0,0
3.340090752,1.320076227,rate,circle,-0.01772829145,0.004389495589,-0.484279424,0,0,-0.82093913,-0.02811631374,-0.003682820126,-0.8614298105,0,0,-0.9856121938,0.3371547384,0.1273787838,0.4628164593,-0.01906044036,0.001231023343,-0.008567623794,-0.06231125943,0.006791566134,0.0009784686299,0.7454971073,0,0,0,1,0,0,0
3.350071907,1.330057383,rate,circle,-0.01860206015,0.004216820467,-0.4992302358,0,0,-0.8307844976,-0.02728079818,-0.003733335296,-0.8678284883,0,0,-0.9871642252,0.3321024642,0.1224712123,0.4504277847,-0.02233774401,-0.0001551963796,-0.00850897003,-0.06234265954,0.005709072987,0.001349647835,0.7424212276,0,0,0,1,0,0,0
3.360080957,1.340066433,rate,circle,-0.01902602986,0.004131717142,-0.5067116022,0,0,-0.8406724922,-0.02682185918,-0.003780215047,-0.8710157275,0,0,-0.9886316685,0.3345279315,0.1206947046,0.4403504455,-0.0233987309,0.000614252931,-0.007626585662,-0.05946105602,0.005284364378,0.001527807625,0.7428580436,0,0,0,1,0,0,0
3.370057344,1.35004282,rate,circle,-0.0194432959,0.004037080333,-0.5142505169,0,0,-0.8505423919,-0.02632411756,-0.003798985854,-0.8742357492,0,0,-0.9900057085,0.3368776706,0.1187858364,0.4297606474,-0.02339585312,-0.0006175318267,-0.007237050682,-0.0566257182,0.00504802763,0.001697162694,0.7432353836,0,0,0,1,0,0,0
3.380075932,1.360061407,rate,circle,-0.0198512841,0.003943345975,-0.5218015909,0,0,-0.8604673909,-0.02585488744,-0.003787762718,-0.8774271607,0,0,-0.991296529,0.3392700216,0.1168291718,0.4194442433,-0.02317352407,0.0003021685116,-0.006600959226,-0.05429610716,0.00502917536,0.001842913742,0.7436144254,0,0,0,1,0,0,0
3.39004302,1.370028496,rate,circle,-0.02064035833,0.003758896841,-0.5369386673,0,0,-0.8703537633,-0.02490996197,-0.003785200184,-0.88348037,0,0,-0.9924921814,0.3340745125,0.1118856959,0.401821226,-0.0232942421,-0.0009457183187,-0.007564017549,-0.05295306762,0.004223773642,0.002180709051,0.7404829907,0,0,0,1,0,0,0
3.400111198,1.380096674,rate,circle,-0.0210215766,0.003667714773,-0.5445235968,0,0,-0.8803520558,-0.02439967915,-0.00381552428,-0.8863438964,0,0,-0.9936103077,0.3365057394,0.1100726377,0.3905557078,-0.02309786901,-0.0006780420081,-0.007774022873,-0.05007025794,0.003932456843,0.002367902447,0.7409154974,0,0,0,1,0,0,0
3.410045624,1.390031099,rate,circle,-0.02141004056,0.00357932155,-0.5521564484,0,0,-0.8902281173,-0.02387898229,-0.003795616562,-0.8892250061,0,0,-0.9946252626,0.3387678478,0.1081379978,0.3788830125,-0.02425260097,-0.0004666669993,-0.006884496193,-0.04748659913,0.004076618919,0.002529723453,0.7412557691,0,0,0,1,0,0,0
3.420018196,1.400003672,rate,circle,-0.02178994007,0.003492374904,-0.5597883463,0,0,-0.9001518035,-0.02330704965,-0.003812053474,-0.8921123147,0,0,-0.9955558819,0.3410781159,0.1061052398,0.3667921875,-0.02358138934,-0.002257007873,-0.007831119932,-0.04474027774,0.003902281222,0.00272237253,0.7415905352,0,0,0,1,0,0,0
3.430060148,1.410045624,rate,circle,-0.02252085321,0.003320233896,-0.575081706,0,0,-0.9101534596,-0.0221771393,-0.003830143949,-0.8974980116,0,0,-0.996403649,0.3358441496,0.1014338238,0.3451713758,-0.02476849966,-0.001855241135,-0.006194728892,-0.04187371246,0.003083870114,0.003036797622,0.738524727,0,0,0,1,0,0,0
3.440100431,1.420085907,rate,circle,-0.02289623953,0.003222150961,-0.5827744007,0,0,-0.9201615147,-0.02154880203,-0.003864835948,-0.9001114368,0,0,-0.9971616612,0.3381784806,0.09948886308,0.3322402096,-0.02323861234,-0.001816672506,-0.005410365295,-0.03897473451,0.002727570415,0.003171469,0.7388935155,0,0,0,1,0,0,0
3.450046539,1.430032015,rate,circle,-0.02326130308,0.003124802606,-0.5904755592,0,0,-0.93008276,-0.02095090784,-0.003852302674,-0.9027339816,0,0,-0.9978242138,0.340417249,0.09744707812,0.3202799158,-0.02210651897,-0.002345955465,-0.005496385507,-0.03659008889,0.002834362413,0.003303966988,0.7392012256,0,0,0,1,0,0,0
3.460090399,1.440075874,rate,circle,-0.02396032773,0.002933690557,-0.6059023142,0,0,-0.9401077531,-0.01961100288,-0.003820240498,-0.9075040221,0,0,-0.9984040441,0.3350760798,0.09306986441,0.2994493163,-0.01921138354,-0.001094914274,-0.005564092193,-0.03270108396,0.001941089683,0.003593330908,0.7361827954,0,0,0,1,0,0,0
3.470050812,1.450036287,rate,circle,-0.02432396822,0.002835682593,-0.6136600971,0,0,-0.9500547655,-0.01897990704,-0.003867439926,-0.9097787738,0,0,-0.9988905011,0.3372848491,0.09119261978,0.288430473,-0.01903476194,-0.002097194083,-0.005694299005,-0.03074759208,0.001563897734,0.0037367468,0.7365226327,0,0,0,1,0,0,0
3.480225801,1.460211277,rate,circle,-0.02467674576,0.002738312818,-0.6214247942,0,0,-0.960220609,-0.01830822416,-0.003913134336,-0.9119689465,0,0,-0.9992963811,0.3397043484,0.08931172676,0.2776629673,-0.01662632637,-0.001635576366,-0.005571441259,-0.02860385069,0.001186000427,0.003876698821,0.7369400645,0,0,0,1,0,0,0
3.490048409,1.470033884,rate,circle,-0.0250198096,0.002642494161,-0.6291947365,0,0,-0.9700378705,-0.01764887385,-0.003873758251,-0.9140259027,0,0,-0.9996009031,0.3417704137,0.08746181698,0.2684366956,-0.01428754255,-0.003661684925,-0.00592706399,-0.0267222378,0.001642186299,0.004025356575,0.7372373108,0,0,0,1,0,0,0
3.500063658,1.480049133,rate,circle,-0.02571714669,0.002443779027,-0.6447620392,0,0,-0.9800503098,-0.01632479019,-0.003847445827,-0.9178165197,0,0,-0.9998230946,0.336281977,0.0837041214,0.2550918151,-0.01160319708,-0.00362002477,-0.004004345741,-0.0244928362,0.0009747652906,0.004248632831,0.7343204394,0,0,0,1,0,0,0
3.510070801,1.490056276,rate,circle,-0.02607074939,0.002340597799,-0.6525585651,0,0,-0.990056422,-0.01565931924,-0.003848430235,-0.9196427464,0,0,-0.9999560544,0.3385113968,0.0819161286,0.2479553385,-0.009548764676,-0.003263920546,-0.004367687274,-0.02322870918,0.00103272709,0.004359585999,0.7346913142,0,0,0,1,0,0,0
3.520107746,1.500093222,rate,circle,-0.02641315013,0.002238688525,-0.6603583097,0,0,-1.000093222,-0.01501332968,-0.003806780325,-0.9214264154,0,0,-0.9999999961,0.3407674817,0.08008557441,0.2410142942,-0.009221751243,-0.003349290229,-0.003134413622,-0.02207310789,0.001426107522,0.004435789203,0.7350603441,0,0,0,1,0,0,0
3.530045033,1.510030508,rate,circle,-0.02674447373,0.00213796366,-0.6681609154,0,0,-1.010030359,-0.01433051284,-0.003791479627,-0.9230670333,0,0,-0.999955284,0.3429206234,0.07830416341,0.2346530038,-0.006438247859,-0.003284320934,-0.003597340314,-0.02072145448,0.001448622816,0.004527316017,0.7354058776,0,0,0,1,0,0,0
3.540061235,1.520046711,rate,circle,-0.02746656537,0.00192935986,-0.683825016,0,0,-1.020045517,-0.01306708436,-0.00375764491,-0.9261184931,0,0,-0.9998213908,0.3373460541,0.07494655247,0.2300574654,-0.002859406872,-0.004024112597,-0.004150568973,-0.02045367737,0.0007200344274,0.004773156839,0.7325517564,0,0,0,1,0,0,0
3.550065041,1.530050516,rate,circle,-0.02781043388,0.001827054308,-0.6916586161,0,0,-1.030046496,-0.01243733708,-0.00370860449,-0.9275232553,0,0,-0.9995986518,0.3395336737,0.07323458111,0.2269410913,-0.001325839898,-0.003264776664,-0.002927608788,-0.01993517017,0.001194809347,0.00484516414,0.7329238367,0,0,0,1,0,0,0
3.56014061,1.540126085,rate,circle,-0.02814417519,0.001726896153,-0.6994924545,0,0,-1.040116514,-0.011756978,-0.003698011627,-0.928874135,0,0,-0.9992843988,0.3417891551,0.07148081607,0.2233731586,-0.0006733541959,-0.003935928922,-0.003719597124,-0.01897412639,0.001233936897,0.004941627681,0.7333111774,0,0,0,1,0,0,0
3.570051908,1.550037384,rate,circle,-0.02850933746,0.001626641839,-0.7073528767,0,0,-1.050018824,-0.01118100341,-0.003730051685,-0.9302175045,0,0,-0.9988872268,0.3438537185,0.06967394691,0.2224941925,0.0006995892036,-0.004752161913,-0.003365834244,-0.01946674027,0.001044328373,0.00503552428,0.7336092431,0,0,0,1,0,0,0
3.58012867,1.560114145,rate,circle,-0.02886295691,0.001527331537,-0.715212822,0,0,-1.060081962,-0.01057653129,-0.0037135866,-0.9314290881,0,0,-0.9983939065,0.3460782093,0.06789654362,0.2213853056,0.001566013321,-0.004744153935,-0.002898309845,-0.01942614127,0.001279136732,0.005114539878,0.7339746706,0,0,0,1,0,0,0
3.590059757,1.570045233,rate,circle,-0.02953558043,0.001332791755,-0.7309290171,0,0,-1.069994319,-0.009380112402,-0.003589886473,-0.9336567521,0,0,-0.9978194068,0.3403518857,0.06494397627,0.2234606266,0.003940626979,-0.003398201428,-0.002357420512,-0.01975145785,0.001406916549,0.005254459022,0.7311612486,0,0,0,1,0,0,0
3.600086689,1.580072165,rate,circle,-0.02989650518,0.001242388505,-0.7387822866,0,0,-1.079996107,-0.008816458285,-0.00348039926,-0.9347066283,0,0,-0.9971504215,0.3425233071,0.06315908824,0.2242303458,0.004576639272,-0.002981866477,-0.002238701098,-0.02012330928,0.002392045202,0.005313076403,0.7315033483,0,0,0,1,0,0,0
3.610057354,1.59004283,rate,circle,-0.03024571948,0.0011535706,-0.7466347218,0,0,-1.089934675,-0.008226405829,-0.003432382131,-0.9358566403,0,0,-0.9963965728,0.3446316763,0.06119263375,0.2247377209,0.004592814483,-0.004076699261,-0.00323384325,-0.0201539934,0.002688711378,0.00540234689,0.731775882,0,0,0,1,0,0,0
3.620087624,1.600073099,rate,circle,-0.03058294766,0.00106577808,-0.7544864416,0,0,-1.099924626,-0.007562387735,-0.003403062234,-0.9368655086,0,0,-0.9955490555,0.3467909914,0.05926659447,0.224799845,0.00688791275,-0.004679856822,-0.002247872762,-0.01956085474,0.002741557107,0.005465090042,0.7320791311,0,0,0,1,0,0,0
3.630065203,1.610050678,rate,circle,-0.03090818971,0.0009792322526,-0.7623364925,0,0,-1.10985322,-0.006937328726,-0.003335963469,-0.9377635121,0,0,-0.9946172659,0.3488898841,0.05737250645,0.2254138685,0.007216086611,-0.003840110963,-0.002644996159,-0.01928900511,0.003095636491,0.005538209347,0.7323675356,0,0,0,1,0,0,0
3.640075922,1.620061398,rate,circle,-0.03158519045,0.0008148311172,-0.7780268192,0,0,-1.119805004,-0.005778156221,-0.003187801689,-0.939499557,0,0,-0.9935934493,0.3432355111,0.05449493872,0.2322560036,0.008340157568,-0.003462868743,-0.001662368421,-0.02047242808,0.003455817615,0.005695995969,0.7295883555,0,0,0,1,0,0,0
3.650081873,1.630067348,rate,circle,-0.03190619871,0.0007346540806,-0.7858690023,0,0,-1.129741361,-0.005177344661,-0.003100559814,-0.9402961731,0,0,-0.9924811044,0.3453501762,0.05253270812,0.2338660608,0.009418060072,-0.003459514817,-0.00116932462,-0.02042550053,0.003948542777,0.00573551835,0.7298623314,0,0,0,1,0,0,0
3.660083055,1.640068531,rate,circle,-0.03251368552,0.0005777087645,-0.8015104532,0,0,-1.139661415,-0.003992996644,-0.002997468924,-0.941842854,0,0,-0.9912803585,0.3397109751,0.04968898963,0.2386887195,0.008065597154,-0.00268105045,-0.002209995175,-0.02063688478,0.003693621782,0.005831173234,0.7270923406,0,0,0,1,0,0,0
3.670068741,1.650054216,rate,circle,-0.03283470497,0.0005077240057,-0.8093204498,0,0,-1.149553674,-0.003491370939,-0.003022161778,-0.9425451756,0,0,-0.9899927698,0.3418143099,0.04767176666,0.2406434334,0.007344753481,-0.002607024973,-0.001420325716,-0.02154272738,0.003374893107,0.005881225851,0.7273417051,0,0,0,1,0,0,0
3.680146933,1.660132408,rate,circle,-0.03314461932,0.0004385856446,-0.8171284199,0,0,-1.159524086,-0.002997569507,-0.002941478044,-0.943110466,0,0,-0.9886033831,0.343996439,0.04568635702,0.2427344712,0.007446290459,-0.002523707226,-0.001479053288,-0.02213791525,0.004006341795,0.005928665845,0.7276290089,0,0,0,1,0,0,0
3.690071344,1.67005682,rate,circle,-0.03344396502,0.0003706298885,-0.8249337673,0,0,-1.169328238,-0.002515947446,-0.002865589922,-0.9435982704,0,0,-0.987146968,0.3460147216,0.04371533665,0.2450077201,0.007994484156,-0.00330905593,-0.0006738179363,-0.0226817104,0.004519833254,0.005954065618,0.7278596764,0,0,0,1,0,0,0
3.700116158,1.680101633,rate,circle,-0.03373440728,0.0003049176303,-0.8327355385,0,0,-1.179236169,-0.00199678191,-0.002754355781,-0.9439171553,0,0,-0.9855837341,0.3481390383,0.04180523181,0.2462333985,0.007244588342,-0.002023542533,-0.0008287398377,-0.02265125733,0.005147419295,0.005983262977,0.7281449151,0,0,0,1,0,0,0
3.710052252,1.690037727,rate,circle,-0.03403413668,0.0002560571302,-0.8405234814,0,0,-1.189020974,-0.001488617854,-0.00262000435,-0.9440963864,0,0,-0.9839491832,0.3501555229,0.03996655871,0.2478085664,0.007056341041,-0.001445346512,-0.0009130015969,-0.02279878731,0.006013685056,0.006021955092,0.7284079242,0,0,0,1,0,0,0
3.720246315,1.700231791,rate,circle,-0.03460102901,0.0001608827297,-0.856071949,0,0,-1.19904248,-0.0005143001908,-0.002489371458,-0.9443922639,0,0,-0.9821809911,0.3447115347,0.03787412549,0.2514445276,0.004318388645,-0.0009649820277,1.88398335e-05,-0.0235634004,0.006171102462,0.006052746598,0.7258820018,0,0,0,1,0,0,0
3.730074406,1.710059881,rate,circle,-0.03486887366,0.0001147010698,-0.8638329506,0,0,-1.208686707,-2.102793951e-05,-0.002390891779,-0.9444935322,0,0,-0.9803888206,0.3466121247,0.03597483197,0.2513455316,0.004112175666,-0.0008336727042,-0.0006663583335,-0.02329502763,0.006525883651,0.006084127905,0.7260836958,0,0,0,1,0,0,0
3.740268469,1.720253944,rate,circle,-0.03513390943,8.724626969e-05,-0.8715666533,0,0,-1.218670994,0.0004958418431,-0.00229723542,-0.9445945024,0,0,-0.9784392,0.3488779479,0.03392619491,0.2504918148,0.003608427476,0.0007683160948,-0.0008061593981,-0.02280370344,0.006848444888,0.006119004933,0.7263785829,0,0,0,1,0,0,0
3.750050545,1.73003602,rate,circle,-0.03563277796,3.513565025e-05,-0.8870218992,0,0,-1.228232655,0.001466400805,-0.002022295957,-0.9447497725,0,0,-0.9764815242,0.3430662848,0.03182992417,0.2517106293,0.003731113859,0.0003032202658,-0.0001130842938,-0.02256566007,0.00839924241,0.006130522439,0.7237074098,0,0,0,1,0,0,0
3.760050297,1.740035772,rate,circle,-0.03586728871,1.055656685e-05,-0.8947432041,0,0,-1.237986856,0.001914283494,-0.001898596762,-0.9447177052,0,0,-0.974392368,0.345112543,0.02979689179,0.2512262439,0.003794868244,0.001484667999,6.537006811e-06,-0.02248231086,0.008633756963,0.006139289565,0.7239218442,0,0,0,1,0,0,0
3.770048618,1.750034094,rate,circle,-0.03612182289,4.218604772e-06,-0.9024353027,0,0,-1.247718332,0.002364828484,-0.001748087932,-0.9446211457,0,0,-0.9722146453,0.3471673319,0.02774976475,0.2513547554,0.004415236879,0.001414435334,0.0003753835626,-0.02258057288,0.009270502844,0.00613644712,0.7241325309,0,0,0,1,0,0,0
3.780191898,1.760177374,rate,circle,-0.03636618704,-1.449651677e-06,-0.9101172686,0,0,-1.257568189,0.002827436896,-0.001653576619,-0.9444993138,0,0,-0.9699145485,0.3493488828,0.02562543401,0.2505864658,0.003217222635,0.001775157056,-0.0001213449432,-0.02242665383,0.009278104838,0.006148143364,0.7243651527,0,0,0,1,0,0,0
3.790053606,1.770039082,rate,circle,-0.03660033643,-6.82117934e-06,-0.9177939892,0,0,-1.267121815,0.003312326735,-0.001576942508,-0.9442045689,0,0,-0.9675906197,0.3512399674,0.02367204325,0.2492535896,0.003169057658,0.001870646956,0.0002371342998,-0.02199199858,0.009123854072,0.006150220789,0.7245301324,0,0,0,1,0,0,0
3.800132275,1.78011775,rate,circle,-0.03709247708,-6.452751677e-06,-0.9330980778,0,0,-1.276861497,0.004253001884,-0.001340601593,-0.9433520436,0,0,-0.9651262427,0.3457587895,0.02222613287,0.2485968175,0.001868316904,0.002664626576,0.0005149861099,-0.02173128352,0.0102355069,0.006123102919,0.7221053791,0,0,0,1,0,0,0
3.810042858,1.790028334,rate,circle,-0.03734988347,-1.952259936e-07,-0.9407252073,0,0,-1.286414089,0.004684715532,-0.001159283449,-0.9428192377,0,0,-0.9626149181,0.3477007577,0.02037546218,0.2478720251,0.002549870173,0.004197417293,0.001633238397,-0.02195611985,0.01085178213,0.006070839266,0.7223009147,0,0,0,1,0,0,0
3.82011795,1.800103426,rate,circle,-0.03759677336,6.936088539e-06,-0.948345542,0,0,-1.296099288,0.005135189276,-0.001025380683,-0.9422672987,0,0,-0.959972415,0.3497801952,0.01846328024,0.2464412721,0.001152275596,0.003134606872,-1.156360395e-05,-0.02179935421,0.01096201525,0.006066791535,0.7225185239,0,0,0,1,0,0,0
3.830040455,1.81002593,rate,circle,-0.03809954226,3.224975444e-05,-0.9635243416,0,0,-1.305611341,0.005987433717,-0.0006801878917,-0.9411077499,0,0,-0.9572817433,0.3442021086,0.01726007184,0.2458993108,-1.852716559e-05,0.00422183238,0.0005818019854,-0.02204024189,0.01283794733,0.006022630036,0.7200773846,0,0,0,1,0,0,0
3.840076923,1.820062399,rate,circle,-0.03835686296,5.147394768e-05,-0.971065402,0,0,-1.31520504,0.006375959609,-0.0004770970263,-0.9403747916,0,0,-0.9544711381,0.3462706196,0.01547861323,0.2447714931,0.0001209498732,0.004412050359,0.002068881178,-0.02228340558,0.01325574367,0.00595019344,0.720293965,0,0,0,1,0,0,0
3.85004878,1.830034256,rate,circle,-0.03860355914,7.179767999e-05,-0.9785994291,0,0,-1.324708598,0.006834621076,-0.0002954680822,-0.9395722151,0,0,-0.9515899511,0.3482553612,0.01382842452,0.2424401078,0.0001423842477,0.005685848184,0.001597565832,-0.02174399331,0.013310272,0.005897573293,0.7204800948,0,0,0,1,0,0,0
3.86007309,1.840058565,rate,circle,-0.03883965313,9.315523494e-05,-0.9861257076,0,0,-1.334232741,0.007257228717,-0.0001190393814,-0.9386395812,0,0,-0.948604521,0.3502670894,0.01232808032,0.2399652364,-0.0006800218252,0.006685020868,0.001482669264,-0.02141482331,0.0132898508,0.005848437162,0.720683092,0,0,0,1,0,0,0
3.870062351,1.850047827,rate,circle,-0.03933387995,0.0001881032949,-1.001076341,0,0,-1.343693371,0.008057858795,0.0001836406591,-0.9363719821,0,0,-0.9455406751,0.3448675379,0.01220769199,0.2386440027,0.0002617879363,0.007679610047,0.002375996904,-0.0217288529,0.01481126735,0.005697188253,0.7184923986,0,0,0,1,0,0,0
3.880513668,1.860499144,rate,circle,-0.0395651795,0.00023614768,-1.008537769,0,0,-1.353558353,0.00851526577,0.0003437322448,-0.9351696968,0,0,-0.9422401633,0.3472818198,0.01107336442,0.2354544047,-0.0004929264542,0.007132343482,0.001639684546,-0.0209478326,0.01445492583,0.005630622267,0.7188307667,0,0,0,1,0,0,0
3.890061617,1.870047092,rate,circle,-0.03978569061,0.000284442096,-1.015989542,0,0,-1.362540079,0.008995875716,0.0004733183014,-0.9339817166,0,0,-0.9391400664,0.3488269722,0.0103806735,0.231449481,-0.001096502296,0.007748992648,0.002213621046,-0.01994218059,0.01399163831,0.005547652075,0.718899866,0,0,0,1,0,0,0
3.900063753,1.880049229,rate,circle,-0.04002506658,0.0003532881674,-1.023386955,0,0,-1.371916884,0.00939434208,0.0006086874637,-0.9326120019,0,0,-0.9358055928,0.3508208115,0.009940985181,0.2285316178,-0.001293474343,0.008621737361,0.003067073878,-0.0199394723,0.01387326587,0.005439098346,0.7191185667,0,0,0,1,0,0,0
3.910048246,1.890033722,rate,circle,-0.04047328606,0.0004919421044,-1.038150787,0,0,-1.381243442,0.01024769805,0.0009099201416,-0.929702878,0,0,-0.9323883092,0.345471994,0.01063272359,0.2231778771,-0.002305410104,0.008944900706,0.003162378678,-0.01903997307,0.01543608575,0.005198263864,0.7170199791,0,0,0,1,0,0,0
3.920068502,1.900053978,rate,circle,-0.04068258405,0.0005615883274,-1.04551661,0,0,-1.390568658,0.01065997221,0.001027334831,-0.9281746745,0,0,-0.9288696954,0.3474425182,0.01073189072,0.21866479,-0.002748707077,0.009938827716,0.003291692818,-0.01856044071,0.01466898758,0.005075959198,0.7172249016,0,0,0,1,0,0,0
3.930057764,1.91004324,rate,circle,-0.04088190198,0.0006309928722,-1.052871227,0,0,-1.39982949,0.01106446516,0.00111722888,-0.9266247749,0,0,-0.9252731296,0.3493590765,0.01120256822,0.2137834782,-0.003894758411,0.009820489213,0.002097405726,-0.01801686624,0.01382206449,0.004986641664,0.717396315,0,0,0,1,0,0,0
3.940161705,1.920147181,rate,circle,-0.04110937566,0.0007317910204,-1.060197353,0,0,-1.409159638,0.01151002571,0.001305873971,-0.9250016212,0,0,-0.921545043,0.3513761404,0.01208858685,0.2090270076,-0.003171757329,0.01148731727,0.003624390811,-0.01735115996,0.01419482756,0.004850591593,0.7175883641,0,0,0,1,0,0,0
3.950050116,1.930035591,rate,circle,-0.04153186828,0.0009324401035,-1.074812531,0,0,-1.418253851,0.0124158347,0.001593659981,-0.9214428663,0,0,-0.9178086179,0.3459446569,0.01303458725,0.2004215716,-0.002840097528,0.01199088339,0.00326111936,-0.01555469289,0.01583957838,0.004557147065,0.7155432371,0,0,0,1,0,0,0
3.96005702,1.940042496,rate,circle,-0.04172702879,0.001031880733,-1.082100987,0,0,-1.427418987,0.0128435092,0.001698409207,-0.919600904,0,0,-0.9139389342,0.3478314686,0.01413853685,0.195325957,-0.002201226307,0.01276268344,0.002987394808,-0.01508844571,0.01485127274,0.004418774336,0.7157086999,0,0,0,1,0,0,0
3.970062494,1.95004797,rate,circle,-0.04195054248,0.001157913241,-1.089365125,0,0,-1.436543652,0.01324944757,0.001865822705,-0.9177578688,0,0,-0.9099808111,0.3497057601,0.01547616819,0.190934663,-0.00306006032,0.01261113491,0.003554058494,-0.01498571299,0.01492605552,0.004261430534,0.7158462618,0,0,0,1,0,0,0
3.980116606,1.960102081,rate,circle,-0.04216466844,0.001283652615,-1.096616268,0,0,-1.445672331,0.01367428713,0.001956392778,-0.9159484506,0,0,-0.905913811,0.3515958503,0.01707359341,0.1864042743,-0.001874103327,0.01171253249,0.003599522868,-0.01469138507,0.01432927011,0.004080893825,0.7159537826,0,0,0,1,0,0,0
3.990073919,1.970059395,rate,circle,-0.04256074503,0.001531999675,-1.111076474,0,0,-1.454672378,0.01450788043,0.002194855362,-0.9119616747,0,0,-0.9017974068,0.3462252286,0.01784960297,0.179669394,-0.001397664892,0.0106954826,0.003669256577,-0.01348950923,0.0159718559,0.003736499889,0.7139428736,0,0,0,1,0,0,0
4.000105858,1.980091333,rate,circle,-0.04278083518,0.001659505768,-1.118271232,0,0,-1.463697979,0.01491885725,0.002293641912,-0.9098953009,0,0,-0.8975610274,0.3480698086,0.01949275243,0.175701794,-0.001562548219,0.01089537889,0.003974081948,-0.0134880308,0.01520497632,0.003551369318,0.7140557176,0,0,0,1,0,0,0
4.010072231,1.990057707,rate,circle,-0.04298985377,0.001786141424,-1.125450969,0,0,-1.472622067,0.01532036718,0.002433855087,-0.9078140855,0,0,-0.8932637529,0.3498272274,0.02126850912,0.1720605797,-0.0008998785634,0.01099250093,0.004278929438,-0.0133754952,0.01496410065,0.00334429835,0.7141255454,0,0,0,1,0,0,0
4.02007556,2.000061035,rate,circle,-0.04318828136,0.001911782776,-1.132610679,0,0,-1.481535734,0.01568584144,0.002501477953,-0.9057016969,0,0,-0.8888617605,0.3515929136,0.02314922182,0.1687253362,-0.0002036521037,0.01082241163,0.005098255817,-0.01351715611,0.01416642498,0.003115073838,0.714180223,0,0,0,1,0,0,0
4.030053616,2.010039091,rate,circle,-0.04337624833,0.002036214806,-1.139754415,0,0,-1.490382572,0.01609946601,0.002589694224,-0.9034213424,0,0,-0.884382278,0.3533068776,0.02506761444,0.1649993593,0.0002661803737,0.01102716383,0.003434180748,-0.01303882374,0.01363298479,0.00293297942,0.7142393291,0,0,0,1,0,0,0
4.040219545,2.020205021,rate,circle,-0.04379072785,0.002317626262,-1.153965831,0,0,-1.499349557,0.01683184132,0.002763347002,-0.8987056613,0,0,-0.8797274383,0.348156456,0.02551705148,0.1608622137,0.0005667019286,0.01255344972,0.003049262799,-0.01296340983,0.01507771616,0.002546461925,0.7123550373,0,0,0,1,0,0,0
4.050066471,2.030051947,rate,circle,-0.04398340732,0.002456762595,-1.161045671,0,0,-1.507989609,0.01718727686,0.002789593069,-0.8962959051,0,0,-0.8751310817,0.3497294271,0.02740682515,0.1578876088,0.000676149677,0.01298877131,0.00384781952,-0.0131023706,0.01382451112,0.002339838039,0.7123656614,0,0,0,1,0,0,0
4.060075283,2.040060759,rate,circle,-0.04437281564,0.002739644842,-1.175134301,0,0,-1.516724883,0.01785751618,0.002861516783,-0.8914898038,0,0,-0.8703708342,0.3444714477,0.02780449672,0.1549055211,0.001637802576,0.01331505179,0.003825377207,-0.01340888801,0.01415969985,0.001916312496,0.7104381301,0,0,0,1,0,0,0
4.070049047,2.050034523,rate,circle,-0.044568941,0.002883939072,-1.18214345,0,0,-1.525381733,0.01824067533,0.002981971484,-0.8889982104,0,0,-0.8655386771,0.3461318055,0.02986576793,0.152800694,0.002485302743,0.01361655351,0.004162514117,-0.01321381075,0.01371753667,0.001698327536,0.7104413774,0,0,0,1,0,0,0
4.080104828,2.060090303,rate,circle,-0.04475425556,0.003026901511,-1.189133167,0,0,-1.53406053,0.01861364022,0.003034317866,-0.8863814473,0,0,-0.8605772676,0.347831843,0.03196138889,0.150601727,0.002526247175,0.01273283735,0.004778520204,-0.01307107216,0.01277373212,0.001464949536,0.7104585543,0,0,0,1,0,0,0
4.090064764,2.07005024,rate,circle,-0.04492925853,0.003168002935,-1.19610405,0,0,-1.542606984,0.01894675195,0.003047116101,-0.8837500811,0,0,-0.8555745442,0.3494180279,0.03408995755,0.1490006356,0.002414884744,0.01116214879,0.004465028178,-0.0132066995,0.01177375045,0.001240771942,0.7104278715,0,0,0,1,0,0,0
4.100181818,2.080167294,rate,circle,-0.04511683807,0.003287507454,-1.20302999,0,0,-1.551236793,0.01931886561,0.003043939359,-0.8809796572,0,0,-0.8504026273,0.3511329008,0.03629654101,0.1469247183,0.002237297827,0.01128832996,0.004331584554,-0.0131145619,0.01054626505,0.001021895112,0.7104359755,0,0,0,1,0,0,0
4.110054731,2.090040207,rate,circle,-0.04545960948,0.003521016333,-1.216821432,0,0,-1.559607468,0.0200697612,0.002954758238,-0.8751974106,0,0,-0.8452678019,0.3458052049,0.03615670599,0.1439427225,0.001851510606,0.01131885592,0.003636784386,-0.01231161005,0.009544378139,0.0006606517675,0.7086362517,0,0,0,1,0,0,0
4.120094538,2.100080013,rate,circle,-0.04561708495,0.003636128735,-1.223685622,0,0,-1.568067209,0.02039901912,0.002984063234,-0.87221241,0,0,-0.8399573234,0.3474087182,0.03828074221,0.1423931808,0.002445001388,0.01254610531,0.00290261046,-0.01241404196,0.008766598294,0.0004974766544,0.7086244134,0,0,0,1,0,0,0
4.130048752,2.110034227,rate,circle,-0.04578816146,0.003734830767,-1.230494857,0,0,-1.576401752,0.02066610008,0.002935514087,-0.8691464663,0,0,-0.8346036629,0.3489442429,0.04035975969,0.1414714844,0.0009251167648,0.01138567738,0.004144434817,-0.01315546784,0.007386532328,0.0003077420871,0.7085968031,0,0,0,1,0,0,0
4.140114069,2.120099545,rate,circle,-0.04594930261,0.00383198238,-1.237283587,0,0,-1.584774683,0.02100211568,0.002913400996,-0.8661182523,0,0,-0.8291006911,0.3505368514,0.0426600118,0.1394268165,0.0007064297679,0.01112221088,0.004082241096,-0.01299099243,0.006384599727,0.000134202149,0.7085429917,0,0,0,1,0,0,0
4.150061846,2.130047321,rate,circle,-0.04624107853,0.004021112341,-1.25079608,0,0,-1.592994973,0.02171206102,0.002717756433,-0.8598421216,0,0,-0.8235734991,0.3453324332,0.04235814885,0.1351874398,0.0002132192603,0.01081257779,0.00319026853,-0.01175761255,0.004514602419,-0.0001908618738,0.7068155254,0,0,0,1,0,0,0
4.160079956,2.140065432,rate,circle,-0.04638807848,0.004096036311,-1.257480621,0,0,-1.601217371,0.02209525742,0.002594569465,-0.8565849662,0,0,-0.8179183303,0.3468769007,0.04460987467,0.1319936746,-0.0007851059781,0.009627269581,0.003558906028,-0.01125181617,0.002764305798,-0.0003415793459,0.7067642477,0,0,0,1,0,0,0
4.170056105,2.15004158,rate,circle,-0.0465246588,0.004168851301,-1.264142394,0,0,-1.609348587,0.02249237895,0.002433597809,-0.8532042503,0,0,-0.8121981973,0.3483521761,0.04683295732,0.1294778265,0.0009140343755,0.009743234143,0.004164845217,-0.01067876376,0.0009139081426,-0.0004926017893,0.7067029627,0,0,0,1,0,0,0
4.180081844,2.16006732,rate,circle,-0.04665097222,0.00423986651,-1.270780802,0,0,-1.617462285,0.02288915217,0.002359044505,-0.849819839,0,0,-0.8063605037,0.349831875,0.04917511775,0.1269091028,0.001029555569,0.00778591726,0.004163180012,-0.01001042202,0.0001886033945,-0.0006432760318,0.7066149411,0,0,0,1,0,0,0
4.190065145,2.170050621,rate,circle,-0.04676705599,0.004309169948,-1.277395725,0,0,-1.625483039,0.02329646051,0.002235690132,-0.8464141488,0,0,-0.8004587401,0.3512413767,0.05157153256,0.1239313165,0.0004606337461,0.006245884113,0.003137753345,-0.009241047312,-0.0008363123879,-0.0007619007657,0.7064908599,0,0,0,1,0,0,0
4.200138569,2.180124044,rate,circle,-0.04698058963,0.004415584728,-1.290492654,0,0,-1.633516029,0.02399867214,0.001869278727,-0.8393705487,0,0,-0.7944139041,0.3462538215,0.05099539552,0.120922497,0.0001277977717,0.005017930176,0.001840390149,-0.007922618089,-0.003556637064,-0.0009273933545,0.7049091131,0,0,0,1,0,0,0
4.210066319,2.190051794,rate,circle,-0.04707695171,0.004451923072,-1.296975136,0,0,-1.641372834,0.02438616753,0.001701169997,-0.8358314037,0,0,-0.7883682318,0.3476288729,0.05338849911,0.1185990179,0.0008796490729,0.003508477705,0.002739488846,-0.0074961085,-0.00462191377,-0.0009954185974,0.7047709143,0,0,0,1,0,0,0
4.2200737,2.200059175,rate,circle,-0.04724087939,0.004519465379,-1.309867382,0,0,-1.649231472,0.0251349248,0.0013695003,-0.828482151,0,0,-0.7821854004,0.3426661818,0.0526975246,0.1160203359,0.002465165686,0.002226876561,0.002194271656,-0.005603083149,-0.006776940487,-0.001094237551,0.7032424598,0,0,0,1,0,0,0
4.230063677,2.210049152,rate,circle,-0.04731290042,0.004529819824,-1.316233873,0,0,-1.657014287,0.0255106166,0.0012704361,-0.8246731162,0,0,-0.7759245339,0.3440789451,0.05503480578,0.1142053753,0.002691858914,0.001930765458,0.002281242516,-0.005426951935,-0.006969476865,-0.001144407993,0.7031333182,0,0,0,1,0,0,0
4.24025631,2.220241785,rate,circle,-0.04737567902,0.004539145622,-1.322575092,0,0,-1.664890059,0.02589512058,0.001106224721,-0.8207803965,0,0,-0.7694452316,0.3456075741,0.05750721829,0.1119268291,0.001839103061,-0.0001208331014,0.002483385149,-0.00508349884,-0.007661713528,-0.001176163301,0.7030327883,0,0,0,1,0,0,0
4.250074148,2.230059624,rate,circle,-0.04742906243,0.004546881653,-1.328890085,0,0,-1.672413353,0.02630257048,0.0008802457014,-0.8168019056,0,0,-0.7631168648,0.3468118013,0.05978865824,0.1099305302,0.002329270588,-0.0001039318086,0.002538212808,-0.004453473606,-0.008905848753,-0.001204678879,0.7028740193,0,0,0,1,0,0,0
4.260217428,2.240202904,rate,circle,-0.04747429863,0.004553954583,-1.335179806,0,0,-1.680120323,0.02668955177,0.0006973820855,-0.8127590418,0,0,-0.7564887383,0.3482219232,0.06228294762,0.1074302547,0.001492952462,-0.001335827867,0.002702532802,-0.00394049952,-0.009460744565,-0.001236905999,0.7027313029,0,0,0,1,0,0,0
4.270084143,2.250069618,rate,circle,-0.04752629623,0.004531696439,-1.341400743,0,0,-1.687552212,0.0270460248,0.0004361366155,-0.8085722923,0,0,-0.7499535857,0.349428283,0.06455873636,0.1068066267,0.003741221037,-0.00423872564,0.002300252905,-0.00396301899,-0.01081526586,-0.001245540201,0.70257391,0,0,0,1,0,0,0
4.280111551,2.260097027,rate,circle,-0.0476036109,0.004483621567,-1.353758693,0,0,-1.695038634,0.02775890939,7.524173998e-05,-0.8000748754,0,0,-0.7432233377,0.3446131239,0.06326657922,0.1042207362,0.004797744565,-0.008156471886,0.002165797865,-0.002032736627,-0.01265199839,-0.001206549916,0.7012563491,0,0,0,1,0,0,0
4.290082455,2.27006793,rate,circle,-0.04762916267,0.004457671195,-1.359894991,0,0,-1.70241551,0.02806287445,-0.000161400385,-0.7957853079,0,0,-0.7364423924,0.3458449274,0.06564398368,0.1034061496,0.004363961052,-0.00758751668,0.001766541973,-0.002589116822,-0.01293880731,-0.001173955619,0.7010734984,0,0,0,1,0,0,0
4.300102711,2.280088186,rate,circle,-0.04766204581,0.004367948975,-1.371995449,0,0,-1.709760338,0.02879102156,-0.0005733721191,-0.7870209217,0,0,-0.7295388541,0.3411390769,0.0642918329,0.1012303297,0.006472855806,-0.009651947767,0.00148329325,-0.0004778175255,-0.01510465423,-0.001077150555,0.6998215492,0,0,0,1,0,0,0
4.310081005,2.290066481,rate,circle,-0.04766540974,0.004321848508,-1.378002048,0,0,-1.717005224,0.02916268446,-0.0007327046478,-0.7825244665,0,0,-0.7225755361,0.342365044,0.06666988287,0.09908261823,0.006943900138,-0.01099935174,0.00161394733,-0.0005498901807,-0.01429875888,-0.001017742332,0.6996439927,0,0,0,1,0,0,0
4.32006979,2.300055265,rate,circle,-0.04766056314,0.004274779931,-1.383983374,0,0,-1.724187693,0.02949828096,-0.0009382816497,-0.7779830694,0,0,-0.7155162543,0.3435531715,0.06908785666,0.09693217981,0.005891806912,-0.01242565177,0.001167698414,-0.0007704870078,-0.01397898882,-0.0009439527625,0.6994400837,0,0,0,1,0,0,0
4.330070496,2.310055971,rate,circle,-0.04765234515,0.004207936116,-1.389889598,0,0,-1.731307649,0.02981109917,-0.001103847288,-0.7733025551,0,0,-0.7083596994,0.3447531555,0.07146673785,0.09509670431,0.006684430409,-0.01311690267,0.001400257694,-0.001069315811,-0.01352494442,-0.0008758084712,0.6992513798,0,0,0,1,0,0,0
4.34015274,2.320138216,rate,circle,-0.04763615504,0.004140585661,-1.395765066,0,0,-1.738412756,0.03015349247,-0.001268541091,-0.7686191201,0,0,-0.7010548029,0.3459678987,0.0739985085,0.09281813889,0.007277556229,-0.01359473914,0.0008970564231,-0.000971661343,-0.01313944028,-0.0007536595952,0.6990315192,0,0,0,1,0,0,0
4.3500669,2.330052376,rate,circle,-0.0476118736,0.004072704818,-1.401609063,0,0,-1.745327153,0.03050431237,-0.001448313124,-0.7637671232,0,0,-0.6937835793,0.3470239227,0.07635644768,0.09054231884,0.007698759437,-0.0142188305,0.001612860011,-0.0006879456678,-0.01296068955,-0.0006498505743,0.6988052355,0,0,0,1,0,0,0
4.360085726,2.340071201,rate,circle,-0.0475554578,0.003911735956,-1.413145304,0,0,-1.752240871,0.03119512461,-0.001844646991,-0.7539973855,0,0,-0.6863468341,0.3424363106,0.07451936412,0.08734084289,0.008491748013,-0.01524012536,0.001483971253,0.001721605789,-0.01510981929,-0.0004291254043,0.697721224,0,0,0,1,0,0,0
4.370066166,2.350051641,rate,circle,-0.04752308503,0.003819033736,-1.418838143,0,0,-1.759053576,0.03152407333,-0.001996321138,-0.7490793467,0,0,-0.6788498697,0.343539764,0.07700605126,0.08566811413,0.009408339858,-0.01639629155,0.0006498157163,0.001219180688,-0.01420167508,-0.0002742742295,0.6974724041,0,0,0,1,0,0,0
4.380199194,2.360184669,rate,circle,-0.04748284072,0.003726012772,-1.424499989,0,0,-1.765893435,0.03185360506,-0.002214911859,-0.7440229654,0,0,-0.6711477042,0.344699853,0.07956357015,0.08411028103,0.008565849625,-0.0162932314,0.001124986447,0.000907993714,-0.01402139574,-0.0001310698576,0.6972276793,0,0,0,1,0,0,0
4.390073299,2.370058775,rate,circle,-0.04739008099,0.003516471013,-1.435656428,0,0,-1.772483002,0.03255265951,-0.002564493567,-0.7337073684,0,0,-0.6635545458,0.3401622053,0.07738004121,0.08127028977,0.009678311646,-0.01557553746,0.0003878812131,0.003522433471,-0.01593720147,0.0001741952807,0.6962625785,0,0,0,1,0,0,0
4.400345325,2.380330801,rate,circle,-0.04733845964,0.003401815193,-1.441150904,0,0,-1.779258089,0.032858558,-0.002758410759,-0.7284572124,0,0,-0.6555634137,0.3414219836,0.0800049971,0.08088043863,0.009739430621,-0.014955841,0.0006103275227,0.002556912578,-0.01526803274,0.0003570790516,0.696030916,0,0,0,1,0,0,0
4.410065651,2.390051126,rate,circle,-0.04727931693,0.003287329571,-1.446611404,0,0,-1.785593275,0.03319159895,-0.002877323655,-0.7231779099,0,0,-0.6479151077,0.342278905,0.08230705088,0.08008409681,0.01117234584,-0.01590515301,0.0006748335436,0.002274396189,-0.0141935467,0.0005495453765,0.6957465115,0,0,0,1,0,0,0
4.42007041,2.400055885,rate,circle,-0.04714187235,0.003037635004,-1.457373261,0,0,-1.792035765,0.03374289349,-0.003185406327,-0.7123216391,0,0,-0.6399552904,0.3379801398,0.07991006256,0.08064294791,0.0107210353,-0.01736903936,0.0003288775333,0.003638898127,-0.01571558713,0.0009404729026,0.694915365,0,0,0,1,0,0,0
4.430062771,2.410048246,rate,circle,-0.04706434533,0.002902747598,-1.462674379,0,0,-1.79839034,0.03397499397,-0.003344897646,-0.7068011165,0,0,-0.6319165286,0.3390113348,0.08229939284,0.08131382597,0.01021099184,-0.01810242236,0.0005277366145,0.002320317273,-0.01469107525,0.001161553973,0.694657997,0,0,0,1,0,0,0
4.44010067,2.420086145,rate,circle,-0.04698032886,0.00276839151,-1.467914224,0,0,-1.804692551,0.03423196822,-0.003458605381,-0.7012368441,0,0,-0.6237517711,0.3400506686,0.0847804584,0.08209543092,0.01162365265,-0.01820990629,0.0004067144182,0.001559899826,-0.01346219441,0.001384042352,0.6943829714,0,0,0,1,0,0,0
4.450073719,2.430059195,rate,circle,-0.04688954353,0.002634700155,-1.473118424,0,0,-1.810872439,0.0345274806,-0.003579821438,-0.6955989003,0,0,-0.6155510643,0.3410034386,0.08725031859,0.08266564833,0.01191850286,-0.01775586046,0.0001696295221,0.001379355691,-0.01259689329,0.001612323773,0.6940860708,0,0,0,1,0,0,0
4.460146427,2.440131903,rate,circle,-0.0467921719,0.002501530806,-1.478286028,0,0,-1.817030614,0.03475487232,-0.00371197192,-0.6899379492,0,0,-0.6071786691,0.3419702616,0.08983751065,0.08434334699,0.01180699561,-0.01795877144,-5.378288552e-05,0.000684251292,-0.01187627877,0.00184451676,0.6937569376,0,0,0,1,0,0,0
4.470090151,2.450075626,rate,circle,-0.04659130797,0.002196836518,-1.488395452,0,0,-1.823026771,0.03522926196,-0.004017892759,-0.6783744693,0,0,-0.5988250241,0.3378663868,0.08709396416,0.08876130045,0.01280839369,-0.01787913032,-0.000391031208,0.002301562538,-0.01412656041,0.002334322293,0.69308001,0,0,0,1,0,0,0
4.480110168,2.460095644,rate,circle,-0.0464820452,0.002045980189,-1.493394852,0,0,-1.828984464,0.03544898704,-0.004107519984,-0.6725167632,0,0,-0.5903183797,0.3387995789,0.08961069495,0.09090617908,0.01158579718,-0.01698682457,0.0005689078826,0.001406616534,-0.01274351098,0.002579092294,0.6927550584,0,0,0,1,0,0,0
4.490096092,2.470081568,rate,circle,-0.04636688158,0.001896131551,-1.498356581,0,0,-1.83483664,0.03567768633,-0.004226027057,-0.6666582823,0,0,-0.5817518897,0.3396650018,0.09219464249,0.09363937232,0.01286160387,-0.01734184101,0.000192229505,0.0007659380056,-0.01188596647,0.002832401933,0.6923905402,0,0,0,1,0,0,0
4.500106812,2.480092287,rate,circle,-0.04625797644,0.001729404088,-1.503228188,0,0,-1.840617039,0.03589840233,-0.004328808747,-0.660702467,0,0,-0.5730751595,0.3405495977,0.09479440327,0.09653743156,0.01248558238,-0.01756026223,0.000277658517,0.0001313205396,-0.01119944785,0.003080175522,0.6920294238,0,0,0,1,0,0,0
4.510073185,2.490058661,rate,circle,-0.0460225381,0.001400170499,-1.512857199,0,0,-1.846285106,0.03630087525,-0.004435054027,-0.6486239433,0,0,-0.5643483772,0.3365920441,0.09186835304,0.1033721309,0.01273910794,-0.01643037982,-0.0005004577106,0.001677763825,-0.01197427745,0.003643539016,0.6914437695,0,0,0,1,0,0,0
4.52018261,2.500168085,rate,circle,-0.04589642212,0.001237898483,-1.517613888,0,0,-1.85194522,0.03647042811,-0.004496878479,-0.6425718665,0,0,-0.555406134,0.3374691891,0.09459481467,0.107199144,0.01253166143,-0.01727481,0.0002709421096,0.000469451976,-0.01062129655,0.003904024848,0.6910378419,0,0,0,1,0,0,0
4.53006053,2.510046005,rate,circle,-0.04578693211,0.001071627717,-1.522301674,0,0,-1.857387961,0.03661224619,-0.004625371657,-0.6363835335,0,0,-0.5465809188,0.3382017321,0.09708944453,0.1118666229,0.01263718493,-0.01548507623,-0.0003119536559,-0.0009369998344,-0.01027518437,0.004178162479,0.6906424167,0,0,0,1,0,0,0
4.540168285,2.520153761,rate,circle,-0.04567311704,0.0009074357804,-1.526949525,0,0,-1.862866651,0.0367047675,-0.004676217213,-0.6300974488,0,0,-0.5374605796,0.3390091043,0.09975317792,0.1170163422,0.01221597008,-0.0148677323,-0.0002475173096,-0.002403415728,-0.009223168942,0.004454926638,0.6902244654,0,0,0,1,0,0,0
4.550086975,2.530072451,rate,circle,-0.04555409029,0.000744785706,-1.531556845,0,0,-1.868152805,0.03686728328,-0.004710908048,-0.6238789558,0,0,-0.528422554,0.3396653804,0.1024368776,0.1205926565,0.01028138585,-0.01433282066,-0.0001399111497,-0.002763183585,-0.008356324117,0.004732973798,0.6897551476,0,0,0,1,0,0,0
4.560212612,2.540198088,rate,circle,-0.04532103613,0.0004203797143,-1.540613532,0,0,-1.873456328,0.03704027459,-0.004838004243,-0.6112688184,0,0,-0.5191057504,0.3359144235,0.09944555963,0.1295990415,0.009729495272,-0.01458108984,-0.001004249207,-0.002617839083,-0.009624208117,0.00529402423,0.6892302631,0,0,0,1,0,0,0
4.570067644,2.55005312,rate,circle,-0.04520757496,0.0002588224888,-1.545062423,0,0,-1.87852709,0.03715146706,-0.004826051183,-0.6048844457,0,0,-0.5099504204,0.3365151942,0.1020587646,0.1340070899,0.009904442355,-0.01494372636,-0.0002953462827,-0.003503108324,-0.008014285054,0.005569957464,0.6887526802,0,0,0,1,0,0,0
4.580224991,2.560210466,rate,circle,-0.0450886637,9.887663327e-05,-1.549469471,0,0,-1.883658528,0.03730059788,-0.004878492095,-0.5984184146,0,0,-0.5004238964,0.3372170273,0.1049669466,0.1378134187,0.010828848,-0.0140537573,0.0006607227842,-0.003974655394,-0.007315777459,0.005814838449,0.6882388016,0,0,0,1,0,0,0
4.590083838,2.570069313,rate,circle,-0.0448455587,-0.0002363198,-1.558121204,0,0,-1.888546189,0.0374885276,-0.004908860195,-0.5851730704,0,0,-0.491089629,0.3334544207,0.1013961565,0.1463839383,0.00978337694,-0.01310553961,-0.001002958626,-0.003213675833,-0.00811647699,0.006367215865,0.6878666081,0,0,0,1,0,0,0
4.600081205,2.580066681,rate,circle,-0.0447220616,-0.0004109116853,-1.562365294,0,0,-1.893408111,0.03754770383,-0.004904967733,-0.5784999132,0,0,-0.4815359844,0.3340502641,0.104095592,0.1510590511,0.009070331231,-0.01219282299,-0.0003543492348,-0.004456783078,-0.006976577165,0.006650915564,0.6873598556,0,0,0,1,0,0,0
4.610085011,2.590070486,rate,circle,-0.04459458217,-0.0005827173591,-1.566565037,0,0,-1.898177116,0.0376608111,-0.004866482224,-0.571767509,0,0,-0.4718872602,0.3345976498,0.1068554324,0.1551886192,0.01001039799,-0.01170058548,0.0001180087929,-0.004935137147,-0.005824456282,0.006914349181,0.6868263698,0,0,0,1,0,0,0
4.620117664,2.60010314,rate,circle,-0.04433059692,-0.0009370846092,-1.574783683,0,0,-1.902862483,0.03773791716,-0.004845018033,-0.5581550002,0,0,-0.4621213696,0.3310615942,0.1032960928,0.1638678627,0.008845726028,-0.01074939966,0.00014046047,-0.004752030643,-0.006683669449,0.007448703591,0.6865215388,0,0,0,1,0,0,0
4.630100012,2.610085487,rate,circle,-0.04419440776,-0.001119724475,-1.578811049,0,0,-1.907426671,0.03780726343,-0.004861642607,-0.5512061715,0,0,-0.4523156492,0.3315759733,0.1059828294,0.1680600866,0.008603259921,-0.009944324382,-0.00024530472,-0.005549806336,-0.006196757304,0.007736143979,0.6859914489,0,0,0,1,0,0,0
4.640210867,2.620196342,rate,circle,-0.04405392334,-0.001300028176,-1.582792521,0,0,-1.911949379,0.03785102442,-0.004796768539,-0.5442790985,0,0,-0.4422934019,0.3320943774,0.1088888945,0.1719254059,0.007223554421,-0.01085087191,0.0005311282002,-0.006235318599,-0.005001616495,0.007994240976,0.6854025375,0,0,0,1,0,0,0
4.650073051,2.630058527,rate,circle,-0.04390907288,-0.001477456884,-1.586727858,0,0,-1.916262792,0.03796468303,-0.004717699718,-0.5373214483,0,0,-0.4324301003,0.332450692,0.1116502071,0.174426955,0.006113964599,-0.009368173778,0.0009416662506,-0.005972763861,-0.004084516226,0.00823314054,0.6848025504,0,0,0,1,0,0,0
4.660096884,2.640082359,rate,circle,-0.04376452789,-0.001670237514,-1.590580344,0,0,-1.920546785,0.03809939325,-0.004667052999,-0.5301949978,0,0,-0.4223165395,0.3328602946,0.1145037419,0.1768384418,0.006371024996,-0.008716985583,0.0004122588143,-0.00564004862,-0.003829179858,0.008481363197,0.6842012759,0,0,0,1,0,0,0
4.670110464,2.65009594,rate,circle,-0.04346174747,-0.002046509646,-1.598142385,0,0,-1.924724729,0.03830929101,-0.004529740196,-0.5157936811,0,0,-0.4121241465,0.3294679632,0.1106141616,0.1818811262,0.006040011998,-0.00796965789,0.0004229157057,-0.003234604957,-0.00477596349,0.008998164451,0.6840423476,0,0,0,1,0,0,0
4.680142403,2.660127878,rate,circle,-0.04330504313,-0.00223010336,-1.601844311,0,0,-1.928807541,0.03831677884,-0.004490838852,-0.508547008,0,0,-0.4018236917,0.3298260967,0.1134821987,0.185642622,0.005559922662,-0.007770665921,-0.0004696349497,-0.004414174777,-0.004304669551,0.009277774932,0.68340592,0,0,0,1,0,0,0
4.690080881,2.670066357,rate,circle,-0.04314846173,-0.002429287881,-1.605437875,0,0,-1.932749983,0.03833018988,-0.004459301475,-0.5011475682,0,0,-0.3915309871,0.3301528545,0.1162105145,0.1885703004,0.004692260642,-0.00789067708,0.0009385748417,-0.005206646956,-0.004217767873,0.009516012244,0.6827986198,0,0,0,1,0,0,0
4.700211048,2.680196524,rate,circle,-0.04298812151,-0.002625559457,-1.608982682,0,0,-1.936662738,0.03836653382,-0.004433616996,-0.4937064052,0,0,-0.3809494069,0.3304982464,0.1191880386,0.1916498299,0.004146952182,-0.006704740692,0.0001433661819,-0.00554899099,-0.00426578746,0.009794811003,0.6821355614,0,0,0,1,0,0,0
4.710083723,2.690069199,rate,circle,-0.0426562652,-0.003009322798,-1.615923166,0,0,-1.940372459,0.03841787204,-0.004359679297,-0.4785951376,0,0,-0.3705490233,0.3272551855,0.1147558386,0.1973208347,0.003867806867,-0.006237675436,0.0002561894944,-0.003943233666,-0.005971692316,0.01031504511,0.6821596301,0,0,0,1,0,0,0
4.720114946,2.700100422,rate,circle,-0.04248512536,-0.003196950071,-1.619317174,0,0,-1.944036147,0.03842319921,-0.004319354426,-0.4709824622,0,0,-0.3598928788,0.3275020878,0.1176260795,0.1998630831,0.004215546418,-0.005718972068,0.001555573195,-0.004614175173,-0.005531681268,0.01053280266,0.681485571,0,0,0,1,0,0,0
4.73007679,2.710062265,rate,circle,-0.0423052609,-0.003371428698,-1.622577548,0,0,-1.947568265,0.03844791278,-0.004311127588,-0.463282913,0,0,-0.3492219173,0.3277500081,0.1204439229,0.2023179998,0.004692640156,-0.006458950695,0.001302251127,-0.004843873812,-0.00538405399,0.01074985873,0.6808305223,0,0,0,1,0,0,0
4.740209579,2.720195055,rate,circle,-0.04212192073,-0.003543273779,-1.625772119,0,0,-1.951051485,0.03850619495,-0.004226943478,-0.4555283189,0,0,-0.3382773457,0.3280144465,0.1234843505,0.2038168604,0.002926792251,-0.005089579616,0.001710392884,-0.004503993542,-0.004693992814,0.01094286989,0.6801261461,0,0,0,1,0,0,0
4.750082731,2.730068207,rate,circle,-0.04174452648,-0.003877997166,-1.632008553,0,0,-1.954338342,0.03862988576,-0.004020681605,-0.4398614466,0,0,-0.3275254252,0.3250448239,0.1188604883,0.4945470409,0.003991198726,-0.006043507718,0.002249992918,-0.001368644352,-0.004934583556,0.02968460009,0.6803037232,0,0,0,1,0,0,0
4.760404825,2.740390301,rate,circle,-0.04154952615,-0.004025181755,-1.634965062,0,0,-1.957660679,0.03871487454,-0.003909207415,-0.4319088161,0,0,-0.3161919564,0.3253844287,0.1220840491,0.4969371724,0.003562585684,-0.006541717332,0.001474100747,-0.001269888112,-0.003817381625,0.02986327038,0.6795788649,0,0,0,1,0,0,0
4.770112991,2.750098467,rate,circle,-0.04135084152,-0.004169736523,-1.637870431,0,0,-1.96067823,0.03882276639,-0.003790088696,-0.4238649309,0,0,-0.3054461436,0.3254722013,0.1246779096,0.4990060662,0.003483347129,-0.007091405336,0.001816545962,-0.0006756304719,-0.002885733564,0.03002438081,0.678934257,0,0,0,1,0,0,0
4.780097246,2.760082722,rate,circle,-0.04094325379,-0.004451159853,-1.643523932,0,0,-1.963672349,0.03894834593,-0.003563375212,-0.4075814486,0,0,-0.2943073486,0.322786574,0.1198361089,0.5021185357,0.00444330927,-0.006218655966,0.003074167762,0.002186587167,-0.002569551006,0.03026419991,0.6792751425,0,0,0,1,0,0,0
4.790079355,2.770064831,rate,circle,-0.04072321951,-0.004559289198,-1.646184087,0,0,-1.966554207,0.03901659697,-0.003409372875,-0.3993498087,0,0,-0.2830823669,0.3229801564,0.122686742,0.5034957449,0.003802490653,-0.006182904355,0.002934109652,0.002088569928,-0.001135520482,0.03037357711,0.6785962875,0,0,0,1,0,0,0
4.80009675,2.780082226,rate,circle,-0.04049982876,-0.004665213637,-1.648788929,0,0,-1.969333162,0.03915411234,-0.003275980707,-0.3910532594,0,0,-0.2717286645,0.3231262996,0.1256269696,0.5049550418,0.003613025881,-0.006622806657,0.002141271019,0.002779213604,-0.0001927489269,0.03049634588,0.6778839999,0,0,0,1,0,0,0
4.810096025,2.790081501,rate,circle,-0.04027302936,-0.004769266117,-1.651340365,0,0,-1.971993219,0.03927370161,-0.003165751463,-0.3826521039,0,0,-0.2603065426,0.3232072328,0.1285335832,0.5059074716,0.004729908891,-0.006972618867,0.00332091609,0.00324944005,0.0004164288935,0.03057998262,0.6771571783,0,0,0,1,0,0,0
4.820310116,2.800295591,rate,circle,-0.03979399055,-0.004946215544,-1.656169176,0,0,-1.974592037,0.03942480683,-0.002855694387,-0.3657827675,0,0,-0.2485472778,0.3209379151,0.1237199678,0.5034438765,0.005594274495,-0.005560951773,0.004177210853,0.006718239213,0.002003143591,0.03045260573,0.6776446764,0,0,0,1,0,0,0
4.83009553,2.810081005,rate,circle,-0.03954127803,-0.005019062664,-1.658447623,0,0,-1.976968699,0.03953751177,-0.002717054449,-0.3572922051,0,0,-0.23719456,0.321005264,0.1264675515,0.4997265045,0.005330497399,-0.004738877993,0.004644087516,0.006899940207,0.002761869128,0.0302439783,0.67695432,0,0,0,1,0,0,0
4.840103865,2.82008934,rate,circle,-0.03928560391,-0.005090464372,-1.660672665,0,0,-1.97928415,0.03965562955,-0.002603166737,-0.3486893773,0,0,-0.2254951706,0.3210647137,0.1294455793,0.4962942742,0.006394485477,-0.004110624082,0.003819636535,0.007103966947,0.003133908187,0.03005163893,0.6762017155,0,0,0,1,0,0,0
4.850095987,2.830081463,rate,circle,-0.0390275009,-0.005160396919,-1.662842989,0,0,-1.9814786,0.03970098123,-0.002459234325,-0.3400017321,0,0,-0.2137259121,0.3210582938,0.1323925922,0.4923161389,0.007468938828,-0.003181959968,0.005206377245,0.006722072604,0.003750100294,0.02981498327,0.6754289011,0,0,0,1,0,0,0
4.86012578,2.840111256,rate,circle,-0.03876428679,-0.005210252944,-1.664831996,0,0,-1.983562609,0.03972935677,-0.002335168188,-0.3312396407,0,0,-0.2018230322,0.3211215045,0.1353976859,0.4877651416,0.008770180866,-0.001446589944,0.006225583609,0.006344514044,0.00422023824,0.02954146664,0.6746667627,0,0,0,1,0,0,0
4.870132446,2.850117922,rate,circle,-0.03823100403,-0.005306083709,-1.66865027,0,0,-1.985522397,0.03986890242,-0.001981365494,-0.3136849403,0,0,-0.1898584876,0.3192142059,0.130101674,0.4788424412,0.01072555594,-0.0001950311562,0.006040534005,0.009863433241,0.005897855419,0.02898825644,0.6754105087,0,0,0,1,0,0,0
4.880114794,2.860100269,rate,circle,-0.03796125576,-0.005351229571,-1.670477986,0,0,-1.987357689,0.0398705788,-0.001740812673,-0.3048072457,0,0,-0.1778343366,0.3191902861,0.1330970065,0.4741804053,0.01221992355,0.001285452978,0.00619374821,0.008644308189,0.006930146295,0.02869507738,0.674615216,0,0,0,1,0,0,0
4.890125751,2.870111227,rate,circle,-0.037697386,-0.005361147691,-1.672132134,0,0,-1.989077251,0.03993598744,-0.001507265726,-0.2958196998,0,0,-0.1656867669,0.3192241248,0.1361313159,0.4690040948,0.01277852338,0.002059455495,0.007006077562,0.008250187015,0.008002618809,0.02837042967,0.6738374055,0,0,0,1,0,0,0
4.900161982,2.880147457,rate,circle,-0.0374311544,-0.005369720049,-1.6737324,0,0,-1.990678636,0.03999458998,-0.001292454544,-0.2867544889,0,0,-0.1534191096,0.3191940504,0.1392104919,0.4620614193,0.0136084836,0.002243282972,0.007807181217,0.007880701834,0.008704622499,0.02793583001,0.6730255682,0,0,0,1,0,0,0
4.910125494,2.89011097,rate,circle,-0.03716261685,-0.005377026275,-1.67527771,0,0,-1.99214619,0.04004715756,-0.001067532459,-0.277657181,0,0,-0.1411517744,0.3190855778,0.1422625759,0.4552241406,0.01478038728,0.002524062525,0.007487583905,0.007558249963,0.009383024384,0.02750329791,0.6721933813,0,0,0,1,0,0,0
4.920161724,2.9001472,rate,circle,-0.03661527112,-0.005353142973,-1.678083897,0,0,-1.99350044,0.04005098343,-0.0006418449339,-0.2593444884,0,0,-0.1287056975,0.3175798015,0.1366418198,0.4404504527,0.0158648137,0.005376753397,0.009210659191,0.009498291325,0.01162437433,0.02655797067,0.6731544983,0,0,0,1,0,0,0
4.930101633,2.910087109,rate,circle,-0.03633704782,-0.005322346929,-1.679345489,0,0,-1.994718135,0.04001796246,-0.0004140703531,-0.2499980927,0,0,-0.1162908205,0.3175037234,0.1395680601,0.4324561084,0.01655061543,0.00588333793,0.009605526924,0.008000437121,0.01204716111,0.02604673318,0.6723603433,0,0,0,1,0,0,0
4.940212011,2.920197487,rate,circle,-0.03605734184,-0.005290674511,-1.680550933,0,0,-1.995829664,0.04000556469,-0.0001621917763,-0.2405705005,0,0,-0.1035729326,0.3173780104,0.1427193229,0.4238596512,0.01589436457,0.006549674086,0.01064085308,0.007038556604,0.01254127056,0.02549927938,0.6714918273,0,0,0,1,0,0,0
4.950098276,2.930083752,rate,circle,-0.03549246863,-0.005194420926,-1.68267417,0,0,-1.996791778,0.04003003612,0.0002847188734,-0.2215266377,0,0,-0.09104909475,0.3161590887,0.1364803065,0.4060798904,0.01624088176,0.007194660138,0.01108712517,0.009470446306,0.01492082536,0.02436317796,0.6727239877,0,0,0,1,0,0,0
4.960193872,2.940179348,rate,circle,-0.0352075696,-0.005129797384,-1.683592916,0,0,-1.99764604,0.03997471556,0.000568356365,-0.2118973732,0,0,-0.07817042027,0.316062103,0.1395750653,0.396900561,0.01606332138,0.008642109111,0.01156035531,0.007796119137,0.01538479721,0.02376961623,0.6718765056,0,0,0,1,0,0,0
4.970097065,2.950082541,rate,circle,-0.03492163867,-0.005064531229,-1.684454441,0,0,-1.998357258,0.03992800415,0.0008167406195,-0.2022401541,0,0,-0.06544916698,0.3158799599,0.1425015325,0.3863529452,0.01629330777,0.008574899286,0.01225447189,0.006585539173,0.01551149241,0.02309220399,0.6710449649,0,0,0,1,0,0,0
4.980108976,2.960094452,rate,circle,-0.03434570506,-0.004932979587,-1.686047912,0,0,-1.998947779,0.03991914913,0.001239261474,-0.1829351932,0,0,-0.05249964067,0.3148178663,0.1364130038,0.3645585777,0.01683563553,0.01029642951,0.01236063801,0.008612687081,0.01714845168,0.02170190149,0.6722927849,0,0,0,1,0,0,0
4.990095377,2.970080853,rate,circle,-0.03405607864,-0.004831511993,-1.686638355,0,0,-1.999407197,0.03983748704,0.00155304349,-0.1731976569,0,0,-0.03949434982,0.3146545863,0.1395206495,0.3535703318,0.01684865728,0.01136177313,0.0139307715,0.006837629365,0.0177376413,0.02097767674,0.6714165698,0,0,0,1,0,0,0
5.00028944,2.980274916,rate,circle,-0.03376558423,-0.004729846958,-1.687170982,0,0,-1.999741751,0.03978276998,0.001786616864,-0.1634031981,0,0,-0.02612718843,0.3144248265,0.1429355226,0.3424790776,0.01747327857,0.01237210631,0.01338953432,0.005539630525,0.017378121,0.02026146921,0.6704387978,0,0,0,1,0,0,0
5.010107756,2.990093231,rate,circle,-0.03347428143,-0.004628414754,-1.687645197,0,0,-1.999934715,0.03973508626,0.001969911158,-0.1536550522,0,0,-0.01316540548,0.3141125477,0.1460140352,0.330923853,0.01645377092,0.01365940832,0.01388030685,0.00468352102,0.01665330968,0.01953338563,0.6695219839,0,0,0,1,0,0,0
5.0204041,3.000389576,rate,circle,-0.03318198398,-0.004527403973,-1.68806076,0,0,-2,0.03966964409,0.002149663866,-0.1438812912,0,0,0,0.3137317813,0.1492652929,0.3192594174,0.01713092998,0.0140926633,0.01448844373,0.003686988757,0.01592780413,0.01879078666,0.66853504,0,0,0,1,0,0,0
5.030100584,3.01008606,rate,circle,-0.03259439394,-0.004259842914,-1.688459039,0,0,-2,0.03957531229,0.002527988749,-0.1241649613,0,0,0,0.3132703486,0.1303439054,0.2953913893,0.01546811033,0.01601424254,0.01549064368,0.005970918894,0.01826922875,0.01727424475,0.6733897404,0,0,0,1,0,0,0
5.040256023,3.020241499,rate,circle,-0.03229922429,-0.004127268214,-1.688563108,0,0,-2,0.03952324763,0.002736208728,-0.114238821,0,0,0,0.3131344945,0.1209135317,0.2821480247,0.01481364109,0.01675846055,0.01595634222,0.004943399581,0.01758915742,0.01644063259,0.6758687844,0,0,0,1,0,0,0
5.050134659,3.030120134,rate,circle,-0.03200350702,-0.00399537757,-1.68860805,0,0,-2,0.03941289708,0.0029349213,-0.1042281613,0,0,0,0.3130577164,0.111469726,0.2687077882,0.01376926713,0.01733702235,0.01679509319,0.003716884407,0.0170005514,0.01558685908,0.6783906887,0,0,0,1,0,0,0
5.060176134,3.04016161,rate,circle,-0.03170690686,-0.003835563548,-1.688453674,0,0,-2,0.0392963998,0.003130079014,-0.09414752573,0,0,0,0.3131791062,0.1020674338,0.2559635145,0.01450084057,0.01724792272,0.01606944948,0.002644399554,0.01672751087,0.01475840851,0.681002529,0,0,0,1,0,0,0
5.070101023,3.050086498,rate,circle,-0.03141034767,-0.003676686902,-1.688242316,0,0,-2,0.03913418204,0.003387152916,-0.08418940753,0,0,0,0.3133575934,0.09290217085,0.2432318507,0.01429147646,0.01764576323,0.01703204401,0.001446307532,0.01705580505,0.01390097641,0.6836039354,0,0,0,1,0,0,0
5.080101728,3.060087204,rate,circle,-0.03081705794,-0.003361955984,-1.687653184,0,0,-2,0.03888221085,0.003721621353,-0.06513396651,0,0,0,0.3138813905,0.07594807686,0.2168803141,0.01221537217,0.01880587637,0.01785037853,0.002607612312,0.0183997043,0.0121885087,0.6886488842,0,0,0,1,0,0,0
5.090111494,3.07009697,rate,circle,-0.03052630089,-0.003169980133,-1.687142491,0,0,-2,0.03879359365,0.003894478315,-0.05602073669,0,0,0,0.3143592285,0.06825271283,0.2037214565,0.01172056701,0.0184779577,0.01755555905,0.001909814769,0.01753460695,0.01133646682,0.6911445712,0,0,0,1,0,0,0
5.100401402,3.080386877,rate,circle,-0.03023496829,-0.002979926066,-1.686564922,0,0,-2,0.0387140438,0.004082926083,-0.04719648883,0,0,0,0.3149040825,0.06117970276,0.1906271531,0.01157646347,0.01887778752,0.01744759828,0.00140778229,0.01681865188,0.01048429535,0.6935912263,0,0,0,1,0,0,0
5.110096216,3.090081692,rate,circle,-0.02965235338,-0.002604808658,-1.685279727,0,0,-2,0.03839869425,0.004401186481,-0.03104460798,0,0,0,0.3161248129,0.04957416512,0.1649290145,0.009758775122,0.01754589006,0.01729154587,0.002136235847,0.0185688766,0.008732852872,0.6981521784,0,0,0,1,0,0,0
5.120188236,3.100173712,rate,circle,-0.02936457098,-0.002395543735,-1.684459805,0,0,-2,0.03821703792,0.004550448153,-0.02365466766,0,0,0,0.3169126552,0.04517512443,0.1526466099,0.009000690654,0.01809193753,0.01716788672,0.0007375318557,0.01740290605,0.00786862308,0.7003229594,0,0,0,1,0,0,0
5.13011241,3.110097885,rate,circle,-0.02907719649,-0.002188720042,-1.683607936,0,0,-2,0.03803759813,0.004624935798,-0.01666529663,0,0,0,0.3177329257,0.04178493765,0.1400548965,0.008177483454,0.01782240346,0.01808628999,-0.0003227003918,0.01583194561,0.006980769234,0.7024037601,0,0,0,1,0,0,0
5.140166283,3.120151758,rate,circle,-0.02879005857,-0.001984353643,-1.682726502,0,0,-2,0.03787740692,0.004782282747,-0.01007650793,0,0,0,0.3185832346,0.03948549348,0.1285708352,0.008538957685,0.01817240193,0.01689464413,-0.0009396720549,0.01518103106,0.00613370304,0.7043937155,0,0,0,1,0,0,0
5.150098801,3.130084276,rate,circle,-0.02850321122,-0.00178195443,-1.681818724,0,0,-2,0.03770462051,0.004947747104,-0.003976936452,0,0,0,0.3194603778,0.0382352538,0.1180371559,0.008435612544,0.01812487282,0.0163901858,-0.001496203722,0.01471568968,0.005308937241,0.7062691773,0,0,0,1,0,0,0
5.160114765,3.140100241,rate,circle,-0.02792045474,-0.001320602722,-1.67976439,0,0,-2,0.03733569384,0.005323067307,0.006888190284,0,0,0,0.3214531719,0.03833713924,0.09841692784,0.006803507917,0.01874596626,0.01758694462,-0.0003683829782,0.01760680558,0.003608878514,0.709768405,0,0,0,1,0,0,0
5.170106411,3.150091887,rate,circle,-0.0276297722,-0.001093464089,-1.678715825,0,0,-2,0.03717402369,0.005430008285,0.01195442956,0,0,0,0.3224718918,0.03942462953,0.08881603794,0.005518332589,0.01871490106,0.01884571835,-0.0008177051441,0.01605561289,0.002735071835,0.7114329143,0,0,0,1,0,0,0
5.18034482,3.160330296,rate,circle,-0.02704964019,-0.0006194573361,-1.676491141,0,0,-2,0.03685996681,0.00563485641,0.02104120702,0,0,0,0.3246383348,0.04281519769,0.07481924951,0.0056921551,0.01831395552,0.01750090159,0.0006209693121,0.01700660767,0.001010760627,0.7145430235,0,0,0,1,0,0,0
5.190112114,3.170097589,rate,circle,-0.02676002122,-0.0003729229211,-1.675320745,0,0,-2,0.03668593243,0.005733297206,0.02507641353,0,0,0,0.3257803812,0.04480574573,0.07124364553,0.004750576336,0.01725340635,0.01761545613,2.24893299e-06,0.01565681399,0.0001540229488,0.7159902672,0,0,0,1,0,0,0
5.200321198,3.180306673,rate,circle,-0.02647117898,-0.0001296914561,-1.674143553,0,0,-2,0.0364872925,0.005794499535,0.02882948704,0,0,0,0.3269299074,0.04686190416,0.07056723032,0.004198720213,0.01609293744,0.01744419336,-0.0007106179866,0.01421071287,-0.0006879042197,0.7173684259,0,0,0,1,0,0,0
5.210107327,3.190092802,rate,circle,-0.02618299425,0.0001100641239,-1.672961235,0,0,-2,0.0363458544,0.005833615083,0.03222062439,0,0,0,0.3280852253,0.04892055634,0.07191431129,0.005154869985,0.01600631513,0.01596952975,-0.0007432033464,0.01288679675,-0.001477961953,0.7186566872,0,0,0,1,0,0,0
5.220338821,3.200324297,rate,circle,-0.02589285187,0.0003706656862,-1.671667337,0,0,-2,0.03611139208,0.005905422382,0.03531448916,0,0,0,0.329352265,0.05085292318,0.07616571501,0.00348547264,0.01602520235,0.01622881554,-0.001413864731,0.01229840307,-0.002267307371,0.7199099887,0,0,0,1,0,0,0
5.230108976,3.210094452,rate,circle,-0.02531621791,0.0008802360389,-1.669086933,0,0,-2,0.03568010405,0.005960502196,0.04064607248,0,0,0,0.331881219,0.05441232047,0.08878440347,0.002756833797,0.01659315079,0.01616444439,-0.0003506801133,0.01333571482,-0.003813719255,0.7221968435,0,0,0,1,0,0,0
5.240147829,3.220133305,rate,circle,-0.02502937056,0.00112941151,-1.667803049,0,0,-2,0.03549455479,0.00599459419,0.04291219264,0,0,0,0.3331404496,0.05601120296,0.09630134576,0.001431280863,0.01678195037,0.01635202207,-0.0005324197015,0.01196849911,-0.004580233288,0.7232366738,0,0,0,1,0,0,0
5.250085354,3.230070829,rate,circle,-0.0247432813,0.001374798594,-1.666525126,0,0,-2,0.03535789996,0.006017217413,0.04500184953,0,0,0,0.3343943958,0.05754610722,0.1046069918,0.002228575991,0.01595579274,0.01591011696,-0.0002287914979,0.01075027804,-0.005337339736,0.7242296156,0,0,0,1,0,0,0
5.260117292,3.240102768,rate,circle,-0.02446252294,0.001628986909,-1.665192962,0,0,-2,0.0351165086,0.006124222651,0.04689083993,0,0,0,0.3357034726,0.05890183486,0.1138278459,0.002004895126,0.01489481609,0.01462572906,-0.00077670514,0.01070461043,-0.006051737827,0.7251913255,0,0,0,1,0,0,0
5.27010417,3.250089645,rate,circle,-0.02390438691,0.0021259645,-1.662558317,0,0,-2,0.03471255675,0.006075925659,0.05007194728,0,0,0,0.3382939975,0.06122971805,0.1333001847,0.002160942648,0.01286914758,0.01493940037,0.0004016137911,0.01103142529,-0.007479296829,0.7269525803,0,0,0,1,0,0,0
5.280129433,3.260114908,rate,circle,-0.02362662926,0.002368197078,-1.661257267,0,0,-2,0.03458943591,0.006056789774,0.05132728815,0,0,0,0.3395739465,0.06219006583,0.1426333158,0.00193188875,0.012344894,0.01453035884,0.0006949038996,0.009635018524,-0.008160531047,0.7277423572,0,0,0,1,0,0,0
5.290110111,3.270095587,rate,circle,-0.02335841767,0.002623102395,-1.659904122,0,0,-2,0.03436936066,0.006005619187,0.05247781798,0,0,0,0.3409071755,0.0630177895,0.1523769758,0.0004933255841,0.01133387256,0.0143921962,0.0001547608622,0.008562009667,-0.008830423013,0.7285243854,0,0,0,1,0,0,0
5.300138712,3.280124187,rate,circle,-0.02309137583,0.002873603487,-1.65856564,0,0,-2,0.03412459046,0.005995989777,0.05347748846,0,0,0,0.3422263741,0.06372033693,0.1614520932,-0.00076624949,0.01154403295,0.01284237951,-0.0003131348612,0.008031719455,-0.009451722137,0.7292628684,0,0,0,1,0,0,0
5.310115814,3.29010129,rate,circle,-0.02256000973,0.003361811629,-1.655937195,0,0,-2,0.03375151753,0.005919641815,0.05487995595,0,0,0,0.3448180241,0.06469943323,0.1790928569,-0.00189983577,0.01078275684,0.01211728808,0.001417787367,0.008803168451,-0.01066136852,0.7305709459,0,0,0,1,0,0,0
5.320158243,3.300143719,rate,circle,-0.02229834348,0.003630112624,-1.65459764,0,0,-2,0.03357899934,0.005827318877,0.05533216521,0,0,0,0.346140411,0.06498580883,0.1878678916,-0.001606752281,0.01116486266,0.01253587194,0.001450788953,0.007590734457,-0.01124742844,0.7311710119,0,0,0,1,0,0,0
5.330100536,3.310086012,rate,circle,-0.02203745581,0.003893251764,-1.653277516,0,0,-2,0.03336846828,0.005777117331,0.05569860339,0,0,0,0.3474439344,0.06518561329,0.1967971745,-0.001389983576,0.01166428905,0.01254229248,0.00128441192,0.006962220374,-0.01182984231,0.7317422973,0,0,0,1,0,0,0
5.340170622,3.320156097,rate,circle,-0.0217775628,0.004151655827,-1.651976466,0,0,-2,0.03317131475,0.005742903333,0.05596859008,0,0,0,0.3487289472,0.06531309315,0.2055208606,0.0002683504135,0.009510424919,0.01217344217,0.001252371037,0.006628684365,-0.01239204037,0.7322822291,0,0,0,1,0,0,0
5.350086927,3.330072403,rate,circle,-0.02125468664,0.004677223973,-1.649403811,0,0,-2,0.03280562907,0.005585511681,0.05603589863,0,0,0,0.3512710153,0.06517230374,0.2221410116,0.0008688629023,0.008652440272,0.01108161267,0.002772126881,0.007597158651,-0.01344953552,0.7332315571,0,0,0,1,0,0,0
5.360284567,3.340270042,rate,circle,-0.0209917035,0.004943330772,-1.648134112,0,0,-2,0.03261402994,0.005411033984,0.0558927916,0,0,0,0.3525261565,0.064938112,0.2295498289,0.0003677727364,0.008668186143,0.009742564522,0.002527671307,0.006037860715,-0.01391489681,0.7336553228,0,0,0,1,0,0,0
5.370094299,3.350079775,rate,circle,-0.02072973736,0.005203592591,-1.646886945,0,0,-2,0.03240934759,0.005306807347,0.05566529557,0,0,0,0.3537592814,0.06463089932,0.2364770371,-8.994469681e-05,0.008718201891,0.009044612758,0.002411055492,0.005401692433,-0.01435213751,0.7340495675,0,0,0,1,0,0,0
5.380424976,3.360410452,rate,circle,-0.02020599507,0.005711219739,-1.644436121,0,0,-2,0.03203799203,0.00512521062,0.05482700467,0,0,0,0.3561833409,0.06370793639,0.2494777992,0.0003438391141,0.00839159824,0.008788046427,0.003834644719,0.006061157766,-0.01516480804,0.7347251361,0,0,0,1,0,0,0
5.390103817,3.370089293,rate,circle,-0.01994389482,0.005958439782,-1.643234372,0,0,-2,0.03188003227,0.005007927772,0.0543249771,0,0,0,0.3573723201,0.06318717382,0.255810876,0.001336631598,0.008164350875,0.008686753921,0.003928044805,0.00511000399,-0.01555754821,0.7350333238,0,0,0,1,0,0,0
5.400173426,3.380158901,rate,circle,-0.01968251355,0.006200469565,-1.642058253,0,0,-2,0.03174129501,0.004881596658,0.05370172486,0,0,0,0.3585361086,0.06257167928,0.2616511842,0.0008225632482,0.006650629919,0.007947911508,0.004188485812,0.004266327184,-0.01592107141,0.7353014924,0,0,0,1,0,0,0
5.410094738,3.390080214,rate,circle,-0.01942176931,0.00643737847,-1.640906334,0,0,-2,0.03160519153,0.004783225711,0.05301648006,0,0,0,0.3596761126,0.06190730601,0.2673026095,0.0015233343,0.006306044292,0.007789563388,0.004485190393,0.003832957959,-0.01627218122,0.7355451948,0,0,0,1,0,0,0
5.420134783,3.400120258,rate,circle,-0.019155154,0.006664827466,-1.639743328,0,0,-2,0.03140214458,0.004692574963,0.05229289085,0,0,0,0.3608271186,0.06117729462,0.2730882849,0.001001579338,0.007115532178,0.008230190724,0.004296997476,0.003466284256,-0.01662907061,0.7357831652,0,0,0,1,0,0,0
5.430098057,3.410083532,rate,circle,-0.01862584427,0.007105640601,-1.637492061,0,0,-2,0.03104446828,0.004451787099,0.05071846768,0,0,0,0.3630556683,0.05963170619,0.282374165,0.003040913725,0.006313764025,0.005923444871,0.005533102437,0.003613736734,-0.01718914959,0.736199734,0,0,0,1,0,0,0
5.440098047,3.420083523,rate,circle,-0.01836267859,0.007318538148,-1.636404157,0,0,-2,0.03087322786,0.004271398298,0.04980133474,0,0,0,0.3641327866,0.05875009774,0.2865418061,0.00250708079,0.005526912864,0.005377162248,0.005281030303,0.002401216383,-0.01744063335,0.7363613662,0,0,0,1,0,0,0
5.450121641,3.430107117,rate,circle,-0.01809524558,0.00753407646,-1.635307074,0,0,-2,0.03070621938,0.004083363805,0.04888632149,0,0,0,0.3652192914,0.05787415828,0.290214054,0.002832386876,0.004603061825,0.004562802613,0.00518890205,0.001454924664,-0.01766214708,0.736526864,0,0,0,1,0,0,0
5.460169077,3.440154552,rate,circle,-0.01782913506,0.007744406816,-1.634247303,0,0,-2,0.03051057644,0.00390848238,0.04789770022,0,0,0,0.3662688756,0.05692417058,0.2936611084,0.002133286092,0.003723249538,0.005056452937,0.004957769041,0.0008502060187,-0.0178725158,0.7366601789,0,0,0,1,0,0,0
5.470111132,3.450096607,rate,circle,-0.01730030589,0.008149431087,-1.632205248,0,0,-2,0.03020719066,0.003542653518,0.04565319419,0,0,0,0.3682915876,0.05485653016,0.2986966825,0.004398805555,0.003498113016,0.003330547595,0.006424986023,0.0004782873953,-0.018170055,0.7368309896,0,0,0,1,0,0,0
5.480237484,3.46022296,rate,circle,-0.01702959463,0.008336837403,-1.631184697,0,0,-2,0.03002074175,0.003335353918,0.04450497776,0,0,0,0.369302366,0.05378719705,0.3010420952,0.003640539246,0.003847331507,0.003131499281,0.005973141121,-0.0004567347267,-0.01830809838,0.7369095951,0,0,0,1,0,0,0
5.4900949,3.470080376,rate,circle,-0.01676032133,0.008519235998,-1.630190849,0,0,-2,0.02984116971,0.003129484598,0.04329647496,0,0,0,0.3702867722,0.05267707118,0.3029942104,0.002813037252,0.003978651948,0.002500830451,0.005771930695,-0.001252524733,-0.01841970623,0.7369632408,0,0,0,1,0,0,0
5.500290871,3.480276346,rate,circle,-0.01649246924,0.008696515113,-1.629223466,0,0,-2,0.02966647781,0.002887675073,0.0421063453,0,0,0,0.3712450257,0.05158859261,0.304651732,0.004268086981,0.002741074422,0.002038943348,0.005528923314,-0.002181298055,-0.01851275654,0.7370119317,0,0,0,1,0,0,0
5.510097265,3.490082741,rate,circle,-0.0162259154,0.008868629113,-1.628281951,0,0,-2,0.02951381169,0.002661060309,0.04090219736,0,0,0,0.3721777007,0.05050877222,0.3056580141,0.004674514756,0.0007561260718,0.0009790118784,0.005560872101,-0.002772097235,-0.01857007119,0.7370477209,0,0,0,1,0,0,0
5.520108938,3.500094414,rate,circle,-0.0156756416,0.009194206446,-1.626460671,0,0,-2,0.02908535488,0.002148869913,0.03830859065,0,0,0,0.3739811348,0.04814689635,0.3059226892,0.005476282444,0.001136743696,-0.001637479174,0.005849958963,-0.004163234805,-0.01856826217,0.7370498371,0,0,0,1,0,0,0
5.530109882,3.510095358,rate,circle,-0.01539210416,0.009348147549,-1.625581026,0,0,-2,0.0289401561,0.001956109656,0.0369297415,0,0,0,0.3748518011,0.04695918236,0.3054462279,0.005860064644,0.0008495087968,-0.0007969145663,0.005966234396,-0.004297184789,-0.01853422917,0.7370189462,0,0,0,1,0,0,0
5.540098906,3.520084381,rate,circle,-0.01483016089,0.009642245248,-1.623899817,0,0,-2,0.02858640999,0.001506338594,0.03433746099,0,0,0,0.3765159411,0.04470473263,0.3029752616,0.005458699074,-0.0007390056271,-0.002672957955,0.00691224851,-0.00513792776,-0.01836945559,0.7369707383,0,0,0,1,0,0,0
5.550081253,3.530066729,rate,circle,-0.0145323351,0.009769243188,-1.623068213,0,0,-2,0.02840154059,0.001207016525,0.03308462352,0,0,0,0.3773383079,0.04361991185,0.3015288965,0.006142525468,-0.0006081334432,-0.002809475409,0.00646951667,-0.006164442623,-0.01826796841,0.7369542848,0,0,0,1,0,0,0
5.560108423,3.540093899,rate,circle,-0.01423684135,0.009891346097,-1.622261763,0,0,-2,0.02820740826,0.0009329767781,0.03179639578,0,0,0,0.3781358253,0.04251516331,0.3000245468,0.005688925274,-0.0005983237061,-0.002691408852,0.006074542963,-0.006824912221,-0.01816371974,0.7369197576,0,0,0,1,0,0,0
5.570079088,3.550064564,rate,circle,-0.01394391246,0.01000871696,-1.621480465,0,0,-2,0.02798717655,0.0006503805635,0.03046210483,0,0,0,0.3789084923,0.04137203013,0.2983018499,0.004866547883,-0.000176388683,-0.003171773162,0.005573772068,-0.007496103978,-0.01804272519,0.7368644133,0,0,0,1,0,0,0
5.580109596,3.560095072,rate,circle,-0.01365339756,0.0101214936,-1.620734572,0,0,-2,0.02780734003,0.0004153219052,0.02912848257,0,0,0,0.3796460516,0.04027268489,0.2966511889,0.004853977822,-0.001411395031,-0.002636481775,0.005540219113,-0.007675522718,-0.01793239659,0.7367964726,0,0,0,1,0,0,0
5.59011054,3.570096016,rate,circle,-0.01303435024,0.01033771317,-1.619278669,0,0,-2,0.0274437312,-9.95302762e-05,0.02651995234,0,0,0,0.3810846287,0.03816380695,0.2912082255,0.006452358328,-0.005429606419,-0.004862886854,0.006888822155,-0.008892807619,-0.01758881052,0.7366624918,0,0,0,1,0,0,0
5.600111961,3.580097437,rate,circle,-0.01272895001,0.01043915469,-1.618586898,0,0,-2,0.02722035721,-0.0003346393351,0.0251482781,0,0,0,0.3817681975,0.0370607032,0.287711697,0.006184170023,-0.005901189055,-0.004909418989,0.006267123929,-0.00861056324,-0.01738322986,0.7365653012,0,0,0,1,0,0,0
5.610086441,3.590071917,rate,circle,-0.01242663246,0.01053655241,-1.617919564,0,0,-2,0.02700503357,-0.0005408345605,0.02375905588,0,0,0,0.3824276396,0.03597300483,0.2833433117,0.005306779407,-0.006383107975,-0.006580158137,0.005897024705,-0.008151721889,-0.01712730029,0.7364548331,0,0,0,1,0,0,0
5.620112419,3.600097895,rate,circle,-0.01212078054,0.0106269354,-1.617271185,0,0,-2,0.02680674568,-0.0008189363871,0.02242824994,0,0,0,0.3830681284,0.03496138822,0.2791553508,0.004885800183,-0.006414414849,-0.006492101122,0.005743890186,-0.008452609938,-0.01687095927,0.7363522629,0,0,0,1,0,0,0
5.630089045,3.61007452,rate,circle,-0.01151745487,0.01079581212,-1.616043687,0,0,-2,0.02646976896,-0.001221213606,0.01978712156,0,0,0,0.3842806939,0.03307068507,0.2704154557,0.005122466013,-0.008942400105,-0.006026432384,0.007325085918,-0.008549083468,-0.01635690504,0.736127381,0,0,0,1,0,0,0
5.640128613,3.620114088,rate,circle,-0.01121951081,0.01087424718,-1.61546123,0,0,-2,0.02633178979,-0.00146177155,0.01841542497,0,0,0,0.3848560667,0.03216563083,0.2656102489,0.005603927653,-0.008489714004,-0.007387121674,0.007285139727,-0.008365461265,-0.01607066696,0.7359906262,0,0,0,1,0,0,0
5.650089025,3.630074501,rate,circle,-0.01090950705,0.01095105894,-1.614899635,0,0,-2,0.02614671923,-0.001660008682,0.01709081419,0,0,0,0.3854104746,0.03128102436,0.2608172891,0.006167916581,-0.009133066051,-0.007043669466,0.007030082803,-0.00779361689,-0.01579360136,0.7358582691,0,0,0,1,0,0,0
5.660339355,3.640324831,rate,circle,-0.01060240436,0.0110240262,-1.614359856,0,0,-2,0.02596600913,-0.001907372149,0.01583762839,0,0,0,0.3859433392,0.0304746152,0.2555540717,0.006737943739,-0.008607493713,-0.008297496475,0.00673733209,-0.007746344102,-0.01548010019,0.7357360831,0,0,0,1,0,0,0
5.670066595,3.650052071,rate,circle,-0.009997224435,0.01115784608,-1.613344193,0,0,-2,0.02553162724,-0.002340169391,0.01332501508,0,0,0,0.3869459336,0.02889457404,0.2434583621,0.006753792521,-0.008832334541,-0.009179087356,0.007190399354,-0.008228372574,-0.01476301978,0.7354669744,0,0,0,1,0,0,0
5.680088758,3.660074234,rate,circle,-0.009689836763,0.01121980324,-1.612856746,0,0,-2,0.02532688342,-0.002574401675,0.01213567425,0,0,0,0.3874269947,0.02820200626,0.2373284829,0.006739806384,-0.009199795313,-0.009241913445,0.006650046589,-0.007896831173,-0.01439884949,0.7353420139,0,0,0,1,0,0,0
5.690075159,3.670060635,rate,circle,-0.009385669604,0.01127797365,-1.612389565,0,0,-2,0.02512694895,-0.002792361192,0.01090008393,0,0,0,0.3878880421,0.02753130354,0.2315504895,0.006703686435,-0.01051912643,-0.008361686952,0.006257624911,-0.007435160013,-0.01406002204,0.7351979994,0,0,0,1,0,0,0
5.700188637,3.680174112,rate,circle,-0.00908474531,0.01133249421,-1.611958027,0,0,-2,0.02489521913,-0.002968827495,0.00969640445,0,0,0,0.3883137017,0.02688133426,0.2250510254,0.006245454773,-0.009966737591,-0.009904545732,0.005699707976,-0.006698244389,-0.01367872319,0.735049165,0,0,0,1,0,0,0
5.710075378,3.690060854,rate,circle,-0.008489366621,0.01142686699,-1.61114943,0,0,-2,0.02435845695,-0.003355836729,0.007390410174,0,0,0,0.3891110487,0.02567516753,0.2113884058,0.00810736604,-0.01017733384,-0.01070307661,0.005201796008,-0.006905671535,-0.01286932337,0.7347573788,0,0,0,1,0,0,0
5.720101118,3.700086594,rate,circle,-0.008195087314,0.01146681234,-1.610771894,0,0,-2,0.02410177514,-0.003561409889,0.006290944293,0,0,0,0.389483203,0.02516257509,0.2044873808,0.008483058773,-0.009654643945,-0.01108551677,0.00432696296,-0.006464847066,-0.01245660596,0.7346153557,0,0,0,1,0,0,0
5.730111122,3.710096598,rate,circle,-0.007904201746,0.01150342077,-1.610412478,0,0,-2,0.02385205589,-0.003747094655,0.005172215868,0,0,0,0.3898374559,0.02469236938,0.1972444234,0.0074104839,-0.009086896665,-0.01194265485,0.003700854653,-0.005981959906,-0.01202055599,0.7344618959,0,0,0,1,0,0,0
5.740232944,3.72021842,rate,circle,-0.007340666838,0.01156958658,-1.609746575,0,0,-2,0.02334258519,-0.004133812618,0.002983192448,0,0,0,0.3904938875,0.02389276307,0.1823900556,0.009579397738,-0.009477724321,-0.01218385156,0.003195634438,-0.006482189635,-0.01111373224,0.7341480466,0,0,0,1,0,0,0
5.750100136,3.730085611,rate,circle,-0.007068290841,0.01159954071,-1.609438658,0,0,-2,0.02303862013,-0.004253726918,0.002012590412,0,0,0,0.3907974822,0.02351430905,0.174413961,0.007620842196,-0.009838184342,-0.01344307885,0.002033416812,-0.00525992609,-0.01062564705,0.7340134638,0,0,0,1,0,0,0
5.760102272,3.740087748,rate,circle,-0.006799580995,0.01162679959,-1.609140396,0,0,-2,0.02273322269,-0.004370517563,0.0009797518142,0,0,0,0.3910916091,0.02317025575,0.167331703,0.008160944097,-0.0102935778,-0.01187505294,0.000991424686,-0.004209708993,-0.01018323756,0.7338595943,0,0,0,1,0,0,0
5.770075321,3.750060797,rate,circle,-0.006534740794,0.011651095,-1.608858705,0,0,-2,0.02242222056,-0.004536375403,-2.928991307e-05,0,0,0,0.3913693445,0.02287652802,0.1600389303,0.007085871417,-0.008398056962,-0.0126446886,3.574154381e-05,-0.003861536246,-0.009720812915,0.733705719,0,0,0,1,0,0,0
5.780093193,3.760078669,rate,circle,-0.006273668259,0.01167270634,-1.608593225,0,0,-2,0.02209390886,-0.004657458048,-0.0009925753111,0,0,0,0.3916310434,0.0226012816,0.1529572034,0.007980243303,-0.00771561591,-0.01268640254,-0.0009723565357,-0.003217533697,-0.009258955228,0.7335575729,0,0,0,1,0,0,0
5.790080547,3.770066023,rate,circle,-0.005760281347,0.01172680221,-1.608110785,0,0,-2,0.02154775336,-0.004972652066,-0.002821594244,0,0,0,0.3921069436,0.02229336981,0.1383071047,0.007066871971,-0.006971534807,-0.01355235744,-0.00146302998,-0.003693727746,-0.00829900043,0.7332684889,0,0,0,1,0,0,0
5.800306797,3.780292273,rate,circle,-0.005508626346,0.01174941566,-1.607891917,0,0,-2,0.02128433809,-0.005106262397,-0.003704380011,0,0,0,0.3923227527,0.02219953591,0.1311531784,0.005282451399,-0.006096953526,-0.01314163767,-0.001787352527,-0.003173436747,-0.00783068196,0.7331239099,0,0,0,1,0,0,0
5.810084343,3.790069818,rate,circle,-0.005260440055,0.01176909078,-1.607687354,0,0,-2,0.02099035122,-0.005266786087,-0.004580101464,0,0,0,0.3925243889,0.02212037995,0.1235807487,0.004289956298,-0.005980286747,-0.01417207718,-0.002339073379,-0.0030189827,-0.007330385501,0.7329758999,0,0,0,1,0,0,0
5.820094347,3.800079823,rate,circle,-0.004758502822,0.01183680166,-1.607313275,0,0,-2,0.02029168792,-0.005520612001,-0.006339407526,0,0,0,0.3928939004,0.02196401246,0.1098338295,0.002950530034,-0.005296512973,-0.01336278673,-0.003652364146,-0.002728285931,-0.006378753981,0.7326651577,0,0,0,1,0,0,0
5.830096483,3.810081959,rate,circle,-0.004513848573,0.01186601352,-1.607146859,0,0,-2,0.01998418197,-0.005679136608,-0.007144320756,0,0,0,0.3930582239,0.02196955713,0.1028470144,0.002724507824,-0.004167941399,-0.01362113096,-0.003968474516,-0.0025254779,-0.005900512264,0.7325212812,0,0,0,1,0,0,0
5.840091228,3.820076704,rate,circle,-0.004273085855,0.01189178322,-1.606994033,0,0,-2,0.0196688734,-0.005831639748,-0.007964670658,0,0,0,0.3932090589,0.0220070121,0.09626343101,0.00247679255,-0.004821890499,-0.01328958105,-0.004336720607,-0.002310380006,-0.005434769285,0.7323685587,0,0,0,1,0,0,0
5.85010457,3.830090046,rate,circle,-0.004033598583,0.01195259485,-1.606861472,0,0,-2,0.01937100478,-0.005911222659,-0.008778131567,0,0,0,0.3933408656,0.02207337702,0.08955561477,0.002259684494,-0.004876778461,-0.0141919367,-0.004407718633,-0.001167835634,-0.004946605602,0.7322103073,0,0,0,1,0,0,0
5.860177755,3.840163231,rate,circle,-0.003797845682,0.01201008447,-1.606741786,0,0,-2,0.01907808706,-0.005977297667,-0.009549369104,0,0,0,0.3934598946,0.02215608141,0.08325636128,0.001144445036,-0.004143650644,-0.01323773619,-0.004416838949,-0.0002030499681,-0.004484337037,0.7320581063,0,0,0,1,0,0,0
5.870099783,3.850085258,rate,circle,-0.003566144034,0.01206426043,-1.606634378,0,0,-2,0.01871752925,-0.006030486431,-0.0103048468,0,0,0,0.3935667364,0.02220140841,0.07790117195,0.0001139229498,-0.003621699288,-0.01240029093,-0.004984134056,0.0006913629641,-0.004049169473,0.7319053989,0,0,0,1,0,0,0
5.880102873,3.860088348,rate,circle,-0.00311568426,0.01219115686,-1.606487632,0,0,-2,0.01794166677,-0.006101005711,-0.0118237026,0,0,0,0.3937134945,0.022336643,0.06814770235,-0.001561771613,-0.001700892113,-0.01248485222,-0.006397714625,0.002235654884,-0.003169282343,0.7315733012,0,0,0,1,0,0,0
5.890098572,3.870084047,rate,circle,-0.002896996215,0.01226368453,-1.606447101,0,0,-2,0.01759390347,-0.006140112411,-0.01248581335,0,0,0,0.3937545875,0.02243082599,0.06330810527,-0.002240378642,-0.001163116773,-0.01277292147,-0.006420998261,0.002878038822,-0.002731649723,0.7314200681,0,0,0,1,0,0,0
5.900108814,3.88009429,rate,circle,-0.002682366874,0.01233265549,-1.606416583,0,0,-2,0.01727661677,-0.006201557349,-0.01314448193,0,0,0,0.3937857229,0.02257693969,0.05814324541,-0.002762374002,-0.001183514018,-0.0138484221,-0.006216579299,0.003158670283,-0.002266014594,0.7312640932,0,0,0,1,0,0,0
5.910096407,3.890081882,rate,circle,-0.002471612534,0.01239810791,-1.606396079,0,0,-2,0.01695279591,-0.006254762877,-0.01381623093,0,0,0,0.3938068924,0.02274659502,0.05404386874,-0.003214697121,-0.001309724175,-0.01232951507,-0.006110397372,0.003451817014,-0.001846327141,0.7311011678,0,0,0,1,0,0,0
5.920090199,3.900075674,rate,circle,-0.002072601579,0.01257340144,-1.606409788,0,0,-2,0.01625158824,-0.006342327688,-0.01506243832,0,0,0,0.3937964461,0.02304812984,0.04926763831,-0.00301032234,-0.0004067861883,-0.01249291655,-0.006953361048,0.004716098801,-0.0009784005149,0.7307801271,0,0,0,1,0,0,0
5.930122375,3.910107851,rate,circle,-0.001879173913,0.01265522651,-1.606430173,0,0,-2,0.01590271108,-0.006393629592,-0.01564980298,0,0,0,0.3937777226,0.02320971892,0.04825400946,-0.002687223954,-0.0002306966053,-0.01347926445,-0.007050849192,0.00491935922,-0.0005320003933,0.7306237575,0,0,0,1,0,0,0
5.940124989,3.920110464,rate,circle,-0.00150787353,0.01282139122,-1.606520057,0,0,-2,0.01531021204,-0.006538332906,-0.01678346284,0,0,0,0.3936916655,0.02363973381,0.04655254396,-0.004301602487,0.0006123849307,-0.01277372427,-0.006965094499,0.005161408234,0.0002988093829,0.7303037138,0,0,0,1,0,0,0
5.950100183,3.930085659,rate,circle,-0.001329933293,0.01290595625,-1.606576681,0,0,-2,0.01498428546,-0.006611767691,-0.01729792915,0,0,0,0.3936371937,0.02382147426,0.0477958571,-0.003009726526,0.001568311243,-0.01247233618,-0.00698070102,0.005051960196,0.0007006169821,0.730152704,0,0,0,1,0,0,0
5.960098743,3.940084219,rate,circle,-0.001155859674,0.01298629493,-1.606640697,0,0,-2,0.01459108852,-0.006719464436,-0.01778462157,0,0,0,0.393575306,0.02396547164,0.05011206629,-0.004136266187,0.001422551111,-0.01257795654,-0.007573831283,0.00470805122,0.001101871992,0.7300059894,0,0,0,1,0,0,0
5.970084906,3.950070381,rate,circle,-0.000986009487,0.01306250691,-1.606711984,0,0,-2,0.01421288401,-0.00679087406,-0.01825096458,0,0,0,0.3935061182,0.02410849955,0.0534066828,-0.003074551933,0.001742358669,-0.01208048314,-0.007993942598,0.004674654166,0.001486462252,0.729861819,0,0,0,1,0,0,0
5.980144024,3.960129499,rate,circle,-0.0008345139213,0.0131383026,-1.606790304,0,0,-2,0.01386453398,-0.006868781988,-0.01865047589,0,0,0,0.3934300145,0.02423315331,0.0567054257,-0.003584051272,0.002621823456,-0.01198478881,-0.008255282051,0.004530145995,0.001865991055,0.7297320545,0,0,0,1,0,0,0
5.990112066,3.970097542,rate,circle,-0.0005416984204,0.01327776257,-1.606966257,0,0,-2,0.01316086017,-0.007022348698,-0.01942020841,0,0,0,0.3932583317,0.02448808111,0.06361273062,-0.004339154344,0.003953330684,-0.01221237611,-0.00966781568,0.004362997392,0.002596748834,0.7294729519,0,0,0,1,0,0,0
6.000308752,3.980294228,rate,circle,-0.0004005602386,0.01334189717,-1.607066751,0,0,-2,0.01283386908,-0.007107016165,-0.01975531317,0,0,0,0.3931598978,0.02460671195,0.0672807684,-0.004873674829,0.003412858117,-0.01159414463,-0.00942990773,0.003977244439,0.002958520657,0.7293514942,0,0,0,1,0,0,0
6.010116577,3.990102053,rate,circle,-0.0002620490559,0.01341392379,-1.607173085,0,0,-2,0.01253191847,-0.007191071752,-0.0200937409,0,0,0,0.3930559591,0.02474911951,0.0711380074,-0.004610132892,0.004084446467,-0.01179142389,-0.009111039439,0.003684873913,0.003323911043,0.7292271004,0,0,0,1,0,0,0
6.020233631,4.000219107,rate,circle,-0.000126468658,0.0134818349,-1.607285023,0,0,-2,0.01222349051,-0.007322498132,-0.02044227719,0,0,0,0.392946344,0.02491825427,0.07453409615,-0.004636669997,0.004366576206,-0.01069886237,-0.008969657991,0.002970672535,0.003641065427,0.7290980848,0,0,0,1,0,0,0
6.030112743,4.010098219,rate,circle,0.0001338382572,0.01360420045,-1.607523918,0,0,-2,0.01149257552,-0.007609555032,-0.0208999645,0,0,0,0.3927118116,0.02503583703,0.08298957157,-0.006152144633,0.005216840655,-0.01117944811,-0.01088633965,0.00157581972,0.004299601927,0.7288952032,0,0,0,1,0,0,0
6.040172815,4.020158291,rate,circle,0.0002587801719,0.01365895383,-1.607649803,0,0,-2,0.01114373561,-0.007775834762,-0.02107334696,0,0,0,0.3925879659,0.02507453692,0.08667458921,-0.00608057389,0.005392444786,-0.009982965887,-0.01077456303,0.0006995027657,0.004590042377,0.7288054909,0,0,0,1,0,0,0
6.050091028,4.030076504,rate,circle,0.000376464217,0.01371587906,-1.60777688,0,0,-2,0.01085683517,-0.007931584492,-0.0212580096,0,0,0,0.3924630463,0.02515320804,0.09030676636,-0.007215267979,0.005151296966,-0.01080408413,-0.01019514165,6.283909232e-06,0.004901255713,0.7287125347,0,0,0,1,0,0,0
6.060317755,4.04030323,rate,circle,0.0006036192644,0.01381778531,-1.608023286,0,0,-2,0.01029828098,-0.008119338192,-0.02168576419,0,0,0,0.3922206521,0.02534266388,0.09741386528,-0.006928737275,0.003340295283,-0.009298691526,-0.01040354084,-0.00033496893,0.005455554512,0.7285146622,0,0,0,1,0,0,0
6.070093632,4.050079107,rate,circle,0.0007130308077,0.01386298705,-1.608153224,0,0,-2,0.01004756894,-0.008220143616,-0.02186507545,0,0,0,0.3920925741,0.02542844721,0.1010662179,-0.005662161391,0.00278421049,-0.00937172398,-0.009665416872,-0.0005203464925,0.005721777217,0.7284220547,0,0,0,1,0,0,0
6.080126524,4.060112,rate,circle,0.0008131205686,0.01390027255,-1.608273625,0,0,-2,0.009680257179,-0.008363464847,-0.02194603905,0,0,0,0.3919737636,0.02540243204,0.104945677,-0.007020863704,0.002987805987,-0.008639022708,-0.01012193125,-0.001050394022,0.005963143187,0.7283577313,0,0,0,1,0,0,0
6.090078831,4.070064306,rate,circle,0.0009101706091,0.01393358409,-1.608397603,0,0,-2,0.00940317288,-0.008521247655,-0.02202721871,0,0,0,0.3918512607,0.02542104809,0.1086101051,-0.006247881334,0.001403378323,-0.009206175804,-0.009827285639,-0.001676377027,0.006208935778,0.7282921052,0,0,0,1,0,0,0
6.10013175,4.080117226,rate,circle,0.00109701429,0.01398835704,-1.608655334,0,0,-2,0.008877406828,-0.008797442541,-0.02212368324,0,0,0,0.3915961256,0.02540985454,0.1151101586,-0.006537698209,0.0007103381795,-0.008528783917,-0.010421866,-0.002888083444,0.006648883322,0.7281740505,0,0,0,1,0,0,0
6.110110044,4.09009552,rate,circle,0.001161380322,0.01399778761,-1.608783722,0,0,-2,0.008561424911,-0.008924118243,-0.02213439904,0,0,0,0.3914683424,0.0253548714,0.1185397776,-0.007600223646,-0.0004736647243,-0.008153319359,-0.01060517385,-0.003043164673,0.006859597892,0.7281246519,0,0,0,1,0,0,0
6.120127916,4.100113392,rate,circle,0.001223591855,0.01400378533,-1.608912706,0,0,-2,0.008262450807,-0.009077562951,-0.02214413509,0,0,0,0.3913398452,0.02531862874,0.1214874325,-0.008165430278,-0.0004706306499,-0.007222346961,-0.01062674786,-0.00346643709,0.007044402999,0.728075285,0,0,0,1,0,0,0
6.130146742,4.110132217,rate,circle,0.001283430262,0.01400615554,-1.609044552,0,0,-2,0.007946657017,-0.009284837171,-0.02217146754,0,0,0,0.3912083614,0.02531662561,0.1247335891,-0.008335626684,-0.0004080770304,-0.007536091842,-0.01084849756,-0.004311477508,0.007236372555,0.7280203845,0,0,0,1,0,0,0
6.140149355,4.12013483,rate,circle,0.001356427441,0.01399202924,-1.609322429,0,0,-2,0.007326696534,-0.009589333087,-0.02219474129,0,0,0,0.3909304049,0.02526345844,0.1304859506,-0.008178854361,-0.0006730631576,-0.006198949181,-0.01312600595,-0.005719471055,0.007557159691,0.7279134269,0,0,0,1,0,0,0
6.150109768,4.130095243,rate,circle,0.00137070124,0.01397611853,-1.609467864,0,0,-2,0.007026302163,-0.009737601504,-0.02219811827,0,0,0,0.3907845441,0.02523779427,0.1338136679,-0.008036170155,-0.0007457714528,-0.007174320053,-0.01312673655,-0.005829145491,0.007739999334,0.727859681,0,0,0,1,0,0,0
6.160102844,4.14008832,rate,circle,0.001383453957,0.0139569249,-1.609615445,0,0,-2,0.006708442234,-0.009922774509,-0.02220058441,0,0,0,0.3906364171,0.02522559413,0.1370336004,-0.007668359671,-0.0006399104604,-0.006700231694,-0.01337194805,-0.0062976516,0.007899550013,0.727805362,0,0,0,1,0,0,0
6.170100927,4.150086403,rate,circle,0.00139488501,0.01393446047,-1.60976541,0,0,-2,0.006450638175,-0.01011137571,-0.02218431979,0,0,0,0.3904857869,0.02521893527,0.1395634984,-0.008302706294,-0.001583191217,-0.005964223761,-0.01308021557,-0.006782557596,0.008037853335,0.7277549673,0,0,0,1,0,0,0
6.18018961,4.160175085,rate,circle,0.001364050317,0.01390876621,-1.609914422,0,0,-2,0.006171151064,-0.01029185299,-0.02220941149,0,0,0,0.3903358458,0.02524407459,0.141944347,-0.009161602706,-0.001783982734,-0.005194324069,-0.01343069806,-0.007091047614,0.008152500259,0.727694402,0,0,0,1,0,0,0
6.190094948,4.170080423,rate,circle,0.001300491625,0.01384781767,-1.610218048,0,0,-2,0.005569864996,-0.01066112798,-0.02204058133,0,0,0,0.3900300288,0.02510916708,0.1471710624,-0.008657402359,-0.002568454947,-0.004831099883,-0.01654850854,-0.008920034389,0.008395081383,0.7276267647,0,0,0,1,0,0,0
6.200099707,4.180085182,rate,circle,0.001268081716,0.01381271891,-1.610371828,0,0,-2,0.005322750192,-0.01083952095,-0.0219728779,0,0,0,0.3898749948,0.02507257959,0.1488005992,-0.009695633315,-0.005026878323,-0.004066707101,-0.01590134096,-0.008798961364,0.008486828632,0.7275880424,0,0,0,1,0,0,0
6.210102797,4.190088272,rate,circle,0.00117954507,0.01377155446,-1.610533953,0,0,-2,0.004989352543,-0.01102461759,-0.02195768058,0,0,0,0.389711238,0.02507140938,0.1510842221,-0.01089956984,-0.005645582918,-0.004391139373,-0.01669690735,-0.008677472548,0.00858506686,0.7275329166,0,0,0,1,0,0,0
6.220309973,4.200295448,rate,circle,0.001091327402,0.01372759417,-1.610697508,0,0,-2,0.004671785049,-0.01116080955,-0.02190916613,0,0,0,0.389545977,0.02502800043,0.1532302827,-0.01057151984,-0.006658754777,-0.004123489372,-0.01716004991,-0.008147291015,0.008687742393,0.7274857584,0,0,0,1,0,0,0
6.230085373,4.210070848,rate,circle,0.0009161125054,0.01363223139,-1.611028552,0,0,-2,0.004049816169,-0.01140869968,-0.02180000022,0,0,0,0.3892113363,0.02493590682,0.1564888717,-0.01206935197,-0.006198231596,-0.002789516933,-0.02075956677,-0.008582537749,0.008838186264,0.7273931443,0,0,0,1,0,0,0
6.240194321,4.220179796,rate,circle,0.0007863271749,0.01356870774,-1.611179113,0,0,-2,0.003661477705,-0.01152758952,-0.02162927017,0,0,0,0.3890583632,0.0247813855,0.1582163899,-0.01313981973,-0.006274979562,-0.002534307307,-0.02130318704,-0.007991237047,0.008891589258,0.7273816699,0,0,0,1,0,0,0
6.250080109,4.230065584,rate,circle,0.0006571848644,0.01350310165,-1.611330628,0,0,-2,0.003335941816,-0.01164257247,-0.02151128091,0,0,0,0.3889044177,0.02468629595,0.1595124229,-0.01463136636,-0.007828657515,-0.002842674265,-0.02126524114,-0.007503030896,0.00895862967,0.7273565304,0,0,0,1,0,0,0
6.260110855,4.240096331,rate,circle,0.0005286589148,0.01343547832,-1.611483455,0,0,-2,0.003012636676,-0.0117469281,-0.02142892219,0,0,0,0.3887491447,0.02462244922,0.1600160795,-0.01506228186,-0.008537511341,-0.001260426128,-0.02117260929,-0.006974493841,0.008981785927,0.727321903,0,0,0,1,0,0,0
6.270089149,4.250074625,rate,circle,0.0002355884499,0.01327384729,-1.611786127,0,0,-2,0.002371693263,-0.01194876712,-0.02126099914,0,0,0,0.3884408084,0.02450363339,0.1611697681,-0.01516208518,-0.009182758629,-0.0005041235127,-0.02502667927,-0.00736612885,0.009001028472,0.727254553,0,0,0,1,0,0,0
6.280103683,4.260089159,rate,circle,7.150541205e-05,0.01318040397,-1.611935973,0,0,-2,0.002067442518,-0.01206949539,-0.02115080319,0,0,0,0.3882878019,0.02443979364,0.1613331744,-0.01714693755,-0.009152757935,-0.0005589793436,-0.02428086467,-0.007063074063,0.009005272824,0.7272280936,0,0,0,1,0,0,0
6.29008317,4.270068645,rate,circle,-9.106289508e-05,0.01308538485,-1.612086415,0,0,-2,0.001784058637,-0.01217201725,-0.02092487365,0,0,0,0.3881342355,0.02427326114,0.1615415051,-0.01741900854,-0.009454028681,-0.001129358658,-0.02353294624,-0.006664982605,0.009026256022,0.7272307919,0,0,0,1,0,0,0
6.30009532,4.280080795,rate,circle,-0.0004118452489,0.01289114263,-1.612415791,0,0,-2,0.001220971812,-0.01233325154,-0.0206297338,0,0,0,0.3877987501,0.02406627895,0.1608351545,-0.01904823817,-0.01031372789,0.0001435224258,-0.02610213601,-0.006874500909,0.009022175703,0.7271862015,0,0,0,1,0,0,0
6.310114384,4.290099859,rate,circle,-0.0006032245583,0.01278243959,-1.612577319,0,0,-2,0.0008692140109,-0.01239673328,-0.02044640854,0,0,0,0.3876339617,0.02392676642,0.1602543683,-0.02011584304,-0.00998824276,0.001084865769,-0.02557244439,-0.006028980818,0.008980257117,0.7271741226,0,0,0,1,0,0,0
6.320216894,4.30020237,rate,circle,-0.0007931461441,0.01267265622,-1.612738848,0,0,-2,0.0005628037034,-0.01249011327,-0.02028438263,0,0,0,0.3874692573,0.02382804767,0.1594638507,-0.02063145675,-0.008865240961,0.001040086499,-0.02476480833,-0.005678700359,0.008942318093,0.7271566663,0,0,0,1,0,0,0
6.330110788,4.310096264,rate,circle,-0.0009810252814,0.01256183349,-1.612900496,0,0,-2,0.0003304923011,-0.0125693474,-0.02013573237,0,0,0,0.3873045164,0.02373911197,0.1578225245,-0.02075939998,-0.008422678337,0.001998300664,-0.0235534974,-0.005379452903,0.008879119407,0.727135808,0,0,0,1,0,0,0
6.340127707,4.320113182,rate,circle,-0.001166892122,0.01245000958,-1.613062501,0,0,-2,0.0001084856631,-0.0126553569,-0.02000308596,0,0,0,0.3871395001,0.02367051489,0.1567359612,-0.01993266866,-0.008874026127,0.000918598671,-0.02249994303,-0.005156405709,0.008846555552,0.7271107705,0,0,0,1,0,0,0
6.350117683,4.330103159,rate,circle,-0.001573757851,0.01220375765,-1.613374352,0,0,-2,-0.0003370186896,-0.01280414592,-0.01965201087,0,0,0,0.3868214055,0.02345764834,0.153205539,-0.02261893824,-0.008976150304,0.001720256521,-0.02480489431,-0.005989213197,0.008715966213,0.7270869078,0,0,0,1,0,0,0
6.360285521,4.340270996,rate,circle,-0.001773206983,0.01207965519,-1.613532543,0,0,-2,-0.0004990339512,-0.01286893431,-0.01951876655,0,0,0,0.3866602611,0.02338462642,0.1510322987,-0.02327011339,-0.009013633244,0.001876706956,-0.02267331438,-0.005458956846,0.008657890128,0.7270634615,0,0,0,1,0,0,0
6.370112419,4.350097895,rate,circle,-0.001970075769,0.01195481792,-1.613690853,0,0,-2,-0.0007173826452,-0.01295834593,-0.01934160478,0,0,0,0.386499102,0.02329229578,0.1491625868,-0.02328561433,-0.008699809201,0.001956077991,-0.02153821776,-0.005250070205,0.00859726177,0.7270511127,0,0,0,1,0,0,0
6.380153656,4.360139132,rate,circle,-0.002186323749,0.0118231196,-1.61385417,0,0,-2,-0.000942503626,-0.01304187626,-0.0191192627,0,0,0,0.386332976,0.0231630105,0.1473560021,-0.02331638895,-0.006960776635,0.002212464809,-0.02079275341,-0.005130400701,0.008529672046,0.7270484198,0,0,0,1,0,0,0
6.390095711,4.370081186,rate,circle,-0.002609784482,0.01155793294,-1.614179015,0,0,-2,-0.001222015242,-0.01316259149,-0.01873551309,0,0,0,0.3860028875,0.02292960067,0.1424598067,-0.02454760671,-0.005439187866,0.002497816691,-0.02167332165,-0.006251200572,0.008374752641,0.7270282694,0,0,0,1,0,0,0
6.400143623,4.380129099,rate,circle,-0.002816592343,0.01142477337,-1.614340782,0,0,-2,-0.001317024347,-0.01318590157,-0.01857837848,0,0,0,0.3858386851,0.02282013804,0.139830585,-0.02349353023,-0.006115581375,0.003026582068,-0.01930901281,-0.005564321398,0.008283613238,0.7270096259,0,0,0,1,0,0,0
6.41009593,4.390081406,rate,circle,-0.003060027491,0.01127732731,-1.614497542,0,0,-2,-0.001470053103,-0.01328201219,-0.01840836741,0,0,0,0.385679513,0.0227473272,0.1373866816,-0.02322921902,-0.006906382274,0.003750651842,-0.01839073039,-0.005682709074,0.008172572414,0.7269960768,0,0,0,1,0,0,0
6.420094728,4.400080204,rate,circle,-0.003299328964,0.01112933084,-1.614655733,0,0,-2,-0.001517278841,-0.01335916761,-0.01821419783,0,0,0,0.3855190678,0.02263904806,0.1347520682,-0.02302006073,-0.007627821062,0.00349148782,-0.01666374201,-0.005681693284,0.008066328603,0.7269881253,0,0,0,1,0,0,0
6.430095434,4.41008091,rate,circle,-0.003534018761,0.01098101772,-1.614813566,0,0,-2,-0.001521260128,-0.0134153273,-0.0180811435,0,0,0,0.3853591323,0.02256574814,0.1320601002,-0.02313890308,-0.007743247319,0.00360521581,-0.01479514291,-0.005543278119,0.007957271149,0.7269648019,0,0,0,1,0,0,0
6.440216541,4.420202017,rate,circle,-0.004023009911,0.0106670456,-1.615117908,0,0,-2,-0.001595837413,-0.01353906933,-0.01772549376,0,0,0,0.3850509,0.02236171336,0.127938195,-0.02226907574,-0.007209748495,0.00302121276,-0.01554179256,-0.00702937372,0.007771271021,0.7269449914,0,0,0,1,0,0,0
6.450109959,4.430095434,rate,circle,-0.004277274944,0.01050151978,-1.615264416,0,0,-2,-0.001633531181,-0.01363126654,-0.01753847301,0,0,0,0.3849026459,0.022272806,0.1256802925,-0.02151005901,-0.006872539874,0.00401893165,-0.01420076001,-0.00706575539,0.007652800266,0.7269394817,0,0,0,1,0,0,0
6.460347176,4.440332651,rate,circle,-0.004771059379,0.01017025765,-1.615555406,0,0,-2,-0.001702464768,-0.01373208594,-0.01706633158,0,0,0,0.3846086885,0.02197107744,0.1209888681,-0.02114172466,-0.007034258451,0.005073803943,-0.01484041819,-0.008182046838,0.007386546473,0.7269540799,0,0,0,1,0,0,0
6.470092773,4.450078249,rate,circle,-0.005043999292,0.009998708032,-1.615692973,0,0,-2,-0.001734358957,-0.01381114032,-0.01683805697,0,0,0,0.384470164,0.02184664186,0.1188055688,-0.02094065957,-0.005175179336,0.004544001538,-0.01356516164,-0.008031871172,0.00725484468,0.7269622987,0,0,0,1,0,0,0
6.480138302,4.460123777,rate,circle,-0.00531165069,0.009827450849,-1.615825891,0,0,-2,-0.001763387932,-0.01383267343,-0.01665547676,0,0,0,0.3843364907,0.02172227653,0.1166459736,-0.02045418322,-0.00651525287,0.004862988833,-0.01233909516,-0.007361921383,0.007119965731,0.7269606163,0,0,0,1,0,0,0
6.490096807,4.470082283,rate,circle,-0.005573915783,0.009656620212,-1.615958452,0,0,-2,-0.001754603814,-0.01386076771,-0.01641117223,0,0,0,0.3842033697,0.02155286732,0.1147128018,-0.01960156113,-0.006892665755,0.004589841701,-0.011022905,-0.006943589139,0.006992904454,0.7269747015,0,0,0,1,0,0,0
6.50013113,4.480116606,rate,circle,-0.006111151539,0.009307333268,-1.616201997,0,0,-2,-0.001718250453,-0.01393646281,-0.0159565378,0,0,0,0.3839594769,0.02125531648,0.1111573175,-0.01871533692,-0.007272860501,0.0044446541,-0.0118582141,-0.008209659683,0.00674321576,0.7270020946,0,0,0,1,0,0,0
6.51008606,4.490071535,rate,circle,-0.00638585398,0.009128918871,-1.616313934,0,0,-2,-0.00173025555,-0.01394283306,-0.01571839675,0,0,0,0.3838477736,0.02108232374,0.1094342163,-0.01807616651,-0.008404282853,0.004773676861,-0.01076747009,-0.007371088201,0.00662257753,0.7270221264,0,0,0,1,0,0,0
6.520387411,4.500372887,rate,circle,-0.006654951721,0.008951553144,-1.616425395,0,0,-2,-0.001709286473,-0.01387196872,-0.01551244687,0,0,0,0.3837367539,0.02088035403,0.1078390037,-0.0182844419,-0.007772577461,0.004933969583,-0.009394279099,-0.00609423301,0.006497761925,0.727034142,0,0,0,1,0,0,0
6.530118942,4.510104418,rate,circle,-0.006918032188,0.008775470778,-1.616536736,0,0,-2,-0.001626713085,-0.01380654704,-0.01528627891,0,0,0,0.3836260452,0.02066246015,0.1064707473,-0.01785348728,-0.00679666223,0.005029468797,-0.007829566767,-0.005279458475,0.006369731025,0.7270512913,0,0,0,1,0,0,0
6.540288448,4.520273924,rate,circle,-0.007200980559,0.008600693196,-1.616623282,0,0,-2,-0.001591115375,-0.01378047001,-0.01508711372,0,0,0,0.3835407848,0.020495219,0.1047614779,-0.01685751602,-0.006677955389,0.005308765918,-0.007151892388,-0.004858911871,0.00623428391,0.7270706301,0,0,0,1,0,0,0
6.550099134,4.53008461,rate,circle,-0.007748594508,0.008253568783,-1.61679697,0,0,-2,-0.001498947619,-0.01377810072,-0.01465071086,0,0,0,0.383370218,0.02016745478,0.1015368567,-0.01508764923,-0.006933390163,0.005856479984,-0.008524767505,-0.005938023759,0.005979522365,0.7271187521,0,0,0,1,0,0,0
6.560197115,4.54018259,rate,circle,-0.008013574407,0.008081127889,-1.616884232,0,0,-2,-0.001453796402,-0.0137691265,-0.01445152331,0,0,0,0.3832847688,0.02001371766,0.09981530587,-0.01454390492,-0.007478088606,0.00574085163,-0.007398549395,-0.005414965363,0.00584240953,0.7271378434,0,0,0,1,0,0,0
6.570125103,4.550110579,rate,circle,-0.00827248767,0.007909508422,-1.616971493,0,0,-2,-0.001326672384,-0.01373400446,-0.01425607037,0,0,0,0.3831994673,0.01983982058,0.09844982164,-0.01310229208,-0.007588461041,0.005599368364,-0.005836337958,-0.004863213968,0.005708725642,0.7271559289,0,0,0,1,0,0,0
6.580228329,4.560213804,rate,circle,-0.008540409617,0.007741852663,-1.617043018,0,0,-2,-0.001273527509,-0.0136454124,-0.01408074796,0,0,0,0.3831304278,0.01964908688,0.09646085549,-0.01204472687,-0.007926601917,0.006571840029,-0.005293762731,-0.003818668082,0.005559956006,0.7271746624,0,0,0,1,0,0,0
6.590106726,4.570092201,rate,circle,-0.009057465009,0.007410143502,-1.617187381,0,0,-2,-0.001024798956,-0.01350780763,-0.01362402365,0,0,0,0.3829914481,0.01921262866,0.09303248788,-0.01003817841,-0.005891690496,0.006372547243,-0.005575106141,-0.004002220687,0.005275109873,0.7272384616,0,0,0,1,0,0,0
6.60024333,4.580228806,rate,circle,-0.009306960739,0.007246288005,-1.617244005,0,0,-2,-0.0009885590989,-0.01338858996,-0.01346358657,0,0,0,0.382937697,0.01901314686,0.09120146755,-0.009898860939,-0.00521061616,0.005938621238,-0.005040310942,-0.002912834669,0.005150630441,0.7272588245,0,0,0,1,0,0,0
6.610097647,4.590083122,rate,circle,-0.009564215317,0.007082401775,-1.61728847,0,0,-2,-0.0008956799284,-0.01333033666,-0.01317783073,0,0,0,0.382896526,0.01876580242,0.08945278408,-0.010294443,-0.004868263844,0.006202578079,-0.004322323024,-0.002642819548,0.005018164614,0.7273153501,0,0,0,1,0,0,0
6.620105743,4.600091219,rate,circle,-0.009815463796,0.00691955816,-1.617333531,0,0,-2,-0.0008108766051,-0.01329436619,-0.01298563741,0,0,0,0.3828548678,0.01860173304,0.0870009681,-0.008237636648,-0.006248036865,0.007289210334,-0.003885604306,-0.002517458311,0.004860513256,0.7273479526,0,0,0,1,0,0,0
6.63011241,4.610097885,rate,circle,-0.01030024048,0.006596914493,-1.61742568,0,0,-2,-0.0005830093287,-0.01317535248,-0.01255810075,0,0,0,0.3827698061,0.01821086783,0.08344991722,-0.008264939301,-0.007215255871,0.005671186373,-0.004556787784,-0.002866048859,0.004595339319,0.7274232971,0,0,0,1,0,0,0
6.640149117,4.620134592,rate,circle,-0.01053662971,0.006445164327,-1.617449641,0,0,-2,-0.0005047168816,-0.01308693178,-0.01244642772,0,0,0,0.3827497063,0.01806754232,0.08156564423,-0.007648954634,-0.006376754958,0.006609385833,-0.003936825051,-0.002036024712,0.004457436854,0.7274431073,0,0,0,1,0,0,0
6.6501019,4.630087376,rate,circle,-0.01076749247,0.00629495969,-1.61747551,0,0,-2,-0.0004259431444,-0.0129178036,-0.01231478155,0,0,0,0.3827277768,0.01785230859,0.08031348911,-0.007155436557,-0.005533815827,0.006345772184,-0.003387642617,-0.0007165224771,0.004345484287,0.7274672626,0,0,0,1,0,0,0
6.660111427,4.640096903,rate,circle,-0.01099256333,0.006146474741,-1.617504239,0,0,-2,-0.0002680441539,-0.01279928256,-0.01211748831,0,0,0,0.3827030477,0.01762745032,0.07908876138,-0.006914100144,-0.004272113089,0.006818951573,-0.002300701586,-0.0002031353125,0.004219180117,0.7275069759,0,0,0,1,0,0,0
6.670098066,4.650083542,rate,circle,-0.01142858807,0.005861363374,-1.617534041,0,0,-2,5.548907211e-06,-0.01262473315,-0.0116317533,0,0,0,0.3826815617,0.01716629263,0.07674763401,-0.006623126566,-0.003150650533,0.005316056777,-0.002528831942,-0.0005712100931,0.004034692123,0.7276195806,0,0,0,1,0,0,0
6.680109739,4.660095215,rate,circle,-0.01163993776,0.005724492949,-1.617535233,0,0,-2,0.0001209359616,-0.01252871379,-0.01140850503,0,0,0,0.3826846686,0.01694512561,0.07499852891,-0.004656855483,-0.002221285366,0.006284070667,-0.001954489386,-0.000215427352,0.003927531953,0.727675888,0,0,0,1,0,0,0
6.690100193,4.670085669,rate,circle,-0.01184545923,0.005588907283,-1.617538095,0,0,-2,0.0003383934963,-0.01237392239,-0.01120415516,0,0,0,0.3826861115,0.016696154,0.07423826852,-0.005594328046,-0.001562598627,0.006636743434,-0.0005143572004,0.0004326539039,0.003809103781,0.7277266838,0,0,0,1,0,0,0
6.700113058,4.680098534,rate,circle,-0.0122390883,0.005317248404,-1.617530346,0,0,-2,0.0007299532881,-0.01208580006,-0.01078773197,0,0,0,0.3827023709,0.01621649025,0.07214717851,-0.004257868044,-0.0005219430896,0.006534046028,0.0002735710928,0.0006440330278,0.003576990188,0.7278351474,0,0,0,1,0,0,0
6.710096359,4.690081835,rate,circle,-0.01242774632,0.005181293469,-1.617520452,0,0,-2,0.0009492491372,-0.01196284499,-0.01067528781,0,0,0,0.3827164743,0.01606152247,0.07137344628,-0.004248663783,-0.0008782035438,0.006129410118,0.001362142719,0.0007555132966,0.003472154196,0.7278672578,0,0,0,1,0,0,0
6.720130205,4.700115681,rate,circle,-0.01261062082,0.005046912003,-1.617516875,0,0,-2,0.00112293649,-0.01180361304,-0.0105324788,0,0,0,0.3827242346,0.01585936244,0.0705448025,-0.003074793844,-0.001321748248,0.005999413785,0.001864175824,0.001212875955,0.003386594909,0.7279048019,0,0,0,1,0,0,0
6.730116844,4.71010232,rate,circle,-0.01278813183,0.004914446734,-1.617515326,0,0,-2,0.00127584755,-0.01162495837,-0.01041046157,0,0,0,0.3827299496,0.01565711194,0.06909108174,-0.002177152783,-0.001229295158,0.007151082624,0.002095977799,0.001764431146,0.003268285142,0.7279363482,0,0,0,1,0,0,0
6.740120649,4.720106125,rate,circle,-0.012946086,0.004779552575,-1.617498755,0,0,-2,0.001445022761,-0.01144010946,-0.01023382787,0,0,0,0.3827501108,0.01541737423,0.06814095272,-0.001137542888,-0.000846928393,0.005878813099,0.002552936374,0.002175416074,0.003184368757,0.7279871511,0,0,0,1,0,0,0
6.750112534,4.730098009,rate,circle,-0.01324640028,0.004515850451,-1.617472529,0,0,-2,0.001878981944,-0.01109044347,-0.01007719245,0,0,0,0.3827833928,0.01510226199,0.0664309521,-0.00109586108,9.089193918e-05,0.005938671529,0.003596074909,0.002414433834,0.002997637697,0.7280363074,0,0,0,1,0,0,0
6.760133743,4.740119219,rate,circle,-0.01338878646,0.004386894405,-1.61746335,0,0,-2,0.002073372714,-0.01095227525,-0.01002041902,0,0,0,0.3827960198,0.01498866255,0.06525086429,-0.001158396131,0.001445709728,0.006103041116,0.004042722807,0.00219081639,0.002903564437,0.7280540222,0,0,0,1,0,0,0
6.770102024,4.7500875,rate,circle,-0.01350848563,0.004257748835,-1.617446899,0,0,-2,0.002267278498,-0.01078576129,-0.009955387563,0,0,0,0.3828152066,0.01485203487,0.0644052211,-0.0009362158016,0.0005287335371,0.006629642099,0.004642828366,0.002256114242,0.002793260347,0.7280764287,0,0,0,1,0,0,0
6.780119658,4.760105133,rate,circle,-0.01362379175,0.004130651243,-1.617449999,0,0,-2,0.002507525031,-0.01064766664,-0.009776771069,0,0,0,0.3828148029,0.01467125554,0.06424308275,-0.000953720999,0.0005456621875,0.005699543282,0.005539735074,0.002034598634,0.002706661014,0.7281205169,0,0,0,1,0,0,0
6.790116072,4.770101547,rate,circle,-0.01383980829,0.003881127574,-1.617460489,0,0,-2,0.003022873541,-0.01040511206,-0.009544123895,0,0,0,0.3828094574,0.01443933594,0.06430712429,0.0004133951152,0.0004999621888,0.005869597662,0.007413070114,0.001336209485,0.002548810649,0.7281755184,0,0,0,1,0,0,0
6.800113916,4.780099392,rate,circle,-0.01393324323,0.003761384171,-1.617460966,0,0,-2,0.003278394928,-0.01022391021,-0.009467670694,0,0,0,0.382811175,0.01431478263,0.06444885177,0.0009401396965,0.00132794783,0.005920398049,0.008066008495,0.001638917196,0.002468149293,0.7281946066,0,0,0,1,0,0,0
6.810104609,4.790090084,rate,circle,-0.01402208488,0.003643424483,-1.617463589,0,0,-2,0.003515970195,-0.01011963747,-0.009427071549,0,0,0,0.3828106573,0.01427020627,0.06403965526,0.001334201079,0.001864337828,0.005573844537,0.008411277085,0.001205905369,0.002397490427,0.7282038672,0,0,0,1,0,0,0
6.820146322,4.800131798,rate,circle,-0.01410663687,0.003527146298,-1.617468596,0,0,-2,0.003718630178,-0.009944355115,-0.009391684085,0,0,0,0.3828076715,0.01417470067,0.06328893369,0.003024450038,0.001742303488,0.005075370427,0.00841869915,0.001479341415,0.002339748971,0.7282109508,0,0,0,1,0,0,0
6.830102205,4.810087681,rate,circle,-0.0142636206,0.003300386714,-1.617483974,0,0,-2,0.004133820534,-0.009636295028,-0.009145995602,0,0,0,0.3827960997,0.013913874,0.06077022541,0.003380838782,0.002096987097,0.006846516393,0.009224523745,0.001454958508,0.002125841274,0.7282675197,0,0,0,1,0,0,0
6.8401196,4.820105076,rate,circle,-0.01432174444,0.003187238006,-1.61748457,0,0,-2,0.004370069597,-0.009487113915,-0.009044622071,0,0,0,0.3827967155,0.0138169471,0.05995414249,0.004408898763,0.001496924902,0.006182034966,0.009494411349,0.001381793111,0.002031471158,0.7282928902,0,0,0,1,0,0,0
6.850107431,4.830092907,rate,circle,-0.01437598467,0.003076214809,-1.617486835,0,0,-2,0.004645779263,-0.009289423004,-0.008909621276,0,0,0,0.382795577,0.01368422435,0.06015113726,0.005098402034,0.001810471527,0.00414687302,0.01009276737,0.001678182264,0.001991601856,0.7283261325,0,0,0,1,0,0,0
6.860118151,4.840103626,rate,circle,-0.0144718634,0.002859811997,-1.617497206,0,0,-2,0.005174982827,-0.008986047469,-0.008789433166,0,0,0,0.3827871484,0.01359351433,0.05873765507,0.00736905355,0.002342354506,0.005602268968,0.01174899018,0.001421773327,0.001888714704,0.7283525724,0,0,0,1,0,0,0
6.870107889,4.850093365,rate,circle,-0.01449777931,0.002759048482,-1.61750555,0,0,-2,0.005427945871,-0.008779396303,-0.008696849458,0,0,0,0.3827790511,0.01349724366,0.05768298989,0.008146050386,0.002335180994,0.005936422385,0.01175553626,0.001795319156,0.001807882599,0.7283728624,0,0,0,1,0,0,0
6.880196571,4.860182047,rate,circle,-0.01452016924,0.002660115948,-1.617515802,0,0,-2,0.005656147841,-0.008640856482,-0.00862277206,0,0,0,0.3827689551,0.01345394393,0.0555052281,0.009559156373,0.002919486724,0.005949128885,0.01142915665,0.001499021871,0.001723745774,0.7283878166,0,0,0,1,0,0,0
6.89009881,4.870084286,rate,circle,-0.01453877613,0.002562724752,-1.617527962,0,0,-2,0.005955352448,-0.008505127393,-0.008640507236,0,0,0,0.3827568466,0.01350784143,0.05463046001,0.009291994385,0.002606807044,0.00498722028,0.01182159767,0.001175205417,0.001663631593,0.7283787416,0,0,0,1,0,0,0
6.900341988,4.880327463,rate,circle,-0.0145537816,0.002467000624,-1.617532134,0,0,-2,0.006164268591,-0.008357991464,-0.008653182536,0,0,0,0.3827526187,0.01351783254,0.05257150459,0.009136150591,0.002412971109,0.006071329582,0.01136087946,0.001088815873,0.001571811565,0.7283739065,0,0,0,1,0,0,0
6.910113811,4.890099287,rate,circle,-0.01455953065,0.002303165616,-1.617537022,0,0,-2,0.006579289213,-0.008088937961,-0.008606590331,0,0,0,0.3827469325,0.01352003554,0.04934907175,0.009036034346,0.002483912744,0.004827119876,0.01242053208,0.001006284731,0.001439670444,0.72838371,0,0,0,1,0,0,0
6.9201653,4.900150776,rate,circle,-0.01455805171,0.002223244868,-1.617542863,0,0,-2,0.006801804062,-0.007966165431,-0.008580139838,0,0,0,0.3827405667,0.01354042576,0.04815711779,0.008674349636,0.003042315599,0.004889087752,0.01203869152,0.000779587879,0.001374089356,0.7283881697,0,0,0,1,0,0,0
6.930096626,4.910082102,rate,circle,-0.01455353666,0.002144490369,-1.617550969,0,0,-2,0.006980014499,-0.00781893637,-0.008570155129,0,0,0,0.3827318454,0.01353897807,0.04635390268,0.009579228237,0.001983812312,0.004695448093,0.01138014568,0.0008821379609,0.001325947616,0.7283876607,0,0,0,1,0,0,0
6.940272093,4.920257568,rate,circle,-0.01453464385,0.002075909637,-1.61755085,0,0,-2,0.007195442915,-0.007662782911,-0.00857076887,0,0,0,0.3827308685,0.01356284335,0.04401879757,0.0127186412,0.001796978409,0.004939028993,0.01111126536,0.001084068505,0.001268139141,0.728387413,0,0,0,1,0,0,0
6.950135708,4.930121183,rate,circle,-0.01448869985,0.001942035509,-1.617558956,0,0,-2,0.007610436529,-0.007386877667,-0.00862379279,0,0,0,0.3827203234,0.01366947358,0.03880968072,0.01328278705,0.002708260203,0.00467502512,0.01218708069,0.001153768121,0.00112585458,0.7283707824,0,0,0,1,0,0,0
6.96013093,4.940116405,rate,circle,-0.01446135435,0.001876698574,-1.617562294,0,0,-2,0.007867151871,-0.007266873959,-0.008598104119,0,0,0,0.3827156278,0.01373415196,0.03690851148,0.01258966792,0.001864003949,0.005826213397,0.01196276567,0.0009220881825,0.00103573335,0.7283759329,0,0,0,1,0,0,0
6.970122337,4.950107813,rate,circle,-0.01442234591,0.001818140037,-1.617545009,0,0,-2,0.0080791777,-0.007131397258,-0.008646370843,0,0,0,0.382731146,0.01381628271,0.03507536512,0.01234597526,0.001254529459,0.004397296812,0.01153450152,0.0009891511879,0.0009833615461,0.728369817,0,0,0,1,0,0,0
6.980191708,4.960177183,rate,circle,-0.01438095048,0.001760509796,-1.617531419,0,0,-2,0.008263504133,-0.006999819539,-0.008724927902,0,0,0,0.382742899,0.01390709679,0.03302842724,0.01164061017,0.001139815198,0.005159378517,0.01098028773,0.001042468308,0.0009072051257,0.7283546986,0,0,0,1,0,0,0
6.990122795,4.970108271,rate,circle,-0.01429169532,0.001648278092,-1.61751461,0,0,-2,0.008610466495,-0.006742130034,-0.008813125081,0,0,0,0.3827558526,0.01404519933,0.02822936889,0.01294906158,0.002092891606,0.004443511833,0.01174127332,0.001237913536,0.0007697526274,0.7283381987,0,0,0,1,0,0,0
7.000114679,4.980100155,rate,circle,-0.0142424386,0.001597808092,-1.617498398,0,0,-2,0.008817125112,-0.006605923641,-0.008773067966,0,0,0,0.3827700037,0.01408355935,0.02598505852,0.01350614615,0.001966146752,0.00485832477,0.01115196326,0.001254740592,0.000708345869,0.7283540958,0,0,0,1,0,0,0
7.010100603,4.990086079,rate,circle,-0.01419084799,0.001548134722,-1.617485166,0,0,-2,0.00900294818,-0.006483370438,-0.008792958222,0,0,0,0.3827811064,0.01415638663,0.02372259025,0.01307534147,0.0007821009494,0.004570121411,0.01051019104,0.001237371452,0.0006525531341,0.7283537279,0,0,0,1,0,0,0
7.020284891,5.000270367,rate,circle,-0.01413715165,0.001499191392,-1.617506266,1.333902481e-11,8.114462343e-16,-2,0.009144341573,-0.006399120204,-0.008807491511,1.480059369e-07,1.200485183e-11,0,0.3827578392,0.0142174865,0.01690857735,0.01258832403,0.0008808971033,0.003709976794,0.006729744004,0.001239788618,0.0006210093187,0.7283424845,0,0,0,1,0,0,0
7.030112028,5.010097504,rate,circle,-0.01402388234,0.001407543314,-1.617545843,6.925962049e-07,1.573538568e-09,-2,0.009356490336,-0.006006476004,-0.008851577528,0.000205540387,6.228108364e-07,0,0.3827137991,0.01407748365,0.1840412672,0.01252951287,0.00158392766,0.004676910117,-0.1002114544,0.01358845645,0.0005638469651,0.7283225535,0,0,0,1,0,0,0
7.040174961,5.020160437,rate,circle,-0.01396477968,0.00136435905,-1.617564678,5.493754446e-06,2.49203808e-08,-2,0.009461783804,-0.005902418867,-0.008858230896,0.0008156541601,4.936032963e-06,0,0.3826928342,0.01371570831,0.3856332053,0.01242964622,0.003309841966,0.003905531485,-0.1900311406,0.02092119792,0.0005374633928,0.7283195504,0,0,0,1,0,0,0
7.050103903,5.030089378,rate,circle,-0.01390399132,0.001322124503,-1.617585897,1.820338998e-05,1.232408378e-07,-2,0.009599874727,-0.005731575657,-0.008903978392,0.001808765566,1.634167965e-05,0,0.3826697284,0.01315373585,0.5877180725,0.01238787733,0.002748640254,0.004586055875,-0.2649126434,0.02670584756,0.0004550561513,0.7283053034,0,0,0,1,0,0,0
7.0601089,5.040094376,rate,circle,-0.01375563908,0.001250563655,-1.617617488,4.292271482e-05,3.872263809e-07,-2,0.009798794985,-0.005439178552,-0.009055684321,0.003197008585,3.850014344e-05,0,0.3826334392,0.01247373104,0.7931604479,0.004111006856,0.002393138129,0.003745693946,-0.3280983456,0.03123912621,0.0003196229137,0.7282598742,0,0,0,1,0,0,0
7.070108414,5.050093889,rate,circle,-0.01366831362,0.001220882754,-1.61762929,8.342729897e-05,9.403593425e-07,-2,0.009939258918,-0.005296100397,-0.009234061465,0.004967692599,7.47673829e-05,0,0.382619862,0.01178263907,0.9950073342,-0.00554652093,0.004603273701,0.003838774981,-0.3838912263,0.03357909715,0.0002218370784,0.7282164842,0,0,0,1,0,0,0
7.080117464,5.06010294,rate,circle,-0.0135795651,0.001191919786,-1.61764431,0.0001435981463,1.942019296e-06,-2,0.01008252334,-0.005167725496,-0.009471526369,0.007118182918,0.0001285816972,0,0.3826037309,0.01124935535,1.192171225,-0.02366951294,0.007883463986,0.003216827521,-0.4329331036,0.03458317644,0.0001301896643,0.7281595515,0,0,0,1,0,0,0
7.090101242,5.070086718,rate,circle,-0.01348954532,0.001163461711,-1.617663383,0.0002269198281,3.578711483e-06,-2,0.01018564031,-0.005074448418,-0.009671973996,0.009634579746,0.0002030148712,0,0.3825843372,0.0110318796,1.38025838,-0.05105372518,0.01232045889,0.003700929927,-0.4765041804,0.03426994793,1.738347445e-05,0.728115574,0,0,0,1,0,0,0
7.100151777,5.080137253,rate,circle,-0.01339848805,0.001135681639,-1.617686749,0.0003380291647,6.095624544e-06,-2,0.01030734368,-0.004921668675,-0.009935242124,0.01253678556,0.0003021550943,0,0.3825616161,0.0114441156,1.558586074,-0.08242561668,0.0163546484,0.002949322807,-0.5151781147,0.03360479886,-8.818324787e-05,0.7280614402,0,0,0,1,0,0,0
7.110112906,5.090098381,rate,circle,-0.01319899689,0.001123732538,-1.617730141,0.000478732371,9.706257269e-06,-2,0.01080489904,-0.004642381333,-0.01039644144,0.01577289077,0.0004275530534,0,0.3825160999,0.01258853333,1.639104203,-0.160555914,0.02287807316,0.002867724048,-0.5358817415,0.03166544753,-0.0002770789993,0.7279871329,0,0,0,1,0,0,0
7.120112419,5.100097895,rate,circle,-0.01309563871,0.001118298154,-1.617758155,0.0006541748048,1.473583379e-05,-2,0.01115503628,-0.004476455972,-0.01062316727,0.01937604513,0.0005837256146,0,0.3824906579,0.01435416689,1.764128626,-0.2031991333,0.02544801496,0.003168169176,-0.5626174759,0.0293221202,-0.0004030938962,0.7279730757,0,0,0,1,0,0,0
7.130121231,5.110106707,rate,circle,-0.01298897993,0.001113124425,-1.617789984,0.0008676167536,2.149874373e-05,-2,0.01163220312,-0.004409287591,-0.01077903807,0.02333266966,0.0007734956867,0,0.3824626693,0.01673170109,1.870993964,-0.246535629,0.02915046737,0.00291412673,-0.5850124281,0.02537645412,-0.0005093497758,0.7279912507,0,0,0,1,0,0,0
7.14015007,5.120135546,rate,circle,-0.01285162382,0.001121034613,-1.617845297,0.001122942651,3.036109364e-05,-2,0.01230192091,-0.00428020861,-0.0108952038,0.02764285475,0.001000228951,0,0.3824116829,0.01954309949,1.958000883,-0.290741384,0.02975974791,0.002118585631,-0.6026028337,0.02163469568,-0.0005902125979,0.7280280967,0,0,0,1,0,0,0
7.150117159,5.130102634,rate,circle,-0.01255792473,0.00113586348,-1.617963552,0.001421212522,4.161517351e-05,-2,0.01429030951,-0.004134800285,-0.01114373561,0.03226364166,0.001264773432,0,0.3822936841,0.02182610612,1.835250676,-0.3694475591,0.03117332235,0.002520274604,-0.5844265419,0.0146541517,-0.0007365101154,0.7280948893,0,0,0,1,0,0,0
7.160141468,5.140126944,rate,circle,-0.0123979412,0.001143431989,-1.618026614,0.001769319962,5.580260607e-05,-2,0.0156118134,-0.003962666728,-0.01123196259,0.03724424171,0.001573139623,0,0.3822375723,0.02499528135,1.866032468,-0.405911535,0.02991061658,0.003056549467,-0.5926967767,0.01027819252,-0.000843642166,0.7281784879,0,0,0,1,0,0,0
7.170125246,5.150110722,rate,circle,-0.01219817251,0.001146275201,-1.618083715,0.00216728145,7.32275878e-05,-2,0.01720587723,-0.003847591579,-0.01128955744,0.0425312115,0.001925229433,0,0.3821878676,0.02832229026,1.87899637,-0.4396887422,0.03001053818,0.001949482248,-0.5969808756,0.004780417407,-0.0009042068856,0.7282879579,0,0,0,1,0,0,0
7.180121422,5.160106897,rate,circle,-0.01198545005,0.001149301301,-1.618142962,0.002620226525,9.443202904e-05,-2,0.01909804717,-0.003728657728,-0.01134749874,0.04814546874,0.002325462224,0,0.3821377182,0.03176744869,1.877574625,-0.4688638747,0.02855352685,0.002185727237,-0.5982042076,-0.001006193342,-0.0009643399519,0.728411912,0,0,0,1,0,0,0
7.190097332,5.170082808,rate,circle,-0.01151124761,0.00115727575,-1.618269205,0.003129777027,0.000119830787,-2,0.02384234965,-0.003382586641,-0.01161739137,0.05406256266,0.002775142982,0,0.3820128737,0.032956679,1.583317734,-0.5155947804,0.02379163355,0.001959316432,-0.5437000057,-0.008966335273,-0.00108672926,0.7285435863,0,0,0,1,0,0,0
7.200108767,5.180094242,rate,circle,-0.0112221837,0.001160057844,-1.618347168,0.003702039887,0.0001500932737,-2,0.02673532441,-0.003233098658,-0.01172442641,0.06031053022,0.003279521949,0,0.3819458557,0.03615481775,1.543392303,-0.5335211754,0.02018195018,0.00179215963,-0.5401086479,-0.0150980315,-0.001132086253,0.7286715477,0,0,0,1,0,0,0
7.210125685,5.19011116,rate,circle,-0.01090995781,0.001163609675,-1.618427396,0.004338749859,0.0001857033476,-2,0.02995454706,-0.003041595453,-0.01180958748,0.06686671572,0.003839977323,0,0.3818784252,0.03936153701,1.494242523,-0.5497338176,0.01694303006,0.002021007705,-0.5340486625,-0.02108400405,-0.001181175621,0.7288143928,0,0,0,1,0,0,0
7.220271349,5.200256824,rate,circle,-0.01057211217,0.001168195507,-1.618509531,0.005052132417,0.0002277920745,-2,0.03348102048,-0.002812803257,-0.01191603485,0.07381197082,0.00446709718,0,0.3818114447,0.04267990619,1.440686406,-0.5632445216,0.01364618354,0.001378875808,-0.5268683106,-0.02701218016,-0.001212685716,0.7289624761,0,0,0,1,0,0,0
7.230110645,5.210096121,rate,circle,-0.009786897339,0.001185701462,-1.618673801,0.005812710349,0.000274981132,-2,0.04167786241,-0.002298028907,-0.01216426492,0.08083476578,0.005134826485,0,0.3816462326,0.04167109024,1.038979367,-0.574913919,0.00387322763,0.002065635985,-0.4425564038,-0.03509346911,-0.001298935836,0.7290650211,0,0,0,1,0,0,0
7.240120411,5.220105886,rate,circle,-0.009333441965,0.001199212391,-1.618755937,0.006658791381,0.0003300386782,-2,0.04632626474,-0.001916976413,-0.01221376471,0.08826368328,0.005876640889,0,0.3815803229,0.04436962467,0.965086032,-0.5746482015,-0.001147928415,0.002430794528,-0.4354023662,-0.03988235302,-0.001370462973,0.7292244425,0,0,0,1,0,0,0
7.25012064,5.230106115,rate,circle,-0.008843120188,0.001215063268,-1.618839622,0.007579730423,0.0003927830415,-2,0.05131669343,-0.001580536598,-0.01223088801,0.09596617264,0.006683003946,0,0.3815149018,0.04702612804,0.8886540071,-0.5759811401,-0.005394620355,0.002581499051,-0.4259948288,-0.04549743615,-0.001438185831,0.7293955264,0,0,0,1,0,0,0
7.260304213,5.240289688,rate,circle,-0.007711506914,0.001256500254,-1.619005203,0.008598145255,0.0004653137352,-2,0.06248977035,-0.0008272923296,-0.01231759228,0.10409208,0.007573495425,0,0.3813445501,0.04419330811,0.472178067,-0.566557467,-0.01533104386,0.001858982025,-0.3298091556,-0.05257784716,-0.00159386762,0.7294683441,0,0,0,1,0,0,0
7.27011466,5.250100136,rate,circle,-0.007064827252,0.001283047604,-1.619088411,0.009658817693,0.0005441005509,-2,0.06862638891,-0.000312418706,-0.01239115559,0.1121837847,0.00849966763,0,0.3812792477,0.04613502281,0.3956101856,-0.556660831,-0.02105817012,0.001424937625,-0.3225443343,-0.05686273514,-0.001639926822,0.7296064946,0,0,0,1,0,0,0
7.280322313,5.260307789,rate,circle,-0.006369943731,0.001313356566,-1.619173408,0.01084806148,0.0006360903571,-2,0.07508216798,0.0002650266979,-0.01238872577,0.120871564,0.009536669062,0,0.3812162272,0.0483333494,0.3383184983,-0.5432705283,-0.02626805753,0.0013405137,-0.3165768853,-0.06112049744,-0.001644342009,0.7297759753,0,0,0,1,0,0,0
7.290107489,5.270092964,rate,circle,-0.00562409265,0.001347562065,-1.619259357,0.01207258854,0.0007345667751,-2,0.08185082674,0.0008212368703,-0.01235991064,0.1294510426,0.01060294613,0,0.3811521811,0.0501420959,0.285732869,-0.5302482247,-0.02940265648,0.0007414705469,-0.3053615352,-0.06604569999,-0.001630061233,0.7299403457,0,0,0,1,0,0,0
7.300124884,5.280110359,rate,circle,-0.004767632578,0.001384364907,-1.61934042,0.0134143815,0.000846560304,-2,0.08898048848,0.001501759281,-0.01234031562,0.1384830316,0.01176970059,0,0.3810939397,0.05204052063,0.2564048542,-0.5174188614,-0.03118637204,0.001085446333,-0.2943108397,-0.07056595318,-0.001625105044,0.7301100335,0,0,0,1,0,0,0
7.310112953,5.290098429,rate,circle,-0.002886309288,0.001474270131,-1.619506121,0.01484355532,0.0009702490087,-2,0.1042547822,0.003040480427,-0.01226584427,0.147733403,0.01301066356,0,0.3809070678,0.0462627923,0.4006776218,-0.4801025689,-0.04138616472,0.0005900580436,-0.1791401405,-0.0734607151,-0.001739295667,0.7300816762,0,0,0,1,0,0,0
7.320109844,5.30009532,rate,circle,-0.001856212039,0.001527674263,-1.619579077,0.01636770562,0.00110685378,-2,0.112311922,0.003818482859,-0.01221810188,0.1572307848,0.0143321886,0,0.3808574105,0.04772341414,0.460863177,-0.4597165585,-0.04648535699,0.00187408214,-0.1804652686,-0.07786061871,-0.001757473446,0.7302451816,0,0,0,1,0,0,0
7.330116272,5.310101748,rate,circle,-0.0006917990977,0.001596739399,-1.619654059,0.01798956206,0.001257224619,-2,0.1207323894,0.004662349354,-0.01211123541,0.1669705472,0.01573638073,0,0.3808045996,0.04906407475,0.5183803345,-0.4392102957,-0.05148121715,0.001508465619,-0.177639426,-0.08211682459,-0.001760061852,0.7304209127,0,0,0,1,0,0,0
7.340116024,5.3201015,rate,circle,0.0005353887682,0.001673109364,-1.619729757,0.01970884054,0.00142194615,-2,0.1294035167,0.005587148946,-0.01203093398,0.1769310323,0.01722272667,0,0.3807533871,0.05038843899,0.5704264648,-0.4180397093,-0.05428205803,0.000583490124,-0.1734403059,-0.08615957052,-0.001729298894,0.7305910158,0,0,0,1,0,0,0
7.350104809,5.330090284,rate,circle,0.003188633593,0.001846755855,-1.619884014,0.0215267801,0.001601746921,-2,0.1473426074,0.007550326642,-0.01187494118,0.1871013904,0.01879202749,0,0.3805581563,0.04299012552,0.915306436,-0.3676089048,-0.06528226286,0.0009085716447,-0.05715691204,-0.0867152435,-0.001841014734,0.7304853806,0,0,0,1,0,0,0
7.360146999,5.340132475,rate,circle,0.004618033767,0.001945034601,-1.619962335,0.02345793486,0.001798744231,-2,0.1566105187,0.008692948148,-0.01180251874,0.1975425387,0.02045654475,0,0.3805043894,0.04419402579,0.9409138575,-0.3415060937,-0.06880733371,0.001060804119,-0.07028562399,-0.0895750057,-0.001659695871,0.730648836,0,0,0,1,0,0,0
7.37011981,5.350105286,rate,circle,0.006222915836,0.002045561327,-1.620053411,0.02548056384,0.002011360101,-2,0.1662519127,0.009922806174,-0.01162894256,0.2081203057,0.02219724967,0,0.3804343163,0.0451536997,0.96377663,-0.3160651326,-0.07175853103,0.001215016004,-0.07627058358,-0.09263306785,-0.001495420331,0.7308261773,0,0,0,1,0,0,0
7.380182028,5.360167503,rate,circle,0.007899396122,0.002155575668,-1.620137453,0.02762927094,0.002243926432,-2,0.1760720164,0.01118615642,-0.01151924673,0.2189976649,0.02404360612,0,0.3803745921,0.04626681701,0.9764873157,-0.2950385511,-0.07610543072,-7.38105955e-05,-0.08140242139,-0.09597427933,-0.001279889514,0.730997532,0,0,0,1,0,0,0
7.390113831,5.370099306,rate,circle,0.01147241239,0.002405634383,-1.620306849,0.02985844183,0.002492145514,-2,0.1961286515,0.01387635712,-0.01129016187,0.2299297684,0.02595612144,0,0.3801380567,0.03762849939,1.268778967,-0.2467893213,-0.08137056977,-6.746809959e-05,0.03527498267,-0.09269903512,-0.001500925179,0.7308297644,0,0,0,1,0,0,0
7.400124073,5.380109549,rate,circle,0.01348448265,0.002557050437,-1.620396733,0.03221604066,0.002762003029,-2,0.2065035254,0.01533026155,-0.01111562271,0.2411389531,0.02797564307,0,0.3800651962,0.03851072054,1.259438378,-0.2216510773,-0.08465997875,0.000248828961,0.01425473922,-0.0958546635,-0.001213061588,0.7310065978,0,0,0,1,0,0,0
7.410111904,5.39009738,rate,circle,0.01556872856,0.002721286844,-1.620486379,0.03468112009,0.003051869301,-2,0.2169261277,0.01678549498,-0.01092290785,0.25250788,0.03008386678,0,0.3799947126,0.03952489985,1.240335315,-0.1976552755,-0.08628646284,0.000751649146,-0.002934532855,-0.09942596,-0.0009514038968,0.7311935829,0,0,0,1,0,0,0
7.420123816,5.400109291,rate,circle,0.01996564679,0.003085004166,-1.620663881,0.03726700628,0.003364039765,-2,0.2380913347,0.02005613595,-0.01058933325,0.2640834676,0.03229184132,0,0.3797305701,0.03061760015,1.474019454,-0.1514555961,-0.0915332064,0.0008533258224,0.1049850457,-0.09294103922,-0.001020046158,0.7310165327,0,0,0,1,0,0,0
7.430107355,5.410092831,rate,circle,0.02240581624,0.003275478026,-1.620749354,0.03996183396,0.003697814117,-2,0.2489279211,0.02179508284,-0.0104100341,0.2757989268,0.0345890811,0,0.3796570088,0.03152944897,1.43066669,-0.1260944307,-0.09244572371,0.0001326462807,0.07296930526,-0.09627530218,-0.0004054155569,0.7311987537,0,0,0,1,0,0,0
7.44011116,5.420096636,rate,circle,0.02492280304,0.003479428357,-1.620824695,0.04278028932,0.004055753235,-2,0.2598457336,0.02355368249,-0.01026732568,0.2877050744,0.03698774194,0,0.3795960144,0.03258887538,1.377323913,-0.1029329747,-0.09346119314,0.000573205587,0.04639466793,-0.09995326553,0.0001992502103,0.7313813039,0,0,0,1,0,0,0
7.450106144,5.430091619,rate,circle,0.02751756646,0.003697294509,-1.620900154,0.04571601753,0.004437828518,-2,0.2708106041,0.02536433935,-0.01016208623,0.2997615319,0.03948203065,0,0.3795371196,0.03377474533,1.31552094,-0.08261802047,-0.09481549263,0.0002340077044,0.02386221028,-0.103580548,0.0008066112945,0.7315586293,0,0,0,1,0,0,0
7.460113049,5.440098524,rate,circle,0.03019022942,0.003929261584,-1.62097609,0.04877674701,0.004845828007,-2,0.2817440927,0.02721800841,-0.01006919332,0.3119873312,0.04207812165,0,0.3794804643,0.03516909285,1.242066142,-0.05856100097,-0.0954663828,-3.914664921e-05,0.003009426974,-0.1072613693,0.001435803731,0.7317401961,0,0,0,1,0,0,0
7.470116854,5.450102329,rate,circle,0.03306119889,0.004152344074,-1.621060848,0.05195956407,0.005280166062,-2,0.2927443087,0.02915769257,-0.009984423406,0.3243582591,0.04477313686,0,0.3794117828,0.03664659151,1.162975654,-0.03832892701,-0.09736193717,0.0006317865918,-0.0144361789,-0.1110354088,0.00203622246,0.7319155288,0,0,0,1,0,0,0
7.480136633,5.460122108,rate,circle,0.03902857751,0.004649162758,-1.621230245,0.05527223829,0.005742726638,-2,0.3147861362,0.03325523436,-0.009802630171,0.3368921014,0.04757323305,0,0.3791194798,0.02810285298,1.289388943,-0.00418118434,-0.0999160707,-0.000571354758,0.09432632782,-0.1019726505,0.00174216925,0.7316860766,0,0,0,1,0,0,0
7.49011445,5.470099926,rate,circle,0.04212535173,0.004923613276,-1.621315956,0.05869652404,0.006231734301,-2,0.3257803917,0.03532578796,-0.009828924201,0.3495097782,0.05046258398,0,0.379048704,0.02981298594,1.19132298,0.006080173422,-0.1011477262,-0.0007085887482,0.05386591154,-0.1067971328,0.002993924633,0.7318376483,0,0,0,1,0,0,0
7.5001266,5.480112076,rate,circle,0.0454274714,0.005197536666,-1.621422529,0.06225979814,0.006751912358,-2,0.3368496895,0.03752942383,-0.009860782884,0.3623015394,0.05346386059,0,0.3789546737,0.03160598008,1.09372959,0.01199572254,-0.1015260369,-2.840525303e-05,0.0215085333,-0.1111665179,0.004159728468,0.7319776142,0,0,0,1,0,0,0
7.510111809,5.490097284,rate,circle,0.05225600675,0.005799087696,-1.621637583,0.06594166676,0.007301129818,-2,0.3587872982,0.04202146828,-0.01002299506,0.3751831922,0.0565594351,0,0.3786128262,0.02409643642,1.208768227,0.01409362722,-0.1064348444,0.0004673395015,0.1223515988,-0.1008646909,0.004220493507,0.7316327207,0,0,0,1,0,0,0
7.52012229,5.500107765,rate,circle,0.05578242242,0.006127477158,-1.621746421,0.06976256675,0.00788328035,-2,0.3697252274,0.04433837906,-0.01008788962,0.3882159904,0.05976603348,0,0.3785159143,0.026109124,1.107851952,0.01702015288,-0.1082613096,-0.0001136671708,0.07281678279,-0.1062296839,0.005746095724,0.7317668593,0,0,0,1,0,0,0
7.530106544,5.51009202,rate,circle,0.0595164597,0.006463157479,-1.6218642,0.07370397436,0.008496395595,-2,0.3807765245,0.0467576012,-0.01017476618,0.4013268181,0.06306764296,0,0.3784073244,0.02813996972,1.011391411,0.02036423981,-0.1103832275,-0.0006324801943,0.03498784105,-0.1110399363,0.007136959497,0.7318842105,0,0,0,1,0,0,0
7.540129662,5.520115137,rate,circle,0.06720522046,0.007193423808,-1.622100592,0.07779292901,0.009145575898,-2,0.4028483927,0.05164806545,-0.010200914,0.4145952725,0.06648641984,0,0.3780527388,0.02149940912,1.128968499,0.03231830522,-0.1124828905,0.0004929900751,0.1356649062,-0.09920945535,0.006951688411,0.731547438,0,0,0,1,0,0,0
7.550122976,5.530108452,rate,circle,0.07115462422,0.007591810077,-1.622218966,0.08200263097,0.009827462083,-2,0.4137197733,0.05425344035,-0.01021257974,0.4279245344,0.06999945526,0,0.3779433644,0.02353739596,1.021725965,0.0419489406,-0.1116968989,-0.0004533099127,0.08099282361,-0.1046595553,0.008774279533,0.7316891391,0,0,0,1,0,0,0
7.5601511,5.540136576,rate,circle,0.07530789822,0.007994418032,-1.622335792,0.08636137517,0.0105475402,-2,0.4246466756,0.05687735602,-0.01018075831,0.4413947629,0.07362984876,0,0.3778345565,0.02578356613,0.9155282619,0.05065855756,-0.1107328758,-0.0002473741188,0.03752772289,-0.1105534005,0.01064262627,0.7318398801,0,0,0,1,0,0,0
7.570130825,5.550116301,rate,circle,0.07953198254,0.008418692276,-1.622452736,0.09083363213,0.01130080941,-2,0.4355152249,0.05960696936,-0.01019427553,0.454887946,0.07734750492,0,0.3777273759,0.02817715699,0.8104648937,0.05798636004,-0.1105065048,4.672749128e-06,0.00142687271,-0.1155349011,0.01252696104,0.7319776712,0,0,0,1,0,0,0
7.580171108,5.560156584,rate,circle,0.08382678032,0.008864884265,-1.622569799,0.09546933196,0.01209661838,-2,0.4463065267,0.06230820715,-0.01021100301,0.468545463,0.08119338267,0,0.3776235552,0.030910916,0.7037702717,0.06723211706,-0.1096612886,-0.0007621260011,-0.03113985402,-0.1211558018,0.01438400348,0.7321210642,0,0,0,1,0,0,0
7.590121031,5.570106506,rate,circle,0.09274929762,0.00979887601,-1.62281847,0.1001989732,0.01292388144,-2,0.4677200317,0.06784915924,-0.01016194653,0.4821556419,0.08510931591,0,0.3772680346,0.02468937031,0.787235341,0.08177276701,-0.1085106656,0.0002162876772,0.07666365432,-0.1065085306,0.01416813467,0.7317916294,0,0,0,1,0,0,0
7.600317717,5.580303192,rate,circle,0.09737497568,0.01028771885,-1.622950554,0.1051867801,0.01381263267,-2,0.4784169793,0.07070086896,-0.01029335987,0.4961751644,0.08923051902,0,0.3771468336,0.02765238375,0.6768892567,0.08298587054,-0.1081109643,-0.0003269553999,0.02254319312,-0.1149231429,0.01672147305,0.7319063478,0,0,0,1,0,0,0
7.610117674,5.590103149,rate,circle,0.1020687371,0.01079986431,-1.623083234,0.110115557,0.01470691897,-2,0.489015311,0.07358232141,-0.01038204785,0.5097118049,0.09329453166,0,0.3770228972,0.03040892979,0.5886322617,0.07907684147,-0.1111420617,-0.0002119148703,-0.0163995054,-0.1215612457,0.01894883005,0.7320081597,0,0,0,1,0,0,0
7.620120764,5.600106239,rate,circle,0.1116490662,0.01189999934,-1.623340726,0.1152835983,0.01566133367,-2,0.5099931359,0.07949378341,-0.01068182476,0.523586312,0.09754697823,0,0.3766955883,0.02499587282,0.677516327,0.07473613322,-0.1121516228,-0.0001983826951,0.08350202556,-0.1056411275,0.01907625035,0.7315875243,0,0,0,1,0,0,0
7.630119085,5.610104561,rate,circle,0.1166611686,0.01245389879,-1.62349093,0.1205881288,0.01665832597,-2,0.5204950571,0.08254396915,-0.01077804994,0.5375060381,0.1019024439,0,0.3765530219,0.02793367822,0.5963524574,0.07488048822,-0.1140848696,6.834434316e-05,0.02751504845,-0.1147300063,0.02198486624,0.7316879916,0,0,0,1,0,0,0
7.640247107,5.620232582,rate,circle,0.1217389256,0.01303265709,-1.623641491,0.1261036047,0.0177131888,-2,0.5309351087,0.08561630547,-0.01093415171,0.5516529962,0.1064212704,0,0.3764129184,0.03133102463,0.5342990651,0.07315516472,-0.1134167537,-0.0001261902507,-0.02022066222,-0.1235093634,0.02499361977,0.7317818381,0,0,0,1,0,0,0
7.650114298,5.630099773,rate,circle,0.1268820912,0.0136365043,-1.623792529,0.1316150324,0.01878541312,-2,0.541251421,0.08872953057,-0.0110707311,0.5654748509,0.1109268853,0,0.376272472,0.03467071095,0.5019011897,0.0698761791,-0.1138154641,0.001226958004,-0.05620950511,-0.1307415014,0.02766975282,0.7318659799,0,0,0,1,0,0,0
7.660203695,5.640189171,rate,circle,0.1320899725,0.01426579151,-1.623943686,0.1373917753,0.01992828024,-2,0.5514519811,0.09188952297,-0.01115557645,0.5796419318,0.1156389091,0,0.3761363102,0.03851173265,0.4968464928,0.07141767442,-0.1144997329,0.0009072910761,-0.09062451934,-0.1379682485,0.03033976069,0.7319785946,0,0,0,1,0,0,0
7.670116901,5.650102377,rate,circle,0.1429654062,0.01557050645,-1.624257445,0.1432069958,0.02109800653,-2,0.5720444322,0.09845054895,-0.01129370276,0.5935891312,0.1203716021,0,0.3757832873,0.03274529503,0.561231654,0.06834744662,-0.1142175049,0.001277400414,0.02854341086,-0.1182200711,0.03003463704,0.7315487905,0,0,0,1,0,0,0
7.680121899,5.660107374,rate,circle,0.1484975517,0.01626302116,-1.624435782,0.1492163631,0.02232664783,-2,0.5822315216,0.1017962098,-0.01144586876,0.607687154,0.1252511265,0,0.3756138519,0.03645723868,0.5646186857,0.0624771826,-0.1157697216,0.001755770994,-0.02247521202,-0.1279976923,0.03345120949,0.7316209565,0,0,0,1,0,0,0
7.690114975,5.670100451,rate,circle,0.1540869921,0.0169848986,-1.624614239,0.1553594528,0.02360307179,-2,0.5922826529,0.105148904,-0.0116280457,0.6217841551,0.1302276123,0,0.3754462533,0.0404288472,0.5919153771,0.05288248137,-0.1187832728,0.002274240134,-0.06409093636,-0.1367529672,0.03657947994,0.7316873947,0,0,0,1,0,0,0
7.700164318,5.680149794,rate,circle,0.159865424,0.01773139648,-1.624808908,0.1616792506,0.02493735101,-2,0.6024857759,0.1085314006,-0.0118968524,0.6359704011,0.1353351073,0,0.3752646688,0.04451060452,0.6401955785,0.04176711664,-0.1222489476,0.002283533104,-0.09580688222,-0.1452269638,0.03956020032,0.7317215668,0,0,0,1,0,0,0
7.7101264,5.690111876,rate,circle,0.1716038287,0.01930605248,-1.625198007,0.1680849068,0.02631121125,-2,0.6225584149,0.1154754758,-0.01221779548,0.6500372854,0.1404995387,0,0.3748839678,0.03912245611,0.673850155,0.02941425145,-0.126122728,0.002756541828,0.02599163148,-0.1227471181,0.03921876189,0.7312120987,0,0,0,1,0,0,0
7.720223665,5.700209141,rate,circle,0.1775638163,0.02013537101,-1.625392199,0.1747204814,0.02775672912,-2,0.632502079,0.1190698519,-0.01240384579,0.6642928829,0.1458362293,0,0.3746961096,0.04336991537,0.7107220549,0.02454144321,-0.1268191636,0.004115125164,-0.02605366182,-0.1332169745,0.04306672639,0.7312722125,0,0,0,1,0,0,0
7.730129719,5.710115194,rate,circle,0.1837007254,0.02100142464,-1.625609517,0.1813702428,0.02922773336,-2,0.6425195336,0.1226811931,-0.01254546642,0.6782705151,0.1511710524,0,0.3744880999,0.04740457242,0.7564418242,0.0168043673,-0.1291519254,0.003487724578,-0.06185256372,-0.1419923806,0.04634332623,0.731317469,0,0,0,1,0,0,0
7.740176916,5.720162392,rate,circle,0.1898967028,0.02189589851,-1.625827789,0.1882561227,0.03077417698,-2,0.6525259614,0.1263415366,-0.01262596436,0.6924332461,0.1566813967,0,0.3742811224,0.05169635826,0.8100076769,0.008772796951,-0.1322417557,0.004756486043,-0.09207909468,-0.150152359,0.04947154497,0.7313864755,0,0,0,1,0,0,0
7.75013876,5.730124235,rate,circle,0.1961518377,0.02281968854,-1.626044989,0.1952238985,0.03236263365,-2,0.6624653339,0.1301584691,-0.01280476898,0.7064557997,0.1622429701,0,0.3740779055,0.05593333883,0.8660175939,0.00340772653,-0.1339085847,0.005714653991,-0.1152189255,-0.1562574039,0.0523091203,0.7314257636,0,0,0,1,0,0,0
7.760138035,5.74012351,rate,circle,0.2089554667,0.02475947328,-1.62649107,0.2023582106,0.03401326136,-2,0.6823464632,0.1378889382,-0.01299041416,0.7205052587,0.1679226493,0,0.3736817862,0.0502679653,0.8590502918,-0.002099535894,-0.1353179067,0.005406401586,0.02025514464,-0.1272524874,0.05045854636,0.7309013702,0,0,0,1,0,0,0
7.770112991,5.750098467,rate,circle,0.2155023217,0.02577580325,-1.626718998,0.2096149913,0.03571694045,-2,0.6922429204,0.141837135,-0.01300305035,0.7344889515,0.1736845271,0,0.3734597614,0.05447993066,0.9033262234,-0.003914362751,-0.1370964646,0.006419018377,-0.02298244302,-0.1376376034,0.05434752094,0.730972657,0,0,0,1,0,0,0
7.780274868,5.760260344,rate,circle,0.2221069187,0.02682314999,-1.626945019,0.217150999,0.03751213803,-2,0.7021449804,0.1458847523,-0.01312288549,0.7486961899,0.1796518611,0,0.3732409873,0.0589868025,0.9515220567,-0.009741316549,-0.1381051242,0.007787738927,-0.05908204876,-0.1469159034,0.05789320825,0.7310283469,0,0,0,1,0,0,0
7.79013133,5.770116806,rate,circle,0.2355953008,0.02901354618,-1.627418756,0.2245982327,0.0393117774,-2,0.7219776511,0.1542896777,-0.01335845981,0.7624335297,0.1855327072,0,0.372885736,0.05283231441,0.9721784621,-0.01936925389,-0.1423539072,0.008505810983,0.07941047625,-0.1131230077,0.0554803562,0.730442531,0,0,0,1,0,0,0
7.800304651,5.780290127,rate,circle,0.2424783111,0.03015772812,-1.627664208,0.2324266271,0.04123053716,-2,0.7319228649,0.1585783511,-0.01336166076,0.7765621838,0.1916972583,0,0.3726359955,0.05716699029,1.006109471,-0.02085538954,-0.1412914246,0.009319623932,0.02810504512,-0.1257578022,0.0598223471,0.7305106453,0,0,0,1,0,0,0
7.810149431,5.790134907,rate,circle,0.2494191378,0.03133545071,-1.627907157,0.2401387903,0.04314749096,-2,0.7418872118,0.1629581004,-0.01336571854,0.7901801878,0.197753016,0,0.3723959358,0.06100442699,1.040116749,-0.02037321031,-0.1422980428,0.01086967811,-0.005186307356,-0.1345170633,0.0632569192,0.730555774,0,0,0,1,0,0,0
7.820142508,5.800127983,rate,circle,0.2635793686,0.03379835933,-1.628391743,0.2481039401,0.04515473819,-2,0.7618459463,0.1719412357,-0.01345972531,0.8039428615,0.2039894868,0,0.372103686,0.05459308449,1.100623283,-0.002783956472,-0.1382273138,0.01180653181,0.1300417861,-0.09927677642,0.06020610418,0.7299731387,0,0,0,1,0,0,0
7.830142736,5.810128212,rate,circle,0.2707932293,0.0350862518,-1.628633142,0.2562121412,0.04722625598,-2,0.7718270421,0.1764970571,-0.0134409545,0.817648637,0.2103192855,0,0.3718512221,0.05851684333,1.12251053,0.008820587769,-0.1341478825,0.01265468635,0.07788430343,-0.1130768242,0.06452962125,0.7300241781,0,0,0,1,0,0,0
7.840288877,5.820274353,rate,circle,0.2780643702,0.03640975058,-1.628872037,0.2645783539,0.049393143,-2,0.7816874981,0.1811603755,-0.01345263608,0.8314802133,0.2168307895,0,0.3715997929,0.0627109747,1.14662281,0.01962641813,-0.1308815479,0.01365058124,0.03452031037,-0.1247872987,0.06839725138,0.7300783697,0,0,0,1,0,0,0
7.85015893,5.830144405,rate,circle,0.2853927314,0.03776935115,-1.62910831,0.272851192,0.0515648848,-2,0.7915535569,0.185869664,-0.01339441817,0.8448580245,0.2232499557,0,0.3713600044,0.0664685107,1.17305573,0.02816291153,-0.128137812,0.01466285996,0.005876656204,-0.1334905545,0.07144821023,0.7301302923,0,0,0,1,0,0,0
7.860268354,5.84025383,rate,circle,0.2928754091,0.03915886953,-1.629348278,0.2814611269,0.05385540581,-2,0.8014605641,0.1906881034,-0.01325171348,0.8584753295,0.2299099395,0,0.3711185431,0.07046022846,1.202041659,0.0385614112,-0.1255640388,0.01454903837,-0.0188912758,-0.1419862905,0.07425499756,0.7302108556,0,0,0,1,0,0,0
7.870142937,5.850128412,rate,circle,0.3080096543,0.04205031693,-1.629816771,0.2900035198,0.05615812589,-2,0.8211407065,0.2004721165,-0.01289227046,0.8716876855,0.2364967727,0,0.3708893022,0.06339545387,1.257059589,0.05989388376,-0.1189939678,0.01785115711,0.1303155998,-0.1002304587,0.06937850206,0.7297022665,0,0,0,1,0,0,0
7.880163431,5.860148907,rate,circle,0.3156614602,0.04355338588,-1.630045533,0.2988050422,0.05856176696,-2,0.8308775425,0.2054342777,-0.01282541174,0.8850000567,0.2432616319,0,0.3706422775,0.06726549232,1.274992993,0.06528873742,-0.1185392216,0.01819708943,0.08152573029,-0.1146573823,0.07349959437,0.7297575824,0,0,0,1,0,0,0
7.890147209,5.870132685,rate,circle,0.3233695924,0.04509501904,-1.630271077,0.3077064785,0.06102441262,-2,0.8405862451,0.2104220092,-0.01266942732,0.8981626038,0.2500807857,0,0.3704032331,0.07105188263,1.296114151,0.06480296701,-0.1201648191,0.01876021363,0.04507859051,-0.1264292789,0.07688161302,0.7298314673,0,0,0,1,0,0,0
7.900145531,5.880131006,rate,circle,0.3312313855,0.04667793214,-1.630490422,0.3167520523,0.06355926312,-2,0.8502486348,0.215451166,-0.01248512045,0.9112375831,0.2569871554,0,0.3701782793,0.07483828205,1.318983344,0.06282146275,-0.1235506311,0.02062748373,0.01807258225,-0.1362856892,0.07964826399,0.7299103699,0,0,0,1,0,0,0
7.910133362,5.890118837,rate,circle,0.3471181989,0.04996238649,-1.630919337,0.3259181013,0.0661607754,-2,0.8693827987,0.2257809341,-0.01223661005,0.9241865634,0.2639616122,0,0.3700437373,0.06790398687,1.370459148,0.07302006334,-0.123191148,0.02284430899,0.1619179347,-0.09147477096,0.07391602187,0.7293755873,0,0,0,1,0,0,0
7.920148849,5.900134325,rate,circle,0.3551428914,0.0516651161,-1.631138802,0.3352388138,0.06883981079,-2,0.8788087368,0.2310256213,-0.0120802233,0.9370530778,0.2710290359,0,0.3697968715,0.07168408631,1.382703023,0.07775917649,-0.121431984,0.02466286533,0.1115446478,-0.1067256345,0.0780300311,0.7294436366,0,0,0,1,0,0,0
7.930135965,5.910121441,rate,circle,0.3633234203,0.05341666564,-1.631360531,0.3446608271,0.071582099,-2,0.8882204294,0.2363077402,-0.01184840966,0.9497595684,0.2781478761,0,0.3695582952,0.07535281948,1.39726305,0.0797772631,-0.1211233288,0.0253148675,0.07513486792,-0.1189950289,0.08124064859,0.7295212902,0,0,0,1,0,0,0
7.940137625,5.9201231,rate,circle,0.3715558946,0.05520935729,-1.63157773,0.3542230981,0.07439998141,-2,0.8975436687,0.2416710556,-0.01161359996,0.9623553151,0.2853465068,0,0.3693286812,0.07901246889,1.414696595,0.08086634427,-0.1218922064,0.02674884349,0.04697899062,-0.1288154886,0.0839714779,0.7295996157,0,0,0,1,0,0,0
7.950123549,5.930109024,rate,circle,0.38817662,0.0589209646,-1.63199985,0.3638953383,0.07728559632,-2,0.9160596728,0.2526360154,-0.01115011424,0.974796669,0.2926010003,0,0.3692572958,0.07191355773,1.461611721,0.09154748172,-0.1181912944,0.02892957255,0.1914683374,-0.07897362494,0.07683610724,0.7291004829,0,0,0,1,0,0,0
7.960140944,5.940126419,rate,circle,0.3966524601,0.06083638966,-1.632233143,0.3737221884,0.08025341944,-2,0.9252539277,0.258241415,-0.0108179152,0.9871365833,0.2999436185,0,0.3689922487,0.07540267984,1.467111192,0.09690509737,-0.1152624935,0.02896637097,0.1423589382,-0.09499848028,0.08072361619,0.7291872731,0,0,0,1,0,0,0
7.970125437,5.950110912,rate,circle,0.4051735699,0.06279676408,-1.632460952,0.3836390446,0.08328500254,-2,0.9343574643,0.2638599873,-0.01054280717,0.9992902933,0.3073249207,0,0.3687390075,0.07884556739,1.476957108,0.1006804407,-0.1146146655,0.03104518913,0.1053442593,-0.1079481726,0.083938901,0.7292575268,0,0,0,1,0,0,0
7.980136156,5.960121632,rate,circle,0.4137444198,0.06480064988,-1.632668853,0.3937030232,0.08639884301,-2,0.9433060288,0.2695048749,-0.01028459053,1.01132443,0.314786248,0,0.3685109377,0.08235701777,1.487691499,0.1041610911,-0.1143593267,0.03295510262,0.07604273879,-0.1186873562,0.08656597009,0.7293312477,0,0,0,1,0,0,0
7.990120411,5.970105886,rate,circle,0.4311203063,0.06894353777,-1.633086085,0.4038596121,0.08957914139,-2,0.9611011744,0.280978173,-0.009791633114,1.023170214,0.3222859685,0,0.3685034523,0.0751982425,1.531584448,0.1241248921,-0.1058026031,0.03489519656,0.2199406456,-0.06601851267,0.07828585653,0.7288253175,0,0,0,1,0,0,0
8.000148058,5.980133533,rate,circle,0.4399235249,0.07108332962,-1.633295059,0.4141785749,0.09284891188,-2,0.9698380828,0.2868392766,-0.009536089376,1.034904675,0.3298742716,0,0.3682513498,0.07859140639,1.532114437,0.1344703883,-0.1012750939,0.0360263586,0.168485113,-0.08378564288,0.08235301663,0.7288895094,0,0,0,1,0,0,0
8.010126591,5.990112066,rate,circle,0.4487740397,0.07326878607,-1.633498907,0.4245629708,0.09617847019,-2,0.978538096,0.2927345335,-0.009238074534,1.046414307,0.3374786316,0,0.3680136962,0.08182026824,1.535015208,0.1410863847,-0.09965340793,0.03578129783,0.1304044492,-0.09772615474,0.085446069,0.7289586774,0,0,0,1,0,0,0
8.020132542,6.000118017,rate,circle,0.4576718211,0.07550023496,-1.633698106,0.4350903628,0.09959362647,-2,0.9871206284,0.2986801863,-0.009041842073,1.057782552,0.3451546596,0,0.3677872911,0.08505726907,1.539071452,0.1447978765,-0.09968753904,0.03760221601,0.1004680648,-0.1090967706,0.08787274713,0.7290023602,0,0,0,1,0,0,0
8.030118227,6.010103703,rate,circle,0.4757703245,0.0801178515,-1.634106874,0.4457089526,0.1030786811,-2,1.003984928,0.3105674386,-0.008465344086,1.068949714,0.3528632417,0,0.3678432616,0.07798089784,1.572506878,0.1610428691,-0.09280962497,0.04134373739,0.2417984491,-0.05367600918,0.07859450149,0.7285144273,0,0,0,1,0,0,0
8.040123463,6.020108938,rate,circle,0.4848811924,0.08249740303,-1.634318233,0.4564592573,0.1066479906,-2,1.012263298,0.3165979385,-0.008128159679,1.079955017,0.3606324562,0,0.3675788519,0.08116202639,1.565438966,0.16777125,-0.09015142918,0.04277150705,0.1899002016,-0.07296928596,0.08241062145,0.7285828848,0,0,0,1,0,0,0
8.050121784,6.03010726,rate,circle,0.4940358996,0.08492411673,-1.634523988,0.4673111888,0.1102927021,-2,1.02040267,0.3226777315,-0.007862678729,1.09076371,0.3684391305,0,0.3673288592,0.08430067222,1.560780781,0.170240134,-0.08777054399,0.04265088588,0.1500969305,-0.08818599154,0.08529450435,0.7286314722,0,0,0,1,0,0,0
8.060157061,6.040142536,rate,circle,0.5032998323,0.08739502728,-1.634732008,0.4783109247,0.114029576,-2,1.02844286,0.3287523091,-0.007558908779,1.101417066,0.3763149258,0,0.3670892952,0.08743325712,1.558079986,0.1711059809,-0.08945647627,0.04387727752,0.1199124131,-0.1009133573,0.0873999079,0.7286859516,0,0,0,1,0,0,0
8.070146322,6.050131798,rate,circle,0.5219511986,0.09247983992,-1.635131836,0.4893654048,0.1178279968,-2,1.044135809,0.3410824537,-0.007005833555,1.111822029,0.3841918459,0,0.3671963237,0.08055386922,1.581402923,0.1808427423,-0.08649493754,0.0456129387,0.2578670966,-0.0412221012,0.07734091526,0.7281990812,0,0,0,1,0,0,0
8.080134869,6.060120344,rate,circle,0.5313380957,0.0950948894,-1.635323405,0.5005220042,0.1217049954,-2,1.051838756,0.3473234177,-0.006718744058,1.122021987,0.3921024754,0,0.3669424314,0.08352240134,1.57015703,0.1875063628,-0.08292946219,0.04805614054,0.2065412117,-0.06114212092,0.08096873078,0.7282469967,0,0,0,1,0,0,0
8.090139151,6.070124626,rate,circle,0.5408233404,0.09775979817,-1.635511637,0.5117972579,0.1256674637,-2,1.059407473,0.3535559177,-0.006433601491,1.132028105,0.4000569858,0,0.3667057652,0.08647252051,1.560759045,0.18925789,-0.08107337356,0.04899573699,0.1677863857,-0.0772741732,0.08356677971,0.7282920087,0,0,0,1,0,0,0
8.10017252,6.080157995,rate,circle,0.5503464937,0.1004732624,-1.635676265,0.5232047558,0.1297215251,-2,1.066769242,0.3597798645,-0.00606008945,1.141847149,0.4080631942,0,0.3665022768,0.08946897021,1.555379481,0.1902519763,-0.08024404943,0.0497254841,0.137332415,-0.09044067672,0.0856041172,0.7283674564,0,0,0,1,0,0,0
8.110126734,6.090112209,rate,circle,0.5599070787,0.103235513,-1.63583529,0.5346185247,0.1338231129,-2,1.074074507,0.3660548329,-0.005697300658,1.151369718,0.4160314838,0,0.3663209635,0.09222079241,1.551447965,0.194095403,-0.07795246691,0.05084136873,0.1159374111,-0.1003190617,0.08686564101,0.728432208,0,0,0,1,0,0,0
8.120133877,6.100119352,rate,circle,0.5791854858,0.1089247242,-1.636133313,0.546187411,0.1380265754,-2,1.088226438,0.3787270784,-0.005044010468,1.160717962,0.4240643886,0,0.3665170616,0.08565007175,1.55104698,0.2035319805,-0.0724664405,0.05228503048,0.2550129452,-0.03498444689,0.07524109172,0.7280158277,0,0,0,1,0,0,0
8.130128622,6.110114098,rate,circle,0.5889061093,0.1118506715,-1.636272192,0.5578341935,0.1423051655,-2,1.095109582,0.3850775659,-0.00468342239,1.169824448,0.4321064533,0,0.3663207044,0.08840792861,1.538064131,0.2055905759,-0.07062511891,0.05341855809,0.2088101035,-0.05492703519,0.07835055605,0.7280847144,0,0,0,1,0,0,0
8.140157223,6.120142698,rate,circle,0.5986604095,0.1148263589,-1.636406064,0.5696107284,0.1466791186,-2,1.1018641,0.3914642632,-0.004330702126,1.178725536,0.4401917274,0,0.3661407278,0.09110873239,1.526009125,0.2062716633,-0.07030799985,0.05544524267,0.173538073,-0.07057665157,0.08047230965,0.7281507296,0,0,0,1,0,0,0
8.150141954,6.13012743,rate,circle,0.6182659864,0.1209286526,-1.636659265,0.5814232325,0.1511145569,-2,1.114754558,0.4043874741,-0.003622225719,1.187347614,0.4482542588,0,0.3664492698,0.08489503632,1.526961156,0.2050985396,-0.07412133366,0.05677272379,0.3005619466,-0.004381183267,0.06894547812,0.7277767942,0,0,0,1,0,0,0
8.160225391,6.140210867,rate,circle,0.6281619668,0.1240697056,-1.636756063,0.5934386378,0.1556755923,-2,1.121058941,0.4109327793,-0.003352416446,1.195806794,0.4564059074,0,0.3662660232,0.08755732796,1.506476872,0.2082830071,-0.0704857111,0.05686849728,0.2472292104,-0.02732095253,0.0724255533,0.7278318454,0,0,0,1,0,0,0
8.170143127,6.150128603,rate,circle,0.6380876303,0.1272620112,-1.636849165,0.6053385675,0.16024189,-2,1.127209783,0.417491734,-0.003025502665,1.203878853,0.4644294827,0,0.3661129641,0.08994694124,1.487813082,0.2122399509,-0.06673760712,0.05832954496,0.2097257033,-0.04364034731,0.07455444531,0.7278908126,0,0,0,1,0,0,0
8.18017149,6.160156965,rate,circle,0.6580143571,0.1338033229,-1.637023091,0.6174513644,0.1649400494,-2,1.13907373,0.4307390451,-0.002248466481,1.211785877,0.4725450551,0,0.3665611659,0.08390384024,1.490911248,0.2287708074,-0.05146798491,0.05975836143,0.3292496951,0.0230035694,0.06283806634,0.7275737432,0,0,0,1,0,0,0
8.190134525,6.170120001,rate,circle,0.668055594,0.1371869892,-1.637107015,0.6295624896,0.1696881945,-2,1.14483881,0.4374878407,-0.001888419734,1.219382596,0.4806067925,0,0.3663732608,0.08613701982,1.460677107,0.2414854616,-0.04035221413,0.06001409516,0.2752607745,-0.00102325726,0.06611655743,0.7276399563,0,0,0,1,0,0,0
8.200294018,6.180279493,rate,circle,0.6781225204,0.1406230628,-1.637186646,0.6419890072,0.1746126567,-2,1.15038228,0.4441798925,-0.001571924542,1.226858542,0.4888228702,0,0.3661890943,0.08856683927,1.427586653,0.2532782555,-0.03306273744,0.06122750789,0.2305062801,-0.02196739185,0.06836312976,0.7277040689,0,0,0,1,0,0,0
8.210175037,6.190160513,rate,circle,0.6882135868,0.1441118121,-1.63726294,0.6541464435,0.1794821724,-2,1.155672431,0.45093292,-0.001311862376,1.233862766,0.4968057111,0,0.3660461816,0.09066290523,1.397197432,0.2613552809,-0.02515389025,0.06162586436,0.1997383748,-0.03576438538,0.06935129451,0.7277389668,0,0,0,1,0,0,0
8.220144749,6.200130224,rate,circle,0.698327601,0.1476535648,-1.6373384,0.6664818033,0.1844752856,-2,1.160820484,0.4576943219,-0.0009434644599,1.24065852,0.5048485741,0,0.3659145121,0.09272823552,1.367936322,0.2701590955,-0.01784148067,0.06268922985,0.1749921777,-0.04754458321,0.06972883416,0.7278010344,0,0,0,1,0,0,0
8.230142593,6.210128069,rate,circle,0.7186639309,0.1549573988,-1.637500286,0.6789186245,0.1895629398,-2,1.170526624,0.4711632431,-0.0001920010982,1.247195081,0.5128987334,0,0.366310354,0.0872922698,1.332058761,0.2842411399,-0.006168049295,0.06366432458,0.2955158454,0.02566940712,0.05612402404,0.7275062092,0,0,0,1,0,0,0
8.240151882,6.220137358,rate,circle,0.7288610935,0.1586881429,-1.637574673,0.6914337289,0.1947369472,-2,1.175079584,0.4778687954,3.081685645e-05,1.253455219,0.520938914,0,0.3661317274,0.08943028702,1.292693073,0.2864193916,-0.005717626307,0.0656677559,0.2478892465,0.001468361789,0.05818306566,0.7275330441,0,0,0,1,0,0,0
8.250142097,6.230127573,rate,circle,0.7390711308,0.1624725163,-1.63764596,0.7039860302,0.1999812302,-2,1.179459691,0.4846384227,0.0002955154923,1.259415555,0.5289408331,0,0.3659758439,0.09140968852,1.257663531,0.283161819,-0.00772486534,0.06469580531,0.2124015228,-0.01627033836,0.05918062084,0.7275652834,0,0,0,1,0,0,0
8.260143995,6.240129471,rate,circle,0.7493189573,0.1663435251,-1.637720466,0.7166112004,0.2053115963,-2,1.183597088,0.4914123714,0.0005435734638,1.265090176,0.5369253058,0,0.3658343463,0.0933426275,1.224701805,0.2804631293,-0.009180431254,0.06511518359,0.1853531726,-0.02949993836,0.05934173522,0.7275880702,0,0,0,1,0,0,0
8.270130396,6.250115871,rate,circle,0.769857049,0.1742447019,-1.637858748,0.7292719554,0.2107132279,-2,1.191343546,0.5049738884,0.001055917703,1.270459296,0.5448667636,0,0.3662286025,0.0886107121,1.17037837,0.2818545699,-0.004047605675,0.0647116825,0.2989445057,0.04742212306,0.04515276885,0.7272681801,0,0,0,1,0,0,0
8.280299902,6.260285378,rate,circle,0.7801452279,0.1782748997,-1.63790679,0.7422183938,0.2162952259,-2,1.194931507,0.5117077827,0.001348886406,1.275617536,0.5529182982,0,0.3660539343,0.09061104453,1.127981493,0.2818855047,-0.0001771022071,0.06690897793,0.2510491137,0.02111782592,0.04694030757,0.7273171954,0,0,0,1,0,0,0
8.29013133,6.270116806,rate,circle,0.7904622555,0.1824028194,-1.637959003,0.754782814,0.2217693113,-2,1.198353887,0.5185014606,0.001659942791,1.280303166,0.560664149,0,0.3659186063,0.09217446523,1.089638832,0.2793147266,0.001469085691,0.06564903259,0.2204682406,0.00517894757,0.04721656845,0.7273511057,0,0,0,1,0,0,0
8.300150871,6.280136347,rate,circle,0.8007885814,0.1865836531,-1.638007164,0.7676335011,0.2274262807,-2,1.201520562,0.5252707005,0.002028673887,1.284769455,0.5685157262,0,0.3657952882,0.09383296831,1.049625481,0.2758668363,0.001230778638,0.06692840159,0.1949788233,-0.008453102841,0.04679653455,0.7274050633,0,0,0,1,0,0,0
8.310134888,6.290120363,rate,circle,0.8214635253,0.1951039881,-1.638091803,0.7804815697,0.2331412145,-2,1.207337618,0.5387661457,0.002636561636,1.288905291,0.576292742,0,0.3662019861,0.08982473042,0.9854963037,0.2736184299,0.007253607735,0.06657242775,0.304309725,0.07118753803,0.03210006667,0.7271571388,0,0,0,1,0,0,0
8.320173979,6.300159454,rate,circle,0.831809938,0.1995017081,-1.638132215,0.7934405415,0.23896571,-2,1.209986448,0.5456347466,0.002938343212,1.292742908,0.5840614586,0,0.3660299334,0.09129007419,0.939420239,0.2747459412,0.01221915707,0.06621672958,0.2619798928,0.04739235728,0.03318591047,0.7271938037,0,0,0,1,0,0,0
8.330139637,6.310125113,rate,circle,0.8421607018,0.2039522827,-1.638168812,0.8063412187,0.2448244672,-2,1.212457657,0.5524026752,0.003265143605,1.296229775,0.5917183924,0,0.3658898463,0.09259673048,0.889856507,0.2731902301,0.01434605476,0.0662445724,0.2320220516,0.02962534424,0.03284314498,0.7272343731,0,0,0,1,0,0,0
8.340226173,6.320211649,rate,circle,0.852514267,0.2084556371,-1.638181686,0.8194320955,0.2508316904,-2,1.214691162,0.5592004061,0.003622507444,1.299427248,0.599408142,0,0.3657904482,0.09386154095,0.8411480831,0.2711992562,0.01751588657,0.06623449922,0.2087544662,0.01570501296,0.03187227882,0.7272915878,0,0,0,1,0,0,0
8.350144148,6.330129623,rate,circle,0.8732187152,0.21767658,-1.638195634,0.8323340106,0.2568138415,-2,1.21856761,0.5726561546,0.004183346871,1.30224174,0.6069062174,0,0.3662044288,0.09050926623,0.7762309721,0.2773468196,0.03311629593,0.06714601815,0.3144067604,0.09920237402,0.01662588641,0.727083488,0,0,0,1,0,0,0
8.360147953,6.340133429,rate,circle,0.883566916,0.222393468,-1.638197184,0.8453741887,0.2629227618,-2,1.220233917,0.579411149,0.004464474507,1.304745405,0.6144014086,0,0.3660636366,0.09157751578,0.7164081497,0.2802361846,0.04087640718,0.06667112559,0.2753438937,0.0737074314,0.01680358376,0.7271236934,0,0,0,1,0,0,0
8.370134592,6.350120068,rate,circle,0.8939126134,0.2271623164,-1.638195634,0.8584152774,0.2690956296,-2,1.221690774,0.5861103535,0.004797782283,1.306904903,0.6218114847,0,0.3659519954,0.09251506506,0.6573960502,0.2799428105,0.04432879016,0.0667289421,0.2472883745,0.05455428853,0.01596968152,0.7271761626,0,0,0,1,0,0,0
8.380147219,6.360132694,rate,circle,0.9145981073,0.2369066626,-1.63818109,0.8715102303,0.2753584707,-2,1.224083543,0.5994009972,0.00538987061,1.308725023,0.6291639326,0,0.366398731,0.08988360909,0.6147758949,0.2810204923,0.05283349752,0.06483288854,0.3407198385,0.1333573585,0.001379495138,0.7270187238,0,0,0,1,0,0,0
8.390149117,6.370134592,rate,circle,0.9249317646,0.2418808788,-1.638168931,0.8846076042,0.2816876966,-2,1.225032687,0.606022656,0.00564421108,1.310194257,0.6364271325,0,0.3662408267,0.09060233016,0.5490309096,0.2860404253,0.06156674773,0.06505855918,0.3008267907,0.1040733519,0.001477829592,0.7270575027,0,0,0,1,0,0,0
8.400308371,6.380293846,rate,circle,0.9352576733,0.2469055504,-1.638141632,0.8979242565,0.2881904267,-2,1.225718141,0.6125669479,0.005907334853,1.311325467,0.643716686,0,0.3661143311,0.09128974233,0.480304516,0.2910600305,0.06915515661,0.06521309912,0.2697859744,0.08008013635,0.0006751702758,0.7271072044,0,0,0,1,0,0,0
8.410154343,6.390139818,rate,circle,0.9455744028,0.2519801855,-1.638112187,0.9108394839,0.2945628584,-2,1.226270437,0.6190248728,0.006130303256,1.312070605,0.6506924031,0,0.36603632,0.0916628712,0.4144841389,0.2929685414,0.07662056386,0.06375002861,0.2518616373,0.06427512398,-0.001239573656,0.7271399277,0,0,0,1,0,0,0
8.420412779,6.400398254,rate,circle,0.9558809996,0.2571043074,-1.638080359,0.9243016778,0.3012748085,-2,1.226618171,0.6254194379,0.006481718738,1.312475183,0.657862305,0,0.3659700994,0.09201075382,0.3443801087,0.2986488938,0.08631616086,0.06275995076,0.2353960339,0.04800559252,-0.003290579859,0.7272144753,0,0,0,1,0,0,0
8.430167913,6.410153389,rate,circle,0.9764276147,0.2675678134,-1.638000846,0.9371054748,0.3077252039,-2,1.22659874,0.6381066442,0.007036008406,1.312504222,0.6645830989,0,0.3663362312,0.09016795392,0.3371396399,0.307104528,0.1019115523,0.06160581857,0.332888708,0.134732112,-0.01861791627,0.7271174674,0,0,0,1,0,0,0
8.440216303,6.420201778,rate,circle,0.9866796136,0.2728718519,-1.637957931,0.950292651,0.3144375436,-2,1.226302266,0.6443546414,0.007296430878,1.312167795,0.6714020288,0,0.3662324096,0.09031992121,0.2746528784,0.3069860935,0.102901876,0.06037287042,0.3014122723,0.1063555486,-0.01939893095,0.7271747442,0,0,0,1,0,0,0
8.450154781,6.430140257,rate,circle,0.9969155788,0.2782235146,-1.637913346,0.963330419,0.321143325,-2,1.22576952,0.6504939795,0.007466882467,1.311465654,0.6780379791,0,0.3661650146,0.09032305215,0.2240599095,0.3053803444,0.1000795439,0.05878535658,0.2804946787,0.08575030301,-0.02105557837,0.7272085611,0,0,0,1,0,0,0
8.460307121,6.440292597,rate,circle,1.007117152,0.283654809,-1.637884259,0.9766396077,0.3280609187,-2,1.225048065,0.6565210223,0.007668132428,1.310365288,0.6847005131,0,0.3660991574,0.09017711731,0.1865373775,0.3035432994,0.09688681364,0.05816162378,0.2648505027,0.06842149836,-0.02314661119,0.7272488836,0,0,0,1,0,0,0
8.470159292,6.450144768,rate,circle,1.027462721,0.2946539223,-1.637819529,0.9895427527,0.3348380751,-2,1.223007679,0.6683835983,0.008117496967,1.308923652,0.6910490107,0,0.3663705556,0.08922538406,0.3195607867,0.3083796799,0.105818145,0.05604446679,0.3513678784,0.1510866073,-0.03731623701,0.7271754604,0,0,0,1,0,0,0
8.480252743,6.460238218,rate,circle,1.037604332,0.3002204299,-1.637783766,1.002745239,0.3418454476,-2,1.221750259,0.6741849184,0.008352056146,1.307061221,0.6974284932,0,0.3662627455,0.08881430499,0.3214362502,0.3098011613,0.109547101,0.05521275103,0.3232297568,0.1212382262,-0.03833037472,0.7272357045,0,0,0,1,0,0,0
8.490138769,6.470124245,rate,circle,1.047701597,0.3058843613,-1.637752056,1.01565629,0.3487706079,-2,1.220243692,0.6800149679,0.008533573709,1.304855343,0.703549903,0,0.3661826111,0.08823744368,0.3431047816,0.3093814552,0.1096139997,0.05294364691,0.3059611569,0.1023759353,-0.04019349813,0.7272769405,0,0,0,1,0,0,0
8.500171661,6.480157137,rate,circle,1.05777514,0.3115916252,-1.637718558,1.028734908,0.3558598572,-2,1.218562722,0.6857610941,0.008714135736,1.302226953,0.7096288221,0,0.3661295596,0.08743745217,0.3786734217,0.3088827133,0.1084139347,0.05242630839,0.2945627949,0.08711656373,-0.04271538742,0.7273232011,0,0,0,1,0,0,0
8.510146141,6.490131617,rate,circle,1.067823529,0.3173413873,-1.637683034,1.04170928,0.3629676033,-2,1.216662407,0.6913627386,0.008884790353,1.299221213,0.7155341302,0,0.3661110344,0.08648209183,0.4223245539,0.3099455833,0.110666953,0.05000991747,0.2890820077,0.07594124677,-0.04561802969,0.7273704414,0,0,0,1,0,0,0
8.520146132,6.500131607,rate,circle,1.087782979,0.3290104568,-1.637592196,1.054684763,0.3701519447,-2,1.212249756,0.7022553086,0.009313152172,1.295811354,0.7213111556,0,0.3662342556,0.08621137268,0.5732557921,0.3156113327,0.1191985831,0.04766939953,0.3670935851,0.1585810721,-0.05839689038,0.7273686584,0,0,0,1,0,0,0
8.530130863,6.510116339,rate,circle,1.097690463,0.3349243402,-1.637537122,1.067604434,0.377382225,-2,1.209636092,0.7075118423,0.009581163526,1.2920073,0.7269310558,0,0.3661791627,0.08516995063,0.6197780918,0.3175904453,0.1199220568,0.04655126855,0.3463915201,0.133213043,-0.06010737283,0.7274619935,0,0,0,1,0,0,0
8.540151596,6.520137072,rate,circle,1.10756731,0.3408765197,-1.637479901,1.080530478,0.3846942251,-2,1.206892848,0.7126743197,0.00978835579,1.287784941,0.7324170787,0,0.3661581674,0.08383984255,0.6700437005,0.3188991249,0.1211261302,0.04443787783,0.3342118817,0.1140830287,-0.06237408459,0.7275456189,0,0,0,1,0,0,0
8.550154686,6.530140162,rate,circle,1.127156496,0.3529284894,-1.637379169,1.093389528,0.3920473878,-2,1.200692892,0.7227352262,0.01000047754,1.283162485,0.7377342548,0,0.3662845384,0.08441690731,0.8145426706,0.3220934272,0.1191348881,0.04039803892,0.3977668214,0.1909171902,-0.07370266092,0.7275422881,0,0,0,1,0,0,0
8.560161114,6.540146589,rate,circle,1.136866331,0.3590264916,-1.637336016,1.106204555,0.3994554012,-2,1.197235823,0.7276266217,0.01011174824,1.278127878,0.742888859,0,0.3661964046,0.08293797699,0.8657888921,0.3257404268,0.1224836782,0.03894462436,0.3758535694,0.1624968813,-0.07519102748,0.7276114823,0,0,0,1,0,0,0
8.570124626,6.550110102,rate,circle,1.146540642,0.3651594818,-1.637291074,1.118912518,0.4068820546,-2,1.193594098,0.7324273586,0.01029193494,1.272703669,0.7478528231,0,0.3661445772,0.08125388075,0.9186533765,0.3311946988,0.1287956089,0.0375087522,0.3629136898,0.142030006,-0.07728155629,0.7277040851,0,0,0,1,0,0,0
8.58015132,6.560136795,rate,circle,1.156177998,0.3713270426,-1.637230635,1.131644421,0.4144048607,-2,1.189813137,0.7371537089,0.01044209115,1.266827713,0.752673194,0,0.3661409663,0.07925362174,0.9721075822,0.3375576437,0.1351583302,0.03472692519,0.3565648587,0.1266463526,-0.07973281681,0.7278020813,0,0,0,1,0,0,0
8.590156317,6.570141792,rate,circle,1.175201654,0.383823216,-1.637129784,1.144287946,0.4219586657,-2,1.181298018,0.7463005781,0.01068847533,1.260544082,0.7573027455,0,0.3661758646,0.08071697406,1.096291451,0.3554150462,0.1587665528,0.03099976853,0.4086047732,0.2032884384,-0.08977939608,0.7278697661,0,0,0,1,0,0,0
8.600337267,6.580322742,rate,circle,1.184652686,0.3901142478,-1.637077332,1.157087096,0.4296919039,-2,1.176785469,0.7506338954,0.01077844668,1.253715744,0.7618231905,0,0.3661135287,0.07848338986,1.144416549,0.3615295589,0.1670925915,0.02846291475,0.3913258822,0.173307903,-0.09132392971,0.7279726582,0,0,0,1,0,0,0
8.610150576,6.590136051,rate,circle,1.194061279,0.3964352906,-1.637024164,1.169356189,0.4371885232,-2,1.172049642,0.7547900677,0.01080776472,1.246716528,0.7659932014,0,0.3660910062,0.0762722882,1.193174958,0.3660191894,0.1708883792,0.02620973438,0.383337755,0.1537347666,-0.09336819813,0.7280646089,0,0,0,1,0,0,0
8.620164633,6.600150108,rate,circle,1.212591171,0.4091906846,-1.63696897,1.181803347,0.4448797204,-2,1.161787033,0.7628484964,0.01090488303,1.239148801,0.7700536858,0,0.3660780325,0.07845810567,1.298422348,0.3742005825,0.1742074639,0.02094139159,0.4226264473,0.2223783568,-0.1018012225,0.7281349219,0,0,0,1,0,0,0
8.630158424,6.6101439,rate,circle,1.221787214,0.4156095088,-1.636939287,1.194147609,0.4525948876,-2,1.156301498,0.7666246891,0.01095815934,1.231165215,0.7739043063,0,0.3659849003,0.07601085517,1.344227799,0.3790398836,0.1777788252,0.01895787567,0.406601814,0.191923871,-0.1031142342,0.7282489425,0,0,0,1,0,0,0
8.640222311,6.620207787,rate,circle,1.230934858,0.4220542908,-1.636914015,1.206495627,0.4604020108,-2,1.150617003,0.7702893615,0.01100795157,1.222687516,0.7775727942,0,0.3659224731,0.07326924472,1.390246458,0.383680582,0.1804187,0.0160491243,0.3978344798,0.1690036503,-0.1047699944,0.7283716221,0,0,0,1,0,0,0
8.650159836,6.630145311,rate,circle,1.239949465,0.4285265207,-1.636898518,1.218602721,0.4681462844,-2,1.144598961,0.7737623453,0.01104128361,1.213882129,0.7809837755,0,0.3658798924,0.07052812495,1.436007691,0.387904644,0.183680892,0.01425816398,0.3933263727,0.15304504,-0.106630434,0.7284937446,0,0,0,1,0,0,0
8.660350323,6.640335798,rate,circle,1.24891293,0.4350221753,-1.636881232,1.230924855,0.4761217655,-2,1.138340592,0.7770726085,0.01112586167,1.204401814,0.7842576247,0,0.3658797434,0.06737576864,1.484780451,0.3936063051,0.1895772815,0.01220258418,0.3924216196,0.1391389742,-0.1087600175,0.7286448508,0,0,0,1,0,0,0
8.670154095,6.65013957,rate,circle,1.26668191,0.44807145,-1.636838794,1.242686052,0.4838249894,-2,1.125184536,0.7831306458,0.01155491918,1.194847884,0.7871877161,0,0.365705043,0.07073159188,1.564788598,0.4020162523,0.2004451901,0.006024287548,0.4231141746,0.2101479615,-0.1155568039,0.7288798443,0,0,0,1,0,0,0
8.680235386,6.660220861,rate,circle,1.275483847,0.4546221793,-1.636813641,1.254680274,0.4917750839,-2,1.118242502,0.7859562635,0.01165635791,1.184577698,0.7899705729,0,0.3656739786,0.06747105765,1.605646364,0.4042143226,0.1997916847,0.005321843084,0.4165842235,0.1842972385,-0.1167635589,0.7290666866,0,0,0,1,0,0,0
8.690141916,6.670127392,rate,circle,1.284142375,0.4611843228,-1.636795163,1.26636351,0.4996135358,-2,1.110999703,0.7885575891,0.0117086852,1.174042715,0.7924722443,0,0.3656646633,0.06424047952,1.645153099,0.4050618112,0.1946934313,0.001378876274,0.4143461015,0.1667152253,-0.1180886973,0.7292473256,0,0,0,1,0,0,0
8.700171232,6.680156708,rate,circle,1.292742133,0.4677630365,-1.636772752,1.278082995,0.5075731876,-2,1.103559971,0.7909918427,0.011730236,1.162927528,0.7947639864,0,0.3656962842,0.06063278287,1.68738197,0.4047740698,0.1890065819,-0.001419077278,0.4167223844,0.1535426897,-0.1196657069,0.729438797,0,0,0,1,0,0,0
8.71015811,6.690143585,rate,circle,1.309758425,0.4809658527,-1.636724591,1.289639861,0.5155207691,-2,1.087988019,0.795425117,0.01166488882,1.151407433,0.7967994159,0,0.3654693167,0.06449790973,1.746051851,0.4069386125,0.1891378909,-0.007752566133,0.4339587923,0.2184037692,-0.1244450778,0.7296232794,0,0,0,1,0,0,0
8.720162392,6.700147867,rate,circle,1.318086624,0.4875872433,-1.636709094,1.301099247,0.5235013244,-2,1.07978797,0.7974019051,0.01167292614,1.139412735,0.7985858712,0,0.3654568026,0.06076817986,1.780462382,0.4099836051,0.1921156645,-0.009575529024,0.4318423708,0.1957774254,-0.1252396718,0.7298398213,0,0,0,1,0,0,0
8.730154037,6.710139513,rate,circle,1.326349974,0.4942201972,-1.636691689,1.312422109,0.531488353,-2,1.071356654,0.7991661429,0.01176599227,1.126976829,0.8001120032,0,0.3654802722,0.05685892238,1.816324117,0.413345933,0.1936701983,-0.01353184413,0.4342606314,0.1796064815,-0.126260778,0.7300956236,0,0,0,1,0,0,0
8.740155458,6.720140934,rate,circle,1.342683554,0.5074981451,-1.636651516,1.323629317,0.5394971511,-2,1.053877473,0.8021706939,0.01184072159,1.114069769,0.8013755024,0,0.3652521337,0.06135101888,1.86092628,0.4197302461,0.2014912516,-0.0178251341,0.4389276626,0.2363249916,-0.1296586897,0.730364718,0,0,0,1,0,0,0
8.750153542,6.730139017,rate,circle,1.35065341,0.5141412616,-1.636633277,1.334701458,0.5475145618,-2,1.044728756,0.8033863306,0.01189713087,1.100705847,0.8023685844,0,0.3652445994,0.05723645916,1.885938793,0.4232500196,0.2065141052,-0.02125270851,0.4395253388,0.2118670023,-0.1298625532,0.7306476839,0,0,0,1,0,0,0
8.760167599,6.740153074,rate,circle,1.358552694,0.5207902789,-1.636603355,1.345655032,0.5555533559,-2,1.03529501,0.8044812679,0.01199335884,1.086856239,0.8030867341,0,0.3652833729,0.05295607351,1.913329925,0.4267583489,0.2088200897,-0.02307433262,0.4439083678,0.1950512992,-0.1303071245,0.7309640108,0,0,0,1,0,0,0
8.7701509,6.750136375,rate,circle,1.366378903,0.5274439454,-1.636571765,1.356434593,0.5635732179,-2,1.025610924,0.8053547144,0.01201450545,1.07258453,0.8035212872,0,0.3653550269,0.04852040299,1.939863259,0.4308990836,0.2107714862,-0.02559791319,0.4515066429,0.1835689648,-0.1307321089,0.7312817764,0,0,0,1,0,0,0
8.780181408,6.760166883,rate,circle,1.381691575,0.5407498479,-1.63650465,1.367119287,0.5716339298,-2,1.005328298,0.8065937161,0.0121253999,1.057776096,0.803668947,0,0.3650959429,0.05391058438,1.960357602,0.4361596107,0.2192118764,-0.03182099387,0.4397469685,0.2378814946,-0.1323532878,0.7316273849,0,0,0,1,0,0,0
8.790186405,6.770171881,rate,circle,1.389175296,0.5473994017,-1.636468291,1.377626482,0.5796741466,-2,0.9948021173,0.8069356084,0.0121737849,1.042534806,0.8035216931,0,0.3651442695,0.04937879562,1.980297842,0.4389245212,0.2206654996,-0.03415551782,0.4464865721,0.2180564217,-0.1322875806,0.7319917771,0,0,0,1,0,0,0
8.800197601,6.780183077,rate,circle,1.396579862,0.5540480018,-1.63643086,1.387985194,0.5877163715,-2,0.9841148853,0.8071281314,0.01217037812,1.026811816,0.8030738667,0,0.3652258853,0.04458231733,1.99982634,0.4401658475,0.2184520513,-0.03648586199,0.4570640539,0.2050906345,-0.13221113,0.7323691701,0,0,0,1,0,0,0
8.810198545,6.790184021,rate,circle,1.40391016,0.5606837869,-1.636392593,1.398173767,0.5957443579,-2,0.9731299877,0.8070578575,0.01212679502,1.010631407,0.8023203267,0,0.3653388783,0.03969710047,2.018573916,0.4422620535,0.2183012813,-0.03948869929,0.4694403404,0.1965654001,-0.1320246531,0.7327602328,0,0,0,1,0,0,0
8.8201828,6.800168276,rate,circle,1.418062449,0.5738921165,-1.636314154,1.408181558,0.6037498802,-2,0.950222671,0.8063095808,0.01219935715,0.9940041331,0.80125673,0,0.3650431658,0.0457293345,2.018963235,0.4446543455,0.2222118229,-0.04474499449,0.442032429,0.2470123931,-0.1323239416,0.7331527985,0,0,0,1,0,0,0
8.830177069,6.810162544,rate,circle,1.425011516,0.5804863572,-1.636273384,1.418030749,0.6117512148,-2,0.9384592175,0.805636704,0.01219771523,0.9768842859,0.799874452,0,0.3651345965,0.04072436228,2.027722599,0.4476826787,0.2255500853,-0.04757698253,0.4561627532,0.2304825681,-0.1315093832,0.7335982764,0,0,0,1,0,0,0
8.840186357,6.820171833,rate,circle,1.431873322,0.5870718956,-1.636231899,1.427720862,0.6197491099,-2,0.9264277816,0.8047891855,0.01214148104,0.9592598404,0.798165469,0,0.3652564501,0.03562630021,2.035774298,0.450583905,0.225071162,-0.05098322779,0.4717925843,0.2202985342,-0.1305837279,0.7340583921,0,0,0,1,0,0,0
8.850177288,6.830162764,rate,circle,1.438530684,0.5936008692,-1.636184454,1.437214884,0.6277136322,-2,0.9140077233,0.8037136793,0.01216832642,0.9411882132,0.7961294902,0,0.3654136881,0.03073055684,2.043006613,0.4558104575,0.2227284759,-0.05382425338,0.4858753597,0.2147437126,-0.1295316658,0.7345618566,0,0,0,1,0,0,0
8.860157013,6.840142488,rate,circle,1.445097804,0.6001187563,-1.636136293,1.446515615,0.6356472452,-2,0.9013617635,0.8024182916,0.01218136493,0.9226570632,0.7937603636,0,0.3655968828,0.02601605574,2.053628495,0.4570883214,0.2226245552,-0.05496460572,0.5017642853,0.2128277748,-0.1285257036,0.7350919742,0,0,0,1,0,0,0
8.870167017,6.850152493,rate,circle,1.457952261,0.6131148338,-1.636038542,1.455656372,0.6435794687,-2,0.8752889633,0.7993302941,0.01208889578,0.9035865053,0.7910410702,0,0.3652414382,0.03186853486,2.027136687,0.4610309899,0.2291154563,-0.06061015651,0.4579580821,0.2600986703,-0.1277188725,0.7355277,0,0,0,1,0,0,0
8.880180359,6.860165834,rate,circle,1.464116573,0.6195244193,-1.635966301,1.464606755,0.651485357,-2,0.8617851734,0.797411561,0.01203283295,0.8840240125,0.7879709497,0,0.365434366,0.0269903719,2.026310953,0.4638599455,0.2323818952,-0.06244606152,0.4780050543,0.2493706632,-0.1260094415,0.7360995735,0,0,0,1,0,0,0
8.890170813,6.870156288,rate,circle,1.470183969,0.6259171963,-1.635894656,1.47333904,0.6593407678,-2,0.848040998,0.7952813506,0.0119581772,0.8640208892,0.7845528113,0,0.3656498202,0.02265957818,2.025983307,0.4664778709,0.2333769053,-0.06393333524,0.4983439831,0.2440292004,-0.124175249,0.7366986801,0,0,0,1,0,0,0
8.900362253,6.880347729,rate,circle,1.476152301,0.6322913766,-1.635823965,1.482038555,0.6673171495,-2,0.8340768814,0.7929329276,0.0117990179,0.8431144904,0.7806940024,0,0.3659038633,0.01925322025,2.027707274,0.4703425765,0.2353353351,-0.06674109399,0.521151497,0.241980648,-0.1221269102,0.7373284203,0,0,0,1,0,0,0
8.910183907,6.890169382,rate,circle,1.487653136,0.6449117064,-1.635673523,1.49021842,0.6749651102,-2,0.8052505255,0.7876112461,0.0115886284,0.822486808,0.7766135972,0,0.3655729334,0.02350178765,1.975609483,0.4730959237,0.2472231984,-0.07103101164,0.4574448017,0.2812842748,-0.1203946436,0.7377784145,0,0,0,1,0,0,0
8.920305729,6.900291204,rate,circle,1.493182182,0.6511556506,-1.635593414,1.498433824,0.6828029877,-2,0.7904185057,0.7846059203,0.01143864542,0.8007347215,0.7720307075,0,0.3658159283,0.01988474025,1.96656876,0.4744492173,0.2519260943,-0.07337595522,0.4862088471,0.2724168936,-0.1177449066,0.7384628616,0,0,0,1,0,0,0
8.930187702,6.910173178,rate,circle,1.498605728,0.6573751569,-1.635514975,1.506239732,0.690408517,-2,0.7753610015,0.781416595,0.01130696852,0.7790132573,0.7671802334,0,0.3660584853,0.01854347599,1.958462408,0.4788101614,0.2546891868,-0.07492364943,0.511429731,0.2696757309,-0.115032532,0.7391687919,0,0,0,1,0,0,0
8.940186024,6.920171499,rate,circle,1.509125233,0.6697340608,-1.635363102,1.513916657,0.6980529002,-2,0.7443725467,0.7743836045,0.01088174991,0.7565475133,0.7618880583,0,0.365766294,0.02056163824,1.905376286,0.4830343127,0.2637687325,-0.0798682496,0.4402202327,0.2988888414,-0.1131585108,0.7396010479,0,0,0,1,0,0,0
8.950187922,6.930173397,rate,circle,1.514085412,0.6757960916,-1.635283589,1.521369125,0.7056451145,-2,0.7283892632,0.7704689503,0.0106951613,0.733581099,0.7562005723,0,0.3660083016,0.01857224391,1.883357295,0.4820974767,0.2695656419,-0.08097402751,0.4731342451,0.2907858743,-0.1095952192,0.7403594213,0,0,0,1,0,0,0
8.960205078,6.940190554,rate,circle,1.5189327,0.6818273067,-1.635205746,1.528600253,0.7131898944,-2,0.7121992111,0.7663112283,0.01053783204,0.7100848773,0.750103588,0,0.3662675545,0.01944746551,1.863712026,0.4823118448,0.2750996649,-0.08215416223,0.5042592353,0.2874173205,-0.1059310613,0.7411703572,0,0,0,1,0,0,0
8.97018981,6.950175285,rate,circle,1.523664951,0.687825799,-1.635129929,1.535571284,0.7206474523,-2,0.695709765,0.7619633675,0.0103127202,0.6861711139,0.7436207349,0,0.3665367522,0.02310390074,1.846563075,0.4851938784,0.2778245807,-0.08475504071,0.5330637352,0.2885630023,-0.1021229472,0.7420027367,0,0,0,1,0,0,0
8.980245352,6.960230827,rate,circle,1.528279662,0.6937897205,-1.635056138,1.542347933,0.7280903983,-2,0.6789725423,0.7574010491,0.01006944105,0.6615889085,0.7366761298,0,0.3668221301,0.02886358688,1.834216157,0.4890720248,0.2805701792,-0.08606497943,0.5617118152,0.2928381894,-0.09811990367,0.742885236,0,0,0,1,0,0,0
8.990193367,6.970178843,rate,circle,1.536857367,0.7054733634,-1.634903908,1.548806418,0.7353829628,-2,0.6444061995,0.7473828793,0.009440582246,0.6367762355,0.7293887742,0,0.3665140114,0.02170550068,1.744349645,0.491168201,0.2882504165,-0.0893605873,0.4626268694,0.3134505404,-0.09641975676,0.74328944,0,0,0,1,0,0,0
9.000218153,6.980203629,rate,circle,1.540963292,0.7112565637,-1.634829164,1.555062558,0.7426563445,-2,0.6267881393,0.7420192361,0.009064111859,0.6112750404,0.7216190966,0,0.3667894155,0.02718418758,1.718271506,0.4956501424,0.289819628,-0.0902780816,0.5032479071,0.312987634,-0.0915672136,0.7441990418,0,0,0,1,0,0,0
9.010185242,6.990170717,rate,circle,1.544944406,0.7169979811,-1.634757876,1.561026778,0.7498085022,-2,0.6088632345,0.7364180684,0.008717088029,0.5854253736,0.7134636326,0,0.3670653646,0.0339444704,1.69666668,0.5010352731,0.2914431393,-0.09152781963,0.5385358437,0.316480603,-0.0867388207,0.7451543408,0,0,0,1,0,0,0
9.02018857,7.000174046,rate,circle,1.548662305,0.7226155996,-1.634676933,1.566751184,0.7569027684,-2,0.5905579925,0.7305343747,0.008340429515,0.5593937542,0.7050380328,0,0.3673741425,0.04111977576,11.91998339,0.5060965419,0.2958191335,-0.09246108681,-5.884851351,-1.824965977,-0.1404932,0.7116475893,0,0,0,1,0,0,0
9.03017354,7.010159016,rate,circle,1.555713058,0.7337149382,-1.634527445,1.572320879,0.7639550769,-2,0.5532089472,0.7180424333,0.00752929505,0.5562202154,0.7075443958,0,0.3670973635,0.01326524826,12.93788371,0.503864944,0.3077952862,-0.09444276243,-5.085284044,-1.567217087,-0.1343901673,0.7086041835,0,0,0,1,0,0,0
9.040240049,7.020225525,rate,circle,1.559040666,0.7391926646,-1.634458899,1.577903924,0.7710902367,-2,0.5340854526,0.7114595771,0.007109380793,0.5530093935,0.7100567658,0,0.3674147163,0.02026392644,13.5193907,0.5039260983,0.3136505485,-0.09595664591,-4.373294358,-1.390742968,-0.1230270025,0.7068231793,0,0,0,1,0,0,0
9.050168991,7.030154467,rate,circle,1.562079787,0.7445470095,-1.634361029,1.583378954,0.778152592,-2,0.5153722763,0.7046886683,0.01106758416,0.5498313336,0.7125205292,0,0.3677972907,0.03703047523,14.06067929,0.4319436848,0.2526106238,-0.1001404226,-3.852190558,-1.263905656,-0.1114195503,0.7062034639,0,0,0,1,0,0,0
9.060208082,7.040193558,rate,circle,1.564995646,0.7498520017,-1.63419497,1.588882585,0.7853180943,-2,0.4977997839,0.6979912519,0.02181899548,0.5466068576,0.7149971631,0,0.3682957364,0.05610169351,14.4480439,0.1805745065,0.04136613384,-0.1053400412,-3.452530332,-1.162705719,-0.09891138079,0.7077208725,0,0,0,1,0,0,0
9.070191145,7.05017662,rate,circle,1.570478916,0.7603162527,-1.633548498,1.594323344,0.7924681888,-2,0.463665843,0.6849619746,0.04923396558,0.543389315,0.7174455048,0,0.3686312615,0.09917154375,14.42534912,-0.6753687859,-0.5314511657,-0.112761125,-3.214835681,-1.024658767,-0.0845569545,0.7147832921,0,0,0,1,0,0,0
9.080220938,7.060206413,rate,circle,1.572882056,0.7653962374,-1.633064032,1.599757169,0.7996762933,-2,0.4456003308,0.6784803867,0.0575129576,0.540145668,0.719890726,0,0.3695123798,0.1181582721,14.12229918,-1.165021539,-0.7602827549,-0.115652971,-2.920268042,-0.9346125612,-0.06991080913,0.7180281309,0,0,0,1,0,0,0
9.090180397,7.070165873,rate,circle,1.575177312,0.7704209685,-1.632527232,1.605120643,0.8068580466,-2,0.4277222157,0.6724630594,0.06284991652,0.536913879,0.7223042894,0,0.3704868403,0.1354883005,13.59549942,-1.623191833,-0.9164631367,-0.1187694371,-2.666221335,-0.8494120602,-0.05826585573,0.7212591743,0,0,0,1,0,0,0
9.100205183,7.080190659,rate,circle,1.577354789,0.7754059434,-1.631958008,1.610486739,0.8141111085,-2,0.4104837179,0.6672133803,0.06615334749,0.5336500012,0.7247190326,0,0.3715517783,0.151172414,12.88028237,-2.004851818,-1.004765391,-0.1216685399,-2.435207438,-0.767492817,-0.04916570562,0.7245088222,0,0,0,1,0,0,0
9.110180378,7.090165854,rate,circle,1.581214786,0.7852172852,-1.630737782,1.615793759,0.8213522454,-2,0.3794444799,0.6591944695,0.06864096969,0.5303914896,0.7271071914,0,0.3726339044,0.1791890628,10.96568751,-2.478714228,-1.013985038,-0.1244000942,-2.183932427,-0.6004273574,-0.04173509105,0.7308305702,0,0,0,1,0,0,0
9.12019968,7.100185156,rate,circle,1.582920432,0.7900575399,-1.630108356,1.62109147,0.8286493075,-2,0.3660558462,0.6564378142,0.0684120208,0.5271078116,0.7294911616,0,0.3738531538,0.1896173297,9.945323896,-2.590219975,-0.9743613601,-0.1253700107,-1.939825932,-0.5316927653,-0.03682406459,0.7335312631,0,0,0,1,0,0,0
9.130228758,7.110214233,rate,circle,1.584550023,0.7948849797,-1.629485726,1.626361348,0.835977335,-2,0.3543563187,0.6545507312,0.06757849455,0.5238101992,0.7318626068,0,0.3751234404,0.1981378224,8.885491126,-2.633772373,-0.9281119108,-0.1256637275,-1.710812091,-0.4671109471,-0.03356856309,0.7359234541,0,0,0,1,0,0,0
9.140199184,7.12018466,rate,circle,1.587450504,0.8044734001,-1.6282233,1.631567572,0.843286009,-2,0.3357750177,0.6530055404,0.06454797089,0.5205212959,0.7342054075,0,0.3763916165,0.2118750724,6.646044673,-2.588440895,-0.8196827769,-0.1261514127,-1.402842679,-0.3098613358,-0.03137832818,0.7396464593,0,0,0,1,0,0,0
9.150191545,7.130177021,rate,circle,1.588749051,0.8092464805,-1.62759006,1.636752297,0.8506341237,-2,0.3288160563,0.6532639265,0.06266125292,0.5172146444,0.7365385337,0,0.377765022,0.2153023939,5.589067703,-2.523688078,-0.7604165673,-0.1252485365,-1.180828203,-0.2636503095,-0.02987378022,0.7409604768,0,0,0,1,0,0,0
9.160280943,7.140266418,rate,circle,1.590037823,0.8140215278,-1.626975298,1.641953794,0.8580771744,-2,0.3235758841,0.6543329358,0.06067650393,0.5138652715,0.7388792071,0,0.3791880752,0.2168865166,4.550780477,-2.440106153,-0.7030397654,-0.1248078272,-0.9723239645,-0.219334776,-0.02930648823,0.7419562321,0,0,0,1,0,0,0
9.170189619,7.150175095,rate,circle,1.591316223,0.8188135624,-1.626381159,1.647029179,0.8654098167,-2,0.3199266493,0.6560217142,0.05830748379,0.5105655825,0.7411631305,0,0.3806129042,0.2167764431,3.539973802,-2.340959549,-0.6482690573,-0.1244636998,-0.7767699144,-0.1763919998,-0.0292005002,0.7425627677,0,0,0,1,0,0,0
9.180371761,7.160357237,rate,circle,1.592452168,0.8235830069,-1.625767708,1.652210523,0.8729683287,-2,0.317578882,0.6581427455,0.05573436618,0.5071642521,0.7434947353,0,0.3821776805,0.2152530936,2.579865351,-2.225619316,-0.5873681307,-0.1241718307,-0.596305667,-0.1398509777,-0.02920562981,0.7428562408,0,0,0,1,0,0,0
9.190196991,7.170182467,rate,circle,1.594776273,0.8332019448,-1.624617457,1.657177363,0.8802843272,-2,0.3170197904,0.6640380025,0.05029603094,0.5038720528,0.7457298133,0,0.3834353923,0.2100404976,0.9093047899,-1.967102885,-0.4627082646,-0.1224754453,-0.2923866399,-0.003744532352,-0.02955257444,0.7424720931,0,0,0,1,0,0,0
9.200189114,7.180174589,rate,circle,1.595985413,0.8380593061,-1.62408185,1.662195345,0.8877470451,-2,0.3187370598,0.6676520109,0.04736503959,0.5005138297,0.7479879052,0,0.3849247745,0.2043039328,0.7662866309,-1.823708534,-0.401843667,-0.1214226931,-0.1327056719,0.01264402405,-0.02998107781,0.741956552,0,0,0,1,0,0,0
9.210186243,7.190171719,rate,circle,1.59723866,0.8429526091,-1.623573303,1.667182209,0.8952360069,-2,0.3216083646,0.6716462374,0.04448902979,0.4971437969,0.7502319942,0,0.3864229702,0.1974023378,1.299069774,-1.678427935,-0.3484092355,-0.121162042,0.015383203,0.02890388741,-0.03063379022,0.7412799628,0,0,0,1,0,0,0
9.22018671,7.200172186,rate,circle,1.59846437,0.8478735685,-1.623068929,1.672136981,0.9027498388,-2,0.3256099224,0.6759564877,0.04152255505,0.4937625725,0.7524616415,0,0.3879640334,0.1893474977,1.968785367,-1.530141473,-0.298769176,-0.1213023961,0.15210547,0.04411714241,-0.03132541229,0.7404444464,0,0,0,1,0,0,0
9.230165005,7.21015048,rate,circle,1.601121306,0.857831955,-1.622142553,1.677047016,0.9102691588,-2,0.3364185095,0.6853992343,0.03579227999,0.4903788785,0.7546711572,0,0.388960954,0.1725789148,3.32328172,-1.199522018,-0.191041097,-0.1186012179,0.4166771232,0.1518477861,-0.03065540187,0.738315224,0,0,0,1,0,0,0
9.240224361,7.220209837,rate,circle,1.602564931,0.8628736138,-1.62171495,1.681962713,0.9178718041,-2,0.3429601192,0.6904487014,0.03317544609,0.4869576881,0.7568832208,0,0.3904207834,0.1620168369,3.863376215,-1.029307604,-0.1358009279,-0.1167226583,0.5139867137,0.1450180798,-0.03109485782,0.7373257417,0,0,0,1,0,0,0
9.25018692,7.230172396,rate,circle,1.604080915,0.8679705262,-1.621311665,1.686797139,0.9254231471,-2,0.3501343429,0.6955612898,0.03071603179,0.4835595838,0.7590587124,0,0.3918515441,0.1509228021,4.342128459,-0.8627410531,-0.08707103878,-0.1153637916,0.6019606412,0.1399210261,-0.03151553678,0.7363570988,0,0,0,1,0,0,0
9.260173798,7.240159273,rate,circle,1.605681062,0.8731132746,-1.62093091,1.691609339,0.9330145994,-2,0.3578864038,0.7007234097,0.02850837819,0.4801434303,0.7612242024,0,0.3932749832,0.1393551365,4.759593168,-0.7017723918,-0.04789124429,-0.1137448475,0.6801335478,0.1349020035,-0.03186615807,0.7354563024,0,0,0,1,0,0,0
9.27017045,7.250155926,rate,circle,1.609144688,0.8835377097,-1.620228767,1.696392034,0.9406350636,-2,0.3743900955,0.7112160921,0.02474613674,0.4767142214,0.7633764151,0,0.3938253373,0.1174874347,5.483361958,-0.3848663568,0.02563574724,-0.1128166765,0.8672854528,0.2161825767,-0.02912831059,0.7336957582,0,0,0,1,0,0,0
9.280245304,7.26023078,rate,circle,1.611067057,0.8888553381,-1.619903684,1.701177409,0.9483368304,-2,0.3830890656,0.7164568305,0.02322822995,0.4732484263,0.7655298341,0,0.3951343231,0.1052445756,5.706435777,-0.2321479917,0.05942136049,-0.1115646809,0.8998206114,0.1915126707,-0.02909879192,0.733098324,0,0,0,1,0,0,0
9.290160894,7.27014637,rate,circle,1.613080263,0.8942185044,-1.619593501,1.705852996,0.9559379544,-2,0.3918923736,0.7217206955,0.02183459513,0.4698279205,0.7676338483,0,0.3963901802,0.09305222526,5.869468063,-0.08806634694,0.08832554519,-0.1102732047,0.9272200108,0.1722591403,-0.02867792773,0.7325956266,0,0,0,1,0,0,0
9.300174713,7.280160189,rate,circle,1.615190625,0.8996210098,-1.619282842,1.710540433,0.963635475,-2,0.4007765949,0.7268735766,0.02058359422,0.4663640363,0.7697431946,0,0.3976619068,0.08101358506,5.973572764,0.04739306122,0.1126205176,-0.1091326401,0.9468758862,0.1535448091,-0.02809298522,0.7322077347,0,0,0,1,0,0,0
9.310190201,7.290175676,rate,circle,1.619794011,0.9106019735,-1.618696332,1.715193907,0.9713553281,-2,0.4183394909,0.7370132804,0.01857289113,0.4628901024,0.7718372582,0,0.3977242732,0.05951822156,6.086084037,0.3023259938,0.1607372016,-0.1051818728,1.050113153,0.216457075,-0.02333073902,0.7315708224,0,0,0,1,0,0,0
9.320208549,7.300194025,rate,circle,1.622282386,0.9161782265,-1.618418217,1.719813856,0.9790982899,-2,0.4268618226,0.741851747,0.01768162288,0.4594057695,0.7739162351,0,0.3988433017,0.04898856665,6.023372285,0.4161884189,0.180834651,-0.1042659581,1.02742119,0.1809491689,-0.02220081427,0.7315007878,0,0,0,1,0,0,0
9.330204964,7.310190439,rate,circle,1.624854207,0.9217960835,-1.618150353,1.72438885,0.9868449803,-2,0.4350371063,0.7466093302,0.01688949578,0.4559197589,0.7759749825,0,0.3999345655,0.03979549954,5.910826397,0.5217731595,0.189841792,-0.1023971066,1.001711421,0.1512143982,-0.02072273983,0.7315226692,0,0,0,1,0,0,0
9.340182066,7.320167542,rate,circle,1.630370975,0.9332007766,-1.617642879,1.728920213,0.9945971473,-2,0.4505707026,0.7556254268,0.01553708035,0.4524312837,0.778014096,0,0.3995978408,0.0273151082,5.625235184,0.7051842213,0.2049365789,-0.09921043366,1.037662284,0.2010826338,-0.01513425299,0.7316021149,0,0,0,1,0,0,0
9.350183964,7.330169439,rate,circle,1.633307338,0.9389849901,-1.617402911,1.733427857,1.002388922,-2,0.4577211142,0.7598794699,0.01477755699,0.4489249851,0.7800425359,0,0.4005305349,0.02650089258,5.386922212,0.782656312,0.2121513039,-0.09763067216,0.9791573403,0.1591754495,-0.01338715697,0.7317833759,0,0,0,1,0,0,0
9.360208511,7.340193987,rate,circle,1.636311412,0.9448050857,-1.617165089,1.737910475,1.010218619,-2,0.4643324614,0.7639355063,0.01400314737,0.4454016212,0.7820597137,0,0.4014522006,0.0297145038,5.112364654,0.8502990603,0.2161382735,-0.09505425394,0.9210063089,0.123094044,-0.01132533549,0.7319947884,0,0,0,1,0,0,0
9.370178223,7.350163698,rate,circle,1.63937366,0.9506616592,-1.616936445,1.742333496,1.018025464,-2,0.4703668654,0.7678340077,0.0132820541,0.4418885413,0.7840500731,0,0.4023385352,0.03536083538,4.805696449,0.9094137549,0.2159879208,-0.09411498904,0.86268181,0.09259275131,-0.008928749029,0.7322383164,0,0,0,1,0,0,0
9.380197287,7.360182762,rate,circle,1.642644167,0.9566063285,-1.6167171,1.746743082,1.025890865,-2,0.4759860635,0.7716122866,0.01251304988,0.4383491106,0.7860343868,0,0.4031658622,0.04220324179,4.476359253,0.9581807256,0.2182057798,-0.09236117452,0.8059495948,0.06574872999,-0.006472012156,0.7324721883,0,0,0,1,0,0,0
9.390175343,7.370160818,rate,circle,1.649333596,0.9685878158,-1.616306543,1.751099331,1.033743754,-2,0.4851987064,0.7785771489,0.010791976,0.4348153108,0.7879946989,0,0.4022713384,0.05237980091,3.807035014,1.020605087,0.2136522382,-0.08842747658,0.770344467,0.1141102702,0.0001763419771,0.7327437231,0,0,0,1,0,0,0
9.400301695,7.38028717,rate,circle,1.652742267,0.974621892,-1.616116762,1.755484228,1.04173327,-2,0.4888826013,0.7817478776,0.009763812646,0.4312200284,0.7899679026,0,0.4030213245,0.05905821835,3.420717366,1.035139322,0.2051358372,-0.08702266216,0.6873452126,0.0737026571,0.002930335319,0.7328837532,0,0,0,1,0,0,0
9.410183191,7.390168667,rate,circle,1.656318426,0.9807289839,-1.615946293,1.759727958,1.049548783,-2,0.4920789003,0.7848028541,0.008738442324,0.4277030475,0.7918775809,0,0.4036421013,0.06535030652,3.031739982,1.044127703,0.1907895952,-0.08496708423,0.6126243014,0.04278499747,0.005824254722,0.7329859057,0,0,0,1,0,0,0
9.420232058,7.400217533,rate,circle,1.659923673,0.9868614078,-1.615777731,1.764007882,1.057515946,-2,0.4945695698,0.7876628637,0.007731045131,0.4241178244,0.7938035469,0,0.4042923922,0.07114018187,2.635883281,1.047934175,0.175157696,-0.08243565261,0.5382859719,0.01503701802,0.009074178255,0.7330656539,0,0,0,1,0,0,0
9.430188179,7.410173655,rate,circle,1.667199969,0.9991977215,-1.615474105,1.768212732,1.065428583,-2,0.4976247251,0.7929461002,0.005565830972,0.4205571377,0.7956957295,0,0.4030511993,0.07731721646,1.88400963,1.029935122,0.1603416651,-0.07861801982,0.46591671,0.06493716545,0.01509999315,0.7329731657,0,0,0,1,0,0,0
9.440207958,7.420193434,rate,circle,1.670984149,1.005444407,-1.615344405,1.772408634,1.073410751,-2,0.4982643127,0.7954032421,0.004376663361,0.4169651619,0.7975838851,0,0.4035669419,0.08144606998,1.503243677,1.009150505,0.1550721973,-0.07648853958,0.3818799492,0.02836615144,0.01843011813,0.7328879313,0,0,0,1,0,0,0
9.450191021,7.430176497,rate,circle,1.67477417,1.011711478,-1.615226388,1.776553324,1.081382404,-2,0.4982125461,0.7976794839,0.003252844093,0.413377918,0.7994489958,0,0.4040591129,0.08491540671,1.14930864,0.9841793776,0.1436753422,-0.07488254458,0.3026937406,-0.001712460022,0.02197156553,0.732775821,0,0,0,1,0,0,0
9.460223198,7.440208673,rate,circle,1.678565502,1.017997622,-1.615119696,1.780682287,1.089411952,-2,0.4976254404,0.7998300791,0.002164834412,0.4097646216,0.8013070291,0,0.4045499881,0.08789989397,0.8546783816,0.9523576498,0.1299143881,-0.07267722487,0.2285122777,-0.02705590042,0.0255435413,0.7326302128,0,0,0,1,0,0,0
9.470181227,7.450166702,rate,circle,1.682353377,1.024302006,-1.615023851,1.784744843,1.097400506,-2,0.4963755608,0.8018475175,0.001092378399,0.4061697722,0.8031351792,0,0.4050111578,0.09022159194,0.6856997439,0.9139063358,0.1197814941,-0.07114899158,0.1579973047,-0.04785888293,0.0291585151,0.732446617,0,0,0,1,0,0,0
9.480494261,7.460479736,rate,circle,1.689993858,1.036988139,-1.614869595,1.788914451,1.105692957,-2,0.4923556447,0.805547893,-0.001059055096,0.4024381694,0.8050115029,0,0.4035233138,0.08992531163,0.8291917392,0.8257873654,0.1054086313,-0.06654073298,0.07321121939,0.003335257991,0.03388939213,0.7319028655,0,0,0,1,0,0,0
9.490178108,7.470163584,rate,circle,1.693837047,1.043368101,-1.614810705,1.792794603,1.113497032,-2,0.4895606935,0.8073225617,-0.002118956065,0.3989263356,0.8067575713,0,0.403833453,0.09066088478,1.09855873,0.7769190073,0.09489499032,-0.06476924568,0.005049125504,-0.02344298339,0.0376708625,0.7316171465,0,0,0,1,0,0,0
9.500390053,7.480375528,rate,circle,1.6976583,1.04976356,-1.614762068,1.796849472,1.121744927,-2,0.4862989783,0.808927834,-0.00312650553,0.3952147828,0.8085822626,0,0.4042628726,0.0911384942,1.39363578,0.7259739637,0.08030940592,-0.06186009198,-0.05869470469,-0.04994816044,0.04148292123,0.7313209057,0,0,0,1,0,0,0
9.510177612,7.490163088,rate,circle,1.705271602,1.062607169,-1.614698648,1.80070022,1.129667467,-2,0.4785479009,0.811865449,-0.004906398244,0.3916496399,0.810315099,0,0.4025678033,0.08705046871,1.89443022,0.6159200072,0.05107734352,-0.05804945156,-0.1368523972,0.009828083981,0.04516890523,0.7306701459,0,0,0,1,0,0,0
9.52018857,7.500174046,rate,circle,1.709056497,1.069054484,-1.614682555,1.804602723,1.137788301,-2,0.4741616249,0.8132501245,-0.005726740696,0.3879952645,0.8120712252,0,0.4028932267,0.08636450099,2.158892808,0.5599073768,0.03902445361,-0.05523637682,-0.1917799371,-0.02145713633,0.04914684759,0.7303677442,0,0,0,1,0,0,0
9.530203819,7.510189295,rate,circle,1.712806702,1.075514913,-1.61467433,1.808470251,1.145930126,-2,0.4693838656,0.8146317601,-0.006461907178,0.3843314434,0.8138116131,0,0.4032191577,0.08530148541,2.405377582,0.501950562,0.02927180938,-0.05260379985,-0.2411162163,-0.04536784493,0.05291816724,0.7300770585,0,0,0,1,0,0,0
9.540214539,7.520200014,rate,circle,1.716518998,1.081987858,-1.614655495,1.812299323,1.154085604,-2,0.4642797709,0.8159182668,-0.007184238173,0.3806614782,0.8155346951,0,0.4035620687,0.08392722601,2.632450656,0.4430997968,0.02614315599,-0.04983073473,-0.2851209003,-0.06473865948,0.05649215961,0.7297911128,0,0,0,1,0,0,0
9.550184727,7.530170202,rate,circle,1.72386837,1.094976187,-1.614645958,1.816076336,1.162225125,-2,0.4535075724,0.8185164928,-0.008279320784,0.3769986938,0.8172343513,0,0.4018985773,0.07696622341,2.961258224,0.3183490932,0.02997049689,-0.04490945861,-0.3411141349,-0.001133060767,0.0588117286,0.7292655564,0,0,0,1,0,0,0
9.560183287,7.540168762,rate,circle,1.7274791,1.101488471,-1.614650249,1.819827385,1.170404744,-2,0.4477881193,0.8197307587,-0.008771290071,0.3733178652,0.8189223232,0,0.4022090111,0.07498938487,3.117519166,0.2554415762,0.02983724512,-0.04267368466,-0.3724304052,-0.02970193231,0.06257754935,0.7290489743,0,0,0,1,0,0,0
9.570177555,7.550163031,rate,circle,1.731045485,1.108012557,-1.614660025,1.823540007,1.178597636,-2,0.442032218,0.8209234476,-0.009184858762,0.3696310638,0.820593003,0,0.4025225293,0.07298217553,3.247662916,0.1949832141,0.02338246256,-0.03877738118,-0.3974167503,-0.05198253968,0.06593523183,0.728863952,0,0,0,1,0,0,0
9.580180645,7.560166121,rate,circle,1.73456192,1.114550829,-1.614681244,1.827218972,1.186814396,-2,0.4361048341,0.8221204281,-0.009519271553,0.365933522,0.8222485375,0,0.4028373073,0.07081416514,3.355163685,0.137042284,0.01706123911,-0.03833461925,-0.4181489261,-0.06923330112,0.06904323553,0.7287079232,0,0,0,1,0,0,0
9.590183735,7.57016921,rate,circle,1.738032341,1.121100664,-1.614706397,1.830860914,1.195047632,-2,0.4301012754,0.8233147264,-0.009792105295,0.3622285654,0.8238874112,0,0.4031581061,0.06857782486,3.439031009,0.08044459671,0.0131160412,-0.03442635387,-0.4342018886,-0.08283314145,0.07186622609,0.7285816866,0,0,0,1,0,0,0
9.600266457,7.580251932,rate,circle,1.744835019,1.134235859,-1.614768267,1.834494306,1.203362917,-2,0.4180846512,0.8256956935,-0.01021446194,0.3584866874,0.8255224376,0,0.4015231328,0.06046720224,3.489815435,-0.02525276877,0.007982095703,-0.0298457332,-0.4521661804,-0.0147675688,0.0727059925,0.7283623605,0,0,0,1,0,0,0
9.610178471,7.590163946,rate,circle,1.748141527,1.140832901,-1.614811301,1.83802937,1.211553404,-2,0.4120548368,0.8268645406,-0.01038496103,0.354800968,0.8271132166,0,0.4018103378,0.0581886135,3.507243763,-0.07305447012,0.00391498534,-0.02740456164,-0.4560086621,-0.03797649935,0.07572530509,0.728303725,0,0,0,1,0,0,0
9.620322466,7.600307941,rate,circle,1.751402855,1.147441149,-1.614856482,1.841609307,1.219951822,-2,0.4061446786,0.8280078769,-0.01049517374,0.3510216799,0.8287241883,0,0.4021573469,0.05611779359,3.505969252,-0.1147123873,-0.003420168534,-0.02505313978,-0.45564129,-0.05787224784,0.07842495933,0.7282767144,0,0,0,1,0,0,0
9.630183697,7.610169172,rate,circle,1.754619837,1.154060602,-1.614903808,1.845052669,1.228131716,-2,0.4003637135,0.8292124867,-0.01060065068,0.3473407276,0.8302737012,0,0.402447145,0.05408268673,3.48458428,-0.1528438777,-0.01221582294,-0.02175744623,-0.4517472586,-0.07021758877,0.08060968745,0.7282633541,0,0,0,1,0,0,0
9.640201807,7.620187283,rate,circle,1.760889769,1.167330384,-1.615012288,1.848513606,1.236457305,-2,0.3890276253,0.8318238854,-0.01086762641,0.3435942126,0.8318311229,0,0.4008391279,0.0467150976,3.35451566,-0.2190280408,-0.02572462708,-0.01704002731,-0.4407567077,0.003646786275,0.08049394032,0.7282019462,0,0,0,1,0,0,0
9.650167465,7.630152941,rate,circle,1.763948202,1.173977494,-1.615072966,1.85191915,1.2447547,-2,0.3835733235,0.8331164122,-0.01093071047,0.339860385,0.8333636173,0,0.4011447647,0.04505954428,3.28923051,-0.2467268109,-0.02648116834,-0.01430878043,-0.427894683,-0.01939006149,0.08287779745,0.728225629,0,0,0,1,0,0,0
9.660190821,7.640176296,rate,circle,1.766966581,1.180637121,-1.615143895,1.855306841,1.253115454,-2,0.3782825172,0.8344479799,-0.01097174641,0.3360980457,0.8348880785,0,0.4014614946,0.04359016565,3.211888587,-0.2728346884,-0.02520178631,-0.01165428199,-0.4128273422,-0.03723008395,0.08490106426,0.7282596845,0,0,0,1,0,0,0
9.670169115,7.650154591,rate,circle,1.769946456,1.187309861,-1.615215659,1.858641812,1.261453714,-2,0.373161763,0.8358706832,-0.01098929439,0.3323458285,0.8363888152,0,0.4017750192,0.04227261,3.12343058,-0.2944830656,-0.02512894757,-0.009069803171,-0.3958396143,-0.04980968448,0.08650965621,0.7283049352,0,0,0,1,0,0,0
9.680173397,7.660158873,rate,circle,1.775755644,1.200651407,-1.615390182,1.861947847,1.26982864,-2,0.3635288477,0.8386958838,-0.01109451521,0.328577112,0.8378765311,0,0.4001740844,0.0366794688,2.887310941,-0.3270286322,-0.01739187539,-0.005145253148,-0.3614591417,0.02386592626,0.0857825303,0.7283193472,0,0,0,1,0,0,0
9.690185785,7.670171261,rate,circle,1.77860868,1.207343102,-1.615478158,1.865218779,1.278225168,-2,0.3590191305,0.840210557,-0.0110845957,0.3247986744,0.8393484503,0,0.4004779938,0.03598126041,2.776615181,-0.3383327425,-0.01085430011,-0.002229433274,-0.338624904,-0.0003647298121,0.08743859097,0.7283720308,0,0,0,1,0,0,0
9.700175285,7.680160761,rate,circle,1.78419292,1.220766902,-1.615648389,1.868444498,1.286617104,-2,0.3506536484,0.8431328535,-0.01123419032,0.3210223033,0.8408000242,0,0.3989495439,0.03177523774,2.517103291,-0.3516057134,-0.005602741614,0.003473567544,-0.2936247654,0.06451279531,0.08669225958,0.7283723774,0,0,0,1,0,0,0
9.710163832,7.690149307,rate,circle,1.786927819,1.227498889,-1.615731835,1.871632159,1.295022652,-2,0.3467856944,0.8446138501,-0.01132383849,0.3172398066,0.8422344716,0,0.3992446695,0.03173090357,2.398725135,-0.3524268866,-0.003740004031,0.006343826652,-0.268220575,0.03323387597,0.08807942521,0.7283952131,0,0,0,1,0,0,0
9.720205545,7.700191021,rate,circle,1.789640903,1.234240294,-1.615829825,1.874798671,1.303487298,-2,0.3431401253,0.846163094,-0.01142827328,0.3134307158,0.8436594019,0,0.3995418827,0.03192996889,2.281532024,-0.3504725993,0.001052187057,0.008724141866,-0.2424911492,0.008937002873,0.08899105801,0.7284053078,0,0,0,1,0,0,0
9.730173111,7.710158587,rate,circle,1.792328954,1.240996599,-1.615929127,1.877903942,1.311903507,-2,0.3397648633,0.847748518,-0.01160119381,0.3096434219,0.845056774,0,0.3998265923,0.0323903444,2.168217612,-0.3453191817,0.009321092628,0.01028673723,-0.216181585,-0.009522976847,0.08963084204,0.7283925938,0,0,0,1,0,0,0
9.740205288,7.720190763,rate,circle,1.794993758,1.247768044,-1.616029501,1.880991193,1.320388249,-2,0.3366242945,0.8493620157,-0.01174058113,0.305825288,0.8464460368,0,0.4001282257,0.03308962048,2.060937887,-0.3353360295,0.02109653503,0.01278635301,-0.1900372552,-0.02508208113,0.08998841544,0.7283826219,0,0,0,1,0,0,0
9.750184536,7.730170012,rate,circle,1.800223708,1.261379004,-1.616226077,1.884024123,1.328841968,-2,0.3310054541,0.8525760174,-0.01207142603,0.3020211144,0.8478108554,0,0.3985676668,0.0317571731,1.845195699,-0.3105111718,0.03949341178,0.01763131842,-0.1352930557,0.04538703241,0.08836403059,0.7282667565,0,0,0,1,0,0,0
9.76019454,7.740180016,rate,circle,1.80281055,1.268206239,-1.616326571,1.887028231,1.337335339,-2,0.3284198344,0.8541390896,-0.01229712833,0.2981990977,0.8491627042,0,0.3988442689,0.03300419223,1.761527017,-0.2963680029,0.04196162894,0.01992294751,-0.1122307675,0.01707812256,0.08871805042,0.7282168359,0,0,0,1,0,0,0
9.770184994,7.750170469,rate,circle,1.805379987,1.275048256,-1.61642909,1.889988296,1.345825527,-2,0.3260291815,0.8557840586,-0.01257333346,0.2943785127,0.8504947332,0,0.3991173145,0.0344649171,1.687984392,-0.2800984085,0.03766461462,0.02161681466,-0.08933557661,-0.00426661022,0.08876471709,0.72814748,0,0,0,1,0,0,0
9.780170202,7.760155678,rate,circle,1.807911038,1.281912327,-1.6165061,1.892908637,1.35432447,-2,0.3238117993,0.8573604226,-0.01287202165,0.2905539885,0.8518088869,0,0.3994191807,0.03609141818,1.625760171,-0.2613213956,0.03227265924,0.02351319604,-0.06734816489,-0.02147962623,0.08860280104,0.728076733,0,0,0,1,0,0,0
9.790160656,7.770146132,rate,circle,1.812937021,1.295678735,-1.616669536,1.895792265,1.362840924,-2,0.3199114799,0.8606044054,-0.01339626312,0.2867215844,0.8531065192,0,0.39789194,0.03656839248,1.508482772,-0.2209085077,0.03531892598,0.02877755649,-0.01578236856,0.04869856971,0.08664067246,0.7278715239,0,0,0,1,0,0,0
9.800202608,7.780188084,rate,circle,1.815433621,1.302581668,-1.616755247,1.898652143,1.371414255,-2,0.318120718,0.8622081876,-0.0135650197,0.2828635854,0.8543934644,0,0.3981705514,0.0385764832,1.47651196,-0.1986155659,0.03643301502,0.03020817786,0.0007109855887,0.02004946289,0.08647114254,0.7278182355,0,0,0,1,0,0,0
9.810166359,7.790151834,rate,circle,1.81790483,1.309500694,-1.616836309,1.901451431,1.379933508,-2,0.3165082633,0.8637932539,-0.01370331924,0.2790299214,0.8556531441,0,0.3984409989,0.04072675366,1.453561062,-0.1766102165,0.03516027331,0.03206649423,0.0171972864,-0.001883422419,0.0860632331,0.7277710228,0,0,0,1,0,0,0
9.820331812,7.800317287,rate,circle,1.822816849,1.32338047,-1.617004156,1.904267992,1.388638067,-2,0.313457191,0.8669326305,-0.0139475083,0.2751128698,0.8569205966,0,0.3969617856,0.04201262644,1.410577436,-0.1342304051,0.03136474267,0.03662092611,0.05981896488,0.06199707118,0.0841638261,0.7276133639,0,0,0,1,0,0,0
9.83015871,7.810144186,rate,circle,1.825259089,1.330341101,-1.61709106,1.906952871,1.397064889,-2,0.3120555282,0.8685098886,-0.0140898563,0.2713207999,0.8581287919,0,0.3971714925,0.04433519263,1.402562868,-0.1112983376,0.03398384154,0.03890986741,0.06995313078,0.03319432036,0.08353954297,0.7275564497,0,0,0,1,0,0,0
9.840328693,7.820314169,rate,circle,1.827685356,1.337334752,-1.617179513,1.909692219,1.405798328,-2,0.3107469082,0.8700208068,-0.01422049664,0.2673907525,0.8593614987,0,0.3974467412,0.0468572258,1.398929231,-0.08873043954,0.03685716912,0.04049201682,0.07928212381,0.007172653783,0.08276877058,0.7275034226,0,0,0,1,0,0,0
9.850192785,7.830178261,rate,circle,1.830103755,1.344341159,-1.617269754,1.912310964,1.414280975,-2,0.3094751239,0.871547699,-0.01431754977,0.2635735614,0.8605399338,0,0.3976581999,0.04932663134,1.397865108,-0.06533758342,0.03844778985,0.04123900458,0.0884713786,-0.01068362905,0.08189271241,0.7274556905,0,0,0,1,0,0,0
9.860180616,7.840166092,rate,circle,1.832517982,1.351357222,-1.617361188,1.914924168,1.422881789,-2,0.3083002269,0.8730331063,-0.01432503667,0.2597031949,0.8617158758,0,0.3978932066,0.05191298398,1.398773533,-0.04228698462,0.04215735197,0.04262482002,0.09702392368,-0.02672217539,0.08092393052,0.7274312229,0,0,0,1,0,0,0
9.870157957,7.850143433,rate,circle,1.837330937,1.365438581,-1.617535949,1.917496006,1.43148521,-2,0.3059796691,0.8759254813,-0.01436562836,0.2558316555,0.8628732028,0,0.396317229,0.05377319519,1.378951547,0.0005708395038,0.04892551526,0.04803295061,0.1272924854,0.04286866738,0.07867796954,0.7273188326,0,0,0,1,0,0,0
9.880190134,7.86017561,rate,circle,1.839728832,1.3725034,-1.617619395,1.920043006,1.440147471,-2,0.3048086464,0.8773114681,-0.01440635882,0.2519336382,0.8640193527,0,0.3965362704,0.05639140003,1.374497912,0.02101481147,0.0478040725,0.04994776472,0.1277141554,0.01401696887,0.07764856781,0.727291151,0,0,0,1,0,0,0
9.890174866,7.870160341,rate,circle,1.842119098,1.379579425,-1.617704034,1.922539106,1.448780094,-2,0.3036682308,0.8786315918,-0.01441414561,0.2480489576,0.8651425979,0,0.3967446485,0.05901884526,1.369576718,0.03898544982,0.04161382467,0.04919712618,0.1285718684,-0.008605357832,0.07657849404,0.7272722919,0,0,0,1,0,0,0
9.900219679,7.880205154,rate,circle,1.846891642,1.393782139,-1.617875934,1.925011063,1.457475892,-2,0.3011544049,0.8813314438,-0.01455509383,0.2441358488,0.8662549782,0,0.3951940538,0.06074756214,1.329905747,0.07043007761,0.03251044452,0.05312346667,0.1462393996,0.05699531995,0.07411728367,0.7271456364,0,0,0,1,0,0,0
9.91019249,7.890177965,rate,circle,1.84927249,1.400908589,-1.617961287,1.92742639,1.466120323,-2,0.2998671532,0.8826637268,-0.01452318765,0.2402458548,0.8673418757,0,0.3953658815,0.06324856776,1.313302163,0.08811397105,0.03454542905,0.05471961945,0.1406640515,0.02678723611,0.07292377092,0.7271392054,0,0,0,1,0,0,0
9.92035079,7.900336266,rate,circle,1.85164392,1.40804553,-1.618047476,1.929846733,1.474936589,-2,0.2985310256,0.8839434981,-0.01450135373,0.2362785348,0.8684310301,0,0.3955727804,0.06577460409,1.29522677,0.1025111526,0.03590495512,0.05601323023,0.1352313269,0.001078790135,0.0716717209,0.7271319212,0,0,0,1,0,0,0
9.93021059,7.910196066,rate,circle,1.854007363,1.415190458,-1.618134141,1.932157389,1.483504286,-2,0.297121495,0.8852174878,-0.01440989692,0.2324230713,0.8694708252,0,0.3957217961,0.06812847088,1.275395504,0.1145948544,0.03345319629,0.05572026223,0.1304255787,-0.01652945361,0.07041025944,0.727140963,0,0,0,1,0,0,0
9.94047904,7.920464516,rate,circle,1.856385827,1.422371864,-1.618213534,1.934523378,1.492437886,-2,0.2956916392,0.8864565492,-0.01436150353,0.2284029514,0.8705355201,0,0.395949024,0.07062223062,1.25671088,0.1242341325,0.03158447146,0.05689593405,0.1256599026,-0.03410917779,0.06915037614,0.7271447052,0,0,0,1,0,0,0
9.950184345,7.930169821,rate,circle,1.861107469,1.43676281,-1.618372917,1.936721642,1.500891512,-2,0.2925185561,0.8889487982,-0.01411847398,0.2245988194,0.8715247388,0,0.3942958585,0.0715263573,1.182048291,0.1441490501,0.03240212053,0.06083248183,0.1321204461,0.04301110525,0.06638335942,0.7271286298,0,0,0,1,0,0,0
9.960178852,7.940164328,rate,circle,1.863448739,1.443971753,-1.618437409,1.938946801,1.509606991,-2,0.2908027172,0.890093267,-0.01402094122,0.2206768541,0.8725260604,0,0.3944590629,0.07363986841,1.155074196,0.1499316692,0.03276717663,0.06177739426,0.1216872578,0.01481212225,0.06507480669,0.7271495437,0,0,0,1,0,0,0
9.970173597,7.950159073,rate,circle,1.86578846,1.451211691,-1.618501306,1.941132791,1.518332597,-2,0.2890016735,0.891218245,-0.01393771823,0.2167503312,0.873509756,0,0.3946178382,0.07568425876,1.128375473,0.1557271332,0.0289413631,0.06239959225,0.1122380452,-0.006973287486,0.06373292854,0.7271669072,0,0,0,1,0,0,0
9.980332613,7.960318089,rate,circle,1.868113399,1.45845902,-1.618565917,1.94331447,1.527211599,-2,0.2871038318,0.8922487497,-0.01387740485,0.2127547805,0.8744915113,0,0.3948089131,0.0776896602,1.103274682,0.1594790369,0.02442743443,0.06384760886,0.1030525773,-0.02612350727,0.06238072682,0.7271792205,0,0,0,1,0,0,0
9.990177393,7.970162868,rate,circle,1.872714996,1.472975373,-1.61869812,1.945389917,1.535825387,-2,0.2829448581,0.8943586349,-0.01377626788,0.208878576,0.8754254626,0,0.3932211742,0.07767924251,1.02139764,0.1643913835,0.02658025734,0.06443538517,0.09905086316,0.04649646518,0.05927985957,0.7271378593,0,0,0,1,0,0,0
10.00018597,7.980171442,rate,circle,1.874991298,1.480243206,-1.618765116,1.947460755,1.544591825,-2,0.2807048261,0.8953925967,-0.01364347525,0.2049336787,0.87635734,0,0.3933606539,0.07930795793,0.9949601951,0.1658440977,0.02693342976,0.06636424363,0.08646227415,0.01806408122,0.05790462405,0.7271647507,0,0,0,1,0,0,0
10.01017952,7.990164995,rate,circle,1.877249718,1.487545848,-1.618825316,1.949489072,1.553354324,-2,0.2783876956,0.8963950276,-0.01353123877,0.2009905541,0.8772700822,0,0.3935014856,0.08086516843,0.9714819688,0.1658772379,0.02562895976,0.06743011624,0.07521386282,-0.003866490582,0.05651447612,0.7271880853,0,0,0,1,0,0,0
10.020257,8.000242472,rate,circle,1.879489183,1.494854569,-1.618899584,1.951494497,1.562199555,-2,0.275970906,0.8973466754,-0.01346259657,0.1970102002,0.8781725235,0,0.3936465921,0.08236311478,0.9525870542,0.1642037928,0.02300693095,0.06649333239,0.06474693719,-0.02213215787,0.05517950649,0.7271951099,0,0,0,1,0,0,0
10.0301764,8.010161877,rate,circle,1.883908391,1.50949049,-1.619048953,1.953429272,1.570914837,-2,0.2708985209,0.8993266821,-0.0132673271,0.1930883235,0.8790431726,0,0.3920839241,0.08149766595,0.8880140877,0.1591077298,0.02726404741,0.0690831691,0.05559983156,0.04984865083,0.05178510673,0.727164663,0,0,0,1,0,0,0
10.0402441,8.020229578,rate,circle,1.886091113,1.516839862,-1.61911428,1.955353174,1.579769154,-2,0.2681685686,0.9002705812,-0.01317811571,0.1891038807,0.8799089284,0,0.3922132849,0.08270117605,0.8735571266,0.1556712389,0.02935608849,0.06841541082,0.04360667992,0.02102128853,0.05045707742,0.7271769848,0,0,0,1,0,0,0
10.050179,8.03016448,rate,circle,1.888251305,1.524194598,-1.619180202,1.957212356,1.588515134,-2,0.2653414905,0.9011980295,-0.01308840606,0.1851681898,0.88074556,0,0.3923219036,0.08376973215,0.8629582151,0.1510644108,0.03044278175,0.06940332055,0.03283248752,-0.0004852275925,0.04909435824,0.7271875536,0,0,0,1,0,0,0
10.06026864,8.040254116,rate,circle,1.892502904,1.538918734,-1.619313359,1.959060455,1.597405746,-2,0.2595357597,0.9028503895,-0.01293640677,0.1811674141,0.8815772048,0,0.3908618128,0.08222831992,0.8257758347,0.1386196911,0.02803561464,0.07097050548,0.02083645243,0.06345104055,0.04549791956,0.7271471233,0,0,0,1,0,0,0
10.07019973,8.050185204,rate,circle,1.89459908,1.546306252,-1.619379997,1.960840076,1.606164758,-2,0.2565208375,0.9036828876,-0.01276033651,0.1772258589,0.882378034,0,0.3909507599,0.08309281922,0.8191390516,0.1323354393,0.03180226684,0.07093877345,0.01091943466,0.03332556198,0.04414739281,0.7271776594,0,0,0,1,0,0,0
10.08012271,8.060108185,rate,circle,1.896670818,1.553698063,-1.61943996,1.96257913,1.614924476,-2,0.2534605861,0.9044749141,-0.01259042695,0.1732839858,0.8831606084,0,0.3910479812,0.08391129663,0.8165218496,0.1259496808,0.03372169286,0.07096520066,0.002341519129,0.009481270271,0.04280582785,0.7272086823,0,0,0,1,0,0,0
10.09019542,8.070180893,rate,circle,1.898717046,1.561093807,-1.619499564,1.964304402,1.62382422,-2,0.2502183318,0.9052490592,-0.01240513753,0.1692791009,0.8839369808,0,0.3911743699,0.08461235861,0.8179369211,0.1175906807,0.03394366428,0.07021157444,-0.006204551631,-0.01068287449,0.04147073734,0.7272432254,0,0,0,1,0,0,0
10.10019469,8.080180168,rate,circle,1.900737286,1.568493128,-1.619559169,1.965977179,1.632666728,-2,0.2469979674,0.9059443474,-0.01228506211,0.1652999725,0.8846897304,0,0.3912923723,0.08530676328,0.8207274215,0.1103358194,0.03421032429,0.07174530625,-0.01302982181,-0.02690840933,0.04003397401,0.7272612777,0,0,0,1,0,0,0
10.1102159,8.090201378,rate,circle,1.904711843,1.583359122,-1.619668484,1.967613689,1.641536094,-2,0.2403098047,0.9073272347,-0.01193128526,0.1613087576,0.8854261599,0,0.3898631357,0.08284430022,0.8014461187,0.09365918487,0.03334955871,0.07087537646,-0.02427244054,0.04335320904,0.03628817912,0.7272746274,0,0,0,1,0,0,0
10.12023807,8.100223541,rate,circle,1.906658292,1.590795994,-1.619722605,1.969210336,1.650413595,-2,0.2368900478,0.9079865813,-0.01173015498,0.1573138821,0.886144651,0,0.3899716835,0.0833488608,0.8022430271,0.08389786631,0.03298442066,0.0712838918,-0.02991122867,0.01588601622,0.03499281557,0.7273144817,0,0,0,1,0,0,0
10.13017678,8.110162258,rate,circle,1.908576846,1.59823513,-1.619776249,1.970754134,1.659224203,-2,0.233394593,0.9085639715,-0.01151343156,0.1533491086,0.8868393602,0,0.3900715101,0.08373647596,0.8034025768,0.0751536414,0.02992818318,0.07233481854,-0.03497977626,-0.005446914665,0.03360555487,0.7273580143,0,0,0,1,0,0,0
10.14018679,8.120172262,rate,circle,1.910475373,1.605704904,-1.619811893,1.97226916,1.668104896,-2,0.2299168259,0.9091308117,-0.01139586978,0.1493527969,0.887521122,0,0.3901989598,0.08418674067,0.8034094659,0.06575277448,0.02557727136,0.07217071205,-0.03845888223,-0.02260381058,0.03215627416,0.7273839795,0,0,0,1,0,0,0
10.15019536,8.130180836,rate,circle,1.91234529,1.613176346,-1.619848609,1.97374396,1.676991052,-2,0.2263477296,0.9097691178,-0.01133786794,0.1453540264,0.888184782,0,0.390329596,0.08458374992,0.8041460625,0.05640539527,0.02563941479,0.07128470391,-0.04158534493,-0.03570642374,0.03076331798,0.7273939677,0,0,0,1,0,0,0
10.16026449,8.140249968,rate,circle,1.91599834,1.628123522,-1.619923711,1.975187282,1.685937587,-2,0.2192120999,0.9108898044,-0.01106999721,0.1413280857,0.8888342771,0,0.3889778692,0.08170012722,0.7721631138,0.03943007067,0.03186381981,0.07057541609,-0.04889741682,0.03488083301,0.02705954139,0.7274004774,0,0,0,1,0,0,0
10.17017841,8.150163889,rate,circle,1.917787552,1.635637522,-1.619962692,1.976568737,1.694752517,-2,0.2156591564,0.9114342928,-0.01090343762,0.1373613675,0.8894559319,0,0.3890734708,0.08205167304,0.7643711793,0.03162867576,0.03183238581,0.07067614049,-0.04930538198,0.009909392498,0.02576428346,0.7274382314,0,0,0,1,0,0,0
10.18022418,8.160209656,rate,circle,1.919547677,1.64315176,-1.620001912,1.977928437,1.703690872,-2,0.2120469064,0.9119466543,-0.0107724499,0.1333391076,0.8900677965,0,0.3891938385,0.08239931845,0.7570362534,0.02459321916,0.0266729109,0.0702438876,-0.04957847717,-0.01083726731,0.0244761301,0.7274676685,0,0,0,1,0,0,0
10.19019246,8.170177937,rate,circle,1.922980428,1.658181071,-1.620081902,1.979237694,1.712566269,-2,0.2048825026,0.9129850864,-0.01055448223,0.1293451789,0.8906569624,0,0.3878922419,0.07947219314,0.7141435166,0.01140425354,0.009252146818,0.069641985,-0.05375263714,0.05862804775,0.02086508723,0.727463317,0,0,0,1,0,0,0
10.20025587,8.180241346,rate,circle,1.924665213,1.665752292,-1.620119929,1.980519049,1.721532232,-2,0.2012673616,0.9135502577,-0.01047867443,0.1253104957,0.8912335719,0,0.3879947433,0.07985788981,0.6951433431,0.005829193164,0.003691163147,0.06933073699,-0.05182265517,0.03072326248,0.01965452502,0.7274805012,0,0,0,1,0,0,0
10.21018028,8.190165758,rate,circle,1.926323533,1.673321247,-1.620158553,1.981742927,1.730379948,-2,0.1976953,0.9140701294,-0.01034551207,0.1213290232,0.891784317,0,0.3880805707,0.08022153872,0.6750822322,0.0005043247947,0.00242457795,0.06789591163,-0.04938235435,0.01012586355,0.01845971147,0.7275122264,0,0,0,1,0,0,0
10.22028971,8.200275183,rate,circle,1.92795229,1.680889726,-1.620197654,1.982948982,1.739398134,-2,0.1940802634,0.9145958424,-0.01024442166,0.1172708399,0.8923270421,0,0.3881980065,0.0806258964,0.6550725426,-0.004317759071,0.005102877971,0.06834536791,-0.04697584897,-0.007492722249,0.01724668013,0.7275365839,0,0,0,1,0,0,0
10.23018169,8.21016717,rate,circle,1.931126595,1.696071029,-1.620256901,1.984089374,1.748227574,-2,0.1868726909,0.9156975746,-0.01015952509,0.1132975919,0.8928402184,0,0.3869498451,0.07771080929,0.6085383251,-0.0122409584,0.02496366389,0.06670214981,-0.04899140556,0.06616318625,0.01396879161,0.7275069803,0,0,0,1,0,0,0
10.24025249,8.22023797,rate,circle,1.932672024,1.703683257,-1.620277882,1.985209994,1.757221744,-2,0.1832858473,0.9161944389,-0.01011098363,0.1092502151,0.8933444971,0,0.3870600665,0.07813850951,0.5818606775,-0.01647660695,0.03126319498,0.06516882777,-0.04483297099,0.03683665156,0.01296170788,0.7275249113,0,0,0,1,0,0,0
10.25019288,8.230178356,rate,circle,1.934188247,1.711294293,-1.620300174,1.986276118,1.766104332,-2,0.1797617376,0.9167379737,-0.01008401625,0.1052530504,0.8938242531,0,0.3871553238,0.07860197482,0.5547999939,-0.02039198391,0.03354618326,0.06410812587,-0.04022699171,0.01527467677,0.01187712315,0.7275366801,0,0,0,1,0,0,0
10.26030803,8.240293503,rate,circle,1.937133908,1.726512671,-1.620330572,1.987320187,1.775147888,-2,0.1726695001,0.9176027179,-0.009964522906,0.1011834505,0.8942940844,0,0.3860478227,0.07584747456,0.5102998598,-0.02519463748,0.03060868569,0.06299287826,-0.04049744906,0.07901553475,0.008985794444,0.7275305426,0,0,0,1,0,0,0
10.27019286,8.250178337,rate,circle,1.938554764,1.734176636,-1.620333791,1.988300705,1.783990032,-2,0.1691913009,0.9180478454,-0.009870606475,0.09720448566,0.8947353173,0,0.3861378815,0.0763086129,0.4766614899,-0.02711676247,0.03302005678,0.06264968216,-0.03488079294,0.04963174565,0.007970176889,0.7275663037,0,0,0,1,0,0,0
10.2802074,8.260192871,rate,circle,1.939951062,1.741836309,-1.62033844,1.989253969,1.792952552,-2,0.1657619476,0.9184926748,-0.00975884404,0.09317135149,0.8951642862,0,0.3862467438,0.07686900157,0.4438871811,-0.02836844884,0.03545981273,0.06219680235,-0.02908404439,0.02541169223,0.006954236844,0.7276070687,0,0,0,1,0,0,0
10.29019856,8.27018404,rate,circle,1.941319346,1.749493599,-1.620344281,1.990164751,1.801898352,-2,0.1623154134,0.9189186692,-0.009637987241,0.08914574141,0.8955741381,0,0.3863555313,0.07740580614,0.414036119,-0.02963958122,0.03606810048,0.06132454798,-0.0238105015,0.006339919877,0.005951626708,0.7276493243,0,0,0,1,0,0,0
10.30020976,8.280195236,rate,circle,1.942659616,1.757148504,-1.620351076,1.991037008,1.810866101,-2,0.1589113623,0.9193291068,-0.00951092504,0.08511025468,0.8959666537,0,0.3864702545,0.07799272655,0.387845079,-0.028670175,0.03729936853,0.06058022752,-0.01849843997,-0.009312568254,0.004917907323,0.7276930292,0,0,0,1,0,0,0
10.31021023,8.290195704,rate,circle,1.945225477,1.77254498,-1.620336652,1.991867987,1.819828071,-2,0.1520785391,0.9201748371,-0.009194344282,0.08107736812,0.896340594,0,0.3854289459,0.07545709641,0.3348339081,-0.0295177754,0.04435111955,0.05818488449,-0.01871407658,0.06264253458,0.002493696048,0.7277541822,0,0,0,1,0,0,0
10.32023549,8.300220966,rate,circle,1.946467161,1.78023839,-1.620342851,1.992660536,1.828815924,-2,0.1486520469,0.9205328822,-0.009057294577,0.07703283426,0.8966972412,0,0.3855297079,0.07602291752,0.3056293885,-0.02739041112,0.04476456717,0.05847918242,-0.01316516623,0.03466649856,0.001602813033,0.7277998879,0,0,0,1,0,0,0
10.33023,8.310215473,rate,circle,1.947681427,1.787927985,-1.620350003,1.993410285,1.837779672,-2,0.1452883184,0.9208179116,-0.008979802951,0.07299914774,0.8970346283,0,0.3856299251,0.07662901291,0.2814006305,-0.02746200934,0.04251253977,0.05766526237,-0.007507431765,0.01232131209,0.000669061382,0.7278304311,0,0,0,1,0,0,0
10.34024882,8.320234299,rate,circle,1.948850274,1.795657635,-1.62035048,1.994121389,1.846768523,-2,0.1419778615,0.9211227894,-0.008867644705,0.06895416449,0.8973546251,0,0.3857402685,0.07730472873,0.2638586915,-0.02569423616,0.03950475529,0.05659039319,-0.001970513548,-0.004932013591,-0.0002892053441,0.7278721108,0,0,0,1,0,0,0
10.35022831,8.330213785,rate,circle,1.951113105,1.811101675,-1.620356202,1.994789406,1.855725177,-2,0.1353817284,0.9217077494,-0.008791581728,0.06492367049,0.8976552328,0,0.384744447,0.07496768229,0.2142223892,-0.02214850858,0.04386608303,0.05361693725,-0.002781901711,0.0647272868,-0.002320216804,0.7278673288,0,0,0,1,0,0,0
10.3602128,8.340198278,rate,circle,1.952207208,1.818816066,-1.620361805,1.995417499,1.864689235,-2,0.1321305633,0.9219430089,-0.008794335648,0.06088984406,0.8979378747,0,0.3848332576,0.07568901424,0.1937060959,-0.02061601542,0.04421690479,0.05350063741,0.00357591016,0.03581702816,-0.003096508764,0.7278781389,0,0,0,1,0,0,0
10.37021756,8.350203037,rate,circle,1.95324707,1.826568127,-1.62037003,1.996006463,1.873674228,-2,0.1288738102,0.9221569896,-0.008783739991,0.05684659728,0.8982029082,0,0.3849237123,0.07641250878,0.1850652062,-0.01795183308,0.0424182862,0.05187539756,0.008925847893,0.01328334219,-0.003875054347,0.7278908418,0,0,0,1,0,0,0
10.38023734,8.360222816,rate,circle,1.954261541,1.834314585,-1.62039268,1.996555762,1.882675277,-2,0.1255916804,0.9223541021,-0.008799365722,0.05279612548,0.8984500927,0,0.3850055517,0.07712342912,0.1881397585,-0.01471132319,0.03836206719,0.0506189689,0.01355402367,-0.004689549378,-0.004615317198,0.7278914056,0,0,0,1,0,0,0
10.39020801,8.370193481,rate,circle,1.956213713,1.849790454,-1.620441914,1.997062076,1.891634572,-2,0.1190075651,0.9226769805,-0.008751565591,0.04876444238,0.8986779341,0,0.3840362743,0.07474383196,0.1498609076,-0.00892862957,0.03801004961,0.04905453324,0.009228428224,0.06420057714,-0.006193656683,0.7278643715,0,0,0,1,0,0,0
10.40027332,8.380258799,rate,circle,1.957132816,1.857552648,-1.620461226,1.997532418,1.900681132,-2,0.1157455668,0.9228334427,-0.008693953045,0.0446934908,0.8988895883,0,0.3841118005,0.07548039803,0.1502664281,-0.006300495006,0.04100074619,0.04715071619,0.01452294515,0.03512671369,-0.006859442408,0.7278847152,0,0,0,1,0,0,0
10.41020012,8.390185595,rate,circle,1.958027244,1.865308404,-1.62048173,1.99795615,1.909605186,-2,0.1125655174,0.9229516387,-0.00869294256,0.04067766615,0.8990802675,0,0.3841752727,0.07624482129,0.1619614261,-0.003129461315,0.04168193042,0.0457367003,0.0196750838,0.01302832313,-0.007497650632,0.7278902247,0,0,0,1,0,0,0
10.42024112,8.400226593,rate,circle,1.95890069,1.873056412,-1.620503902,1.998344198,1.918633742,-2,0.1093629301,0.9230549335,-0.008705717511,0.03661481611,0.8992548889,0,0.3842530044,0.07703583403,0.1848718083,-0.001962975366,0.04206422716,0.04589185491,0.0242665273,-0.005709178683,-0.00816546327,0.727891925,0,0,0,1,0,0,0
10.43020105,8.410186529,rate,circle,1.960556865,1.88856864,-1.620553732,1.998688806,1.92759105,-2,0.1028591245,0.9232473969,-0.008639427833,0.03258402728,0.8994099628,0,0.3833487497,0.07470911776,0.1588331852,0.004541998729,0.04838153347,0.04441774637,0.01732715809,0.06225220736,-0.009375773777,0.7278707549,0,0,0,1,0,0,0
10.44041967,8.420405149,rate,circle,1.961339712,1.896332145,-1.620588779,1.999000638,1.936782513,-2,0.09961307049,0.9232524633,-0.008618907072,0.02844786935,0.8995502869,0,0.3834155081,0.07550208327,0.1756324385,0.00562893739,0.05023458228,0.04105893895,0.02238791958,0.03065328403,-0.009840171183,0.7278765067,0,0,0,1,0,0,0
10.45019722,8.430182695,rate,circle,1.962097764,1.90408814,-1.6206249,1.999259438,1.94557849,-2,0.09638760984,0.9232099652,-0.008654376492,0.02448967935,0.899666747,0,0.3834421805,0.07614784152,0.1985694208,0.008956721053,0.04803548381,0.03992119059,0.02628307773,0.00913133871,-0.0103056403,0.7278658766,0,0,0,1,0,0,0
10.46035504,8.440340519,rate,circle,1.963524818,1.91960752,-1.620694399,1.999487312,1.954717683,-2,0.08999527246,0.9229584932,-0.008687274531,0.02037704258,0.8997692905,0,0.3826209136,0.07389117534,0.1816889622,0.01390889939,0.04250754789,0.03772372007,0.0186931089,0.06795166752,-0.01118422889,0.7278160669,0,0,0,1,0,0,0
10.470191,8.450176477,rate,circle,1.964194179,1.927370667,-1.620727181,1.999668153,1.963568191,-2,0.08674835414,0.9228902459,-0.008687438443,0.01639431396,0.899850669,0,0.3826441356,0.07453847772,0.1940334134,0.01621358097,0.04212315753,0.0363727659,0.02302045213,0.03865915793,-0.01155331917,0.7278156476,0,0,0,1,0,0,0
10.48026657,8.460252047,rate,circle,1.964838743,1.935125589,-1.620761156,1.999812781,1.972635042,-2,0.08350683749,0.922767818,-0.008647394367,0.01231423099,0.8999157515,0,0.3826907931,0.07526872919,0.2145290545,0.0185893774,0.04270602018,0.03578764573,0.02695567262,0.01310844843,-0.01192997451,0.7278260253,0,0,0,1,0,0,0
10.49019861,8.470184088,rate,circle,1.965462089,1.942870617,-1.620796084,1.999915112,1.981573286,-2,0.08029512316,0.9225593805,-0.008629303426,0.008292021258,0.8999618005,0,0.3827277323,0.07595763414,0.2387810653,0.02151250653,0.04027377814,0.03359665349,0.0302637538,-0.006648957043,-0.012268471,0.7278302379,0,0,0,1,0,0,0
10.50023246,8.480217934,rate,circle,1.966045618,1.950638294,-1.620836616,1.999977926,1.990603521,-2,0.07706575096,0.9224072099,-0.008629582822,0.004228415429,0.8999900669,0,0.38277081,0.07669599368,0.2659411856,0.02407610044,0.0383801721,0.0338521488,0.03300967655,-0.02250100675,-0.01259078726,0.7278278215,0,0,0,1,0,0,0
10.51019955,8.490185022,rate,circle,1.967138886,1.966147065,-1.620919585,1.999999955,1.999573867,-2,0.07053768635,0.9220145941,-0.008424193598,0.0001917600605,0.8999999796,0,0.3819674878,0.07419002382,0.2232515625,0.02515916899,0.03850398585,0.03041339479,0.02024448496,0.04548184159,-0.01300203702,0.7278329974,0,0,0,1,0,0,0
10.52023435,8.500219822,rate,circle,1.967648268,1.973887563,-1.620961666,1.999981488,2.00860516,-2,0.06723909825,0.92177701,-0.008417283185,-0.003872321819,0.8999916695,0,0.3819958209,0.07484841869,0.2419629444,0.02615217678,0.03751232475,0.03004957922,0.02422922601,0.01777376303,-0.01321830898,0.7278314899,0,0,0,1,0,0,0
10.53020215,8.510187626,rate,circle,1.968132496,1.981618881,-1.621004462,1.99992277,2.017575983,-2,0.06392724812,0.9214847684,-0.008373420686,-0.007909192562,0.8999652464,0,0.3820224501,0.07545646567,0.2630109644,0.02651494369,0.03186348453,0.02869473398,0.02728144032,-0.003681598946,-0.0134156399,0.7278388206,0,0,0,1,0,0,0
10.54018903,8.520174503,rate,circle,1.968560696,1.989361644,-1.621047735,1.999823586,2.026563618,-2,0.0605834201,0.9212058187,-0.008398327045,-0.01195362825,0.8999206136,0,0.3820551978,0.07606060239,0.284969482,0.02753973752,0.0265763998,0.02780370601,0.02937108169,-0.02027131214,-0.01360499135,0.7278281663,0,0,0,1,0,0,0
10.55021501,8.530200481,rate,circle,1.96934247,2.004818439,-1.621138334,1.999683386,2.035585902,-2,0.05381803215,0.920581162,-0.008458841592,-0.01601365578,0.8998575236,0,0.3813179378,0.07333134273,0.2394008494,0.02979373001,0.02942384407,0.02561837249,0.01318581819,0.04568093182,-0.01384163588,0.7277621012,0,0,0,1,0,0,0
10.56022024,8.540205717,rate,circle,1.969698668,2.012531281,-1.621165514,1.999502898,2.044588797,-2,0.05045022815,0.9202766418,-0.008472307585,-0.02006495875,0.8997763041,0,0.3813548798,0.0739218197,0.2539362467,0.02913297527,0.02963746898,0.02405827679,0.01757087906,0.01834707898,-0.01394305222,0.7277601526,0,0,0,1,0,0,0
10.57022905,8.550214529,rate,circle,1.970006466,2.020253658,-1.621194601,1.999281792,2.053594006,-2,0.0470691137,0.9199106693,-0.008451466449,-0.02411730286,0.8996768062,0,0.3813950102,0.07448719623,0.2717175369,0.02939334884,0.02817535959,0.02403310128,0.02073785956,-0.003368047478,-0.01402431237,0.7277659508,0,0,0,1,0,0,0
10.58035493,8.560340405,rate,circle,1.970289469,2.027966022,-1.621224999,1.999016828,2.062703434,-2,0.04369075224,0.9195353389,-0.008473424241,-0.02821654518,0.8995575727,0,0.3814478339,0.07511038199,0.2918768602,0.03037359379,0.02373262681,0.02324260771,0.02359381251,-0.02144212255,-0.01407170258,0.7277610699,0,0,0,1,0,0,0
10.59019303,8.570178509,rate,circle,1.970780373,2.04336071,-1.621291637,1.998719642,2.071552732,-2,0.03685951605,0.9187467098,-0.008616969921,-0.03219872919,0.8994238388,0,0.3807826371,0.07222649618,0.2475903366,0.0311319977,0.02061987668,0.02147096768,0.005189753242,0.04714301384,-0.01414534237,0.7276812999,0,0,0,1,0,0,0
10.60028291,8.580268383,rate,circle,1.970962167,2.05104661,-1.621319175,1.998374159,2.080627036,-2,0.03337629139,0.9182617068,-0.008597644046,-0.03628216631,0.8992683717,0,0.3808222504,0.07271153272,0.2586469724,0.02990895137,0.0189746283,0.0198669564,0.009439661824,0.01852816342,-0.01413509177,0.7276867766,0,0,0,1,0,0,0
10.61019731,8.590182781,rate,circle,1.971118569,2.058721781,-1.621347785,1.997994556,2.089541909,-2,0.02990416996,0.9177455306,-0.008549011312,-0.04029385903,0.8990975503,0,0.3808539075,0.07313409628,0.2713982273,0.0294749327,0.01728770509,0.01902145892,0.01253882728,-0.002604825846,-0.0141173312,0.7276987915,0,0,0,1,0,0,0
10.62036419,8.600349665,rate,circle,1.971249461,2.066386223,-1.621369481,1.997563984,2.09868196,-2,0.02639531717,0.9172407985,-0.008427641355,-0.04440688198,0.8989037929,0,0.3809153956,0.07362215915,0.2874198073,0.02909904346,0.0139326565,0.01763623953,0.01529239983,-0.02104461977,-0.01407901202,0.7277326174,0,0,0,1,0,0,0
10.63019252,8.610177994,rate,circle,1.971414804,2.081697702,-1.621401787,1.997108003,2.107515688,-2,0.01930673048,0.9162550569,-0.008324753493,-0.04838205974,0.8986986015,0,0.3803463105,0.07042231868,0.2551875203,0.02788822353,0.01689949073,0.01698095165,-0.006311460694,0.04721165171,-0.01406215713,0.7277243153,0,0,0,1,0,0,0
10.64023113,8.620216608,rate,circle,1.971449375,2.089345217,-1.621412396,1.996601939,2.116536249,-2,0.01572200656,0.9158002734,-0.008231742308,-0.05244131215,0.8984708725,0,0.3803952908,0.0708117768,0.2617491684,0.02585184015,0.02049926482,0.01632451825,-0.001142594858,0.02008736161,-0.01396241557,0.7277535245,0,0,0,1,0,0,0
10.65020943,8.630194902,rate,circle,1.971457839,2.096982002,-1.621424437,1.996058538,2.125500251,-2,0.01216571219,0.9152274132,-0.00816819258,-0.05647511301,0.8982263421,0,0.3804444008,0.07118510148,0.2713389502,0.02423735708,0.02068488859,0.01448626537,0.003037434676,-0.001695074351,-0.01383150702,0.7277748434,0,0,0,1,0,0,0
10.66021872,8.640204191,rate,circle,1.971357226,2.112224579,-1.621435642,1.995473017,2.134489555,-2,0.005021133926,0.9141159654,-0.008187179454,-0.06052029954,0.8979628574,0,0.37998457,0.0679972963,0.2630734078,0.02018346451,0.0195778124,0.01423683483,-0.01752053113,0.05902322918,-0.01371555365,0.727742504,0,0,0,1,0,0,0
10.67020106,8.650186539,rate,circle,1.971248627,2.119830847,-1.621435285,1.994848751,2.143451945,-2,0.001463971101,0.9135026336,-0.00817288179,-0.06455337514,0.897681938,0,0.3800344272,0.06837675344,0.2626742076,0.01828608476,0.02125333808,0.01224850491,-0.0106799497,0.02931500207,-0.01354373482,0.7277554576,0,0,0,1,0,0,0
10.68023443,8.660219908,rate,circle,1.971114755,2.127426147,-1.621426582,1.994180733,2.152457226,-2,-0.002142034238,0.912907362,-0.008099181578,-0.06860575179,0.8973813297,0,0.3801005483,0.06873194434,0.2668899632,0.01593890414,0.02298851684,0.01286790241,-0.005420890427,0.005773229965,-0.0134137867,0.7277863354,0,0,0,1,0,0,0
10.69020534,8.670190811,rate,circle,1.970954776,2.135010481,-1.621419668,1.9934766,2.161403364,-2,-0.00578452507,0.9122572541,-0.008055318147,-0.07263151383,0.8970644699,0,0.3801669166,0.06902339276,0.2747284341,0.01358073764,0.02376362681,0.0107834721,-0.00153374292,-0.01283496713,-0.01324804009,0.7278084699,0,0,0,1,0,0,0
10.70032978,8.680315256,rate,circle,1.970742464,2.142589331,-1.621400833,1.992720559,2.170483937,-2,-0.009417187423,0.9115739465,-0.008014346473,-0.07671777181,0.8967242516,0,0.3802610615,0.06938380103,0.2875609385,0.01015573274,0.02640465647,0.00946135819,0.002078359884,-0.02935326149,-0.01306593282,0.727834653,0,0,0,1,0,0,0
10.71022558,8.690211058,rate,circle,1.970241785,2.157714128,-1.621369123,1.99194162,2.179356023,-2,-0.01658558846,0.9102677107,-0.007810814772,-0.08071021031,0.896373729,0,0.3798691816,0.06607585553,0.2644221597,0.005410620943,0.03071716242,0.008262156509,-0.02052064111,0.03578212862,-0.01271751135,0.727872412,0,0,0,1,0,0,0
10.72022629,8.700211763,rate,circle,1.969953418,2.165260077,-1.621355772,1.991114292,2.188318546,-2,-0.02023988217,0.9095714092,-0.007741716225,-0.08474334583,0.8960014315,0,0.3799354248,0.06636848114,0.2675073789,0.003631896339,0.02711192332,0.007904539816,-0.01324754,0.009593055598,-0.01247095472,0.7279030011,0,0,0,1,0,0,0
10.73021221,8.710197687,rate,circle,1.969618678,2.172804594,-1.621332884,1.990247951,2.197264017,-2,-0.0239153076,0.9088063836,-0.007647969294,-0.08876880756,0.8956115781,0,0.3800165985,0.06662259966,0.2748167659,0.002697808668,0.02141641267,0.007072947919,-0.00779670466,-0.01109703541,-0.01222623121,0.7279428599,0,0,0,1,0,0,0
10.74021149,8.720196962,rate,circle,1.96925807,2.180337906,-1.621326208,1.989340182,2.206217456,-2,-0.02757496573,0.9080644846,-0.007632993627,-0.0927978553,0.895203082,0,0.3800879938,0.06691564535,0.2840473343,0.002392508322,0.01541954465,0.006439668592,-0.003014142176,-0.02718961218,-0.01196203867,0.7279572203,0,0,0,1,0,0,0
10.75021052,8.730195999,rate,circle,1.968459368,2.195369244,-1.621319056,1.988392158,2.215166507,-2,-0.03496004641,0.9065166116,-0.007630403619,-0.09682492816,0.8947764711,0,0.3797216157,0.06342962676,0.2545495553,0.0003820246493,0.01092786249,0.006207181606,-0.02703963956,0.03584165081,-0.01158162591,0.7279336235,0,0,0,1,0,0,0
10.76023579,8.740221262,rate,circle,1.968014359,2.202861071,-1.621297359,1.987401232,2.224134656,-2,-0.03856605291,0.9057157636,-0.007664224133,-0.1008605953,0.8943305543,0,0.3797948212,0.06378850476,0.2536407216,-0.0004696652759,0.01236847788,0.004619270097,-0.01777757586,0.00957962178,-0.01129058196,0.7279415923,0,0,0,1,0,0,0
10.77019525,8.750180721,rate,circle,1.967547178,2.2103405,-1.621278524,1.986376759,2.233039424,-2,-0.04220804572,0.9049479365,-0.007656272966,-0.1048677409,0.8938695413,0,0.3798680697,0.06409045763,0.2563737709,-0.001840626937,0.01224415004,0.003982975148,-0.01067894848,-0.01018224222,-0.01100378856,0.7279586343,0,0,0,1,0,0,0
10.78037548,8.760360956,rate,circle,1.966535568,2.225265503,-1.621247411,1.98528834,2.242136749,-2,-0.04952645302,0.9033628702,-0.007580040488,-0.1089615371,0.8933797532,0,0.3795916612,0.06074247981,0.2406195686,-0.004600990564,0.008420544676,0.004229174461,-0.03239005826,0.04681292103,-0.01053915056,0.7279632621,0,0,0,1,0,0,0
10.79018998,8.770175457,rate,circle,1.965990663,2.232711315,-1.621235013,1.984199579,2.250902435,-2,-0.0530619584,0.9025312662,-0.007522164378,-0.1129060959,0.8928898104,0,0.3796385081,0.06108077781,0.2312561542,-0.005939526018,0.008867606521,0.002636963269,-0.02173163053,0.02065778776,-0.01020834825,0.7279909443,0,0,0,1,0,0,0
10.80024433,8.780229807,rate,circle,1.965423107,2.240136862,-1.621212721,1.983044076,2.259877263,-2,-0.05658707395,0.901719749,-0.007399846334,-0.1169447684,0.8923698343,0,0.379710396,0.06152422216,0.2253565947,-0.008177626878,0.009729781188,0.001413731952,-0.01220784065,-0.001593015715,-0.009872319801,0.7280397829,0,0,0,1,0,0,0
10.81021738,8.790202856,rate,circle,1.96483016,2.247551441,-1.621191978,1.981857814,2.268774264,-2,-0.0601211898,0.9008724689,-0.007268966176,-0.120948419,0.8918360163,0,0.3797839733,0.06192291302,0.2246338526,-0.008317207918,0.007374889217,0.001743682195,-0.004723887787,-0.01867078466,-0.009565605988,0.7280898592,0,0,0,1,0,0,0
10.82022047,8.800205946,rate,circle,1.963568091,2.262347698,-1.621155024,1.980627881,2.277692627,-2,-0.06718538702,0.8992598057,-0.007068168838,-0.1249616822,0.8912825467,0,0.3795392199,0.05875113581,0.2059604874,-0.009263681248,0.008251332678,-8.835273547e-06,-0.02680139361,0.04252594253,-0.009011213129,0.7281291431,0,0,0,1,0,0,0
10.83020449,8.810189962,rate,circle,1.962887168,2.269739389,-1.621109962,1.979360276,2.286588374,-2,-0.07073526829,0.8984822631,-0.006946074776,-0.1289647684,0.8907121244,0,0.3796220649,0.05915486192,0.1934963326,-0.01034792513,0.009202801622,0.0007999469526,-0.01609259929,0.01727237983,-0.008696063037,0.7281855524,0,0,0,1,0,0,0
10.84022021,8.820205688,rate,circle,1.962184548,2.277119875,-1.621067047,1.978048501,2.295506562,-2,-0.07428331673,0.8976930976,-0.006867106538,-0.1329779528,0.8901218254,0,0.379710308,0.05957802965,0.1861216235,-0.009535131976,0.00993940793,-0.0006312980549,-0.007252166505,-0.002846803008,-0.008337291174,0.728230483,0,0,0,1,0,0,0
10.85020852,8.830193996,rate,circle,1.961456299,2.284489155,-1.621026993,1.9767003,2.304394358,-2,-0.07783790678,0.8968530893,-0.00688249385,-0.136977461,0.8895151349,0,0.379801444,0.05998917542,0.1851158888,-0.0101285968,0.0109828515,-0.001379382564,-3.393042784e-05,-0.01902211155,-0.007952286349,0.7282503102,0,0,0,1,0,0,0
10.86027479,8.840260267,rate,circle,1.960702419,2.291848183,-1.620980144,1.975301172,2.313345304,-2,-0.08138097823,0.8960418701,-0.006798546296,-0.141005387,0.8888855274,0,0.3799095964,0.06043594618,0.1919324804,-0.01053725462,0.01267601922,-0.0007580189849,0.006423588442,-0.03243817178,-0.007605414973,0.7282982277,0,0,0,1,0,0,0
10.87021208,8.850197554,rate,circle,1.959093094,2.306562662,-1.62082696,1.973880216,2.322175252,-2,-0.08833278716,0.8943001628,-0.006647405215,-0.1449788634,0.8882460972,0,0.3797823146,0.05735518863,0.1528856905,-0.01297798846,0.01764315367,-0.0007467869436,-0.01807339657,0.03081215074,-0.006927132233,0.7283664745,0,0,0,1,0,0,0
10.88022161,8.860207081,rate,circle,1.958251476,2.313903093,-1.620755315,1.972409027,2.331062877,-2,-0.09173922986,0.8934258223,-0.006590079516,-0.1489782947,0.8875840623,0,0.3798965987,0.0579125708,0.1469482733,-0.0120085841,0.01644469798,-0.001916691777,-0.006535670473,0.00669423596,-0.006529378117,0.7284172664,0,0,0,1,0,0,0
10.89022803,8.870213509,rate,circle,1.957385182,2.321232319,-1.620686769,1.970898296,2.339941037,-2,-0.09522820264,0.8925523162,-0.006580364425,-0.1529734665,0.886904233,0,0.3800146671,0.0583927867,0.1503272885,-0.01102870982,0.01077916194,-0.002444331069,0.002183326938,-0.01189293219,-0.006137646302,0.7284541897,0,0,0,1,0,0,0
10.90026712,8.8802526,rate,circle,1.956480384,2.328575611,-1.62058723,1.969342475,2.34884125,-2,-0.09872068465,0.8917475939,-0.006546640769,-0.1569785625,0.8862041136,0,0.3801712505,0.05888606803,0.1599382223,-0.009029202163,0.00618101377,-0.002546634059,0.009356022939,-0.02578813523,-0.005763815664,0.7285085134,0,0,0,1,0,0,0
10.9102056,8.890191078,rate,circle,1.954600096,2.343227148,-1.620400786,1.967762657,2.357645252,-2,-0.1056500599,0.8899821043,-0.006581939291,-0.1609403636,0.8854931956,0,0.3801009046,0.0558613454,0.1086296853,-0.009106367826,0.007696837652,-0.002264640061,-0.01639536199,0.03706808303,-0.004979320523,0.7285411828,0,0,0,1,0,0,0
10.92022824,8.900213718,rate,circle,1.953624606,2.350535631,-1.620289207,1.966129601,2.366516564,-2,-0.1090688929,0.8891026974,-0.006588545162,-0.164932454,0.8847583205,0,0.3802526158,0.05641825944,0.1014583368,-0.007593645714,0.007055349182,-0.002849281998,-0.004579652922,0.01273666263,-0.004534021564,0.7285901306,0,0,0,1,0,0,0
10.93021369,8.910199165,rate,circle,1.952612281,2.357861757,-1.620143294,1.964462833,2.375347542,-2,-0.1124976128,0.8882217407,-0.006564413197,-0.1689063938,0.8840082749,0,0.3804435636,0.05694554756,0.1051217237,-0.007362388074,0.005944677629,-0.002744163619,0.004663152421,-0.005604972412,-0.004111899921,0.7286589931,0,0,0,1,0,0,0
10.94023681,8.920222282,rate,circle,1.951575398,2.365176201,-1.620002508,1.962749888,2.384204212,-2,-0.1159190163,0.8873431087,-0.006523357239,-0.1728918955,0.8832374497,0,0.38063766,0.0574919089,0.1169901242,-0.00490105059,0.002879110165,-0.003223137232,0.01236581237,-0.02015432619,-0.003626207844,0.7287306243,0,0,0,1,0,0,0
10.95020366,8.930189133,rate,circle,1.949427485,2.379770279,-1.619736791,1.961006965,2.393003414,-2,-0.1228382587,0.8855754733,-0.006591015961,-0.1768515362,0.8824531342,0,0.380669553,0.05450343692,0.06724485968,-0.002450725995,0.003766120644,-0.003460089676,-0.01508819036,0.04245367689,-0.002640682513,0.7287829873,0,0,0,1,0,0,0
10.96021914,8.94020462,rate,circle,1.948295832,2.387063742,-1.619563103,1.9592158,2.401837591,-2,-0.1262334287,0.884744525,-0.006555090193,-0.1808269159,0.88164711,0,0.3808802241,0.05507278847,0.05189130438,-0.00270787417,0.005426483694,-0.003422711277,-0.00325878375,0.01894767108,-0.002167179967,0.7288651734,0,0,0,1,0,0,0
10.97021866,8.950204134,rate,circle,1.947140217,2.394346237,-1.619395256,1.95738779,2.410649535,-2,-0.1296761781,0.8838909268,-0.006540474016,-0.1847922909,0.8808245054,0,0.3810915656,0.05558746825,0.05340431899,-0.001221519196,0.005479831714,-0.004230866209,0.00574203087,0.0006426431846,-0.001642816213,0.728939447,0,0,0,1,0,0,0
10.98023272,8.960218191,rate,circle,1.945963621,2.401616573,-1.619243383,1.955517401,2.419465963,-2,-0.1330971122,0.8830487728,-0.00665113423,-0.1887596833,0.8799828305,0,0.3812944748,0.05614231388,0.07014174118,-0.000915652141,0.005113821011,-0.004128791392,0.01346293828,-0.01376679311,-0.001135372496,0.7289766027,0,0,0,1,0,0,0
10.9902091,8.970194578,rate,circle,1.943505764,2.416128397,-1.61891973,1.953614562,2.428240756,-2,-0.1399161816,0.8813942075,-0.00675693294,-0.19270834,0.8791265527,0,0.3814066977,0.05327110279,0.0556585599,-0.001614544191,0.0135025708,-0.003680625465,-0.0150511148,0.04833722849,-0.0001389357304,0.7290396645,0,0,0,1,0,0,0
11.00040507,8.980390549,rate,circle,1.942225337,2.423370123,-1.618748188,1.951629157,2.437199765,-2,-0.1432775706,0.8805196881,-0.006799897645,-0.1967398942,0.8782331205,0,0.3816184416,0.05394151507,0.02556925311,-0.001539173536,0.01714367792,-0.004010250326,-0.002192103365,0.02221669755,0.0004022639138,0.7291020644,0,0,0,1,0,0,0
11.01022148,8.990206957,rate,circle,1.940921187,2.430600882,-1.618583083,1.949678843,2.445816566,-2,-0.1467043608,0.8796467781,-0.006887305994,-0.2006174548,0.8773554792,0,0.3818207407,0.05439951038,0.03185883697,-0.0004252932558,0.01806064695,-0.003944862168,0.006172526787,0.004634912522,0.0009266441757,0.7291485505,0,0,0,1,0,0,0
11.02022743,9.000212908,rate,circle,1.93821454,2.44502449,-1.61823976,1.947651717,2.454590793,-2,-0.1535030454,0.8777466416,-0.007122823503,-0.2045658569,0.8764432727,0,0.3819966688,0.0515736764,0.09307818244,0.0007059089839,0.01731080748,-0.004563924856,-0.02237226968,0.06010481944,0.001930998608,0.7291851749,0,0,0,1,0,0,0
11.03024125,9.010226727,rate,circle,1.936812401,2.452217579,-1.618062258,1.945583464,2.463362692,-2,-0.1569020748,0.8768814802,-0.007240246981,-0.2085132114,0.8755125588,0,0.3822009734,0.05213448514,0.06703440806,-0.0008647926152,0.02202680707,-0.004661922809,-0.0092692481,0.03342457013,0.002481144957,0.7292294281,0,0,0,1,0,0,0
11.04025292,9.0202384,rate,circle,1.935386658,2.459400415,-1.617878318,1.94347616,2.472123305,-2,-0.1603526324,0.8759625554,-0.007404744625,-0.2124554874,0.874564272,0,0.3824190005,0.05264497065,0.05544360681,-0.001624860335,0.02513494901,-0.00482807029,0.0007697399078,0.01200091637,0.003021220561,0.729263606,0,0,0,1,0,0,0
11.0502193,9.030204773,rate,circle,1.933941126,2.466571093,-1.617702127,1.941339211,2.480834762,-2,-0.1637024134,0.8749996424,-0.007532568183,-0.2163756429,0.8736026449,0,0.3826353983,0.05322743924,0.06827351022,-0.001286176732,0.02851514332,-0.004068545997,0.009568708374,-0.005303664228,0.003527471256,0.729304886,0,0,0,1,0,0,0
11.06028008,9.04026556,rate,circle,1.93247211,2.473730564,-1.617532849,1.939142413,2.489618935,-2,-0.1671008766,0.8740409613,-0.007618551143,-0.2203285205,0.872614086,0,0.3828551353,0.05378903583,0.09960413591,-0.0036704042,0.03203237429,-0.003761170898,0.01691396019,-0.02006402673,0.004031381759,0.7293542275,0,0,0,1,0,0,0
11.07020998,9.050195456,rate,circle,1.929414511,2.488002062,-1.617144942,1.936935222,2.498278984,-2,-0.1738970131,0.8720450401,-0.007753922138,-0.2242255429,0.8716208499,0,0.3830667976,0.05092410193,0.08994952225,-0.005731957499,0.03629004955,-0.003761924105,-0.01574489624,0.0380252748,0.004996699614,0.7294313483,0,0,0,1,0,0,0
11.08026671,9.06025219,rate,circle,1.927850842,2.495121002,-1.616962194,1.934660418,2.507039511,-2,-0.1772857755,0.8709836006,-0.007891265675,-0.2281677799,0.8705971883,0,0.383283683,0.05149174453,0.1000025282,-0.006221535616,0.03382375836,-0.003411269281,-0.003106519593,0.01268687764,0.005497245888,0.7294720909,0,0,0,1,0,0,0
11.09019494,9.070180416,rate,circle,1.926263809,2.502228022,-1.616787195,1.932375816,2.515677908,-2,-0.1806771159,0.8698917031,-0.008050924167,-0.2320550585,0.8695691173,0,0.3834974704,0.05200590762,0.1235745701,-0.004430750385,0.02902135439,-0.002061201958,0.0064422583,-0.00646760407,0.005943696013,0.7295036542,0,0,0,1,0,0,0
11.10022211,9.080207586,rate,circle,1.922943234,2.51639533,-1.616426945,1.930029297,2.524391946,-2,-0.1874795705,0.8676429987,-0.008275879547,-0.2359763758,0.8685131836,0,0.3837218353,0.04920556394,0.1224880003,-0.003151407698,0.02118910104,-0.002221530536,-0.02536568645,0.04601142101,0.006741820516,0.729547856,0,0,0,1,0,0,0
11.11025763,9.090243101,rate,circle,1.921248913,2.523461342,-1.616257906,1.92764148,2.533102546,-2,-0.1908617616,0.8664816022,-0.008420401253,-0.2398961458,0.867438666,0,0.3839164134,0.04976133,0.1271062241,-0.003779254854,0.02230989188,-0.002614198253,-0.01130345178,0.01897993566,0.007214793956,0.7295811332,0,0,0,1,0,0,0
11.12030697,9.100292444,rate,circle,1.919535398,2.53051424,-1.616096735,1.925210979,2.541814254,-2,-0.1941937059,0.8652993441,-0.008598677814,-0.2438164144,0.8663449406,0,0.3841114674,0.05037304565,0.1436830784,-0.004158852156,0.02199261263,-0.003473013639,0.0004552386358,-0.002577350514,0.007692504522,0.7296035009,0,0,0,1,0,0,0
11.1302278,9.11021328,rate,circle,1.91774869,2.537555456,-1.615921736,1.922772939,2.550403692,-2,-0.1976279467,0.8641201258,-0.008748562075,-0.2476816614,0.8652478227,0,0.3843259467,0.05082502718,0.1669634261,-0.00355999195,0.02126732841,-0.002495563822,0.007990437099,-0.01858271535,0.008136263247,0.7296360756,0,0,0,1,0,0,0
11.14044857,9.120434046,rate,circle,1.915939927,2.544584274,-1.615754485,1.920221115,2.559241335,-2,-0.2009600848,0.8629127145,-0.008938217536,-0.2516586006,0.8640995016,0,0.3845487923,0.05149407446,0.1989637911,-0.004305960611,0.02347871475,-0.00139117986,0.0164073174,-0.03405953748,0.008561508717,0.7296579523,0,0,0,1,0,0,0
11.15024114,9.130226612,rate,circle,1.914109349,2.551601171,-1.615594983,1.917738095,2.567697629,-2,-0.2043506205,0.8617647886,-0.009100003168,-0.2554639331,0.8629821428,0,0.3847589905,0.05193132712,0.2297672585,-0.004327664152,0.02604285441,-0.002776784357,0.0211804971,-0.04324912358,0.009007603066,0.7296816316,0,0,0,1,0,0,0
11.16022921,9.140214682,rate,circle,1.91033721,2.565598011,-1.61526823,1.915167142,2.576311392,-2,-0.211040765,0.8593277335,-0.009485154413,-0.2593401262,0.8618252137,0,0.3849112096,0.04928522954,0.1886801057,-0.006651408505,0.02407353744,-0.002523368225,-0.01496482658,0.0139368307,0.00977322666,0.729672128,0,0,0,1,0,0,0
11.17021394,9.150199413,rate,circle,1.90839684,2.572577238,-1.615101933,1.912558377,2.584910639,-2,-0.2143682539,0.858099997,-0.009711057879,-0.2632097875,0.8606512696,0,0.3851181024,0.04986290237,0.2123846326,-0.006789927837,0.01819283515,-0.002346073277,-0.002470122352,-0.007488770688,0.01021599756,0.7296828922,0,0,0,1,0,0,0
11.18024731,9.160232782,rate,circle,1.906435251,2.579544067,-1.614943385,1.909898011,2.593539879,-2,-0.2176876366,0.856821537,-0.009837503545,-0.2670929458,0.8594541048,0,0.3853264462,0.05044394376,0.2371499138,-0.003392820247,0.00873532705,-0.0008667755756,0.007612030697,-0.02468896918,0.01059700056,0.7297164452,0,0,0,1,0,0,0
11.19020724,9.170192719,rate,circle,1.904452443,2.586498022,-1.614792228,1.907218608,2.602093997,-2,-0.2210292816,0.8554663062,-0.00998970028,-0.2709422988,0.8582483736,0,0.3855332851,0.05097885144,0.260446334,-0.0004493233282,-0.001335246256,-0.0008717026794,0.01512119138,-0.03792834697,0.01095793689,0.7297404562,0,0,0,1,0,0,0
11.20020914,9.180194616,rate,circle,1.90034008,2.600373745,-1.614466429,1.904489362,2.610671982,-2,-0.2277752012,0.8530671,-0.01036790479,-0.2748023921,0.8570202129,0,0.3856934078,0.04831849781,0.2081505994,0.0026118604,-0.009522600099,-0.0006241842639,-0.02317526211,0.02152684686,0.0115608093,0.7297311655,0,0,0,1,0,0,0
11.21020675,9.190192223,rate,circle,1.898252487,2.607293367,-1.614315271,1.901722731,2.619233924,-2,-0.2311278731,0.8518035412,-0.01053366065,-0.2786552658,0.8557752292,0,0.3858851246,0.04884245462,0.2191770765,0.001993203536,-0.01044093817,0.001291458844,-0.009894664962,0.0004649451169,0.01188916952,0.7297516943,0,0,0,1,0,0,0
11.22021246,9.200197935,rate,circle,1.893975258,2.62109971,-1.614015102,1.898915319,2.627790259,-2,-0.2379291207,0.8493229747,-0.01093559247,-0.2825056166,0.8545118938,0,0.3860744861,0.04619064899,0.2216054726,0.003659214359,-0.01359189954,0.0007551225135,-0.04521155309,0.0526237897,0.01234972996,0.7297248878,0,0,0,1,0,0,0
11.2302177,9.210203171,rate,circle,1.891786456,2.62798667,-1.613864779,1.896069547,2.63633346,-2,-0.2412510812,0.8480995893,-0.01116829738,-0.286350057,0.8532312962,0,0.3862491713,0.04674380067,0.2218909505,0.002685229294,-0.01207593363,-0.0005396944471,-0.02817709086,0.02709684191,0.01274988971,0.7297281352,0,0,0,1,0,0,0
11.24023199,9.220217466,rate,circle,1.88957715,2.634861469,-1.613722682,1.89318271,2.64487148,-2,-0.2446218729,0.8468936682,-0.01140484028,-0.2901921661,0.8519322196,0,0.3864238176,0.04724520087,0.2245482681,0.002368220128,-0.009295482188,-0.0004277811968,-0.01517655277,0.007504144865,0.01311679093,0.7297272933,0,0,0,1,0,0,0
11.25021529,9.230200768,rate,circle,1.887346864,2.64172411,-1.613588452,1.89026654,2.65337004,-2,-0.2479756474,0.8456587791,-0.01163933519,-0.294016518,0.8506199428,0,0.3865980294,0.04774776468,0.2293365532,-0.0002170943335,-0.003630532185,0.0004405025975,-0.004765826071,-0.007990146744,0.01343570536,0.7297242476,0,0,0,1,0,0,0
11.26023269,9.240218163,rate,circle,1.885066032,2.648581266,-1.613446474,1.887302064,2.661884369,-2,-0.2513322532,0.8444805741,-0.01183908526,-0.2978479659,0.849285929,0,0.3867888323,0.04823864536,0.2372246981,-0.004449658561,0.004872441292,0.001116202795,0.003717151501,-0.02025814015,0.01371550009,0.7297328345,0,0,0,1,0,0,0
11.27022696,9.250212431,rate,circle,1.88044405,2.662260294,-1.613185763,1.884306215,2.670365638,-2,-0.257950902,0.8421463966,-0.01225195546,-0.301664537,0.8479377967,0,0.3869184237,0.04576606401,0.2477778545,-0.01109227352,0.01576234959,0.003106545424,-0.03425273609,0.03636583571,0.01409195191,0.7296884159,0,0,0,1,0,0,0
11.28029609,9.260281563,rate,circle,1.878102541,2.669082165,-1.613063574,1.881249382,2.678896724,-2,-0.2612705529,0.8409149051,-0.01250823867,-0.305503526,0.8465622219,0,0.3870736701,0.04631310974,0.2450066176,-0.01255199965,0.01499422826,0.002594664926,-0.0186160692,0.01370452762,0.01437805455,0.7296760534,0,0,0,1,0,0,0
11.29021788,9.270203352,rate,circle,1.875706792,2.675909758,-1.612932801,1.8781995,2.687289342,-2,-0.264614135,0.8396539092,-0.01276501175,-0.3092802038,0.8451897749,0,0.3872424626,0.04678299938,0.2469622717,-0.0118371984,0.0119076632,0.003855451941,-0.007426534695,-0.002882851684,0.01459936424,0.7296653982,0,0,0,1,0,0,0
11.3002305,9.280215979,rate,circle,1.873291254,2.682725191,-1.612810254,1.875083738,2.695744906,-2,-0.2679191828,0.8384607434,-0.0130161345,-0.3130852079,0.8437876822,0,0.3874127325,0.04730502992,0.2533610788,-0.01185341273,0.007193645462,0.003050156636,0.002508550807,-0.01581394616,0.01487105574,0.7296541522,0,0,0,1,0,0,0
11.31021452,9.290199995,rate,circle,1.868400693,2.696319818,-1.612588644,1.871938976,2.704162246,-2,-0.2744440436,0.8360314965,-0.01348694228,-0.3168730108,0.8423725393,0,0.3875068798,0.04497025338,0.2639866043,-0.01364624221,0.009626222774,0.004167089704,-0.03559238434,0.04013333272,0.0151678333,0.7295810075,0,0,0,1,0,0,0
11.32022929,9.300214767,rate,circle,1.86592567,2.703098536,-1.612489104,1.868746567,2.712591236,-2,-0.2777183056,0.8347841501,-0.01369100809,-0.3206660563,0.840935955,0,0.3876374119,0.04549502935,0.2597978587,-0.01453034021,0.01207151916,0.004264890682,-0.01931119682,0.0179002996,0.01541303495,0.7295735972,0,0,0,1,0,0,0
11.33021855,9.310204029,rate,circle,1.863409042,2.709888458,-1.612386584,1.86552448,2.720984338,-2,-0.2809639275,0.8336159587,-0.01387076639,-0.324442952,0.8394860159,0,0.3877779695,0.04601392506,0.2601731675,-0.01438178308,0.01247221977,0.003923447803,-0.006325373287,0.001606263814,0.01563954364,0.7295734892,0,0,0,1,0,0,0
11.34022474,9.320210218,rate,circle,1.860873222,2.716665745,-1.612295747,1.862259141,2.729377056,-2,-0.2842033207,0.8324069381,-0.01408259384,-0.3282196754,0.8380166136,0,0.3879150502,0.04655348947,0.2654424281,-0.0144599136,0.01061302889,0.004290663172,0.004371082053,-0.01159213012,0.01589052308,0.7295611554,0,0,0,1,0,0,0
11.35023737,9.330222845,rate,circle,1.855742216,2.73018384,-1.612134933,1.858953908,2.737760372,-2,-0.2907022834,0.8299874663,-0.01448173635,-0.3319921673,0.8365292588,0,0.3879523536,0.0442421773,0.2779542177,-0.01412412804,0.008756350726,0.004801941104,-0.03451228582,0.04395318314,0.01613271009,0.7294843109,0,0,0,1,0,0,0
11.36024284,9.340228319,rate,circle,1.853112817,2.736950636,-1.612048268,1.855613338,2.746122737,-2,-0.2938939929,0.8287976384,-0.01467689592,-0.3357552318,0.8350260022,0,0.3880681978,0.04479472193,0.2729458048,-0.01400514133,0.008894312195,0.00624285778,-0.01773814976,0.02295185928,0.01634044788,0.7294748463,0,0,0,1,0,0,0
11.37018371,9.350169182,rate,circle,1.850464582,2.743704557,-1.611968279,1.852257086,2.754416123,-2,-0.2970969081,0.8275467753,-0.01478859503,-0.3394872554,0.8335156888,0,0.3881836773,0.04529097057,0.2725978657,-0.01378883515,0.009714418091,0.006522201002,-0.004842197287,0.006547341425,0.01657049282,0.7294836524,0,0,0,1,0,0,0
11.38025212,9.360237598,rate,circle,1.845111609,2.75717473,-1.611826777,1.848819987,2.762800534,-2,-0.3034361005,0.8251186013,-0.01507911831,-0.3432602404,0.8319689942,0,0.3882316994,0.04313084527,0.2991907658,-0.01614992321,0.01460081059,0.006840629503,-0.04116466723,0.05810105476,0.01673365407,0.7294285159,0,0,0,1,0,0,0
11.39023066,9.370216131,rate,circle,1.842371583,2.763911486,-1.611744404,1.845376126,2.771094646,-2,-0.3065994382,0.8239351511,-0.01520253252,-0.3469925907,0.8304192568,0,0.388333662,0.04364364091,0.2891807092,-0.01752169989,0.01817843132,0.008415482007,-0.02292656601,0.03513303831,0.01692121726,0.7294356226,0,0,0,1,0,0,0
11.40036273,9.380348206,rate,circle,1.839616895,2.770635128,-1.611665606,1.841841202,2.779500472,-2,-0.3097293079,0.8227423429,-0.0153370481,-0.3507752122,0.8288285411,0,0.3884419429,0.044238367,0.2835932423,-0.01845055819,0.01995728165,0.008030974306,-0.00720636933,0.01602694145,0.01714347286,0.729439693,0,0,0,1,0,0,0
11.41022635,9.390211821,rate,circle,1.836844087,2.777345657,-1.611593604,1.838363159,2.787668012,-2,-0.3128196597,0.8214948177,-0.01549419947,-0.3544506053,0.8272634214,0,0.3885465055,0.04479377901,0.2839364369,-0.01982738264,0.02226155438,0.006965926848,0.004558221064,0.002185866585,0.01737165449,0.7294344286,0,0,0,1,0,0,0
11.42029762,9.400283098,rate,circle,1.831219912,2.790740252,-1.61145246,1.834774521,2.795991494,-2,-0.3190475404,0.8189794421,-0.01581731811,-0.3581961722,0.8256485343,0,0.3885992813,0.04274669238,0.3017840252,-0.02198010124,0.02965789475,0.009321867488,-0.03342265332,0.05305884927,0.01742630248,0.7293718927,0,0,0,1,0,0,0
11.43023539,9.410220861,rate,circle,1.828369021,2.797424078,-1.611383915,1.831196517,2.804188607,-2,-0.32212919,0.8177108169,-0.01595645212,-0.361884873,0.8240384328,0,0.3886852392,0.04330313403,0.2941409711,-0.02190851234,0.031059945,0.009165490046,-0.01550142148,0.03054536793,0.01764747417,0.7293701679,0,0,0,1,0,0,0
11.44035268,9.420338154,rate,circle,1.825500369,2.804094315,-1.611321807,1.827516257,2.812517281,-2,-0.3251724839,0.8163878322,-0.01612113416,-0.3656327765,0.8223823155,0,0.388774675,0.04396430448,0.2918763918,-0.02165244147,0.03074663877,0.009632626548,0.0001357326441,0.01118081875,0.01783071159,0.7293606214,0,0,0,1,0,0,0
11.45025611,9.430241585,rate,circle,1.822614193,2.810750961,-1.611266494,1.823877102,2.820653592,-2,-0.3281887174,0.8150476217,-0.01635735668,-0.3692941164,0.8207446958,0,0.3888616668,0.04460575744,0.2958918572,-0.01940331794,0.02815396525,0.009731523693,0.01193305787,-0.00282622919,0.01798133321,0.729329531,0,0,0,1,0,0,0
11.46025062,9.440236092,rate,circle,1.819684982,2.817414522,-1.611214638,1.820167755,2.828848203,-2,-0.3312120736,0.8137633204,-0.01654623263,-0.3729816912,0.8190754898,0,0.3889537505,0.0452404456,0.305278722,-0.01992270909,0.0284989737,0.009963888675,0.02198799317,-0.01401741682,0.01810569031,0.7293093877,0,0,0,1,0,0,0
11.47026443,9.45024991,rate,circle,1.813778996,2.830699444,-1.611130357,1.816414317,2.837041833,-2,-0.3371843994,0.8110593557,-0.01685125567,-0.3766688249,0.8173864425,0,0.3889302897,0.04339374041,0.2992741116,-0.01855061203,0.02809153497,0.01032382995,-0.01856865304,0.03872799447,0.01814403827,0.7292329734,0,0,0,1,0,0,0
11.48025465,9.460240126,rate,circle,1.810801864,2.837320566,-1.611097336,1.812632971,2.845199214,-2,-0.340159148,0.8096789718,-0.01701769978,-0.3803396462,0.8156848371,0,0.3889867713,0.04404707666,0.3017223284,-0.01715868153,0.02674194798,0.0119430311,-0.001350065197,0.01787465925,0.0182905819,0.7292119166,0,0,0,1,0,0,0
11.49024272,9.470228195,rate,circle,1.807783127,2.843953848,-1.611064196,1.808815816,2.853337766,-2,-0.3430892229,0.80836761,-0.01719286293,-0.3840019947,0.8139671173,0,0.3890503621,0.04473034668,0.3095925835,-0.0140277613,0.02293001302,0.01052263286,0.01257944747,0.002533731428,0.01844831482,0.7291889683,0,0,0,1,0,0,0
11.50028396,9.480269432,rate,circle,1.804747939,2.850572824,-1.611037016,1.804941509,2.861502263,-2,-0.3460202515,0.8069776893,-0.01733154058,-0.3876760185,0.812223679,0,0.3891165546,0.04542142262,0.3212595491,-0.01065485366,0.01584093086,0.01210251264,0.02400710719,-0.01024684714,0.01858954262,0.7291732614,0,0,0,1,0,0,0
11.51024318,9.490228653,rate,circle,1.801696062,2.857177734,-1.611016035,1.801062444,2.8695827,-2,-0.3489409685,0.805660665,-0.01756461896,-0.3913122148,0.8104781,0,0.3891822319,0.0461199093,0.3353688675,-0.008063256741,0.01440566499,0.01132004336,0.03313546012,-0.01921117422,0.01873106223,0.7291313163,0,0,0,1,0,0,0
11.52035356,9.500339031,rate,circle,1.795509219,2.870357513,-1.610973597,1.797087503,2.877767912,-2,-0.3547643423,0.802824676,-0.01795069873,-0.3949955602,0.8086893763,0,0.3891001767,0.04444292057,0.3106912889,-0.00591079006,0.0162757691,0.01236568391,-0.009279751778,0.03348267391,0.01868013945,0.7290209706,0,0,0,1,0,0,0
11.53023577,9.510221243,rate,circle,1.792374849,2.876932144,-1.610952616,1.793166317,2.885750846,-2,-0.3576847911,0.8013953567,-0.01819615252,-0.3985878805,0.8069248425,0,0.3891481249,0.04510806919,0.3169447732,-0.005789478775,0.01663159952,0.01371531747,0.006106902865,0.0151564491,0.01881072373,0.7289751296,0,0,0,1,0,0,0
11.54022193,9.520207405,rate,circle,1.789227486,2.883491278,-1.61093843,1.789167861,2.893799957,-2,-0.3605674505,0.8000295758,-0.01842118613,-0.4022099808,0.8051255376,0,0.3891981215,0.04581931095,0.326127087,-0.003400750458,0.01223099697,0.0137553867,0.01930744898,0.0009090482818,0.01891636554,0.7289330522,0,0,0,1,0,0,0
11.55022645,9.530211926,rate,circle,1.786063671,2.890036106,-1.610930204,1.785125825,2.901845767,-2,-0.3634649217,0.7985603213,-0.0185684301,-0.4058305952,0.8033066214,0,0.3892501169,0.04649907799,0.3372688076,-5.8217076e-05,0.007755632047,0.01380270161,0.02973317566,-0.01100735604,0.01899435894,0.7289084472,0,0,0,1,0,0,0
11.56025982,9.540245295,rate,circle,1.77961731,2.90309763,-1.610943794,1.781035796,2.909896419,-2,-0.3692990541,0.7956906557,-0.01884734072,-0.4094533887,0.8014661081,0,0.3891181914,0.04473196495,0.3142206595,0.007158131339,-0.002171505243,0.01320379227,-0.01550006255,0.04274654383,0.01887796783,0.7288038836,0,0,0,1,0,0,0
11.57021523,9.550200701,rate,circle,1.776369929,2.909606457,-1.610958815,1.776941662,2.917866183,-2,-0.3721387684,0.794291079,-0.0190473143,-0.4130397822,0.799623748,0,0.3891292766,0.04543270262,0.3167900955,0.009578065015,-0.003018549643,0.01326480135,0.001397078708,0.0244509109,0.01902670017,0.7287577677,0,0,0,1,0,0,0
11.58027601,9.560261488,rate,circle,1.76982677,2.922581434,-1.611002326,1.77276796,2.925901593,-2,-0.377921015,0.7914612889,-0.01928939857,-0.4166557168,0.797745582,0,0.3890229613,0.04372585456,0.3321175224,0.01194185391,-0.002029858762,0.01467013452,-0.03901601415,0.0718258304,0.01877366664,0.7286514392,0,0,0,1,0,0,0
11.59022403,9.570209503,rate,circle,1.766490579,2.929057121,-1.611034274,1.768605313,2.933828274,-2,-0.3808550835,0.7900796533,-0.01931772381,-0.4202227233,0.795872391,0,0.3890007351,0.0442328083,0.3270692262,0.01386859734,-0.001769733848,0.01412872784,-0.01972398091,0.04935529501,0.01890085282,0.7286416971,0,0,0,1,0,0,0
11.60039616,9.580381632,rate,circle,1.763138294,2.935518503,-1.611070275,1.76431224,2.941914179,-2,-0.3837887645,0.7886499763,-0.01942223683,-0.4238613805,0.7939405079,0,0.3889840788,0.04484448195,0.3225791303,0.01377838198,-0.000477830763,0.01400535461,-0.0034474625,0.03037587262,0.01903794765,0.7286124402,0,0,0,1,0,0,0
11.61022139,9.590206861,rate,circle,1.759773016,2.941964388,-1.611111283,1.760130473,2.949705595,-2,-0.3867145777,0.7872226238,-0.01960366406,-0.4273675177,0.792058713,0,0.3889659214,0.04539111072,0.3191027685,0.0115393186,0.005664892495,0.01561525557,0.007671129695,0.01766361133,0.01908296222,0.7285604684,0,0,0,1,0,0,0
11.62026787,9.600253344,rate,circle,1.756391525,2.948395967,-1.611157179,1.755818961,2.957653266,-2,-0.3896233737,0.7858240008,-0.01973310299,-0.4309439697,0.7901185322,0,0.3889534226,0.04599162971,0.3164282684,0.007441057358,0.01487880666,0.01519629918,0.01821076644,0.0061082157,0.01912280853,0.7285214283,0,0,0,1,0,0,0
11.63022161,9.610207081,rate,circle,1.749503255,2.961214304,-1.611251116,1.751511858,2.965508265,-2,-0.3955222666,0.7830136418,-0.01986350305,-0.4344787194,0.7881803362,0,0.3887777869,0.04403247318,0.3344410873,-0.0003073542612,0.03243591264,0.01582059823,-0.03021648867,0.05729938022,0.01868917259,0.7284220536,0,0,0,1,0,0,0
11.64025187,9.62023735,rate,circle,1.746035099,2.967602253,-1.611311674,1.747136093,2.973404065,-2,-0.3984556198,0.7815899253,-0.01996778511,-0.4380318291,0.7862112418,0,0.3887331834,0.04456843446,0.3212699759,-0.00253987452,0.03565803915,0.01686967909,-0.01221990516,0.03636524479,0.01874622293,0.728383649,0,0,0,1,0,0,0
11.65023446,9.630219936,rate,circle,1.742550492,2.973975658,-1.611376405,1.742745789,2.981242638,-2,-0.4013803601,0.7801015973,-0.02012364194,-0.4415591872,0.7842356051,0,0.388691582,0.04512636842,0.3118688452,-0.003954166081,0.03448100388,0.01725699939,0.001919430448,0.01970970276,0.01875150197,0.728330318,0,0,0,1,0,0,0
11.66025019,9.640235662,rate,circle,1.738999844,2.980335951,-1.6114465,1.738305567,2.989087334,-2,-0.4043425024,0.7785686851,-0.02023495175,-0.4450893004,0.7822375053,0,0.3886526614,0.04564225087,0.3068372202,-0.003875822295,0.03265122324,0.01672567427,0.01262994867,0.006071553792,0.01873270381,0.7282856032,0,0,0,1,0,0,0
11.67025805,9.650243521,rate,circle,1.731850743,2.993011475,-1.611597776,1.733833564,2.9969058,-2,-0.4102591574,0.7754132748,-0.02038861625,-0.4486076098,0.7802251037,0,0.3884268073,0.04369729021,0.3206117076,-0.007713343948,0.0312044695,0.01703670435,-0.03550024798,0.05282783375,0.01817078416,0.7281589232,0,0,0,1,0,0,0
11.68023825,9.660223722,rate,circle,1.728255987,2.999325275,-1.61167872,1.729338899,3.004682524,-2,-0.4131420553,0.7738533616,-0.02047837898,-0.4521071356,0.7782025044,0,0.3883597426,0.04423298019,0.3085551423,-0.007923841476,0.03174382448,0.01689237542,-0.01638373982,0.03206893199,0.01823954181,0.7281161931,0,0,0,1,0,0,0
11.69025612,9.670241594,rate,circle,1.724599838,3.005607367,-1.611755252,1.724792191,3.012468221,-2,-0.4161089361,0.7722514272,-0.02050247043,-0.4556106996,0.7761564858,0,0.3883054117,0.04467650502,0.3006564353,-0.007589296903,0.03016386367,0.01691752113,-0.002250406115,0.01519848335,0.01824786331,0.7280906165,0,0,0,1,0,0,0
11.70024896,9.680234432,rate,circle,1.720928192,3.011874437,-1.61184907,1.720221924,3.020213965,-2,-0.4190241396,0.770622313,-0.02053986862,-0.4590962841,0.7740998656,0,0.388241151,0.04516366168,0.2972134068,-0.007458182983,0.02623170428,0.01714190282,0.009423363181,0.001909521048,0.01822857509,0.7280556024,0,0,0,1,0,0,0
11.71023536,9.690220833,rate,circle,1.713539362,3.024363279,-1.612044454,1.71561985,3.027934108,-2,-0.4248268008,0.7673638463,-0.02055685781,-0.4625703488,0.7720289324,0,0.3879775576,0.04323104029,0.307674823,-0.007496078033,0.0266990196,0.01751436479,-0.03903078601,0.04841729197,0.01749724719,0.7279479878,0,0,0,1,0,0,0
11.72027063,9.700256109,rate,circle,1.709776402,3.030585527,-1.612152934,1.710960351,3.035671124,-2,-0.4277278483,0.7656833529,-0.02050848305,-0.466052006,0.7699321579,0,0.3878822135,0.043673691,0.2951962479,-0.009141151793,0.02631432004,0.01850456744,-0.01986059361,0.02752484728,0.01749587572,0.7279292408,0,0,0,1,0,0,0
11.73024726,9.710232735,rate,circle,1.705998898,3.036792517,-1.612263441,1.706293498,3.043341986,-2,-0.4306003749,0.7640257478,-0.0205316022,-0.4695038938,0.7678320739,0,0.3877919822,0.04415335308,0.2875117776,-0.009687256068,0.02624655142,0.01851589233,-0.004675511413,0.01168283125,0.01747716295,0.7278916477,0,0,0,1,0,0,0
11.74064612,9.720631599,rate,circle,1.702206612,3.042984009,-1.612376094,1.701392526,3.051315116,-2,-0.4334977865,0.7623403668,-0.02052343637,-0.473091802,0.7656266367,0,0.3877142797,0.04471797262,0.283874557,-0.01005655341,0.02431048639,0.01985054649,0.009887176144,-0.003419927842,0.01739834392,0.727863031,0,0,0,1,0,0,0
11.7502265,9.730211973,rate,circle,1.694538832,3.055306196,-1.612610221,1.696844333,3.058640312,-2,-0.4391570389,0.7588436007,-0.02049075812,-0.4763881405,0.7635799497,0,0.3874109867,0.04276048523,0.289592212,-0.01341930684,0.02633554861,0.01829374582,-0.04366387297,0.04576786863,0.01646265607,0.7277520136,0,0,0,1,0,0,0
11.76028776,9.740273237,rate,circle,1.690664053,3.061436653,-1.612731099,1.69203389,3.066312015,-2,-0.4419716597,0.7570418715,-0.02049388364,-0.4798404068,0.7614152507,0,0.3873020103,0.04328010769,0.2769878736,-0.01502733771,0.02650154382,0.01958731748,-0.02240558992,0.02405647568,0.0164645003,0.7277158616,0,0,0,1,0,0,0
11.77022982,9.750215292,rate,circle,1.686775565,3.067550898,-1.612853646,1.687246373,3.07387135,-2,-0.4447049499,0.7552787662,-0.02042985521,-0.4832421076,0.7592608678,0,0.3871982296,0.04379895716,0.2699293198,-0.01568911597,0.02434710972,0.01934202202,-0.00549515048,0.008069272128,0.01641134679,0.7276962353,0,0,0,1,0,0,0
11.78023911,9.760224581,rate,circle,1.68287313,3.073649645,-1.612977386,1.682392364,3.081460093,-2,-0.4474891424,0.7535117269,-0.02038840763,-0.4866570418,0.757076564,0,0.3871017158,0.04430033372,0.2688483833,-0.0165566057,0.02391056903,0.01819344796,0.008213248124,-0.004940576944,0.01633994613,0.7276703742,0,0,0,1,0,0,0
11.79023147,9.770216942,rate,circle,1.674943209,3.085775614,-1.61322546,1.67751252,3.089014117,-2,-0.4531594515,0.7499389052,-0.02038406581,-0.4900563525,0.7548806339,0,0.3867966313,0.04244186759,0.2654819888,-0.02040408179,0.02707299031,0.01989467815,-0.04130866638,0.03852609297,0.0153061952,0.727548682,0,0,0,1,0,0,0
11.80022454,9.780210018,rate,circle,1.670957327,3.091814995,-1.613351703,1.672598404,3.09654666,-2,-0.4559542239,0.7480738759,-0.02033944242,-0.493445997,0.752669282,0,0.3866807308,0.0429003931,0.2552842377,-0.02339279279,0.02829595841,0.01971226372,-0.020238676,0.01801282319,0.01527810148,0.727521897,0,0,0,1,0,0,0
11.81023216,9.790217638,rate,circle,1.666957736,3.097837925,-1.613479495,1.66764324,3.104067943,-2,-0.4586443901,0.7462263107,-0.02035145462,-0.4968305744,0.7504394581,0,0.3865713179,0.04347547572,0.2519505894,-0.02364293486,0.02521363646,0.01951889321,-0.002344915134,0.002010429271,0.01520226491,0.7274810108,0,0,0,1,0,0,0
11.82035637,9.800341845,rate,circle,1.658866882,3.109802723,-1.613721251,1.662595935,3.111654063,-2,-0.4641033411,0.7424562573,-0.02023283206,-0.5002443283,0.7481681709,0,0.3863011841,0.04181105602,0.2490745416,-0.02260055393,0.02144705504,0.01963282749,-0.04717675071,0.04054148521,0.01412779443,0.7273926859,0,0,0,1,0,0,0
11.83024931,9.810234785,rate,circle,1.654801488,3.115761042,-1.613843918,1.657630589,3.119044606,-2,-0.4667901397,0.740567565,-0.02009041794,-0.5035700726,0.7459337651,0,0.3861804052,0.04225144336,0.2374316196,-0.02399846911,0.0210681539,0.01987333782,-0.02457224611,0.02032512325,0.01409417166,0.7273918807,0,0,0,1,0,0,0
11.84026909,9.820254564,rate,circle,1.650722742,3.121703625,-1.613967061,1.652568095,3.126507297,-2,-0.4694877267,0.738717854,-0.01995352283,-0.5069282837,0.7436556429,0,0.3860672358,0.0427120608,0.232702132,-0.02532309294,0.02163390815,0.01936482824,-0.005716517719,0.004122252445,0.01401172384,0.7273900821,0,0,0,1,0,0,0
11.85021734,9.830202818,rate,circle,1.646630406,3.127629995,-1.614091158,1.647508502,3.133894059,-2,-0.4721772373,0.7367917895,-0.01985196956,-0.5102523266,0.7413788257,0,0.3859606767,0.04318395562,0.2353277591,-0.02403068915,0.02046222985,0.01973424107,0.009055297444,-0.008876477611,0.01385457207,0.727378406,0,0,0,1,0,0,0
11.86027384,9.840259314,rate,circle,1.638323188,3.139385939,-1.614347696,1.642360299,3.141338096,-2,-0.4774656892,0.7328480482,-0.0196101144,-0.5136021431,0.7390621344,0,0.3856783745,0.04158142324,0.2172571084,-0.02434385382,0.01538324542,0.01978546754,-0.0383717103,0.03069177344,0.01265072406,0.7273165023,0,0,0,1,0,0,0
11.87024784,9.850233316,rate,circle,1.634150624,3.145239592,-1.614476681,1.637221104,3.148697983,-2,-0.4800901711,0.7308700085,-0.019432161,-0.5169140923,0.7367494969,0,0.3855510576,0.0420497139,0.2105436605,-0.02326354757,0.01366441697,0.02015639283,-0.01625364839,0.01175171952,0.01256943428,0.7273224177,0,0,0,1,0,0,0
11.88024664,9.860232115,rate,circle,1.629965425,3.151077032,-1.614591837,1.632036029,3.15605294,-2,-0.4826685786,0.7288960218,-0.01927173138,-0.520223823,0.7344162131,0,0.3854458447,0.04257074724,0.2113579599,-0.0214922335,0.01135719568,0.02027462609,0.001900393834,-0.003052257571,0.01241865713,0.7273293436,0,0,0,1,0,0,0
11.89024234,9.870227814,rate,circle,1.625730991,3.15687418,-1.614708424,1.626819536,3.163382224,-2,-0.4852579534,0.7269363999,-0.01914804243,-0.5235220006,0.7320687911,0,0.3853480743,0.04309438801,0.2190934801,-0.01977957226,0.008139406331,0.01953967102,0.01604988665,-0.01459131955,0.01222414478,0.727326017,0,0,0,1,0,0,0
11.90026355,9.880249023,rate,circle,1.621484637,3.162655592,-1.614825964,1.621556688,3.170706584,-2,-0.4877897203,0.7249466181,-0.01909799501,-0.526817963,0.7297005097,0,0.3852581754,0.04370968573,0.2332582191,-0.01855828613,0.006627754308,0.01951208711,0.02833706607,-0.02409123566,0.01199336313,0.7273041627,0,0,0,1,0,0,0
11.91024208,9.890227556,rate,circle,1.61722672,3.168420792,-1.614944696,1.616283488,3.177976098,-2,-0.4903170764,0.7229386568,-0.01899884455,-0.530089244,0.7273275695,0,0.3851749997,0.04429496544,0.2527664818,-0.01827386767,0.009066065773,0.01950471103,0.03837928007,-0.03178587815,0.0117237646,0.7272941152,0,0,0,1,0,0,0
11.92024946,9.900234938,rate,circle,1.608633161,3.179900169,-1.615188479,1.610962311,3.185242773,-2,-0.4953861237,0.7189753056,-0.01876914315,-0.5333592479,0.7249330402,0,0.3848556544,0.04277538427,0.187722826,-0.01646952331,0.006638102699,0.02015987597,-0.01457982557,0.01229032034,0.01034303835,0.7272347954,0,0,0,1,0,0,0
11.9302237,9.910209179,rate,circle,1.604297876,3.185614109,-1.615313292,1.605626248,3.192461467,-2,-0.4979288578,0.7169854045,-0.01865413599,-0.5366076602,0.7225318118,0,0.3847499377,0.04329883572,0.1986736551,-0.01476709917,0.004076386336,0.02003034204,0.004267634998,-0.002489562012,0.01018345184,0.7272263075,0,0,0,1,0,0,0
11.94025302,9.920238495,rate,circle,1.599951386,3.191312075,-1.615425467,1.600228107,3.199695798,-2,-0.5004329085,0.7149607539,-0.0185482651,-0.539863109,0.720102648,0,0.3846660037,0.04387730527,0.2147566686,-0.01151586976,-0.0004503266828,0.01920877025,0.01990373489,-0.01435513178,0.009994263844,0.7272206328,0,0,0,1,0,0,0
11.95023656,9.930222034,rate,circle,1.591202259,3.202638149,-1.615646243,1.594822231,3.20687284,-2,-0.5054238439,0.7108872533,-0.01831008308,-0.5430927779,0.7176700039,0,0.3843941301,0.04242892224,0.1505059286,-0.003497671802,-0.009432929568,0.02046575025,-0.03093013588,0.02669181003,0.008617674231,0.7271717324,0,0,0,1,0,0,0
11.96025801,9.940243483,rate,circle,1.586803555,3.208265781,-1.615755439,1.589363456,3.214052636,-2,-0.5079375505,0.7088253498,-0.01817061566,-0.5463236863,0.7152135554,0,0.3842966609,0.0429473615,0.1521398496,-0.001058888854,-0.009106301703,0.01989640296,-0.009044097319,0.00953919249,0.008476492748,0.7271754673,0,0,0,1,0,0,0
11.97023439,9.95021987,rate,circle,1.58239305,3.213877678,-1.615864992,1.583897122,3.221175625,-2,-0.5104591846,0.706804812,-0.01798903756,-0.5495290313,0.7127537048,0,0.3842072703,0.04342174245,0.1582286951,-0.0009200786008,-0.01019213907,0.01982740499,0.007873906359,-0.002952779038,0.008255752286,0.7271898168,0,0,0,1,0,0,0
11.9802494,9.96023488,rate,circle,1.573526502,3.225059509,-1.616089463,1.578377516,3.228301436,-2,-0.5153431296,0.7028304338,-0.01783744805,-0.552735646,0.7102698823,0,0.3839548706,0.04209180709,0.1276979542,-0.00302834902,-0.005856113974,0.01881672814,-0.04066539041,0.03690368584,0.006879609579,0.7271180069,0,0,0,1,0,0,0
11.99022222,9.970207691,rate,circle,1.569071293,3.230629444,-1.616204143,1.572849312,3.23537243,-2,-0.5177357197,0.7008303404,-0.01763712429,-0.5559175934,0.7077821906,0,0.3838437567,0.04262923712,0.1172415018,-0.005919531453,-0.0006725268904,0.01940800808,-0.01639798836,0.01938857573,0.006760644818,0.7271362665,0,0,0,1,0,0,0
12.00029898,9.980284452,rate,circle,1.56460464,3.236183882,-1.61633718,1.567231312,3.242491857,-2,-0.520185113,0.6988857985,-0.01754128933,-0.5591213355,0.7052540905,0,0.3837236627,0.04317732509,0.1163951492,-0.008109681308,0.004529053345,0.01882663928,0.003206635555,0.005653617932,0.006582939355,0.7271218274,0,0,0,1,0,0,0
12.01023173,9.990217209,rate,circle,1.560126543,3.241723061,-1.616470456,1.561662059,3.249484539,-2,-0.5225721002,0.696914196,-0.0174334906,-0.5622680425,0.7027479266,0,0.3836111435,0.04374616377,0.1254026609,-0.00960688293,0.005618140101,0.01997104287,0.01856710405,-0.004638630599,0.006308492533,0.7271100818,0,0,0,1,0,0,0
12.02025056,10.00023603,rate,circle,1.555626869,3.247246981,-1.616612196,1.556012941,3.256512525,-2,-0.5249900818,0.6949666739,-0.01729709096,-0.5654306363,0.7002058237,0,0.3834999448,0.0442953327,0.1444051085,-0.01144646853,0.007693018764,0.01916578971,0.03143294286,-0.01302701855,0.006013413624,0.7271027773,0,0,0,1,0,0,0
12.03024316,10.01022863,rate,circle,1.546597004,3.258247852,-1.616893411,1.550347107,3.263496675,-2,-0.5296967626,0.691024065,-0.01686881855,-0.5685735036,0.6976561983,0,0.383160896,0.04289455937,0.08996224706,-0.01573746279,0.01388323773,0.0178227406,-0.01997056343,0.02760894887,0.004615752746,0.7270815909,0,0,0,1,0,0,0
12.04025245,10.02023792,rate,circle,1.542066932,3.263724327,-1.617033005,1.544640384,3.270466877,-2,-0.5320593715,0.6890056729,-0.01676307246,-0.5717100945,0.6950881727,0,0.3830349907,0.04347616865,0.0981456283,-0.01472579129,0.01301768422,0.01770348661,0.001926450642,0.01175151682,0.004470510685,0.7270674802,0,0,0,1,0,0,0
12.05022073,10.0302062,rate,circle,1.537521958,3.269161224,-1.61716938,1.538925896,3.277382906,-2,-0.5343427658,0.6869659424,-0.01669664681,-0.5748223075,0.6925166531,0,0.3829214679,0.04413821134,0.1201815106,-0.01328155305,0.008775939234,0.01749701425,0.01974058669,-0.0006753160037,0.004268664936,0.7270447483,0,0,0,1,0,0,0
12.06031013,10.0402956,rate,circle,1.532966018,3.274582386,-1.617298722,1.533110444,3.284356792,-2,-0.5366120934,0.6849309802,-0.01655356959,-0.5779605562,0.6898996996,0,0.3828261065,0.04481522297,0.1503122715,-0.01076071057,0.005825853441,0.01762134954,0.03500041245,-0.01083447267,0.004003789523,0.7270447571,0,0,0,1,0,0,0
12.07024527,10.05023074,rate,circle,1.5238204,3.285378695,-1.617557406,1.527353021,3.291198183,-2,-0.5411806703,0.680988729,-0.01635326818,-0.5810391825,0.6873088596,0,0.3825031807,0.04354393674,0.0767731821,-0.007253685035,0.00296984287,0.01854242012,-0.01708928043,0.03001360366,0.00250887295,0.7269749561,0,0,0,1,0,0,0
12.0802834,10.06026888,rate,circle,1.519238234,3.29074192,-1.617676735,1.521504907,3.298084287,-2,-0.543413341,0.6790170074,-0.01623505354,-0.5841379293,0.6846772083,0,0.3824004801,0.04420528167,0.09507780058,-0.005576879252,0.003996825777,0.01685843989,0.005914143672,0.01462464975,0.002366989151,0.7269727051,0,0,0,1,0,0,0
12.09025288,10.07023835,rate,circle,1.514644623,3.296089888,-1.617795825,1.515666068,3.304897072,-2,-0.5456515551,0.6769269109,-0.01602096856,-0.5872036826,0.6820497307,0,0.3823069987,0.04482738021,0.1203533532,-0.003371724393,0.003322482342,0.01687207073,0.02349834793,0.002115970066,0.002138861407,0.7269942047,0,0,0,1,0,0,0
12.10039544,10.08038092,rate,circle,1.510043383,3.301421881,-1.617914915,1.509694551,3.31180119,-2,-0.5478669405,0.6749467254,-0.01588813215,-0.5903105357,0.6793625479,0,0.3822261946,0.04553450346,0.1518272896,-0.0005677320296,0.00163851399,0.01734669134,0.03908007467,-0.007425465525,0.001863202899,0.7269966721,0,0,0,1,0,0,0
12.1102531,10.09023857,rate,circle,1.500805855,3.312040091,-1.618152142,1.503860639,3.318485183,-2,-0.5523582101,0.670943439,-0.01554384828,-0.5933183325,0.6767372875,0,0.3819144641,0.04419175858,0.07750088334,-0.000535123283,0.005630879197,0.01676796004,-0.01489434243,0.03270890486,0.0003415233712,0.7269711772,0,0,0,1,0,0,0
12.12026191,10.10024738,rate,circle,1.496179819,3.317310333,-1.61822927,1.497906994,3.325245123,-2,-0.5546019077,0.6689290404,-0.01535890903,-0.5963603056,0.6740581473,0,0.3818570863,0.0447880298,0.09597093791,-0.000430394779,0.007816364989,0.01540316828,0.007593023375,0.01713116147,0.0002042255883,0.7270012638,0,0,0,1,0,0,0
12.13024259,10.11022806,rate,circle,1.491541743,3.322565317,-1.618307233,1.491939826,3.331959292,-2,-0.5567933917,0.6668881774,-0.01521329954,-0.5993816815,0.6713729216,0,0.3818085564,0.04544579015,0.1227384064,0.0004351957759,0.008563823067,0.01643773355,0.02567719396,0.004917011293,-3.074706218e-05,0.7270213326,0,0,0,1,0,0,0
12.14029264,10.12027812,rate,circle,1.48222959,3.333029747,-1.618464708,1.485900768,3.338692985,-2,-0.561168611,0.6627919674,-0.01482831594,-0.6024118432,0.6686553456,0,0.3815949798,0.04421834863,0.0780379977,-0.0001245569583,0.01039576344,0.01511558238,-0.02281596904,0.03917390561,-0.00148215593,0.7270363201,0,0,0,1,0,0,0
12.15024877,10.13023424,rate,circle,1.477565289,3.33822608,-1.618531823,1.47988819,3.345336741,-2,-0.5633767247,0.6607146859,-0.01461316179,-0.6054015334,0.6659496853,0,0.3815415145,0.04479993594,0.08698614726,-0.001417559688,0.0118970219,0.0149201341,0.001151385709,0.02234395804,-0.001593952989,0.7270777267,0,0,0,1,0,0,0
12.16024137,10.14022684,rate,circle,1.472888589,3.343407393,-1.618599534,1.473823713,3.351977686,-2,-0.565561235,0.6586765647,-0.01444319449,-0.6083899585,0.663220671,0,0.3814978897,0.04542636163,0.1101437041,-0.001630278421,0.01278615557,0.01475204155,0.02067034324,0.009412733188,-0.001773724783,0.7271080327,0,0,0,1,0,0,0
12.17025566,10.15024114,rate,circle,1.468203068,3.348573446,-1.61866796,1.467716172,3.358605623,-2,-0.5677291155,0.6566545963,-0.01420891937,-0.6113725304,0.6604722773,0,0.3814642922,0.04605665793,0.1401801896,0.000106344698,0.0117440382,0.01438217703,0.03659120987,-0.0006206415481,-0.001996618938,0.727154788,0,0,0,1,0,0,0
12.18048739,10.16047287,rate,circle,1.46350503,3.353724003,-1.618743777,1.461445236,3.365348975,-2,-0.5698719621,0.6545369029,-0.01398849487,-0.6144070386,0.6576503562,0,0.3814389729,0.04678402096,0.1765628225,0.00133242947,0.01067094412,0.01414151583,0.05111951776,-0.01025392777,-0.002244709452,0.7271963923,0,0,0,1,0,0,0
12.19024038,10.17022586,rate,circle,1.454098344,3.363960028,-1.618913054,1.455438875,3.371749861,-2,-0.5742260814,0.65038234,-0.01358610671,-0.6172874374,0.6549474938,0,0.3811689108,0.04538395431,0.1071198462,0.003495078068,0.01125496533,0.01403959561,-0.006102991186,0.02834550425,-0.00379816153,0.727210233,0,0,0,1,0,0,0
12.20024753,10.180233,rate,circle,1.449375629,3.36905551,-1.618997335,1.449246855,3.378290083,-2,-0.5763493776,0.6483088732,-0.01337365992,-0.6202305374,0.6521610847,0,0.3811145816,0.04603531796,0.131129359,0.004123284481,0.0116634313,0.01425694115,0.01614281411,0.01399981572,-0.003942723298,0.7272461399,0,0,0,1,0,0,0
12.21023726,10.19022274,rate,circle,1.44464004,3.374135256,-1.619081497,1.443036291,3.384791053,-2,-0.5784416199,0.6462243795,-0.01323948056,-0.623155974,0.6493663311,0,0.3810708908,0.04673894707,0.1598050037,0.005931059364,0.009903892875,0.0134561006,0.03392076952,0.00293327816,-0.004130976246,0.7272624866,0,0,0,1,0,0,0
12.22024274,10.20022821,rate,circle,1.439886689,3.379180908,-1.619167209,1.436786715,3.391274213,-2,-0.5805719495,0.6441409588,-0.01312112808,-0.6260733959,0.6465540217,0,0.3810373641,0.04741696427,0.1892044701,0.00947306212,0.008288701996,0.01294046454,0.04779198722,-0.005828616757,-0.004360990469,0.7272741764,0,0,0,1,0,0,0
12.23022795,10.21021342,rate,circle,1.430340052,3.389226913,-1.619338393,1.430520758,3.397716123,-2,-0.5849325061,0.6399155259,-0.01283549424,-0.6289722554,0.6437343411,0,0.3807562977,0.04603078081,0.1269506959,0.00776549615,0.01116311643,0.01198493689,-0.007176430772,0.02894700268,-0.005864236784,0.727258052,0,0,0,1,0,0,0
12.24024081,10.22022629,rate,circle,1.425550222,3.394226313,-1.619413376,1.424208444,3.404147538,-2,-0.5871068239,0.6377902031,-0.01264618058,-0.6318663922,0.6408937997,0,0.3807182811,0.04661520292,0.1472960367,0.007773874793,0.01193972956,0.01281500235,0.01474091603,0.0144920443,-0.005975877502,0.7272913182,0,0,0,1,0,0,0
12.25024462,10.23023009,rate,circle,1.420740962,3.399198771,-1.61947298,1.417872966,3.410544665,-2,-0.5892358422,0.6356486082,-0.01245968416,-0.6347450994,0.6380428346,0,0.380706931,0.04724477261,0.172294497,0.008939460851,0.01197074726,0.01169312932,0.03228479999,0.00302631043,-0.006125673182,0.727329683,0,0,0,1,0,0,0
12.26024747,10.24023294,rate,circle,1.415918469,3.404156208,-1.619532704,1.411509362,3.416912602,-2,-0.5913854837,0.6335518956,-0.0123000592,-0.6376106707,0.6351792129,0,0.3807066178,0.0478613365,0.198943527,0.01213584561,0.01137602795,0.01166505087,0.04607886986,-0.005496467554,-0.006326037117,0.7273614248,0,0,0,1,0,0,0
12.27023458,10.25022006,rate,circle,1.406232238,3.414024591,-1.619653821,1.405127237,3.423241879,-2,-0.5957702994,0.6292544007,-0.01206176635,-0.6404588457,0.6323072567,0,0.3804594529,0.0463882777,0.1435278325,0.01314358879,0.009465957992,0.01061140187,-0.01015021372,0.02836614711,-0.007780585165,0.7273502772,0,0,0,1,0,0,0
12.28028965,10.26027513,rate,circle,1.4013623,3.418925524,-1.619710565,1.39867302,3.429585179,-2,-0.5979753137,0.6271075606,-0.0119110411,-0.6433133305,0.6294028589,0,0.3804483081,0.04693268656,0.1586836057,0.01321210526,0.01133055147,0.00947646983,0.01176477847,0.01417266477,-0.007788667096,0.7273805787,0,0,0,1,0,0,0
12.29023814,10.27022362,rate,circle,1.396478534,3.42381072,-1.619767666,1.392259028,3.435832442,-2,-0.6001660824,0.6249241233,-0.01176204626,-0.6461245987,0.6265165624,0,0.3804457306,0.04746648099,0.1776138796,0.01368345879,0.01116719097,0.009480171837,0.02837201027,0.003321135285,-0.007878847527,0.7274098736,0,0,0,1,0,0,0
12.30036521,10.28035069,rate,circle,1.391580939,3.428680182,-1.619823813,1.385701246,3.442162286,-2,-0.6023167968,0.6227393746,-0.01165595651,-0.6489730285,0.6235655605,0,0.3804606034,0.04809727503,0.2025390837,0.01354608778,0.01048555318,0.01058085542,0.04325219699,-0.0058828389,-0.008029944757,0.7274300391,0,0,0,1,0,0,0
12.31024957,10.29023504,rate,circle,1.381738782,3.438367605,-1.619927406,1.379272878,3.448311544,-2,-0.6066830754,0.6183395982,-0.01130964421,-0.6517401948,0.620672795,0,0.3802106509,0.0465133945,0.1593040462,0.01034588739,0.01212097239,0.00960406661,-0.01488884905,0.02735923683,-0.009487212056,0.7274505671,0,0,0,1,0,0,0
12.32025266,10.30023813,rate,circle,1.376793861,3.443184853,-1.619975209,1.37273951,3.454505496,-2,-0.6088673472,0.616115272,-0.01121146698,-0.654527473,0.6177327796,0,0.380214987,0.04704423888,0.1719232741,0.008202792145,0.01265836228,0.008865359239,0.007604119883,0.01341465702,-0.009459117022,0.7274706502,0,0,0,1,0,0,0
12.33025026,10.31023574,rate,circle,1.371834874,3.447986126,-1.620023966,1.366181932,3.460666604,-2,-0.61102736,0.6138872504,-0.01114390977,-0.6572999719,0.6147818694,0,0.3802295844,0.04760400908,0.1896002351,0.009151683189,0.01077759452,0.008293375373,0.02549966465,0.002691498853,-0.009487758511,0.7274828923,0,0,0,1,0,0,0
12.34025884,10.32024431,rate,circle,1.366861939,3.452770948,-1.620073438,1.359589463,3.466804858,-2,-0.6132505536,0.6116459966,-0.01100691967,-0.6600621862,0.6118152583,0,0.3802552199,0.04808856288,0.2100058078,0.0109038204,0.009391703643,0.008213004097,0.03922655402,-0.005696033746,-0.009578370236,0.7275122107,0,0,0,1,0,0,0
12.35025239,10.33023787,rate,circle,1.356866479,3.462312222,-1.620147109,1.352979371,3.472904214,-2,-0.6176750064,0.6072443128,-0.01068402734,-0.6628068962,0.6088407167,0,0.3800204188,0.04640672821,0.176785815,0.007608024403,0.01224746183,0.00694006728,-0.01816127865,0.02683882456,-0.0108963667,0.7275369061,0,0,0,1,0,0,0
12.36028695,10.34027243,rate,circle,1.351846933,3.46705842,-1.620158553,1.346314623,3.478998626,-2,-0.6198894978,0.6050643325,-0.01055275835,-0.6655493817,0.6058415804,0,0.3800693354,0.04686992453,0.1863136415,0.006207220256,0.01189661492,0.007375725079,0.004728653591,0.01406807274,-0.01079067399,0.7275790093,0,0,0,1,0,0,0
12.37023902,10.35022449,rate,circle,1.346812844,3.471788406,-1.620171428,1.339677551,3.485013151,-2,-0.6221063733,0.6028074026,-0.01043182332,-0.668255918,0.602854898,0,0.3801257037,0.04731390563,0.1998903861,0.006551994942,0.01061613392,0.006248037331,0.02211103429,0.00397841896,-0.010742594,0.7276173117,0,0,0,1,0,0,0
12.38029242,10.36027789,rate,circle,1.341767907,3.476500988,-1.620185852,1.332945623,3.491058673,-2,-0.6243059039,0.6005484462,-0.01030271128,-0.6709764028,0.5998255304,0,0.3801954048,0.04779962269,0.2184270896,0.006478059571,0.01035549585,0.006298305001,0.03693271092,-0.004280891369,-0.01074032409,0.7276579578,0,0,0,1,0,0,0
12.3902452,10.37023067,rate,circle,1.331639647,3.485905647,-1.620190144,1.326254194,3.497013632,-2,-0.6287050247,0.5960664153,-0.01005274337,-0.6736561343,0.5968143871,0,0.3800104176,0.0460675522,0.1915412853,0.002573845908,0.0121163521,0.004778724164,-0.02082122704,0.02778980954,-0.01193514749,0.7276883445,0,0,0,1,0,0,0
12.40027046,10.38025594,rate,circle,1.326553583,3.490582466,-1.620194554,1.319487141,3.502981599,-2,-0.6308689713,0.5938697457,-0.009903355502,-0.6763417194,0.5937692132,0,0.3800734793,0.0465387728,0.1990718794,0.002068475587,0.01330330037,0.005731999408,0.003035925773,0.01544821681,-0.01174821468,0.727738171,0,0,0,1,0,0,0
12.41026902,10.3902545,rate,circle,1.321452856,3.495242357,-1.620200157,1.312711364,3.508903202,-2,-0.6330260038,0.5916265845,-0.009784663096,-0.6790064411,0.5907201139,0,0.3801459627,0.04701874023,0.2119502403,0.0009808143368,0.01265481301,0.004781975411,0.02181038115,0.005690834003,-0.01162203422,0.7277795718,0,0,0,1,0,0,0
12.42029023,10.40027571,rate,circle,1.31633985,3.499905348,-1.620188355,1.305893574,3.51480757,-2,-0.6351518035,0.589376986,-0.009694312699,-0.6816634065,0.5876521081,0,0.3802474014,0.04754244544,0.2295505402,0.002913388656,0.0107539827,0.00501401769,0.03724209306,-0.001725529245,-0.01155804872,0.7278206412,0,0,0,1,0,0,0
12.43023586,10.41022134,rate,circle,1.306070209,3.509178162,-1.620170712,1.299100945,3.520636951,-2,-0.6394347548,0.5848394036,-0.009520854801,-0.6842866277,0.5845954252,0,0.3800659971,0.04585189966,0.2043091048,-0.0004654062213,0.01145982835,0.003218288301,-0.02026871708,0.02967560979,-0.01268845311,0.7278397395,0,0,0,1,0,0,0
12.44025731,10.42024279,rate,circle,1.300913215,3.513787985,-1.62016511,1.292230215,3.526479961,-2,-0.6416013241,0.5826132894,-0.009442268871,-0.6869159824,0.5815035969,0,0.380146057,0.04630125393,0.2109432634,-0.001739484374,0.01248372253,0.003465414746,0.003632380243,0.0177375121,-0.01241671551,0.727875369,0,0,0,1,0,0,0
12.45024228,10.43022776,rate,circle,1.295760632,3.518400431,-1.620138407,1.285358358,3.532270828,-2,-0.643710494,0.5803229213,-0.009320040233,-0.6895218727,0.5784112612,0,0.3802570515,0.04678888764,0.2232296921,-0.001167880488,0.01180215459,0.003205635352,0.02290091578,0.008343021963,-0.01221937374,0.7279299413,0,0,0,1,0,0,0
12.46056151,10.44054699,rate,circle,1.290593266,3.522994757,-1.620114207,1.278229189,3.538223047,-2,-0.6457867026,0.5781058669,-0.009284963831,-0.692200371,0.5752031349,0,0.3803918858,0.04742219965,0.2426957947,0.001674634637,0.009258259088,0.002904472873,0.04100343677,0.0006016038435,-0.01204322965,0.7279641265,0,0,0,1,0,0,0
12.47024131,10.45022678,rate,circle,1.28021419,3.532129765,-1.620074034,1.271516726,3.543776284,-2,-0.6499878764,0.5736660957,-0.009186172858,-0.6946993278,0.5721825267,0,0.3802039284,0.04566947161,0.2151650721,0.002040220425,0.009715486318,0.003153661266,-0.02051108445,0.0346308919,-0.01321999136,0.7279718511,0,0,0,1,0,0,0
12.48023558,10.46022105,rate,circle,1.275012851,3.536684752,-1.620049357,1.264560879,3.549479198,-2,-0.6520853043,0.5714744329,-0.00910668727,-0.697265639,0.5690523954,0,0.3803096533,0.04615258027,0.221292499,0.002167055616,0.01197426114,0.002321482869,0.004059565452,0.02323590707,-0.01288808438,0.7280156866,0,0,0,1,0,0,0
12.49024582,10.47023129,rate,circle,1.269796371,3.541221857,-1.620027184,1.257568274,3.55515981,-2,-0.6541636586,0.5692777038,-0.009037827142,-0.6998219147,0.5659057234,0,0.380424938,0.04666614314,0.2322974772,0.00144998543,0.01241377741,0.001353893895,0.02379922902,0.0144323729,-0.01261589929,0.7280562071,0,0,0,1,0,0,0
12.50025868,10.48024416,rate,circle,1.264564753,3.54574132,-1.620007157,1.25054831,3.560810342,-2,-0.6562530994,0.5670325756,-0.008933953941,-0.702364654,0.5627467394,0,0.3805497295,0.04716417488,0.2476565247,0.0003271528985,0.01281115878,0.0005526155583,0.03955043575,0.007280802335,-0.01239380194,0.7281046203,0,0,0,1,0,0,0
12.51023674,10.49022222,rate,circle,1.254068851,3.554712772,-1.6199646,1.243527493,3.566409708,-2,-0.6604209542,0.5624993443,-0.00881032832,-0.7048843686,0.559587372,0,0.380361465,0.04542132413,0.2214417871,-0.0001637202513,0.01604769193,0.00078379974,-0.017858326,0.03668187276,-0.01339013705,0.7281208365,0,0,0,1,0,0,0
12.52027726,10.50026274,rate,circle,1.248807907,3.559165001,-1.619942784,1.236437418,3.572012249,-2,-0.6625159979,0.5601890683,-0.008761432022,-0.7074055122,0.556396838,0,0.3804754499,0.04589348752,0.2277723046,-0.0005331505672,0.01710899919,0.001224732609,0.00667298075,0.02421555303,-0.01303524269,0.7281558619,0,0,0,1,0,0,0
12.53023791,10.51022339,rate,circle,1.243531585,3.563598633,-1.619923353,1.229378801,3.577538514,-2,-0.6645733714,0.5578426719,-0.008709405549,-0.7098923314,0.5532204605,0,0.380595427,0.0463791625,0.2390707302,-0.0008123489097,0.01635926776,-4.489306957e-05,0.02581779821,0.01462848509,-0.01274595696,0.7281904769,0,0,0,1,0,0,0
12.54025531,10.52024078,rate,circle,1.238239884,3.568013668,-1.619924188,1.222255062,3.583064295,-2,-0.6666204333,0.5555536747,-0.00859365426,-0.7123789328,0.5500147781,0,0.3807094155,0.04688678429,0.255218088,-0.0005093496875,0.01627117209,-0.001116223517,0.04171899103,0.007503696143,-0.01248615989,0.7282346106,0,0,0,1,0,0,0
12.55023479,10.53022027,rate,circle,1.227627397,3.57677865,-1.619905233,1.215133586,3.588537179,-2,-0.6707921624,0.5508642197,-0.008419837803,-0.7148417305,0.5468101136,0,0.3804817866,0.04502992218,0.2235000323,6.681628292e-05,0.01927720197,-0.001829040819,-0.01683003929,0.03477978332,-0.01346704507,0.7282539935,0,0,0,1,0,0,0
12.56028295,10.54026842,rate,circle,1.222297549,3.581132889,-1.619898319,1.207938351,3.594015352,-2,-0.6728639007,0.5485492349,-0.008312207647,-0.7173069082,0.5435722578,0,0.3805908987,0.0454867455,0.2308666682,-0.00219822349,0.01984042861,-0.0008540734416,0.007898074582,0.02308907283,-0.01304571454,0.7282987606,0,0,0,1,0,0,0
12.57024908,10.55023456,rate,circle,1.216951728,3.585469007,-1.619893074,1.200777449,3.599416618,-2,-0.6749890447,0.5461960435,-0.00826775562,-0.7197374779,0.5403498523,0,0.3807064726,0.04587979965,0.2422563317,-0.0008101361454,0.02014166489,-0.002114061499,0.02634597801,0.01410545118,-0.01270521589,0.7283259252,0,0,0,1,0,0,0
12.5802834,10.56026888,rate,circle,1.211603403,3.589784622,-1.619876385,1.193543154,3.604822339,-2,-0.6770425439,0.543771565,-0.008262863383,-0.7221700524,0.5370944195,0,0.3808494038,0.04636109582,0.2586434365,0.001144997426,0.01804551482,-0.002596150152,0.04223952844,0.006336935485,-0.01240014895,0.728347954,0,0,0,1,0,0,0
12.59027362,10.57025909,rate,circle,1.200863004,3.598358154,-1.619851708,1.186316483,3.610171792,-2,-0.6811356544,0.5389620662,-0.008320566267,-0.7245773066,0.5338424175,0,0.3806098881,0.04452661862,0.2213251404,0.001463579945,0.01961154677,-0.003406570759,-0.01647370507,0.03226670062,-0.01336291271,0.7283104985,0,0,0,1,0,0,0
12.60040402,10.5803895,rate,circle,1.195471168,3.60261631,-1.619833708,1.17896392,3.615563083,-2,-0.6831841469,0.5365709662,-0.008264421485,-0.7270033873,0.5305337641,0,0.3807446885,0.04499860334,0.2293467438,0.002503855387,0.01953096688,-0.002850214485,0.008753384168,0.02069803212,-0.01287121574,0.7283467293,0,0,0,1,0,0,0
12.61028719,10.59027267,rate,circle,1.190076947,3.606832027,-1.619806886,1.17176719,3.620790441,-2,-0.685182929,0.5341317654,-0.008216205053,-0.7293556984,0.5272952353,0,0.3808896017,0.04544752716,0.2408653595,0.003393045394,0.01870610937,-0.003967843018,0.02727195856,0.01192668555,-0.01247726814,0.7283827845,0,0,0,1,0,0,0
12.6203084,10.60029387,rate,circle,1.18466711,3.61102891,-1.619782686,1.164446273,3.626058079,-2,-0.6871555448,0.5317127705,-0.008190743625,-0.7317261356,0.524000823,0,0.3810511303,0.04596846722,0.2580045731,0.005521935411,0.01765934378,-0.003255635966,0.04325758293,0.004891019097,-0.01218221109,0.7284133383,0,0,0,1,0,0,0
12.63028455,10.61027002,rate,circle,1.179241896,3.615206957,-1.619760871,1.157134755,3.631269186,-2,-0.6891152263,0.5292667747,-0.008186651394,-0.7340711338,0.5207106399,0,0.3812197741,0.0464893786,0.2782277889,0.004612390883,0.0165277198,-0.003888036357,0.05602020728,-0.0006104407401,-0.01193380613,0.7284373634,0,0,0,1,0,0,0
12.64027143,10.6202569,rate,circle,1.168344378,3.623505831,-1.619724989,1.149792016,3.636452969,-2,-0.6930932999,0.5243787766,-0.008145974018,-0.7364038359,0.5174064074,0,0.3809473751,0.04461808333,0.2259027492,0.00215580943,0.01963062398,-0.004269164056,-0.005474813222,0.02500912248,-0.01297789751,0.7284283217,0,0,0,1,0,0,0
12.65025401,10.63023949,rate,circle,1.162892222,3.627614498,-1.61970377,1.142429225,3.641601494,-2,-0.6950423121,0.5218880773,-0.008130234666,-0.7387206723,0.5140931515,0,0.3811031266,0.04510721368,0.2390756845,0.002389762551,0.01912031695,-0.005567654502,0.01768376768,0.01464625788,-0.01246270016,0.7284549591,0,0,0,1,0,0,0
12.66029143,10.64027691,rate,circle,1.157428265,3.631703615,-1.619682312,1.135002746,3.646744901,-2,-0.6970166564,0.5193576217,-0.008144665509,-0.7410352052,0.5107512355,0,0.3812750818,0.04558550319,0.2563451052,0.00595546281,0.01716615632,-0.005760805681,0.03606284067,0.00626963167,-0.01205826437,0.7284741548,0,0,0,1,0,0,0
12.67027521,10.65026069,rate,circle,1.146451831,3.639823437,-1.619647264,1.127592985,3.651827491,-2,-0.7010135651,0.5143223405,-0.008167895488,-0.743322371,0.5074168432,0,0.3810091296,0.0436398381,0.2103643385,0.0134236319,0.01076835953,-0.006116714329,-0.02336810993,0.02918974698,-0.0130649377,0.7284473514,0,0,0,1,0,0,0
12.68040872,10.66039419,rate,circle,1.140950799,3.643840551,-1.619638324,1.120048826,3.65695221,-2,-0.702991724,0.5118284822,-0.008170180023,-0.7456284945,0.5040219719,0,0.3811611376,0.04410881595,0.2163401263,0.01460332796,0.009148778394,-0.006693241186,0.003073115928,0.01840310101,-0.01244340379,0.7284658928,0,0,0,1,0,0,0
12.6902709,10.67025638,rate,circle,1.135433793,3.647838593,-1.61963141,1.112684295,3.661906634,-2,-0.7049188614,0.5092635155,-0.008147911169,-0.7478579853,0.5007079326,0,0.3813078992,0.04453487195,0.2252059596,0.01454781834,0.009230488911,-0.006388610229,0.0220503671,0.01036344087,-0.01199955037,0.728488335,0,0,0,1,0,0,0
12.70028281,10.68026829,rate,circle,1.129900575,3.651817322,-1.61962688,1.105185539,3.666902794,-2,-0.7069391608,0.506773293,-0.008163091727,-0.7501062572,0.4973334927,0,0.3814736099,0.04493488736,0.2379430411,0.01369976718,0.01274352334,-0.006090281531,0.03752428421,0.004341011568,-0.01163861667,0.7285012293,0,0,0,1,0,0,0
12.71025467,10.69024014,rate,circle,1.118774414,3.659707785,-1.619627476,1.097694485,3.671845333,-2,-0.7109724283,0.5016822815,-0.008224931546,-0.7523303999,0.4939625183,0,0.3811494992,0.04286870716,0.2001921332,0.006349277683,0.01698944345,-0.006912264042,-0.02439837916,0.02654540624,-0.01267979729,0.7284493404,0,0,0,1,0,0,0
12.72033143,10.70031691,rate,circle,1.11318171,3.66361928,-1.619632959,1.090102172,3.67680567,-2,-0.7130125761,0.499106586,-0.008209417574,-0.7545625515,0.4905459773,0,0.3812946781,0.04320970974,0.2038212012,0.003444095608,0.01798241399,-0.006547765806,0.0006561671633,0.01609463257,-0.01209633264,0.7284659148,0,0,0,1,0,0,0
12.73027754,10.71026301,rate,circle,1.107576609,3.667510986,-1.619640708,1.082586318,3.681667882,-2,-0.715041399,0.4965592325,-0.00822036434,-0.7567505468,0.4871638429,0,0.3814421625,0.04353734887,0.2121007063,0.002106122673,0.0178104993,-0.007753178012,0.01959550973,0.008654433524,-0.0116094069,0.7284743992,0,0,0,1,0,0,0
12.74027371,10.72025919,rate,circle,1.096310496,3.675243616,-1.619660139,1.075010779,3.686520627,-2,-0.7191000581,0.4914052188,-0.008204679936,-0.7589342821,0.4837548505,0,0.3811026879,0.04138369625,0.1939904107,0.000267244759,0.01637579314,-0.007637261413,-0.03951868383,0.02885050525,-0.01259562179,0.728433844,0,0,0,1,0,0,0
12.75026846,10.73025393,rate,circle,1.090649843,3.679083824,-1.619671822,1.067414577,3.691338559,-2,-0.7211105824,0.4887911975,-0.008154648356,-0.7611023516,0.4803365595,0,0.3812342842,0.04168118044,0.1907734891,-0.001907946309,0.01613304764,-0.007191692479,-0.01241749459,0.01840469876,-0.011918009,0.7284562969,0,0,0,1,0,0,0
12.7602787,10.74026418,rate,circle,1.084972858,3.682903767,-1.619684815,1.059784954,3.696129668,-2,-0.7231155038,0.4861768484,-0.008104349487,-0.7632583508,0.4769032291,0,0.3813777585,0.04198962563,0.193892387,-0.002521372633,0.01612424664,-0.007541929837,0.009043396113,0.0103562298,-0.01135779105,0.7284784909,0,0,0,1,0,0,0
12.7702508,10.75023627,rate,circle,1.079279542,3.68670392,-1.619699359,1.052163023,3.700868299,-2,-0.7251450419,0.4836193919,-0.008105699904,-0.7653907347,0.4734733606,0,0.3815291769,0.04228900699,0.2031671108,-0.004734735936,0.01509890892,-0.007294974755,0.02577426444,0.00484622129,-0.01091054228,0.7284869055,0,0,0,1,0,0,0
12.78026652,10.760252,rate,circle,1.073568702,3.690491676,-1.619704962,1.044486419,3.705593187,-2,-0.7271313071,0.4809929729,-0.008092062548,-0.7675169343,0.4700188885,0,0.3817042715,0.04262523769,0.218124539,-0.005149974022,0.01403641514,-0.007918356918,0.03992044473,1.784891397e-05,-0.01050472089,0.728502622,0,0,0,1,0,0,0
12.79025245,10.77023792,rate,circle,1.062097549,3.698005199,-1.619720817,1.036811533,3.710269524,-2,-0.7311770916,0.4756620228,-0.008037308231,-0.7696212857,0.46656519,0,0.3813162121,0.04031509337,0.1800550696,-0.008891157806,0.01475846954,-0.008240296505,-0.02430787191,0.02059414723,-0.01153938914,0.7284713261,0,0,0,1,0,0,0
12.80030823,10.7802937,rate,circle,1.056341887,3.701730967,-1.619731665,1.029061802,3.714943675,-2,-0.7331475616,0.4730437696,-0.008042627946,-0.7717246537,0.4630778109,0,0.3814744887,0.04064721678,0.1843528358,-0.008010888472,0.01416927855,-0.00886084605,0.0007696978333,0.01253087995,-0.01083336113,0.7284805841,0,0,0,1,0,0,0
12.81023455,10.79022002,rate,circle,1.050572753,3.705437422,-1.619743228,1.021391176,3.719523209,-2,-0.735070169,0.4704537094,-0.008070602082,-0.773785444,0.4596260292,0,0.3816348864,0.04100299735,0.1946751601,-0.004707867745,0.01302566938,-0.008293259889,0.01987080472,0.006996634392,-0.01027661932,0.7284834993,0,0,0,1,0,0,0
12.8203485,10.80033398,rate,circle,1.03898561,3.71278882,-1.619773149,1.013554594,3.72415402,-2,-0.7390925884,0.4651316106,-0.008278870024,-0.7758693091,0.4560995671,0,0.3812458029,0.03876396116,0.1695142338,-0.0008851081366,0.008817831986,-0.00877159927,-0.03985067437,0.02587236418,-0.01119497721,0.7283810985,0,0,0,1,0,0,0
12.83026338,10.81024885,rate,circle,1.033167601,3.716433287,-1.619792104,1.005851884,3.728659014,-2,-0.7409918904,0.4624356329,-0.008374763653,-0.7778965565,0.4526333476,0,0.3813838764,0.0390918897,0.1655519258,-0.001345975674,0.007445883006,-0.009586220607,-0.01319930262,0.01737273479,-0.01039937603,0.7283635139,0,0,0,1,0,0,0
12.84035993,10.8203454,rate,circle,1.027337313,3.720059395,-1.619812965,0.9979874574,3.733211192,-2,-0.7429589629,0.4598457813,-0.00837768428,-0.7799450362,0.4490943558,0,0.3815449712,0.0394176149,0.1681938439,-0.0004680241982,0.008500372991,-0.009464085102,0.008587773117,0.01145097093,-0.00972227492,0.7283701942,0,0,0,1,0,0,0
12.85023546,10.83022094,rate,circle,1.021490574,3.723665237,-1.619835615,0.9902752528,3.73762911,-2,-0.7449715137,0.4572697282,-0.008440387435,-0.7819330995,0.4456238638,0,0.3816992867,0.03966138066,0.1751028151,9.637840412e-05,0.008053149097,-0.009325081483,0.02368999187,0.007797253621,-0.009197367919,0.7283593986,0,0,0,1,0,0,0
12.86026359,10.84024906,rate,circle,1.015627265,3.727251053,-1.619859934,0.9824238745,3.742080173,-2,-0.7469221354,0.4546718597,-0.008406965062,-0.7839360781,0.4420907435,0,0.3818754219,0.0399874168,0.1873747018,0.002262510592,0.008544377051,-0.009458214976,0.03736130034,0.004480425504,-0.00870114289,0.7283737522,0,0,0,1,0,0,0
12.8702395,10.85022497,rate,circle,1.003852844,3.734368324,-1.619913459,0.9745935257,3.746472863,-2,-0.7508557439,0.4493446946,-0.008393087424,-0.7859127882,0.4385670866,0,0.3814032071,0.03762442166,0.1492042723,-0.0002656059514,0.01025849022,-0.009019815363,-0.02928770282,0.02456631544,-0.00972493808,0.7283174967,0,0,0,1,0,0,0
12.88027573,10.8602612,rate,circle,0.9979416728,3.73789978,-1.619942784,0.9666960116,3.750856596,-2,-0.7528104186,0.4467285573,-0.008423727937,-0.7878854684,0.4350132052,0,0.3815595073,0.03792713785,0.1476918261,-0.002142373007,0.008917137049,-0.009545761161,-0.004806811968,0.01802029792,-0.008948155905,0.7283136163,0,0,0,1,0,0,0
12.89023566,10.87022114,rate,circle,0.9920141101,3.741410017,-1.61997354,0.9588390394,3.7551717,-2,-0.7548007965,0.4440519512,-0.00841951929,-0.789827265,0.4314775677,0,0.3817198964,0.03815569316,0.1524221551,-0.001903534518,0.009476414882,-0.009096949361,0.01343003233,0.0128343292,-0.008329618247,0.7283169747,0,0,0,1,0,0,0
12.90024209,10.88022757,rate,circle,0.980109632,3.748367548,-1.620045185,0.9509259959,3.759471441,-2,-0.7586782575,0.4386710525,-0.008365771733,-0.7917621483,0.4279166981,0,0.3812356783,0.03577968843,0.1467008389,-0.001445689937,0.009702377021,-0.01038654521,-0.04894634547,0.03059374177,-0.009192847374,0.728263609,0,0,0,1,0,0,0
12.91025949,10.89024496,rate,circle,0.9741180539,3.75181818,-1.620080113,0.9429849669,3.76374016,-2,-0.7606089711,0.4360361397,-0.008358363062,-0.793683072,0.4243432351,0,0.3813797621,0.03606220185,0.1339071875,-0.00417548418,0.01094150078,-0.009824779816,-0.021477464,0.0234031438,-0.008314423942,0.728267028,0,0,0,1,0,0,0
12.9205637,10.90054917,rate,circle,0.9681106806,3.75524807,-1.620115876,0.9347965797,3.768093706,-2,-0.7625510097,0.4333781302,-0.008316647261,-0.7956421679,0.4206584609,0,0.3815583667,0.036414027,0.128539533,-0.007832433097,0.01249234378,-0.009448052384,0.002359632122,0.01717644045,-0.007533489769,0.728280632,0,0,0,1,0,0,0
12.93026996,10.91025543,rate,circle,0.9620873332,3.75865674,-1.620152473,0.9270649785,3.772159848,-2,-0.7644974589,0.4307337105,-0.008270439692,-0.7974719314,0.4171792403,0,0.3816975801,0.03659835613,0.1310964854,-0.009960101917,0.01413791254,-0.009512494318,0.01648832069,0.01386195421,-0.006975322196,0.7282909491,0,0,0,1,0,0,0
12.940449,10.92043447,rate,circle,0.94999367,3.765416384,-1.62023139,0.9189377803,3.776387727,-2,-0.7683262825,0.4254526794,-0.008208852261,-0.799374477,0.4135220012,0,0.3811942232,0.03425954938,0.1298410833,-0.01462062728,0.01773077436,-0.009825675748,-0.04449214166,0.03080157114,-0.00784120391,0.7282380995,0,0,0,1,0,0,0
12.95024729,10.93023276,rate,circle,0.9439185858,3.768766642,-1.620273232,0.9110963714,3.780422254,-2,-0.7702962756,0.4227046072,-0.00813626498,-0.8011900142,0.4099933672,0,0.3813208217,0.03438309931,0.1147373451,-0.01522152964,0.01776440255,-0.01001433469,-0.02038596092,0.02363808103,-0.007002049009,0.7282529281,0,0,0,1,0,0,0
12.96027732,10.94026279,rate,circle,0.9378278255,3.772095442,-1.620326877,0.9030511576,3.784516351,-2,-0.7721869349,0.4200049937,-0.008132174611,-0.8030323579,0.4063730209,0,0.3814647772,0.03469010038,0.1081287188,-0.01538782381,0.01682915725,-0.01075970568,0.001237648682,0.01816351566,-0.006208745639,0.7282484633,0,0,0,1,0,0,0
12.97024417,10.95022964,rate,circle,0.9317217469,3.775402546,-1.620381117,0.8950383983,3.788548648,-2,-0.7740792632,0.4172415733,-0.008130380884,-0.8048468915,0.4027672792,0,0.3816136587,0.03496076709,0.1132054256,-0.01394180488,0.01629544981,-0.01013685483,0.01779015501,0.01367225093,-0.005555402192,0.7282423333,0,0,0,1,0,0,0
12.98031139,10.96029687,rate,circle,0.925604701,3.778696775,-1.620447397,0.8869266671,3.792585029,-2,-0.7759290338,0.4145720899,-0.008055048063,-0.8066632632,0.3991170002,0,0.381770942,0.03533180514,0.1294986776,-0.01206346601,0.01466523297,-0.009997801855,0.03234010484,0.01100692557,-0.004954081057,0.7282520302,0,0,0,1,0,0,0
12.99030757,10.97029305,rate,circle,0.9133249521,3.7852211,-1.620580316,0.8788541733,3.796556523,-2,-0.7796259522,0.4092154205,-0.008076700382,-0.8084504356,0.395484378,0,0.3811509194,0.03293365233,0.09482938472,-0.01237190794,0.01369656622,-0.01027502865,-0.03476285594,0.02875594766,-0.005930744528,0.7281573713,0,0,0,1,0,0,0
13.00035882,10.9803443,rate,circle,0.9071620107,3.788450956,-1.620646954,0.8707192734,3.800513245,-2,-0.7815243602,0.4064927101,-0.008041471243,-0.8102309604,0.391823673,0,0.3812903169,0.03322521343,0.08979652813,-0.01066089328,0.0148616489,-0.009221404791,-0.01012428109,0.02281999385,-0.005067515807,0.7281558775,0,0,0,1,0,0,0
13.01027274,10.99025822,rate,circle,0.900991559,3.791657448,-1.620720148,0.8626780691,3.804379824,-2,-0.7833511233,0.4037720561,-0.008004173636,-0.8119709208,0.3882051311,0,0.3814223229,0.03354830481,0.09629552414,-0.01018955372,0.01474165823,-0.01011541486,0.008784929828,0.01861953137,-0.004322378328,0.7281520923,0,0,0,1,0,0,0
13.02029061,11.00027609,rate,circle,0.8948058486,3.794842243,-1.620800138,0.8545351102,3.808250465,-2,-0.7851919532,0.4010947645,-0.008020209149,-0.8137127094,0.3845407996,0,0.3815678819,0.03393804715,0.1125788954,-0.006893447135,0.01416929998,-0.009513113648,0.02445776266,0.01576890746,-0.003670859384,0.7281332126,0,0,0,1,0,0,0
13.03026152,11.01024699,rate,circle,0.8823882341,3.801147699,-1.620960474,0.8464130847,3.81206647,-2,-0.7888838053,0.395704031,-0.008028037846,-0.8154299113,0.3808858881,0,0.3808994528,0.031443958,0.08405960866,-0.007358076982,0.01475445181,-0.009186259471,-0.04323755344,0.03188204901,-0.004703372777,0.7280313173,0,0,0,1,0,0,0
13.04030371,11.02028918,rate,circle,0.8761715293,3.804259777,-1.621050835,0.8382157676,3.815872883,-2,-0.7907086015,0.3929372728,-0.007970575243,-0.8171427973,0.3771970954,0,0.3810222749,0.03178128321,0.07268191468,-0.008606098592,0.01649556309,-0.009471327998,-0.01687445109,0.02549035679,-0.003762145087,0.7280269734,0,0,0,1,0,0,0
13.05024862,11.0302341,rate,circle,0.8699392676,3.80734992,-1.621140718,0.8300809848,3.81960588,-2,-0.7925293446,0.3901696205,-0.007973893546,-0.818822646,0.3735364432,0,0.3811472766,0.03211827002,0.07527825241,-0.009129976854,0.01675431617,-0.009474203922,0.003049601197,0.02089304793,-0.002989633925,0.728006728,0,0,0,1,0,0,0
13.06026292,11.04024839,rate,circle,0.8636915088,3.810418129,-1.621230245,0.8218726519,3.823328096,-2,-0.7943030596,0.3873960376,-0.007974109612,-0.820497643,0.3698426934,0,0.3812899312,0.0325247985,0.09052972527,-0.007787385024,0.01769565046,-0.009403099306,0.01971728118,0.01722718945,-0.002303807691,0.7279881362,0,0,0,1,0,0,0
13.07023931,11.05022478,rate,circle,0.8511649966,3.816487551,-1.621421814,0.8136787952,3.826999403,-2,-0.7978833318,0.3819001913,-0.007912627421,-0.8221497313,0.3661554578,0,0.3805747723,0.02998940565,0.07510022333,-0.009227166884,0.01868280023,-0.01008643955,-0.04725489728,0.03108643495,-0.00335708103,0.7278921688,0,0,0,1,0,0,0
13.08034492,11.06033039,rate,circle,0.8448904157,3.819488049,-1.62153089,0.805362086,3.830680723,-2,-0.7996388078,0.3790831864,-0.007934476249,-0.8238063255,0.3624129387,0,0.3806923058,0.03041253004,0.05552666852,-0.01063860487,0.02000606991,-0.009457825683,-0.01952164111,0.02476063734,-0.002367187858,0.7278614861,0,0,0,1,0,0,0
13.09026718,11.07025266,rate,circle,0.8386005163,3.822466612,-1.621639371,0.7971800596,3.83425842,-2,-0.8013799787,0.3763665855,-0.007943069562,-0.8254162891,0.3587310268,0,0.3808037114,0.03085205837,0.05587485025,-0.01081852615,0.02004108392,-0.009758992121,0.0009088045555,0.02113346069,-0.001564713663,0.7278337488,0,0,0,1,0,0,0
13.10025692,11.0802424,rate,circle,0.8259778619,3.828386307,-1.621879101,0.7889263397,3.837823504,-2,-0.8048270345,0.370827198,-0.007906774059,-0.8270205766,0.3550168528,0,0.3800490631,0.02837318108,0.09621443416,-0.01324539538,0.01921885461,-0.008599002846,-0.06188229826,0.03329343047,-0.002611674053,0.7277146316,0,0,0,1,0,0,0
13.11026931,11.09025478,rate,circle,0.8196453452,3.831326723,-1.622010112,0.7806379089,3.841359404,-2,-0.806556046,0.3680687845,-0.007903111167,-0.8286117319,0.351287059,0,0.380129702,0.02881906927,0.06554693272,-0.01720358059,0.0216793213,-0.009483342059,-0.03226155526,0.02774221086,-0.001542484825,0.7276823768,0,0,0,1,0,0,0
13.12029815,11.10028362,rate,circle,0.8132974505,3.834244251,-1.622139573,0.7723199738,3.844863642,-2,-0.808296442,0.3652189672,-0.00786227826,-0.830188639,0.3475439882,0,0.3802241803,0.02921452701,0.04373445781,-0.01889672689,0.0221211724,-0.009317332879,-0.009038146069,0.02278862046,-0.0006564986711,0.727659503,0,0,0,1,0,0,0
13.13027382,11.11025929,rate,circle,0.8069345951,3.837138891,-1.622267485,0.7640305305,3.848312027,-2,-0.8099582195,0.3624268472,-0.007864202373,-0.8317404121,0.3438137387,0,0.3803254539,0.02971123354,0.04972581296,-0.02045722306,0.02208618633,-0.008358694613,0.009734291255,0.01957843159,7.760594952e-05,0.7276267324,0,0,0,1,0,0,0
13.14033771,11.12032318,rate,circle,0.8005694747,3.8400352,-1.622407317,0.7556521829,3.851753163,-2,-0.8115949035,0.359636277,-0.00784427207,-0.8332889236,0.3400434823,0,0.3804354188,0.0302661645,0.08041519575,-0.02413797192,0.02239566483,-0.009138749912,0.02613727228,0.01728925822,0.0007613726593,0.7275961133,0,0,0,1,0,0,0
13.15024948,11.13023496,rate,circle,0.7877998948,3.845757246,-1.622681737,0.747385321,3.855105167,-2,-0.8148290515,0.3539517224,-0.007763370406,-0.8347973253,0.3363233944,0,0.3795916135,0.02774454588,0.04527248787,-0.02941279858,0.02419103682,-0.008871389553,-0.04083389432,0.02860091014,-0.0004492725054,0.7274762443,0,0,0,1,0,0,0
13.16027188,11.14025736,rate,circle,0.781395793,3.848583221,-1.622816205,0.7390110739,3.858457057,-2,-0.8163833618,0.3511039317,-0.007675683592,-0.8363056756,0.3325549833,0,0.3796861496,0.02828211792,0.04506234147,-0.02931743301,0.02374703251,-0.008623572998,-0.01315191588,0.02372923197,0.0005479540216,0.7274643223,0,0,0,1,0,0,0
13.17025185,11.15023732,rate,circle,0.7749777436,3.851385593,-1.622948408,0.7306573495,3.861757191,-2,-0.8179609776,0.3482537568,-0.007597711869,-0.8377907359,0.3287958073,0,0.3797891129,0.02880201971,0.07468937828,-0.02721609734,0.02291087806,-0.008678932674,0.008128187531,0.02018286339,0.00136899203,0.7274501443,0,0,0,1,0,0,0
13.18029308,11.16027856,rate,circle,0.7685591578,3.854200602,-1.623102546,0.7222374638,3.86503969,-2,-0.8195102811,0.3454736173,-0.007548152935,-0.8392678606,0.3250068587,0,0.3798879785,0.02943169663,0.1132458341,-0.02504181676,0.02234479226,-0.009027463384,0.02610168553,0.01845120621,0.002107645636,0.7274221074,0,0,0,1,0,0,0
13.19027495,11.17026043,rate,circle,0.7556796074,3.859758615,-1.623403668,0.7138527426,3.868265041,-2,-0.8225908279,0.3398360014,-0.00740121305,-0.8407192683,0.3212337342,0,0.3790074443,0.0270085662,0.05197330664,-0.02259344235,0.01946182176,-0.007915128022,-0.03915998795,0.02994359716,0.0008627929646,0.7273119365,0,0,0,1,0,0,0
13.20026851,11.18025398,rate,circle,0.7492188811,3.862501383,-1.623532891,0.7054437798,3.871456404,-2,-0.8240484595,0.3369510472,-0.007285623811,-0.842155382,0.3174497009,0,0.3791093983,0.02759064082,0.07371882449,-0.0236158818,0.0203123372,-0.007127047516,-0.01124263279,0.02540725366,0.00186035362,0.7273089502,0,0,0,1,0,0,0
13.21027422,11.1902597,rate,circle,0.7427674532,3.865252495,-1.623677969,0.6970102929,3.874613734,-2,-0.8255233765,0.3341288269,-0.007190747187,-0.8435761803,0.3136546318,0,0.3792092055,0.02822770331,0.1076984851,-0.02232403308,0.02013320476,-0.007897717878,0.01103082643,0.02295191059,0.002716014186,0.7272956709,0,0,0,1,0,0,0
13.22034502,11.2003305,rate,circle,0.7363066077,3.867978811,-1.623820782,0.6885076768,3.877753226,-2,-0.8269819617,0.3312864304,-0.00711281551,-0.8449889518,0.3098284546,0,0.379329779,0.02890135919,0.144626323,-0.01900760457,0.02014433406,-0.006924539339,0.02935856114,0.02098059969,0.003436218211,0.7272792761,0,0,0,1,0,0,0
13.23027992,11.2102654,rate,circle,0.7233437896,3.873357534,-1.624100208,0.6801059415,3.880812566,-2,-0.829834938,0.3255857527,-0.006998277269,-0.8463656547,0.3060476737,0,0.3784517703,0.02653256509,0.07437267659,-0.01644491591,0.02216636762,-0.006340602878,-0.03635860349,0.0311130294,0.002024222884,0.7271701974,0,0,0,1,0,0,0
13.2402842,11.22026968,rate,circle,0.7168471813,3.876034737,-1.62424469,0.6716317975,3.883855283,-2,-0.8312574029,0.3228058815,-0.006855749059,-0.8477348775,0.3022343089,0,0.3785467539,0.0272341342,0.0993711542,-0.01670651697,0.02308884449,-0.006690872367,-0.008687235959,0.02814026524,0.003030382178,0.727169781,0,0,0,1,0,0,0
13.25024676,11.23023224,rate,circle,0.710336864,3.878686905,-1.624386311,0.6631794678,3.886847369,-2,-0.8326923847,0.3199543059,-0.006710973568,-0.849081316,0.2984307605,0,0.3786503095,0.02787287642,0.1290542696,-0.01578735188,0.02311197668,-0.00584583357,0.01250041018,0.02549856265,0.003838991189,0.7271700898,0,0,0,1,0,0,0
13.26025152,11.240237,rate,circle,0.7038128972,3.881314278,-1.624525547,0.6546779216,3.889813964,-2,-0.834099412,0.3171031177,-0.006615345832,-0.8504162838,0.2946050647,0,0.3787711121,0.02856861032,0.1617588585,-0.01456925366,0.0228805393,-0.005414681043,0.02988891774,0.02359265847,0.004521918514,0.7271592076,0,0,0,1,0,0,0
13.27025485,11.25024033,rate,circle,0.6972758174,3.883916616,-1.624662399,0.6461643241,3.892741838,-2,-0.8354507089,0.314239651,-0.006507046055,-0.8517338272,0.2907739458,0,0.3789044521,0.02929370085,0.1965979819,-0.01480686199,0.02149491385,-0.005778480787,0.04435703901,0.02220917719,0.005125890723,0.7271525601,0,0,0,1,0,0,0
13.28026509,11.26025057,rate,circle,0.6841801405,3.889071465,-1.624919772,0.637631735,3.895633343,-2,-0.8382644057,0.3084142208,-0.00618330529,-0.8530350043,0.2869342807,0,0.3780145363,0.02679163437,0.1158883191,-0.01385367941,0.02280030586,-0.005790090188,-0.02417814915,0.03064706716,0.003617608248,0.7271046378,0,0,0,1,0,0,0
13.29024792,11.27023339,rate,circle,0.6776171923,3.891610622,-1.625044584,0.6291096312,3.89847862,-2,-0.8395740986,0.3054802418,-0.006004801486,-0.8543153792,0.283099334,0,0.3781424555,0.02746394047,0.1441895614,-0.0129223261,0.02337204292,-0.005929453298,0.001503067036,0.0271756645,0.004598427734,0.7271197735,0,0,0,1,0,0,0
13.30026793,11.28025341,rate,circle,0.6644675732,3.896618128,-1.625279307,0.6205430098,3.901295972,-2,-0.8421767354,0.2995958626,-0.005572633352,-0.8555831874,0.2792443544,0,0.3773153151,0.02499942169,0.09391531297,-0.006717935205,0.02195983753,-0.004772223067,-0.05782282608,0.03308589003,0.003260668507,0.7271083168,0,0,0,1,0,0,0
13.31024575,11.29023123,rate,circle,0.6578807235,3.899086952,-1.625389695,0.6119999304,3.904063047,-2,-0.8434463143,0.2966734171,-0.005373829976,-0.8568283709,0.2753999687,0,0.3774422991,0.02570052715,0.1049909928,-0.003809046932,0.02058078162,-0.005707249977,-0.0263495701,0.02942374636,0.004434814999,0.7271340707,0,0,0,1,0,0,0
13.32034492,11.3003304,rate,circle,0.6512811184,3.901529789,-1.625506997,0.6033403825,3.906824686,-2,-0.8447428346,0.2937048078,-0.005218890496,-0.8580711087,0.2715031721,0,0.3775862276,0.02641575916,0.1232193981,-0.001308298553,0.02034784853,-0.004714406561,-0.001299084401,0.02638371573,0.005377167395,0.7271465925,0,0,0,1,0,0,0
13.33025193,11.31023741,rate,circle,0.6446689367,3.903947353,-1.625621557,0.5948334983,3.909495512,-2,-0.8460021019,0.2907710969,-0.005023449194,-0.8592729803,0.2676750742,0,0.3777215527,0.02710677995,0.1443730286,-0.002111020498,0.02174961939,-0.004525309894,0.01707340404,0.02456229619,0.006106022399,0.7271695552,0,0,0,1,0,0,0
13.34027529,11.32026076,rate,circle,0.6380572915,3.906351328,-1.6257236,0.5862146781,3.912159081,-2,-0.8473445773,0.2877335846,-0.004812670406,-0.8604715865,0.2637966052,0,0.3778944428,0.0277210958,0.1686456482,-0.003101777053,0.02194033377,-0.004751940724,0.03198254317,0.0225281627,0.006726934871,0.7272007523,0,0,0,1,0,0,0
13.35025764,11.33024311,rate,circle,0.624794364,3.911079645,-1.625919938,0.5776192662,3.914773089,-2,-0.8499940038,0.2816580832,-0.004434829578,-0.8616478902,0.2599286698,0,0.377061035,0.0250529078,0.1103460902,-0.007014141884,0.02294644713,-0.003939720802,-0.03727677328,0.02738197046,0.004985418297,0.7271867421,0,0,0,1,0,0,0
13.36026549,11.34025097,rate,circle,0.6181483269,3.913404703,-1.626014471,0.5689901878,3.917354992,-2,-0.8512672186,0.2786930501,-0.004269779194,-0.8628097465,0.2560455845,0,0.3772231479,0.02577534996,0.1228451564,-0.007544888649,0.02345492318,-0.004247782752,-0.01092106592,0.02516713352,0.005968531806,0.7272096218,0,0,0,1,0,0,0
13.37025905,11.35024452,rate,circle,0.6115064621,3.915720701,-1.626100302,0.5603619282,3.919894401,-2,-0.8525272608,0.275704205,-0.004167973064,-0.8639524803,0.2521628677,0,0.3774045144,0.02649721126,0.1415350745,-0.006033902057,0.0232940428,-0.004407211673,0.009786845875,0.02360773069,0.00676507692,0.7272197059,0,0,0,1,0,0,0
13.3802855,11.36027098,rate,circle,0.6048518419,3.918010235,-1.626188993,0.5516938732,3.92240315,-2,-0.8537525535,0.272670418,-0.003992348909,-0.8650814174,0.248262243,0,0.3775973198,0.02720369493,0.1634885716,-0.00379328453,0.02231964469,-0.002149455948,0.02651416056,0.02216239172,0.007374614178,0.7272475665,0,0,0,1,0,0,0
13.39028239,11.37026787,rate,circle,0.5915035605,3.922510147,-1.626359105,0.5430401953,3.92486554,-2,-0.8563309312,0.2665861547,-0.003644547192,-0.8661894929,0.2443680879,0,0.3767781363,0.02457878059,0.1173301819,-0.005249553826,0.02196571231,-0.002625632333,-0.04242318158,0.02631602359,0.00548797758,0.727235238,0,0,0,1,0,0,0
13.40028572,11.3802712,rate,circle,0.584823072,3.924723148,-1.626432657,0.5343699448,3.927290524,-2,-0.8576218486,0.2635174394,-0.003460573964,-0.8672807356,0.2404664752,0,0.3769677294,0.02523126278,0.1231032183,-0.005546337459,0.02095448039,-0.002064679284,-0.01622126715,0.02408658481,0.006420623422,0.7272697995,0,0,0,1,0,0,0
13.41028571,11.39027119,rate,circle,0.5781295896,3.926909924,-1.626503825,0.5256917645,3.929675664,-2,-0.8588293195,0.2605086267,-0.003259615041,-0.8683540489,0.236561294,0,0.3771694147,0.0259773036,0.1360581288,-0.005551130977,0.02173690125,-0.001674873871,0.004907683858,0.02293325507,0.00717439845,0.7273103838,0,0,0,1,0,0,0
13.42033648,11.40032196,rate,circle,0.5714234114,3.929070473,-1.626572967,0.5169587875,3.932033543,-2,-0.8600798845,0.2574635446,-0.00314084813,-0.8694150944,0.2326314544,0,0.3773896187,0.02671411194,0.1546279357,-0.005697678775,0.01945483871,-0.002107430017,0.0216141173,0.02209250248,0.007789178046,0.7273307385,0,0,0,1,0,0,0
13.43026614,11.41025162,rate,circle,0.5579786897,3.933311701,-1.626706481,0.5083206617,3.934324198,-2,-0.8624147177,0.2512636185,-0.002864843234,-0.8704458893,0.2287442978,0,0.3765833191,0.02407959405,0.1246558628,-0.01093649399,0.01982894354,-0.002142545767,-0.04646586018,0.02441792775,0.005808812607,0.7273124043,0,0,0,1,0,0,0
13.44028115,11.42026663,rate,circle,0.5512542725,3.935388327,-1.626768947,0.499598004,3.936595424,-2,-0.8636012673,0.2481535673,-0.002709025051,-0.8714679406,0.2248191018,0,0.3767907195,0.02477338582,0.1260626436,-0.01305802166,0.02118375339,-0.001129835495,-0.0190110282,0.0224678263,0.00674960328,0.7273440003,0,0,0,1,0,0,0
13.45028424,11.43026972,rate,circle,0.5445170403,3.937438488,-1.626829505,0.4908755997,3.938824681,-2,-0.8648064733,0.2450569123,-0.002562592039,-0.8724711067,0.2208940199,0,0.377008679,0.02547859598,0.1361689763,-0.01386994123,0.02154608071,-0.0008094449295,0.002255923401,0.02124361071,0.007470497471,0.7273737712,0,0,0,1,0,0,0
13.46044469,11.44043016,rate,circle,0.5310058594,3.941458702,-1.626945376,0.4820058041,3.94104879,-2,-0.8671244979,0.2388085872,-0.002294609556,-0.8734719555,0.2169026118,0,0.3762591203,0.02292219901,0.1342169802,-0.01456587482,0.02027593367,-0.0001410996774,-0.05918145423,0.02210983619,0.005566595651,0.7273605035,0,0,0,1,0,0,0
13.47028136,11.45026684,rate,circle,0.5242528319,3.943427086,-1.626983166,0.4734090513,3.943163367,-2,-0.8682086468,0.2356741577,-0.002120075049,-0.8744235151,0.2130340731,0,0.3764660917,0.02357313598,0.1264746436,-0.01711893082,0.02015579306,-0.0009959379677,-0.03051882124,0.02049237515,0.006553914709,0.7274046896,0,0,0,1,0,0,0
13.48031735,11.46030283,rate,circle,0.5174874663,3.945368767,-1.627019405,0.4646285462,3.945281551,-2,-0.8693784475,0.2325342745,-0.001951921033,-0.8753766981,0.2090828458,0,0.3767075749,0.02428494416,0.1281445977,-0.0210545063,0.02048466168,-0.001168100047,-0.006966239489,0.01938141105,0.007356895719,0.7274486282,0,0,0,1,0,0,0
13.49029255,11.47027802,rate,circle,0.5107095838,3.947283506,-1.627054214,0.4558918413,3.947347588,-2,-0.870508492,0.2293325812,-0.001811645576,-0.8763064147,0.2051513286,0,0.3769529784,0.02493252784,0.1400724891,-0.02358406782,0.01874635927,-0.0007699618,0.01157861175,0.01823571571,0.007968375199,0.7274852179,0,0,0,1,0,0,0
13.50048113,11.4804666,rate,circle,0.5039249659,3.949171305,-1.627096415,0.4469587633,3.949417314,-2,-0.8716058135,0.226186648,-0.001633128501,-0.8772377913,0.2011314435,0,0.3772297613,0.02573226684,0.1636536224,-0.02694459818,0.01811906695,-0.0004291775113,0.02881565433,0.01796016892,0.008511472917,0.7275307495,0,0,0,1,0,0,0
13.51027822,11.4902637,rate,circle,0.490359515,3.952868462,-1.627148747,0.4383600644,3.951368867,-2,-0.8738428354,0.2198402733,-0.001295683673,-0.87811599,0.197262029,0,0.3764628111,0.02301555478,0.1248190003,-0.03255242854,0.0173141975,0.001508353744,-0.04168112994,0.01764866769,0.006060718181,0.727555031,0,0,0,1,0,0,0
13.52031326,11.50029874,rate,circle,0.4835585356,3.954676867,-1.627172947,0.4295436975,3.953328496,-2,-0.8748582602,0.2166478187,-0.001164643909,-0.878997823,0.1932946639,0,0.3767219563,0.02374578314,0.1348275721,-0.03095211834,0.01736197434,0.0002167862403,-0.01336575295,0.01699281617,0.006978507008,0.7275937889,0,0,0,1,0,0,0
13.53030968,11.51029515,rate,circle,0.4767459035,3.956457853,-1.627196074,0.4207525548,3.955240979,-2,-0.8759105206,0.2134399712,-0.001050223131,-0.8798584407,0.1893386496,0,0.3769874049,0.02444509651,0.154316488,-0.02709144354,0.01724305935,0.0008012611652,0.008150665472,0.01656992439,0.007644403957,0.7276280082,0,0,0,1,0,0,0
13.54030943,11.5202949,rate,circle,0.4699371457,3.958215237,-1.627206802,0.4119499583,3.957114517,-2,-0.8769202828,0.2102489173,-0.0008768504485,-0.8807015326,0.1853774812,0,0.3772777408,0.02517250583,0.1800111993,-0.02350795269,0.01586571895,0.0006988033419,0.0256690531,0.01658696085,0.008174634196,0.7276820196,0,0,0,1,0,0,0
13.55028725,11.53027272,rate,circle,0.4562847018,3.961648703,-1.627225041,0.4031583562,3.958944445,-2,-0.878862083,0.2038074732,-0.0005984867457,-0.8815250004,0.1814212603,0,0.3765513131,0.02255198094,0.1257260775,-0.02315133251,0.01416450832,0.001408626093,-0.04023875535,0.01477874605,0.005837775735,0.7277056726,0,0,0,1,0,0,0
13.56027222,11.54025769,rate,circle,0.4494414628,3.963324308,-1.627227902,0.3943523153,3.96073615,-2,-0.8798415661,0.2005820125,-0.000501602015,-0.8823312677,0.1774585419,0,0.3768296027,0.02326252595,0.1401425406,-0.02143182606,0.01482325699,0.001075670123,-0.01288062517,0.01487980332,0.006734844823,0.7277426354,0,0,0,1,0,0,0
13.57025433,11.5502398,rate,circle,0.4426153004,3.964979887,-1.627218485,0.3855408394,3.962487773,-2,-0.8807647228,0.1973759383,-0.0003793181677,-0.8831194981,0.1734933777,0,0.3771336139,0.02400136553,0.1620605387,-0.01942899637,0.01358551346,0.001199615421,0.009243077018,0.01535995813,0.007437635372,0.7277910156,0,0,0,1,0,0,0
13.58034277,11.56032825,rate,circle,0.4357777536,3.966608047,-1.627208233,0.3766275957,3.964217822,-2,-0.8816651702,0.1941905022,-0.0001800530299,-0.8838980201,0.1694824181,0,0.3774627876,0.02480942276,0.1889956304,-0.01601329818,0.01228131074,0.001650049118,0.02768150073,0.01617098904,0.007986201455,0.7278601257,0,0,0,1,0,0,0
13.59025431,11.57023978,rate,circle,0.4220693409,3.969782114,-1.627186298,0.3678630905,3.965878111,-2,-0.8834830523,0.1876646578,-2.848587974e-05,-0.8846451499,0.1655383907,0,0.376754051,0.02215678178,0.12359453,-0.01485169865,0.01232365612,0.002067062072,-0.04011574597,0.01301691974,0.00553342349,0.7278655455,0,0,0,1,0,0,0
13.60029054,11.58027601,rate,circle,0.4152184427,3.971330881,-1.627160788,0.3589808668,3.967519438,-2,-0.8843678236,0.1843938529,0.000133383699,-0.8853837469,0.16154139,0,0.3770759477,0.02287542245,0.1390393995,-0.01583819836,0.01194430608,0.002164812759,-0.01206565894,0.01362032073,0.006430373795,0.7279296243,0,0,0,1,0,0,0
13.61025524,11.59024072,rate,circle,0.4083561301,3.972851992,-1.627134681,0.3501546998,3.969109364,-2,-0.8852545619,0.1811370254,0.0002831261372,-0.8860992137,0.1575696149,0,0.3773989402,0.02358424117,0.1602225967,-0.01557768788,0.01180636138,0.001807082677,0.009268658161,0.01440018465,0.007089001355,0.7279903906,0,0,0,1,0,0,0
13.62031531,11.60030079,rate,circle,0.4014828801,3.974345207,-1.627116919,0.3412369204,3.970674342,-2,-0.8861252666,0.1778469384,0.0004071767908,-0.8868034541,0.1535566142,0,0.3777364734,0.02430320103,0.1858168567,-0.01394529827,0.01155839209,0.002815108746,0.02696887775,0.01500083134,0.007584078332,0.7280420396,0,0,0,1,0,0,0
13.63025975,11.61024523,rate,circle,0.3877122402,3.977256775,-1.627062559,0.3324147703,3.97218164,-2,-0.8878195882,0.1713714451,0.000625759305,-0.8874817379,0.1495866466,0,0.3770489384,0.02179640245,0.1174184335,-0.01703088544,0.009906316176,0.002821818925,-0.0400649865,0.01162797666,0.005060259568,0.7280767682,0,0,0,1,0,0,0
13.64027882,11.62026429,rate,circle,0.3808203936,3.978675365,-1.627026916,0.3235196856,3.973660308,-2,-0.8886306882,0.1681187153,0.0007047137478,-0.8881471388,0.1455838585,0,0.3773823574,0.02255105786,0.1340949063,-0.01811860688,0.009981495328,0.003778491402,-0.01205124024,0.01322513985,0.005925621242,0.7281235706,0,0,0,1,0,0,0
13.65026903,11.63025451,rate,circle,0.3739179969,3.980066061,-1.62699163,0.3146436651,3.975094773,-2,-0.8894630671,0.1648623049,0.0007771530072,-0.888792648,0.1415896493,0,0.3777213318,0.02329527694,0.1566428206,-0.01687474549,0.01017403323,0.003289103275,0.009406540246,0.01466252252,0.006550996589,0.7281681994,0,0,0,1,0,0,0
13.66061449,11.64059997,rate,circle,0.3670052588,3.981429338,-1.62695682,0.3054453208,3.976538175,-2,-0.8902421594,0.1615584046,0.0007877307944,-0.8894421786,0.1374503944,0,0.3781200381,0.02413413858,0.1880724954,-0.01438538358,0.009686718695,0.002306054113,0.02959619413,0.01585920812,0.007148030863,0.7281992153,0,0,0,1,0,0,0
13.67029071,11.65027618,rate,circle,0.3531535566,3.984078407,-1.626851082,0.2968360159,3.977849433,-2,-0.8919036388,0.1550157964,0.000934573065,-0.8900322449,0.1335762072,0,0.3774262585,0.02154139107,0.1098720851,-0.01490941644,0.00902788993,0.003498398699,-0.04313218764,0.01072421409,0.004380741403,0.7282315535,0,0,0,1,0,0,0
13.68042111,11.66040659,rate,circle,0.3462121785,3.985361576,-1.626805067,0.2878165753,3.979182058,-2,-0.8926869631,0.1517709345,0.0009869222995,-0.8906319261,0.1295174589,0,0.3777865679,0.02236994339,0.1281836645,-0.01533859409,0.009674197063,0.003108513076,-0.01414903104,0.01315384395,0.005318922979,0.7282759425,0,0,0,1,0,0,0
13.69028306,11.67026854,rate,circle,0.3392606378,3.986617327,-1.62675941,0.2790304059,3.980439858,-2,-0.8934867382,0.1485181749,0.001122138347,-0.8911979363,0.1255636826,0,0.3781195314,0.02309559531,0.1485120405,-0.01422174927,0.009087847546,0.00418283511,0.005997598271,0.01504632368,0.005902607351,0.7283391942,0,0,0,1,0,0,0
13.7002883,11.68027377,rate,circle,0.3322992325,3.987845659,-1.626713753,0.2701109625,3.981676075,-2,-0.8942641616,0.1452500075,0.001214093063,-0.8917542339,0.1215499331,0,0.3784812638,0.02386351368,0.1735606635,-0.01220086217,0.008213008754,0.003690365003,0.02315381367,0.01679299714,0.006385368705,0.7283924082,0,0,0,1,0,0,0
13.7102716,11.69025707,rate,circle,0.3183853328,3.990208149,-1.62660408,0.2612056156,3.982869543,-2,-0.8957634568,0.1387244612,0.00129104068,-0.8922912946,0.117542527,0,0.3778199149,0.02150341908,0.09933500134,-0.01640284061,0.008117355406,0.004233673215,-0.04337761797,0.01089577079,0.0037906195,0.7284105146,0,0,0,1,0,0,0
13.72029114,11.70027661,rate,circle,0.3114163876,3.991348743,-1.626550913,0.2522626418,3.984027107,-2,-0.8964893818,0.1354214847,0.001285344944,-0.8928121979,0.1135181888,0,0.3781758753,0.02224698099,0.1163155555,-0.01773530804,0.008758731186,0.003860784695,-0.01552985209,0.01317402253,0.004656876993,0.728441497,0,0,0,1,0,0,0
13.73026156,11.71024704,rate,circle,0.3044378757,3.992461681,-1.626498818,0.2433584142,3.985138958,-2,-0.8972201347,0.1321825236,0.00130719319,-0.8933125311,0.1095112864,0,0.3785332952,0.02304263696,0.1397367836,-0.01820757985,0.00924977567,0.004120346159,0.005855573363,0.01564525046,0.005269630602,0.7284791412,0,0,0,1,0,0,0
13.74033189,11.72031736,rate,circle,0.2974591851,3.993545055,-1.626436472,0.2343599996,3.986221385,-2,-0.8978910446,0.1289151013,0.001345526893,-0.8937996233,0.1054619998,0,0.37892592,0.02384529596,0.1694195104,-0.01855634153,0.008680918254,0.003598913085,0.02417224089,0.01761152421,0.005772873885,0.7285253134,0,0,0,1,0,0,0
13.75026941,11.73025489,rate,circle,0.2834742367,3.995630264,-1.626315236,0.22547553,3.987249553,-2,-0.8992627263,0.1223585606,0.001390208141,-0.8942622988,0.1014639885,0,0.3782517536,0.02152951686,0.09134798334,-0.02155886963,0.007785631809,0.004613415804,-0.04287009275,0.01015852757,0.003061200882,0.7285386678,0,0,0,1,0,0,0
13.76028371,11.74026918,rate,circle,0.2764678299,3.996631622,-1.626256466,0.2165178638,3.988245461,-2,-0.8999655843,0.1190284118,0.001419576933,-0.8947104576,0.09743303872,0,0.3786139926,0.02227087097,0.1119425872,-0.02148831636,0.007043396123,0.003391316393,-0.01547639285,0.01285766273,0.003927541546,0.7285799534,0,0,0,1,0,0,0
13.77026296,11.75024843,rate,circle,0.269453764,3.997609377,-1.626187563,0.2075871731,3.989197719,-2,-0.9006080031,0.1157247722,0.001440333202,-0.8951389736,0.09341422789,0,0.3789907244,0.02301619499,0.1388730757,-0.0217293296,0.007171394769,0.004724242259,0.006230039418,0.01537050517,0.004535228696,0.7286228862,0,0,0,1,0,0,0
13.78027773,11.7602632,rate,circle,0.2624360621,3.99856019,-1.626120687,0.1986204823,3.990113038,-2,-0.901237011,0.11246676,0.00141919544,-0.8955508671,0.08937921704,0,0.3793804471,0.02381976042,0.1682431096,-0.01707005128,0.008967152797,0.004593410995,0.02366556891,0.01792470336,0.005004138474,0.7286551392,0,0,0,1,0,0,0
13.79026794,11.77025342,rate,circle,0.2483749241,4.000380039,-1.625991106,0.1896717594,3.990985842,-2,-0.9025121927,0.1059015319,0.001455828547,-0.895943629,0.08535229172,0,0.3787043243,0.02162259784,0.08208454597,-0.01608796977,0.007890031673,0.004234263208,-0.04339074039,0.009545853433,0.002294486474,0.7286697542,0,0,0,1,0,0,0
13.800282,11.78026748,rate,circle,0.2413409501,4.001258373,-1.625903487,0.1806978332,3.991820347,-2,-0.9031208158,0.1025970355,0.001492071082,-0.896319156,0.08131402494,0,0.3790974345,0.02239319962,0.1025912933,-0.01465187315,0.007999292575,0.004524367396,-0.01615032587,0.01303059902,0.003149202487,0.7287236596,0,0,0,1,0,0,0
13.81026912,11.79025459,rate,circle,0.2342984229,4.002109528,-1.625817895,0.1717443952,3.992612321,-2,-0.9037403464,0.09930635989,0.001459614374,-0.8966755446,0.07728497785,0,0.3794936772,0.02317289724,0.1276479241,-0.01391179953,0.00775205018,0.004821022507,0.004752551176,0.01612934765,0.003755405112,0.7287592805,0,0,0,1,0,0,0
13.82026505,11.80025053,rate,circle,0.2272474915,4.002932549,-1.625734687,0.1627795754,3.993364696,-2,-0.9043403864,0.09599741548,0.001418925473,-0.897014113,0.07325080893,0,0.3798975923,0.02393941813,0.154248102,-0.01101231668,0.008072257973,0.004610497039,0.02125576382,0.01863133451,0.004201433546,0.7287919343,0,0,0,1,0,0,0
13.83025551,11.81024098,rate,circle,0.2131187767,4.004513741,-1.625578284,0.1538163826,3.994076358,-2,-0.9054659009,0.08948355913,0.001301074866,-0.897334361,0.06921737217,0,0.3792325594,0.02187539877,0.06799402305,-0.01682573929,0.009548945352,0.004063723609,-0.04558689063,0.009739818693,0.001516282026,0.7287776945,0,0,0,1,0,0,0
13.84026432,11.8202498,rate,circle,0.2060407549,4.005271912,-1.625504375,0.144833602,3.994748913,-2,-0.9061006904,0.08624238521,0.001274761744,-0.8976370111,0.06517512088,0,0.3796103563,0.02273958028,0.08798900392,-0.0173001606,0.00848671142,0.004266289528,-0.01911890676,0.01434603741,0.002373707977,0.7288110009,0,0,0,1,0,0,0
13.85025978,11.83024526,rate,circle,0.1989602149,4.00600338,-1.62543273,0.1358598718,3.995380188,-2,-0.9066262841,0.08292271942,0.00127421238,-0.8979210847,0.06113694231,0,0.3799936124,0.02349519523,0.1142525074,-0.01646802947,0.007853250019,0.004565619398,0.002253430091,0.01744598239,0.003019370559,0.7288496821,0,0,0,1,0,0,0
13.86032796,11.84031343,rate,circle,0.1918721348,4.006706238,-1.625352025,0.1268180789,3.995975244,-2,-0.9071844816,0.07960793376,0.001281020581,-0.8981888598,0.05706813549,0,0.3804054279,0.02430236061,0.1444329074,-0.01689844206,0.006281536072,0.00448312657,0.01944410647,0.02037273856,0.003491683259,0.7288938366,0,0,0,1,0,0,0
13.87027407,11.85025954,rate,circle,0.1776500046,4.008079529,-1.625209928,0.1178833552,3.996522856,-2,-0.9083189964,0.07311140001,0.001186332316,-0.8984352852,0.05304750983,0,0.3797014715,0.02239765213,0.06063686166,-0.02141452394,0.007317445241,0.003687454155,-0.04893535278,0.01109883156,0.0007562483896,0.7288799253,0,0,0,1,0,0,0
13.88027072,11.8602562,rate,circle,0.1705283374,4.008723736,-1.625142097,0.1089008473,3.997032951,-2,-0.9087783694,0.0698427856,0.001123939175,-0.8986648277,0.04900538127,0,0.3800698213,0.02318931616,0.0818942323,-0.02134189755,0.008434692398,0.005216132384,-0.02121092479,0.01579265144,0.001648107421,0.7289020746,0,0,0,1,0,0,0
13.89025831,11.87024379,rate,circle,0.1634001434,4.009340763,-1.625076532,0.09992427934,3.997502225,-2,-0.9092876911,0.06658982486,0.001036878093,-0.8988760012,0.0449659257,0,0.3804430876,0.02402231083,0.1098998687,-0.02089691907,0.00883673504,0.004423927516,-5.560840499e-05,0.01986878693,0.002305386462,0.7289169745,0,0,0,1,0,0,0
13.90053082,11.88051629,rate,circle,0.1562571526,4.009951115,-1.625011921,0.09068953827,3.997942794,-2,-0.9098075628,0.06335633248,0.0009038150893,-0.8990742572,0.04081029222,0,0.3808666056,0.0249868898,0.145334255,-0.02080564946,0.008485731669,0.00392311113,0.0188645338,0.02418383509,0.002881661233,0.7289220274,0,0,0,1,0,0,0
13.91026998,11.89025545,rate,circle,0.1419518143,4.011086464,-1.624890566,0.08193246682,3.998321063,-2,-0.910787642,0.0567348823,0.0007362382021,-0.8992444784,0.03686961007,0,0.3800952053,0.02298729463,0.05889230493,-0.02407373115,0.008180159144,0.003901405493,-0.05251721095,0.0118422874,6.1194426e-05,0.7288801609,0,0,0,1,0,0,0
13.92037129,11.90035677,rate,circle,0.1347948015,4.011612415,-1.624829769,0.07284809688,3.998672848,-2,-0.911264956,0.05346826091,0.0006428487832,-0.8994027818,0.0327816436,0,0.3804701417,0.02385499042,0.08317013264,-0.02506972291,0.008722887374,0.002132593421,-0.02389539173,0.01727988434,0.001102167446,0.728892363,0,0,0,1,0,0,0
13.93028879,11.91027427,rate,circle,0.1276246905,4.012129784,-1.624791026,0.06392757607,3.998978055,-2,-0.9117835164,0.05026355758,0.0005810990697,-0.8995401248,0.02876740923,0,0.3808044963,0.02474515524,0.1112979402,-0.02419675328,0.009447041899,0.003824092681,-0.0034643565,0.0222419434,0.001768585982,0.728903816,0,0,0,1,0,0,0
13.94028473,11.9202702,rate,circle,0.1204484105,4.012619495,-1.624754071,0.05493521292,3.999245388,-2,-0.912242651,0.04699657857,0.0004783046606,-0.8996604247,0.02472084581,0,0.3811565989,0.02558807268,0.1428189654,-0.02360708266,0.009779333137,0.002857850399,0.01372282994,0.02596322214,0.002347806908,0.7289043727,0,0,0,1,0,0,0
13.95026636,11.93025184,rate,circle,0.1060781181,4.013512611,-1.624685287,0.04595460945,3.999471974,-2,-0.9131340981,0.04042607918,0.0003316223156,-0.8997623882,0.02067957425,0,0.3803591845,0.02385030513,0.06311861951,-0.02729509026,0.009064458311,0.003533791751,-0.05304178066,0.01365284333,-0.0002854896102,0.7288512136,0,0,0,1,0,0,0
13.96027088,11.94025636,rate,circle,0.09888450801,4.013916492,-1.624653578,0.03695248296,3.999658599,-2,-0.9135388136,0.03712723032,0.0001728652132,-0.8998463697,0.01662861733,0,0.3806885865,0.02465169438,0.08625981357,-0.02991975285,0.01079181209,0.003508456051,-0.02513607694,0.01881923404,0.0007001733874,0.7288353968,0,0,0,1,0,0,0
13.97025681,11.95024228,rate,circle,0.09168482572,4.014295101,-1.62464416,0.02796634286,3.999804461,-2,-0.9139233232,0.03387555853,9.8356948e-05,-0.8999120076,0.01258485429,0,0.3810013519,0.02548765827,0.1163897387,-0.02771836333,0.01075520925,0.003506124252,-0.003381417321,0.02344967512,0.001443837058,0.7288331069,0,0,0,1,0,0,0
13.98027229,11.96025777,rate,circle,0.08448008448,4.014646053,-1.624634862,0.01895303172,3.999910194,-2,-0.9142861366,0.03064640239,-1.9542269e-05,-0.8999595871,0.008528864275,0,0.381326536,0.02635215161,0.1489069799,-0.02620785125,0.0131736761,0.003229208058,0.01418227462,0.02745980759,0.00204008949,0.7288201742,0,0,0,1,0,0,0
13.99027777,11.97026324,rate,circle,0.07006103545,4.015264511,-1.624620914,0.009948347705,3.999975257,-2,-0.9149426222,0.02413573116,-0.0002652112453,-0.8999888658,0.004476756467,0,0.3804691241,0.0247014261,0.06429626329,-0.02721621282,0.0133837238,0.003123281524,-0.0513456302,0.01379707628,-0.0005567488413,0.7287235295,0,0,0,1,0,0,0
14.00031304,11.98029852,rate,circle,0.06284047663,4.015544891,-1.62462616,0.0009166399264,3.99999979,-2,-0.9152458906,0.02086988464,-0.0003789488983,-0.8999999055,0.0004124879669,0,0.3807646671,0.02551644066,0.08964930448,-0.02762614563,0.01360790245,0.003696781583,-0.02348895065,0.01948775885,0.0004395484491,0.7287063181,0,0,0,1,0,0,0
14.01030111,11.99028659,rate,circle,0.05561582372,4.015797615,-1.624632359,-0.008072600703,3.999983708,-2,-0.9154942632,0.0175930988,-0.0004156071809,-0.8999926687,-0.003632670316,0,0.3810605743,0.02628698224,0.1205669036,-0.0275262855,0.01426419802,0.001833179267,-0.001661806176,0.02386005044,0.00125882813,0.7287079651,0,0,0,1,0,0,0
14.02029514,12.00028062,rate,circle,0.04115410522,4.016216755,-1.624647498,-0.01706704247,3.999927178,-2,-0.9160847664,0.01094786916,-0.0006580536719,-0.89996723,-0.007680169114,0,0.3801901538,0.02464166847,0.04685076023,-0.02809166722,0.01448592544,0.002874726662,-0.06473100395,0.008686634117,-0.00120349479,0.7286008298,0,0,0,1,0,0,0
14.03029609,12.01028156,rate,circle,0.03391891718,4.016401291,-1.624673605,-0.02606736125,3.999830116,-2,-0.9163213968,0.007638919167,-0.0007605463034,-0.8999235522,-0.01173031256,0,0.3804508644,0.02538966084,0.0615767308,-0.02828380652,0.01401687507,0.00234411913,-0.03472106032,0.01500787534,-5.697839129e-05,0.7285784103,0,0,0,1,0,0,0
14.04050875,12.02049422,rate,circle,0.02667997591,4.01655674,-1.624698281,-0.03525766674,3.9996892,-2,-0.91655761,0.004312464036,-0.0008396259509,-0.89986014,-0.01586595003,0,0.3807521051,0.0262045582,0.09292620278,-0.02905870229,0.01309876144,0.002451647073,-0.009559465594,0.02043043469,0.0008904409476,0.7285635573,0,0,0,1,0,0,0
14.05028248,12.03026795,rate,circle,0.01943728514,4.016684055,-1.624723434,-0.04405228853,3.99951479,-2,-0.9167747498,0.001033131266,-0.0009241312509,-0.8997816556,-0.01982352984,0,0.3809963389,0.02691875892,0.1225009585,-0.03010424785,0.01403670292,0.002984081861,0.006889350721,0.02436810624,0.001475355152,0.7285446465,0,0,0,1,0,0,0
14.06034565,12.04033113,rate,circle,0.004953674972,4.016870499,-1.624779701,-0.05310646291,3.999294802,-2,-0.9171499014,-0.005522495136,-0.001009454718,-0.8996826607,-0.02389790831,0,0.3800923011,0.02537280641,0.04421752252,-0.0339984633,0.01116453297,0.002775774105,-0.05560014819,0.00923838478,-0.001026979799,0.7284646724,0,0,0,1,0,0,0
14.07026601,12.05025148,rate,circle,-0.002292437246,4.016929626,-1.624810338,-0.06203107876,3.999037805,-2,-0.917309463,-0.008772209287,-0.001089146477,-0.8995670122,-0.02791398544,0,0.380336831,0.02612256489,0.07006881527,-0.03590248525,0.01125476509,0.00302380044,-0.02771800755,0.01613143767,2.412639454e-05,0.7284462798,0,0,0,1,0,0,0
14.08033323,12.06031871,rate,circle,-0.009541272186,4.016960144,-1.624841332,-0.07108655432,3.998736276,-2,-0.9173894525,-0.01202871557,-0.0011612128,-0.8994313243,-0.03198894944,0,0.3806099801,0.02687477848,0.1066393924,-0.03463694826,0.01196430717,0.003169392934,-0.004038019076,0.0218740641,0.0008916618142,0.7284306384,0,0,0,1,0,0,0
14.09028053,12.07026601,rate,circle,-0.01679258794,4.016962051,-1.624872804,-0.08003272543,3.998398049,-2,-0.9174700975,-0.01530601177,-0.001271683257,-0.8992791221,-0.03601472644,0,0.3808731424,0.02759310835,0.1417167441,-0.03061884269,0.01282365806,0.003139185952,0.01352826146,0.02617289412,0.001517030093,0.7284040629,0,0,0,1,0,0,0
14.10030389,12.08028936,rate,circle,-0.02405203879,4.016947746,-1.624926209,-0.08904567507,3.998016734,-2,-0.9175398946,-0.0185893625,-0.001298304298,-0.8991075301,-0.04007055378,0,0.3811337093,0.02833512365,0.1776149403,-0.02794817463,0.0134303337,0.00292834756,0.02812174182,0.02999336362,0.002028156589,0.7283913009,0,0,0,1,0,0,0
14.11028838,12.09027386,rate,circle,-0.03857821599,4.016832829,-1.625031233,-0.09802187914,3.997596484,-2,-0.9177130461,-0.02515188605,-0.001381683513,-0.8989184176,-0.04410984561,0,0.3801383464,0.02673109312,0.07665082268,-0.02441223525,0.01483327616,0.002136880299,-0.03970570692,0.01207278421,-0.0006323843405,0.7282946074,0,0,0,1,0,0,0
14.12035942,12.1003449,rate,circle,-0.04584448412,4.016732216,-1.625083089,-0.1070738842,3.997131739,-2,-0.917771697,-0.02847472019,-0.001422720379,-0.8987092826,-0.04818324787,0,0.3803891538,0.027455889,0.1085601074,-0.0224968493,0.01445331331,0.002247518394,-0.01404885143,0.01837647909,0.0004002551731,0.7282786169,0,0,0,1,0,0,0
14.1302855,12.11027098,rate,circle,-0.05313004926,4.01662302,-1.625150442,-0.1159934472,3.996633547,-2,-0.9177888632,-0.03176930919,-0.001443728455,-0.8984850961,-0.05219705124,0,0.3806094808,0.02814271526,0.1386632531,-0.01976158656,0.01427510474,0.002172180219,0.004882333497,0.02361407543,0.001159682432,0.7282616592,0,0,0,1,0,0,0
14.14041114,12.12039661,rate,circle,-0.06041705608,4.016484737,-1.625216842,-0.1250899456,3.996084293,-2,-0.9178402424,-0.03502167761,-0.001469827606,-0.8982379319,-0.05629047551,0,0.3808689755,0.02896157337,0.1710920557,-0.01727436855,0.01531696878,0.001863669138,0.02105324313,0.02873382243,0.001832693205,0.7282453295,0,0,0,1,0,0,0
14.15029383,12.1302793,rate,circle,-0.06770564616,4.016317844,-1.62528193,-0.133965685,3.995508255,-2,-0.917896688,-0.03827659041,-0.001404437004,-0.8979787147,-0.06028455826,0,0.3810998082,0.02971613623,0.1995094734,-0.01750005968,0.01425841171,0.0009078301373,0.03187482954,0.03246255496,0.002311291116,0.72825105,0,0,0,1,0,0,0
14.1604445,12.14042997,rate,circle,-0.08230347931,4.015909195,-1.62540555,-0.1430793422,3.99487551,-2,-0.9179157615,-0.04492489994,-0.00134551106,-0.8976939797,-0.06438570401,0,0.3800751549,0.0280972197,0.09490530181,-0.01989935897,0.01280147303,0.001030093175,-0.0350066153,0.01310427821,-0.0002943628446,0.7281841279,0,0,0,1,0,0,0
14.17027068,12.15025616,rate,circle,-0.0896120593,4.015666485,-1.625464797,-0.1518988204,3.994223345,-2,-0.9179344177,-0.04824949428,-0.001340018236,-0.8974005051,-0.06835446916,0,0.3802841926,0.02876885871,0.1217467272,-0.01914566755,0.01238157041,0.0002130082285,-0.01319204164,0.01941847896,0.0007021673248,0.7281757765,0,0,0,1,0,0,0
14.18029904,12.16028452,rate,circle,-0.09692143649,4.015395164,-1.625522971,-0.1608967005,3.993517557,-2,-0.9179390669,-0.05156643689,-0.001366078039,-0.8970829008,-0.07240351521,0,0.3805318768,0.02951321169,0.1511919254,-0.01722049527,0.01369289961,0.001986495685,0.005492388294,0.02505992841,0.001509632021,0.7281612266,0,0,0,1,0,0,0
14.19028544,12.17027092,rate,circle,-0.1115401387,4.01477766,-1.625641584,-0.1698536749,3.99277438,-2,-0.9178898931,-0.05828193203,-0.001390607446,-0.8967484709,-0.0764341537,0,0.3795113123,0.0278997611,0.04433239311,-0.007446258795,0.01823222451,0.001748583978,-0.06007924636,0.004455526957,-0.0009751903946,0.7280732841,0,0,0,1,0,0,0
14.20027971,12.18026519,rate,circle,-0.1188440397,4.014432907,-1.625702143,-0.1788142718,3.991990325,-2,-0.9178097844,-0.06155898049,-0.001357479021,-0.8963956464,-0.08046642231,0,0.3797354134,0.02859894076,0.06191574125,-0.004208891653,0.01942042448,0.001423283131,-0.03290636861,0.01277022006,0.0002542986115,0.7280732857,0,0,0,1,0,0,0
14.21028543,12.1902709,rate,circle,-0.1261481941,4.014059544,-1.625761509,-0.1877815061,3.991165012,-2,-0.9177384377,-0.06486289203,-0.001337388647,-0.8960242555,-0.08450167773,0,0.3799700947,0.02930829607,0.08185724946,-0.001947732409,0.0197234638,0.0003759928804,-0.01214958252,0.01917207761,0.001228459956,0.7280703286,0,0,0,1,0,0,0
14.2202847,12.20027018,rate,circle,-0.1407570541,4.013225079,-1.625893474,-0.196739168,3.990299902,-2,-0.917581141,-0.07150962204,-0.00134278019,-0.8956349559,-0.08853262558,0,0.3789660326,0.02780684716,0.07061636265,-0.00467056362,0.01719386503,-0.001150444965,-0.07570817587,-0.001385523825,-0.001068708166,0.7279821329,0,0,0,1,0,0,0
14.23029542,12.2102809,rate,circle,-0.1480537802,4.012783051,-1.625959516,-0.2057030915,3.989393435,-2,-0.9175697565,-0.07484056801,-0.001346355537,-0.8952270456,-0.09256639118,0,0.379179115,0.02855195632,0.0543779767,-0.01018487662,0.01338752825,0.0006809571641,-0.04760555472,0.007769846831,0.0002006737322,0.7279704755,0,0,0,1,0,0,0
14.24034619,12.22033167,rate,circle,-0.1553512812,4.012311935,-1.626024127,-0.2146986813,3.988442726,-2,-0.9175272584,-0.07817887515,-0.001284930389,-0.8947992269,-0.09661440657,0,0.3794071779,0.02929305858,0.04802355293,-0.01487737522,0.0107179489,4.649407856e-06,-0.0251718785,0.01521532773,0.001231943912,0.7279760905,0,0,0,1,0,0,0
14.25032115,12.23030663,rate,circle,-0.1626495719,4.01181078,-1.626087427,-0.2236220717,3.987458973,-2,-0.9175100923,-0.08159703761,-0.001273881062,-0.8943565378,-0.1006299323,0,0.3796330707,0.02999934892,0.05692066796,-0.01826035045,0.009167633019,0.001305306214,-0.008450385039,0.0205225555,0.001969258893,0.7279681432,0,0,0,1,0,0,0
14.26030302,12.2402885,rate,circle,-0.1699483395,4.011279583,-1.626149297,-0.232547137,3.986434451,-2,-0.91740942,-0.08491716534,-0.001222528401,-0.8938955031,-0.1046462117,0,0.379868712,0.03071862847,0.07995451677,-0.02371693589,0.007000830024,0.0001368238591,0.005830500008,0.02582352595,0.002615130712,0.7279719311,0,0,0,1,0,0,0
14.27028537,12.25027084,rate,circle,-0.1845120341,4.010124207,-1.626270056,-0.2414679363,3.985369798,-2,-0.917140007,-0.09161956608,-0.001158401486,-0.8934164092,-0.1086605713,0,0.3788546248,0.02923263326,0.06964301937,-0.03069138713,0.004450405017,0.0004812184488,-0.05980859175,0.00313711576,4.910953029e-05,0.7279043964,0,0,0,1,0,0,0
14.28039217,12.26037765,rate,circle,-0.1917913854,4.009503365,-1.626327157,-0.2504949906,3.984251058,-2,-0.916958034,-0.09497989714,-0.001099297544,-0.8929129759,-0.1127227457,0,0.3790978579,0.0299028753,0.05668432442,-0.03264659643,0.004027284216,0.0003372454375,-0.03278188115,0.01209272987,0.001211908628,0.7279122811,0,0,0,1,0,0,0
14.2902813,12.27026677,rate,circle,-0.1990705132,4.008853436,-1.626382589,-0.2593226098,3.983116684,-2,-0.9167666435,-0.09827715158,-0.001019007759,-0.892402508,-0.1166951744,0,0.3793186853,0.03055933643,0.06697798073,-0.03400941938,0.006862631533,-0.0009063600446,-0.01315614549,0.01909577207,0.002083743477,0.7279251665,0,0,0,1,0,0,0
14.30041385,12.28039932,rate,circle,-0.2063492835,4.008156776,-1.626438141,-0.2683621969,3.981913654,-2,-0.9165571332,-0.101583153,-0.0009320967365,-0.8918611442,-0.1207629886,0,0.3795823567,0.03128301087,0.09318298396,-0.03159077466,0.008394511417,0.0003259443329,0.004352351863,0.0252104027,0.002822510444,0.727940926,0,0,0,1,0,0,0
14.31026936,12.29025483,rate,circle,-0.2209047079,4.006677151,-1.626545548,-0.2771492742,3.980703986,-2,-0.9160652161,-0.1083566174,-0.0009005201864,-0.8913167937,-0.1247171734,0,0.3785581645,0.02968102326,0.06318008356,-0.03386323899,0.007331230678,0.000280365959,-0.06110258644,-0.0006815168595,0.0001728912539,0.7278686122,0,0,0,1,0,0,0
14.32026744,12.30025291,rate,circle,-0.228181079,4.005893707,-1.626597524,-0.2860578985,3.979437011,-2,-0.915786922,-0.1117746532,-0.0008654654375,-0.8907466547,-0.1287260543,0,0.3787863413,0.03025085146,0.05563574365,-0.03445410356,0.006419223268,0.0006996093434,-0.0341833516,0.008104583335,0.001320677323,0.7278705323,0,0,0,1,0,0,0
14.3302803,12.31026578,rate,circle,-0.2354484051,4.005074978,-1.626642108,-0.2949738906,3.978128005,-2,-0.915491879,-0.1151858717,-0.0008135727257,-0.8901576022,-0.1327382508,0,0.3790323711,0.03083137185,0.07072326825,-0.03240451589,0.006071015261,0.000746675767,-0.01287905143,0.01518374347,0.002217863275,0.7278793881,0,0,0,1,0,0,0
14.34031057,12.32029605,rate,circle,-0.242709741,4.004229069,-1.626674533,-0.3038993763,3.976776459,-2,-0.9151966572,-0.1185372397,-0.0007747648633,-0.8895494066,-0.1367547193,0,0.3793016236,0.03146836964,0.09882910844,-0.03162472695,0.006927485578,-0.0003376906971,0.004168039486,0.02149661738,0.002960247972,0.7278898927,0,0,0,1,0,0,0
14.35029411,12.33027959,rate,circle,-0.2572283745,4.002451897,-1.626737475,-0.3127771313,3.975391219,-2,-0.9145236015,-0.1252764314,-0.0007145417039,-0.8889260483,-0.1407497091,0,0.3783422485,0.02991935195,0.05668497152,-0.03270932287,0.005284816492,-0.0001624279103,-0.05823317503,-0.004229447287,0.0004456208031,0.7278423092,0,0,0,1,0,0,0
14.36038065,12.34036613,rate,circle,-0.264468044,4.001518726,-1.626760006,-0.3217400636,3.973951198,-2,-0.914116621,-0.1286202371,-0.0006069979281,-0.888278039,-0.1447830286,0,0.378613452,0.03048338226,0.05828323377,-0.03185320646,0.004866305273,-0.0006235344918,-0.03037064688,0.006097574374,0.001659350039,0.7278741562,0,0,0,1,0,0,0
14.37028217,12.35026765,rate,circle,-0.2717059851,4.000557423,-1.626781702,-0.3305321467,3.972498035,-2,-0.9136919975,-0.1319905818,-0.0005673592095,-0.887624116,-0.148739466,0,0.3788663939,0.03099002208,0.07872033789,-0.03018905036,0.005625519436,-0.0003025529149,-0.009968515032,0.01352757895,0.002536440924,0.7278876116,0,0,0,1,0,0,0
14.38031054,12.36029601,rate,circle,-0.2789419889,3.999567509,-1.626802921,-0.339430167,3.970986342,-2,-0.9132582545,-0.1353244036,-0.0005342642544,-0.8869438541,-0.1527435751,0,0.3791460963,0.03156201271,0.1084421465,-0.02751363628,0.00571523793,1.502835312e-05,0.007123681554,0.02029337018,0.003256629889,0.7279006398,0,0,0,1,0,0,0
14.39029527,12.37028074,rate,circle,-0.2861758769,3.998549461,-1.626823545,-0.3482826074,3.969441349,-2,-0.9127939939,-0.1387088895,-0.0004953658208,-0.8862486069,-0.1567271733,0,0.379427457,0.03208678101,0.1410147269,-0.02887574397,0.005567228887,-0.0003574617731,0.02072535298,0.02530097477,0.003825991482,0.7279145638,0,0,0,1,0,0,0
14.40032697,12.38031244,rate,circle,-0.3006204963,3.996422768,-1.626859665,-0.3571696087,3.967849047,-2,-0.911841929,-0.1454622895,-0.0004927440314,-0.885532071,-0.1607263239,0,0.3784811347,0.030421081,0.06331278666,-0.03254407272,0.001718758373,-0.00125377567,-0.04195310353,-0.002521333015,0.001255392938,0.7278623903,0,0,0,1,0,0,0
14.41028714,12.39027262,rate,circle,-0.3078342676,3.99531889,-1.626882076,-0.3659860456,3.966228424,-2,-0.9113391638,-0.1488331556,-0.000416717201,-0.8848027907,-0.1646937205,0,0.3787411642,0.03091779856,0.08914424335,-0.03070478328,0.0006127643283,-0.0005605302285,-0.01771941505,0.007370913693,0.00230955938,0.7278848161,0,0,0,1,0,0,0
14.42030525,12.40029073,rate,circle,-0.322250247,3.993022442,-1.62692368,-0.3748463484,3.964558529,-2,-0.9102611542,-0.1556017101,-0.0002416229254,-0.8840513382,-0.1686808568,0,0.377839231,0.02929294991,0.06276408078,-0.02395620942,0.004320717882,0.0001005294398,-0.07243172537,-0.01831020383,7.822340689e-05,0.7278744714,0,0,0,1,0,0,0
14.43027544,12.41026092,rate,circle,-0.329451859,3.991830349,-1.626942635,-0.3836567043,3.962856982,-2,-0.9096497297,-0.1589449495,-0.0001919869392,-0.8832856421,-0.1726455169,0,0.3780865233,0.02971207709,0.05455100859,-0.02156427316,0.006036176812,-0.0001671203063,-0.04213344285,-0.005710424698,0.001400241819,0.7278916481,0,0,0,1,0,0,0
14.44028878,12.42027426,rate,circle,-0.3366501629,3.9906106,-1.626960874,-0.3924974206,3.961108303,-2,-0.9090411663,-0.1622790396,-0.0001188853785,-0.8824987362,-0.1766238393,0,0.3783483732,0.03017097955,0.06582749305,-0.0198942814,0.005747813266,-0.0006736659561,-0.01841501563,0.004459874296,0.002441547896,0.7279153392,0,0,0,1,0,0,0
14.45027661,12.43026209,rate,circle,-0.3438450098,3.989362478,-1.626978278,-0.4013076749,3.959324412,-2,-0.9084082842,-0.1656624973,-6.267247954e-05,-0.8816959852,-0.1805884537,0,0.3786151718,0.0305995918,0.08890813675,-0.01998436637,0.00282509299,0.0001873157889,0.0001010334455,0.01222815123,0.003221898998,0.7279344286,0,0,0,1,0,0,0
14.46028519,12.44027066,rate,circle,-0.3510477543,3.988083839,-1.626995921,-0.410128094,3.957497113,-2,-0.9078981876,-0.1690391451,2.115782627e-05,-0.8808737007,-0.1845576423,0,0.3788905874,0.03116323305,0.1179175616,-0.02386056818,-0.001088214573,-0.000173591252,0.01395246039,0.01900235755,0.003794710066,0.7279603845,0,0,0,1,0,0,0
14.47031331,12.45029879,rate,circle,-0.3654446006,3.9854424,-1.627027869,-0.4189573986,3.955626421,-2,-0.9068123102,-0.1757106185,0.0002072652132,-0.8800318894,-0.1885308294,0,0.3779693407,0.02969161001,0.05625242985,-0.0311808344,-0.008481314406,0.0007094591274,-0.04812184921,-0.009007272111,0.001182252584,0.7279566169,0,0,0,1,0,0,0
14.48037338,12.46035886,rate,circle,-0.3726328015,3.984081984,-1.62704289,-0.4278062595,3.953709754,-2,-0.9061733484,-0.179028511,0.0002610359516,-0.8791693895,-0.1925128168,0,0.3782374769,0.03018457288,0.07432649684,-0.03281920776,-0.008043016307,0.0001232384529,-0.0223070704,0.003260606916,0.002269800672,0.727976578,0,0,0,1,0,0,0
14.49028826,12.47027373,rate,circle,-0.3798170686,3.982694149,-1.627057195,-0.4365188271,3.951781574,-2,-0.905528307,-0.1822963655,0.000296722661,-0.8783017084,-0.1964334722,0,0.3784930815,0.03067952898,0.104053492,-0.0305161383,-0.007099546026,-0.0002205817291,-0.003170721396,0.01301397132,0.003065762585,0.7279916374,0,0,0,1,0,0,0
14.5003314,12.48031688,rate,circle,-0.3870103359,3.981289864,-1.627070427,-0.4453352498,3.949788839,-2,-0.9048771262,-0.1855219156,0.0003296156356,-0.8774049774,-0.2004008624,0,0.3787751003,0.03124437017,0.1389349431,-0.02846156619,-0.003758073086,8.106337191e-05,0.01284575609,0.02179655203,0.003712128725,0.7280075645,0,0,0,1,0,0,0
14.5103159,12.49030137,rate,circle,-0.4013831317,3.978399754,-1.627094388,-0.4540911694,3.947768264,-2,-0.9034644961,-0.1920227259,0.0005311192363,-0.8764957188,-0.2043410262,0,0.3778558202,0.02965362647,0.06508531512,-0.02930937521,-0.004923466127,0.0002775004832,-0.04711816096,-0.006846035779,0.001197489894,0.7280125638,0,0,0,1,0,0,0
14.5203402,12.50032568,rate,circle,-0.4085621536,3.976913691,-1.627087474,-0.4628727836,3.945700076,-2,-0.9027380943,-0.1952672899,0.0005347999977,-0.8755650343,-0.2082927526,0,0.3781371265,0.03013841211,0.09104581698,-0.0286480207,-0.005404118448,-0.0001707914344,-0.02160381644,0.005927874648,0.002287692122,0.728027924,0,0,0,1,0,0,0
14.53032899,12.51031446,rate,circle,-0.4157550037,3.975398779,-1.627082586,-0.4716139088,3.943599836,-2,-0.9020743966,-0.1985331476,0.0005928868777,-0.874619926,-0.2122262589,0,0.3784161565,0.03068551399,0.1218579897,-0.02663122304,-0.004171066917,-0.0007673694054,-0.002753143185,0.0158675141,0.00310179215,0.72805579,0,0,0,1,0,0,0
14.54034019,12.52032566,rate,circle,-0.4229429066,3.973856449,-1.627077699,-0.480365085,3.941455481,-2,-0.9013966918,-0.2018192708,0.0005674818531,-0.8736549665,-0.2161642882,0,0.3787059177,0.03123627511,0.1539571544,-0.02407807298,-0.001899904688,-0.0006296301726,0.01227271317,0.0238220936,0.003758995508,0.7280624326,0,0,0,1,0,0,0
14.55033398,12.53031945,rate,circle,-0.4372978806,3.970691919,-1.627069116,-0.4890913236,3.939275555,-2,-0.8999050856,-0.2083247304,0.0005839692312,-0.8726739996,-0.2200910956,0,0.3778187306,0.02967019399,0.07202835885,-0.02016476355,0.001340673538,-0.001017786097,-0.04830190374,-0.006720766018,0.001322286644,0.7280325078,0,0,0,1,0,0,0
14.5603044,12.54028988,rate,circle,-0.4445036352,3.969058275,-1.627053022,-0.4977873036,3.937061641,-2,-0.8991964459,-0.2114888281,0.0006366710295,-0.8716777384,-0.2240042866,0,0.3780904416,0.0302377466,0.09267584661,-0.01996035129,0.003029035404,5.668710946e-05,-0.02474260897,0.006288226321,0.002347983256,0.728063624,0,0,0,1,0,0,0
14.5702877,12.55027318,rate,circle,-0.4517031908,3.967398405,-1.62703681,-0.5064844724,3.934805799,-2,-0.8984636664,-0.2146984339,0.0006867003976,-0.8706626095,-0.2279180126,0,0.3783712568,0.03079168049,0.118171351,-0.01874167658,0.003331636079,-0.0005318809999,-0.006248155978,0.01629202362,0.003195110207,0.7280937966,0,0,0,1,0,0,0
14.58030391,12.56028938,rate,circle,-0.4588965476,3.965711594,-1.627023339,-0.5152000315,3.93250328,-2,-0.8977363706,-0.2179495543,0.0007415789296,-0.869626476,-0.2318400142,0,0.3786614106,0.03136337011,0.1442048859,-0.01491116825,0.00518173771,-0.0009669197025,0.008199437165,0.02407135319,0.003879201286,0.7281240864,0,0,0,1,0,0,0
14.59027696,12.57026243,rate,circle,-0.4732951224,3.96223402,-1.626991153,-0.5238676417,3.930171675,-2,-0.896224618,-0.2244451195,0.0008752547437,-0.8685772536,-0.2357404388,0,0.3777845601,0.02987853848,0.07054687599,-0.01650311984,0.003102785675,-1.605267971e-05,-0.05423765744,-0.008810046422,0.001410474887,0.7281314825,0,0,0,1,0,0,0
14.60036135,12.58034682,rate,circle,-0.4804997444,3.960443258,-1.626972556,-0.5326212899,3.92777451,-2,-0.8954508305,-0.227715373,0.0009083384066,-0.8674985295,-0.2396795805,0,0.3780653072,0.030418719,0.08340496558,-0.0187714342,0.001522064093,7.996697241e-05,-0.02972981143,0.003987203764,0.002536472281,0.7281579522,0,0,0,1,0,0,0
14.61027813,12.59026361,rate,circle,-0.4876970947,3.958626032,-1.626954079,-0.5412187521,3.925378473,-2,-0.8946448565,-0.2309615463,0.0009386766469,-0.8664203126,-0.2435484384,0,0.3783295223,0.03091821213,0.102545464,-0.01818805747,0.003099361435,-0.0004991839523,-0.01172357925,0.01358187037,0.003390048734,0.7281828935,0,0,0,1,0,0,0
14.62031054,12.60029602,rate,circle,-0.5020880699,3.954907417,-1.626910686,-0.5499054956,3.922915481,-2,-0.8930412531,-0.2375519872,0.0009715051856,-0.8653119663,-0.247457473,0,0.3774991736,0.02946142932,0.08657287392,-0.01943670772,0.003180884058,-0.0003153283615,-0.06980723044,-0.01910313317,0.001172910925,0.7281676599,0,0,0,1,0,0,0
14.63027668,12.61026216,rate,circle,-0.5092862844,3.953003883,-1.626885891,-0.5585237525,3.920429957,-2,-0.8922876716,-0.2408368737,0.0009995891014,-0.8641934804,-0.2513356886,0,0.3777559097,0.03000846329,0.07841931671,-0.02227031812,0.0004200260737,-0.0005139178829,-0.04449477195,-0.005135520489,0.002360392725,0.7281941,0,0,0,1,0,0,0
14.64029717,12.62028265,rate,circle,-0.5164772272,3.951073885,-1.626862288,-0.5671776909,3.917891933,-2,-0.8915628195,-0.2440864891,0.001092224033,-0.8630513699,-0.2552299609,0,0.3780255698,0.03063123692,0.0818110454,-0.02480044588,-0.00130343216,-0.0002730208798,-0.02458539906,0.006533413017,0.003291075323,0.7282370742,0,0,0,1,0,0,0
14.6502943,12.63027978,rate,circle,-0.5236607194,3.949118137,-1.626838446,-0.5757999586,3.915320967,-2,-0.8907294869,-0.2473413795,0.001183410641,-0.8618944353,-0.2591099814,0,0.3782992131,0.03116665936,0.0959231397,-0.02427102439,0.0002745955717,-0.0004963820684,-0.008328419566,0.01559857051,0.004060571907,0.7282795564,0,0,0,1,0,0,0
14.66032267,12.64030814,rate,circle,-0.5308725238,3.947122812,-1.62679708,-0.5844374559,3.912703025,-2,-0.8899229765,-0.2505878806,0.00120202906,-0.8607163611,-0.2629968551,0,0.3785952234,0.03175616331,0.1167640529,-0.02448390238,0.0004791613901,0.0005636358401,0.004145981459,0.02314055513,0.004631917032,0.7283100912,0,0,0,1,0,0,0
14.67031193,12.6502974,rate,circle,-0.5452703834,3.943054676,-1.626716971,-0.5930294431,3.910056565,-2,-0.8882719278,-0.2570913136,0.001210917602,-0.859525454,-0.2668632494,0,0.3777698011,0.03038612853,0.0906016627,-0.02717786469,-0.0005544885644,-0.0006219086354,-0.05853262931,-0.01280737481,0.002266392982,0.7283021252,0,0,0,1,0,0,0
14.68034339,12.66032887,rate,circle,-0.552456677,3.940981388,-1.626678348,-0.6016456683,3.907360084,-2,-0.8874376416,-0.2603749931,0.001158519532,-0.8583120378,-0.2707405507,0,0.3780463002,0.03093683487,0.08819412615,-0.02783786692,-0.0006699235528,-0.0008355995524,-0.03546889701,0.0002583371679,0.003372433134,0.7283132876,0,0,0,1,0,0,0
14.69028258,12.67026806,rate,circle,-0.5596657991,3.93885994,-1.626622796,-0.6101705516,3.904650072,-2,-0.8865637779,-0.2636686563,0.001190806506,-0.8570925325,-0.2745767482,0,0.378327347,0.03144771523,0.09554153658,-0.02746768296,-2.640342609e-05,0.0007763862377,-0.01825960744,0.009838221219,0.004173769296,0.7283511017,0,0,0,1,0,0,0
14.70028973,12.6802752,rate,circle,-0.5668653846,3.936712742,-1.626573205,-0.6187413834,3.901883041,-2,-0.8856900334,-0.2669230402,0.001183496788,-0.8558473683,-0.2784336225,0,0.3786182755,0.03200748089,0.1119056918,-0.02532842755,0.0006988084642,-0.0001131677272,-0.004309613417,0.0181973399,0.004878298105,0.7283774599,0,0,0,1,0,0,0
14.71028495,12.69027042,rate,circle,-0.5812357664,3.93234086,-1.626476765,-0.6272894803,3.899080806,-2,-0.8838503361,-0.2735625207,0.001218113117,-0.8545863627,-0.2822802661,0,0.3778184526,0.03055917245,0.1063310276,-0.0256294962,-0.0006914778496,-0.0009327708394,-0.06491738378,-0.019879061,0.002652270129,0.7283804449,0,0,0,1,0,0,0
14.7203362,12.70032167,rate,circle,-0.5884442329,3.930096149,-1.626429081,-0.635872696,3.89622412,-2,-0.882920444,-0.2768346965,0.001278946758,-0.8533008541,-0.2861427132,0,0.378089943,0.03107402426,0.0978404645,-0.02714041062,-0.001305079903,4.349046503e-05,-0.04120660888,-0.0057376602,0.003779714859,0.728423194,0,0,0,1,0,0,0
14.73029804,12.71028352,rate,circle,-0.5956420898,3.927825689,-1.626382232,-0.644366728,3.893354568,-2,-0.8819814324,-0.280157268,0.001292533241,-0.8520095556,-0.2899650276,0,0.3783551048,0.03156225899,0.09909218088,-0.02833300643,-0.001540750265,-0.0001159541571,-0.02335306494,0.004649285026,0.004672335975,0.7284526624,0,0,0,1,0,0,0
14.74028945,12.72027493,rate,circle,-0.6028294563,3.925529718,-1.626336098,-0.6528729609,3.890438282,-2,-0.8810612559,-0.2834250629,0.001319371746,-0.8506972268,-0.2937928324,0,0.3786297309,0.03211239096,0.1086652793,-0.02850860171,-1.41789169e-05,0.0009812235367,-0.009228367823,0.01351967285,0.005364787945,0.728485864,0,0,0,1,0,0,0
14.75030351,12.73028898,rate,circle,-0.6171727777,3.920861959,-1.626247048,-0.6613852338,3.887477039,-2,-0.8791200519,-0.2898958325,0.001274492824,-0.8493646675,-0.2976233552,0,0.3778366883,0.0307688452,0.1238972343,-0.02941080183,-0.004477133509,9.302183025e-05,-0.06853254757,-0.02366896276,0.003204645265,0.7284674901,0,0,0,1,0,0,0
14.76029158,12.74027705,rate,circle,-0.6243419051,3.918472052,-1.626195192,-0.669862038,3.884485301,-2,-0.878136456,-0.2931549847,0.001260351273,-0.8480183855,-0.3014379171,0,0.3780968341,0.03126169583,0.1116668852,-0.03110941313,-0.007094483823,0.0004207152233,-0.04486470168,-0.00897132731,0.004325050578,0.7284921684,0,0,0,1,0,0,0
14.77028799,12.75027347,rate,circle,-0.6314999461,3.916057348,-1.626144886,-0.678332375,3.881452946,-2,-0.8771339059,-0.2964108288,0.001209587441,-0.8466538258,-0.3052495687,0,0.3783627721,0.03175880516,0.1090081336,-0.03179959953,-0.008579877205,-0.0004315795377,-0.02618899627,0.002864540341,0.005249716578,0.7285070095,0,0,0,1,0,0,0
14.78030658,12.76029205,rate,circle,-0.6457832456,3.911153078,-1.626049519,-0.6868077277,3.878375667,-2,-0.8751417398,-0.3029083908,0.001053402782,-0.84526905,-0.3090634775,0,0.3776192916,0.0305183936,0.1538270636,-0.03487752005,-0.008399858139,0.00100127887,-0.08168027305,-0.03351201642,0.003211695682,0.7284628607,0,0,0,1,0,0,0
14.7902894,12.77027488,rate,circle,-0.652921021,3.908647776,-1.625995398,-0.6952389417,3.875271397,-2,-0.8740777373,-0.3061558902,0.0009704906261,-0.8438721288,-0.3128575238,0,0.3778680083,0.03095533118,0.1331087178,-0.03749866784,-0.01053941529,0.0005433069309,-0.0552431952,-0.01695860373,0.004423247455,0.7284707163,0,0,0,1,0,0,0
14.80037665,12.78036213,rate,circle,-0.6600471139,3.906117916,-1.625942826,-0.7037441003,3.872096216,-2,-0.8730293512,-0.3094249666,0.0009382816497,-0.8424432971,-0.3166848451,0,0.3781344628,0.03144984763,0.1190217925,-0.04040881246,-0.01337006688,0.00131269847,-0.03388473384,-0.003367927119,0.005386476737,0.7284911808,0,0,0,1,0,0,0
14.81028962,12.7902751,rate,circle,-0.6671612859,3.903563261,-1.625891924,-0.7120881839,3.868938313,-2,-0.8718684316,-0.3126233816,0.0009049064829,-0.8410222409,-0.3204396828,0,0.3783836225,0.03183395824,0.1174052567,-0.04100066423,-0.01433040109,0.0002341166546,-0.01726629594,0.007279344134,0.006167498413,0.7285101024,0,0,0,1,0,0,0
14.82029676,12.80028224,rate,circle,-0.6813584566,3.898365498,-1.625753045,-0.7204971651,3.865712688,-2,-0.8695832491,-0.3189182878,0.0009640312637,-0.8395707097,-0.3242237243,0,0.3777020356,0.03049310633,0.1441042514,-0.04684143886,-0.02020349354,0.0005703237839,-0.07142263086,-0.02937779526,0.004163096708,0.7285385514,0,0,0,1,0,0,0
14.8302927,12.81027818,rate,circle,-0.6884365678,3.895725489,-1.625679612,-0.7288821439,3.862452904,-2,-0.8683868051,-0.3220113218,0.000998642412,-0.8381038069,-0.3279969648,0,0.377966483,0.03088503177,0.1267059399,-0.04721345752,-0.02131775022,0.0008990181959,-0.04553763127,-0.01173295552,0.005299861636,0.7285839094,0,0,0,1,0,0,0
14.8403852,12.82037067,rate,circle,-0.6955020428,3.893061876,-1.625607967,-0.7373331578,3.859123399,-2,-0.867136538,-0.3251632154,0.0009619006305,-0.8366055297,-0.331799921,0,0.3782473483,0.03125881605,0.123805806,-0.04661008716,-0.01801868156,0.0001766765636,-0.02412372541,0.002207780248,0.006248792189,0.7286102851,0,0,0,1,0,0,0
14.85033512,12.8303206,rate,circle,-0.7025544643,3.89037466,-1.625538349,-0.7456498994,3.855803391,-2,-0.8658623099,-0.3282498419,0.0009061702876,-0.8351115261,-0.3355424547,0,0.378515412,0.0316166736,0.1353661568,-0.04421583936,-0.01325790957,-1.761921339e-05,-0.007958549068,0.01309881339,0.006979348439,0.728630666,0,0,0,1,0,0,0
14.86031151,12.84029698,rate,circle,-0.7095865011,3.887644529,-1.625454187,-0.7539737531,3.8524372,-2,-0.8645805717,-0.3313693404,0.0008663547342,-0.83359674,-0.3392881889,0,0.3788064808,0.03199150758,0.1563377556,-0.04199146852,-0.01176442206,0.0007370485691,0.005229068215,0.02159578082,0.007559992553,0.7286598278,0,0,0,1,0,0,0
14.87029004,12.85027552,rate,circle,-0.7236103415,3.882114172,-1.625293255,-0.7622841963,3.849032938,-2,-0.8618473411,-0.3376222551,0.0007615439245,-0.8320648219,-0.3430278883,0,0.3781470349,0.0302786933,0.1261243021,-0.03910782933,-0.01000163984,-0.0001913151063,-0.04942023887,-0.02039233956,0.005481311317,0.7286552864,0,0,0,1,0,0,0
14.88029766,12.86028314,rate,circle,-0.7306017876,3.879314184,-1.625212789,-0.7706034267,3.845581306,-2,-0.8604362607,-0.3406617641,0.000682498212,-0.8305115879,-0.346771542,0,0.3784223725,0.0305496519,0.1330101808,-0.03828771412,-0.009669253603,0.001046708087,-0.02599072995,-0.004233396905,0.00648502345,0.7286737198,0,0,0,1,0,0,0
14.89028788,12.87027335,rate,circle,-0.7375694513,3.876475573,-1.625109911,-0.7788926012,3.842098346,-2,-0.8590325713,-0.343740344,0.0007036524476,-0.8289442556,-0.3505016706,0,0.3787241414,0.03084667574,0.1497472738,-0.03503357992,-0.008263117634,0.0009814080549,-0.007821773364,0.007921889448,0.00726657663,0.728724949,0,0,0,1,0,0,0
14.90035343,12.88033891,rate,circle,-0.7445191145,3.873616695,-1.625009537,-0.7872283672,3.838551467,-2,-0.8575513959,-0.3467949927,0.000743361772,-0.8273481603,-0.3542527652,0,0.3790402327,0.03111922877,0.1734840791,-0.02978441864,-0.005235566758,0.0001840821642,0.007590947591,0.0181240309,0.007946525513,0.7287804255,0,0,0,1,0,0,0
14.91029477,12.89028025,rate,circle,-0.7583752871,3.867830753,-1.624816179,-0.7954454112,3.835011334,-2,-0.8545131683,-0.3529307246,0.0006879772991,-0.8257551005,-0.3579504351,0,0.3784365306,0.02920098063,0.1300536663,-0.02879407816,-0.007388025522,0.001809392706,-0.04528860362,-0.02450310846,0.005867379967,0.7288008945,0,0,0,1,0,0,0
14.92029572,12.90028119,rate,circle,-0.7652636766,3.864894867,-1.624701262,-0.8036956586,3.831412921,-2,-0.8529539704,-0.3559666276,0.0006337333471,-0.8241358146,-0.3616630464,0,0.3787442422,0.02938259538,0.1405164607,-0.02826249227,-0.008272302337,0.000914675009,-0.02165012166,-0.007865495451,0.006867068828,0.7288372844,0,0,0,1,0,0,0
14.93028045,12.91026592,rate,circle,-0.7721377015,3.861936808,-1.624589682,-0.8119162933,3.827783339,-2,-0.851385951,-0.3590113521,0.0005792860757,-0.8225025023,-0.365362332,0,0.379053694,0.0295791164,0.1586146745,-0.02585998923,-0.008222011849,0.001067090197,-0.003268227946,0.005175598466,0.007620532521,0.7288721903,0,0,0,1,0,0,0
14.94037032,12.9203558,rate,circle,-0.7789973617,3.858956575,-1.624508858,-0.8202068426,3.824078051,-2,-0.8498346806,-0.3619355559,0.0005035945796,-0.8208351229,-0.3690930792,0,0.3793525151,0.0298740371,0.1840796664,-0.02546626702,-0.007455372252,0.001126218704,0.01193803943,0.01725226113,0.00823137675,0.7288921054,0,0,0,1,0,0,0
14.9503119,12.93029737,rate,circle,-0.7926629782,3.852932453,-1.624338627,-0.8283590038,3.820390442,-2,-0.8465940952,-0.3680042028,0.0003952055995,-0.8191756988,-0.3727615517,0,0.3787540838,0.02783086447,0.1346412063,-0.02672203258,-0.01291362569,0.001678692061,-0.0392471079,-0.02563442869,0.006147573389,0.7288910702,0,0,0,1,0,0,0
14.96034741,12.94033289,rate,circle,-0.7994684577,3.849888086,-1.624249339,-0.836571379,3.816631038,-2,-0.8449538946,-0.3710283339,0.0003102984629,-0.8174839671,-0.3764571205,0,0.3790398623,0.02800294502,0.1492305943,-0.02706140094,-0.01369229332,0.001937757479,-0.01596655075,-0.008026506392,0.007053851542,0.7289102949,0,0,0,1,0,0,0
14.97028589,12.95027137,rate,circle,-0.8062555194,3.846823931,-1.624163151,-0.8446875323,3.812871472,-2,-0.8433307409,-0.3739923239,0.0002662255138,-0.8157921622,-0.3801093895,0,0.3793192934,0.02821103835,0.1706033767,-0.02511914819,-0.01339042466,0.002510423074,0.001537046087,0.005989438511,0.007698212745,0.7289387105,0,0,0,1,0,0,0
14.98031378,12.96029925,rate,circle,-0.8130280972,3.843737364,-1.624079585,-0.8528595747,3.809041333,-2,-0.8416917324,-0.3770047426,0.0001918095513,-0.8140686,-0.3837868086,0,0.379613645,0.02844416729,0.1976416984,-0.02357003465,-0.01317451056,0.002195569919,0.01602606984,0.01738703419,0.00821342078,0.7289584569,0,0,0,1,0,0,0
14.99028993,12.9702754,rate,circle,-0.8264681697,3.837510824,-1.623883605,-0.8609722227,3.805194403,-2,-0.8383247852,-0.382889837,9.46487562e-05,-0.8123374812,-0.3874375002,0,0.3790757488,0.02638238366,0.1390961686,-0.02313425392,-0.01523084473,0.002337949816,-0.0332176082,-0.02422266548,0.006115724504,0.7289714159,0,0,0,1,0,0,0
15.0003705,12.98035598,rate,circle,-0.8331665993,3.834364414,-1.623787403,-0.8691521659,3.80127025,-2,-0.8366386294,-0.3858403862,4.024107329e-05,-0.8105716124,-0.3911184747,0,0.3793759386,0.02659603761,0.1592569475,-0.02161698975,-0.01720026881,0.002467794577,-0.01043759007,-0.005457380681,0.006945704488,0.729001324,0,0,0,1,0,0,0
15.01028943,12.99027491,rate,circle,-0.8398502469,3.831195831,-1.623694301,-0.8771834828,3.797372843,-2,-0.8348284364,-0.3887116611,-4.965818516e-05,-0.8088177795,-0.3947325672,0,0.3796626718,0.02669846532,0.1852269241,-0.01913996041,-0.01614717953,0.002627313137,0.007384732013,0.009181147691,0.007559180034,0.7290206271,0,0,0,1,0,0,0
15.02033281,13.00031829,rate,circle,-0.8465188146,3.828005552,-1.623604178,-0.8852977629,3.79339005,-2,-0.8330979943,-0.3915729523,-0.0001154427155,-0.8070255225,-0.3983839933,0,0.3799682281,0.02694767887,0.2156001896,-0.01794899441,-0.0140337823,0.002686077729,0.021577145,0.02175787069,0.008013857469,0.7290457967,0,0,0,1,0,0,0
15.03028941,13.01027489,rate,circle,-0.8597635627,3.821548939,-1.623400211,-0.8933240789,3.789405513,-2,-0.8295279145,-0.3973050117,-0.000158206647,-0.8052324809,-0.4019958355,0,0.3794560698,0.02474463485,0.1453908751,-0.01808580756,-0.01531631593,0.00287548406,-0.02678064187,-0.02063555929,0.00589196338,0.7290761914,0,0,0,1,0,0,0
15.04030156,13.02028704,rate,circle,-0.8663604856,3.818290472,-1.623302579,-0.901377093,3.785362522,-2,-0.8277478218,-0.4002174139,-0.0001934284228,-0.8034131351,-0.4056196918,0,0.379751708,0.02492787598,0.1695028765,-0.01577453315,-0.01669123955,0.00305833132,-0.00517449835,-0.00228196593,0.006629859947,0.7291109228,0,0,0,1,0,0,0
15.05030346,13.03028893,rate,circle,-0.8729430437,3.815010786,-1.623208165,-0.909403592,3.781287486,-2,-0.8259795904,-0.4029726684,-0.000316699472,-0.8015793686,-0.4092316164,0,0.3800509431,0.02519217249,0.1988097269,-0.01378308143,-0.01612106711,0.003513728501,0.01160712561,0.01368857775,0.007150621186,0.7291233756,0,0,0,1,0,0,0
15.06030774,13.04029322,rate,circle,-0.8795033097,3.811710596,-1.623106241,-0.9174135754,3.77717538,-2,-0.8241354823,-0.4057602882,-0.000444533187,-0.799728921,-0.4128361089,0,0.3803666321,0.02541544966,0.2302809919,-0.01136412937,-0.01268942468,0.003449366894,0.02545075932,0.02612738145,0.007545241139,0.7291369977,0,0,0,1,0,0,0
15.07028341,13.05026889,rate,circle,-0.8925793171,3.805047274,-1.622913003,-0.9253821382,3.77303917,-2,-0.8204777241,-0.4113074243,-0.0006717407377,-0.7978676265,-0.4164219622,0,0.3798620106,0.02319108117,0.1478078364,-0.009326150641,-0.009582389146,0.002347470261,-0.02289972013,-0.01651284388,0.005403030805,0.7291183747,0,0,0,1,0,0,0
15.08027792,13.0602634,rate,circle,-0.8990951777,3.801684141,-1.622821808,-0.9333470456,3.76885932,-2,-0.8186581135,-0.4140881598,-0.0007986517157,-0.7959866938,-0.4200061705,0,0.3801500335,0.02344470014,0.1727711167,-0.007764486596,-0.009756161831,0.003408874618,-0.002574426739,0.002147333023,0.006068604715,0.7291284075,0,0,0,1,0,0,0
15.09027648,13.07026196,rate,circle,-0.9055908322,3.798273325,-1.622729778,-0.941296292,3.764641972,-2,-0.8167899847,-0.4169261456,-0.0009074151167,-0.7940888876,-0.4235833314,0,0.3804454861,0.02367448704,0.1999461154,-0.005252195522,-0.009234497324,0.003046665573,0.01354695572,0.01619064703,0.006566243845,0.7291425854,0,0,0,1,0,0,0
15.10032177,13.08030725,rate,circle,-0.9185369611,3.791389227,-1.622555375,-0.9492635008,3.76036894,-2,-0.8130563498,-0.422567904,-0.001094517298,-0.7921660231,-0.4271685754,0,0.3799616077,0.02141891434,0.1171684533,-0.001220194157,-0.003885814454,0.003638307331,-0.03186352927,-0.02668008717,0.004576499111,0.7291260423,0,0,0,1,0,0,0
15.11027551,13.09026098,rate,circle,-0.9249845147,3.787918568,-1.62247324,-0.9571389644,3.756099372,-2,-0.8111971617,-0.4253630042,-0.001182343578,-0.7902447172,-0.430712534,0,0.3802273326,0.02165687729,0.1344911943,-0.001086994074,-0.003437325824,0.002925084438,-0.01083118347,-0.007172273959,0.005293306334,0.7291421396,0,0,0,1,0,0,0
15.12028742,13.10027289,rate,circle,-0.931409955,3.784411669,-1.622410536,-0.9650410836,3.751769308,-2,-0.8093515635,-0.4281139076,-0.001289636013,-0.7882961884,-0.4342684876,0,0.38048703,0.02197432217,0.1559832986,0.0004865603114,-0.002689860063,0.004033810459,0.005686742697,0.008735435681,0.005789773393,0.7291468714,0,0,0,1,0,0,0
15.1302774,13.11026287,rate,circle,-0.9378208518,3.780884743,-1.622350454,-0.9729063663,3.747413289,-2,-0.8074983954,-0.4308918715,-0.001379878027,-0.78633598,-0.4378078648,0,0.3807499322,0.02230656527,0.1794259915,0.001587283215,-0.001391008263,0.002462818986,0.01840111945,0.0210055869,0.006175311872,0.7291547631,0,0,0,1,0,0,0
15.1402874,13.12027287,rate,circle,-0.944217205,3.777337313,-1.622292995,-0.9807676957,3.743013117,-2,-0.80568856,-0.4336735308,-0.001513267169,-0.7843559028,-0.441345463,0,0.3810205638,0.0227207127,0.2030477889,0.003508706344,9.889234207e-05,0.003707659664,0.02802581719,0.03101031325,0.006402952211,0.7291510984,0,0,0,1,0,0,0
15.15029263,13.13027811,rate,circle,-0.9505990744,3.773769617,-1.622238517,-0.9886053941,3.7385797,-2,-0.8038437963,-0.4364560246,-0.001648467034,-0.7823608652,-0.4448724274,0,0.3812958809,0.02313157162,0.2277599712,0.003257900244,-0.0001002896242,0.005034104921,0.03591882193,0.03919819239,0.006519218469,0.7291459002,0,0,0,1,0,0,0
15.16028523,13.14027071,rate,circle,-0.9633428454,3.76655817,-1.622138262,-0.9964131918,3.734116706,-2,-0.8002001643,-0.4419736564,-0.001869701082,-0.7803525179,-0.4483859363,0,0.3806909371,0.02094139884,0.1260862728,0.00317962165,-0.003174124984,0.003816424171,-0.01630978551,-0.009621404226,0.004207673284,0.7290932831,0,0,0,1,0,0,0
15.17028975,13.15027523,rate,circle,-0.9696923494,3.762922287,-1.622091889,-1.00421012,3.729613261,-2,-0.7983419299,-0.4447342753,-0.001984952716,-0.7783259677,-0.4518945541,0,0.3809402942,0.02135060595,0.1475343642,0.004421326797,-0.002422084333,0.004859295208,0.0003026576768,0.007219826201,0.004702983337,0.7290902463,0,0,0,1,0,0,0
15.18028688,13.16027236,rate,circle,-0.9823502898,3.755581379,-1.622063041,-1.011980958,3.725078126,-2,-0.7948021889,-0.4501914978,-0.002262221416,-0.7762851567,-0.455391431,0,0.3803219295,0.01936588313,0.07811250403,0.01132432278,0.008252994157,0.004419218283,-0.04651900835,-0.03627271475,0.002714121151,0.7289974924,0,0,0,1,0,0,0
15.19028997,13.17027545,rate,circle,-0.9886621237,3.751873732,-1.622056961,-1.019735929,3.720505343,-2,-0.7930201292,-0.4529515207,-0.002466224367,-0.7742274043,-0.4588811681,0,0.3805134661,0.01985974548,0.07874696039,0.01475726347,0.01201791409,0.00406006258,-0.02622317222,-0.0154952766,0.003406019653,0.7289575256,0,0,0,1,0,0,0
15.2002995,13.18028498,rate,circle,-0.994959414,3.748145819,-1.622053146,-1.027475209,3.715894722,-2,-0.7912242413,-0.4556755424,-0.00265719695,-0.7721526247,-0.4623638439,0,0.3807114844,0.02038432317,0.08431376516,0.0147145763,0.01277276315,0.004109390546,-0.01063984974,0.0009334452783,0.003902049077,0.72892052,0,0,0,1,0,0,0
15.21028614,13.19027162,rate,circle,-1.00124228,3.744398117,-1.622051597,-1.035176017,3.711259949,-2,-0.7894367576,-0.4584372938,-0.002880783286,-0.7700669772,-0.4658292076,0,0.3809128933,0.02093150005,0.0937967362,0.01389999595,0.01152770314,0.00403095223,0.001021092667,0.01347170421,0.004239512176,0.7288742202,0,0,0,1,0,0,0
15.22040772,13.2003932,rate,circle,-1.007515907,3.740615129,-1.62205255,-1.04295955,3.706527286,-2,-0.7876951098,-0.4612141848,-0.003058072878,-0.7679372786,-0.4693317975,0,0.3811331888,0.02157821449,0.1081403078,0.01251133624,0.008925768547,0.004520796705,0.01033414232,0.02414044203,0.004463514651,0.7288394981,0,0,0,1,0,0,0
15.23027945,13.21026492,rate,circle,-1.020020843,3.732989311,-1.622059941,-1.050530097,3.70187735,-2,-0.7841985226,-0.4667314887,-0.003307548817,-0.7658448076,-0.4727385436,0,0.3804437629,0.01959294364,0.0906122818,0.004752053879,-0.0008785668178,0.003158920445,-0.0421708796,-0.02711218166,0.002284755277,0.7287369164,0,0,0,1,0,0,0
15.24029016,13.22027564,rate,circle,-1.026251793,3.729146242,-1.622067451,-1.058186069,3.697127645,-2,-0.78242594,-0.4695361555,-0.003411944956,-0.7637074402,-0.4761837311,0,0.3806284275,0.02015474794,0.08055923089,0.002627116628,-0.002041103086,0.002783099422,-0.02468145975,-0.00876042317,0.002878987642,0.7287172944,0,0,0,1,0,0,0
15.25028491,13.23027039,rate,circle,-1.032473087,3.725276232,-1.622067928,-1.065808402,3.692351161,-2,-0.7806887627,-0.4722889662,-0.003487122245,-0.7615580223,-0.4796137808,0,0.3808253593,0.02077975358,0.0789025455,0.0009015791584,-0.002197487978,0.003276708769,-0.01158965211,0.006030637831,0.003277934898,0.7287080612,0,0,0,1,0,0,0
15.26028562,13.24027109,rate,circle,-1.038680673,3.721386194,-1.622069836,-1.073413701,3.687537563,-2,-0.7790631652,-0.4750811458,-0.003586261533,-0.7593919034,-0.4830361654,0,0.3810292931,0.02151980833,0.08646085032,-0.0001263289159,-0.003176658647,0.004396849312,-0.002392314346,0.01774769124,0.003499980965,0.7286922932,0,0,0,1,0,0,0
15.27027392,13.2502594,rate,circle,-1.051055193,3.713545799,-1.622079253,-1.080987873,3.682695819,-2,-0.7756590843,-0.4806339443,-0.003817963647,-0.7572131185,-0.4864445427,0,0.3803574338,0.01971277642,0.1200481489,-0.00645929575,-0.007049066015,0.004446553998,-0.05173624712,-0.03186845444,0.001423180056,0.7285930413,0,0,0,1,0,0,0
15.2802949,13.26028037,rate,circle,-1.057221413,3.709595442,-1.622086048,-1.088564867,3.67780408,-2,-0.7739334702,-0.4833821654,-0.003872513305,-0.755011836,-0.4898541901,0,0.3805417951,0.02036938161,0.1018147755,-0.007624594029,-0.01108012814,0.004088280257,-0.03351934174,-0.01168463977,0.001994320369,0.7285870401,0,0,0,1,0,0,0
15.29027653,13.270262,rate,circle,-1.063394427,3.70560813,-1.62207675,-1.096090111,3.672897627,-2,-0.7722377181,-0.4861177206,-0.003986985423,-0.752803932,-0.4932405499,0,0.3807426529,0.02107849125,0.09267909129,-0.008605439216,-0.01121220645,0.003923550714,-0.02015643509,0.004095533992,0.002377068705,0.7285715364,0,0,0,1,0,0,0
15.30030608,13.28029156,rate,circle,-1.069553018,3.701601505,-1.622069478,-1.10362921,3.667933622,-2,-0.7705190182,-0.4888189137,-0.004104001913,-0.75057013,-0.4966331443,0,0.3809543183,0.02181428827,0.09338247084,-0.009942843579,-0.008510760963,0.003516511293,-0.009233745677,0.01722969089,0.002690437749,0.7285551869,0,0,0,1,0,0,0
15.31029439,13.29027987,rate,circle,-1.075697541,3.697575569,-1.62206459,-1.111114962,3.662956266,-2,-0.7688227296,-0.4915341139,-0.004263696261,-0.7483303196,-0.5000017328,0,0.3811667137,0.02257916173,0.1039328365,-0.01090404298,-0.007149706129,0.002762681339,-0.001079479585,0.02754995786,0.002917261449,0.72852691,0,0,0,1,0,0,0
15.32031584,13.30030131,rate,circle,-1.087972045,3.689461946,-1.622031212,-1.118602992,3.657928632,-2,-0.7654079199,-0.4970265925,-0.004482974298,-0.7460678842,-0.5033713462,0,0.3805167666,0.02084202337,0.1193297827,-0.01749050803,-0.01165744942,0.003632351523,-0.05032436763,-0.02386187083,0.0009301215921,0.7284467335,0,0,0,1,0,0,0
15.33028316,13.31026864,rate,circle,-1.094101787,3.685374498,-1.62200284,-1.126028017,3.652894705,-2,-0.7636851072,-0.4997652471,-0.004559478257,-0.743802617,-0.5067126078,0,0.3807309735,0.02154920135,0.1062142571,-0.01876557805,-0.01218647137,0.004164644051,-0.03370561959,-0.005053062442,0.001457756206,0.7284477222,0,0,0,1,0,0,0
15.34032536,13.32031083,rate,circle,-1.106316805,3.677141428,-1.621953249,-1.133485902,3.64778934,-2,-0.7602735758,-0.5051192045,-0.004668140318,-0.7415052031,-0.5100686559,0,0.3801566136,0.01996347706,0.1735768748,-0.01805829629,-0.007198027801,0.003704173025,-0.07603623772,-0.04953038227,-0.0001404285713,0.7284030823,0,0,0,1,0,0,0
15.35029507,13.33028054,rate,circle,-1.11243093,3.672987938,-1.621918678,-1.140867063,3.642687537,-2,-0.7585541606,-0.5077562928,-0.004712232854,-0.7392093917,-0.5133901783,0,0.3803580074,0.02069216972,0.1523063241,-0.01542487461,-0.0004085906839,0.003361646552,-0.05527557585,-0.025817208,0.0005664495983,0.7284152591,0,0,0,1,0,0,0
15.36033893,13.3403244,rate,circle,-1.118529558,3.668815851,-1.621892571,-1.1482799,3.637514357,-2,-0.7568127513,-0.5103393793,-0.004816561472,-0.7368814609,-0.5167259551,0,0.3805654922,0.0214765908,0.1330920897,-0.01540677343,0.002336478559,0.003731287783,-0.03870866856,-0.00648768839,0.001118541804,0.7284099492,0,0,0,1,0,0,0
15.37028146,13.35026693,rate,circle,-1.124612808,3.664624691,-1.621868968,-1.15559485,3.632360421,-2,-0.7550805211,-0.5130047798,-0.00491595827,-0.7345621893,-0.5200176824,0,0.3807675766,0.02223396924,0.1192260266,-0.01586994156,0.002466754755,0.003478105413,-0.02661969242,0.007439881566,0.001510275964,0.7284038627,0,0,0,1,0,0,0
15.38035917,13.36034465,rate,circle,-1.130680561,3.660414457,-1.621847987,-1.16298565,3.627103063,-2,-0.753298521,-0.5156870484,-0.005030542612,-0.7321963784,-0.5233435424,0,0.3809884677,0.02300497081,0.1089871626,-0.01760149933,0.0009737911168,0.003294270253,-0.01595205505,0.01935974313,0.001847555054,0.7283935726,0,0,0,1,0,0,0
15.39029169,13.37027717,rate,circle,-1.136763573,3.656172752,-1.621809244,-1.170246563,3.621888709,-2,-0.7516041398,-0.5183497071,-0.005116908811,-0.7298499188,-0.5266109531,0,0.3812148398,0.02382597471,0.1088211644,-0.02164077386,-0.005270172376,0.003100607079,-0.009208750039,0.02859253703,0.002037881933,0.7283964042,0,0,0,1,0,0,0
15.40031433,13.38029981,rate,circle,-1.148877382,3.647638559,-1.621741295,-1.177549658,3.616594198,-2,-0.7482092381,-0.5235914588,-0.005351551808,-0.7274673892,-0.5298973463,0,0.3806120069,0.02232997127,0.1454573277,-0.02791677974,-0.01374054048,0.002984338906,-0.05771977348,-0.0236387623,0.0002433717064,0.7283274477,0,0,0,1,0,0,0
15.41029811,13.39028358,rate,circle,-1.154910803,3.64334321,-1.621711731,-1.184800623,3.611287524,-2,-0.7464391589,-0.5261734724,-0.005431299098,-0.7250793857,-0.5331602803,0,0.3808188321,0.0231204327,0.1259333547,-0.02969510108,-0.01426809747,0.003454467282,-0.0408188346,-0.003856856202,0.0008189323256,0.7283294064,0,0,0,1,0,0,0
15.42034745,13.40033293,rate,circle,-1.160943389,3.639016628,-1.621690631,-1.192075055,3.605913156,-2,-0.7446695566,-0.5287755728,-0.005528036505,-0.7226609201,-0.5364337747,0,0.3810288693,0.02394968323,0.1155267311,-0.02970833518,-0.01200701296,0.00343308528,-0.02746745143,0.01198654778,0.001258731429,0.7283240837,0,0,0,1,0,0,0
15.43029594,13.41028142,rate,circle,-1.172959685,3.630308151,-1.621655703,-1.199252472,3.600560374,-2,-0.7410476804,-0.5339429975,-0.005678299349,-0.7202521681,-0.5396636122,0,0.3804216717,0.022302956,0.1678671649,-0.02543878555,0.0004862344358,0.003560805228,-0.07108310843,-0.03922655746,-0.0002925357576,0.7282646917,0,0,0,1,0,0,0
15.44031262,13.4202981,rate,circle,-1.178942919,3.625926256,-1.621641874,-1.206454799,3.595138495,-2,-0.7392482758,-0.5365235209,-0.005783192813,-0.7178123226,-0.5429046598,0,0.3806043367,0.02310117618,0.145434969,-0.02479420975,0.004592907149,0.002720026067,-0.05189539591,-0.01737587719,0.0003979400437,0.7282545323,0,0,0,1,0,0,0
15.45032048,13.43030596,rate,circle,-1.184943914,3.621518135,-1.621637821,-1.213626305,3.589689024,-2,-0.7374688983,-0.5390628576,-0.00585100567,-0.7153600608,-0.5461318371,0,0.3807803963,0.02393753193,0.1276979388,-0.02374540642,0.005355129018,0.003306573257,-0.0376858542,-6.162213597e-05,0.0008887130602,0.7282506292,0,0,0,1,0,0,0
15.46031594,13.44030142,rate,circle,-1.190925479,3.617094755,-1.621635795,-1.220764357,3.584214122,-2,-0.7356958389,-0.5416043401,-0.005848930217,-0.712896355,-0.5493439606,0,0.380960584,0.02477757414,0.1144596552,-0.02538425662,0.004048428964,0.003140585031,-0.02665361843,0.01362268046,0.00127985083,0.7282637221,0,0,0,1,0,0,0
15.47030354,13.45028901,rate,circle,-1.202837944,3.608193874,-1.621636629,-1.227872122,3.578711517,-2,-0.7320373058,-0.5467195511,-0.005927739199,-0.7104201824,-0.5525424548,0,0.3803350627,0.02315910888,0.1781044286,-0.03243868425,-0.007859986275,0.002509474987,-0.0701226203,-0.03869089808,-0.0002173315171,0.7282103756,0,0,0,1,0,0,0
15.48042703,13.4604125,rate,circle,-1.208785295,3.603701353,-1.621656299,-1.235051288,3.573101495,-2,-0.7301747799,-0.5493344665,-0.00595669169,-0.707895673,-0.5557730798,0,0.3804868066,0.02394361131,0.1470748575,-0.03588853404,-0.01483284868,0.002830100013,-0.0507611749,-0.01629440422,0.000473738289,0.728207759,0,0,0,1,0,0,0
15.49029708,13.47028255,rate,circle,-1.214715123,3.599190712,-1.621677041,-1.242026051,3.567600488,-2,-0.7282798886,-0.5518852472,-0.006033575628,-0.7054202195,-0.5589117228,0,0.3806206646,0.02466454676,0.1228662833,-0.03811228275,-0.01790156029,0.002189505612,-0.03660228969,0.000504997862,0.000998590243,0.7281915068,0,0,0,1,0,0,0
15.50032973,13.48031521,rate,circle,-1.22062695,3.594661951,-1.621699333,-1.249090606,3.561977163,-2,-0.7263836265,-0.5544438362,-0.006058327854,-0.7028897235,-0.5620907726,0,0.3807753531,0.02543899469,0.106103083,-0.03942388296,-0.01716501266,0.003093474079,-0.02445100191,0.01504305189,0.001415762379,0.7281886268,0,0,0,1,0,0,0
15.5103004,13.49028587,rate,circle,-1.226520896,3.59011507,-1.62172246,-1.256086287,3.556357041,-2,-0.724409759,-0.5569800138,-0.006091110408,-0.7003606684,-0.5652388293,0,0.3809299336,0.02614705373,0.1037068305,-0.04030800983,-0.0185208153,0.001943869283,-0.01434294884,0.0267538174,0.001786551292,0.7281828538,0,0,0,1,0,0,0
15.52034807,13.50033355,rate,circle,-1.238294125,3.580937624,-1.621740699,-1.26311042,3.550661816,-2,-0.7203934193,-0.5619543791,-0.006214282475,-0.6977978172,-0.5683996889,0,0.3802795971,0.02430474353,0.1150916026,-0.04525033012,-0.02379643545,0.002841122914,-0.05495861299,-0.02575632552,0.000370058741,0.7281134721,0,0,0,1,0,0,0
15.53030872,13.5102942,rate,circle,-1.244149685,3.576325893,-1.621752262,-1.270048229,3.544984627,-2,-0.7183668017,-0.5644088984,-0.006249071565,-0.695243082,-0.5715217029,0,0.3804265511,0.02498698258,0.09531786312,-0.04544001073,-0.02143280208,0.00252259546,-0.03738059715,-0.004493918671,0.001001511975,0.7281115778,0,0,0,1,0,0,0
15.54040432,13.5203898,rate,circle,-1.255803227,3.567050934,-1.621795893,-1.277053992,3.539198851,-2,-0.714179337,-0.5692840219,-0.006325074472,-0.6926394828,-0.5746742963,0,0.3798232224,0.02308737633,0.1347935946,-0.04127092287,-0.008992190473,0.00118941057,-0.07052189274,-0.05081332795,-5.377932869e-05,0.7280465462,0,0,0,1,0,0,0
15.55032325,13.53030872,rate,circle,-1.261613131,3.562371731,-1.621808171,-1.283911489,3.533483384,-2,-0.7120524645,-0.5716759562,-0.006399630569,-0.6900675227,-0.57776017,0,0.3799484343,0.02369199427,0.1051071405,-0.03748519346,-0.002254221588,0.002280517714,-0.04951361071,-0.02580002548,0.0007140680981,0.7280338978,0,0,0,1,0,0,0
15.56031895,13.54030442,rate,circle,-1.267403364,3.557676077,-1.621822357,-1.290796184,3.527692773,-2,-0.7099360228,-0.5740769506,-0.006488320883,-0.6874617481,-0.580858283,0,0.3800849274,0.02435524175,0.08121567337,-0.03692229465,-0.002696163952,0.001133136102,-0.03286217896,-0.005733784695,0.001365303585,0.7280173044,0,0,0,1,0,0,0
15.57032132,13.5503068,rate,circle,-1.273173809,3.552963734,-1.621838212,-1.297659336,3.521867356,-2,-0.7077817917,-0.5765175223,-0.006511882413,-0.6848403101,-0.5839467011,0,0.3802273841,0.02497816822,0.06973678267,-0.03504150361,-0.002269919263,0.001631801948,-0.01952126066,0.009796740423,0.001883132091,0.7280161698,0,0,0,1,0,0,0
15.58033466,13.56032014,rate,circle,-1.278924108,3.548234701,-1.62185514,-1.304503679,3.516004668,-2,-0.70556885,-0.5788857341,-0.006537355948,-0.6822021004,-0.5870266555,0,0.380376951,0.02559329235,0.07765718514,-0.03496870026,-0.005320946686,0.001530073816,-0.008293544229,0.02308132094,0.002324025503,0.7280144724,0,0,0,1,0,0,0
15.59031987,13.57030535,rate,circle,-1.290403843,3.538719893,-1.621850371,-1.311302417,3.5101278,-2,-0.7012525201,-0.5836547017,-0.00653423043,-0.6795575098,-0.5900860877,0,0.3798044231,0.02355275705,0.08065589146,-0.03723309934,-0.01484647207,0.001532516442,-0.04748226457,-0.0314108053,0.001028789021,0.727987025,0,0,0,1,0,0,0
15.6003859,13.58037138,rate,circle,-1.296111107,3.533940554,-1.621854424,-1.318129389,3.504172502,-2,-0.6990668178,-0.5860406756,-0.00654640561,-0.6768776257,-0.593158225,0,0.3799539682,0.02420485858,0.05999820108,-0.03888104111,-0.01676450856,0.002415352967,-0.02996968631,-0.00867329409,0.001671519705,0.7279935541,0,0,0,1,0,0,0
15.61031771,13.59030318,rate,circle,-1.301797867,3.529144764,-1.621860266,-1.324838817,3.498266368,-2,-0.6968271732,-0.5883316994,-0.006567537319,-0.6742198656,-0.5961774676,0,0.3800973814,0.0248148944,0.06683766834,-0.03704240546,-0.01497825421,0.0009245557594,-0.01639278062,0.009191473193,0.002216498361,0.7279968137,0,0,0,1,0,0,0
15.62041521,13.60040069,rate,circle,-1.307480097,3.524321795,-1.621845722,-1.331633054,3.492231017,-2,-0.6946101189,-0.5906617641,-0.006531671155,-0.6715039578,-0.5992348744,0,0.3802812658,0.02549618846,0.09456372174,-0.03534792736,-0.01336247008,0.001211666036,-0.005243687769,0.02423923556,0.002662152402,0.7280224213,0,0,0,1,0,0,0
15.63030362,13.6102891,rate,circle,-1.318781257,3.514627934,-1.621822119,-1.338259956,3.486290783,-2,-0.690020144,-0.5952838659,-0.006503118668,-0.6688308523,-0.60221698,0,0.3797379671,0.02322379608,0.05752352629,-0.03484204412,-0.01440756023,0.001084226533,-0.04260315077,-0.03125163708,0.001430368032,0.7280084397,0,0,0,1,0,0,0
15.6403172,13.62030268,rate,circle,-1.324400187,3.509757042,-1.62181282,-1.344943738,3.480245366,-2,-0.6877480149,-0.5975627303,-0.006448653527,-0.6661104145,-0.6052246819,0,0.3798927734,0.02384274282,0.05906506202,-0.03422425687,-0.01580936089,0.002434632974,-0.02555983866,-0.007753775543,0.002061098101,0.7280364534,0,0,0,1,0,0,0
15.65031743,13.63030291,rate,circle,-1.330021143,3.504866123,-1.621779561,-1.351591354,3.474178013,-2,-0.6854511499,-0.5998560786,-0.006412461866,-0.6633801057,-0.6082161091,0,0.3800759589,0.02445691666,0.08406901106,-0.03171687946,-0.01421069913,0.00149912457,-0.01242129179,0.01059629961,0.002574407311,0.7280682286,0,0,0,1,0,0,0
15.66037822,13.64036369,rate,circle,-1.335620403,3.499959469,-1.621742845,-1.358251605,3.468043793,-2,-0.6831405163,-0.6021096706,-0.006488017738,-0.6606197067,-0.6112132223,0,0.3802752389,0.02514271053,0.1176152616,-0.02901137061,-0.01008598134,0.0008467395091,-0.001738578045,0.02596581543,0.003019368339,0.7280734288,0,0,0,1,0,0,0
15.67031193,13.6502974,rate,circle,-1.341197968,3.495037556,-1.62170887,-1.364800417,3.46195753,-2,-0.6808112264,-0.6042927504,-0.006518257316,-0.6578808887,-0.6141601878,0,0.3804675319,0.02580027883,0.1516013513,-0.02783261798,-0.006984480657,0.0009852239164,0.006369087179,0.03803067937,0.003364823812,0.7280888999,0,0,0,1,0,0,0
15.68030095,13.66028643,rate,circle,-1.352317929,3.485147476,-1.62163198,-1.371358194,3.455807921,-2,-0.6761007309,-0.6087188125,-0.006552699022,-0.6551135644,-0.6171111875,0,0.3799811835,0.02353361387,0.07070309269,-0.02693124861,-0.009921384975,0.002466824371,-0.03129317812,-0.01826475454,0.002072273191,0.7280804233,0,0,0,1,0,0,0
15.69029546,13.67028093,rate,circle,-1.357861519,3.480175972,-1.621588945,-1.37789184,3.449625496,-2,-0.6737036705,-0.610920608,-0.006575180218,-0.6523314731,-0.6200513279,0,0.3801703192,0.02415313355,0.09982986397,-0.02648876607,-0.01011300366,0.001738593332,-0.01629121934,0.003490622574,0.002664086836,0.7281010609,0,0,0,1,0,0,0
15.70034194,13.68032742,rate,circle,-1.363382697,3.475189924,-1.621548653,-1.384431373,3.443381368,-2,-0.6713762283,-0.6130434275,-0.006579532288,-0.6495216157,-0.6229941177,0,0.3803685756,0.02489840504,0.1334563491,-0.02514369413,-0.006074599456,0.001886561164,-0.004885244116,0.02169333308,0.003117024342,0.7281264184,0,0,0,1,0,0,0
15.71028924,13.69027472,rate,circle,-1.374395847,3.4651618,-1.621466756,-1.390878467,3.437169819,-2,-0.6665902138,-0.6173340678,-0.006502302364,-0.6467264186,-0.6258953104,0,0.379924525,0.02258639347,0.06014885077,-0.01825108193,0.002050321782,0.0008561954601,-0.04054053882,-0.03255101214,0.002009356377,0.7281489396,0,0,0,1,0,0,0
15.72031236,13.70029783,rate,circle,-1.379887104,3.460119486,-1.621427655,-1.397346512,3.4308818,-2,-0.6641637683,-0.6195411682,-0.006483585108,-0.6438968098,-0.6288059305,0,0.3801008991,0.02320823779,0.07410206088,-0.01633444615,0.003743577283,0.0008649168885,-0.02447846989,-0.008887169316,0.002687079554,0.7281787574,0,0,0,1,0,0,0
15.73029494,13.71028042,rate,circle,-1.385355115,3.455062151,-1.621391058,-1.403760147,3.424590274,-2,-0.6618161798,-0.6217393279,-0.006478748284,-0.6410656234,-0.6316920662,0,0.3802788601,0.02390850822,0.09519821857,-0.01448493823,0.002617237391,0.001257870696,-0.01303172807,0.009609977746,0.003183130885,0.7282044477,0,0,0,1,0,0,0
15.74032998,13.72031546,rate,circle,-1.39079845,3.449993134,-1.621356964,-1.41017893,3.418236717,-2,-0.6594102979,-0.6239002347,-0.006461003795,-0.6382065225,-0.6345805186,0,0.3804663213,0.02460514422,0.1221464449,-0.01378250029,0.0004720347642,0.0005237842561,-0.003431203075,0.02510116985,0.003625172427,0.7282328396,0,0,0,1,0,0,0
15.75030088,13.73028636,rate,circle,-1.401697874,3.439767838,-1.621272683,-1.416528209,3.411895121,-2,-0.6546127796,-0.6281456351,-0.006363745313,-0.6353528043,-0.6374376942,0,0.3800410606,0.02231112422,0.06718815888,-0.01837366261,-0.01052890532,0.001266128384,-0.04025391173,-0.03015475664,0.002508568551,0.7282613182,0,0,0,1,0,0,0
15.76035953,13.740345,rate,circle,-1.407112002,3.434633493,-1.621234179,-1.422904463,3.405468922,-2,-0.6522136331,-0.6303312182,-0.006415832322,-0.6324610149,-0.6403070082,0,0.380215099,0.02304007845,0.07921597151,-0.01881828345,-0.01495075505,0.001314209774,-0.0254089983,-0.005940463783,0.003133253225,0.7282735073,0,0,0,1,0,0,0
15.77030182,13.75028729,rate,circle,-1.412502289,3.429484606,-1.621198654,-1.429178313,3.399088757,-2,-0.6497924328,-0.6324887872,-0.006445540115,-0.6295899405,-0.643130241,0,0.3803846173,0.02372606633,0.1032732424,-0.01858120225,-0.01429325528,0.001866047853,-0.01425419569,0.0126573124,0.00359850995,0.7282897649,0,0,0,1,0,0,0
15.7803359,13.76032138,rate,circle,-1.417912602,3.424290657,-1.621158004,-1.435481081,3.392621293,-2,-0.6474375725,-0.6346200109,-0.006454813294,-0.6266795818,-0.6459664865,0,0.380569124,0.02452144574,0.1336030453,-0.01759011112,-0.01293206494,0.0008640933665,-0.006244410156,0.02823873786,0.003974087388,0.7283139788,0,0,0,1,0,0,0
15.79031277,13.77029824,rate,circle,-1.428661346,3.413860559,-1.621084571,-1.44171889,3.38616256,-2,-0.6426955462,-0.6388890147,-0.006400028709,-0.6237731519,-0.6487735005,0,0.3801507346,0.02228722573,0.07991216636,-0.01820108853,-0.008397010155,0.001197914593,-0.04325469648,-0.02869617365,0.002874533504,0.7283279396,0,0,0,1,0,0,0
15.80032587,13.78031135,rate,circle,-1.433999538,3.408624649,-1.621050954,-1.447950138,3.379652274,-2,-0.6402745843,-0.6410484314,-0.006374842953,-0.6208435233,-0.6515775623,0,0.3803109219,0.02300146413,0.0908682438,-0.01715571061,-0.006249478552,0.001084683347,-0.02900539685,-0.005370634179,0.003489876777,0.7283577431,0,0,0,1,0,0,0
15.81030893,13.79029441,rate,circle,-1.4393121,3.40337801,-1.621019483,-1.454133426,3.373133634,-2,-0.6379063129,-0.643103838,-0.006294180639,-0.6179101355,-0.6543600419,0,0.3804742127,0.02379424195,0.1108722097,-0.01594289765,-0.003717984306,0.001510091592,-0.01856912688,0.01364698551,0.003952329539,0.7284016905,0,0,0,1,0,0,0
15.82032633,13.8003118,rate,circle,-1.449940443,3.392768145,-1.620920062,-1.460308481,3.366564722,-2,-0.6330442429,-0.6473485827,-0.006310182624,-0.614954125,-0.6571388165,0,0.3801259198,0.02151556287,0.09926176371,-0.0180299636,-0.006841692142,0.0002985006431,-0.05224524102,-0.04169658206,0.003108033603,0.7284066941,0,0,0,1,0,0,0
15.83029699,13.81028247,rate,circle,-1.455217242,3.387442827,-1.620874524,-1.466425263,3.359998878,-2,-0.6306107044,-0.649533689,-0.006273582578,-0.611999495,-0.6598913684,0,0.3802826798,0.02220397432,0.09423895132,-0.02051891387,-0.01070709713,0.001860309741,-0.03720009739,-0.01684338404,0.003741606352,0.7284432128,0,0,0,1,0,0,0
15.8403194,13.82030487,rate,circle,-1.460469723,3.382103682,-1.620822906,-1.472544033,3.353371372,-2,-0.6281918287,-0.6516190767,-0.006243503187,-0.6090171174,-0.6626448149,0,0.380455783,0.02298298907,0.1017892465,-0.02164773457,-0.01178910211,0.00194325787,-0.02538579786,0.004046932746,0.004248881472,0.7284812667,0,0,0,1,0,0,0
15.8503232,13.83030868,rate,circle,-1.465735078,3.376713037,-1.620757818,-1.47862158,3.346728712,-2,-0.6257715225,-0.6537863612,-0.006244198885,-0.6060279202,-0.6653797111,0,0.3806438679,0.02373195343,0.1189573385,-0.02320755087,-0.01258787606,0.002284386894,-0.01671443749,0.0196179966,0.004627687999,0.7285156561,0,0,0,1,0,0,0
15.86035037,13.84033585,rate,circle,-1.470975518,3.37130928,-1.620695949,-1.484683252,3.340043149,-2,-0.6233661771,-0.6559243798,-0.006229232065,-0.603019417,-0.6681074635,0,0.3808372833,0.02451981865,0.1439061114,-0.02409568429,-0.01333362889,0.001528784051,-0.00988091581,0.03275102329,0.00498985934,0.7285532114,0,0,0,1,0,0,0
15.87029815,13.85028362,rate,circle,-1.481380939,3.360462666,-1.620581031,-1.490667059,3.333383561,-2,-0.618416965,-0.6601388454,-0.006284842268,-0.6000226022,-0.6708001765,0,0.3804973904,0.02217015572,0.1071438763,-0.02440820448,-0.01492331456,0.001728553325,-0.04456453735,-0.02783982999,0.004105791118,0.7285531628,0,0,0,1,0,0,0
15.88029432,13.8602798,rate,circle,-1.4865762,3.354983568,-1.620527506,-1.496649889,3.326664656,-2,-0.6159038544,-0.6622047424,-0.006349952426,-0.5969990954,-0.6734924499,0,0.3806610221,0.02291558741,0.115576524,-0.0245830752,-0.01488557644,0.000861920591,-0.03137631458,-0.004628409244,0.004699461104,0.7285670334,0,0,0,1,0,0,0
15.89032125,13.87030673,rate,circle,-1.491745353,3.349492788,-1.62047708,-1.502620702,3.319898112,-2,-0.6133929491,-0.6642151475,-0.006375023164,-0.5939541502,-0.676179316,0,0.380830362,0.02369913816,0.1332905091,-0.02367859147,-0.01084816549,0.002325468231,-0.02104222538,0.01428327204,0.005181412303,0.7285904511,0,0,0,1,0,0,0
15.90037966,13.88036513,rate,circle,-1.496888757,3.343990326,-1.620423317,-1.50857952,3.31308333,-2,-0.6108689308,-0.6662421227,-0.006397761405,-0.5908874986,-0.6788607839,0,0.3810123025,0.02448304709,0.156466132,-0.02266401425,-0.007767013274,0.001945075463,-0.01280782687,0.02940838318,0.00559780794,0.7286156839,0,0,0,1,0,0,0
15.91033888,13.89032435,rate,circle,-1.507104278,3.332912207,-1.620316625,-1.514449129,3.306309242,-2,-0.6057705283,-0.6703916192,-0.006460176781,-0.5878391588,-0.6815021082,0,0.38068508,0.02206152448,0.1174961681,-0.02503115498,-0.009301371872,0.001563576399,-0.04526972057,-0.03207030663,0.004790338954,0.7286104977,0,0,0,1,0,0,0
15.92038584,13.90037131,rate,circle,-1.512176394,3.327336788,-1.620263934,-1.520339627,3.29944889,-2,-0.603217721,-0.6724821329,-0.006503922399,-0.5847520007,-0.6841528321,0,0.3808462326,0.02279230245,0.123894047,-0.02543430403,-0.01111949608,0.002116238,-0.03177023606,-0.008289218903,0.005386625295,0.7286291055,0,0,0,1,0,0,0
15.93032122,13.91030669,rate,circle,-1.517222643,3.32174921,-1.620214343,-1.526134145,3.292638608,-2,-0.6006031036,-0.6746001244,-0.00653896993,-0.5816873736,-0.6867603653,0,0.3810039203,0.02341867696,0.1372812351,-0.0257677976,-0.01080955938,0.002564045833,-0.02122640193,0.009359205138,0.00586143746,0.7286477425,0,0,0,1,0,0,0
15.94033265,13.92031813,rate,circle,-1.527242184,3.310487986,-1.620114207,-1.531942163,3.285750057,-2,-0.5952545404,-0.6787629128,-0.006695357617,-0.5785875256,-0.6893739734,0,0.3807194117,0.02086173062,0.1276977929,-0.02649314143,-0.01000864059,0.001587349339,-0.04869481252,-0.04932526431,0.00526739987,0.7286147832,0,0,0,1,0,0,0
15.95031595,13.93030143,rate,circle,-1.532214165,3.30481863,-1.62006402,-1.537702898,3.278854877,-2,-0.5925899744,-0.680834949,-0.006750162225,-0.5754846948,-0.6919663041,0,0.3808616434,0.02149563553,0.1230464918,-0.02723243646,-0.01321068686,0.001561772195,-0.03399843833,-0.02329689204,0.005920362293,0.7286285064,0,0,0,1,0,0,0
15.96034074,13.94032621,rate,circle,-1.537159562,3.299137831,-1.620025158,-1.543456343,3.271905074,-2,-0.5899009705,-0.6828989983,-0.006748288404,-0.5723572833,-0.6945553543,0,0.3810015132,0.0221176624,0.1277425291,-0.0274075456,-0.01305710617,0.002501325216,-0.02217888961,-0.002487292236,0.006448108229,0.7286525787,0,0,0,1,0,0,0
15.97032642,13.9503119,rate,circle,-1.542078376,3.29344511,-1.619989395,-1.549156121,3.264956645,-2,-0.5872097015,-0.685008049,-0.006863365415,-0.5692304903,-0.6971202543,0,0.3811426858,0.02273902679,0.141519719,-0.02782534808,-0.01570198312,0.002382723615,-0.01307233407,0.01359102492,0.006881855558,0.7286453605,0,0,0,1,0,0,0
15.98038888,13.96037436,rate,circle,-1.54698205,3.287709236,-1.619960308,-1.554868076,3.257928959,-2,-0.584487915,-0.6870601177,-0.006891507655,-0.5660680315,-0.6996906343,0,0.3812862727,0.02337338093,0.1637060482,-0.02860719897,-0.01779322885,0.002077408601,-0.005332929753,0.02742673911,0.007272132498,0.7286580687,0,0,0,1,0,0,0
15.99032044,13.97030592,rate,circle,-1.556708336,3.276204824,-1.619909644,-1.56047447,3.250967397,-2,-0.5789484978,-0.6910885572,-0.006987398025,-0.5629353285,-0.7022135116,0,0.380945915,0.02071255491,0.1297587307,-0.03005606867,-0.02364274487,0.00214457605,-0.03337530589,-0.03570731148,0.006639262777,0.7286214709,0,0,0,1,0,0,0
16.00031543,13.9803009,rate,circle,-1.561530828,3.270436525,-1.619888663,-1.566085197,3.243936154,-2,-0.5762271881,-0.693069756,-0.007105559111,-0.5597712695,-0.7047383386,0,0.3810612027,0.02138789484,0.1395895666,-0.03068159148,-0.02224764042,0.002718127565,-0.02105824533,-0.01102142502,0.007170396803,0.7286084024,0,0,0,1,0,0,0
16.0103035,13.99028897,rate,circle,-1.5663445,3.264629841,-1.619870782,-1.571660394,3.236884638,-2,-0.5734581947,-0.695058763,-0.007156718522,-0.556598087,-0.7072471771,0,0.3811774882,0.02200089293,0.157759384,-0.02834179252,-0.01901511289,0.002646286972,-0.01132554307,0.00795177792,0.007614283984,0.7286106779,0,0,0,1,0,0,0
16.02043152,14.00041699,rate,circle,-1.57112968,3.258816242,-1.61984098,-1.577281288,3.229708802,-2,-0.5706350207,-0.6969693303,-0.007238626014,-0.5533689609,-0.7097765797,0,0.3813213424,0.02268347779,0.1822940844,-0.02486326732,-0.0119995065,0.00258539943,-0.002767565593,0.02455150727,0.008036935034,0.7286103537,0,0,0,1,0,0,0
16.030303,14.01028848,rate,circle,-1.580617547,3.247159004,-1.619790792,-1.58272828,3.222690145,-2,-0.5650373697,-0.7008651495,-0.007434487808,-0.5502105652,-0.7122277262,0,0.3810016034,0.02010507122,0.1394245837,-0.02293586731,-0.01038954407,0.002867374569,-0.03050259758,-0.03991805507,0.007401990109,0.728548827,0,0,0,1,0,0,0
16.04030514,14.02029061,rate,circle,-1.585332751,3.241303444,-1.619765759,-1.588215511,3.215553985,-2,-0.5621668696,-0.7028307915,-0.00752088055,-0.5469992934,-0.7146969799,0,0.3811160234,0.02067427004,0.1490430356,-0.02136472799,-0.01322368253,0.002402182203,-0.0180931653,-0.01508133295,0.007958881719,0.7285443681,0,0,0,1,0,0,0
16.050313,14.03029847,rate,circle,-1.590020061,3.235437155,-1.619743943,-1.593673678,3.208389097,-2,-0.5593176484,-0.7048008442,-0.007671211846,-0.5437750934,-0.717153155,0,0.381234331,0.02128375176,0.1650431081,-0.02074055932,-0.01260594744,0.00281566917,-0.008629804391,0.004509291996,0.008407170205,0.7285226529,0,0,0,1,0,0,0
16.06030965,14.04029512,rate,circle,-1.594679594,3.229560852,-1.619725585,-1.599093465,3.201207763,-2,-0.5564776659,-0.7066944838,-0.007743434981,-0.5405434934,-0.7195920593,0,0.3813554911,0.02191360523,0.1857914395,-0.01761321537,-0.01085290499,0.002147743944,-0.001386889371,0.02058833009,0.008798217273,0.7285199524,0,0,0,1,0,0,0
16.07030773,14.05029321,rate,circle,-1.603915215,3.217777252,-1.619698048,-1.604481661,3.194001089,-2,-0.5507419705,-0.7105032206,-0.008007483557,-0.5373004898,-0.7220167475,0,0.3810448816,0.01942561448,0.1499993705,-0.01553166378,-0.01230731048,0.003779067658,-0.02701564574,-0.04167279672,0.0081871294,0.728433113,0,0,0,1,0,0,0
16.08030534,14.06029081,rate,circle,-1.608510375,3.211865664,-1.619682312,-1.609837124,3.18677059,-2,-0.5478880405,-0.7124273777,-0.00808697287,-0.5340467656,-0.7244267058,0,0.3811470409,0.02002408293,0.157309695,-0.01571614295,-0.01494747866,0.002964189975,-0.01609060155,-0.0163384735,0.008667326281,0.7284273701,0,0,0,1,0,0,0
16.090307,14.07029247,rate,circle,-1.613076806,3.205946922,-1.619669676,-1.615162155,3.179513126,-2,-0.5450129509,-0.7143065333,-0.00819589477,-0.5307809065,-0.7268229697,0,0.3812535243,0.02064909098,0.171135249,-0.01464727614,-0.01492749806,0.003889719024,-0.007459470889,0.004082562167,0.009045923944,0.7284132136,0,0,0,1,0,0,0
16.10034442,14.0803299,rate,circle,-1.622125268,3.194078445,-1.619653344,-1.620473333,3.172205689,-2,-0.5392075777,-0.7179821134,-0.008367575705,-0.5274925602,-0.7292129997,0,0.3809786411,0.01825899142,0.1592804261,-0.01252490468,-0.01411941275,0.003465618007,-0.03071952421,-0.05398468892,0.008523883782,0.7283463702,0,0,0,1,0,0,0
16.11031032,14.09029579,rate,circle,-1.626636267,3.188117027,-1.619650364,-1.625713956,3.164926665,-2,-0.5363720059,-0.7197619081,-0.008427549154,-0.524216999,-0.7315712801,0,0.3810570682,0.01892693971,0.1580446692,-0.01246253587,-0.01772812009,0.004247625824,-0.01996403163,-0.02559113066,0.008955922391,0.7283417955,0,0,0,1,0,0,0
16.12053466,14.10052013,rate,circle,-1.631119251,3.182146311,-1.619650006,-1.631056504,3.157434526,-2,-0.5335001349,-0.721504271,-0.008488606662,-0.5208455366,-0.7339754267,0,0.3811519303,0.01969073458,0.1669496977,-0.01267023757,-0.02142348886,0.003873362672,-0.01055533784,-0.000724372933,0.009356429467,0.7283371715,0,0,0,1,0,0,0
16.130301,14.11028647,rate,circle,-1.635573983,3.176165819,-1.619652271,-1.636127491,3.150255117,-2,-0.5306426287,-0.7233086228,-0.008580759168,-0.5176148028,-0.7362573707,0,0.3812296756,0.02027372063,0.1811929939,-0.01159617677,-0.02208721451,0.003787316615,-0.004931488151,0.01510436537,0.009631058356,0.7283212239,0,0,0,1,0,0,0
16.14033055,14.12031603,rate,circle,-1.644420028,3.164166212,-1.619691372,-1.641302255,3.142859094,-2,-0.5248989463,-0.7268735766,-0.008743067272,-0.5142865922,-0.7385860147,0,0.3809177948,0.01806223935,0.1636704187,-0.01076314412,-0.01804570854,0.004560007248,-0.02937527256,-0.04486908603,0.00899023131,0.7282379274,0,0,0,1,0,0,0
16.15031552,14.130301,rate,circle,-1.648810625,3.158147573,-1.619719028,-1.646420806,3.135472823,-2,-0.522002399,-0.728598237,-0.008779966272,-0.5109627702,-0.7408893625,0,0.3809638734,0.01870916827,0.1650062762,-0.01008397713,-0.01656944863,0.004581695888,-0.01916768303,-0.01790330522,0.009379341498,0.728228021,0,0,0,1,0,0,0
16.16036153,14.140347,rate,circle,-1.653172255,3.152122974,-1.619748473,-1.651537099,3.128018267,-2,-0.5191265345,-0.7302780151,-0.008764031343,-0.5076082201,-0.7431916946,0,0.3810182861,0.01939698246,0.1743713328,-0.009445216507,-0.01383158006,0.003635939676,-0.01130235772,0.004136069241,0.009711201898,0.7282315277,0,0,0,1,0,0,0
16.17029381,14.15027928,rate,circle,-1.65750587,3.146089077,-1.619778872,-1.656562293,3.120625437,-2,-0.5162433982,-0.731957376,-0.008744672872,-0.5042814465,-0.7454530318,0,0.3810740005,0.02004221339,0.1885898846,-0.007063285913,-0.0110094836,0.004044418223,-0.005657449748,0.02069418179,0.009963919632,0.728235006,0,0,0,1,0,0,0
16.18031859,14.16030407,rate,circle,-1.666122317,3.133959532,-1.619852901,-1.661600734,3.113141052,-2,-0.5104487538,-0.735331893,-0.00878522452,-0.5009134736,-0.7477203301,0,0.3807435765,0.01793251555,0.1713279781,-0.005731794983,-0.005798214115,0.004870465025,-0.02963686449,-0.04132704878,0.009387046749,0.7281704896,0,0,0,1,0,0,0
16.19031119,14.17029667,rate,circle,-1.670387745,3.127881289,-1.619891763,-1.666589346,3.105658154,-2,-0.5075468421,-0.7370201349,-0.008780796081,-0.4975461692,-0.7499652055,0,0.3807762697,0.0185658474,0.1708124012,-0.0058001047,-0.005435348488,0.005530667026,-0.02036794558,-0.01572789437,0.009704956172,0.728167182,0,0,0,1,0,0,0
16.20031667,14.18030214,rate,circle,-1.674625039,3.121793509,-1.61993587,-1.671550621,3.098143215,-2,-0.5046295524,-0.7387034893,-0.0087226592,-0.4941644466,-0.7521977796,0,0.3808116742,0.01917548155,0.1762104727,-0.004672868177,-0.004884194583,0.004310195334,-0.01320067232,0.004473977678,0.00998393582,0.7281756307,0,0,0,1,0,0,0
16.21031213,14.1902976,rate,circle,-1.678850651,3.115676641,-1.619997621,-1.676473097,3.090613568,-2,-0.5017299652,-0.7403874397,-0.008663922548,-0.4907761057,-0.7544128936,0,0.3808354221,0.01979302775,0.1855666185,-0.004541286267,-0.003557975404,0.00549427513,-0.008133844595,0.0202185585,0.01015748712,0.7281779581,0,0,0,1,0,0,0
16.22031474,14.20030022,rate,circle,-1.683047771,3.109550953,-1.62005949,-1.681365141,3.083056445,-2,-0.4988105893,-0.7420610189,-0.008652928285,-0.4873754004,-0.7566143133,0,0.3808668812,0.02043122831,0.199431888,-0.005248536356,-0.003481596243,0.004610362928,-0.00406117872,0.0330544365,0.01033189787,0.7281681902,0,0,0,1,0,0,0
16.23031092,14.21029639,rate,circle,-1.687216401,3.103416204,-1.620121837,-1.686220004,3.075482264,-2,-0.4958950877,-0.74373281,-0.00866279006,-0.4839670186,-0.7587990016,0,0.3809051284,0.02107873083,0.2173950054,-0.006889181212,-0.008139112964,0.005422907416,-0.000904069323,0.04381074138,0.01044615293,0.7281529714,0,0,0,1,0,0,0
16.24034095,14.22032642,rate,circle,-1.695507526,3.091116667,-1.620257854,-1.691057016,3.067860557,-2,-0.4901015162,-0.7469906807,-0.008753188886,-0.4805372507,-0.7609756571,0,0.3804796325,0.01907021387,0.1781794347,-0.007575791795,-0.01070600934,0.006037426647,-0.02538176188,-0.02238053084,0.009731635879,0.72805311,0,0,0,1,0,0,0
16.25031853,14.230304,rate,circle,-1.699629664,3.08494854,-1.620331526,-1.695834553,3.060257124,-2,-0.4872286618,-0.7486205101,-0.008833762258,-0.4771157058,-0.7631255488,0,0.3804894469,0.01976621818,0.1860330308,-0.006806526799,-0.008251028135,0.005907095503,-0.01868397769,0.0002898686439,0.009947007998,0.7280164169,0,0,0,1,0,0,0
16.26031947,14.24030495,rate,circle,-1.703723311,3.078771591,-1.620414853,-1.700588971,3.052614437,-2,-0.4843599796,-0.7502126098,-0.00880363211,-0.4736764965,-0.7652650368,0,0.380498232,0.02045033765,0.197882826,-0.006918098778,-0.003051717067,0.006019840483,-0.01352773287,0.01844003691,0.01010352681,0.7280047061,0,0,0,1,0,0,0
16.27031255,14.25029802,rate,circle,-1.711868882,3.066385269,-1.620587826,-1.705305246,3.044956468,-2,-0.4785461724,-0.7534726262,-0.008944281377,-0.4702304105,-0.7673873605,0,0.3800735097,0.01851409994,0.1847963588,-0.003255564487,0.01414482296,0.007193672005,-0.03588968583,-0.04604238546,0.009444163702,0.7278782747,0,0,0,1,0,0,0
16.28040552,14.260391,rate,circle,-1.715919733,3.060176134,-1.620678067,-1.710033664,3.037200496,-2,-0.4756462872,-0.7550513148,-0.009067101404,-0.4667402232,-0.7695151487,0,0.3800626981,0.01925442269,0.1815979446,-0.001875486458,0.01894369721,0.007463505026,-0.02778496613,-0.01953337151,0.009645635267,0.7278258998,0,0,0,1,0,0,0
16.29031348,14.27029896,rate,circle,-1.719941616,3.053957939,-1.620768905,-1.714641095,3.029565886,-2,-0.4727662802,-0.7567086816,-0.009133609943,-0.4633046487,-0.771588493,0,0.3800516957,0.01985835055,0.1813768913,-0.001898043207,0.01955845952,0.006469634827,-0.02244395684,-0.001197050171,0.009787579981,0.7277864965,0,0,0,1,0,0,0
16.30032206,14.28030753,rate,circle,-1.727919102,3.041497946,-1.620947838,-1.719260708,3.02183297,-2,-0.4670091569,-0.7601202726,-0.009297449142,-0.4598248364,-0.7736673186,0,0.3796606652,0.01793263716,0.2272127792,-0.004446601029,0.007064732257,0.007068529725,-0.04397582103,-0.0650780445,0.009147773935,0.7276500476,0,0,0,1,0,0,0
16.31031275,14.29029822,rate,circle,-1.731874824,3.035252571,-1.621036172,-1.723837286,3.014093197,-2,-0.4641626477,-0.7618151307,-0.009327218868,-0.4563419387,-0.7757267786,0,0.3796391762,0.01848497899,0.2117856525,-0.009839636274,-0.005903160665,0.006958497223,-0.03565726663,-0.03695449457,0.009341474135,0.7276215126,0,0,0,1,0,0,0
16.32033944,14.30032492,rate,circle,-1.735802174,3.02899766,-1.621129036,-1.728395324,3.006304926,-2,-0.4613555968,-0.7634676695,-0.009390613995,-0.4528372169,-0.7777778957,0,0.3796222188,0.01911881277,0.198161647,-0.01163456403,-0.01523198932,0.006504727993,-0.029523518,-0.0137621873,0.009475557512,0.7275835965,0,0,0,1,0,0,0
16.33032513,14.3103106,rate,circle,-1.739700675,3.022733212,-1.621222496,-1.732899749,2.998528147,-2,-0.4584043622,-0.7650820017,-0.009478602558,-0.4493376664,-0.7798048869,0,0.3796110315,0.01971832214,0.1883824421,-0.01348257717,-0.02163315564,0.007155237254,-0.02365888783,0.004913940626,0.009575925177,0.7275383386,0,0,0,1,0,0,0
16.34034514,14.32033062,rate,circle,-1.743570089,3.016459465,-1.621316314,-1.737384489,2.990704365,-2,-0.4554911852,-0.7667126656,-0.009500575252,-0.4458169641,-0.78182302,0,0.3796089054,0.0203020761,0.1868219694,-0.01484942716,-0.02707613073,0.006163257174,-0.01930626942,0.02050395182,0.009653731544,0.7275099113,0,0,0,1,0,0,0
16.35031891,14.33030438,rate,circle,-1.751281738,3.003914833,-1.621496439,-1.741813448,2.982896694,-2,-0.4496833086,-0.7699576616,-0.009406925179,-0.4423035123,-0.7838160518,0,0.3792049003,0.01830318588,0.202750535,-0.01823464967,-0.03285162151,0.008068994619,-0.03952266847,-0.04327391453,0.008959827362,0.7274396341,0,0,0,1,0,0,0
16.36031628,14.34030175,rate,circle,-1.755093575,2.99762845,-1.621586204,-1.746217678,2.975050676,-2,-0.4467556775,-0.7714686394,-0.009398232214,-0.4387728044,-0.785797955,0,0.3791906364,0.01890455816,0.1894808489,-0.02059280127,-0.03163498268,0.006725430023,-0.03157900908,-0.01588986808,0.009088981759,0.7274210297,0,0,0,1,0,0,0
16.37031198,14.35029745,rate,circle,-1.758876324,2.991336107,-1.621675849,-1.750585839,2.967186239,-2,-0.4438466728,-0.7729651928,-0.009348857217,-0.4352338076,-0.7877636274,0,0.3791847987,0.01950836345,0.1858332036,-0.02120112814,-0.02673544921,0.007161051501,-0.02553701845,0.005834875113,0.009146723522,0.7274128203,0,0,0,1,0,0,0
16.38032317,14.36030865,rate,circle,-1.762666345,2.985043764,-1.621745586,-1.754925271,2.959289995,-2,-0.4409612715,-0.7744360566,-0.009335514158,-0.4316804977,-0.7897163718,0,0.3792091537,0.02016860476,0.1917586785,-0.02221643366,-0.02173147909,0.007115754299,-0.02129089099,0.02360519306,0.009157887319,0.7274033054,0,0,0,1,0,0,0
16.39031458,14.37030005,rate,circle,-1.770157814,2.972431421,-1.621886015,-1.759220614,2.951389947,-2,-0.4351402819,-0.7773479819,-0.009270934388,-0.4281254764,-0.7916492762,0,0.3788569013,0.01843053821,0.1854576552,-0.02307179943,-0.0220219586,0.007756126579,-0.03931043437,-0.03826461159,0.008481340485,0.7273429087,0,0,0,1,0,0,0
16.40036702,14.3803525,rate,circle,-1.77385962,2.966111898,-1.621956229,-1.763506306,2.943422232,-2,-0.4322288036,-0.7787622809,-0.009154407308,-0.4245400042,-0.7935778379,0,0.3788655497,0.01903737212,0.1793441012,-0.02433951385,-0.0246697031,0.007903317921,-0.03141895821,-0.01020232389,0.008554952026,0.7273594848,0,0,0,1,0,0,0
16.41031766,14.39030313,rate,circle,-1.777566314,2.959794998,-1.622018337,-1.767713057,2.935516194,-2,-0.4293324947,-0.7801319361,-0.009066806175,-0.4209822874,-0.7954708754,0,0.3788887493,0.01967780467,0.1841300605,-0.02391505986,-0.0233738441,0.007948932238,-0.02598807186,0.01178697125,0.008558908768,0.7273717113,0,0,0,1,0,0,0
16.42037034,14.40035582,rate,circle,-1.781243086,2.953469515,-1.622080326,-1.771926956,2.927510035,-2,-0.4263783395,-0.7814749479,-0.008990762755,-0.4173795155,-0.79736713,0,0.3789247483,0.02035618087,0.1972329686,-0.02387118898,-0.01882218383,0.009291104972,-0.02102206135,0.03027434817,0.008506378781,0.7273812398,0,0,0,1,0,0,0
16.43032122,14.41030669,rate,circle,-1.784889698,2.947135687,-1.622142553,-1.776062469,2.91956626,-2,-0.4233809114,-0.7828091383,-0.008897489868,-0.4138048172,-0.7992281109,0,0.3789646992,0.02098689036,0.2165179517,-0.0231698826,-0.0158047583,0.007560668513,-0.01697525331,0.04442311837,0.008476183067,0.7273942495,0,0,0,1,0,0,0
16.44034934,14.42033482,rate,circle,-1.792119265,2.934449673,-1.62226212,-1.780194057,2.911542166,-2,-0.417432934,-0.7854115367,-0.008769355714,-0.4101939747,-0.8010873255,0,0.3786196908,0.01936580714,0.1715217432,-0.02405212075,-0.01784477755,0.008241921663,-0.03332864456,-0.01836318596,0.007767083452,0.727359228,0,0,0,1,0,0,0
16.45031643,14.4303019,rate,circle,-1.7957021,2.928097963,-1.62231946,-1.784264577,2.903548516,-2,-0.4144249558,-0.7867108583,-0.008612439968,-0.4065968321,-0.8029190595,0,0.3786503435,0.01995393267,0.1824405503,-0.02471148409,-0.01538563706,0.008782986552,-0.02633746649,0.006721303844,0.007775599521,0.7273903559,0,0,0,1,0,0,0
16.46049833,14.44048381,rate,circle,-1.799254417,2.921737909,-1.622376204,-1.788385763,2.895363815,-2,-0.4114437103,-0.7880263925,-0.008476744406,-0.4029137169,-0.8047735934,0,0.3786996859,0.02061758287,0.2025907603,-0.02327361144,-0.01101642381,0.007231707685,-0.0207796533,0.02805885409,0.007787916151,0.7274174528,0,0,0,1,0,0,0
16.47031975,14.45030522,rate,circle,-1.802777052,2.915369511,-1.622432828,-1.792325467,2.887451081,-2,-0.408506304,-0.7892762423,-0.008380208164,-0.3993529865,-0.80654646,0,0.3787421864,0.02126667657,0.222081685,-0.02159256861,-0.002642535139,0.007848762907,-0.01756894339,0.0424830876,0.007719613982,0.72743363,0,0,0,1,0,0,0
16.48031735,14.46030283,rate,circle,-1.809781909,2.902597666,-1.622513413,-1.796299889,2.879378593,-2,-0.4024083912,-0.7918236256,-0.008153598756,-0.395720367,-0.8083349499,0,0.3784402373,0.01959169905,0.1552609467,-0.01832169853,0.01387174986,0.00810696464,-0.03214151784,-0.02316782526,0.007035719901,0.7274371284,0,0,0,1,0,0,0
16.49031901,14.47030449,rate,circle,-1.813238144,2.896199226,-1.622554302,-1.800239542,2.871285023,-2,-0.3993772864,-0.7931310534,-0.008136172779,-0.3920782604,-0.8101077939,0,0.378490338,0.02019115662,0.1608997444,-0.01871927455,0.01573924161,0.007595720701,-0.02566720365,0.001180333341,0.007061461669,0.7274391634,0,0,0,1,0,0,0
16.5003581,14.48034358,rate,circle,-1.82008481,2.883355379,-1.622614384,-1.804157268,2.863143414,-2,-0.3932697177,-0.7957888246,-0.007916782983,-0.3884145363,-0.8118707705,0,0.3782619642,0.01857087035,0.1498198167,-0.01829611324,0.0169341974,0.008617005311,-0.0377325447,-0.05872696233,0.006437055547,0.7274463676,0,0,0,1,0,0,0
16.510324,14.49030948,rate,circle,-1.823475003,2.876913071,-1.62263298,-1.808010011,2.855043741,-2,-0.3901914358,-0.7971487045,-0.007747806609,-0.3847696835,-0.8136045051,0,0.3783164034,0.01897939085,0.1394210102,-0.01763419062,0.01917264052,0.008312213235,-0.03005540526,-0.02991001052,0.006488642078,0.7274939856,0,0,0,1,0,0,0
16.52032781,14.50031328,rate,circle,-1.826834202,2.870461941,-1.622651935,-1.811840839,2.846895964,-2,-0.387118876,-0.7985363603,-0.007645108737,-0.3811031837,-0.8153283776,0,0.3783803888,0.019406393,0.1321687984,-0.01759023406,0.01487233397,0.008197900839,-0.02421254857,-0.007365475254,0.006502043862,0.7275249166,0,0,0,1,0,0,0
16.53030872,14.5102942,rate,circle,-1.830162644,2.864001751,-1.622671723,-1.815626311,2.838749724,-2,-0.3840274811,-0.7999637723,-0.00758129172,-0.3774373759,-0.8170318398,0,0.3784515797,0.01980465603,0.1297530625,-0.01698904485,0.008380847983,0.007654831745,-0.01968840408,0.01002440789,0.006495278851,0.7275453389,0,0,0,1,0,0,0
16.54031515,14.52030063,rate,circle,-1.833494306,2.857518435,-1.622672319,-1.819384691,2.830565678,-2,-0.3809707165,-0.801348269,-0.007479310036,-0.3737545553,-0.818723111,0,0.3785521243,0.02024594266,0.1344754674,-0.01795669086,-0.00179088919,0.008508703671,-0.01670719611,0.02480751269,0.006420091348,0.727583213,0,0,0,1,0,0,0
16.55033112,14.53031659,rate,circle,-1.840064287,2.844525814,-1.622675896,-1.823109711,2.822356968,-2,-0.3748183548,-0.8040935993,-0.00722491648,-0.3700606357,-0.8203993698,0,0.3783548534,0.01845842516,0.1326528541,-0.01966825128,-0.01759287901,0.008416693658,-0.02969372538,-0.04091698441,0.005801831514,0.727617149,0,0,0,1,0,0,0
16.56032848,14.54031396,rate,circle,-1.843302608,2.838016272,-1.622665405,-1.826790881,2.81414684,-2,-0.371707648,-0.8054458499,-0.007256305777,-0.3663660778,-0.8220558965,0,0.3784491819,0.0188965604,0.1193144886,-0.02078415081,-0.0198689457,0.008120204322,-0.02378742799,-0.01454669356,0.005821996006,0.7276247379,0,0,0,1,0,0,0
16.57031441,14.55029988,rate,circle,-1.846541286,2.831488609,-1.622631669,-1.830430928,2.80592966,-2,-0.3686342239,-0.8067709804,-0.007193977479,-0.3626683469,-0.8236939178,0,0.3785758322,0.01933211866,0.1183662716,-0.02058368549,-0.01764321327,0.008279308677,-0.01983032823,0.006280062586,0.005782646138,0.7276649394,0,0,0,1,0,0,0
16.58032441,14.56030989,rate,circle,-1.849749088,2.82495594,-1.62259984,-1.834042658,2.797676332,-2,-0.3655515611,-0.8080682755,-0.007080319803,-0.3589543493,-0.8253191959,0,0.3787106411,0.01977999971,0.1292202354,-0.01948988438,-0.01462557074,0.008041459136,-0.01666869035,0.023258682,0.005743271541,0.7277176129,0,0,0,1,0,0,0
16.59031391,14.57029939,rate,circle,-1.856070161,2.811865807,-1.622541308,-1.837609889,2.789423774,-2,-0.3592672348,-0.8106755018,-0.006868076976,-0.3552406983,-0.8269244502,0,0.3785756071,0.01809452405,0.1154628935,-0.01995399408,-0.01510187518,0.008038968779,-0.02748012053,-0.04210381985,0.005227635364,0.727762804,0,0,0,1,0,0,0
16.60036778,14.58035326,rate,circle,-1.859183192,2.805308104,-1.622514486,-1.841162615,2.78110193,-2,-0.3560955822,-0.8119740486,-0.006795438007,-0.3514958683,-0.8285231768,0,0.3786898376,0.0184718432,0.1057167268,-0.01936928555,-0.01790894382,0.008052924648,-0.0216390101,-0.01473317733,0.0052586069,0.7278026032,0,0,0,1,0,0,0
16.61033058,14.59031606,rate,circle,-1.862291217,2.79873848,-1.622465014,-1.844645982,2.772839699,-2,-0.3529289365,-0.8132275343,-0.006753105205,-0.3477778645,-0.830090692,0,0.3788334284,0.01888131511,0.1099526203,-0.01796571165,-0.01660237834,0.008024718612,-0.01761373536,0.006451386025,0.005242185608,0.7278428227,0,0,0,1,0,0,0
16.62037706,14.60036254,rate,circle,-1.865367413,2.792161226,-1.62243104,-1.848121063,2.764492338,-2,-0.3498099446,-0.8144390583,-0.006663545966,-0.3440215522,-0.8316544785,0,0.3789740408,0.01934629228,0.1262727121,-0.01732396893,-0.01213251334,0.007404014934,-0.01478145712,0.02423483932,0.005221112404,0.7278903494,0,0,0,1,0,0,0
16.63033581,14.61032128,rate,circle,-1.871424794,2.778983355,-1.622370005,-1.851528516,2.756202455,-2,-0.3434430361,-0.8168723583,-0.006667526904,-0.3402911048,-0.8331878324,0,0.3788393388,0.0179048954,0.1003728624,-0.01739988104,-0.01223109104,0.008522264659,-0.0244809222,-0.04122942043,0.004697698777,0.7278813541,0,0,0,1,0,0,0
16.64042091,14.62040639,rate,circle,-1.874417067,2.772379398,-1.622326612,-1.854941309,2.747791909,-2,-0.3402698338,-0.8181103468,-0.006575145293,-0.336506359,-0.8347235892,0,0.3789736632,0.01825913745,0.09503594231,-0.01573901437,-0.01345340628,0.00761747174,-0.01969580233,-0.01366582431,0.004716735311,0.7279325077,0,0,0,1,0,0,0
16.65032458,14.63031006,rate,circle,-1.877378464,2.765771151,-1.622285724,-1.858255525,2.739517684,-2,-0.3371365368,-0.8193253279,-0.00658188574,-0.3327829577,-0.8362149862,0,0.3791081717,0.01864230213,0.1026565006,-0.01618267037,-0.01341844257,0.008627973497,-0.01661085927,0.006859052566,0.004665900049,0.727957065,0,0,0,1,0,0,0
16.66035223,14.64033771,rate,circle,-1.883206964,2.752531767,-1.622211456,-1.861573625,2.731124914,-2,-0.3307440579,-0.8216097951,-0.006485364866,-0.3290062115,-0.837708131,0,0.3790124516,0.01744237621,0.1026973153,-0.01514834072,-0.01549525652,0.008789325133,-0.0244264861,-0.05334393995,0.004248827171,0.7279786844,0,0,0,1,0,0,0
16.6703186,14.65030408,rate,circle,-1.886078,2.745902061,-1.622158766,-1.86483389,2.722768677,-2,-0.3274698257,-0.8227404952,-0.006466017105,-0.3252459048,-0.8391752507,0,0.379144384,0.01780046038,0.08653275249,-0.01525465306,-0.02098387107,0.008062971756,-0.01891180042,-0.02350769033,0.004277423727,0.7280135901,0,0,0,1,0,0,0
16.68033004,14.66031551,rate,circle,-1.888917446,2.739265203,-1.622102976,-1.868071133,2.714360023,-2,-0.3242915869,-0.8238942623,-0.006429349538,-0.3214620103,-0.8406320098,0,0.3792901233,0.01815200348,0.08797254219,-0.0167857483,-0.02243481018,0.008672964759,-0.0153633073,0.0003506861875,0.004236900569,0.7280547361,0,0,0,1,0,0,0
16.69031596,14.67030144,rate,circle,-1.891725421,2.732620478,-1.622050047,-1.871262356,2.705958351,-2,-0.3210350275,-0.8250541091,-0.006414925214,-0.3176812582,-0.8420680603,0,0.379441396,0.01848982343,0.1060694739,-0.0155624263,-0.0220682472,0.008192925714,-0.01208154427,0.01907055196,0.004201258887,0.7280883428,0,0,0,1,0,0,0
16.70033026,14.68031573,rate,circle,-1.897247195,2.719303131,-1.621927857,-1.874424699,2.697518493,-2,-0.3145340979,-0.8272940516,-0.006273583509,-0.313883322,-0.8434911145,0,0.3793863226,0.01738177791,0.07934930536,-0.0152305048,-0.01644038409,0.008338458836,-0.01834514878,-0.04401892106,0.003794383975,0.7281373647,0,0,0,1,0,0,0
16.71032119,14.69030666,rate,circle,-1.899960995,2.712631226,-1.621858835,-1.877541731,2.689084211,-2,-0.3112487197,-0.8283432722,-0.006222749129,-0.3100878949,-0.8448937788,0,0.37953633,0.01771974572,0.07304112891,-0.0146582583,-0.01585087366,0.00804146938,-0.0138541282,-0.01563402925,0.003789612983,0.72818602,0,0,0,1,0,0,0
16.72024298,14.70022845,rate,circle,-1.905296087,2.699273825,-1.621730208,-1.880599633,2.680694513,-2,-0.3046988249,-0.8304744363,-0.006226998754,-0.3063125307,-0.8462698349,0,0.3795301581,0.01705503383,0.1114543159,-0.01267924719,-0.0116314264,0.008024957031,-0.0185111757,-0.07335131144,0.003456316695,0.728199686,0,0,0,1,0,0,0
16.73032999,14.71031547,rate,circle,-1.905296087,2.699273825,-1.621730208,-1.883670027,2.672151194,-2,-0.3046988249,-0.8304744363,-0.006226998754,-0.3024680375,-0.8476515123,0,0.3798570241,0.0184066256,0.1092500889,-0.01267924719,-0.0116314264,0.008024957031,-0.006553088613,0.039105987,0.003749683693,0.7282531399,0,0,0,1,0,0,0
16.74034166,14.72032714,rate,circle,-1.907914042,2.692586899,-1.621668935,-1.886679111,2.663657992,-2,-0.3014088571,-0.8314818144,-0.006190645043,-0.2986460964,-0.8490056002,0,0.3800292079,0.01878935871,0.1404558163,-0.010486844,-0.01370513253,0.006823200732,-0.004935780864,0.050362414,0.003712346457,0.7282954408,0,0,0,1,0,0,0
16.75031471,14.73030019,rate,circle,-1.913055897,2.679192781,-1.621554136,-1.889638514,2.655184162,-2,-0.2947758436,-0.833517015,-0.006104161032,-0.2948328731,-0.8503373313,0,0.3799290189,0.01789377193,0.06828387795,-0.01016314514,-0.01834382862,0.006569459103,-0.01003239606,-0.01893785509,0.00342580921,0.728326413,0,0,0,1,0,0,0
16.76034617,14.74033165,rate,circle,-1.915579915,2.672485828,-1.621501207,-1.892576855,2.64664739,-2,-0.291418612,-0.8344767094,-0.006166620646,-0.2909913253,-0.8516595849,0,0.3800764419,0.01826091446,0.09023614265,-0.01000791974,-0.01427933108,0.007594507188,-0.006870711406,0.00539317639,0.003395122238,0.7283401574,0,0,0,1,0,0,0
16.77031136,14.75029683,rate,circle,-1.918074608,2.66578126,-1.621458292,-1.895457598,2.638153974,-2,-0.2880844176,-0.835408628,-0.006211101543,-0.2871692883,-0.8529559191,0,0.3802218047,0.01863659486,0.1179792665,-0.009154616855,-0.007465634495,0.006735027768,-0.004715297271,0.02416628916,0.003360992943,0.7283548594,0,0,0,1,0,0,0
16.78033042,14.7603159,rate,circle,-1.920538306,2.659070015,-1.621418357,-1.898315491,2.629601697,-2,-0.2847954631,-0.8364201784,-0.006263342686,-0.2833207637,-0.8542419709,0,0.3803765184,0.01894783597,0.1445471468,-0.007274579722,0.00135324127,0.008193422109,-0.003605243497,0.03855952425,0.003254564347,0.7283669168,0,0,0,1,0,0,0
16.79031157,14.77029705,rate,circle,-1.925373912,2.645629644,-1.621348381,-1.901124202,2.621069053,-2,-0.2781258225,-0.8384003043,-0.00648379093,-0.2794810739,-0.8555058909,0,0.3802214087,0.01834331874,0.05286104019,-0.004789722152,0.008245739155,0.007846506312,-0.007691159238,-0.03040721662,0.002881541995,0.7283030612,0,0,0,1,0,0,0
16.80032349,14.78030896,rate,circle,-1.927743196,2.638900042,-1.621335506,-1.903903037,2.61249753,-2,-0.2748139501,-0.8394346833,-0.006536805071,-0.2756238883,-0.8567563669,0,0.3803317558,0.01853177114,0.06485436693,-0.002883974928,0.006998743396,0.005838328972,-0.005908493866,-0.005888331503,0.002863926328,0.7283046457,0,0,0,1,0,0,0
16.81032372,14.79030919,rate,circle,-1.930081964,2.632163286,-1.621325016,-1.906640052,2.603923597,-2,-0.2715056539,-0.8404484391,-0.006592614576,-0.2717656187,-0.8579880235,0,0.380449401,0.0187394549,0.08417255928,-0.002715991111,0.006015538238,0.007142237388,-0.004690562518,0.01337464891,0.00279630446,0.7283047973,0,0,0,1,0,0,0
16.82034469,14.80033016,rate,circle,-1.934666991,2.618668318,-1.621310592,-1.909344013,2.595319612,-2,-0.2648174167,-0.8424836397,-0.006676710676,-0.2678938256,-0.8592048057,0,0.3802526571,0.01826581919,0.06612442551,-0.00144467107,0.002601333428,0.006264601834,-0.007598296448,-0.05153440048,0.002534283869,0.7282532758,0,0,0,1,0,0,0
16.83032346,14.81030893,rate,circle,-1.936925054,2.611901045,-1.621315837,-1.911998005,2.586739831,-2,-0.2615045607,-0.8434833884,-0.006808717269,-0.2640329239,-0.8603991022,0,0.3803368768,0.01840903648,0.04732614533,-0.002226306358,-0.003268615576,0.006401155144,-0.006203765366,-0.02348241377,0.002481906785,0.7282281644,0,0,0,1,0,0,0
16.84033799,14.82032347,rate,circle,-1.939152718,2.605127096,-1.621323347,-1.914622747,2.578117406,-2,-0.2582168877,-0.8444558382,-0.006852964405,-0.2601528327,-0.8615802363,0,0.3804303488,0.0185460512,0.04590056607,-0.0007928614505,-0.00530598918,0.006289163604,-0.005488632236,-0.0009464166569,0.002419908544,0.7282250011,0,0,0,1,0,0,0
16.85031533,14.83030081,rate,circle,-1.941350102,2.598346472,-1.621332645,-1.917199074,2.569515328,-2,-0.2549193203,-0.8453987241,-0.006893910002,-0.2562818978,-0.8627395834,0,0.3805305144,0.01871063912,0.06471413893,-0.0008820985095,-0.008460385725,0.00706757186,-0.004994993789,0.0169711768,0.00232606215,0.7282218725,0,0,0,1,0,0,0
16.86035013,14.84033561,rate,circle,-1.943518519,2.59156251,-1.621333241,-1.919751256,2.560852133,-2,-0.2516466677,-0.8464352489,-0.006903255358,-0.2523834597,-0.8638880653,0,0.3806527605,0.01878293367,0.09357131604,-7.194976206e-05,-0.01190330368,0.00721968757,-0.005078533467,0.03127909521,0.00221109086,0.7282299951,0,0,0,1,0,0,0
16.8703115,14.85029697,rate,circle,-1.947772861,2.577970982,-1.621352553,-1.922246044,2.552241021,-2,-0.2450527996,-0.8483431935,-0.006844580639,-0.2485084594,-0.8650107199,0,0.3803781514,0.01834656114,0.04350851722,-0.0007131843595,-0.01785908639,0.005548765417,-0.00782207008,-0.03634386706,0.002011200039,0.7282019218,0,0,0,1,0,0,0
16.88034225,14.86032772,rate,circle,-1.949858665,2.571163893,-1.62137115,-1.924719179,2.543558721,-2,-0.2417807132,-0.849268496,-0.006872783415,-0.2446014245,-0.8661236304,0,0.3804653011,0.01841974805,0.0475675832,0.0006855956162,-0.01823120192,0.005931534804,-0.007456604804,-0.009707608836,0.001943659382,0.7281989756,0,0,0,1,0,0,0
16.89032149,14.87030697,rate,circle,-1.95191443,2.564350605,-1.621391058,-1.927140702,2.534910007,-2,-0.2384432256,-0.8502032161,-0.006903310306,-0.2407095031,-0.8672133158,0,0.3805590853,0.01849689703,0.0731534101,0.001096760505,-0.01624674536,0.00616469048,-0.006861855433,0.010686898,0.001871101383,0.7281940712,0,0,0,1,0,0,0
16.90041161,14.88039708,rate,circle,-1.953940392,2.55753088,-1.621412754,-1.929549614,2.526154243,-2,-0.2351932973,-0.8511117101,-0.006954660174,-0.2367694093,-0.8682973263,0,0.3806674483,0.01860636535,0.1061510407,0.001376054599,-0.01211295743,0.007101248018,-0.007311232567,0.02800444762,0.00174385712,0.7281846366,0,0,0,1,0,0,0
16.91031933,14.8903048,rate,circle,-1.957908154,2.543880701,-1.621485949,-1.931876274,2.517546193,-2,-0.2287257314,-0.8529014587,-0.007048101164,-0.2328957869,-0.8693443233,0,0.3803209857,0.01836934642,0.0461848197,0.002427998465,-0.01184444781,0.005441322923,-0.01004369695,-0.03960963637,0.001542193674,0.7280990036,0,0,0,1,0,0,0
16.92032862,14.90031409,rate,circle,-1.959847927,2.537046432,-1.621519446,-1.934187791,2.508839454,-2,-0.2254701406,-0.8537748456,-0.007095874753,-0.2289777544,-0.8703845058,0,0.3803966426,0.01839933711,0.05577568222,0.002381636295,-0.01341562252,0.005379978567,-0.01003568628,-0.01234342135,0.001459104031,0.7280856569,0,0,0,1,0,0,0
16.9303174,14.91030288,rate,circle,-1.961759806,2.530209541,-1.621554732,-1.936455453,2.50014026,-2,-0.2222432643,-0.8546113968,-0.007121034432,-0.2250631168,-0.8714049538,0,0.3804803446,0.01845763407,0.08227421354,0.002615348436,-0.012321366,0.005358400289,-0.0104949404,0.00925451356,0.00136195471,0.7280776477,0,0,0,1,0,0,0
16.94036627,14.92035174,rate,circle,-1.963644981,2.523382902,-1.621618152,-1.938697276,2.491378544,-2,-0.2189748287,-0.8554252982,-0.007139148191,-0.2211203448,-0.872413774,0,0.3805515604,0.01855206152,0.1150886955,0.002783841453,-0.0113069592,0.005144756753,-0.01076074375,0.02723984838,0.001281844305,0.7280614548,0,0,0,1,0,0,0
16.9503386,14.93032408,rate,circle,-1.967327237,2.509711266,-1.621747017,-1.940882833,2.482673624,-2,-0.2124189287,-0.8570699096,-0.007270806935,-0.2172031308,-0.873397275,0,0.3801390006,0.01850232646,0.05528141251,-1.210470964e-05,-0.01630271599,0.005082766525,-0.01096177452,-0.03806460139,0.001150723185,0.7279456126,0,0,0,1,0,0,0
16.96033621,14.94032168,rate,circle,-1.969124794,2.502866268,-1.621812701,-1.943034695,2.473936887,-2,-0.2091581374,-0.8579165936,-0.007373320404,-0.213271599,-0.8743656129,0,0.3801884208,0.01848936608,0.0709106268,0.0007038647891,-0.01964637637,0.005229339469,-0.01131505543,-0.01065871839,0.001034635811,0.7279065693,0,0,0,1,0,0,0
16.97033286,14.95031834,rate,circle,-1.970896244,2.496029139,-1.621905804,-1.94514703,2.465191392,-2,-0.2058945745,-0.8587417603,-0.007472421974,-0.2093361262,-0.8753161636,0,0.3802225795,0.01850384324,0.09993168223,-0.0002650412207,-0.01805899665,0.005435533822,-0.0117435972,0.01122761707,0.0009087150143,0.7278585623,0,0,0,1,0,0,0
16.98050499,14.96049047,rate,circle,-1.972638965,2.489185572,-1.621997118,-1.947256038,2.45628272,-2,-0.2026632428,-0.8595383763,-0.007606470492,-0.2053272242,-0.8762652173,0,0.3802802511,0.01856723992,0.135254664,-0.001276133116,-0.01331558824,0.004883483984,-0.01251979496,0.03018233918,0.0007733314609,0.7278037058,0,0,0,1,0,0,0
16.99033093,14.97031641,rate,circle,-1.976038456,2.475481272,-1.622181773,-1.94925453,2.447668154,-2,-0.1961720139,-0.8610116839,-0.007883668877,-0.2014506694,-0.8771645386,0,0.3797862039,0.01873315652,0.06429677332,-0.000742424163,-0.01111901924,0.005724904127,-0.01175534958,-0.03696015802,0.0005762661846,0.727630656,0,0,0,1,0,0,0
17.00030017,14.98028564,rate,circle,-1.977686286,2.468634129,-1.622291088,-1.951243218,2.43891902,-2,-0.1929216981,-0.8617898226,-0.007970028557,-0.1975135589,-0.8780594479,0,0.3797976378,0.01868976322,0.08288945926,-0.001641465351,-0.01234601531,0.005406680983,-0.01228568957,-0.009662784726,0.0004162349475,0.7275799126,0,0,0,1,0,0,0
17.01032948,14.99031496,rate,circle,-1.979305983,2.461781025,-1.622399807,-1.953204264,2.430108244,-2,-0.1896899045,-0.8625141382,-0.007954135537,-0.1935487098,-0.878941919,0,0.379824131,0.0186555791,0.1115458005,-0.002007351257,-0.01115059014,0.004876472056,-0.01295986823,0.01268052214,0.0002655134973,0.7275559736,0,0,0,1,0,0,0
17.02039814,15.00038362,rate,circle,-1.980897546,2.454922199,-1.62250793,-1.955132984,2.421254096,-2,-0.1864929795,-0.8632062078,-0.008016542532,-0.1895643434,-0.8798098429,0,0.3798652614,0.0186916808,0.1448027184,-0.002716479823,-0.009860921651,0.005290173925,-0.01396129803,0.03103789757,9.516991468e-05,0.7275130403,0,0,0,1,0,0,0
17.03034759,15.01033306,rate,circle,-1.983997822,2.441191435,-1.622743011,-1.956999442,2.412496283,-2,-0.1800949574,-0.864654541,-0.008066218346,-0.1856233275,-0.8806497489,0,0.3793087929,0.01874762467,0.07277134309,-0.002134715673,-0.01587954164,0.005320540164,-0.01226564302,-0.03441100291,-9.110807309e-05,0.7273799899,0,0,0,1,0,0,0
17.04034472,15.02033019,rate,circle,-1.985506892,2.434319496,-1.622875571,-1.958835333,2.403688169,-2,-0.1769416034,-0.8653315902,-0.008008385077,-0.1816596762,-0.8814758999,0,0.3793052663,0.01862882652,0.09853395745,-0.001015651738,-0.01811778173,0.004485168494,-0.01388590134,-0.006429424486,-0.0002711283825,0.7273583844,0,0,0,1,0,0,0
17.05052757,15.03051305,rate,circle,-1.986988664,2.427442551,-1.623006344,-1.960664576,2.394708019,-2,-0.1737814099,-0.8659911156,-0.007975518703,-0.1776186086,-0.8822990592,0,0.3793266718,0.01855483814,0.1333190023,-0.001959049841,-0.01536377333,0.004537463188,-0.01533999808,0.01718562925,-0.000449536212,0.7273321644,0,0,0,1,0,0,0
17.06033349,15.04031897,rate,circle,-1.989868879,2.41367197,-1.623265982,-1.962387195,2.386052452,-2,-0.167326957,-0.8672724962,-0.007998337969,-0.1737236035,-0.8830742379,0,0.3787434505,0.01883044174,0.07186448347,-0.002367455279,-0.007318105549,0.005441599991,-0.01180257734,-0.04738320757,-0.0006034035936,0.7271959875,0,0,0,1,0,0,0
17.07032132,15.0503068,rate,circle,-1.991268992,2.40678215,-1.623394608,-1.964102491,2.377228586,-2,-0.1641360074,-0.8679226637,-0.007932626642,-0.1697528639,-0.8838461208,0,0.378738766,0.01865561919,0.08455541065,-0.002950107912,-0.006984022446,0.004942961968,-0.01336809022,-0.01776731786,-0.0008144290072,0.7271774412,0,0,0,1,0,0,0
17.0803566,15.06034207,rate,circle,-1.992641687,2.399886847,-1.623521328,-1.965785975,2.36835513,-2,-0.1609553397,-0.868606925,-0.007805547677,-0.1657598085,-0.8846036886,0,0.3787501405,0.01843653819,0.1071842823,-0.003241333645,-0.005701283924,0.004497732967,-0.01488807888,0.005402160296,-0.0009976341521,0.7271753812,0,0,0,1,0,0,0
17.0903213,15.07030678,rate,circle,-1.993986964,2.392986536,-1.623645663,-1.967417953,2.359536642,-2,-0.1577678472,-0.8692414761,-0.007701857015,-0.1617914888,-0.885338079,0,0.3787708998,0.01829231861,0.1339287397,-0.003605350386,-0.005280300044,0.00474615721,-0.01613983271,0.02350219913,-0.001179610557,0.7271680215,0,0,0,1,0,0,0
17.10034823,15.08033371,rate,circle,-1.995303631,2.386074305,-1.62375319,-1.969020193,2.350655788,-2,-0.1545858234,-0.8698675036,-0.007616281975,-0.1577951044,-0.8860590866,0,0.378823115,0.01817896025,0.1649641,-0.004054353572,-0.008120010607,0.004279298708,-0.0173727722,0.0386431406,-0.001347424494,0.7271625421,0,0,0,1,0,0,0
17.11034441,15.09032989,rate,circle,-1.997854829,2.372235775,-1.623962641,-1.970577614,2.341795067,-2,-0.1481325924,-0.8710916042,-0.007305289619,-0.1538077803,-0.8867599262,0,0.3782522686,0.01819536554,0.08848142295,-0.004698335659,-0.01427629776,0.004060487263,-0.01201338118,-0.02793993164,-0.001430917854,0.7271291919,0,0,0,1,0,0,0
17.12055731,15.10054278,rate,circle,-1.99908936,2.365309238,-1.624064684,-1.972127621,2.332735101,-2,-0.1449450105,-0.8717059493,-0.007226030808,-0.1497307953,-0.8874574294,0,0.3783059235,0.01797855337,0.1158157513,-0.005601282232,-0.0146714896,0.004220951814,-0.01408533317,-0.0002362264831,-0.00163727991,0.7271249474,0,0,0,1,0,0,0
17.13051391,15.11049938,rate,circle,-2.000296593,2.358378172,-1.624165416,-1.97359863,2.323895733,-2,-0.1417651474,-0.87229532,-0.007145280018,-0.14575308,-0.8881193837,0,0.3783562534,0.01781459017,0.1438377317,-0.005758011714,-0.008936719969,0.003300217446,-0.01576064307,0.01945414702,-0.001803334076,0.72712024,0,0,0,1,0,0,0
17.14053583,15.12052131,rate,circle,-2.001466513,2.35143137,-1.624274611,-1.975039281,2.314991804,-2,-0.1385910511,-0.8728476167,-0.007035198156,-0.1417463118,-0.8887676767,0,0.3784122198,0.0176889229,0.173102104,-0.004938314203,-0.003045112826,0.003122162772,-0.0172650203,0.03553924886,-0.001957006729,0.7271204077,0,0,0,1,0,0,0
17.15043283,15.1304183,rate,circle,-2.003726006,2.337525845,-1.624487162,-1.976422552,2.306192581,-2,-0.1321542859,-0.8739487529,-0.006752477493,-0.1377866615,-0.8893901483,0,0.3778056958,0.01776953291,0.08756989214,-0.005144836847,-0.003373418236,0.002730518579,-0.01060450469,-0.03284688524,-0.001943073843,0.727077769,0,0,0,1,0,0,0
17.16034842,15.14033389,rate,circle,-2.004815102,2.330567122,-1.624571562,-1.977769109,2.297370734,-2,-0.1289405525,-0.8745096326,-0.006569987629,-0.1338168303,-0.8899960988,0,0.3778624063,0.0175149496,0.1057301637,-0.005074822344,-0.001555075636,0.003454764606,-0.01269519025,-0.007513357388,-0.002120183685,0.7271041582,0,0,0,1,0,0,0
17.17033648,15.15032196,rate,circle,-2.0058496,2.32359457,-1.624666333,-1.979085699,2.288478417,-2,-0.1256971806,-0.8750326037,-0.006437861826,-0.1298152878,-0.8905885644,0,0.3779217009,0.01733184306,0.1280463108,-0.005557982251,0.0001647206227,0.003243043553,-0.0139919088,0.01295008341,-0.002270230158,0.7271141504,0,0,0,1,0,0,0
17.18039083,15.16037631,rate,circle,-2.006857395,2.316618204,-1.624759436,-1.980370646,2.279521206,-2,-0.1224701703,-0.8756351471,-0.006310150027,-0.1257845427,-0.8911667907,0,0.3779989633,0.01708903188,0.1514193531,-0.005097864196,0.004840986803,0.002163895639,-0.01547155234,0.02872077968,-0.00239082115,0.7271239865,0,0,0,1,0,0,0
17.19034576,15.17033124,rate,circle,-2.008793831,2.302653074,-1.624940872,-1.981602947,2.270646929,-2,-0.115970999,-0.8768197894,-0.006143345498,-0.1217911179,-0.8917213262,0,0.3774030828,0.01713681057,0.0754361459,-0.005903522018,0.001318779308,0.003858125769,-0.007044765284,-0.04047241713,-0.002361302103,0.7270608591,0,0,0,1,0,0,0
17.20039153,15.18037701,rate,circle,-2.009704351,2.295645952,-1.625035524,-1.98280618,2.261686169,-2,-0.1127287447,-0.8774145246,-0.006053160876,-0.1177587761,-0.8922627812,0,0.3774587878,0.01680513899,0.084800914,-0.005069789477,-0.001826903084,0.002399786608,-0.009597474805,-0.01432888982,-0.002522433711,0.7270600703,0,0,0,1,0,0,0
17.21033573,15.19032121,rate,circle,-2.010590315,2.288638353,-1.625128269,-1.983957341,2.252810739,-2,-0.1095338613,-0.8779630661,-0.005863630679,-0.1137648324,-0.8927808034,0,0.3775205264,0.01648783248,0.10217329,-0.00536671048,-0.003145563416,0.002801913302,-0.01195459614,0.005709270478,-0.002676878698,0.7270851368,0,0,0,1,0,0,0
17.22050095,15.20048642,rate,circle,-2.011450529,2.281627178,-1.625237584,-1.985093024,2.243732817,-2,-0.1062584594,-0.8785586357,-0.005741177127,-0.1096797676,-0.8932918608,0,0.3775944505,0.01617820714,0.1258816615,-0.004906727932,-0.002899186919,0.002881401451,-0.01364087617,0.02288554099,-0.002805651193,0.7270878457,0,0,0,1,0,0,0
17.23034167,15.21032715,rate,circle,-2.013091803,2.267559767,-1.625450492,-1.986152885,2.234939815,-2,-0.09973422438,-0.8797637224,-0.005455078557,-0.1057229166,-0.8937687984,0,0.3769311616,0.01617913683,0.07375365062,-0.004297238309,-0.009530257434,0.002447494539,-0.003792314744,-0.04815590655,-0.002669666077,0.7270406426,0,0,0,1,0,0,0
17.2403903,15.22037578,rate,circle,-2.013873577,2.260503292,-1.625553727,-1.987194946,2.225956293,-2,-0.09651385993,-0.880431354,-0.005313301459,-0.101680332,-0.8942377257,0,0.3769817711,0.0156697002,0.07507943445,-0.003080202732,-0.01280497666,0.00233688415,-0.007616233377,-0.02173609729,-0.002813243009,0.7270495615,0,0,0,1,0,0,0
17.25033784,15.23032331,rate,circle,-2.014629126,2.25344348,-1.625654817,-1.988186502,2.217058595,-2,-0.09327820688,-0.8810321689,-0.005220898893,-0.09767636777,-0.8946839259,0,0.3770376486,0.01526342272,0.08830619276,-0.00306157372,-0.01288628578,0.002751323627,-0.01049811991,-0.00137242525,-0.002942667685,0.7270462458,0,0,0,1,0,0,0
17.26036191,15.24034739,rate,circle,-2.016057253,2.239270449,-1.625840783,-1.989145386,2.208088042,-2,-0.08674395084,-0.882134378,-0.005056126975,-0.09363961898,-0.8951154237,0,0.3764195938,0.01554420174,0.09357983874,-0.002221423667,-0.01509570051,0.002446002094,-0.0008511160225,-0.06511839504,-0.002772871851,0.7269785873,0,0,0,1,0,0,0
17.27034998,15.25033545,rate,circle,-2.016729832,2.232157946,-1.625925779,-1.99006057,2.199145495,-2,-0.08355650306,-0.8827552199,-0.004913126118,-0.0896154729,-0.8955272564,0,0.3764738955,0.01496578899,0.07853559742,-0.0004697665863,-0.01871174388,0.002630634699,-0.005654803133,-0.03650007728,-0.002911834394,0.726994103,0,0,0,1,0,0,0
17.28036356,15.26034904,rate,circle,-2.01737833,2.225045919,-1.625994444,-1.990937734,2.19017607,-2,-0.08034139127,-0.8833401203,-0.004744674545,-0.08557923138,-0.8959219805,0,0.3765569911,0.01443087355,0.07565125707,-0.0001735564001,-0.02116754651,0.001812114846,-0.009389339521,-0.01351578355,-0.003000850067,0.7270220442,0,0,0,1,0,0,0
17.29033589,15.27032137,rate,circle,-2.018000603,2.217931509,-1.626061082,-1.991771109,2.181239752,-2,-0.07710259408,-0.8838813901,-0.004562896676,-0.08155788826,-0.8962969992,0,0.3766491549,0.01395768688,0.08694664628,0.0001281856676,-0.01932416297,0.0009727652068,-0.01225797001,0.00453489677,-0.003033327375,0.7270537589,0,0,0,1,0,0,0
17.30038571,15.28037119,rate,circle,-2.018585205,2.210777998,-1.626110435,-1.992570381,2.172230306,-2,-0.0738671571,-0.884501338,-0.004340949468,-0.0775036375,-0.8966566713,0,0.3767706237,0.01340969647,0.1074586706,-0.0009543360211,-0.01832228526,0.002084088046,-0.01478863157,0.01848180191,-0.003087509699,0.7271018394,0,0,0,1,0,0,0
17.31033993,15.2903254,rate,circle,-2.019676924,2.196465254,-1.626204252,-1.993321875,2.163303095,-2,-0.06736922264,-0.8855910897,-0.003991544712,-0.07348639276,-0.896994844,0,0.376188222,0.01354244476,0.08117183157,-0.0003018190619,-0.02101904713,0.001026553917,-0.003232597533,-0.05204318886,-0.002687415513,0.7271132863,0,0,0,1,0,0,0
17.32034254,15.30032802,rate,circle,-2.020183563,2.189306259,-1.626248837,-1.994036736,2.154329179,-2,-0.06413785368,-0.8861188293,-0.003823283128,-0.0694481304,-0.8973165312,0,0.3762937482,0.01296938942,0.0748606062,-0.000258470769,-0.0209846627,0.001990214456,-0.007645895064,-0.02601029748,-0.002762590426,0.7271494407,0,0,0,1,0,0,0
17.33034253,15.31032801,rate,circle,-2.020655632,2.182107449,-1.6262815,-1.994711025,2.14535449,-2,-0.06087382883,-0.8866726756,-0.003616032191,-0.06540952033,-0.8976199611,0,0.3764165512,0.01238915844,0.08206869277,0.000416417548,-0.01848012023,0.001302861725,-0.01101596704,-0.006441211199,-0.002790678793,0.7271991461,0,0,0,1,0,0,0
17.34034228,15.32032776,rate,circle,-2.021101952,2.174907446,-1.62631762,-1.995344906,2.136377071,-2,-0.05761814862,-0.8872532248,-0.003432528581,-0.06136968206,-0.8979052078,0,0.3765455299,0.01180343151,0.0975022745,-0.0006534602144,-0.01463811006,0.001130379271,-0.01394227568,0.008603616594,-0.002777714827,0.727241567,0,0,0,1,0,0,0
17.35035062,15.33033609,rate,circle,-2.021918297,2.16050601,-1.626385808,-1.995938876,2.127389182,-2,-0.05116569623,-0.888318181,-0.003145083785,-0.05732513203,-0.8981724941,0,0.3759776843,0.01203900694,0.08980903674,-0.001409418299,-0.01843728311,0.0008565545431,-0.001871106251,-0.06081812866,-0.002317313713,0.7272468794,0,0,0,1,0,0,0
17.36034155,15.34032702,rate,circle,-2.022287846,2.153268337,-1.626420856,-1.996491433,2.118414346,-2,-0.04793029651,-0.8888657689,-0.003020264907,-0.05328645571,-0.8984211449,0,0.3760872675,0.01136290685,0.07663569012,-0.0006610144628,-0.02177683637,0.001868606429,-0.006890360858,-0.03475197758,-0.002362236809,0.727274846,0,0,0,1,0,0,0
17.37032795,15.35031343,rate,circle,-2.022631407,2.146030188,-1.626454949,-1.997003412,2.109441187,-2,-0.04469551519,-0.8893666267,-0.002913881559,-0.04924853418,-0.8986515353,0,0.3762066639,0.01074384543,0.07526731165,0.0004399971513,-0.02152238041,0.0008891315665,-0.01104124871,-0.01405380712,-0.002332693045,0.727298572,0,0,0,1,0,0,0
17.38035607,15.36034155,rate,circle,-2.022949219,2.138791561,-1.626488209,-1.997476947,2.100428314,-2,-0.04147143289,-0.8898678422,-0.002837095642,-0.04519274149,-0.8988646261,0,0.3763397847,0.01014097483,0.0864094988,-0.0008173424867,-0.02018309012,0.0008875446511,-0.01464123261,0.002580639695,-0.002290124126,0.7273154183,0,0,0,1,0,0,0
17.39034319,15.37032866,rate,circle,-2.023507833,2.124312639,-1.626553178,-1.997908118,2.091450265,-2,-0.03511717543,-0.8907901645,-0.002738045994,-0.04115261937,-0.8990586532,0,0.3757629705,0.01059676297,0.09789349286,0.0003398730769,-0.02605536021,0.0002130882931,-0.00241617825,-0.06558448227,-0.001742270081,0.7272751404,0,0,0,1,0,0,0
17.40039039,15.38037586,rate,circle,-2.023758411,2.11704421,-1.626576424,-1.998301165,2.082416342,-2,-0.03185384348,-0.8912470937,-0.00271264161,-0.03708735374,-0.8992355243,0,0.3758887177,0.009927893945,0.07936385521,9.685934492e-05,-0.02841042355,1.726178198e-05,-0.007721964434,-0.03796632353,-0.001713610686,0.7272824776,0,0,0,1,0,0,0
17.41034865,15.39033413,rate,circle,-2.023983002,2.109775782,-1.626599669,-1.998650425,2.073460716,-2,-0.02865783684,-0.8917143345,-0.002691845875,-0.03305732241,-0.8993926915,0,0.3760163962,0.009249793139,0.07484301167,-0.0004625330039,-0.03075638786,0.0001485792745,-0.01248539115,-0.01699264328,-0.001655700119,0.7272885189,0,0,0,1,0,0,0
17.42037749,15.40036297,rate,circle,-2.024357319,2.095245361,-1.626645565,-1.998961598,2.064440134,-2,-0.02225129306,-0.8924998045,-0.002523632953,-0.02899806047,-0.899532719,0,0.3754829407,0.01006724787,0.1181402312,0.001635821187,-0.03382389247,0.0003941174073,0.000269919259,-0.07978100307,-0.001084448171,0.7272736402,0,0,0,1,0,0,0
17.43033767,15.41032314,rate,circle,-2.024504423,2.087957621,-1.626663089,-1.999230344,2.055480014,-2,-0.01908065565,-0.8929331899,-0.002393695759,-0.0249660064,-0.8996536548,0,0.3755982205,0.009248339373,0.092341197,0.00220963941,-0.0388401337,0.0001726327755,-0.006466860356,-0.05002430792,-0.001053523356,0.7273095865,0,0,0,1,0,0,0
17.44042873,15.42041421,rate,circle,-2.024626017,2.080670118,-1.626680017,-1.999461664,2.046401009,-2,-0.01594724506,-0.89340657,-0.002304126509,-0.0208804539,-0.8997577489,0,0.3757331854,0.008365585572,0.07798177943,0.002376592485,-0.04179159179,-0.0001321502932,-0.01259264621,-0.02572193482,-0.0009846846336,0.7273363303,0,0,0,1,0,0,0
17.45033479,15.43032026,rate,circle,-2.024722099,2.073382616,-1.626696348,-1.99964864,2.037487529,-2,-0.01278495044,-0.8938009143,-0.002202580217,-0.01686938793,-0.8998418882,0,0.3758626772,0.007617568838,0.08240449284,0.001601607306,-0.04130528122,-0.0007919831551,-0.01699385373,-0.007386616932,-0.0008654520019,0.7273650678,0,0,0,1,0,0,0
17.46038437,15.44036984,rate,circle,-2.024792671,2.066095829,-1.626711607,-1.999797722,2.028444142,-2,-0.00959834829,-0.8941367269,-0.002109177411,-0.01279986381,-0.8999089751,0,0.3760141239,0.006929443044,0.1038282901,0.0003528612433,-0.04135554284,0.0004804502241,-0.02070431049,0.009085258533,-0.000770087815,0.7273927921,0,0,0,1,0,0,0
17.47033405,15.45031953,rate,circle,-2.02486372,2.051486492,-1.626736045,-1.999905032,2.019490077,-2,-0.003317651572,-0.8946359158,-0.00184752536,-0.008770534449,-0.8999572644,0,0.3754632963,0.007839900056,0.08110256265,0.001328086015,-0.04043804482,-0.0004651063355,-0.006044631506,-0.05794720331,-6.510306842e-05,0.7274116674,0,0,0,1,0,0,0
17.48041177,15.46039724,rate,circle,-2.024861097,2.044184923,-1.626747131,-1.999972854,2.010420394,-2,-0.0001539841469,-0.8948377967,-0.001711134333,-0.004689177513,-0.8999877841,0,0.3756024122,0.007072363848,0.08028069258,0.0002065599547,-0.03815630451,-0.0006639102357,-0.0123509918,-0.02960630921,1.362541013e-05,0.7274523075,0,0,0,1,0,0,0
17.49033451,15.47031999,rate,circle,-2.024834394,2.036888123,-1.626757741,-1.999999445,2.001489973,-2,0.003033909481,-0.8950561881,-0.001621620497,-0.0006704878151,-0.8999997502,0,0.3757387226,0.006386784716,0.09608381643,-0.001092868624,-0.03402510285,2.430839049e-05,-0.01700604398,-0.008889055503,0.0001025139883,0.7274800385,0,0,0,1,0,0,0
17.50035501,15.48034048,rate,circle,-2.024796724,2.029565811,-1.626758099,-1.999985831,1.992471546,-2,0.006138586439,-0.8952593803,-0.00156494265,0.003387804379,-0.8999936237,0,0.3759003617,0.005694638536,0.122495344,-0.001262228936,-0.02841434069,-8.908667951e-05,-0.02199336605,0.008065837386,0.0002017998575,0.7275043705,0,0,0,1,0,0,0
17.5103302,15.49031568,rate,circle,-2.024644375,2.014928102,-1.626760006,-1.999931887,1.98349404,-2,0.01240977924,-0.8956116438,-0.001538411365,0.007427682005,-0.8999693492,0,0.3753756791,0.006795410145,0.0823351767,-0.001433708123,-0.0320267044,-0.000854322454,-0.006487004997,-0.05848402756,0.0009220984008,0.7274735662,0,0,0,1,0,0,0
17.52037573,15.5003612,rate,circle,-2.024529457,2.007613182,-1.626752973,-1.999836838,1.974453572,-2,0.01555389632,-0.8957955837,-0.001551815076,0.01149589271,-0.8999265773,0,0.3755297973,0.00599505053,0.08825909101,-0.003082302865,-0.0347770378,-0.000814314757,-0.01335471702,-0.03060366891,0.001008366316,0.7274826376,0,0,0,1,0,0,0
17.53034854,15.51033401,rate,circle,-2.024423122,2.000266075,-1.626738906,-1.999702054,1.965479062,-2,0.01866142265,-0.8959634304,-0.001527807675,0.01553442224,-0.8998659243,0,0.3756928425,0.005228937421,0.1092760668,-0.00254112226,-0.03529233113,0.0006888385979,-0.01951107409,-0.00941919518,0.001069210557,0.7275037514,0,0,0,1,0,0,0
17.54034472,15.52033019,rate,circle,-2.024290562,1.992921948,-1.626725554,-1.999526538,1.956484223,-2,0.02175777033,-0.8961353302,-0.001503108069,0.01958209949,-0.8997869422,0,0.37586537,0.004508563824,0.1367011812,-0.004206893034,-0.03109203838,-0.001837337855,-0.0246730783,0.00738657075,0.001228790753,0.727524926,0,0,0,1,0,0,0
17.55034065,15.53032613,rate,circle,-2.024132252,1.985580921,-1.626713157,-1.999310569,1.94749048,-2,0.02479427494,-0.8962578773,-0.001534086652,0.02362928399,-0.8996897559,0,0.3760452965,0.003935532543,0.1684032919,-0.003082518233,-0.02910433896,-0.0005837642238,-0.02958067839,0.02128613424,0.001358059917,0.7275321415,0,0,0,1,0,0,0
17.56035185,15.54033732,rate,circle,-2.023769855,1.970895529,-1.626681209,-1.999053724,1.938484073,-2,0.03094592504,-0.8963730931,-0.001420532702,0.02768216728,-0.8995741757,0,0.3755373612,0.004787165931,0.1028771074,-0.005539853591,-0.03244230524,-0.0005652769469,-0.01322367724,-0.04577719653,0.002082618211,0.7275388543,0,0,0,1,0,0,0
17.57033849,15.55032396,rate,circle,-2.023565531,1.963551641,-1.626661658,-1.998757087,1.929501002,-2,0.03395428881,-0.8964247108,-0.001372410334,0.03172454929,-0.899440689,0,0.3757078949,0.003993917008,0.1264868018,-0.005472193938,-0.03165232763,-0.00127576245,-0.02092933609,-0.02009286606,0.00218479195,0.7275692083,0,0,0,1,0,0,0
17.58039975,15.56038523,rate,circle,-2.02333498,1.956211805,-1.626641154,-1.998417413,1.920452245,-2,0.03702715412,-0.8964478374,-0.001316208276,0.03579648984,-0.8992878356,0,0.3758942125,0.003363410327,0.1551765359,-0.00554440124,-0.02794767357,-0.0004658343096,-0.02681723817,0.0007369076669,0.002288847772,0.7276018755,0,0,0,1,0,0,0
17.59033775,15.57032323,rate,circle,-2.022828817,1.941532016,-1.626597047,-1.998041684,1.911515946,-2,0.04311052337,-0.8963743448,-0.001157872728,0.03981782426,-0.8991187579,0,0.3754265998,0.004440083333,0.1045458443,-0.007875112817,-0.01227417495,-0.0003592337598,-0.01065591166,-0.06353761754,0.002950921846,0.7276260463,0,0,0,1,0,0,0
17.60033536,15.58032084,rate,circle,-2.022552967,1.934192777,-1.626574039,-1.997623382,1.902527837,-2,0.04619600251,-0.8963766694,-0.001115199062,0.04386247356,-0.898930522,0,0.3755943299,0.003634720002,0.1137745335,-0.009031438269,-0.00708412379,0.0003840427962,-0.01851523805,-0.03589631387,0.002983372018,0.7276561563,0,0,0,1,0,0,0
17.61033249,15.59031796,rate,circle,-2.022249937,1.926857471,-1.62655139,-1.997164671,1.893542128,-2,0.0492317304,-0.8964093924,-0.001014198177,0.04790604222,-0.8987241018,0,0.3757699392,0.002853756614,0.1279806208,-0.01020096056,-0.005556338932,0.0007256428944,-0.02521501029,-0.01485523631,0.003021328895,0.7277013165,0,0,0,1,0,0,0
17.62034488,15.60033035,rate,circle,-2.021586895,1.912195206,-1.626498699,-1.996664747,1.884544865,-2,0.05533947796,-0.896337688,-0.001132601639,0.05195481085,-0.8984991361,0,0.3753516705,0.004172603034,0.128428297,-0.01129566599,-0.01729515381,0.0002356471377,-0.008587601346,-0.07678355289,0.003595870324,0.7276588399,0,0,0,1,0,0,0
17.63032794,15.61031342,rate,circle,-2.021229029,1.904871225,-1.626469374,-1.996125933,1.875576287,-2,0.05835467204,-0.8962836266,-0.001125128125,0.05599067097,-0.8982566698,0,0.3755176263,0.003278309602,0.1196356205,-0.01017711684,-0.02933764458,0.0003522619372,-0.01746118171,-0.04642596429,0.003599748499,0.7276832429,0,0,0,1,0,0,0
17.64041448,15.62039995,rate,circle,-2.020843983,1.897551775,-1.626440883,-1.995540621,1.866517301,-2,0.0614862442,-0.8962034583,-0.001116258209,0.06006721458,-0.8979932793,0,0.3756990988,0.00254227,0.1211934682,-0.008791852742,-0.03665317595,-5.289281398e-05,-0.02392186885,-0.0213367441,0.003656219489,0.7277073373,0,0,0,1,0,0,0
17.65032816,15.63031363,rate,circle,-2.020431519,1.890236855,-1.626413703,-1.994925278,1.857616238,-2,0.06454905868,-0.8961088061,-0.001154772821,0.06407269286,-0.897716375,0,0.3758741734,0.002035854236,0.1354518445,-0.009033394046,-0.03821379691,0.001064073062,-0.02938939818,-0.002572801903,0.003696894817,0.7277184362,0,0,0,1,0,0,0
17.66034842,15.64033389,rate,circle,-2.019992113,1.882926822,-1.626387835,-1.994262975,1.848622368,-2,0.06759842485,-0.8959728479,-0.001147031086,0.06811993435,-0.8974183386,0,0.3760649336,0.001917575517,0.1599973122,-0.009440380149,-0.037391752,0.0004879368353,-0.03426103855,0.01372406045,0.003759085526,0.7277414018,0,0,0,1,0,0,0
17.67033386,15.65031934,rate,circle,-2.019055605,1.868301988,-1.626313806,-1.993562636,1.839662803,-2,0.07365681231,-0.89566046,-0.001005846774,0.07215173851,-0.8971031862,0,0.3756480617,0.002314829083,0.119816567,-0.009094918147,-0.03492140025,-0.0008092250209,-0.0151002965,-0.05040095053,0.00432962999,0.7277740131,0,0,0,1,0,0,0
17.68033552,15.660321,rate,circle,-2.01854682,1.860997438,-1.626278043,-1.99282081,1.830691937,-2,0.07674043626,-0.8954838514,-0.0009823212167,0.07618862833,-0.8967693644,0,0.3758302174,0.001709383085,0.1301095196,-0.01155254524,-0.0329522416,0.0004477134207,-0.02251053647,-0.02399125747,0.00434280632,0.7278042407,0,0,0,1,0,0,0
17.69033265,15.67031813,rate,circle,-2.018011332,1.853697896,-1.626243591,-1.992038979,1.821728561,-2,0.07977911085,-0.895313561,-0.0009516130667,0.08022214749,-0.8964175406,0,0.3760192209,0.001523358094,0.1495902633,-0.01165827364,-0.0271036718,0.0002598394349,-0.02888588754,-0.003548755127,0.004374199072,0.7278360748,0,0,0,1,0,0,0
17.70035028,15.68033576,rate,circle,-2.017468214,1.846396804,-1.626190782,-1.991215105,1.812750421,-2,0.08288910985,-0.8950859308,-0.0007894456503,0.08426231074,-0.8960467973,0,0.3762374737,0.001852611546,0.1734926417,-0.01267922856,-0.02446745709,0.0001186026202,-0.03362508729,0.01307569491,0.004425274687,0.7279076581,0,0,0,1,0,0,0
17.71033669,15.69032216,rate,circle,-2.01630044,1.831811786,-1.626088262,-1.990353525,1.803804059,-2,0.08893785626,-0.8945744634,-0.0006842545699,0.08828817338,-0.8956590861,0,0.3758559076,0.001437601665,0.1202030359,-0.01329998672,-0.0293942187,0.001706309267,-0.01326161676,-0.04992534803,0.004856114345,0.7279426122,0,0,0,1,0,0,0
17.72035789,15.70034337,rate,circle,-2.01567626,1.824528098,-1.62603879,-1.989448535,1.794830497,-2,0.09199032933,-0.8942548633,-0.0006795429508,0.09232627637,-0.8952518409,0,0.3760542884,0.001252439025,0.1340193347,-0.01347168069,-0.03050296567,0.0006425609463,-0.02146899549,-0.02247433924,0.004843721258,0.7279735545,0,0,0,1,0,0,0
17.73033667,15.71032214,rate,circle,-2.015038252,1.817220092,-1.625970006,-1.988507178,1.785899082,-2,0.0950255245,-0.8939656615,-0.0005793314194,0.096345413,-0.8948282301,0,0.376275617,0.001679808058,0.1563027854,-0.01286679879,-0.03003067337,0.0007127504214,-0.02828282923,-0.001782984893,0.004847181487,0.7280355653,0,0,0,1,0,0,0
17.74035001,15.72033548,rate,circle,-2.014373302,1.80991888,-1.625902891,-1.987522254,1.776941065,-2,0.09809927642,-0.8936059475,-0.0005925533478,0.1003765207,-0.8943850145,0,0.3765065231,0.002478690451,0.1825584964,-0.0141112702,-0.02469060756,0.0008445149288,-0.03355902671,0.01526397438,0.00487131523,0.7280682047,0,0,0,1,0,0,0
17.75037074,15.73035622,rate,circle,-2.012961388,1.795336723,-1.625775814,-1.986496204,1.76798097,-2,0.1041859016,-0.8929455876,-0.0006450271467,0.1044085635,-0.8939232919,0,0.3761548677,0.001192285223,0.1199823419,-0.01476936135,-0.02316418476,0.0009038756834,-0.01177455096,-0.04746150873,0.005277432975,0.7280725035,0,0,0,1,0,0,0
17.76037121,15.74035668,rate,circle,-2.012233734,1.788025498,-1.625706315,-1.985431958,1.759043699,-2,0.107282795,-0.892571032,-0.0006298128283,0.1084303355,-0.8934443812,0,0.3763695557,0.001573611177,0.1347641901,-0.01352904271,-0.02267402783,0.002036393387,-0.02019796788,-0.02145296423,0.005222650793,0.7281130403,0,0,0,1,0,0,0
17.77034998,15.75033545,rate,circle,-2.011480808,1.780724406,-1.6256392,-1.984329943,1.750130681,-2,0.1103902087,-0.8922139406,-0.0006132005365,0.1124411935,-0.8929484744,0,0.3765888393,0.002263204275,0.1557941521,-0.01315588318,-0.02210184932,0.001550094807,-0.02686735257,-0.001395421319,0.00521547306,0.7281528664,0,0,0,1,0,0,0
17.78035069,15.76033616,rate,circle,-2.010699987,1.773430705,-1.625573874,-1.983185362,1.741203127,-2,0.113532871,-0.8918369412,-0.0006036181003,0.116458593,-0.8924334127,0,0.3768163951,0.003046306329,0.1801971633,-0.01376864407,-0.02043020725,0.001524021965,-0.03203246868,0.01472506158,0.005228003125,0.7281901292,0,0,0,1,0,0,0
17.79034948,15.77033496,rate,circle,-2.009066343,1.758847117,-1.625430346,-1.982000845,1.732282515,-2,0.1197008267,-0.8909893632,-0.0005749055999,0.1204728684,-0.8919003801,0,0.3764845885,0.001325336402,0.1182005564,-0.0118769994,-0.02657384053,0.001501069753,-0.008900064266,-0.04728368627,0.005609636685,0.72822054,0,0,0,1,0,0,0
17.80035019,15.78033566,rate,circle,-2.008213758,1.751558065,-1.625352859,-1.980775964,1.723365623,-2,0.1227108613,-0.8905517459,-0.0006582849892,0.1244854698,-0.891349184,0,0.3767069501,0.002053894408,0.1361849219,-0.01121361274,-0.02833972499,0.002190090017,-0.01888723905,-0.02084132191,0.005562748124,0.7282396596,0,0,0,1,0,0,0
17.81034088,15.79032636,rate,circle,-2.007333755,1.744277,-1.625278234,-1.979512255,1.714463253,-2,0.1257653087,-0.890088141,-0.0007477516774,0.1284915362,-0.8907805146,0,0.3769340751,0.00291046898,0.1598177212,-0.01220144145,-0.02523448132,0.002485876437,-0.02642835173,-0.0001109324732,0.005526706173,0.7282557971,0,0,0,1,0,0,0
17.82039332,15.8003788,rate,circle,-2.005501747,1.72971952,-1.625147343,-1.978200352,1.705511685,-2,0.1320546567,-0.8891530037,-0.001033742912,0.1325197417,-0.8901901584,0,0.3766243488,0.001536430366,0.1098942381,-0.01290381793,-0.01737899333,0.00209116796,-0.002601506589,-0.05878833907,0.00580528057,0.7282014676,0,0,0,1,0,0,0
17.83034539,15.81033087,rate,circle,-2.004549026,1.722442865,-1.625078201,-1.976861673,1.696655435,-2,0.1352235526,-0.8887504339,-0.001067242236,0.1365050545,-0.8895877529,0,0.3768261353,0.001866107203,0.1165941962,-0.01199767832,-0.01671903022,0.001780564315,-0.01220290391,-0.03226117945,0.005778413981,0.7282286576,0,0,0,1,0,0,0
17.84034133,15.82032681,rate,circle,-2.003571033,1.715176702,-1.625011444,-1.975477182,1.68776627,-2,0.1383449435,-0.8883005977,-0.001079269452,0.1405051785,-0.888964732,0,0.3770371511,0.002504498401,0.1313967482,-0.01075641811,-0.01797729358,0.002330773044,-0.02042114033,-0.0107499454,0.005746132525,0.7282610973,0,0,0,1,0,0,0
17.85034251,15.83032799,rate,circle,-2.002565145,1.707918525,-1.624946833,-1.974051963,1.678878764,-2,0.1414834559,-0.8877701163,-0.001063777949,0.1445045564,-0.8883233832,0,0.3772548047,0.003250350158,0.1517767535,-0.0124812806,-0.01804161817,0.002059519757,-0.02676606129,0.006877036949,0.005738712408,0.7282996958,0,0,0,1,0,0,0
17.86040974,15.84039521,rate,circle,-2.001563311,1.700647235,-1.624875784,-1.972576951,1.669939138,-2,0.144577831,-0.8872497082,-0.0009967052611,0.1485273877,-0.887659628,0,0.3774935413,0.004093953312,0.1767584748,-0.01288351044,-0.01700294577,0.002762389369,-0.03287749759,0.02112819168,0.005712179318,0.7283547164,0,0,0,1,0,0,0
17.87034965,15.85033512,rate,circle,-1.999474525,1.686130524,-1.624739408,-1.971080874,1.661119214,-2,0.1507975161,-0.8862064481,-0.0009797026869,0.1524963538,-0.8869863934,0,0.3771634614,0.002110493226,0.1142502298,-0.01008078363,-0.01936546527,0.002660570666,-0.006778283007,-0.04360979018,0.00596878886,0.7283792256,0,0,0,1,0,0,0
17.88035154,15.86033702,rate,circle,-1.998387456,1.678885102,-1.624685049,-1.969535662,1.652251129,-2,0.1539498866,-0.8856454492,-0.0009535523131,0.156486992,-0.8862910478,0,0.377363362,0.002786209545,0.1272769433,-0.009774878621,-0.01870676875,0.00298752659,-0.01627050649,-0.01911372546,0.005914159588,0.7284168849,0,0,0,1,0,0,0
17.89034128,15.87032676,rate,circle,-1.99729073,1.671620011,-1.62461853,-1.967952502,1.643400857,-2,0.1570603997,-0.8850976825,-0.0009422509465,0.1604696145,-0.885578626,0,0.3775821767,0.003569578333,0.1464936509,-0.009591396898,-0.01639142632,0.003408511169,-0.0244454846,-0.0005109743854,0.005856817211,0.7284556329,0,0,0,1,0,0,0
17.90039849,15.88038397,rate,circle,-1.996165156,1.664363861,-1.624554038,-1.966318477,1.634498088,-2,0.1602146178,-0.8845746517,-0.0009804640431,0.1644758604,-0.8848433146,0,0.3778127301,0.00438083069,0.1688892174,-0.01149132755,-0.01407742407,0.003303710138,-0.03089966747,0.01433969267,0.005825080509,0.7284811426,0,0,0,1,0,0,0
17.91036153,15.890347,rate,circle,-1.995010614,1.657116652,-1.624492049,-1.964660041,1.625686066,-2,0.1633962095,-0.8840135336,-0.001055671484,0.1684412705,-0.8840970186,0,0.3780413471,0.005155002715,0.1923427036,-0.01149628591,-0.01360462327,0.002717173658,-0.03567959759,0.02573905076,0.005819077959,0.7284957032,0,0,0,1,0,0,0
17.92038846,15.90037394,rate,circle,-1.992621422,1.642655492,-1.624376774,-1.962951099,1.616825125,-2,0.1697137058,-0.8827608228,-0.001262947218,0.1724286935,-0.8833279944,0,0.3776775661,0.003047601982,0.1223045843,-0.009033869021,-0.02137818374,0.003442608519,-0.007673919462,-0.03731191911,0.006072941254,0.7284550644,0,0,0,1,0,0,0
17.93036008,15.91034555,rate,circle,-1.991393447,1.63540554,-1.62431848,-1.961211949,1.608020803,-2,0.1728650182,-0.882126987,-0.001310644089,0.1763906388,-0.8825453771,0,0.3778854996,0.003784552566,0.1395779945,-0.009353115223,-0.02073667012,0.003861713456,-0.01755988641,-0.01444831136,0.005999345881,0.7284754585,0,0,0,1,0,0,0
17.94044209,15.92042756,rate,circle,-1.990136385,1.628165603,-1.624286056,-1.959413399,1.599127039,-2,0.1760249734,-0.8815021515,-0.001357760397,0.1803928323,-0.8817360297,0,0.3780847895,0.004580000444,0.1619167242,-0.01134876907,-0.01739471033,0.004073446617,-0.02570363703,0.004080601359,0.005949448465,0.7284871762,0,0,0,1,0,0,0
17.95036101,15.93034649,rate,circle,-1.987536311,1.613714218,-1.624226809,-1.957604583,1.590385185,-2,0.1823080033,-0.8802713156,-0.001555539551,0.1843266666,-0.8809220624,0,0.3776845821,0.002630242635,0.1110505311,-0.01366659626,-0.001410653233,0.004268427379,0.002117987123,-0.05854275621,0.006119786883,0.7284280636,0,0,0,1,0,0,0
17.96035624,15.94034171,rate,circle,-1.986200452,1.606472135,-1.624193668,-1.955742402,1.581584347,-2,0.1854763776,-0.8796915412,-0.001603037468,0.188287044,-0.8800840807,0,0.3778590924,0.003259395948,0.1136882078,-0.01459674072,0.003635917557,0.004013801925,-0.009219884356,-0.03418731314,0.006047668567,0.7284394071,0,0,0,1,0,0,0
17.97036028,15.95034575,rate,circle,-1.984835625,1.599239707,-1.624162316,-1.953838958,1.572784217,-2,0.1886542588,-0.8791127205,-0.001686081756,0.1922471024,-0.8792275312,0,0.3780405412,0.003970463236,0.1201025507,-0.01498135645,0.00317394943,0.004287838936,-0.01810417429,-0.01544462897,0.006001158109,0.7284411818,0,0,0,1,0,0,0
17.98036027,15.96034575,rate,circle,-1.983445525,1.592019558,-1.624133229,-1.951896713,1.563996305,-2,0.1918070018,-0.8784857392,-0.001799531165,0.1962016627,-0.8783535208,0,0.3782280524,0.004750667155,0.1302929865,-0.01469415147,-0.001002522302,0.004864282906,-0.02542142207,-0.0003210455889,0.005944800827,0.7284347717,0,0,0,1,0,0,0
17.99035358,15.97033906,rate,circle,-1.982026696,1.584809184,-1.624106526,-1.949916278,1.55522308,-2,0.1949911565,-0.8778861761,-0.001953673549,0.200149614,-0.8774623251,0,0.378420824,0.005532284673,0.1450439927,-0.01324447058,-0.009275339544,0.004442125559,-0.03119829013,0.01165755982,0.005913542199,0.728416925,0,0,0,1,0,0,0
18.00037169,15.98035717,rate,circle,-1.979097605,1.570355296,-1.624032855,-1.94789135,1.546437115,-2,0.2013899833,-0.876701355,-0.002186747966,0.2041032981,-0.8765511073,0,0.378017465,0.003488053686,0.1155979651,-0.008047197014,-0.02886753343,0.005111027975,-0.0004690753215,-0.05224129318,0.006134190727,0.7283519713,0,0,0,1,0,0,0
18.0103476,15.99033308,rate,circle,-1.977589965,1.56314373,-1.623993039,-1.945835613,1.53769732,-2,0.2045641392,-0.8760274649,-0.002372258576,0.2080362061,-0.8756260257,0,0.3782024502,0.004224217397,0.1146924263,-0.006057781633,-0.03136858717,0.004935682751,-0.01146877448,-0.02826606483,0.006087126067,0.7283306551,0,0,0,1,0,0,0
18.02036738,16.00035286,rate,circle,-1.974485993,1.548721671,-1.623906374,-1.943731363,1.528928469,-2,0.2109372765,-0.8747172356,-0.002632847056,0.2119821888,-0.8746791135,0,0.3778677462,0.00283287463,0.142421014,-0.006710871588,-0.02399463765,0.005841693841,0.01613167565,-0.08301501539,0.006203231653,0.7282636767,0,0,0,1,0,0,0
18.03034616,16.01033163,rate,circle,-1.972889662,1.541511655,-1.623859167,-1.941596452,1.520205025,-2,0.2141435742,-0.8740283251,-0.002793469699,0.2159077386,-0.8737184034,0,0.3780412195,0.003318403296,0.1265974805,-0.006491839886,-0.01955361106,0.004486401565,0.002570610191,-0.05417887127,0.006183728674,0.7282508166,0,0,0,1,0,0,0
18.04035687,16.02034235,rate,circle,-1.971264601,1.534312367,-1.623815536,-1.939415367,1.511463373,-2,0.217415601,-0.8733382821,-0.002980340505,0.2198414819,-0.872736915,0,0.3782211004,0.003889597679,0.1165414769,-0.007091421168,-0.01880830713,0.004413906485,-0.007662507228,-0.03170367877,0.006176462012,0.7282296232,0,0,0,1,0,0,0
18.05036592,16.0303514,rate,circle,-1.969614387,1.527126312,-1.623775244,-1.937195298,1.502733091,-2,0.2206321806,-0.8726204634,-0.003105735173,0.2237701092,-0.8717378839,0,0.3784059907,0.00450234756,0.1139410747,-0.006027474999,-0.02139161713,0.00441999035,-0.01632607804,-0.0137229418,0.006173357649,0.7282232791,0,0,0,1,0,0,0
18.06038427,16.04036975,rate,circle,-1.96793294,1.519930482,-1.623744011,-1.934933812,1.494004799,-2,0.2238298506,-0.8719370961,-0.003236397635,0.2276978402,-0.8707202154,0,0.3785890288,0.005188102971,0.12039687,-0.00510627497,-0.02540352382,0.005096652545,-0.02363461278,0.0002948023336,0.006160049047,0.7282124723,0,0,0,1,0,0,0
18.07038856,16.05037403,rate,circle,-1.964485407,1.505571723,-1.623688221,-1.932636258,1.485299026,-2,0.2302141339,-0.8704302907,-0.003323386656,0.2316154383,-0.8696863163,0,0.3782008799,0.003682669013,0.127973927,-0.001580911805,-0.03608364984,0.00439620344,0.008587265441,-0.05960568359,0.006345126384,0.7281777019,0,0,0,1,0,0,0
18.08037853,16.06036401,rate,circle,-1.96271956,1.498409271,-1.623662949,-1.930302905,1.47661611,-2,0.2333775014,-0.8696222901,-0.003328764578,0.2355227506,-0.8686363071,0,0.3783587684,0.004081045245,0.1141876035,-0.0009682613309,-0.03773997352,0.00546295708,-0.003917671526,-0.03442161005,0.006320669534,0.7281964228,0,0,0,1,0,0,0
18.09037185,16.07035732,rate,circle,-1.960933208,1.491256595,-1.62362957,-1.927929741,1.467940875,-2,0.2365239263,-0.8687952757,-0.003369150683,0.2394266061,-0.8675683836,0,0.3785334228,0.004613240816,0.1138153797,-0.001144853304,-0.0326382108,0.005234988406,-0.01412481118,-0.01466300859,0.006307056989,0.7282092973,0,0,0,1,0,0,0
18.10038209,16.08036757,rate,circle,-1.959119081,1.48411572,-1.623598099,-1.925513471,1.459261733,-2,0.2396751642,-0.8679319024,-0.003399022389,0.2433322202,-0.8664810619,0,0.3787155252,0.005199264346,0.124711393,-0.00232732133,-0.02637544088,0.005618567578,-0.02233031003,0.001133833786,0.006284802973,0.7282241038,0,0,0,1,0,0,0
18.11038065,16.09036613,rate,circle,-1.957277179,1.476986289,-1.623569012,-1.923061017,1.450603673,-2,0.242840454,-0.8670755625,-0.003514636774,0.2472283473,-0.8653774577,0,0.3789024639,0.00587280505,0.14336381,-0.002023626817,-0.02371302433,0.005352631677,-0.02899411407,0.01349998005,0.006270553756,0.7282160991,0,0,0,1,0,0,0
18.12037683,16.1003623,rate,circle,-1.953531265,1.462776184,-1.623490095,-1.920570231,1.441958795,-2,0.2492275685,-0.8653985262,-0.00368197076,0.2511185422,-0.8642566041,0,0.3785227891,0.004293795092,0.1118162477,0.0001995231432,-0.02916069888,0.00570200989,0.005369300013,-0.04740711155,0.006354882741,0.7281695447,0,0,0,1,0,0,0
18.13037348,16.11035895,rate,circle,-1.951626658,1.45569551,-1.623440862,-1.918040462,1.433324798,-2,0.2524257004,-0.8644731641,-0.00374769303,0.2550038411,-0.863118208,0,0.3787152835,0.004746358426,0.113363824,6.415243843e-05,-0.02982010506,0.005888005719,-0.006912056527,-0.02374770005,0.0063028268,0.7281811527,0,0,0,1,0,0,0
18.14039469,16.12038016,rate,circle,-1.949693918,1.44862628,-1.62339437,-1.915465521,1.4246811,-2,0.2555592358,-0.8635433316,-0.003810186638,0.2588935049,-0.8619594846,0,0.3789152349,0.005305039478,0.1272506639,-0.0003550425754,-0.02783945389,0.005581242032,-0.01735903471,-0.004957801798,0.00625994999,0.7281931607,0,0,0,1,0,0,0
18.15035963,16.13034511,rate,circle,-1.945770741,1.434524417,-1.623295546,-1.912866413,1.416097536,-2,0.261772126,-0.8616327643,-0.003820715938,0.2627561087,-0.8607898857,0,0.3785874941,0.004034418997,0.1169766999,-0.003013291163,-0.01419899147,0.00592404604,0.01469761248,-0.06106548713,0.006242526626,0.7281951114,0,0,0,1,0,0,0
18.16035414,16.14033961,rate,circle,-1.943780065,1.427492023,-1.62324357,-1.910220957,1.4075003,-2,0.2648731172,-0.8606185913,-0.003844445571,0.2666248648,-0.8595994308,0,0.3787760419,0.00434592563,0.1093296602,-0.005680429284,-0.01061725337,0.006237202324,6.129859086e-05,-0.03530711778,0.006166437841,0.7282191008,0,0,0,1,0,0,0
18.17037487,16.15036035,rate,circle,-1.941761255,1.420471549,-1.623193741,-1.907529769,1.398892537,-2,0.268018961,-0.8595895171,-0.003800417995,0.2704983582,-0.8583883959,0,0.3789728293,0.004693962084,0.1098251875,-0.006520814728,-0.007911135443,0.005893602502,-0.01113688246,-0.01521946105,0.006097750071,0.7282592636,0,0,0,1,0,0,0
18.18037415,16.16035962,rate,circle,-1.937639475,1.406465411,-1.623117447,-1.904805679,1.39031539,-2,0.2743046284,-0.8575922251,-0.003871180816,0.2743580746,-0.8571625557,0,0.378654645,0.003895319394,0.1435373197,-0.004596165847,-0.01147526782,0.006908638868,0.02179152492,-0.06974766786,0.005978103826,0.7282366955,0,0,0,1,0,0,0
18.19038701,16.17037249,rate,circle,-1.935567379,1.399481297,-1.623071074,-1.902039242,1.381738955,-2,0.2774548233,-0.8566462994,-0.003958872985,0.2782174704,-0.8559176591,0,0.3788328675,0.004096977249,0.1238897207,-0.003161361441,-0.01733206213,0.004983422346,0.00609910444,-0.04365567781,0.00593338047,0.7282424231,0,0,0,1,0,0,0
18.20048451,16.18046999,rate,circle,-1.933466792,1.39250803,-1.623027444,-1.899210315,1.373102735,-2,0.2805919051,-0.8556786776,-0.003976961598,0.2821037691,-0.8546446416,0,0.3790229278,0.004378491365,0.1085843802,-0.0009445474134,-0.02318502963,0.006688595749,-0.006841136853,-0.02227096402,0.005838296305,0.7282653485,0,0,0,1,0,0,0
18.2103591,16.19034457,rate,circle,-1.931337953,1.385546088,-1.622986078,-1.896405917,1.364669693,-2,0.2836742103,-0.8546615839,-0.003972000442,0.285898638,-0.8533826626,0,0.379203861,0.004728689651,0.1045790894,0.0003856804396,-0.02636500634,0.00710872421,-0.01670810542,-0.006401536267,0.005728116705,0.7282924478,0,0,0,1,0,0,0
18.22031784,16.20030332,rate,circle,-1.929181337,1.378595233,-1.622946739,-1.893539692,1.356177482,-2,0.2867464423,-0.8536757827,-0.004002427682,0.2897201331,-0.8520928614,0,0.3793969477,0.005231434213,0.1131034157,9.589442197e-05,-0.02652344294,0.007088955026,-0.02524887358,0.006638756027,0.005614858886,0.7283103308,0,0,0,1,0,0,0
18.23036909,16.21035457,rate,circle,-1.924828529,1.364735961,-1.622864008,-1.890608283,1.347619498,-2,0.2928403914,-0.8515232801,-0.003917612601,0.2935712258,-0.8507737275,0,0.3790719655,0.004055075423,0.108787264,0.003180291271,-0.02886519954,0.006821342278,0.008730125914,-0.04832157651,0.005428555324,0.7283318552,0,0,0,1,0,0,0
18.24040341,16.22038889,rate,circle,-1.922610164,1.35782373,-1.622816443,-1.887643231,1.33908924,-2,0.2959135473,-0.8504452705,-0.003846125444,0.2974098421,-0.8494394539,0,0.379263896,0.004247734258,0.09772632026,0.003779298859,-0.02751590684,0.007641746663,-0.005678564426,-0.02496727711,0.005292568058,0.7283788186,0,0,0,1,0,0,0
18.25038624,16.23037171,rate,circle,-1.920363903,1.350923538,-1.622770429,-1.884655204,1.330616132,-2,0.2989906371,-0.849254787,-0.003791202093,0.3012227405,-0.8480948417,0,0.3794596835,0.004549832097,0.1026854867,0.003113574581,-0.02526572719,0.005955165252,-0.01683715447,-0.006125890557,0.005196327734,0.7284205058,0,0,0,1,0,0,0
18.260396,16.24038148,rate,circle,-1.918121696,1.344050288,-1.622724771,-1.881620926,1.322133721,-2,0.3020199835,-0.8480853438,-0.003771641059,0.3050398255,-0.8467294165,0,0.3796699095,0.005018292627,0.1211878302,0.001507002977,-0.02253671922,0.006686339155,-0.02671354272,0.008957539229,0.005072970699,0.7284539019,0,0,0,1,0,0,0
18.27036119,16.25034666,rate,circle,-1.913553238,1.330339313,-1.622640371,-1.87856224,1.313702753,-2,0.3080437779,-0.8458109498,-0.003827422392,0.3088337612,-0.8453530079,0,0.3793434255,0.003934837557,0.0933251255,0.004187331069,-0.02710963972,0.006555499043,0.008181552241,-0.0458885854,0.004824997281,0.7284407204,0,0,0,1,0,0,0
18.28037381,16.26035929,rate,circle,-1.911227226,1.323501348,-1.622601509,-1.875450945,1.305245544,-2,0.3110940754,-0.844610393,-0.003853912232,0.3126395053,-0.843952925,0,0.3795297586,0.004203957334,0.09252789947,0.004258424509,-0.02829425596,0.006711106282,-0.00684458143,-0.02189066395,0.00469214905,0.728459522,0,0,0,1,0,0,0
18.29037547,16.27036095,rate,circle,-1.908906341,1.316685915,-1.622564435,-1.872305046,1.296811679,-2,0.3140552342,-0.8433871865,-0.003927387297,0.3164347444,-0.8425372707,0,0.3797265407,0.004669988922,0.1105107358,0.003623707686,-0.02729223296,0.006223287899,-0.01988304243,-0.002700896166,0.004567161665,0.728466632,0,0,0,1,0,0,0
18.30036759,16.28035307,rate,circle,-1.90418148,1.303091049,-1.622477651,-1.869124275,1.28840008,-2,0.3199961782,-0.8408800364,-0.003986686002,0.3202199638,-0.8411059236,0,0.3794310959,0.003999346244,0.08755179266,0.002475611167,-0.02144467086,0.006430265494,0.01346246564,-0.05252254366,0.004236676673,0.7284544551,0,0,0,1,0,0,0
18.31037855,16.29036403,rate,circle,-1.90418148,1.303091049,-1.622477651,-1.865899611,1.279987054,-2,0.3199961782,-0.8408800364,-0.003986686002,0.3240058258,-0.8396548248,0,0.3801610454,0.005785506288,0.1711170504,0.002475611167,-0.02144467086,0.006430265494,-0.04739958242,0.03771454329,0.004266812497,0.7285071545,0,0,0,1,0,0,0
18.32040977,16.30039525,rate,circle,-1.899373055,1.289556146,-1.622392416,-1.862630437,1.271571653,-2,0.3259760141,-0.8382521868,-0.004163405858,0.3277927561,-0.8381836965,0,0.3798169947,0.004543037615,0.0978519593,0.00172348693,-0.02198972926,0.007025513798,-0.008334546803,-0.0188289847,0.003915585608,0.7284643244,0,0,0,1,0,0,0
18.33037162,16.31035709,rate,circle,-1.896945,1.282814741,-1.622349739,-1.859346312,1.263229145,-2,0.3289556801,-0.8369632959,-0.004231586587,0.3315468846,-0.8367058404,0,0.3800223368,0.004968596282,0.1233854964,-0.0003301675315,-0.02141580917,0.006589394063,-0.02119859187,-3.835542837e-05,0.003735983374,0.7284742676,0,0,0,1,0,0,0
18.34038568,16.32037115,rate,circle,-1.89448905,1.276085615,-1.622309804,-1.856007315,1.254857834,-2,0.3319218755,-0.835600853,-0.004296096507,0.3353139745,-0.8352032917,0,0.3802385393,0.005488245275,0.1546559325,-0.001318294788,-0.01688061096,0.007158075925,-0.03183140897,0.01560627356,0.003533397511,0.7284844148,0,0,0,1,0,0,0
18.35037136,16.33035684,rate,circle,-1.892004967,1.269369125,-1.622272849,-1.852640248,1.246525308,-2,0.3349176347,-0.8342552781,-0.004443202168,0.3390636113,-0.8336881116,0,0.3804592246,0.006103510913,0.1850447398,-0.003387216246,-0.008746641688,0.006310286466,-0.04010774042,0.02732481905,0.003347228638,0.7284722666,0,0,0,1,0,0,0
18.36051559,16.34050107,rate,circle,-1.887027502,1.255986452,-1.622192979,-1.849181417,1.238076061,-2,0.3407123983,-0.8314948678,-0.004654218443,0.3428657725,-0.8321316374,0,0.3801200515,0.005167615072,0.09523172807,-0.008053196594,0.0007917027688,0.007236947771,-0.004130103606,-0.02547324144,0.002888869676,0.7284212642,0,0,0,1,0,0,0
18.3703959,16.35038137,rate,circle,-1.884496808,1.249314308,-1.622155547,-1.845775532,1.229861905,-2,0.3436440229,-0.8300863504,-0.004711693618,0.3465621427,-0.8305989894,0,0.3803211324,0.005565813349,0.115437751,-0.01053137891,0.001823126338,0.007497651037,-0.01787439053,-0.006186167209,0.002659038177,0.7284322097,0,0,0,1,0,0,0
18.38042641,16.36041188,rate,circle,-1.87938273,1.236020565,-1.622086167,-1.842280547,1.221538449,-2,0.3494710624,-0.8273037672,-0.004727768712,0.350307698,-0.8290262461,0,0.3800068007,0.005100851853,0.0716257177,-0.01405388489,0.008389647119,0.007126622833,0.01656736525,-0.05437337283,0.002136871991,0.7284248544,0,0,0,1,0,0,0
18.3903923,16.37037778,rate,circle,-1.876799345,1.229398131,-1.622054458,-1.838770902,1.213284315,-2,0.3523802161,-0.8259725571,-0.004834571388,0.3540220583,-0.827446906,0,0.3801955425,0.005314360817,0.06913640141,-0.01498781797,0.01154780108,0.006011148449,-0.001375886504,-0.03079883568,0.001944485977,0.7284221023,0,0,0,1,0,0,0
18.40039039,16.38037586,rate,circle,-1.874192357,1.222790122,-1.622026324,-1.835212762,1.205019422,-2,0.3552649021,-0.8245901465,-0.004967027344,0.3577412599,-0.8258457428,0,0.38039362,0.005690362963,0.07547981807,-0.01491925027,0.009925198741,0.006094473414,-0.01579413189,-0.01198591562,0.001735710235,0.7284120669,0,0,0,1,0,0,0
18.41040063,16.3903861,rate,circle,-1.871557593,1.216193914,-1.622000456,-1.831613078,1.1967606,-2,0.3581698239,-0.8233074546,-0.004946548957,0.36145773,-0.8242258849,0,0.3806006745,0.006010173692,0.08951013058,-0.01493662503,0.006317776162,0.006252925377,-0.02711746737,0.001945617814,0.001512957567,0.7284401258,0,0,0,1,0,0,0
18.42039585,16.40038133,rate,circle,-1.868926167,1.209616065,-1.621979356,-1.827981712,1.188530432,-2,0.3611342013,-0.8219501376,-0.004911721684,0.3651613056,-0.8225917705,0,0.3808157819,0.006383907274,0.1086580449,-0.0141556859,0.001221740618,0.006695297081,-0.03593187434,0.01365018524,0.001269917123,0.7284698416,0,0,0,1,0,0,0
18.43037629,16.41036177,rate,circle,-1.863577247,1.196495771,-1.621942043,-1.824318818,1.180328816,-2,0.3669772446,-0.8192981482,-0.004892397206,0.368852033,-0.8209434681,0,0.3804345059,0.00549158078,0.07533203218,-0.009602075443,-0.009183828719,0.006159109529,0.003939894014,-0.04009307055,0.000720639261,0.7284579705,0,0,0,1,0,0,0
18.4403851,16.42037058,rate,circle,-1.860860229,1.189953327,-1.621926069,-1.820608556,1.172120488,-2,0.3698934615,-0.817894578,-0.004924852401,0.3725457802,-0.8192738502,0,0.3806285649,0.005761194137,0.06883989626,-0.009179528803,-0.01286316011,0.005429620389,-0.01162359965,-0.0187943782,0.0005170514028,0.7284689662,0,0,0,1,0,0,0
18.45036721,16.43035269,rate,circle,-1.858114958,1.183422804,-1.621912122,-1.816871408,1.163950787,-2,0.3728189766,-0.8165408969,-0.005009639543,0.3762221457,-0.8175921337,0,0.3808288769,0.00614679974,0.07896968417,-0.01059737056,-0.01205284055,0.006714808289,-0.02374514459,-0.002780295141,0.0002683167841,0.728465824,0,0,0,1,0,0,0
18.46038032,16.44036579,rate,circle,-1.855367422,1.176918626,-1.621889353,-1.813085826,1.155772667,-2,0.3757532835,-0.8151407838,-0.005083367229,0.3799022996,-0.8158886215,0,0.381054519,0.006604106186,0.1011449943,-0.009564768523,-0.009483193047,0.006776217837,-0.03382403968,0.01048904962,1.005388376e-05,0.72846898,0,0,0,1,0,0,0
18.47038674,16.45037222,rate,circle,-1.849791288,1.16394949,-1.621851325,-1.809265992,1.147617123,-2,0.3816336989,-0.8121896982,-0.005229568575,0.3835722945,-0.8141696966,0,0.3806645061,0.005918355676,0.06652551225,-0.008714182302,-0.01443733089,0.005998770241,0.006949181182,-0.03894969035,-0.000594688523,0.7284138724,0,0,0,1,0,0,0
18.48037004,16.46035552,rate,circle,-1.846962452,1.157484531,-1.621853709,-1.80541843,1.139497651,-2,0.3845954239,-0.8107450604,-0.005297196563,0.3872260571,-0.8124382935,0,0.3808464925,0.006152037086,0.06103552578,-0.007203213871,-0.01603504084,0.006545629818,-0.008847685581,-0.01783238794,-0.0008404526226,0.7284087793,0,0,0,1,0,0,0
18.49035859,16.47034407,rate,circle,-1.844131589,1.151033163,-1.621860385,-1.80153238,1.131391293,-2,0.3875133097,-0.8092530966,-0.005351838656,0.390873918,-0.8106895708,0,0.38103814,0.006480688491,0.0767275068,-0.006994928233,-0.01654426754,0.005871672649,-0.02200168954,-0.0007311504811,-0.001075482806,0.7284060048,0,0,0,1,0,0,0
18.50040531,16.48039079,rate,circle,-1.841272116,1.144594073,-1.621868491,-1.797586981,1.123255427,-2,0.3904267848,-0.8078081012,-0.005396382883,0.3945350581,-0.8089141413,0,0.3812442352,0.006871839818,0.1044498965,-0.007903342135,-0.01262389868,0.006299016532,-0.03289841887,0.01259744147,-0.001336515294,0.7284057073,0,0,0,1,0,0,0
18.51036406,16.49034953,rate,circle,-1.835466981,1.13175261,-1.621889353,-1.793639869,1.115208489,-2,0.3963181078,-0.8048949242,-0.005577590317,0.3981561802,-0.8071379412,0,0.3807766757,0.00628642579,0.06325478984,-0.006771863904,-0.01249902602,0.00566181913,0.00918748241,-0.03796900339,-0.001966584964,0.7283192433,0,0,0,1,0,0,0
18.52036214,16.50034761,rate,circle,-1.832543969,1.125350237,-1.621901989,-1.789640931,1.107147639,-2,0.3992168009,-0.8034033775,-0.005676737521,0.4017835626,-0.8053384188,0,0.3809594614,0.006523649226,0.06460228585,-0.006257385481,-0.01372353639,0.004858614877,-0.007960757174,-0.01692628007,-0.002157034753,0.7283032035,0,0,0,1,0,0,0
18.53035378,16.51033926,rate,circle,-1.829592466,1.118960142,-1.621916175,-1.785608375,1.099110034,-2,0.4021218717,-0.8019485474,-0.005733573809,0.4054004845,-0.8035237689,0,0.3811508964,0.006790028953,0.08426182785,-0.005452049896,-0.01248362474,0.005126038101,-0.02151632518,-0.0008884585482,-0.002374425599,0.7282972609,0,0,0,1,0,0,0
18.54037929,16.52036476,rate,circle,-1.826616883,1.112584233,-1.621965885,-1.781525874,1.091063501,-2,0.4050997496,-0.8005461097,-0.005767072085,0.4090214244,-0.8016866435,0,0.3813215611,0.007066786492,0.1117188899,-0.00566786807,-0.01322023198,0.005696542561,-0.03207081189,0.01154394675,-0.002617362115,0.7282840691,0,0,0,1,0,0,0
18.55035567,16.53034115,rate,circle,-1.823612452,1.106220126,-1.622015595,-1.777427379,1.083074752,-2,0.4080141783,-0.799127996,-0.005764318164,0.4126163618,-0.7998423207,0,0.3814983347,0.007410648889,0.1437559821,-0.004123489372,-0.01471667178,0.006983885076,-0.04102089444,0.02144194944,-0.002902016853,0.7282802348,0,0,0,1,0,0,0
18.5603621,16.54034758,rate,circle,-1.817537904,1.093530655,-1.622098684,-1.773280558,1.07508051,-2,0.4138032794,-0.7961768508,-0.005798981991,0.4162137705,-0.797976251,0,0.3809311288,0.006532725373,0.08082836149,-0.0002764221863,-0.02065317333,0.00614055153,0.00181438351,-0.02877348124,-0.003545835236,0.7282085108,0,0,0,1,0,0,0
18.57035637,16.55034184,rate,circle,-1.814458251,1.087204456,-1.622141004,-1.769102886,1.067114702,-2,0.416690588,-0.7946757078,-0.005827415735,0.4197983841,-0.7960962987,0,0.3811012051,0.006755386656,0.104351431,-0.0008455622592,-0.01808691025,0.005686196033,-0.01460530162,-0.009348489574,-0.003758227035,0.7281993997,0,0,0,1,0,0,0
18.58037019,16.56035566,rate,circle,-1.808196068,1.074574828,-1.622223377,-1.764881154,1.059152237,-2,0.4225322008,-0.7916767597,-0.005875497591,0.4233814935,-0.7941965191,0,0.3805643373,0.006449182688,0.0913179133,-0.003469942836,-0.006227306556,0.004293951672,0.02485132984,-0.05395787443,-0.004358372496,0.7281232173,0,0,0,1,0,0,0
18.59035444,16.57033992,rate,circle,-1.805013418,1.068271518,-1.622263551,-1.760636206,1.051232299,-2,0.425473392,-0.7901754379,-0.005916554946,0.4269454655,-0.7922862926,0,0.3807157694,0.006452002043,0.08878152091,-0.006872240454,-0.001069167745,0.005603542086,0.005354601376,-0.0312645825,-0.004521917245,0.7281107184,0,0,0,1,0,0,0
18.60041189,16.58039737,rate,circle,-1.801802993,1.061980844,-1.622309923,-1.756324206,1.043273664,-2,0.4284327626,-0.7886661887,-0.005938831251,0.4305268513,-0.7903458928,0,0.3808780287,0.006517386736,0.09503728145,-0.008021130227,0.000240672598,0.003896194976,-0.01009803346,-0.0133914079,-0.004657384818,0.7281010661,0,0,0,1,0,0,0
18.61035776,16.59034324,rate,circle,-1.798569322,1.05570519,-1.622356892,-1.752024666,1.035422595,-2,0.4314118028,-0.7871287465,-0.005964927841,0.4340598321,-0.7884110997,0,0.3810408192,0.006651079113,0.1077678292,-0.009363706224,-0.0006684297696,0.004376938567,-0.02149381668,4.425156309e-05,-0.004823523073,0.7280894454,0,0,0,1,0,0,0
18.620363,16.60034847,rate,circle,-1.795286655,1.049427509,-1.622394085,-1.747664052,1.02754416,-2,0.4344089329,-0.7856302857,-0.005970914382,0.4376051282,-0.7864488234,0,0.3812256818,0.00682183894,0.1258704764,-0.008098707534,-0.003645439632,0.004471721128,-0.03069164553,0.0105302501,-0.004999867756,0.7280865788,0,0,0,1,0,0,0
18.6303587,16.61034417,rate,circle,-1.788637996,1.036910415,-1.622470021,-1.743272218,1.019692918,-2,0.4404129684,-0.7825888991,-0.006013355218,0.4411381869,-0.784472498,0,0.3806354961,0.006343053477,0.1056202723,-0.00494088931,-0.01373742986,0.004179589916,0.01702838956,-0.03953317399,-0.005518312273,0.7280100109,0,0,0,1,0,0,0
18.64036226,16.62034774,rate,circle,-1.785272479,1.030671477,-1.622508764,-1.738841614,1.011855354,-2,0.4433937073,-0.781040132,-0.006018146873,0.4446650906,-0.7824787264,0,0.3808011354,0.006316966116,0.101827667,-0.003022841876,-0.01646923646,0.004147665575,-1.091360696e-05,-0.02005546116,-0.005619217661,0.7280066547,0,0,0,1,0,0,0
18.65037251,16.63035798,rate,circle,-1.781866074,1.024432421,-1.622553349,-1.734372782,1.004032604,-2,0.4463912845,-0.7795215845,-0.006058123894,0.448185328,-0.7804677519,0,0.3809694738,0.006388637575,0.1088480987,-0.003035106696,-0.01513964497,0.003926739562,-0.01327063216,-0.005303592461,-0.005728919291,0.7279920745,0,0,0,1,0,0,0
18.66040373,16.6403892,rate,circle,-1.774971962,1.011994243,-1.622638702,-1.72985928,0.996213732,-2,0.4523710907,-0.7764332294,-0.006065726746,0.4517038206,-0.7784366759,0,0.3803757715,0.006422778844,0.1315135842,-0.002917233622,-0.01045163069,0.003146918491,0.03212466029,-0.05186480729,-0.006206961892,0.7279199291,0,0,0,1,0,0,0
18.67038155,16.65036702,rate,circle,-1.771484375,1.005795002,-1.622681975,-1.72533484,0.9884567772,-2,0.4553597271,-0.7748689055,-0.006068987306,0.4551944503,-0.7764006778,0,0.3805250128,0.006261489405,0.117389895,-0.001326649333,-0.01177010685,0.003204221837,0.01299924962,-0.03106115974,-0.0062313069,0.7279146534,0,0,0,1,0,0,0
18.68040419,16.66038966,rate,circle,-1.767956734,0.9996151924,-1.622719407,-1.720755057,0.9806855072,-2,0.4583941698,-0.7733006477,-0.006017104257,0.4586915218,-0.7743397755,0,0.3806927594,0.006113407255,0.1102975996,-0.001617413363,-0.01200300362,0.003434294136,-0.001676468235,-0.01462886207,-0.006286406387,0.7279251712,0,0,0,1,0,0,0
18.69037175,16.67035723,rate,circle,-1.764401913,0.9934486151,-1.62275672,-1.716165724,0.9729775043,-2,0.4614423215,-0.7717324495,-0.0059544174,0.462160123,-0.772274576,0,0.3808651846,0.006021978631,0.1113964781,0.001068171579,-0.01542296261,0.003080272349,-0.01300669846,-0.001951384513,-0.006341255942,0.7279379826,0,0,0,1,0,0,0
18.70037198,16.68035746,rate,circle,-1.76082015,0.9872953892,-1.622794151,-1.711526656,0.965265007,-2,0.4644850791,-0.7701509595,-0.005879146513,0.4656307469,-0.7701869952,0,0.381050441,0.005989842823,0.1219114017,0.003731701756,-0.01822887175,0.003096217522,-0.02251484003,0.008552188231,-0.006405303891,0.7279541041,0,0,0,1,0,0,0
18.71035743,16.6903429,rate,circle,-1.753576279,0.9750290513,-1.622868896,-1.706859862,0.9575848177,-2,0.4704264402,-0.7669641376,-0.005853746086,0.469086832,-0.7680869378,0,0.3804137154,0.006109138541,0.122585129,0.01024482027,-0.02639365382,0.003132598242,0.02638727538,-0.03923890862,-0.006845475292,0.7278924898,0,0,0,1,0,0,0
18.72039557,16.70038104,rate,circle,-1.749907732,0.9689196944,-1.622900367,-1.702133706,0.9498853167,-2,0.4734606743,-0.7653695345,-0.005863132887,0.4725516075,-0.7659601676,0,0.3805900662,0.00596251433,0.1137025714,0.01223202609,-0.0258562956,0.002132013906,0.008164050089,-0.02012214437,-0.006814279465,0.727889224,0,0,0,1,0,0,0
18.73036218,16.71034765,rate,circle,-1.746212602,0.9628237486,-1.622932196,-1.697406864,0.9422618762,-2,0.4764300883,-0.7637522221,-0.005834650248,0.4759821557,-0.7638330887,0,0.3807688534,0.005852377851,0.1172515197,0.011459901,-0.02301873825,0.001377469045,-0.006334152405,-0.00544004284,-0.006782343114,0.7278953361,0,0,0,1,0,0,0
18.74037647,16.72036195,rate,circle,-1.738743305,0.9506720901,-1.62299788,-1.692623019,0.9346233919,-2,0.4824057221,-0.7605050802,-0.005888285115,0.4794194736,-0.7616803584,0,0.3801516014,0.00670603165,0.1373423299,0.01068750862,-0.01677209698,0.001849416411,0.04067080281,-0.04995952886,-0.007181403663,0.727816342,0,0,0,1,0,0,0
18.75036287,16.73034835,rate,circle,-1.734966636,0.9446270466,-1.62301743,-1.687818269,0.92702773,-2,0.4853273332,-0.7588433027,-0.005852580536,0.4828375215,-0.7595182209,0,0.3803269151,0.006395887403,0.1219563434,0.0121875396,-0.01784346998,0.00129908463,0.01938904132,-0.02906568817,-0.007079988017,0.7278288328,0,0,0,1,0,0,0
18.76041317,16.74039865,rate,circle,-1.731164217,0.9385957122,-1.623037457,-1.682948363,0.9194053458,-2,0.4882374406,-0.7571314573,-0.005793072283,0.4862675944,-0.7573267635,0,0.3805178014,0.006121938014,0.1166605937,0.01397355646,-0.01915375888,0.002002201974,0.00207168526,-0.01195143216,-0.007027872776,0.7278474665,0,0,0,1,0,0,0
18.77035737,16.75034285,rate,circle,-1.727336287,0.9325786233,-1.623057604,-1.678095987,0.911885181,-2,0.4911699593,-0.7553570271,-0.005663277581,0.4896516685,-0.755143194,0,0.3807077564,0.005867166639,0.123248405,0.01414956897,-0.01980056427,0.001702347072,-0.01085524692,0.001439599617,-0.006997671241,0.7278827578,0,0,0,1,0,0,0
18.78037572,16.76036119,rate,circle,-1.723482966,0.9265758395,-1.623075604,-1.673173449,0.9043309764,-2,0.4940292537,-0.7536008358,-0.005580544472,0.4930510606,-0.7529280521,0,0.3809171582,0.005705433925,0.1409807378,0.01435094234,-0.0188528765,0.001798904734,-0.02249810379,0.01237358326,-0.006979957063,0.7279079014,0,0,0,1,0,0,0
18.79036379,16.77034926,rate,circle,-1.715651631,0.9146325588,-1.623075008,-1.668231937,0.8968217712,-2,0.4998411238,-0.7501161695,-0.005300734658,0.496430203,-0.7507043716,0,0.3803134245,0.006330730665,0.1205272377,0.01418564841,-0.01892189123,0.001151875244,0.02896844801,-0.03334930486,-0.007373175702,0.7279368419,0,0,0,1,0,0,0
18.80036926,16.78035474,rate,circle,-1.711699009,0.9086816311,-1.623074889,-1.663248025,0.8893218253,-2,0.5026753545,-0.7483657598,-0.005195913371,0.4998051786,-0.7484616112,0,0.3805191705,0.005936717338,0.1197203293,0.01357679348,-0.01702058315,0.001364917145,0.009266190463,-0.01531281031,-0.007262715087,0.7279737451,0,0,0,1,0,0,0
18.81036806,16.79035354,rate,circle,-1.707722187,0.9027448297,-1.623075247,-1.658233754,0.8818493767,-2,0.5055302382,-0.7465944886,-0.00509499805,0.5031677805,-0.7462051894,0,0.3807334954,0.005629543967,0.129616144,0.01377291791,-0.01566782035,0.001109099132,-0.006144926774,-0.001186114722,-0.00717815435,0.728009141,0,0,0,1,0,0,0
18.82037783,16.8003633,rate,circle,-1.699661493,0.8909423947,-1.623030424,-1.653180357,0.8743914063,-2,0.5112534761,-0.7431429029,-0.004882869776,0.5065238672,-0.7439311608,0,0.3801848134,0.006843461763,0.1299979413,0.01464372035,-0.01481996756,0.0003688886936,0.04259190638,-0.04418961763,-0.007534370463,0.7280373099,0,0,0,1,0,0,0
18.830374,16.81035948,rate,circle,-1.695595145,0.8850616813,-1.623009205,-1.648100347,0.8669663528,-2,0.5140752196,-0.7413594723,-0.004782671109,0.5098651412,-0.7416451562,0,0.3804014411,0.006378112438,0.1200127039,0.01545682736,-0.01649269275,0.0005904324353,0.02048590593,-0.02419168498,-0.007364940694,0.7280801389,0,0,0,1,0,0,0
18.84040618,16.82039165,rate,circle,-1.691505075,0.8791949153,-1.623010874,-1.642968513,0.8595376085,-2,0.5169354081,-0.7395832539,-0.004713856615,0.5132080762,-0.7393358307,0,0.3806087346,0.00601453787,0.1206954869,0.0168637149,-0.01654041,-0.0002554616658,0.003021772755,-0.008554637032,-0.0072114133,0.7281065672,0,0,0,1,0,0,0
18.8503828,16.83036828,rate,circle,-1.687352777,0.8733242154,-1.622992277,-1.637831888,0.8521730499,-2,0.5198041797,-0.7378023863,-0.004665535875,0.5165221276,-0.7370243495,0,0.3808339708,0.005757120137,0.1312772621,0.01659360901,-0.01540891826,-0.000228940844,-0.01011142372,0.00313024078,-0.007094752124,0.7281342935,0,0,0,1,0,0,0
18.86038327,16.84036875,rate,circle,-1.683176994,0.8674677014,-1.622974873,-1.632649858,0.8448141096,-2,0.5226878524,-0.736068666,-0.004635645077,0.5198336507,-0.7346924361,0,0.3810697094,0.005615129694,0.1490018678,0.01806694828,-0.01497963071,-0.0008583187591,-0.02094664834,0.01206135264,-0.006958953064,0.7281569734,0,0,0,1,0,0,0
18.87038088,16.85036635,rate,circle,-1.674755573,0.8557976484,-1.622942448,-1.627436261,0.8374806593,-2,0.5284355879,-0.7324970365,-0.004379150458,0.5231337033,-0.7323463173,0,0.3804563407,0.006878201451,0.1154031073,0.02156899869,-0.01867772639,-0.0008492153138,0.03280950203,-0.03289439966,-0.007228056508,0.7281904672,0,0,0,1,0,0,0
18.88037586,16.86036134,rate,circle,-1.670500875,0.8499725461,-1.622924328,-1.622191104,0.8301726532,-2,0.5312467813,-0.7306832671,-0.004339620937,0.526422306,-0.7299859969,0,0.380672999,0.006526412302,0.1179750531,0.02138938755,-0.01867426373,-0.0002521176939,0.01238649337,-0.01578955669,-0.007020381521,0.728215932,0,0,0,1,0,0,0
18.89038396,16.87036943,rate,circle,-1.666228652,0.8441641927,-1.622907877,-1.616906185,0.8228787712,-2,0.5340660214,-0.7288767099,-0.004352847114,0.529704553,-0.7276077835,0,0.3808992572,0.006291252621,0.130732482,0.02022290602,-0.01511133648,-0.000945465581,-0.003880371624,-0.002624662145,-0.006822970655,0.7282274096,0,0,0,1,0,0,0
18.90038562,16.88037109,rate,circle,-1.661933661,0.8383708596,-1.622903228,-1.611591902,0.8156134328,-2,0.5368717909,-0.7270514965,-0.004281375557,0.5329739552,-0.725216356,0,0.381122249,0.006073799467,0.1497041982,0.01730912738,-0.009358026087,-0.0007156694192,-0.01684338445,0.007523132382,-0.006662020273,0.728256052,0,0,0,1,0,0,0
18.91038847,16.89037395,rate,circle,-1.653283358,0.8268302083,-1.622891068,-1.606244334,0.8083712245,-2,0.5424513221,-0.7234249711,-0.004311632365,0.536232949,-0.7228099504,0,0.3804793688,0.007591876461,0.110930848,0.0158911515,-0.00789585337,-0.002494794317,0.03600908202,-0.03709821432,-0.006852037886,0.7282109812,0,0,0,1,0,0,0
18.92039084,16.90037632,rate,circle,-1.648928046,0.8210826516,-1.622883797,-1.600864479,0.801153504,-2,0.5452042818,-0.7216525078,-0.004288800526,0.5394809232,-0.7203890154,0,0.3806887288,0.007262716882,0.1119854656,0.01695565507,-0.009730989113,-0.002114695963,0.01434610798,-0.02064800797,-0.006567529918,0.7282287461,0,0,0,1,0,0,0
18.93038893,16.9103744,rate,circle,-1.644550443,0.8153498173,-1.622877598,-1.595454519,0.7939631526,-2,0.5479259491,-0.7198249698,-0.004258691333,0.5427165813,-0.7179545336,0,0.3809056384,0.006983730804,0.1231503689,0.01675013267,-0.01004640386,-0.0009281739476,-0.002952882274,-0.007490454096,-0.006359285696,0.728247991,0,0,0,1,0,0,0
18.94038248,16.92036796,rate,circle,-1.635741949,0.8039291501,-1.622861862,-1.590014737,0.7868004554,-2,0.5533810854,-0.7161396742,-0.004230796825,0.5459397951,-0.7155066318,0,0.3802861358,0.008583308576,0.1181274696,0.01845418476,-0.01291709114,-0.002734952839,0.04710306736,-0.04849384366,-0.006550529637,0.728219843,0,0,0,1,0,0,0
18.9503777,16.93036318,rate,circle,-1.63131094,0.7982413173,-1.622852445,-1.584541883,0.7796611037,-2,0.5560405254,-0.7142699361,-0.004195822403,0.5491525033,-0.7130438472,0,0.3804902726,0.008158006374,0.1069702896,0.02072982863,-0.01826568507,-0.002570676152,0.02256198713,-0.02933849794,-0.006225310767,0.7282418356,0,0,0,1,0,0,0
18.96042037,16.94040585,rate,circle,-1.626863599,0.7925706506,-1.622859359,-1.579010765,0.7725127275,-2,0.5586533546,-0.7124039531,-0.004195280373,0.5523692726,-0.7105548442,0,0.3806931537,0.007778770314,0.1099722849,0.02232696488,-0.01923503913,-0.002327127382,0.00230469548,-0.01416301694,-0.005952235333,0.7282497704,0,0,0,1,0,0,0
18.97037244,16.95035791,rate,circle,-1.622394443,0.7869150639,-1.622866988,-1.573497732,0.7654535702,-2,0.5613015294,-0.7105208039,-0.004183751997,0.5555458934,-0.7080739794,0,0.3808947264,0.007524498431,0.1254378685,0.02366606705,-0.02113658562,-0.003552944167,-0.01307275095,-0.00254694335,-0.005694219998,0.7282592341,0,0,0,1,0,0,0
18.98045397,16.96043944,rate,circle,-1.617903471,0.7812747955,-1.622875333,-1.567880806,0.7583278303,-2,0.5639178157,-0.7086247206,-0.004168067127,0.5587524764,-0.7055463629,0,0.3811192002,0.00731640622,0.1533928066,0.02631643601,-0.02337302081,-0.002583801281,-0.0268801819,0.007591805224,-0.005483288343,0.7282702715,0,0,0,1,0,0,0
18.99036765,16.97035313,rate,circle,-1.608900905,0.7700218558,-1.622876883,-1.562325928,0.7513456463,-2,0.5690970421,-0.7048438787,-0.004043576773,0.5618944591,-0.7030466676,0,0.3804469411,0.008453264585,0.1044641462,0.02823341452,-0.02610752732,-0.00262008165,0.02598691576,-0.0347179155,-0.005720192459,0.7282627184,0,0,0,1,0,0,0
19.00039029,16.98037577,rate,circle,-1.604367495,0.7644184828,-1.622878671,-1.556678391,0.7443119863,-2,0.571564436,-0.7029315233,-0.004075566772,0.5650596061,-0.7005052759,0,0.3806560374,0.008050449191,0.1233332671,0.02744914778,-0.02320132218,-0.002752311295,0.002450843046,-0.01787811061,-0.005400071826,0.7282647481,0,0,0,1,0,0,0
19.01037169,16.99035716,rate,circle,-1.599812984,0.7588307858,-1.622881532,-1.551022625,0.7373326574,-2,0.5740554929,-0.7009930015,-0.00409264816,0.5682003042,-0.697960181,0,0.3808687541,0.007760863566,0.1511244348,0.0241575595,-0.0198654905,-0.002479453804,-0.0156791278,-0.004919214061,-0.00514337734,0.7282695367,0,0,0,1,0,0,0
19.02038407,17.00036955,rate,circle,-1.595259309,0.7532693148,-1.622882009,-1.545317859,0.7303572489,-2,0.5765497088,-0.6990758777,-0.004073256627,0.571339238,-0.6953930364,0,0.3810998434,0.007569923746,0.1832922393,0.02142436057,-0.01650512032,-0.003143992973,-0.03061786748,0.005194798286,-0.004901588643,0.7282847169,0,0,0,1,0,0,0
19.0303781,17.01036358,rate,circle,-1.586093426,0.7421933413,-1.622885942,-1.539592269,0.7234203332,-2,0.5814390182,-0.6952451468,-0.004076169804,0.57446085,-0.692816521,0,0.3804336944,0.008438496003,0.1181432859,0.0209099818,-0.0166169256,-0.003879924538,0.02033548031,-0.03542058527,-0.00512087355,0.7282475149,0,0,0,1,0,0,0
19.0403831,17.02036858,rate,circle,-1.581481695,0.7366796136,-1.62288928,-1.533829205,0.7165016675,-2,0.5839141011,-0.6932849884,-0.004073505756,0.5775742496,-0.6902231423,0,0.3806447218,0.008134006872,0.1423733376,0.01970017888,-0.01785410568,-0.0045190081,-0.002323258206,-0.01876090157,-0.004766352451,0.7282572659,0,0,0,1,0,0,0
19.05037308,17.03035855,rate,circle,-1.576879263,0.7311878204,-1.62289083,-1.528043772,0.7096193469,-2,0.586316824,-0.6913486719,-0.004076144658,0.5806712939,-0.6876196975,0,0.3808693086,0.007898874274,0.1733471752,0.01777788997,-0.01775116473,-0.003217258956,-0.02110165196,-0.00595001672,-0.004491346259,0.7282670043,0,0,0,1,0,0,0
19.06040192,17.04038739,rate,circle,-1.572255969,0.7257113457,-1.622893691,-1.522204772,0.7027364835,-2,0.58866328,-0.6894086003,-0.004176786635,0.5837685824,-0.6849921475,0,0.3811064613,0.007804400453,0.2073247114,0.014364467,-0.01434069127,-0.00300282985,-0.03684845109,0.004143426888,-0.004268931998,0.7282520301,0,0,0,1,0,0,0
19.07039666,17.05038214,rate,circle,-1.567611933,0.7202500701,-1.622898102,-1.516354778,0.6959033056,-2,0.59102422,-0.6874765754,-0.004221783485,0.5868435125,-0.6823596499,0,0.3813474826,0.007841217829,0.2414737032,0.01324791461,-0.01283018943,-0.002918396378,-0.04929382782,0.0117486983,-0.004084429804,0.7282502915,0,0,0,1,0,0,0
19.0804193,17.06040478,rate,circle,-1.558274865,0.7093809843,-1.622906804,-1.510457653,0.6890775473,-2,0.5956432819,-0.6835503578,-0.004290889017,0.5899151037,-0.6797059441,0,0.3806546909,0.008124239735,0.1620852775,0.01242572069,-0.01563074626,-0.003107890952,0.003422145643,-0.02866701241,-0.004373935975,0.7281972717,0,0,0,1,0,0,0
19.09039211,17.07037759,rate,circle,-1.553582191,0.7039737105,-1.622911453,-1.504559351,0.6823121923,-2,0.5979945064,-0.681481421,-0.004353351425,0.5929595135,-0.6770517081,0,0.3808782382,0.007995322301,0.191399177,0.009695402347,-0.01602545194,-0.003945529461,-0.01734658935,-0.01312143219,-0.00407378217,0.7281905403,0,0,0,1,0,0,0
19.10037994,17.08036542,rate,circle,-1.548874021,0.6985840797,-1.622917652,-1.498621795,0.675563246,-2,0.6003109217,-0.6794168353,-0.004344534595,0.5959965393,-0.6743798078,0,0.381111981,0.0079284628,0.2228468047,0.007642542478,-0.01404411346,-0.003655586857,-0.0341894784,-0.001059869064,-0.003824588562,0.7282016959,0,0,0,1,0,0,0
19.11037064,17.09035611,rate,circle,-1.5394063,0.6878693104,-1.622921944,-1.492652252,0.6688391326,-2,0.6049019098,-0.6754146814,-0.004283566959,0.5990223903,-0.6716935134,0,0.3804417816,0.008170972242,0.1377326031,-0.002705413615,-0.004893217701,-0.00462337397,0.01762015111,-0.03888515236,-0.0041337878,0.7281833979,0,0,0,1,0,0,0
19.12037778,17.10036325,rate,circle,-1.534646988,0.6825435162,-1.622920752,-1.486642635,0.6621309195,-2,0.607154429,-0.6733692288,-0.004338331986,0.6020410862,-0.6689891857,0,0.3806702663,0.008009505407,0.1578297344,-0.008137764409,-0.0003932313703,-0.004788986873,-0.005920607676,-0.02266123235,-0.003772433105,0.7281819387,0,0,0,1,0,0,0
19.1303637,17.11034918,rate,circle,-1.529867291,0.6772331595,-1.622920871,-1.480615709,0.6554639748,-2,0.6094711423,-0.6713640094,-0.004337459337,0.6050412113,-0.6662770689,0,0.3809045622,0.00801965117,0.1781333362,-0.01027962193,0.0006713373004,-0.003925434314,-0.02354787455,-0.01086994035,-0.003503024515,0.7281937963,0,0,0,1,0,0,0
19.14036918,17.12035465,rate,circle,-1.520230532,0.6666731238,-1.622867942,-1.474546997,0.6488112077,-2,0.614181757,-0.6673375368,-0.004316874314,0.6080349565,-0.6635461488,0,0.3803085887,0.008413868449,0.1090602245,-0.009530488402,-0.006902480032,-0.004175093956,0.0301497192,-0.04724221677,-0.003900920524,0.7281840829,0,0,0,1,0,0,0
19.15036869,17.13035417,rate,circle,-1.515374184,0.6614230871,-1.62283659,-1.468452036,0.6421897708,-2,0.6165102124,-0.66533041,-0.004292925354,0.6110146032,-0.6608034161,0,0.380557284,0.008314120705,0.1154797765,-0.00679437723,-0.01411008462,-0.004143287893,0.006173154031,-0.03027564471,-0.003538816271,0.7282128942,0,0,0,1,0,0,0
19.16038895,17.14037442,rate,circle,-1.51049757,0.6561877728,-1.622807026,-1.462314605,0.6355821773,-2,0.6188263893,-0.6633781791,-0.00432647625,0.6139880202,-0.6580415724,0,0.380815872,0.008402831834,0.1300845565,-0.003676438937,-0.01884685643,-0.0044654347,-0.01303055895,-0.01733912767,-0.003224488678,0.7282269166,0,0,0,1,0,0,0
19.17036438,17.15034986,rate,circle,-1.505606651,0.6509685516,-1.622779965,-1.456175096,0.6290316965,-2,0.6211218834,-0.6613635421,-0.004337067716,0.6169357366,-0.6552787933,0,0.3810769722,0.008564937212,0.1501582645,-0.003223704174,-0.01987664215,-0.003472713986,-0.02809914538,-0.006877871084,-0.002988233894,0.7282456126,0,0,0,1,0,0,0
19.18041396,17.16039944,rate,circle,-1.500677824,0.6457640529,-1.622737765,-1.449960281,0.6224604603,-2,0.6233998537,-0.6593123078,-0.00433124695,0.6198927929,-0.6524821264,0,0.3813687459,0.008815358958,0.175184136,-0.002250235528,-0.01899277046,-0.00442677876,-0.04067013046,0.001936690078,-0.002760293716,0.7282742276,0,0,0,1,0,0,0
19.19036746,17.17035294,rate,circle,-1.490761757,0.6354002953,-1.62265873,-1.443775655,0.61597982,-2,0.6279959679,-0.6552631855,-0.004197126254,0.622809081,-0.6496990447,0,0.3807509462,0.008687883949,0.0953610308,-0.001341172145,-0.01871600375,-0.003354026238,0.01812560165,-0.03594029329,-0.003229606048,0.7283017019,0,0,0,1,0,0,0
19.20042086,17.18040633,rate,circle,-1.485774517,0.6302412152,-1.62261951,-1.437499555,0.6094623236,-2,0.6303352118,-0.653208673,-0.004131531809,0.6257419544,-0.6468747997,0,0.3810226617,0.008847910427,0.1097193435,-0.0009828264592,-0.01775743254,-0.004052018281,-0.003207711154,-0.02129842433,-0.002879613511,0.7283438562,0,0,0,1,0,0,0
19.21036291,17.19034839,rate,circle,-1.480752945,0.6251006722,-1.622566938,-1.431264028,0.6030449969,-2,0.6326576471,-0.6511527896,-0.004051446915,0.6286297514,-0.6440688128,0,0.3813021396,0.009100598496,0.1286679012,-0.00189953472,-0.01581144147,-0.004544588737,-0.01912135506,-0.01054471906,-0.002582850955,0.7283938737,0,0,0,1,0,0,0
19.22037816,17.20036364,rate,circle,-1.475712299,0.6199752688,-1.622516274,-1.42495363,0.5966086963,-2,0.634945333,-0.6491382718,-0.003997624386,0.6315260866,-0.6412291337,0,0.3815971727,0.009498774251,0.1520384771,-0.003044686979,-0.01431429107,-0.003836547723,-0.03259550421,-0.002279521927,-0.00232707055,0.7284374281,0,0,0,1,0,0,0
19.23037004,17.21035552,rate,circle,-1.46557343,0.6097698808,-1.622420907,-1.418629112,0.5902158169,-2,0.6395853758,-0.6450113654,-0.00397030171,0.6344028824,-0.6383831004,0,0.3809883225,0.00930351714,0.07615312033,-0.0001478292688,-0.01888085343,-0.003853986738,0.02631794776,-0.0384984147,-0.002828574581,0.7284424952,0,0,0,1,0,0,0
19.24038148,17.22036695,rate,circle,-1.46048069,0.6046916842,-1.622376919,-1.412263454,0.5838390146,-2,0.6418712735,-0.6429573894,-0.004017867614,0.6372724434,-0.6355185543,0,0.3812596584,0.0096243839,0.08706606162,0.001900949515,-0.01939703338,-0.00437795883,0.003628746185,-0.02414723691,-0.002424381692,0.7284577419,0,0,0,1,0,0,0
19.25038409,17.23036957,rate,circle,-1.455348611,0.5996265411,-1.622314215,-1.405874779,0.577496536,-2,0.6442224979,-0.6408219337,-0.003985594027,0.6401265588,-0.6326436506,0,0.3815546482,0.009977273752,0.1059183552,0.002494001528,-0.02010308951,-0.003547138302,-0.01330820708,-0.01247278524,-0.002126740797,0.7284990137,0,0,0,1,0,0,0
19.26041508,17.24040055,rate,circle,-1.450197339,0.5945775509,-1.622259021,-1.399439378,0.5711650109,-2,0.6465597749,-0.6386367679,-0.004065010231,0.6429757451,-0.6297477203,0,0.3818543766,0.01041079942,0.1297745641,0.001155668055,-0.01838525571,-0.004516949877,-0.02704942163,-0.002936458392,-0.001830327016,0.7285093819,0,0,0,1,0,0,0
19.2703855,17.25037098,rate,circle,-1.439837694,0.5845285654,-1.622157216,-1.393014572,0.56490056,-2,0.6512089372,-0.6343361735,-0.004139787983,0.645794748,-0.6268565573,0,0.381238551,0.01011908828,0.05746957273,0.00268608355,-0.01755386591,-0.003699590452,0.03291220967,-0.03775186462,-0.002386587591,0.7284893684,0,0,0,1,0,0,0
19.28039575,17.26038122,rate,circle,-1.434619188,0.5795194507,-1.622087121,-1.386535899,0.5586401552,-2,0.6535489559,-0.632235527,-0.004128589761,0.6486119301,-0.6239411543,0,0.3815312462,0.01049838537,0.06370398611,0.004575598985,-0.01850227267,-0.003941034433,0.01018292862,-0.02410096209,-0.001964336735,0.7285280967,0,0,0,1,0,0,0
19.29037309,17.27035856,rate,circle,-1.429382086,0.57452631,-1.622019768,-1.380050523,0.5524294304,-2,0.6558190584,-0.6300972104,-0.004134675022,0.6514067563,-0.6210227353,0,0.3818257864,0.01090458826,0.08256380111,0.004596278071,-0.01885646954,-0.004127863795,-0.007987567612,-0.01334543007,-0.001592059871,0.7285616306,0,0,0,1,0,0,0
19.3003695,17.28035498,rate,circle,-1.41885221,0.5645885468,-1.621892214,-1.37352485,0.5462360969,-2,0.6604251266,-0.6258782148,-0.004074725788,0.6541937564,-0.6180861826,0,0.3812569736,0.01077725062,0.0661303387,0.00811215397,-0.0200226102,-0.004229457583,0.04863456889,-0.04639648587,-0.002085109537,0.7285855244,0,0,0,1,0,0,0
19.31037521,17.29036069,rate,circle,-1.41355443,0.5596250892,-1.621813536,-1.366965275,0.5400664613,-2,0.6627337933,-0.6237798929,-0.003998731729,0.6569700924,-0.6151343737,0,0.381546971,0.01113351273,0.04880834478,0.01076981239,-0.02063933574,-0.003225670196,0.02301808214,-0.03175086243,-0.001610162284,0.7286439573,0,0,0,1,0,0,0
19.32036066,17.30034614,rate,circle,-1.408238173,0.5546780825,-1.62174356,-1.360391357,0.5339388292,-2,0.6650291085,-0.6216110587,-0.004006607924,0.6597275269,-0.6121761105,0,0.3818342166,0.01154027393,0.05102634984,0.01249343064,-0.02132545598,-0.003711844096,0.002886355066,-0.01997109623,-0.001200739473,0.7286776671,0,0,0,1,0,0,0
19.33037615,17.31036162,rate,circle,-1.402903438,0.5497481227,-1.621676564,-1.35377007,0.5278224975,-2,0.6673363447,-0.6194220185,-0.00400356343,0.6624798761,-0.6091965313,0,0.3821301388,0.01200726433,0.07237598402,0.01306128968,-0.0211751461,-0.003439428518,-0.01324577647,-0.01056927443,-0.0008614396466,0.7287130275,0,0,0,1,0,0,0
19.34038091,17.32036638,rate,circle,-1.392178416,0.5399300456,-1.621534586,-1.347128421,0.5217425737,-2,0.6718358994,-0.6150432229,-0.003927198704,0.6652158418,-0.6062077893,0,0.3815709054,0.01171806037,0.06312531733,0.01395513304,-0.02035523206,-0.002856379841,0.04472312221,-0.04323813044,-0.00152325112,0.7287467772,0,0,0,1,0,0,0
19.35037684,17.33036232,rate,circle,-1.38678813,0.5350419879,-1.621459961,-1.340465359,0.5156979342,-2,0.6741360426,-0.6128619313,-0.00391648151,0.6679359296,-0.6032094114,0,0.3818540987,0.01212235003,0.04386957349,0.01366709266,-0.02147817798,-0.002869909164,0.02029871361,-0.02949014669,-0.001045524466,0.7287867662,0,0,0,1,0,0,0
19.36039209,17.34037757,rate,circle,-1.381379962,0.5301707387,-1.621388078,-1.333762223,0.5096717365,-2,0.6762986183,-0.6107426286,-0.003905305639,0.6706477186,-0.6001930002,0,0.382144797,0.01258883385,0.04914612927,0.01336989738,-0.020956425,-0.0028047862,-0.0002665052798,-0.01927163391,-0.0006337357311,0.7288271497,0,0,0,1,0,0,0
19.37039065,17.35037613,rate,circle,-1.375954747,0.5253165364,-1.621318698,-1.327043234,0.5036857762,-2,0.6784528494,-0.6085454226,-0.003912639804,0.6733414007,-0.5971694551,0,0.3824392167,0.0130708949,0.07326185663,0.01294937544,-0.0193838533,-0.00234186044,-0.0165341726,-0.01088211932,-0.0003047960945,0.7288615552,0,0,0,1,0,0,0
19.38037872,17.3603642,rate,circle,-1.370498776,0.520473361,-1.621249437,-1.320304471,0.4977363403,-2,0.6806646585,-0.6063691378,-0.003849455854,0.6760186469,-0.594137012,0,0.3827380685,0.01363923145,0.1018562283,0.01167388912,-0.01709311083,-0.003411846468,-0.02891331394,-0.004833671107,-7.682458305e-06,0.7289133022,0,0,0,1,0,0,0
19.39036989,17.37035537,rate,circle,-1.35953486,0.5108392835,-1.621118426,-1.313536933,0.4918154205,-2,0.6850289106,-0.601981461,-0.003877409035,0.6786830608,-0.5910916198,0,0.3821373621,0.01318684015,0.05074469269,0.0114779463,-0.01789156906,-0.001883371035,0.03296981875,-0.03910941575,-0.0007426898523,0.7289175961,0,0,0,1,0,0,0
19.40040278,17.38038826,rate,circle,-1.35402739,0.5060482025,-1.621056795,-1.306714415,0.4859004531,-2,0.6872215271,-0.5997786522,-0.003906213678,0.6813447961,-0.5880214867,0,0.3824165294,0.01371223587,0.052040692,0.01136788633,-0.01867052913,-0.003321043914,0.009913736541,-0.02697007333,-0.0002502893423,0.7289435282,0,0,0,1,0,0,0
19.4103756,17.39036107,rate,circle,-1.348480225,0.5012668371,-1.621000648,-1.299906356,0.4800514928,-2,0.6894058585,-0.5975173116,-0.003984080628,0.6839768282,-0.5849578604,0,0.3826878894,0.01425086251,0.06938777166,0.01015153714,-0.01928341202,-0.002343849977,-0.00758237189,-0.01750297652,0.0001212994485,0.7289543584,0,0,0,1,0,0,0
19.42039967,17.40038514,rate,circle,-1.342916489,0.4965036809,-1.620947242,-1.293036923,0.4742033173,-2,0.6915509105,-0.5952287316,-0.004035205115,0.6866085072,-0.5818666152,0,0.3829703263,0.01480730856,0.09540945936,0.009146045893,-0.01645963639,-0.002236684086,-0.02219800863,-0.009892167115,0.0004528427675,0.7289714194,0,0,0,1,0,0,0
19.43038058,17.41036606,rate,circle,-1.331739902,0.4870316088,-1.620848536,-1.286170921,0.4684111642,-2,0.6958502531,-0.5907180905,-0.004201796837,0.6892149761,-0.5787769145,0,0.3823337355,0.01429243448,0.0603968961,0.009917243384,-0.01762764715,-0.00240012398,0.03974437933,-0.04240330496,-0.0003183953587,0.7289286328,0,0,0,1,0,0,0
19.44040036,17.42038584,rate,circle,-1.326106071,0.4823230803,-1.620813608,-1.279252089,0.4626275357,-2,0.6980246305,-0.588544786,-0.004240725189,0.6918176089,-0.5756634399,0,0.3825774823,0.01491442072,0.05459699034,0.009193231352,-0.01852838136,-0.002064680913,0.01602914542,-0.03088802718,0.0001832247721,0.7289421566,0,0,0,1,0,0,0
19.45037556,17.43036103,rate,circle,-1.320461631,0.4776332974,-1.620781302,-1.272338208,0.4569006887,-2,0.700237751,-0.5862552524,-0.004319650121,0.6943946901,-0.5725521936,0,0.3828217933,0.01551046607,0.06339228329,0.0102226343,-0.01873800531,-0.002375390846,-0.001969458562,-0.02133967471,0.0005991435398,0.7289436397,0,0,0,1,0,0,0
19.4604013,17.44038677,rate,circle,-1.314800858,0.4729618728,-1.620751262,-1.265363462,0.4511761533,-2,0.702375114,-0.583956182,-0.004380619619,0.696970731,-0.5694135581,0,0.3830773802,0.01612095201,0.08503341737,0.01131337136,-0.01988108456,-0.002611831762,-0.01737550757,-0.01360665143,0.0009657966995,0.7289496031,0,0,0,1,0,0,0
19.47037458,17.45036006,rate,circle,-1.303414822,0.4636867046,-1.620715022,-1.258399653,0.4455128454,-2,0.7066733241,-0.5793097019,-0.00458174292,0.6995192196,-0.5662798438,0,0.3823790646,0.01555476723,0.06837354372,0.01588447951,-0.02530190907,-0.00221301429,0.04511216658,-0.04354322116,0.0001183315529,0.7288746239,0,0,0,1,0,0,0
19.48038721,17.46037269,rate,circle,-1.297689557,0.4590828419,-1.620708466,-1.251382878,0.4398586948,-2,0.7088186145,-0.5769805908,-0.00464543933,0.7020635873,-0.5631222952,0,0.382591093,0.0161016414,0.05324636834,0.01578817889,-0.02572300471,-0.002845223295,0.02035037321,-0.03076623179,0.0006785821289,0.7288709086,0,0,0,1,0,0,0
19.49037576,17.47036123,rate,circle,-1.291948557,0.4544973373,-1.620703697,-1.244357666,0.4342497009,-2,0.7109116316,-0.5746433735,-0.004733793903,0.7045876346,-0.5599609497,0,0.3828061455,0.01667259163,0.05949992097,0.0174006056,-0.02538168803,-0.002258204157,0.0005021344934,-0.02091771917,0.00112830324,0.7288604145,0,0,0,1,0,0,0
19.50038719,17.48037267,rate,circle,-1.280420303,0.4453822076,-1.620661497,-1.237291129,0.4286595969,-2,0.7150557041,-0.5698757172,-0.004932565615,0.7071031814,-0.556781008,0,0.3821484936,0.01609485102,0.08795821903,0.01727660559,-0.02575185709,-0.001288511907,0.05869785905,-0.04734850616,0.0002620412266,0.7287893052,0,0,0,1,0,0,0
19.51038718,17.49037266,rate,circle,-1.274621844,0.4408705831,-1.620651126,-1.2302076,0.4231077207,-2,0.7170917392,-0.5674538612,-0.004990293179,0.7096015257,-0.5535934201,0,0.382352864,0.01652628675,0.05919574039,0.02071605809,-0.02691796981,-0.001362314681,0.03084997138,-0.03318963662,0.0008537637551,0.7287884322,0,0,0,1,0,0,0
19.52041769,17.50040317,rate,circle,-1.268814087,0.4363787174,-1.62064302,-1.223077429,0.4175709799,-2,0.7191483974,-0.5650180578,-0.005093961488,0.7120930591,-0.5503848428,0,0.382566715,0.0170251938,0.04607687576,0.02371551469,-0.03066330962,-0.002032370539,0.008646580533,-0.02182948051,0.001352486041,0.7287750317,0,0,0,1,0,0,0
19.53037286,17.51035833,rate,circle,-1.262991309,0.4319056273,-1.620637417,-1.215976174,0.4121077035,-2,0.7211435437,-0.5626175404,-0.005240833387,0.7145515334,-0.5471892781,0,0.3827771548,0.01757703646,0.06362246359,0.02470254898,-0.02990671434,-0.001503122505,-0.009110831612,-0.01350510036,0.001741669132,0.72874979,0,0,0,1,0,0,0
19.54037881,17.52036428,rate,circle,-1.25715363,0.4274510443,-1.620633721,-1.208814104,0.4066486694,-2,0.7231624126,-0.5602084398,-0.005315040704,0.7170080988,-0.5439663467,0,0.3829989843,0.0181639981,0.09598064811,0.02472761832,-0.02954826504,-0.001957427943,-0.02367084218,-0.006719202922,0.002080651265,0.7287422332,0,0,0,1,0,0,0
19.55037546,17.53036094,rate,circle,-1.245417833,0.4186167121,-1.62065208,-1.201634216,0.401226967,-2,0.7270490527,-0.5552472472,-0.005533758085,0.7194478648,-0.5407353972,0,0.3822620215,0.01729145242,0.04240870513,0.0257286448,-0.02600379474,-0.001655162894,0.03807383692,-0.03306044999,0.001058311003,0.7286452516,0,0,0,1,0,0,0
19.56040287,17.54038835,rate,circle,-1.239528656,0.4142284095,-1.620684028,-1.194407809,0.3958210871,-2,0.7289737463,-0.5527191162,-0.005584896542,0.7218805108,-0.5374835143,0,0.3824334284,0.01770956312,0.05378290033,0.02406509034,-0.02543006465,-0.001617603702,0.0127195482,-0.02105712694,0.001617890531,0.7286305763,0,0,0,1,0,0,0
19.57038307,17.55036855,rate,circle,-1.233625412,0.4098593891,-1.620716691,-1.187191275,0.3904730892,-2,0.7308880687,-0.5502285361,-0.005638582632,0.7242871098,-0.5342360738,0,0.3826065684,0.01819684379,0.08421250169,0.022453079,-0.02423255146,-0.00198900979,-0.007070693385,-0.01227593467,0.002074658661,0.7286148895,0,0,0,1,0,0,0
19.58050942,17.5604949,rate,circle,-1.22770381,0.4055145979,-1.620748162,-1.179844588,0.3850799561,-2,0.732817471,-0.5476747155,-0.005665147677,0.7267140198,-0.5309300646,0,0.3828054808,0.01870105211,0.1213255878,0.02258024737,-0.02209793963,-0.0005510534975,-0.0238987952,-0.004496700736,0.00242535248,0.7286067406,0,0,0,1,0,0,0
19.59038854,17.57037401,rate,circle,-1.215825558,0.3968850374,-1.620813727,-1.172653663,0.3798508138,-2,0.7364702821,-0.5426053405,-0.005767030641,0.7290671338,-0.5276941486,0,0.3820159769,0.01761842478,0.04588202667,0.02433623932,-0.02292164974,-0.001416471554,0.03832295095,-0.0305258231,0.001323216911,0.7285233554,0,0,0,1,0,0,0
19.60038853,17.580374,rate,circle,-1.209869385,0.3925998211,-1.62084806,-1.165351151,0.3745902991,-2,0.7383155823,-0.5400901437,-0.005826331675,0.7314343654,-0.5244080178,0,0.3821811219,0.01808939909,0.07293984578,0.02503588237,-0.02322204597,-0.0007711892831,0.0119358551,-0.0195452702,0.001881843877,0.7285058535,0,0,0,1,0,0,0
19.61040306,17.59038854,rate,circle,-1.203909039,0.3883394599,-1.620886326,-1.158014368,0.3693551201,-2,0.7401288152,-0.5375386477,-0.005871273577,0.733790196,-0.5211064654,0,0.3823531143,0.01856519754,0.1090452347,0.02395031415,-0.02261864394,-0.000536699139,-0.009378985585,-0.0106503773,0.002323425089,0.7284905994,0,0,0,1,0,0,0
19.62040234,17.60038781,rate,circle,-1.197935104,0.384098798,-1.620931983,-1.150665299,0.3641609585,-2,0.7419252396,-0.534987092,-0.005960837472,0.7361275687,-0.5177993846,0,0.3825238731,0.01909350304,0.1461117256,0.02105126157,-0.01997072436,-0.000738337636,-0.0263992148,-0.003923587905,0.002666826937,0.7284613313,0,0,0,1,0,0,0
19.63038754,17.61037302,rate,circle,-1.191948295,0.3798780441,-1.620978355,-1.143303321,0.359007155,-2,0.7436434031,-0.5323904753,-0.006021222565,0.7384467802,-0.5144864942,0,0.3827000583,0.0195911344,0.1844200914,0.01992649026,-0.01923627965,-0.001260393299,-0.04071607837,0.001693129305,0.002965633409,0.728439319,0,0,0,1,0,0,0
19.64038992,17.62037539,rate,circle,-1.179942369,0.3715108037,-1.621070623,-1.135905543,0.3538777086,-2,0.7470837235,-0.5271839499,-0.006131217349,0.7407550311,-0.5111574942,0,0.3818869474,0.01828910763,0.09448161279,0.01953422651,-0.01893975958,-4.088695641e-05,0.0217997355,-0.02285166082,0.001740444554,0.7283463492,0,0,0,1,0,0,0
19.650383,17.63036847,rate,circle,-1.173923731,0.3673644066,-1.6211164,-1.128491661,0.3487863339,-2,0.7487280369,-0.5245349407,-0.006185658276,0.7430461498,-0.5078212474,0,0.3820497354,0.01870544715,0.1310436793,0.01774711721,-0.01793569699,-0.0008612385718,-0.003366075121,-0.01267403839,0.002258188708,0.7283261905,0,0,0,1,0,0,0
19.66042805,17.64041352,rate,circle,-1.167898774,0.3632389605,-1.621163607,-1.12101622,0.3437021301,-2,0.7504137754,-0.5218766332,-0.00628224574,0.7453340414,-0.5044572991,0,0.382225947,0.01920165375,0.1686218128,0.01662204228,-0.01566484757,-0.001490567578,-0.02343466899,-0.004756822325,0.002678775153,0.7282948312,0,0,0,1,0,0,0
19.67038488,17.65037036,rate,circle,-1.161861062,0.3591338694,-1.62121141,-1.113583823,0.3386959735,-2,0.752107203,-0.5192325115,-0.006328113377,0.7475868119,-0.5011127205,0,0.382399262,0.01971815867,0.2029240049,0.01289834734,-0.01264399197,-0.0005657697911,-0.03862618937,0.0008163278179,0.0029611969,0.7282757299,0,0,0,1,0,0,0
19.68039036,17.66037583,rate,circle,-1.149723887,0.3509884775,-1.621326804,-1.106092601,0.3336989592,-2,0.7552883625,-0.5139517784,-0.006393317133,0.7498354684,-0.4977416703,0,0.3815704468,0.01825859147,0.09947673479,0.002005819697,-0.005629190709,0.0001380799513,0.02341374665,-0.02322257236,0.00163893832,0.7281874003,0,0,0,1,0,0,0
19.69038224,17.67036772,rate,circle,-1.143637538,0.3469464481,-1.621386886,-1.098589176,0.3287424427,-2,0.7569220066,-0.5112780929,-0.006357226055,0.7520659008,-0.4943651291,0,0.3817179995,0.01870947433,0.1263422039,-0.001338882488,-0.00465711439,-0.000379317411,-0.001056418138,-0.01417503392,0.002142424861,0.728185128,0,0,0,1,0,0,0
19.70037556,17.68036103,rate,circle,-1.125301719,0.3349438906,-1.621578336,-1.091062462,0.3238190119,-2,0.7617360353,-0.5033057332,-0.00627165148,0.7542814447,-0.4909781077,0,0.3801303008,0.01571225271,0.15162717,-0.002851790516,-0.004756226204,0.0004796244903,0.132127146,-0.0626142792,-0.0007790833381,0.7280648534,0,0,0,1,0,0,0
19.71037984,17.69036531,rate,circle,-1.125301719,0.3349438906,-1.621578336,-1.083505386,0.3189241309,-2,0.7617360353,-0.5033057332,-0.00627165148,0.7564841411,-0.4875774238,0,0.3810597356,0.01772838743,0.05465950339,-0.002851790516,-0.004756226204,0.0004796244903,0.01086071564,-0.01907159916,0.00188754926,0.7281173212,0,0,0,1,0,0,0
19.72040176,17.70038724,rate,circle,-1.119165063,0.3309839368,-1.621644378,-1.075912966,0.3140547786,-2,0.7633707523,-0.500619173,-0.006320110522,0.7586753496,-0.4841608347,0,0.381195904,0.01824465686,0.07440685153,-0.001966350479,-0.006410035305,0.0004080071812,-0.008810344002,-0.0120718042,0.002250485514,0.7280916643,0,0,0,1,0,0,0
19.73038268,17.71036816,rate,circle,-1.113023043,0.3270449638,-1.621710896,-1.068329864,0.3092394309,-2,0.7649752498,-0.4980463684,-0.006325867027,0.7608422561,-0.4807484387,0,0.3813360238,0.0188763503,0.09996345245,0.000608027156,-0.007715855259,8.573073865e-05,-0.02462221698,-0.007759434679,0.002529971852,0.7280773261,0,0,0,1,0,0,0
19.74037886,17.72036433,rate,circle,-1.106853485,0.3231308758,-1.621770859,-1.060713568,0.304450907,-2,0.7666289806,-0.4954000115,-0.006236818619,0.7629970918,-0.4773211056,0,0.3814906506,0.01946626218,0.1268720415,0.002012240468,-0.009239138104,0.0004124941479,-0.03686629193,-0.003796128545,0.002705452285,0.7280887218,0,0,0,1,0,0,0
19.75038934,17.73037481,rate,circle,-1.09447825,0.3153642416,-1.621889472,-1.053064864,0.2996899128,-2,0.7699609399,-0.4900601804,-0.00615019165,0.7651395392,-0.4738791887,0,0.3806945291,0.01796928643,0.04759211134,0.005465707742,-0.01147208083,9.720704111e-05,0.03009867023,-0.02640805391,0.001154120179,0.7280350439,0,0,0,1,0,0,0
19.76031637,17.74030185,rate,circle,-1.088273168,0.3115116358,-1.621948361,-1.045458815,0.2950026787,-2,0.7715731263,-0.4874015152,-0.006103638094,0.7672487946,-0.4704564669,0,0.3808262804,0.01852265929,0.05963375215,0.006290545221,-0.01175935473,0.001162158209,0.006702039434,-0.01873421594,0.001573631195,0.728035837,0,0,0,1,0,0,0
19.77038693,17.75037241,rate,circle,-1.08205688,0.3076795638,-1.622006893,-1.03772148,0.2902824413,-2,0.7731474638,-0.4847276509,-0.00607048953,0.7693729014,-0.4669746659,0,0.3809817271,0.01913809397,0.08392769904,0.004050888587,-0.01133995038,0.0006621961948,-0.01308235674,-0.01243093945,0.001919638214,0.728034339,0,0,0,1,0,0,0
19.78039765,17.76038313,rate,circle,-1.075814128,0.3038570285,-1.622071981,-1.030009,0.2856250528,-2,0.774728775,-0.4820217788,-0.006061557215,0.7714687262,-0.4635040501,0,0.3811300328,0.01975542132,0.1102031613,0.001396147418,-0.01157973614,-0.0002231659601,-0.02802171593,-0.007684140294,0.002180274251,0.7280238606,0,0,0,1,0,0,0
19.79038596,17.77037144,rate,circle,-1.063294888,0.296274364,-1.62220192,-1.022292954,0.2810127647,-2,0.7779838443,-0.4767351449,-0.006088748109,0.7735442559,-0.4600318295,0,0.3803228425,0.01832439745,0.05019203878,0.005781444721,-0.01024451759,0.0009540580795,0.03800446385,-0.0301984411,0.0005392760311,0.7279374423,0,0,0,1,0,0,0
19.80037951,17.78036499,rate,circle,-1.057024598,0.2925145924,-1.622263551,-1.014552188,0.2764328099,-2,0.7795868516,-0.4740293622,-0.006095258985,0.7756052355,-0.4565484844,0,0.3804567708,0.01893638133,0.05172404674,0.007250453345,-0.01189196389,0.002821748145,0.01280143486,-0.02212105533,0.0009691824265,0.7279241019,0,0,0,1,0,0,0
19.81038213,17.7903676,rate,circle,-1.050729632,0.288770467,-1.62233448,-1.006783857,0.2718836077,-2,0.7811431885,-0.4714075625,-0.006122061983,0.7776523765,-0.4530527356,0,0.3805885468,0.01966125835,0.07118054288,0.007327663247,-0.01284975838,0.0008872469189,-0.007448100547,-0.01670975226,0.001321073842,0.7279030035,0,0,0,1,0,0,0
19.82038951,17.80037498,rate,circle,-1.044423938,0.2850472033,-1.622405171,-0.9989914106,0.2673672745,-2,0.782705307,-0.4687184095,-0.006111981813,0.7796847265,-0.4495461348,0,0.3807289705,0.02034837459,0.09713504265,0.006499736104,-0.0125644505,0.0005434205523,-0.02345547857,-0.01209804578,0.001580625583,0.7278910219,0,0,0,1,0,0,0
19.83038282,17.8103683,rate,circle,-1.031780481,0.2776636779,-1.622545958,-0.9911897007,0.262892353,-2,0.7858070731,-0.4633137882,-0.006096369121,0.7816984411,-0.4460353653,0,0.3799175669,0.01877739251,0.05836667442,0.007785735186,-0.01244946942,0.001040258911,0.04138795937,-0.03232537438,-6.45307862e-05,0.7278115598,0,0,0,1,0,0,0
19.84033871,17.82032418,rate,circle,-1.019064784,0.2703694701,-1.622709513,-0.9833972811,0.2584691253,-2,0.78887254,-0.4579173028,-0.005951385945,0.7836888936,-0.4425287765,0,0.3791594662,0.01729439007,0.1444888052,0.01111392025,-0.01428623125,0.000460191688,0.09392267383,-0.04800452566,-0.001466081642,0.7277565046,0,0,0,1,0,0,0
19.85038471,17.83037019,rate,circle,-1.019064784,0.2703694701,-1.622709513,-0.9755143165,0.2540412896,-2,0.78887254,-0.4579173028,-0.005951385945,0.7856814197,-0.4389814424,0,0.380146504,0.02010395618,0.06734133169,0.01111392025,-0.01428623125,0.000460191688,-0.01998308974,-0.01424536189,0.001182809521,0.727811147,0,0,0,1,0,0,0
19.8604188,17.84040427,rate,circle,-1.012691259,0.2667538822,-1.622796535,-0.9676208051,0.2496543263,-2,0.7904607058,-0.4552333951,-0.005948668811,0.7876555532,-0.4354293623,0,0.3802712115,0.0208675647,0.09205372834,0.01167067327,-0.01596103795,0.001223609317,-0.03250090196,-0.0110211263,0.001340086719,0.7277913494,0,0,0,1,0,0,0
19.8703835,17.85036898,rate,circle,-0.9999014735,0.2595746815,-1.622982383,-0.9597623485,0.2453330132,-2,0.7935011983,-0.4498645961,-0.005857703742,0.789600144,-0.4318930568,0,0.3794156799,0.01930044411,0.06141148685,0.0164401494,-0.01945341378,0.001229614485,0.03511588149,-0.03119473176,-0.0004364235958,0.72771491,0,0,0,1,0,0,0
19.88039255,17.86037803,rate,circle,-0.9934859276,0.256011039,-1.623080373,-0.9518494924,0.2410279866,-2,0.795001924,-0.4471826255,-0.005788332317,0.791537406,-0.4283322716,0,0.3795082212,0.0200210769,0.05517845228,0.01802108251,-0.02060926147,0.0006066569476,0.010269963,-0.02437458338,4.801203523e-05,0.7277083846,0,0,0,1,0,0,0
19.89038658,17.87037206,rate,circle,-0.9870605469,0.2524687648,-1.623177052,-0.9439292445,0.2367650238,-2,0.796492815,-0.4444800317,-0.005764898844,0.7934557393,-0.42476816,0,0.3796082865,0.02076091937,0.07162327488,0.01755131036,-0.01891146787,0.001283678343,-0.009376640521,-0.01915716243,0.0003836400692,0.7276905171,0,0,0,1,0,0,0
19.90038562,17.88037109,rate,circle,-0.9741741419,0.2454420179,-1.623375416,-0.9359859228,0.232535615,-2,0.7993606329,-0.438973248,-0.005676025059,0.7953589733,-0.4211936652,0,0.3787756496,0.01908779986,0.07853164852,0.01496891119,-0.015901573,0.001444148598,0.05236882554,-0.03608874228,-0.00130170934,0.7276098254,0,0,0,1,0,0,0
19.91038895,17.89037442,rate,circle,-0.9677131176,0.2419579327,-1.623476744,-0.9280202295,0.2283401981,-2,0.8008323908,-0.4362279177,-0.005619430915,0.7972469108,-0.4176091033,0,0.3788544979,0.01977609464,0.05998416448,0.01538120396,-0.01729350351,0.000791704515,0.02427385596,-0.02841289646,-0.0007174003124,0.727598583,0,0,0,1,0,0,0
19.92047501,17.90046048,rate,circle,-0.9612425566,0.2384958714,-1.623595476,-0.9199696187,0.2241464304,-2,0.8023006916,-0.4334323108,-0.005538885482,0.7991341063,-0.4139863284,0,0.3789323521,0.02046589227,0.05945786009,0.01679872908,-0.01874889992,0.0008809408173,0.001423761625,-0.02194879618,-0.0002746807601,0.7275872804,0,0,0,1,0,0,0
19.93038559,17.91037107,rate,circle,-0.95476228,0.2350560129,-1.623711705,-0.9120406108,0.2200612583,-2,0.8037453294,-0.430662334,-0.005437674001,0.8009724338,-0.4104182749,0,0.3790024597,0.02114424691,0.07733082092,0.01467961911,-0.01855075546,0.001146240043,-0.01544815174,-0.0176069605,1.298326848e-05,0.727581437,0,0,0,1,0,0,0
19.94041944,17.92040491,rate,circle,-0.9482519627,0.2316186428,-1.623838067,-0.9039945071,0.2159613426,-2,0.8051197529,-0.4279208481,-0.005286358297,0.8028173958,-0.4067975282,0,0.3790800354,0.02189614296,0.1058120021,0.01347026601,-0.01879271679,0.0003643510281,-0.03044597656,-0.01444787575,0.0002747584972,0.7275858267,0,0,0,1,0,0,0
19.95039678,17.93038225,rate,circle,-0.9352059364,0.2248103917,-1.624081969,-0.8959754399,0.2119205803,-2,0.8078541756,-0.4224404991,-0.005031066481,0.8046357389,-0.4031889479,0,0.3781792497,0.02015669083,0.05908987843,0.01474963035,-0.02079183236,0.0007583253318,0.03601171616,-0.03216223125,-0.001537947123,0.7275319489,0,0,0,1,0,0,0
19.96039057,17.94037604,rate,circle,-0.9286701083,0.2214398533,-1.624199748,-0.8879250446,0.2079092894,-2,0.809230566,-0.4196702242,-0.004948733374,0.8064408198,-0.3995662701,0,0.3782447167,0.02089118514,0.06216527562,0.01461870223,-0.02040985972,0.00131475518,0.01056453285,-0.02576925689,-0.00101085392,0.7275215815,0,0,0,1,0,0,0
19.97038841,17.95037389,rate,circle,-0.9221043587,0.2180837989,-1.624315739,-0.8798534154,0.2039326384,-2,0.810634315,-0.4169486165,-0.004816735163,0.8082303127,-0.3959340369,0,0.3783174087,0.02169314913,0.0813826395,0.01155757438,-0.02006932907,0.00185935013,-0.008996352738,-0.02148207469,-0.0006499040317,0.7275245402,0,0,0,1,0,0,0
19.98042703,17.9604125,rate,circle,-0.9155300856,0.2147503346,-1.624432802,-0.8717309532,0.1999763487,-2,0.8120099306,-0.4141531289,-0.004694453441,0.8100106431,-0.392278929,0,0.3784010501,0.02246142617,0.107546604,0.009540879168,-0.01875077933,0.001280952827,-0.02503619166,-0.01762899889,-0.0003589853134,0.7275246207,0,0,0,1,0,0,0
19.99039364,17.97037911,rate,circle,-0.902356565,0.2081524879,-1.624660015,-0.8636491512,0.1960847737,-2,0.8147490621,-0.4084841311,-0.004601642024,0.8117618518,-0.388642118,0,0.3775235064,0.02058650084,0.06207846242,0.009706823155,-0.01805709489,0.001608377206,0.04232547272,-0.0329625507,-0.002268969664,0.7274345079,0,0,0,1,0,0,0
20.00040269,17.98038816,rate,circle,-0.895742476,0.2048985064,-1.624771237,-0.8555154531,0.192213146,-2,0.8160836697,-0.4056101441,-0.004474037793,0.8135040843,-0.3849819539,0,0.3775920498,0.02126484204,0.05951643613,0.01063705049,-0.01912129484,0.001059420756,0.01601749126,-0.02605998415,-0.001675480784,0.7274374842,0,0,0,1,0,0,0
20.01039791,17.99038339,rate,circle,-0.8891266584,0.2016674727,-1.624880314,-0.8473756727,0.1883834652,-2,0.8174346089,-0.4028140306,-0.004390936811,0.8152274407,-0.3813190527,0,0.3776696818,0.0220496257,0.07430644043,0.01056541782,-0.02020530961,0.0005439292872,-0.004568094472,-0.0214875057,-0.001222498613,0.7274303397,0,0,0,1,0,0,0
20.02043939,18.00042486,rate,circle,-0.8825027943,0.1984589547,-1.624986768,-0.8391809634,0.1845729674,-2,0.8187535405,-0.3999921978,-0.004226760939,0.8169421647,-0.3776314335,0,0.377762526,0.02282871803,0.0988131772,0.009600842372,-0.02095298097,0.001044403645,-0.02151499633,-0.01766124514,-0.0008931444538,0.727444985,0,0,0,1,0,0,0
20.03040218,18.01038766,rate,circle,-0.8758709431,0.1952735931,-1.62509048,-0.831033528,0.1808289593,-2,0.8201017976,-0.3970789909,-0.004125717562,0.8186269683,-0.3739650876,0,0.3778573667,0.02352550093,0.125658047,0.009517894126,-0.01969568245,0.000885610003,-0.03422807296,-0.01425177381,-0.0006721923763,0.7274435361,0,0,0,1,0,0,0
20.04040527,18.02039075,rate,circle,-0.8625813127,0.1889724433,-1.625313401,-0.8228363371,0.177106596,-2,0.8226920366,-0.3913561404,-0.003839950776,0.8203020318,-0.3702763517,0,0.376975475,0.02155956484,0.05408861324,0.01470794529,-0.02225266024,0.0005951671046,0.03373536513,-0.02814745272,-0.002602922129,0.7274042267,0,0,0,1,0,0,0
20.0503881,18.03037357,rate,circle,-0.8559234738,0.1858564615,-1.625431299,-0.814639131,0.1734285981,-2,0.8239930272,-0.3884530962,-0.003645345801,0.8219571309,-0.3665876089,0,0.3770418549,0.02226056943,0.06721061577,0.01357292663,-0.02305402048,0.0001307267084,0.008840587151,-0.02227590197,-0.002009787884,0.7274217059,0,0,0,1,0,0,0
20.06039619,18.04038167,rate,circle,-0.8425840735,0.1796947569,-1.625657678,-0.8064046707,0.1697782902,-2,0.8265147805,-0.3826605976,-0.003416136606,0.8235997694,-0.3628821018,0,0.376217304,0.02028191737,0.07863973234,0.00909698382,-0.02107248642,0.0006610445562,0.06830102684,-0.03309716868,-0.003748269863,0.7273669484,0,0,0,1,0,0,0
20.07039189,18.05037737,rate,circle,-0.8358923793,0.1766476482,-1.625770807,-0.7981640854,0.1661695572,-2,0.8277692795,-0.3797698319,-0.003302428173,0.8252236992,-0.3591738384,0,0.3762721133,0.02101382778,0.05797022232,0.004874995444,-0.01855364256,0.002110818867,0.03718834329,-0.02657141904,-0.002997182484,0.7273659339,0,0,0,1,0,0,0
20.08040905,18.06039453,rate,circle,-0.8291995525,0.1736236662,-1.625881076,-0.7898896092,0.1625903001,-2,0.82899791,-0.3769175708,-0.003146934556,0.826834365,-0.3554503241,0,0.37634024,0.0218042841,0.04984096632,0.00236683595,-0.01645727828,0.0007972824969,0.01263540521,-0.02204907296,-0.0023937313,0.7273771253,0,0,0,1,0,0,0
20.0904038,18.07038927,rate,circle,-0.8224992156,0.1706229299,-1.625988603,-0.781617649,0.1590562608,-2,0.830222249,-0.3739894629,-0.003135069739,0.8284246826,-0.351727942,0,0.3764168111,0.02255294252,0.05785207702,0.002570839366,-0.01591854356,0.000160325304,-0.006487195819,-0.01818784129,-0.001941449457,0.7273524333,0,0,0,1,0,0,0
20.10040045,18.08038592,rate,circle,-0.8157914281,0.1676462293,-1.62608099,-0.7733282946,0.1555587977,-2,0.8313869238,-0.3709784448,-0.003063440323,0.829998541,-0.3479977326,0,0.3765164669,0.02322553355,0.07927491,0.007570545189,-0.01673807018,0.0001711142249,-0.0223825673,-0.01450368978,-0.001590366751,0.7273481913,0,0,0,1,0,0,0
20.11039305,18.09037852,rate,circle,-0.8023441434,0.1617638767,-1.626263857,-0.7650266612,0.1521000547,-2,0.8338538408,-0.3650758564,-0.002814019797,0.8315549754,-0.3442619975,0,0.3757188957,0.02112865856,0.06560888938,0.0166784171,-0.02060237527,0.001161073102,0.04511171602,-0.02561710536,-0.003643334037,0.7273133766,0,0,0,1,0,0,0
20.12039948,18.10038495,rate,circle,-0.7956086993,0.1588585377,-1.626351476,-0.7566980387,0.1486739676,-2,0.8350888491,-0.3620900214,-0.002683201106,0.8330967146,-0.3405141174,0,0.375807111,0.02183318117,0.04968193743,0.01953300834,-0.02138182707,0.001015152549,0.01860365888,-0.02033887218,-0.003002368813,0.7273256431,0,0,0,1,0,0,0
20.13039923,18.1103847,rate,circle,-0.7888656259,0.155977428,-1.626436472,-0.748359645,0.1452876661,-2,0.8363024592,-0.3591121137,-0.002555915853,0.8346205503,-0.3367618403,0,0.3759051942,0.02255872884,0.05815817699,0.01881439239,-0.02079391479,9.979385504e-05,-0.002429090484,-0.0164219441,-0.002496230788,0.7273380383,0,0,0,1,0,0,0
20.14039493,18.1203804,rate,circle,-0.7821002603,0.1531126201,-1.626527429,-0.7400094868,0.1419402702,-2,0.8374871612,-0.3561142981,-0.00241034897,0.8361268784,-0.3330042691,0,0.376002947,0.02327517118,0.08416600202,0.01912004128,-0.0190968737,0.0007463720976,-0.01931640979,-0.01346079098,-0.002130863105,0.7273528297,0,0,0,1,0,0,0
20.15039635,18.13038182,rate,circle,-0.7685544491,0.1474556178,-1.626701713,-0.7316395634,0.1386285838,-2,0.839790225,-0.3501487076,-0.002167488448,0.8376171373,-0.3292378035,0,0.375222916,0.02113495271,0.0587582526,0.02092230134,-0.01870017312,0.0004792409309,0.04625864841,-0.02342668171,-0.004105244299,0.7273201287,0,0,0,1,0,0,0
20.16040039,18.14038587,rate,circle,-0.7549757361,0.1419124156,-1.626891017,-0.7232526196,0.1353537471,-2,0.8419089317,-0.3440585434,-0.001784047112,0.8390908138,-0.3254636788,0,0.3745125972,0.01889162788,0.1356566474,0.02173459157,-0.0179117769,0.0003668480786,0.0971703959,-0.02924795843,-0.005748979533,0.7273179449,0,0,0,1,0,0,0
20.17039847,18.15038395,rate,circle,-0.7549757361,0.1419124156,-1.626891017,-0.7148560281,0.1321186175,-2,0.8419089317,-0.3440585434,-0.001784047112,0.8405466221,-0.3216852126,0,0.3753875633,0.02248565417,0.07066093217,0.02173459157,-0.0179117769,0.0003668480786,-0.01988583974,-0.01224365105,-0.00238637818,0.7273707208,0,0,0,1,0,0,0
20.18048382,18.16046929,rate,circle,-0.7481703162,0.1391857713,-1.626990557,-0.7063714931,0.1288935589,-2,0.8429813385,-0.3410224617,-0.00161744759,0.8419978985,-0.3178671719,0,0.3754851742,0.02323253613,0.1023105652,0.01982748881,-0.01670833305,0.0004043010413,-0.03422074647,-0.00997626822,-0.002094218438,0.72738815,0,0,0,1,0,0,0
20.19040442,18.17038989,rate,circle,-0.741358757,0.1364834905,-1.627086401,-0.6980113601,0.1257587825,-2,0.8439968228,-0.3379846513,-0.001393765444,0.8434085479,-0.314105112,0,0.3755776464,0.02392741203,0.1359978475,0.01936690137,-0.01502585318,0.0008302381611,-0.04517037747,-0.008489420868,-0.001911333228,0.7274207235,0,0,0,1,0,0,0
20.2004981,18.18048358,rate,circle,-0.7276998162,0.1311503053,-1.627280951,-0.6894910854,0.122607648,-2,0.8461363912,-0.3319699466,-0.001148052979,0.8448265584,-0.3102709884,0,0.3747697612,0.02176874995,0.06362245651,0.0211724285,-0.01685218513,0.0003055172274,0.02354480809,-0.01780374504,-0.00408841442,0.7273821586,0,0,0,1,0,0,0
20.21039438,18.19037986,rate,circle,-0.720852375,0.1285194904,-1.627380133,-0.6811236372,0.1195557464,-2,0.8472019434,-0.3289568424,-0.001026250422,0.8461999141,-0.3065056367,0,0.3748390146,0.02249697511,0.086546486,0.01929537766,-0.01578540727,0.0002840813249,0.0008867602,-0.01494103056,-0.0035041136,0.7273873645,0,0,0,1,0,0,0
20.22041821,18.20040369,rate,circle,-0.7140055895,0.1259125769,-1.627473474,-0.6726345706,0.116502526,-2,0.8482513428,-0.3259079754,-0.0009121965268,0.8475738633,-0.3026855568,0,0.3749348252,0.02325020019,0.1162354658,0.01531834528,-0.0142086735,-0.0001101590751,-0.0181610713,-0.01250290947,-0.003018734842,0.7273932793,0,0,0,1,0,0,0
20.23039055,18.21037602,rate,circle,-0.7002852559,0.1207579821,-1.627656102,-0.6641755366,0.1135030197,-2,0.8502503633,-0.3197744489,-0.0006479127333,0.8489236411,-0.2988789915,0,0.3741610944,0.02094755647,0.06127195238,0.002757455688,-0.01097232103,-9.347731975e-05,0.04774093001,-0.01990527844,-0.00507080187,0.7273633027,0,0,0,1,0,0,0
20.24037266,18.22035813,rate,circle,-0.6934124231,0.1182107851,-1.627745628,-0.655694816,0.1105386195,-2,0.8511865735,-0.3166640997,-0.0005832050228,0.8502576212,-0.2950626672,0,0.3742389574,0.02162926179,0.06372258527,-0.001494338154,-0.009915986098,-0.0004064057139,0.01991560787,-0.01637597835,-0.004272769707,0.7273580972,0,0,0,1,0,0,0
20.2503953,18.23038077,rate,circle,-0.6865343451,0.1156884655,-1.627832174,-0.6471663497,0.1076005401,-2,0.8521571159,-0.313659519,-0.0004174725618,0.851579757,-0.2912248574,0,0.3743315964,0.02244597219,0.07726061774,-0.004252973013,-0.008429661393,-1.070654253e-05,-0.00172822311,-0.01478333761,-0.003676544583,0.7273804546,0,0,0,1,0,0,0
20.26040912,18.24039459,rate,circle,-0.6727702618,0.1107003838,-1.628002644,-0.6386322426,0.1047034905,-2,0.8541235924,-0.307566762,-0.0002306975075,0.8528834293,-0.2873845092,0,0.3736086191,0.02022163581,0.09720711707,0.001355131506,-0.008945696987,-0.001191999298,0.06214104434,-0.02205052185,-0.005608652447,0.7273354159,0,0,0,1,0,0,0
20.27039981,18.25038528,rate,circle,-0.6658841372,0.1082349792,-1.628086805,-0.6301049214,0.1018514842,-2,0.8550833464,-0.3045092523,-0.000121103134,0.8541668321,-0.2835472146,0,0.3736847945,0.02098241379,0.07773226047,0.00762015162,-0.01017183531,-0.0003645302786,0.03230227511,-0.01921029109,-0.004755662436,0.7273441437,0,0,0,1,0,0,0
20.28039312,18.2603786,rate,circle,-0.6589921117,0.105794929,-1.628163218,-0.6215626209,0.09903711022,-2,0.856056273,-0.3014228344,2.58037835e-06,0.8554333004,-0.2797031794,0,0.3737769749,0.0217285875,0.06832221301,0.01213437039,-0.01117160451,-0.0002906337613,0.008873204801,-0.01694325684,-0.004118123173,0.7273590548,0,0,0,1,0,0,0
20.29039216,18.27037764,rate,circle,-0.6521012783,0.1033799052,-1.628237486,-0.6130028486,0.09625960079,-2,0.856977284,-0.298311919,8.881718531e-05,0.8566831796,-0.2758512819,0,0.3738806666,0.02246273814,0.07526947888,0.01403219253,-0.01187532116,-0.0006121519837,-0.01032615769,-0.01509967918,-0.003612763556,0.7273654002,0,0,0,1,0,0,0
20.30041528,18.28040075,rate,circle,-0.6452048421,0.100990206,-1.628309131,-0.6044100066,0.09351408503,-2,0.8578795195,-0.2952751815,0.0001700363064,0.8579186617,-0.2719845029,0,0.3739976114,0.02329133215,0.09760115572,0.01564494893,-0.01214922499,-0.0002769044077,-0.0262737093,-0.01442726441,-0.003239207193,0.7273721284,0,0,0,1,0,0,0
20.31039762,18.2903831,rate,circle,-0.6383205652,0.0986122936,-1.62837708,-0.5958398951,0.09081828539,-2,0.8587681651,-0.2921461165,0.0002732785651,0.8591317716,-0.2681279528,0,0.3741242422,0.02402247028,0.1271424442,0.01770695113,-0.01184256654,-0.00133702287,-0.03930318046,-0.01346098691,-0.002931872814,0.727385161,0,0,0,1,0,0,0
20.32043004,18.30041552,rate,circle,-0.624534905,0.09393440932,-1.628505349,-0.5872146855,0.08814777948,-2,0.8604918718,-0.2859266996,0.0005303487414,0.8603334992,-0.2642466085,0,0.3734093725,0.02168715528,0.07521329352,0.01988228597,-0.01195047796,-0.001412365353,0.0280287271,-0.01903344942,-0.005099927004,0.7273737446,0,0,0,1,0,0,0
20.33041072,18.31039619,rate,circle,-0.6176338196,0.09163434803,-1.628565192,-0.5786220797,0.08552971063,-2,0.8613032103,-0.2827940285,0.000716545037,0.8615116302,-0.2603799359,0,0.3735277752,0.02242651166,0.08995778922,0.01799136773,-0.01214632206,-0.001172007527,0.002758938694,-0.01699667285,-0.00439970904,0.7274108901,0,0,0,1,0,0,0
20.34041762,18.3204031,rate,circle,-0.6107366681,0.08935116976,-1.628610849,-0.5699951775,0.08294353301,-2,0.8620644212,-0.279678762,0.0009171406273,0.8626754101,-0.2564978299,0,0.3736720863,0.02320711241,0.1161128318,0.01429057121,-0.01289581787,-0.0003688678553,-0.01784758914,-0.01572026856,-0.0038702392,0.7274574112,0,0,0,1,0,0,0
20.35040545,18.33039093,rate,circle,-0.5969269276,0.08486319333,-1.628695607,-0.5613731931,0.08040104759,-2,0.8636277318,-0.2734403014,0.001094238367,0.8638195286,-0.2526179369,0,0.3730293968,0.02085197853,0.08121771399,0.003216633573,-0.01189278346,-0.001474229502,0.04588357007,-0.01994138116,-0.00590428378,0.7274420288,0,0,0,1,0,0,0
20.36040783,18.3403933,rate,circle,-0.590021193,0.08265733719,-1.628735185,-0.5527272891,0.07789372201,-2,0.8643844128,-0.2703343928,0.001284176949,0.8649478251,-0.2487272801,0,0.3731636242,0.02165257174,0.08078508105,-0.001685821218,-0.01084299479,-0.001864285558,0.01759833279,-0.01829730461,-0.005050133776,0.7274881308,0,0,0,1,0,0,0
20.37040854,18.35039401,rate,circle,-0.5831071138,0.08046166599,-1.628771186,-0.5440716325,0.07542574611,-2,0.8651820421,-0.2672771811,0.00143627543,0.8660584142,-0.2448322346,0,0.3733094718,0.02250792172,0.09127077483,-0.003889348824,-0.009861931205,-0.002087885048,-0.004032063194,-0.01792892037,-0.004421846536,0.7275263243,0,0,0,1,0,0,0
20.380404,18.36038947,rate,circle,-0.576187551,0.07829209417,-1.628804922,-0.5354095053,0.07299801202,-2,0.8659979105,-0.2641792893,0.001584738493,0.8671508946,-0.2409342774,0,0.3734657443,0.02332748057,0.1082441867,-0.003541353857,-0.01039374433,-0.002265037736,-0.02084372953,-0.01753304232,-0.003953145857,0.7275641379,0,0,0,1,0,0,0
20.39039946,18.37038493,rate,circle,-0.5692628026,0.07614856213,-1.628836274,-0.5267365459,0.07060926424,-2,0.8667387962,-0.2611067593,0.0017363925,0.8682258311,-0.2370314456,0,0.373633079,0.02418361138,0.131325182,-0.0004008373071,-0.01114355586,-0.002188486047,-0.03507239005,-0.01755713954,-0.003577391727,0.727604192,0,0,0,1,0,0,0
20.40036464,18.38035011,rate,circle,-0.5553907156,0.0719267875,-1.628888011,-0.5180792509,0.06826661007,-2,0.8683643341,-0.2549448311,0.001979579218,0.8692800255,-0.2331356629,0,0.3730008722,0.02191796166,0.08799252559,0.006663550623,-0.01342084352,-0.0018354489,0.03444026668,-0.02165148935,-0.005822654803,0.7276168957,0,0,0,1,0,0,0
20.41040206,18.39038754,rate,circle,-0.5484434962,0.06984905154,-1.628908515,-0.5093486651,0.06594624238,-2,0.8691631556,-0.2518620193,0.002091018949,0.8703241909,-0.2292068993,0,0.3731655504,0.02278101899,0.09219437553,0.009400770068,-0.01307918318,-0.002944827778,0.008698013705,-0.020873946,-0.005046824529,0.7276505707,0,0,0,1,0,0,0
20.42040062,18.4003861,rate,circle,-0.541490972,0.06779776514,-1.62892735,-0.5006415502,0.06367408781,-2,0.8699616194,-0.2486945093,0.002194749424,0.8713466605,-0.2252886976,0,0.3733371017,0.02354925231,0.1066880738,0.008818906732,-0.01554287784,-0.002317390637,-0.01115382477,-0.0196571358,-0.00448423882,0.7276821246,0,0,0,1,0,0,0
20.43039942,18.41038489,rate,circle,-0.5345334411,0.06577298045,-1.628944397,-0.4919240922,0.0614410797,-2,0.870704174,-0.2456221581,0.002305204282,0.8723515141,-0.2213658415,0,0.3735191863,0.02442123233,0.1290093207,0.006535584573,-0.01402434614,-0.002719131764,-0.02740859344,-0.01971744963,-0.004027241572,0.727716975,0,0,0,1,0,0,0
20.4404211,18.42040658,rate,circle,-0.5205689073,0.061766956,-1.628982186,-0.4831766861,0.05924234124,-2,0.8721378446,-0.2394158989,0.002452066634,0.8733409464,-0.2174295087,0,0.372905846,0.02215539298,0.09463809308,-0.002185576828,-0.01486335415,-0.002090096241,0.03980203759,-0.02231635791,-0.006238671884,0.7277106565,0,0,0,1,0,0,0
20.45039678,18.43038225,rate,circle,-0.5135799646,0.05980399624,-1.628998399,-0.4744596843,0.05709289776,-2,0.8729627132,-0.2362830192,0.002621150808,0.874308196,-0.213506858,0,0.3730682706,0.0229659373,0.09339440417,-0.004200652242,-0.01464958489,-0.002691638889,0.01521275411,-0.021549449,-0.005476925126,0.7277598152,0,0,0,1,0,0,0
20.46041107,18.44039655,rate,circle,-0.4995550215,0.05593809113,-1.629035592,-0.4656993156,0.0549745124,-2,0.8745798469,-0.2300183475,0.002924224827,0.8752614694,-0.209564692,0,0.3725073546,0.02067287406,0.1497874858,-0.004343203269,-0.01486570667,-0.001432540128,0.07740718534,-0.02274864077,-0.007537176347,0.727791152,0,0,0,1,0,0,0
20.47040176,18.45038724,rate,circle,-0.4925197959,0.05403490737,-1.629053831,-0.4569501708,0.05290047984,-2,0.8753237128,-0.2269400209,0.003014219459,0.8761947841,-0.2056275769,0,0.3726493598,0.02154215765,0.1317545627,-0.004694299307,-0.01409482211,-0.002184804296,0.04604320215,-0.02260165097,-0.006535558695,0.7278202794,0,0,0,1,0,0,0
20.48037863,18.4603641,rate,circle,-0.4854807854,0.05215857551,-1.62907052,-0.4482039188,0.05086859162,-2,0.876073122,-0.2238116115,0.00307107158,0.8771091338,-0.2016917635,0,0.3728000908,0.02235603898,0.1166081319,-0.00325539615,-0.01312772837,-0.002934487537,0.02192173199,-0.02237194792,-0.005764765022,0.7278412268,0,0,0,1,0,0,0
20.49041605,18.47040153,rate,circle,-0.4784377217,0.05030916259,-1.629085302,-0.439395462,0.04886401603,-2,0.8768352866,-0.220686987,0.003208142007,0.8780111928,-0.1977279579,0,0.3729666197,0.02321189241,0.1050052907,-0.0002140818688,-0.01484052278,-0.00314348191,0.002556491527,-0.02234158559,-0.005157274446,0.7278836342,0,0,0,1,0,0,0
20.5004189,18.48040438,rate,circle,-0.4642872214,0.04666133225,-1.62909615,-0.4306084247,0.0469059458,-2,0.8783866167,-0.2143793106,0.003441036213,0.8788923244,-0.1937737911,0,0.3724298415,0.02089698313,0.1787303052,0.007988118567,-0.01672196202,-0.003534231102,0.06933015318,-0.02254620013,-0.007331567803,0.7279055868,0,0,0,1,0,0,0
20.5104115,18.49039698,rate,circle,-0.4572063982,0.04487843066,-1.629098892,-0.4218216819,0.04498939422,-2,0.8791822791,-0.2112110257,0.003560693469,0.8797547726,-0.1898197568,0,0.3725851879,0.02169314802,0.1533621606,0.01254030596,-0.01738503389,-0.003106068354,0.04123397643,-0.02214604797,-0.006433881548,0.7279472795,0,0,0,1,0,0,0
20.52041245,18.50039792,rate,circle,-0.4501217008,0.04312273487,-1.62908411,-0.4130190615,0.04311082203,-2,0.8799605966,-0.2080726922,0.003661799012,0.8806001301,-0.1858585777,0,0.3727669557,0.02252298066,0.1296555142,0.01653837226,-0.01816747338,-0.003327392507,0.01881007548,-0.02220846108,-0.005735673753,0.7279910006,0,0,0,1,0,0,0
20.53040862,18.5103941,rate,circle,-0.4429994226,0.04138284549,-1.629053116,-0.4042122789,0.04127275161,-2,0.8807219267,-0.204936251,0.003719381755,0.8814272618,-0.1818955255,0,0.3729692286,0.02334965379,0.1120238497,0.01747733913,-0.01804085635,-0.002834437415,0.001225394845,-0.02261077695,-0.005218884736,0.7280295432,0,0,0,1,0,0,0
20.54042625,18.52041173,rate,circle,-0.4358742237,0.03967028856,-1.629021645,-0.3953783865,0.03947049716,-2,0.8814894557,-0.2017713338,0.003818325,0.8822382763,-0.1779202739,0,0.3731821176,0.02416636912,0.1028284451,0.01755736582,-0.0171526596,-0.003148365766,-0.01300989641,-0.02291304201,-0.004801050413,0.7280786071,0,0,0,1,0,0,0
20.55041027,18.53039575,rate,circle,-0.4216145575,0.03632809967,-1.628955722,-0.3865661443,0.03771393112,-2,0.8829792738,-0.1953584552,0.004111774731,0.883028731,-0.1739547649,0,0.372698495,0.02179511629,0.1545333418,0.02188740671,-0.01655585505,-0.003983598668,0.05688381286,-0.02107503031,-0.007134953251,0.7281428054,0,0,0,1,0,0,0
20.56045341,18.54043889,rate,circle,-0.4144804776,0.03469863534,-1.628920794,-0.3776938417,0.0359869242,-2,0.8836448193,-0.1921312511,0.004290097859,0.8838058841,-0.1699622288,0,0.3729003804,0.02258088643,0.1280519879,0.02292572521,-0.01677618921,-0.003279241966,0.02979593463,-0.02097158825,-0.006247042976,0.7282132325,0,0,0,1,0,0,0
20.57040119,18.55038667,rate,circle,-0.407312721,0.03308220953,-1.62887001,-0.3688981831,0.03431586197,-2,0.8843562603,-0.1889748871,0.004360189196,0.8845578621,-0.1660041824,0,0.3731148185,0.02338172724,0.1105488605,0.02170181647,-0.01776481234,-0.003175570164,0.009912742054,-0.02185114337,-0.005611628153,0.7282617053,0,0,0,1,0,0,0
20.58041239,18.56039786,rate,circle,-0.4001429081,0.03149363771,-1.628817916,-0.3600389874,0.03267391428,-2,0.8850157857,-0.1857250333,0.004386604764,0.8852967386,-0.1620175443,0,0.3733441536,0.02411153809,0.1014724692,0.01962858997,-0.01738305204,-0.003575255163,-0.006761436408,-0.02194016323,-0.005085899695,0.7282994089,0,0,0,1,0,0,0
20.59042168,18.57040715,rate,circle,-0.3857977688,0.02839974314,-1.628715277,-0.3511741745,0.03107219553,-2,0.8863168955,-0.1793106496,0.004371102899,0.886017512,-0.1580283785,0,0.3729051904,0.02172858107,0.1494771425,0.02194210514,-0.01835796982,-0.003838977776,0.06061517594,-0.01924954347,-0.007407145276,0.7282995264,0,0,0,1,0,0,0
20.60041571,18.58040118,rate,circle,-0.3785891831,0.02689104713,-1.628647089,-0.3423157673,0.02951277207,-2,0.8869895339,-0.1760788858,0.004400565755,0.8867192526,-0.1540420953,0,0.3731294931,0.0224734992,0.1247448737,0.02469537407,-0.01706505753,-0.004276979249,0.03383314219,-0.0199502062,-0.006481705131,0.728343617,0,0,0,1,0,0,0
20.61041546,18.59040093,rate,circle,-0.3713791966,0.02541043237,-1.628579736,-0.3334453588,0.02799234467,-2,0.8876394033,-0.1728031635,0.004366833251,0.8874034449,-0.1500504115,0,0.3733612929,0.02316921741,0.1065956237,0.02471582592,-0.01622566767,-0.003755284706,0.01251988073,-0.02035377716,-0.005763024342,0.7283711149,0,0,0,1,0,0,0
20.6204133,18.60039878,rate,circle,-0.3569546938,0.02253273875,-1.628447294,-0.3245698922,0.02651212696,-2,0.8889197707,-0.1663670242,0.004407637287,0.8880695429,-0.1460564515,0,0.3729826056,0.02080070951,0.1685851844,0.02750534378,-0.01706127264,-0.004768831655,0.07664395752,-0.01678405778,-0.007872923232,0.7283961986,0,0,0,1,0,0,0
20.63041329,18.61039877,rate,circle,-0.3497023284,0.02112880722,-1.628366351,-0.315685949,0.02507155026,-2,0.8895640373,-0.16309008,0.004412996117,0.8887178024,-0.1420586771,0,0.3732080228,0.02150605866,0.1387603661,0.03098110296,-0.01606820151,-0.003785591805,0.04678460034,-0.01775185689,-0.006829804369,0.7284383672,0,0,0,1,0,0,0
20.64041495,18.62040043,rate,circle,-0.3424562514,0.01975198463,-1.628292322,-0.3067941289,0.02367073531,-2,0.8901566863,-0.1598284692,0.004463830031,0.8893481691,-0.138057358,0,0.3734350564,0.02223872208,0.1120855194,0.03394665942,-0.01595913805,-0.005540143698,0.02262451546,-0.0187520063,-0.005943364643,0.7284898149,0,0,0,1,0,0,0
20.65040517,18.63039064,rate,circle,-0.3352096975,0.01840341277,-1.628219128,-0.2979062789,0.02231148838,-2,0.8906946182,-0.1565107107,0.004467958119,0.8899598302,-0.1340578255,0,0.3736680815,0.02290490378,0.0956387258,0.03345313296,-0.01578564197,-0.004777130671,0.003062553165,-0.01921145087,-0.005263077324,0.7285286889,0,0,0,1,0,0,0
20.66041923,18.6404047,rate,circle,-0.3279625177,0.01708295755,-1.628146768,-0.2889911757,0.0209891106,-2,0.8912770152,-0.153311789,0.004475901369,0.8905549002,-0.1300460291,0,0.3739102165,0.0237033907,0.095809813,0.0333821103,-0.01496831421,-0.004696921445,-0.01268104162,-0.02084763969,-0.004723537776,0.7285689957,0,0,0,1,0,0,0
20.67041135,18.65039682,rate,circle,-0.313380003,0.01451443136,-1.627988935,-0.2800897505,0.019709685,-2,0.8923256397,-0.1467970014,0.004478546791,0.8911306418,-0.1260403877,0,0.3735337527,0.02126787277,0.1170064226,0.03286398947,-0.01424050331,-0.004923574626,0.05563750839,-0.01556722028,-0.007059018298,0.7285939941,0,0,0,1,0,0,0
20.68035197,18.66033745,rate,circle,-0.3060895205,0.01327229384,-1.627911568,-0.2712285828,0.01847658206,-2,0.8928356767,-0.1435659081,0.00448009558,0.8916855381,-0.1220528623,0,0.3737541586,0.02200466349,0.09708192153,0.0318589136,-0.01435125154,-0.00447924668,0.02918494562,-0.01758977554,-0.006085792381,0.7286338081,0,0,0,1,0,0,0
20.69041824,18.67040372,rate,circle,-0.298799485,0.01205785852,-1.627835155,-0.2622498827,0.01726829878,-2,0.8933147192,-0.1403305531,0.004493089393,0.8922292655,-0.1180124472,0,0.3739915698,0.02279175093,0.08944392826,0.02950658649,-0.01624995843,-0.004665292334,0.007072644746,-0.01928233634,-0.005268011689,0.7286768442,0,0,0,1,0,0,0
20.70043778,18.68042326,rate,circle,-0.2914482355,0.01086421032,-1.627714038,-0.2533075198,0.01610602591,-2,0.8938016295,-0.1370395571,0.004476684146,0.8927522883,-0.1139883839,0,0.3742713299,0.02350528458,0.09701802993,0.0271713268,-0.01628273167,-0.004260439426,-0.009334131267,-0.02042940069,-0.004665478805,0.7287276511,0,0,0,1,0,0,0
20.71041083,18.69039631,rate,circle,-0.284098655,0.009698842652,-1.627595186,-0.2444015363,0.01498919674,-2,0.8942927718,-0.1337686926,0.004455979913,0.8932548615,-0.1099806913,0,0.3745519916,0.02422399678,0.1141361801,0.02407175116,-0.01522822306,-0.005023695529,-0.02206118726,-0.02171286447,-0.004147349834,0.7287764007,0,0,0,1,0,0,0
20.72034025,18.70032573,rate,circle,-0.2620160878,0.006370569579,-1.627233744,-0.2355296247,0.01391697155,-2,0.8956949115,-0.1238501146,0.004294737242,0.8937373628,-0.1059883311,0,0.3737822398,0.01847484983,0.1863278716,0.02638385817,-0.01391391177,-0.00572421914,0.1321724009,-0.005404948171,-0.009356048993,0.728789263,0,0,0,1,0,0,0
20.73041844,18.71040392,rate,circle,-0.2620160878,0.006370569579,-1.627233744,-0.2265199768,0.01286922924,-2,0.8956949115,-0.1238501146,0.004294737242,0.8942088468,-0.1019339896,0,0.3745088628,0.02238235229,0.08088476815,0.02638385817,-0.01391391177,-0.00572421914,0.008186590862,-0.01790268608,-0.004894637717,0.7288440124,0,0,0,1,0,0,0
20.74043226,18.72041774,rate,circle,-0.2546160817,0.005319247954,-1.627104282,-0.217563262,0.01186865951,-2,0.8961210847,-0.120520778,0.004320194013,0.8946591032,-0.09790346789,0,0.3747893041,0.02307258509,0.08850651667,0.02652126551,-0.01374250092,-0.006264721043,-0.008011979317,-0.01924242441,-0.004193623948,0.7289078882,0,0,0,1,0,0,0
20.75041819,18.73040366,rate,circle,-0.2398242652,0.003301537829,-1.626852274,-0.2086270978,0.0109110794,-2,0.8969271183,-0.1139341593,0.00427834969,0.8950900143,-0.09388219402,0,0.3745268933,0.02058544481,0.09953994447,0.01814195886,-0.01300589368,-0.006427655462,0.06136969991,-0.01130315811,-0.006380023029,0.7289557736,0,0,0,1,0,0,0
20.76038194,18.74036741,rate,circle,-0.2323765606,0.002336282516,-1.626705766,-0.1997065768,0.009995657492,-2,0.8973062634,-0.1106256247,0.004291461315,0.8955019541,-0.08986795954,0,0.3747993853,0.0212732892,0.08157123959,0.01339564379,-0.0137473736,-0.005276639946,0.03561400904,-0.01398094567,-0.005291160638,0.7290224332,0,0,0,1,0,0,0
20.77041698,18.75040245,rate,circle,-0.2249326557,0.001399184461,-1.626562238,-0.1907181749,0.00911412237,-2,0.8976727128,-0.1073106974,0.00429985486,0.8958986449,-0.08582317872,0,0.3750812089,0.0219852116,0.06957533725,0.01111603249,-0.01332033798,-0.006077691447,0.01495247065,-0.01628015239,-0.004354392232,0.729087231,0,0,0,1,0,0,0
20.78047442,18.7604599,rate,circle,-0.2174996138,0.0004889591364,-1.626422286,-0.1817057972,0.008271353004,-2,0.8980406523,-0.1039336175,0.004227949306,0.8962778911,-0.08176760874,0,0.3753692467,0.02263437265,0.06786998484,0.01137946546,-0.01326933969,-0.00517754117,-0.001542529097,-0.0178270593,-0.003604822411,0.7291301121,0,0,0,1,0,0,0
20.79042721,18.77041268,rate,circle,-0.2025859356,-0.001241239137,-1.626152754,-0.1727835447,0.007477516644,-2,0.8988242745,-0.0971981734,0.004027587827,0.8966351175,-0.07775259512,0,0.3751345927,0.01997859823,0.1167396198,0.02076492459,-0.01294459868,-0.006290623453,0.0696004744,-0.007663792484,-0.005838922614,0.7291420074,0,0,0,1,0,0,0
20.80060291,18.78058839,rate,circle,-0.1951058358,-0.002061134437,-1.626023293,-0.1636578707,0.006707221368,-2,0.8992202878,-0.0938212648,0.003893173067,0.8969817504,-0.07364604183,0,0.3753990361,0.02066899776,0.08736464015,0.02441923134,-0.01087424066,-0.005549374036,0.04132198687,-0.01115320169,-0.004630473827,0.7291655897,0,0,0,1,0,0,0
20.81040883,18.79039431,rate,circle,-0.1876299083,-0.002852838952,-1.625897288,-0.1548605767,0.006004462946,-2,0.899572134,-0.09050534666,0.003811095143,0.8972979917,-0.06968725951,0,0.3756396142,0.02128588552,0.06612936311,0.0275797192,-0.009502655827,-0.005357912276,0.02175302947,-0.01413798514,-0.003763740109,0.7291997592,0,0,0,1,0,0,0
20.82042885,18.80041432,rate,circle,-0.1726902127,-0.004351266194,-1.625623226,-0.1458680912,0.005326467823,-2,0.900249958,-0.08365939558,0.00361142098,0.8976030895,-0.06564064104,0,0.3754611212,0.0185667388,0.1479562492,0.03047081456,-0.008386678994,-0.005856216419,0.08621721329,-0.003080161071,-0.00578790486,0.7292134814,0,0,0,1,0,0,0
20.83041024,18.81039572,rate,circle,-0.1651675552,-0.005056546535,-1.625480771,-0.13690732,0.004691405889,-2,0.9006170034,-0.08026068658,0.003509154078,0.8978888673,-0.061608294,0,0.3757104155,0.01917468743,0.1149063347,0.03415038437,-0.008552529849,-0.006421251688,0.0566823546,-0.007218333591,-0.004505547301,0.7292485491,0,0,0,1,0,0,0
20.84042239,18.82040787,rate,circle,-0.1576495618,-0.005733334925,-1.625342011,-0.127916163,0.004094828093,-2,0.9009907842,-0.07686357945,0.003410052974,0.8981573274,-0.05756227335,0,0.3759644613,0.01980397324,0.08171281716,0.03754392639,-0.007741897833,-0.005904383957,0.03316756608,-0.01073050793,-0.003460645262,0.7292831841,0,0,0,1,0,0,0
20.85041571,18.83040118,rate,circle,-0.1501436532,-0.006383559201,-1.625207543,-0.118939331,0.003539773612,-2,0.9012330174,-0.07346875221,0.003316481831,0.8984071019,-0.05352269894,0,0.3762201055,0.02041641231,0.05146541921,0.03819414228,-0.008520586416,-0.006726684049,0.01344364411,-0.01353085324,-0.002545883069,0.7293178352,0,0,0,1,0,0,0
20.86043811,18.84042358,rate,circle,-0.1426431537,-0.007005483378,-1.625076771,-0.1099339549,0.00302365423,-2,0.9014438391,-0.07012046874,0.003199105849,0.8986393556,-0.04947027969,0,0.3764809465,0.0210838733,0.04104876299,0.03728875145,-0.007466966752,-0.006965341046,-0.002954100154,-0.01642324853,-0.00177657457,0.7293455997,0,0,0,1,0,0,0
20.87040567,18.85039115,rate,circle,-0.1275621355,-0.008156058379,-1.624836564,-0.1009756324,0.002550646032,-2,0.901914835,-0.06336239725,0.003034400288,0.8988522093,-0.04543903456,0,0.3762566668,0.01843459225,0.09346033914,0.04049479961,-0.006124665495,-0.006042223424,0.06650794492,-0.004211001086,-0.004000854343,0.7293572894,0,0,0,1,0,0,0
20.88042045,18.86040592,rate,circle,-0.1200303361,-0.008688779548,-1.624731064,-0.09197283713,0.002115869919,-2,0.9021682739,-0.05996336788,0.002912922762,0.8990478585,-0.04138777671,0,0.3764714307,0.01905976649,0.05828346549,0.04022056609,-0.005535097793,-0.005275912117,0.03948384669,-0.008712083668,-0.002831498883,0.729374057,0,0,0,1,0,0,0
20.8904078,18.87039328,rate,circle,-0.1125040874,-0.009193375707,-1.624628663,-0.08299282901,0.001722694336,-2,0.9024044871,-0.05658782646,0.002780087991,0.8992247875,-0.03734677305,0,0.3766878224,0.01969917549,0.0327512371,0.03917648643,-0.005999610759,-0.005667313002,0.01825763872,-0.01256824145,-0.001880409162,0.7293867828,0,0,0,1,0,0,0
20.90043044,18.88041592,rate,circle,-0.1049591452,-0.009653545916,-1.624538302,-0.07397940892,0.001368706576,-2,0.9025599957,-0.05324722826,0.002564401366,0.899384082,-0.03329073402,0,0.3768988199,0.02036968935,0.04122474488,0.03818537667,-0.005687998608,-0.006767081097,0.0005769971139,-0.01602565697,-0.001040457892,0.7293744452,0,0,0,1,0,0,0
20.91041064,18.89039612,rate,circle,-0.08988910913,-0.01049120352,-1.624367952,-0.06500265846,0.001056615511,-2,0.9028061032,-0.04655312374,0.002203664742,0.899524523,-0.02925119631,0,0.3766326098,0.01774772098,0.06926138209,0.0432196632,-0.004872387275,-0.005350164138,0.06686338401,-0.003101571114,-0.003180254758,0.729312939,0,0,0,1,0,0,0
20.92041135,18.90039682,rate,circle,-0.08237120509,-0.01087089069,-1.624287724,-0.05600615054,0.0007843260163,-2,0.9028331041,-0.04316752404,0.002051325981,0.8996470533,-0.02520276774,0,0.3768164993,0.01836004703,0.03177555757,0.04531000927,-0.003851044457,-0.005862388294,0.03740552687,-0.008072117814,-0.001898921146,0.7293126967,0,0,0,1,0,0,0
20.93041682,18.9104023,rate,circle,-0.07485076785,-0.01121106651,-1.624224067,-0.04700421798,0.0005524254205,-2,0.9028651714,-0.03977493569,0.001835762057,0.8997514086,-0.02115189809,0,0.37698987,0.01897058436,0.03200762593,0.04454323277,-0.002690364374,-0.006492048968,0.014217546,-0.01213073647,-0.0008737226635,0.7292900709,0,0,0,1,0,0,0
20.94043636,18.92042184,rate,circle,-0.06733750552,-0.01152359601,-1.624171615,-0.03798867481,0.0003608174008,-2,0.9028353691,-0.03636219725,0.001669053803,0.8998376322,-0.01709490367,0,0.3771598711,0.01957040545,0.06819107935,0.04154974967,-0.004165138118,-0.005979993381,-0.004846357269,-0.01527726001,-2.707961094e-05,0.7292756181,0,0,0,1,0,0,0
20.9504168,18.93040228,rate,circle,-0.05983129516,-0.01180852391,-1.624121666,-0.02900754625,0.0002103704988,-2,0.902846396,-0.03299469873,0.001454595942,0.8999053333,-0.01305339581,0,0.3773315244,0.02020943496,0.1078480968,0.04089486599,-0.004779381678,-0.006198368035,-0.01969074169,-0.01834591643,0.0006602688623,0.7292481225,0,0,0,1,0,0,0
20.96042228,18.94040775,rate,circle,-0.04483021051,-0.01228697039,-1.624060035,-0.02000330315,0.000100035536,-2,0.9027183652,-0.02629027702,0.001067453879,0.899954984,-0.009001486419,0,0.3769624261,0.01754075294,0.02527466345,0.04262395948,-0.002434303751,-0.006209347397,0.04595226009,-0.003327876619,-0.001526863704,0.7291421209,0,0,0,1,0,0,0
20.97041774,18.95040321,rate,circle,-0.03733597323,-0.01248043403,-1.624047518,-0.01100766663,3.029241058e-05,-2,0.9025651813,-0.02293356508,0.000840576191,0.8999863684,-0.004953449985,0,0.3770808493,0.01818354704,0.06461472074,0.04159469903,-0.003610562766,-0.006890243851,0.01838645923,-0.008859042692,-0.0003111936357,0.7290980619,0,0,0,1,0,0,0
20.9804163,18.96040177,rate,circle,-0.02984949015,-0.01264689304,-1.624037027,-0.002009017914,1.009038499e-06,-2,0.9024156332,-0.01956207678,0.0005911774351,0.8999995459,-0.0009040580612,0,0.3772044779,0.01882308771,0.1058666735,0.03819778189,-0.004317889921,-0.006212459877,-0.003332971335,-0.01326998005,0.0006544705728,0.729047325,0,0,0,1,0,0,0
20.99040675,18.97039223,rate,circle,-0.01489567105,-0.01289295685,-1.624039888,0.006982375912,1.218843048e-05,-2,0.9019820094,-0.0127900457,0.0001377086883,0.8999945152,0.003142069161,0,0.3768171934,0.01605619447,0.02034720049,0.02719006501,-0.007413822226,-0.005959139206,0.05732436337,0.00302974794,-0.001320319354,0.7289017797,0,0,0,1,0,0,0
21.00044894,18.98043442,rate,circle,-0.007428729907,-0.01297333371,-1.624065042,0.01602019027,6.416265332e-05,-2,0.9017449617,-0.009470609017,-8.583631279e-05,0.8999711268,0.007209085624,0,0.3768911264,0.01677397006,0.04992365517,0.02243631519,-0.008463992737,-0.005942391232,0.02723905748,-0.003853493406,-1.803714841e-05,0.7288453584,0,0,0,1,0,0,0
21.01041412,18.9903996,rate,circle,2.980730278e-05,-0.01302696671,-1.624091148,0.02498837463,0.0001561108093,-2,0.9014659524,-0.006106606219,-0.0002549141645,0.8999297501,0.01124476858,0,0.3769670919,0.01742111093,0.08353307173,0.02003531344,-0.006698535755,-0.005923337303,0.004094467688,-0.00888025671,0.001006104568,0.7288017236,0,0,0,1,0,0,0
21.02039146,19.00037694,rate,circle,0.01494130399,-0.01306009851,-1.624153376,0.03396699832,0.0002884600461,-2,0.9009517431,0.0006577193853,-0.0006371489144,0.899870193,0.01528514925,0,0.3765645311,0.01468119252,0.03563568055,0.02153806202,-0.004089098424,-0.005848583765,0.06430048237,0.007692849326,-0.0009496076764,0.7286530575,0,0,0,1,0,0,0
21.03041291,19.01039839,rate,circle,0.02239426412,-0.01303996611,-1.624188781,0.04298462483,0.0004619728477,-2,0.9007020593,0.004009056836,-0.0007173836348,0.8997921122,0.01934308117,0,0.3766169643,0.01537774188,0.03278728176,0.0249910634,-0.001030046144,-0.005922895856,0.03364579234,-0.0001135843377,0.0003671614091,0.728628859,0,0,0,1,0,0,0
21.04041886,19.02040434,rate,circle,0.02983865887,-0.01299272757,-1.624224305,0.05198743439,0.0006757875059,-2,0.9003946781,0.00738369301,-0.0008742499631,0.8996958956,0.02339434548,0,0.3766759475,0.01604972281,0.06285959357,0.02806299925,-0.0003896406852,-0.005867141765,0.009086468613,-0.006208314556,0.001422243993,0.7285849408,0,0,0,1,0,0,0
21.05040956,19.03039503,rate,circle,0.03727437556,-0.0129180802,-1.624260306,0.06097546343,0.000929717879,-2,0.9000782371,0.01075738017,-0.0009958989685,0.899581627,0.02743895854,0,0.3767410523,0.01671865705,0.1003811252,0.02888877876,0.001749305869,-0.005990191828,-0.01043379048,-0.01129522576,0.002270487885,0.728549626,0,0,0,1,0,0,0
21.06042647,19.04041195,rate,circle,0.04472590983,-0.01283118781,-1.624283314,0.06998584901,0.001224879848,-2,0.8997824788,0.0141167948,-0.001129551325,0.8994488041,0.03149363205,0,0.3768271034,0.01741670743,0.1407222572,0.03193282709,0.003692080034,-0.005182722583,-0.02616362601,-0.01607969184,0.00293377974,0.7285161746,0,0,0,1,0,0,0
21.07041025,19.05039573,rate,circle,0.05960022658,-0.01257538702,-1.624331117,0.07896500967,0.00155947618,-2,0.8989221454,0.02076802589,-0.001329911756,0.8992982357,0.03553425435,0,0.376433127,0.01483076573,0.06458906742,0.03645359352,0.004344446585,-0.005041989498,0.03572359967,0.001123856675,0.0006777899297,0.728420467,0,0,0,1,0,0,0
21.0804224,19.06040788,rate,circle,0.06702248752,-0.01240690891,-1.624355555,0.08796808641,0.001935532628,-2,0.8984611034,0.02406511642,-0.001390454592,0.8991290103,0.03958563888,0,0.3765012259,0.01559698949,0.1056173725,0.03478707373,0.00377979828,-0.005983113311,0.008182854831,-0.006795225442,0.00181346983,0.7284054043,0,0,0,1,0,0,0
21.09041953,19.07040501,rate,circle,0.07443470508,-0.01221152488,-1.62438035,0.09695587502,0.002351492805,-2,0.8979440928,0.027366044,-0.001456701662,0.8989418282,0.04363014376,0,0.3765758967,0.0163596576,0.1483356347,0.03216641769,0.001298529445,-0.006335724145,-0.01393899149,-0.01303573897,0.002738895611,0.728388604,0,0,0,1,0,0,0
21.10042763,19.0804131,rate,circle,0.08186513931,-0.01199864503,-1.624405384,0.1059515581,0.00280840495,-2,0.8974626064,0.03068781458,-0.00151014782,0.8987362178,0.04767820114,0,0.3766572976,0.01710484925,0.1892445068,0.02886481024,-0.0002089456539,-0.004944653716,-0.03106766115,-0.0181556693,0.003429369043,0.7283748243,0,0,0,1,0,0,0
21.1104219,19.09040737,rate,circle,0.09669514,-0.01149234734,-1.624455333,0.1149326673,0.00330511044,-2,0.8964836001,0.03716153651,-0.001525914879,0.8985127003,0.05171970027,0,0.3762783136,0.01477788197,0.1032231632,0.0253806375,0.001820678124,-0.004659027327,0.03080399311,-0.000856832706,0.001191692325,0.7283274445,0,0,0,1,0,0,0
21.12036157,19.10034704,rate,circle,0.1115093529,-0.01088962704,-1.624480963,0.123862408,0.003839158816,-2,0.8953704238,0.04369182885,-0.00160128111,0.8982723785,0.05573808362,0,0.3760107478,0.01249390637,0.04676542178,0.02074147016,0.0002911537595,-0.004651693162,0.08003683705,0.01437203038,-0.0004609880657,0.7282736204,0,0,0,1,0,0,0
21.13041902,19.11040449,rate,circle,0.1115093529,-0.01088962704,-1.624480963,0.1328954376,0.004420183839,-2,0.8953704238,0.04369182885,-0.00160128111,0.8980109173,0.05980294691,0,0.3764389755,0.01640440283,0.180107023,0.02074147016,0.0002911537595,-0.004651693162,-0.03187249425,-0.02018472794,0.00379015049,0.728317547,0,0,0,1,0,0,0
21.14042807,19.12041354,rate,circle,0.1189134493,-0.01055311505,-1.624494314,0.1418822957,0.005038994324,-2,0.894862175,0.04699148238,-0.001641899929,0.8977324526,0.06384703306,0,0.3765304793,0.01717684248,0.215632468,0.01601199992,-0.001063745236,-0.00526724197,-0.04448960024,-0.02441556485,0.004317568472,0.7283115164,0,0,0,1,0,0,0
21.15042114,19.13040662,rate,circle,0.1336899698,-0.009799106978,-1.624521971,0.1508519398,0.005697191433,-2,0.8937817216,0.05354007706,-0.001673773979,0.8974362639,0.06788337291,0,0.3761893392,0.01489588314,0.1188296843,0.01320856437,-0.001384537318,-0.004660007544,0.02091154426,-0.003976223782,0.001920080587,0.7282680183,0,0,0,1,0,0,0
21.16042781,19.14041328,rate,circle,0.1410901546,-0.009398386814,-1.624540806,0.1598307252,0.006396694602,-2,0.8932532072,0.05675981566,-0.001688823919,0.8971214874,0.07192382632,0,0.376258289,0.0157404872,0.1512075379,0.01110038534,-0.001718772459,-0.004782026634,-0.002578657593,-0.01247384762,0.002896680008,0.7282672645,0,0,0,1,0,0,0
21.17041063,19.15039611,rate,circle,0.1484790295,-0.008970961906,-1.624559402,0.1687848885,0.00713481103,-2,0.8926204443,0.05997974426,-0.001663044095,0.896789335,0.07595319983,0,0.376334115,0.01659206584,0.1833055778,0.006960236002,-0.002874218393,-0.00395963341,-0.02155202928,-0.01916089834,0.003672501302,0.7282769977,0,0,0,1,0,0,0
21.18043733,19.1604228,rate,circle,0.1632224172,-0.008035383187,-1.624627709,0.1777749716,0.007916653481,-2,0.8914413452,0.06644821912,-0.001664518029,0.8964375059,0.07999873721,0,0.3759928202,0.01453783969,0.08568242523,0.002666170709,-0.005437551066,-0.004758634139,0.03927911826,0.0004295829067,0.00154613706,0.7282273542,0,0,0,1,0,0,0
21.19041729,19.17040277,rate,circle,0.1706208438,-0.007527643815,-1.624664545,0.1867195622,0.008735124323,-2,0.8908868432,0.06967426836,-0.001664034557,0.8960691941,0.08402380297,0,0.3760323791,0.0153471468,0.1104600309,0.002930829534,-0.005843918305,-0.004761923105,0.01352718797,-0.00871162267,0.002638254461,0.7282239686,0,0,0,1,0,0,0
21.20043135,19.18041682,rate,circle,0.1780012101,-0.006996143609,-1.624700904,0.1956909241,0.009596758886,-2,0.8902918696,0.07287310809,-0.001648294856,0.8956814585,0.08806091583,0,0.3760819883,0.0161998163,0.1377304813,0.001421901514,-0.005752773024,-0.003751193872,-0.007158687627,-0.0163622307,0.003507534439,0.7282251597,0,0,0,1,0,0,0
21.21041298,19.19039845,rate,circle,0.1853703707,-0.006437904667,-1.624736428,0.2046292828,0.01049582644,-2,0.8897440434,0.07610041648,-0.001593373599,0.8952768781,0.09208317727,0,0.3761388111,0.01698822364,0.1638775214,0.0002582424495,-0.006582849193,-0.003296941286,-0.02269254815,-0.02226212077,0.00413085637,0.7282363087,0,0,0,1,0,0,0
21.22041035,19.20039582,rate,circle,0.2001069635,-0.005239502527,-1.62480402,0.2135775941,0.01143654582,-2,0.8886089325,0.08253843337,-0.001547166961,0.8948535544,0.09610991736,0,0.3758078923,0.015019128,0.07205995318,-0.001097515225,-0.005758818239,-0.003121707123,0.04132372757,-0.00087771189,0.001764794667,0.7281980016,0,0,0,1,0,0,0
21.23041415,19.21039963,rate,circle,0.2074744105,-0.004599609412,-1.624836683,0.2225273404,0.01241815696,-2,0.8880892396,0.08576907963,-0.00150587596,0.8944118294,0.1001373032,0,0.3758506476,0.01576986531,0.08896096693,-0.002032741671,-0.006392477546,-0.002634695731,0.01690458049,-0.009931260134,0.002756270427,0.7282067209,0,0,0,1,0,0,0
21.24044132,19.2204268,rate,circle,0.2148305178,-0.003933161031,-1.624850035,0.2314934642,0.01344248107,-2,0.8875010014,0.08897899091,-0.001476650825,0.8939508835,0.1041720589,0,0.3759216184,0.01657138475,0.1109312126,-0.001816790551,-0.007365922444,-0.003529560054,-0.002847907061,-0.01733488614,0.003576306621,0.7282198105,0,0,0,1,0,0,0
21.25041962,19.23040509,rate,circle,0.2221751511,-0.003239925252,-1.62486279,0.2404112056,0.01450196369,-2,0.8868902326,0.09226042032,-0.001392813749,0.8934741163,0.1081850425,0,0.3759990087,0.01728817655,0.1332273041,-0.003061737632,-0.00771307759,-0.002631708281,-0.01801774142,-0.02257022828,0.004185397294,0.7282462884,0,0,0,1,0,0,0
21.26040697,19.24039245,rate,circle,0.2295419276,-0.002509145299,-1.624871135,0.2493321901,0.01560249472,-2,0.8863344789,0.09552057832,-0.001366803073,0.8929788774,0.1121994856,0,0.3760868936,0.01800561381,0.1547060148,-0.005271728151,-0.009773074649,-0.002760381671,-0.0291830083,-0.02703004208,0.004642581432,0.7282599472,0,0,0,1,0,0,0
21.27041626,19.25040174,rate,circle,0.2368975431,-0.001752061769,-1.624879003,0.2582677142,0.01674565731,-2,0.8858863711,0.09871156514,-0.00125763542,0.8924644542,0.1162204714,0,0.37618428,0.01874605617,0.1768271333,-0.004584182054,-0.009981309995,-0.003159650601,-0.03747764072,-0.03150360188,0.005007223218,0.7282956055,0,0,0,1,0,0,0
21.28043222,19.2604177,rate,circle,0.2515642643,-0.0001657833636,-1.624893665,0.2672039529,0.01792985807,-2,0.88487643,0.10513895,-0.001172166783,0.8919315639,0.1202417788,0,0.3758680811,0.01671060517,0.0836722764,-0.001616992871,-0.01118277665,-0.00349386083,0.03182766382,-0.006490406657,0.002453359317,0.7282844723,0,0,0,1,0,0,0
21.29041481,19.27040029,rate,circle,0.2589066029,0.0007034908631,-1.624879241,0.2761050104,0.01915017651,-2,0.8843179941,0.1084494591,-0.001084659249,0.8913824206,0.1242472547,0,0.3759676173,0.01733934696,0.09654829903,-0.002467483282,-0.01091154758,-0.002417881973,0.01079863017,-0.01351215097,0.003301575726,0.7283212213,0,0,0,1,0,0,0
21.30043197,19.28041744,rate,circle,0.2662376165,0.001598913223,-1.624879003,0.2850312923,0.02041490145,-2,0.8837895393,0.1117596999,-0.001068698009,0.8908132943,0.1282640815,0,0.3760625033,0.0179685799,0.1131862488,-0.003404960968,-0.01109813806,-0.003146086121,-0.005523696843,-0.01932470922,0.003993550373,0.7283350134,0,0,0,1,0,0,0
21.31041622,19.2904017,rate,circle,0.2808671296,0.003468375187,-1.624878287,0.2939224925,0.02171549861,-2,0.8827190399,0.1183881909,-0.00101057603,0.8902280256,0.1322651216,0,0.3757920959,0.01581060837,0.09001102596,-0.01093391515,-0.01616592146,-0.001599608571,0.05928401092,0.007653878246,0.001587364353,0.7283184898,0,0,0,1,0,0,0
21.32041574,19.30040121,rate,circle,0.2881814837,0.004476617556,-1.624856591,0.302821334,0.02305810919,-2,0.8822011948,0.1217216626,-0.0009189181728,0.8896238509,0.1362696003,0,0.375888513,0.01635795606,0.08141106238,-0.01246379409,-0.01728718914,-0.001216034172,0.03500573882,-0.001036119114,0.002582967725,0.7283584903,0,0,0,1,0,0,0
21.33042073,19.31040621,rate,circle,0.2954853177,0.005510572344,-1.624834657,0.311718919,0.02444151807,-2,0.8817495704,0.1250988096,-0.0008293879218,0.8890013169,0.1402735136,0,0.3759932783,0.01683886433,0.07619192138,-0.01221761294,-0.01796097122,-0.001815203228,0.01694812199,-0.007490561453,0.003351406562,0.7283978498,0,0,0,1,0,0,0
21.34040999,19.32039547,rate,circle,0.3027730286,0.006567480043,-1.624813199,0.3205962065,0.02586270174,-2,0.881251514,0.128472805,-0.0008064331487,0.8883617842,0.1442682929,0,0.3761051806,0.01734081069,0.07443747565,-0.01190393418,-0.01508370042,-0.001794532989,0.002692217693,-0.01273254509,0.003960606752,0.7284203382,0,0,0,1,0,0,0
21.35043144,19.33041692,rate,circle,0.3100503385,0.007650569081,-1.624792337,0.3294955879,0.02732854799,-2,0.8807018399,0.1318730414,-0.0008245932404,0.8877021534,0.1482730145,0,0.3762261695,0.01785058717,0.07644372169,-0.007656926289,-0.01231277641,-0.001352272928,-0.009285229468,-0.01697799134,0.00442524696,0.7284323308,0,0,0,1,0,0,0
21.36038971,19.34037519,rate,circle,0.3245782554,0.009921235032,-1.624741554,0.3383322252,0.02882489225,-2,0.8797249198,0.1386562586,-0.0007389244856,0.8870287985,0.1522495013,0,0.375985932,0.01544891264,0.1310074743,0.003897340503,-0.004077064339,-0.001267911168,0.05867639455,0.01306327994,0.001796912055,0.7284360305,0,0,0,1,0,0,0
21.37042117,19.35040665,rate,circle,0.3318291008,0.01110877283,-1.624711752,0.3472269432,0.03037225601,-2,0.8792132139,0.1420587897,-0.0007039523334,0.8863324848,0.1562521244,0,0.3760976528,0.01589434859,0.1088117508,0.009507101029,-0.001532838447,-0.0011204849,0.03517832487,0.003448675573,0.002708372181,0.7284644476,0,0,0,1,0,0,0
21.38042688,19.36041236,rate,circle,0.3463017344,0.01356117427,-1.624653697,0.3560917816,0.0319556298,-2,0.8781556487,0.1487995237,-0.0006657267222,0.8856199666,0.1602413017,0,0.3759242586,0.01367748213,0.207825781,0.01393558178,-0.00386501383,-0.001333493856,0.09202943453,0.02995152445,0.000529143488,0.7284588353,0,0,0,1,0,0,0
21.39043045,19.37041593,rate,circle,0.3535447717,0.01483812463,-1.624616861,0.3649475021,0.03357854957,-2,0.8775929213,0.1522329152,-0.0006977730081,0.8848896527,0.164226376,0,0.3760235718,0.01405604064,0.1818189084,0.01148289721,-0.005378939211,-0.001185910427,0.06265018856,0.01806972762,0.001679578321,0.7284722364,0,0,0,1,0,0,0
21.4003644,19.38034987,rate,circle,0.3607777655,0.01614062674,-1.62458086,0.3737342747,0.03522960834,-2,0.8770716786,0.155569151,-0.0007020539488,0.8841466762,0.1681804236,0,0.37612736,0.01447731558,0.1581050446,0.0106487032,-0.005171461962,-0.001442303881,0.04079748213,0.008178406663,0.002541700141,0.7284928257,0,0,0,1,0,0,0
21.41042662,19.39041209,rate,circle,0.3679948449,0.01746511646,-1.624545813,0.3826268893,0.03694201217,-2,0.8765650988,0.1589129567,-0.0006286533899,0.8833760945,0.1721821002,0,0.3762436618,0.01492833001,0.1330447526,0.01118486933,-0.003664676333,-0.0004499630013,0.02281946696,-0.0001527858779,0.003211897004,0.7285334863,0,0,0,1,0,0,0
21.42043209,19.40041757,rate,circle,0.3752023876,0.01881500706,-1.624522448,0.3914615777,0.03868466759,-2,0.876008153,0.1622532904,-0.0005961114657,0.8825918996,0.17615771,0,0.3763542972,0.01539590699,0.1084158082,0.01413454209,-0.001988517819,-0.0003460315347,0.008510226309,-0.006780906559,0.003695402774,0.7285593935,0,0,0,1,0,0,0
21.43042755,19.41041303,rate,circle,0.3896200061,0.02162063308,-1.624482512,0.4002795005,0.04046527934,-2,0.8748887181,0.1690029055,-0.0005226657377,0.8817906243,0.1801257752,0,0.3761411025,0.01310067631,0.202382817,0.02439584956,0.007322989404,-0.001046037418,0.07148762874,0.02368918112,0.00119806707,0.7285553055,0,0,0,1,0,0,0
21.44043636,19.42042184,rate,circle,0.3968135417,0.02306158282,-1.624462366,0.4091010873,0.0422879935,-2,0.8742197752,0.1723935604,-0.0004396569566,0.8809704029,0.1840954893,0,0.3762301863,0.01351663464,0.1662829594,0.02891126461,0.009927285835,-0.0003041980963,0.04571470772,0.01223556033,0.00213250515,0.7285924759,0,0,0,1,0,0,0
21.45042491,19.43041039,rate,circle,0.403996706,0.02452783287,-1.624442101,0.4178965387,0.04414661006,-2,0.8736145496,0.1757065654,-0.0004263181472,0.8801340255,0.1880534424,0,0.3763267697,0.01396891853,0.1316594057,0.03055528365,0.01340039447,-0.001031767111,0.02597338322,0.002169632145,0.00283613712,0.7286124918,0,0,0,1,0,0,0
21.46042681,19.44041228,rate,circle,0.4111685753,0.02604096383,-1.624430776,0.4266952868,0.04604730552,-2,0.8729516864,0.1790180951,-0.0004083927197,0.8792787125,0.192012879,0,0.37642207,0.01445899212,0.09932036293,0.03121069819,0.01384197641,-6.524061064e-06,0.009627960275,-0.005898255742,0.003367902584,0.7286301923,0,0,0,1,0,0,0
21.47044182,19.45042729,rate,circle,0.4254817367,0.02914094552,-1.624408603,0.4354969095,0.04799015325,-2,0.8716275692,0.1856335551,-0.0004462518555,0.878404431,0.1959736093,0,0.3761974136,0.01237100313,0.1743843735,0.03791368008,0.01676406711,-0.001170942443,0.06836917697,0.0233387547,0.001051710101,0.7285934835,0,0,0,1,0,0,0
21.4804306,19.46041608,rate,circle,0.4326167405,0.03072462045,-1.624407291,0.4442666733,0.04996740463,-2,0.8709712625,0.1889384836,-0.0005447954172,0.8775146679,0.199920003,0,0.3762657152,0.01279479288,0.1343416209,0.04074236006,0.01775486581,8.521027485e-05,0.04247490344,0.01026974682,0.001954664717,0.7285780362,0,0,0,1,0,0,0
21.49043679,19.47042227,rate,circle,0.439748317,0.03234390169,-1.624426484,0.4530427178,0.05198760377,-2,0.8702058196,0.1921942383,-0.0005361014046,0.8766055783,0.203869223,0,0.3763217798,0.0133247733,0.09632031553,0.04155525938,0.01794627123,0.000534473802,0.02091755143,-0.0005574315092,0.00263549509,0.7285825109,0,0,0,1,0,0,0
21.50043631,19.48042178,rate,circle,0.4468689561,0.03398733959,-1.624445438,0.461803731,0.05404591163,-2,0.8693967462,0.1954528242,-0.0006393194781,0.8756793398,0.207811679,0,0.3763862678,0.01387879684,0.0703803821,0.03959674388,0.01618166454,-0.0005032657064,0.003399152924,-0.009336567923,0.00318911024,0.7285584277,0,0,0,1,0,0,0
21.51043582,19.4904213,rate,circle,0.4610775411,0.03734598681,-1.624481916,0.4705553936,0.05614362117,-2,0.8677716851,0.2019010484,-0.0006344824797,0.8747353705,0.2117499271,0,0.3761077131,0.01207873725,0.1216236982,0.04105558246,0.01565135457,-0.0002689202374,0.0594418594,0.02024713083,0.000900993858,0.7285136686,0,0,0,1,0,0,0
21.52043724,19.50042272,rate,circle,0.4681871533,0.03906117007,-1.62451756,0.4792991951,0.05828110129,-2,0.8669031262,0.2051604539,-0.0006394270458,0.8737735044,0.2156846378,0,0.3761382006,0.01258449082,0.08375521683,0.04242652282,0.01620594971,0.0003526710498,0.03291256292,0.00689127043,0.001790316228,0.7285082288,0,0,0,1,0,0,0
21.53043914,19.51042461,rate,circle,0.4752849936,0.0408006385,-1.62455225,0.4880337041,0.06045801705,-2,0.8660165071,0.2083917707,-0.0007064258098,0.8727938923,0.2196151669,0,0.3761780897,0.01312998889,0.06096745647,0.0431688875,0.01605994999,0.0007269765483,0.01161882308,-0.004133035188,0.002464761995,0.7284874017,0,0,0,1,0,0,0
21.54043198,19.52041745,rate,circle,0.4823714793,0.04256389663,-1.624580264,0.4967504284,0.06267219813,-2,0.8651738763,0.2115443051,-0.000743184064,0.8717975108,0.2235376928,0,0.3762327419,0.01372101328,0.07154326593,0.04074979946,0.01572089083,-0.0002227357181,-0.005029465239,-0.01381723888,0.00298571813,0.728477019,0,0,0,1,0,0,0
21.55043983,19.53042531,rate,circle,0.4965093732,0.04616582766,-1.624654293,0.5054701873,0.06492897036,-2,0.8633179665,0.2178247571,-0.000878189283,0.8707819633,0.2274615843,0,0.3759212038,0.01222092075,0.06812973503,0.04342241213,0.01671072096,0.0002812199527,0.0494126079,0.01568943893,0.000744732287,0.7283856116,0,0,0,1,0,0,0
21.56053162,19.54051709,rate,circle,0.5035609603,0.04800398648,-1.624700069,0.5142526863,0.06724440897,-2,0.8623689413,0.2208854556,-0.0009483976173,0.869740016,0.2314137088,0,0.3759448693,0.01288705999,0.05876107506,0.04289445281,0.01723054424,-0.0007140786038,0.02239443694,0.0003689891704,0.0016663913,0.7283611575,0,0,0,1,0,0,0
21.57043028,19.55041575,rate,circle,0.5106008649,0.04986496642,-1.624745131,0.5228568189,0.06955426212,-2,0.8614352345,0.2239521593,-0.0009871756192,0.868700582,0.2352855685,0,0.3759708683,0.0134983686,0.08341854288,0.04115299135,0.01549167652,-0.0001824535138,0.002545918378,-0.01110170681,0.002295599567,0.7283437388,0,0,0,1,0,0,0
21.58043075,19.56041622,rate,circle,0.5246520042,0.05367283151,-1.624853015,0.531538907,0.07192676737,-2,0.8593434691,0.23008506,-0.00114574621,0.8676329547,0.2391925081,0,0.3756539578,0.01236826246,0.05403846726,0.03811744601,0.01267344784,2.78710977e-05,0.05288266598,0.01782439466,0.0002069571583,0.7282359326,0,0,0,1,0,0,0
21.59042978,19.57041526,rate,circle,0.5316628814,0.05561949313,-1.624915957,0.5402089907,0.07433797193,-2,0.8582509756,0.233120501,-0.001230714261,0.8665479126,0.2430940458,0,0.3756480486,0.01303170814,0.05950452105,0.03644227982,0.01125367824,-0.0006584730581,0.02455002737,0.002367305885,0.001199029635,0.7282005621,0,0,0,1,0,0,0
21.60043931,19.58042479,rate,circle,0.5386610031,0.05758833513,-1.624955177,0.5488772163,0.07679075464,-2,0.8571677208,0.2361226529,-0.001285966486,0.8654441604,0.2469947473,0,0.3756750231,0.01372427047,0.09284210705,0.03501406312,0.01072349213,0.0006908054929,0.002184767137,-0.0103105474,0.001919881288,0.7281814567,0,0,0,1,0,0,0
21.61043406,19.59041953,rate,circle,0.5456465483,0.05957937613,-1.624993801,0.5575215295,0.07927884789,-2,0.8560701013,0.2391405106,-0.001284304657,0.8643245184,0.2508846883,0,0.3757109708,0.01441216679,0.1330688489,0.03091466613,0.01038302016,-0.0002112445509,-0.01550061177,-0.02039294421,0.002488507907,0.7281766651,0,0,0,1,0,0,0
21.62048435,19.60046983,rate,circle,0.5526134372,0.06158912554,-1.625031829,0.566202516,0.08181994826,-2,0.8549878001,0.2421789318,-0.001265386469,0.8631810233,0.2547911322,0,0.375759336,0.01509296878,0.1747126042,0.02800843865,0.008312460966,-0.0001362588373,-0.02999616122,-0.02874980664,0.002933395646,0.7281765292,0,0,0,1,0,0,0
21.63042521,19.61041069,rate,circle,0.5665688515,0.06568200141,-1.625132561,0.5747775862,0.08437197598,-2,0.8527156115,0.248218745,-0.001291521359,0.8620326108,0.2586499138,0,0.3754228223,0.01404577469,0.08871436576,0.02590150386,0.005613128655,-0.000538937049,0.02653394089,0.00499735831,0.0006108269546,0.7281058599,0,0,0,1,0,0,0
21.64042282,19.6204083,rate,circle,0.5735268593,0.06776183844,-1.625181437,0.5833900029,0.08697723367,-2,0.8515688777,0.2512303889,-0.001274584094,0.8608602448,0.2625255013,0,0.3754403661,0.01468106376,0.1256581487,0.02322353236,0.00425755512,0.0004003714421,0.003186190466,-0.008613333194,0.001398897458,0.7281011729,0,0,0,1,0,0,0
21.6504283,19.63041377,rate,circle,0.5804715157,0.0698639378,-1.62522912,0.5919973754,0.08962330743,-2,0.8503946662,0.2542248666,-0.001290221,0.8596695117,0.2663988189,0,0.3754683614,0.01535879368,0.1629897487,0.01934397593,0.001821956481,1.462388173e-05,-0.01537840642,-0.01958873953,0.002014890817,0.7280888326,0,0,0,1,0,0,0
21.66038084,19.64036632,rate,circle,0.601313293,0.07627051324,-1.625382423,0.6005473092,0.09229380423,-2,0.8469157219,0.263146311,-0.001239825971,0.8584677881,0.2702462892,0,0.3749608797,0.01361606005,0.08847646081,0.01227859501,0.0003682125534,-0.0002249630779,0.1067397361,0.05423416041,-0.002611050196,0.7279848683,0,0,0,1,0,0,0
21.67043352,19.650419,rate,circle,0.601313293,0.07627051324,-1.625382423,0.6091710378,0.09503001424,-2,0.8469157219,0.263146311,-0.001239825971,0.8572364936,0.274126967,0,0.3751692841,0.01512052587,0.0983698143,0.01227859501,0.0003682125534,-0.0002249630779,0.0006286299353,-0.01063819814,0.001323502433,0.7280294498,0,0,0,1,0,0,0
21.68045473,19.66044021,rate,circle,0.608233273,0.07845091075,-1.625431776,0.6177553614,0.09779645844,-2,0.8457234502,0.2661239505,-0.001310529304,0.8559915937,0.2779899126,0,0.3751883191,0.01574653345,0.1327242401,0.01187532302,0.0004065775138,0.0004201071861,-0.01595762285,-0.02100904752,0.001879560885,0.7280029702,0,0,0,1,0,0,0
21.6904428,19.67042828,rate,circle,0.6151578426,0.08063254505,-1.62549603,0.6262987963,0.1005922455,-2,0.8445734382,0.2690532207,-0.001289757085,0.8547334895,0.2818344583,0,0.375200925,0.01637834396,0.1666772966,0.008686641231,0.00208310294,0.0009558590828,-0.02830231651,-0.03011079688,0.002261744883,0.7279948423,0,0,0,1,0,0,0
21.70044136,19.68042684,rate,circle,0.6220686436,0.08283670247,-1.625558853,0.6348385321,0.1034294007,-2,0.8433742523,0.2720009685,-0.001280828496,0.8534567697,0.2856773394,0,0.3752243352,0.01703938969,0.2021061603,0.01063200086,0.002435275121,0.000759248971,-0.03885486693,-0.03758681287,0.002551464346,0.7279840977,0,0,0,1,0,0,0
21.71043491,19.69042039,rate,circle,0.635849297,0.0873137638,-1.62567997,0.6433611495,0.1063035007,-2,0.8410767317,0.277944088,-0.001258832403,0.8521634247,0.2895125173,0,0.3748766771,0.01607258462,0.1014549483,0.01038021967,0.001959616784,0.0009374543442,0.02053248103,-0.001624581055,0.0001442912543,0.7279199495,0,0,0,1,0,0,0
21.72043347,19.70041895,rate,circle,0.6427153349,0.08956637979,-1.625780821,0.6518750157,0.1092173673,-2,0.8398539424,0.280887723,-0.001264040126,0.8508521847,0.293343757,0,0.3748467088,0.0166646907,0.1345607678,0.008379436098,-0.001037134556,0.0004387073568,-0.0003622895322,-0.01529084725,0.0008692188076,0.7278920598,0,0,0,1,0,0,0
21.73043513,19.71042061,rate,circle,0.6495677233,0.09184196591,-1.625879288,0.6603783183,0.1121704323,-2,0.8386628032,0.2837859988,-0.001253646333,0.8495233055,0.2971702432,0,0.3748285246,0.01728178629,0.1653928117,0.00439770706,-0.006770103704,0.001048781443,-0.01633350094,-0.02637133719,0.001385959372,0.7278695645,0,0,0,1,0,0,0
21.74043536,19.72042084,rate,circle,0.6564065218,0.09414023906,-1.625975609,0.6688670305,0.1151613078,-2,0.8373889923,0.2866762578,-0.001301814802,0.8481774115,0.3009901637,0,0.3748218174,0.01797143875,0.1951770816,0.00126472069,-0.01052351203,0.0009675368783,-0.02948433799,-0.03517171514,0.001798055895,0.7278331687,0,0,0,1,0,0,0
21.75043774,19.73042321,rate,circle,0.6700419188,0.09878061712,-1.626181841,0.6773440146,0.1181910071,-2,0.8349935412,0.292470336,-0.001282880665,0.8468140468,0.3048048066,0,0.3743929752,0.01713211312,0.08455425986,-0.001062679803,-0.009795138612,0.0003446826013,0.02770290056,0.0006213855298,-0.000463207552,0.727738664,0,0,0,1,0,0,0
21.76043391,19.74041939,rate,circle,0.6768340468,0.1011192352,-1.626291513,0.6858020352,0.1212569179,-2,0.8337464333,0.2953574657,-0.001293798327,0.8454343869,0.3086109158,0,0.374358096,0.01771824244,0.1133475051,0.000168782426,-0.00804624334,-0.0005564310122,0.00611827561,-0.01394320468,0.0003396634832,0.7277071537,0,0,0,1,0,0,0
21.77041864,19.75040412,rate,circle,0.6836128831,0.1034813672,-1.626398683,0.6942365198,0.1243572689,-2,0.8325193524,0.2982842028,-0.001266899402,0.844039229,0.3124064339,0,0.3743348892,0.01826882592,0.1412161544,-0.002041692846,-0.008323724382,0.0007709049387,-0.01026717693,-0.02514347992,0.000873516555,0.727685942,0,0,0,1,0,0,0
21.78049636,19.76048183,rate,circle,0.6971314549,0.1082596853,-1.626629829,0.7027353385,0.1275248883,-2,0.8300943375,0.3040704131,-0.001207132009,0.8426138003,0.3162309023,0,0.3739088603,0.01749490254,0.04896559688,-0.001825922518,-0.0088834567,7.932032167e-05,0.04238968814,0.008680939427,-0.001225448461,0.7275923451,0,0,0,1,0,0,0
21.79044437,19.77042985,rate,circle,0.7038712502,0.1106761172,-1.626747131,0.711110604,0.1306895098,-2,0.8288447857,0.3069460392,-0.001157622784,0.8411897206,0.3199997718,0,0.3738591287,0.01800381747,0.06896231266,0.001529835165,-0.007077394519,-0.0003260362428,0.01918998407,-0.007248928803,-0.0003925887593,0.7275734965,0,0,0,1,0,0,0
21.80045033,19.7804358,rate,circle,0.7105978131,0.1131162047,-1.626860976,0.7195202701,0.1339103503,-2,0.8275493383,0.3098652661,-0.001074577565,0.8397403424,0.3237841215,0,0.3738244746,0.01853401829,0.0952442861,0.002338850172,-0.007463922258,-4.521753362e-05,0.0004161249725,-0.01970439986,0.0002505456829,0.7275643906,0,0,0,1,0,0,0
21.81043768,19.79042315,rate,circle,0.7173115611,0.115579769,-1.626971722,0.7278997595,0.1371629325,-2,0.8264030218,0.312735647,-0.001005677739,0.8382766804,0.3275548918,0,0.3738021393,0.01901591891,0.1228842896,0.00187603035,-0.008788681589,-0.0001083100506,-0.01291311406,-0.03011482985,0.0006832278513,0.7275534272,0,0,0,1,0,0,0
21.82044148,19.80042696,rate,circle,0.7307102084,0.1205474213,-1.627185583,0.7362783121,0.1404585923,-2,0.8240130544,0.3184668422,-0.0008385643596,0.8367936335,0.3313252405,0,0.3733872627,0.01814896138,0.05434365799,0.0009571348783,-0.009395492263,-0.000652815681,0.04191494261,0.005926616722,-0.001483373259,0.7274925147,0,0,0,1,0,0,0
21.83043838,19.81042385,rate,circle,0.737385571,0.1230627149,-1.627287745,0.7446361685,0.1437896195,-2,0.8227340579,0.3213337362,-0.0006987369852,0.8352946712,0.3350862758,0,0.3733585414,0.01863839013,0.06332618895,0.003579148091,-0.008350761607,0.0006560559268,0.01932096493,-0.009620223009,-0.0007028302301,0.7275026814,0,0,0,1,0,0,0
21.84039235,19.82037783,rate,circle,0.744048059,0.1256013215,-1.627382874,0.7529431734,0.1471436705,-2,0.8214922547,0.3241600692,-0.0006297403597,0.8337853483,0.338824428,0,0.3733453068,0.01914576037,0.08342728873,0.003016838338,-0.01057060342,0.000472024316,0.002367676921,-0.02205916964,-0.0001682337295,0.7274977266,0,0,0,1,0,0,0
21.85044742,19.83043289,rate,circle,0.7507053018,0.1281449497,-1.62748611,0.761319203,0.1505695279,-2,0.820258379,0.3270187378,-0.0005276129232,0.8322437124,0.3425936414,0,0.3733391421,0.01965971044,0.1089223707,0.001271196874,-0.01171167195,9.073151887e-05,-0.0113375482,-0.03241308261,0.0002499039207,0.7274988313,0,0,0,1,0,0,0
21.86045074,19.84043622,rate,circle,0.7573498487,0.1307123154,-1.627586007,0.7696366685,0.1540153309,-2,0.8190047145,0.3298589289,-0.0004537295899,0.8306931011,0.3463365008,0,0.3733445842,0.02020729146,0.1348779838,-0.0005619946169,-0.01399534941,-0.0005685734795,-0.02189987944,-0.04065343832,0.0005670140765,0.7274940172,0,0,0,1,0,0,0
21.87043571,19.85042119,rate,circle,0.770600915,0.1359186321,-1.627776265,0.7779233172,0.1574921133,-2,0.8165022731,0.3356473744,-0.000247679418,0.829128549,0.3500654928,0,0.3729202883,0.01916680271,0.0614426717,0.001307617058,-0.01452018414,0.0003421096771,0.03461694013,-0.0001622997248,-0.001758665759,0.7274497606,0,0,0,1,0,0,0
21.88043594,19.86042142,rate,circle,0.777207613,0.1385579556,-1.627866626,0.7862068877,0.1610114928,-2,0.8152350187,0.338555932,-0.000149672589,0.8275448283,0.3537930995,0,0.3729187532,0.01958890205,0.0687422058,0.001590307802,-0.01517043728,-6.692575698e-05,0.01483189646,-0.01407620531,-0.001077074568,0.7274538785,0,0,0,1,0,0,0
21.89043307,19.87041855,rate,circle,0.7838208675,0.1412016302,-1.627967238,0.7944719768,0.1645670053,-2,0.8139493465,0.3414027393,-3.761173502e-06,0.8259448476,0.3575123896,0,0.3729179032,0.02008514108,0.08619473098,0.001034661895,-0.0158225242,-0.0006654906319,-0.0005080273873,-0.02577342166,-0.000556096626,0.7274672435,0,0,0,1,0,0,0
21.90054965,19.88053513,rate,circle,0.7904163003,0.1438651383,-1.628059149,0.8028194501,0.168202814,-2,0.8126954436,0.3442132771,0.0001329677762,0.8243087337,0.3612687525,0,0.3729425658,0.02063432646,0.109567668,-0.0007063861704,-0.01788803935,-6.270013273e-06,-0.01303145709,-0.03601429301,-0.000156451431,0.727482607,0,0,0,1,0,0,0
21.91044164,19.89042711,rate,circle,0.8035687208,0.1492644101,-1.62823379,0.8109655204,0.1717946164,-2,0.8101558685,0.3500114381,0.0002421385871,0.8226924226,0.3649344842,0,0.3725217275,0.01949156544,0.07191828371,0.001151641482,-0.01700134017,-0.001067192177,0.0432137356,0.005781442484,-0.002479505589,0.7274176533,0,0,0,1,0,0,0
21.92039013,19.9003756,rate,circle,0.8101503849,0.1519759893,-1.62832582,0.8191419154,0.1754434724,-2,0.8089233041,0.3528800905,0.0003172378056,0.8210504374,0.3686138619,0,0.3725228402,0.01986755062,0.06630613125,0.002527569886,-0.01533653494,-0.0002771943691,0.02362693034,-0.009656852183,-0.001805914803,0.7274162209,0,0,0,1,0,0,0
21.93043518,19.91042066,rate,circle,0.8167192936,0.1547122598,-1.628414512,0.8273810126,0.1791648455,-2,0.8077258468,0.3557858765,0.0004624905414,0.8193758195,0.3723214557,0,0.372541778,0.0202326751,0.0720094611,0.003631070722,-0.01428214181,-0.000461954507,0.008110986022,-0.0220819891,-0.001292211236,0.7274341626,0,0,0,1,0,0,0
21.94044232,19.9204278,rate,circle,0.8298195601,0.1602593958,-1.628581882,0.8355722068,0.1829091692,-2,0.8052799702,0.3616501689,0.0006725274725,0.8176908739,0.376007493,0,0.3721525546,0.01898988099,0.1166397923,0.007630410139,-0.01105063222,-0.0009454832762,0.06000797817,0.01687483389,-0.003418858764,0.7273967454,0,0,0,1,0,0,0
21.95043731,19.93042278,rate,circle,0.836370945,0.1630517989,-1.628665805,0.8437365345,0.1866857249,-2,0.8040809035,0.3645617664,0.0007974992623,0.8159914238,0.3796814405,0,0.3721584324,0.01926398308,0.09554727665,0.011471821,-0.008644290268,2.753765693e-05,0.03785496366,-0.0006761447257,-0.002656794938,0.7274111156,0,0,0,1,0,0,0
21.96039152,19.940377,rate,circle,0.8429096341,0.1658689678,-1.628747582,0.8518505959,0.1904833346,-2,0.8028785586,0.3674272597,0.0009425411117,0.8142824994,0.3833327681,0,0.3721749124,0.01959396459,0.08264785876,0.01199941803,-0.005686281715,-0.0001189324394,0.02088194762,-0.01488531287,-0.00209930256,0.7274315385,0,0,0,1,0,0,0
21.97043371,19.95041919,rate,circle,0.8494301438,0.1687068641,-1.628826022,0.8600190501,0.1943512985,-2,0.8015834093,0.370292455,0.001115257503,0.8125419157,0.3870085726,0,0.3722094622,0.02001902219,0.08017006509,0.01443636697,-0.005191309378,-0.001378833898,0.006066586473,-0.02672263219,-0.0016025529,0.72746063,0,0,0,1,0,0,0
21.98037767,19.96036315,rate,circle,0.8624504805,0.1744330823,-1.628978729,0.8680902988,0.198217762,-2,0.7990369201,0.3760794103,0.001472639269,0.8108020071,0.3906406345,0,0.3718256337,0.0187780507,0.1286219029,0.0156944897,-0.005698337685,-0.00117145339,0.05826519928,0.0135168144,-0.003824191856,0.7274659067,0,0,0,1,0,0,0
21.99043083,19.97041631,rate,circle,0.8689504862,0.1773220152,-1.629052997,0.8762325085,0.2021633581,-2,0.7977868915,0.3789532483,0.001632993692,0.8090264889,0.3943046288,0,0.3718491623,0.01909607559,0.1061100796,0.01666276716,-0.005517997779,-0.0004276375403,0.03641322025,-0.004243785,-0.003091813596,0.7274935995,0,0,0,1,0,0,0
22.00042415,19.98040962,rate,circle,0.8754373193,0.1802357733,-1.629123807,0.8843084776,0.2061219338,-2,0.7965478301,0.3817686141,0.001762089902,0.8072451298,0.3979388149,0,0.3718843117,0.01946824536,0.09265594433,0.01788108796,-0.005642400589,-0.001738833264,0.01977571609,-0.01856208285,-0.00253559515,0.727514808,0,0,0,1,0,0,0
22.01043296,19.99041843,rate,circle,0.8819109797,0.1831740886,-1.629191399,0.8923790456,0.2101230101,-2,0.7952632904,0.3845842481,0.001887871418,0.8054446455,0.4015705705,0,0.3719339237,0.01989369748,0.0909375699,0.01789985411,-0.007724594325,-0.0008090957417,0.006213899437,-0.03003008761,-0.002129132277,0.7275363885,0,0,0,1,0,0,0
22.02044106,20.00042653,rate,circle,0.8883913159,0.1861147285,-1.629257917,0.9004309362,0.2141601054,-2,0.7939756513,0.3873800337,0.001975717722,0.8036279526,0.4051939213,0,0.3719962197,0.02035693915,0.102527534,0.01651155949,-0.009390984662,-0.0007399246679,-0.004344865953,-0.03975701687,-0.001840793049,0.7275492045,0,0,0,1,0,0,0
22.03043532,20.0104208,rate,circle,0.9013104439,0.1920710802,-1.629381061,0.9084534762,0.2182277695,-2,0.7913306355,0.3931058645,0.002340125851,0.8017975037,0.4088040643,0,0.3716094637,0.01901223278,0.1126391158,0.01761999913,-0.01136579923,-0.001326603466,0.04883582502,0.003455474549,-0.004111188509,0.727567551,0,0,0,1,0,0,0
22.04043913,20.0204246,rate,circle,0.9077438712,0.1950830221,-1.629437804,0.9164652701,0.222335406,-2,0.7899779081,0.3959816694,0.002470803447,0.7999490673,0.4124093715,0,0.3716653013,0.01937519758,0.09724840959,0.01871891133,-0.01034368575,-0.001486374182,0.02889127461,-0.01218833538,-0.003406738784,0.727593896,0,0,0,1,0,0,0
22.05043173,20.0304172,rate,circle,0.9141787887,0.1981203407,-1.629503131,0.9244495483,0.226474406,-2,0.7886440754,0.3988310695,0.002544784686,0.7980865173,0.4160022967,0,0.3717221698,0.01976073593,0.09335844022,0.01838175952,-0.01156439446,-0.001103721443,0.01369859848,-0.02479689152,-0.002934290069,0.7276030158,0,0,0,1,0,0,0
22.06044388,20.04042935,rate,circle,0.9205992818,0.2011826336,-1.629565477,0.9324307003,0.2306574698,-2,0.7872299552,0.4016857743,0.002637551632,0.7962041386,0.4195938151,0,0.371793604,0.02020372667,0.09977477341,0.01623541303,-0.0143618742,-0.001092916587,0.001031572221,-0.03478550164,-0.002556502722,0.7276179578,0,0,0,1,0,0,0
22.07043219,20.05041766,rate,circle,0.9333977699,0.2073830515,-1.629681587,0.9403739868,0.2348663606,-2,0.7844766974,0.4075425863,0.002803159412,0.7943101377,0.4231682941,0,0.3714023785,0.01867396565,0.1165510077,0.01771698892,-0.01402950473,-0.002025464317,0.05245795415,0.01029770928,-0.004774300343,0.7275862884,0,0,0,1,0,0,0
22.08040738,20.06039286,rate,circle,0.9397836924,0.2105164379,-1.629777789,0.9482878846,0.2391053161,-2,0.783112824,0.4104044139,0.002943289233,0.7924026078,0.4267295481,0,0.3714217692,0.01901244432,0.09886387551,0.01942565478,-0.01150925644,-0.001279474003,0.03253776192,-0.006469805049,-0.004080815978,0.7276007221,0,0,0,1,0,0,0
22.09043813,20.0704236,rate,circle,0.9461554289,0.2136746496,-1.629870057,0.9562265867,0.2434036563,-2,0.7817220092,0.4132501185,0.003032010049,0.7904683547,0.430301964,0,0.3714584993,0.01940250191,0.0901854672,0.01992127113,-0.01060411241,-0.0009064711048,0.01639630524,-0.02022496128,-0.0035536464,0.7276039953,0,0,0,1,0,0,0
22.10043383,20.0804193,rate,circle,0.9525130391,0.2168577909,-1.629958272,0.9641181703,0.2477225808,-2,0.7803216577,0.4161322117,0.003170316806,0.7885248386,0.4338531766,0,0.371508001,0.01978321727,0.09350052165,0.02142116055,-0.009799832478,-0.001374741201,0.003764708215,-0.03077960116,-0.003158884232,0.7276207898,0,0,0,1,0,0,0
22.11044335,20.09042883,rate,circle,0.9651786685,0.2232899517,-1.630137324,0.9720011242,0.2520830069,-2,0.7774626613,0.4219337702,0.003395529231,0.7865626469,0.4374005059,0,0.3710444512,0.01826360506,0.1146368557,0.02461969852,-0.005058425479,-0.00151876756,0.05266572806,0.01359527754,-0.005292402444,0.7275811594,0,0,0,1,0,0,0
22.12047362,20.1004591,rate,circle,0.9714866281,0.2265390158,-1.630228162,0.9798806316,0.256488042,-2,0.7759691477,0.4247891307,0.003493971657,0.7845803811,0.4409462842,0,0.3710776412,0.01863906622,0.09378990161,0.02602013573,-0.002301429864,-0.002274911618,0.03120170333,-0.004497160256,-0.004533684947,0.727587058,0,0,0,1,0,0,0
22.13043523,20.1104207,rate,circle,0.9777799845,0.2298130542,-1.630315065,0.9876864401,0.2608980777,-2,0.774474144,0.4276926517,0.003594531212,0.782595865,0.4444588981,0,0.371121769,0.01897340302,0.08654628686,0.0265433006,-0.002421745565,-0.002105052583,0.01480277698,-0.01808687988,-0.003989810257,0.7275940508,0,0,0,1,0,0,0
22.14044833,20.12043381,rate,circle,0.9903227091,0.2364367545,-1.63049233,0.9955126004,0.2653661302,-2,0.7714490294,0.4335420132,0.003712660167,0.7805852414,0.4479806702,0,0.3706747391,0.01748510886,0.1288189814,0.0234306138,-0.007930714637,-0.002423109254,0.05971809411,0.0255330365,-0.005939020272,0.7275268596,0,0,0,1,0,0,0
22.15043807,20.13042355,rate,circle,0.996563375,0.2397945821,-1.63059485,1.003300358,0.2698588519,-2,0.7699689269,0.4364405572,0.003723375499,0.7785635166,0.451485161,0,0.3706877559,0.0177220371,0.1029467151,0.02536583133,-0.005740310997,-0.00224485877,0.03754468474,0.006282211197,-0.005138068458,0.7275053727,0,0,0,1,0,0,0
22.16043973,20.14042521,rate,circle,1.002789736,0.2431773841,-1.630693555,1.011077097,0.274391961,-2,0.768440485,0.4393631518,0.003813945688,0.7765236176,0.4549846935,0,0.3707159028,0.01799766042,0.08430289963,0.02651356906,-0.003868295811,-0.002381651662,0.01971077644,-0.008767675134,-0.004519672345,0.727505227,0,0,0,1,0,0,0
22.17043495,20.15042043,rate,circle,1.009001851,0.246585086,-1.630787969,1.018828369,0.2789570738,-2,0.7669200301,0.4422703087,0.003919052426,0.7744693168,0.4584727662,0,0.3707587223,0.01829946252,0.08087586958,0.02657327428,-0.001786548062,-0.001804887084,0.005723418564,-0.02100270576,-0.004075639109,0.727510365,0,0,0,1,0,0,0
22.1804316,20.16041708,rate,circle,1.021355033,0.2534483969,-1.630989671,1.026560135,0.2835576651,-2,0.7637092471,0.4479676187,0.004072349984,0.7723990507,0.4619520608,0,0.3702732561,0.016960582,0.1135133171,0.02654498257,0.0003859040153,-0.00218144618,0.05006175567,0.02337526824,-0.006037284369,0.7274433935,0,0,0,1,0,0,0
22.19044399,20.17042947,rate,circle,1.021355033,0.2534483969,-1.630989671,1.034283248,0.2882003149,-2,0.7637092471,0.4479676187,0.004072349984,0.7703098583,0.4654274618,0,0.370868518,0.01910492669,0.1212355438,0.02654498257,0.0003859040153,-0.00218144618,-0.02757154469,-0.05113328834,-0.002923408641,0.7275022619,0,0,0,1,0,0,0
22.2003994,20.18038487,rate,circle,1.033633351,0.2603930831,-1.631198883,1.041941591,0.2928509965,-2,0.7604881525,0.4536471665,0.004192865454,0.7682170516,0.4688737161,0,0.370319871,0.01758305479,0.07938301024,0.02769026533,0.001604332123,-0.002893408993,0.02344941499,-0.000485983247,-0.005281867326,0.7274239401,0,0,0,1,0,0,0
22.2104516,20.19043708,rate,circle,1.039750814,0.2639023364,-1.631296754,1.04965318,0.2975816606,-2,0.7588405609,0.4565247297,0.004318972118,0.7660882527,0.4723439308,0,0.3703706757,0.01792846008,0.08784927927,0.02547885105,-0.002127689077,-0.002577704843,0.006668174179,-0.0154695876,-0.004722476168,0.7274332164,0,0,0,1,0,0,0
22.22047925,20.20046473,rate,circle,1.045843363,0.2674199343,-1.631403565,1.05732453,0.3023354751,-2,0.7570510507,0.4593515992,0.004382615443,0.7639490362,0.4757960383,0,0.3704244103,0.01836325407,0.1099699045,0.02045747265,-0.005533020012,-0.001775238779,-0.007583312382,-0.0276725587,-0.004280607746,0.7274234928,0,0,0,1,0,0,0
22.23045015,20.21043563,rate,circle,1.057982683,0.2745287418,-1.631603241,1.064931123,0.3070966645,-2,0.7536512017,0.4649551809,0.004679583479,0.761806501,0.4792190053,0,0.3698988003,0.0170840304,0.08659716408,0.009391204454,-0.01923786104,-0.003580435179,0.03802385177,0.02010221655,-0.006277788579,0.7273933304,0,0,0,1,0,0,0
22.24042392,20.22040939,rate,circle,1.064029932,0.2781198323,-1.631695867,1.07251845,0.3118933167,-2,0.7519199848,0.4677748978,0.004823732655,0.7596480075,0.4826333025,0,0.3699468041,0.01742879576,0.07999898818,0.00373346894,-0.0229593385,-0.002700351877,0.01915111287,0.002391750219,-0.005574350165,0.7274088793,0,0,0,1,0,0,0
22.25044847,20.23043394,rate,circle,1.070045233,0.281725198,-1.631800294,1.080122639,0.3167486568,-2,0.7501519918,0.4706056118,0.004869692493,0.7574631044,0.4860551876,0,0.3699989464,0.01777232866,0.08056004674,0.0005019324599,-0.02450094558,-0.003782738233,0.003979180814,-0.0116226681,-0.00499065897,0.7273956008,0,0,0,1,0,0,0
22.2604394,20.24042487,rate,circle,1.076045632,0.2853552401,-1.63190949,1.087679459,0.3216217961,-2,0.7484588623,0.4734477103,0.004946523812,0.7552701918,0.4894557564,0,0.3700557158,0.01808645478,0.08889855086,-0.0006354989018,-0.02308101207,-0.003356859554,-0.006922328934,-0.02246798609,-0.00464161346,0.7273884517,0,0,0,1,0,0,0
22.27045226,20.25043774,rate,circle,1.088002324,0.2926911414,-1.63211453,1.09523081,0.3265396713,-2,0.745036304,0.4793345332,0.005133841187,0.7530571479,0.4928538647,0,0.369510072,0.01653670422,0.1178733627,0.003644467099,-0.009044328704,-0.003915377893,0.03930141762,0.0283919876,-0.006671751013,0.727324184,0,0,0,1,0,0,0
22.28041792,20.26040339,rate,circle,1.0939641,0.2963979542,-1.632227421,1.102724482,0.3314680955,-2,0.7432468534,0.482234925,0.00522555178,0.750839357,0.496226017,0,0.3695447593,0.01675419822,0.09964502245,0.005517667625,-0.002355602803,-0.003178997198,0.02080532283,0.00972467345,-0.006002613575,0.7273184023,0,0,0,1,0,0,0
22.29044127,20.27042675,rate,circle,1.099910498,0.3001298308,-1.632335663,1.110239169,0.3364589013,-2,0.7414916158,0.4851122797,0.00530215539,0.7485934944,0.4996076262,0,0.3695991716,0.0169901325,0.08880148768,0.006239774171,-6.616733299e-05,-0.002929202514,0.006391286955,-0.005711544085,-0.005522647417,0.7273111493,0,0,0,1,0,0,0
22.30042601,20.28041148,rate,circle,1.105841517,0.3038864732,-1.632439494,1.117702442,0.3414641245,-2,0.7397088408,0.4879985154,0.005353970453,0.746341144,0.5029660991,0,0.3696667241,0.01722443052,0.08908590356,0.007460437249,0.0009851285722,-0.003927469719,-0.004938199601,-0.01780995368,-0.005149730811,0.7272988424,0,0,0,1,0,0,0
22.31044579,20.29043126,rate,circle,1.111757278,0.3076682985,-1.632538915,1.125169229,0.3465205759,-2,0.737973094,0.4909487963,0.005427896511,0.7440657409,0.5063261531,0,0.3697526594,0.01740820233,0.1017915004,0.008448958397,0.005843159277,-0.003081171541,-0.01368566242,-0.02764081766,-0.004911323593,0.7272935054,0,0,0,1,0,0,0
22.32044387,20.30042934,rate,circle,1.123579025,0.3152680099,-1.632775784,1.132597047,0.3515995848,-2,0.7344414592,0.496657908,0.005659164395,0.7417801869,0.5096686712,0,0.3691272588,0.01597382313,0.1067774491,0.01403381675,0.01135863271,-0.003305407707,0.03253459327,0.02178092065,-0.00699390701,0.7272290185,0,0,0,1,0,0,0
22.33043742,20.3104229,rate,circle,1.129463673,0.3191027343,-1.632882953,1.139998589,0.3567096371,-2,0.7326020598,0.4995037317,0.005810824223,0.7394806633,0.5129993651,0,0.3691885562,0.01622383998,0.09698980547,0.01389264315,0.01086221635,-0.003750568954,0.0151362949,0.00251497998,-0.006401518087,0.727241025,0,0,0,1,0,0,0
22.34045053,20.320436,rate,circle,1.141225219,0.3268324137,-1.633094668,1.147391488,0.3618630173,-2,0.7290442586,0.5050497651,0.005978042725,0.7371616422,0.5163261695,0,0.3686254039,0.01512568037,0.1513533641,0.0102140177,0.002806953387,-0.004642866086,0.05530889594,0.04551700387,-0.008185108475,0.7271706965,0,0,0,1,0,0,0
22.35044718,20.33043265,rate,circle,1.147101641,0.330727309,-1.633199334,1.154749002,0.3670411083,-2,0.7272582054,0.5078217983,0.006079493556,0.7348315013,0.519637051,0,0.3686731651,0.01529428805,0.1300584498,0.008089374751,0.001143673668,-0.004106152803,0.03494323846,0.02155331195,-0.007432839606,0.7271716349,0,0,0,1,0,0,0
22.36038828,20.34037375,rate,circle,1.158804893,0.3385896385,-1.633393645,1.162042458,0.372223195,-2,0.7236923575,0.5132847428,0.006359142251,0.7324995623,0.5229191059,0,0.3681601788,0.01451986558,0.2146125404,0.009299462661,0.003620465752,-0.004328129813,0.07272423427,0.0625787786,-0.009047845449,0.7271358617,0,0,0,1,0,0,0
22.37042332,20.35040879,rate,circle,1.158804893,0.3385896385,-1.633393645,1.169381245,0.3774872872,-2,0.7236923575,0.5132847428,0.006359142251,0.7301307208,0.5262215604,0,0.3688158153,0.01578773128,0.1083208963,0.009299462661,0.003620465752,-0.004328129813,-0.003114867077,-0.02420472001,-0.006047295652,0.7271989871,0,0,0,1,0,0,0
22.38045192,20.36043739,rate,circle,1.164680481,0.3425246477,-1.63350606,1.176691502,0.3827810572,-2,0.7219719887,0.5159993172,0.00645830296,0.7277485243,0.5295111759,0,0.3688938214,0.01605142883,0.1138153015,0.01054022461,0.00643612165,-0.004281700589,-0.00941984767,-0.03475267386,-0.005889946586,0.7271978841,0,0,0,1,0,0,0
22.39045334,20.37043881,rate,circle,1.170539141,0.3464841545,-1.633613348,1.183958079,0.3880932824,-2,0.7202228308,0.5187151432,0.006603960879,0.7253580229,0.5327811358,0,0.3689858618,0.0163656544,0.1307081034,0.01216092613,0.01091966312,-0.004374427721,-0.01469782406,-0.04365489658,-0.005770776723,0.7272100754,0,0,0,1,0,0,0
22.40040302,20.3803885,rate,circle,1.182195306,0.3544658422,-1.633812428,1.191163271,0.3934104255,-2,0.7166998386,0.5240113735,0.006846501026,0.7229653085,0.5360234721,0,0.3683618373,0.01517963115,0.1265731593,0.01423131861,0.01329753827,-0.005186204799,0.03374848562,0.007356384641,-0.007860630344,0.7271651207,0,0,0,1,0,0,0
22.4104681,20.39045358,rate,circle,1.187997937,0.3584924936,-1.633904815,1.198427731,0.3988220046,-2,0.7149365544,0.5266908407,0.006920716725,0.7205300979,0.539292479,0,0.3684575074,0.0154267734,0.1271168606,0.0134576736,0.0108313011,-0.004419217352,0.01883642898,-0.01159428562,-0.007346420891,0.7271650191,0,0,0,1,0,0,0
22.42047191,20.40045738,rate,circle,1.193827868,0.3624946475,-1.634001851,1.205623606,0.4042331875,-2,0.7131718993,0.5293247104,0.007043111138,0.7180950656,0.5425306228,0,0.3685592085,0.01575560551,0.1383857413,0.01119070407,0.003850767622,-0.004892183933,0.008050796529,-0.02699973939,-0.006986141787,0.7271760566,0,0,0,1,0,0,0
22.43047142,20.4104569,rate,circle,1.205434442,0.3705739081,-1.634181023,1.212791978,0.4096743671,-2,0.7096601725,0.5346863866,0.007289730478,0.7156465348,0.54575639,0,0.3679762267,0.01454378492,0.1552695749,0.004365696106,-0.01299125794,-0.004943661857,0.05295820976,0.02256066202,-0.00888482855,0.7271397875,0,0,0,1,0,0,0
22.44049644,20.42048192,rate,circle,1.211211443,0.3746509254,-1.634264469,1.219953986,0.4151617523,-2,0.7078829408,0.537383616,0.007390834391,0.7131772114,0.5489792938,0,0.3680761303,0.01473477114,0.147351224,0.003034440335,-0.01814886741,-0.005180657841,0.0360006779,0.002219514817,-0.008232463786,0.7271497257,0,0,0,1,0,0,0
22.45047331,20.43045878,rate,circle,1.217009902,0.3787279725,-1.634357452,1.227056939,0.4206547979,-2,0.7061028481,0.5400499701,0.007493284065,0.7107053409,0.5521756228,0,0.3681756025,0.01497877491,0.1442471693,0.002129529137,-0.01948387735,-0.005077943206,0.0237075908,-0.0138365524,-0.007772267943,0.727156993,0,0,0,1,0,0,0
22.46047139,20.44045687,rate,circle,1.222785473,0.382825017,-1.634445786,1.234150187,0.4261914618,-2,0.7043561339,0.5426653028,0.007593604736,0.7082138422,0.5553675843,0,0.3682929382,0.01529355102,0.1459583768,0.002409868408,-0.01982045919,-0.003674008185,0.01437043412,-0.02711077991,-0.007473338531,0.7271662092,0,0,0,1,0,0,0
22.47048354,20.45046902,rate,circle,1.234282017,0.3910939693,-1.63460815,1.24122838,0.4317678399,-2,0.7007967234,0.5480027795,0.007862013765,0.705704472,0.5585527712,0,0.3677143186,0.01404277685,0.1925620089,0.008649135008,-0.007714032661,-0.00547926221,0.05885132852,0.024293167,-0.009339563076,0.7271403431,0,0,0,1,0,0,0
22.48040509,20.46039057,rate,circle,1.240042329,0.3952498138,-1.634692669,1.248217669,0.4373251614,-2,0.6990367174,0.550673306,0.007980575785,0.7032036774,0.561697951,0,0.3678132912,0.01423362013,0.1787939264,0.01316402201,-0.0007481190842,-0.006329188589,0.04310618168,0.003624024947,-0.008733365425,0.7271547284,0,0,0,1,0,0,0
22.49044776,20.47043324,rate,circle,1.245784163,0.3994309306,-1.634772301,1.255266939,0.4429820452,-2,0.6973135471,0.553336978,0.00806888938,0.7006580796,0.5648701226,0,0.3679373519,0.014467422,0.169332071,0.0164642334,0.002616523765,-0.005180617794,0.03051165118,-0.01379297578,-0.008293940663,0.7271641907,0,0,0,1,0,0,0
22.50049543,20.48048091,rate,circle,1.251507998,0.4036372304,-1.634845018,1.262294068,0.4486735723,-2,0.6955787539,0.556009829,0.008180357516,0.6980968925,0.5680323307,0,0.3680798446,0.01475804244,0.1665865296,0.01907052286,0.004117144737,-0.004911990836,0.02049465196,-0.02780235384,-0.007971749904,0.7271819128,0,0,0,1,0,0,0
22.51045418,20.49043965,rate,circle,1.262953401,0.4121152759,-1.634984136,1.269233538,0.4543460198,-2,0.6920050979,0.5612947345,0.008530952968,0.6955442911,0.571155092,0,0.3675043634,0.0135103552,0.2048059656,0.02721703425,0.008217360824,-0.005973483436,0.06371768214,0.02318807135,-0.009736213228,0.7271855479,0,0,0,1,0,0,0
22.52038765,20.50037313,rate,circle,1.268674016,0.4163872898,-1.635050178,1.276130004,0.460034996,-2,0.6902176142,0.5639645457,0.008738329634,0.6929842518,0.5742585017,0,0.367626287,0.0137832586,0.18858403,0.02953535505,0.009683608077,-0.006038952619,0.04711228173,0.001986760613,-0.009103067187,0.7272292277,0,0,0,1,0,0,0
22.53047562,20.51046109,rate,circle,1.27437079,0.4206790924,-1.63511157,1.283107633,0.4658439445,-2,0.6884490252,0.566564858,0.008912292309,0.690370225,0.5773984348,0,0.3677767834,0.01415932023,0.1789224084,0.02949715964,0.007869113237,-0.006361689419,0.03344399671,-0.01645847608,-0.008582882081,0.7272676806,0,0,0,1,0,0,0
22.54040718,20.52039266,rate,circle,1.28004849,0.424995482,-1.635167956,1.289951252,0.4715937165,-2,0.6866961718,0.5692021251,0.009044359438,0.6877828276,0.5804780634,0,0.3679291783,0.01449579401,0.1778153244,0.03136727586,0.006056990009,-0.006503731478,0.02361287274,-0.02991462143,-0.008245695115,0.7272959634,0,0,0,1,0,0,0
22.55047131,20.53045678,rate,circle,1.291422248,0.4336921275,-1.635276318,1.296859932,0.4774513746,-2,0.6830684543,0.5744123459,0.009387703612,0.6851468814,0.5835869694,0,0.3673796464,0.01328994188,0.1986292435,0.03592170775,0.007923827507,-0.006588187534,0.06438769321,0.02034524292,-0.00989975407,0.7273107377,0,0,0,1,0,0,0
22.56050014,20.54048562,rate,circle,1.297078848,0.4380770028,-1.635324359,1.30371793,0.4833195594,-2,0.6811982393,0.5770005584,0.009500070475,0.6825061983,0.5866730685,0,0.3675313449,0.01362055607,0.1838429159,0.03828573972,0.008468920365,-0.006683993619,0.04648534836,-0.001838752291,-0.009222699225,0.7273376911,0,0,0,1,0,0,0
22.57048178,20.55046725,rate,circle,1.302715302,0.4424860775,-1.635367751,1.310517281,0.4891907945,-2,0.6792861223,0.5795798302,0.009678808972,0.6798641425,0.5897327766,0,0.367694001,0.01403908014,0.1776312409,0.03873934969,0.006778005045,-0.005778075196,0.03231135628,-0.01907053286,-0.008720010369,0.7273826158,0,0,0,1,0,0,0
22.58054996,20.56053543,rate,circle,1.308393359,0.4469213188,-1.635416508,1.317348801,0.495143815,-2,0.6774535775,0.5821071267,0.009799062274,0.6771852832,0.5928069603,0,0.3678678185,0.0145113763,0.1820788056,0.0377497226,0.004237733781,-0.006552821491,0.02198457794,-0.03397804442,-0.008346564404,0.727412145,0,0,0,1,0,0,0
22.59047484,20.57046032,rate,circle,1.319686294,0.4558628798,-1.635499358,1.324056628,0.5010423472,-2,0.6737060547,0.5872116685,0.0102385534,0.6745309438,0.5958254827,0,0.367315943,0.01340545462,0.1832430706,0.04096331447,0.007201574743,-0.006924030371,0.06303588404,0.0193289247,-0.009955047576,0.7274605541,0,0,0,1,0,0,0
22.60048866,20.58047414,rate,circle,1.325296283,0.4603642821,-1.635533929,1.330797793,0.5070240342,-2,0.6718071103,0.5898026228,0.01030866336,0.6718391846,0.5988590068,0,0.3674818582,0.01372179509,0.1730619389,0.04237638786,0.007510053925,-0.007909566164,0.04547249993,-0.002700248359,-0.009221189435,0.7274811817,0,0,0,1,0,0,0
22.61048055,20.59046602,rate,circle,1.330933332,0.4648945332,-1.635567188,1.337497257,0.5130228358,-2,0.6699144244,0.5924284458,0.01037386339,0.6691397239,0.6018737657,0,0.3676556716,0.01405102385,0.1727803349,0.04232003912,0.006136803888,-0.007846437395,0.03240900538,-0.01967358988,-0.008701757289,0.727500657,0,0,0,1,0,0,0
22.62049437,20.60047984,rate,circle,1.336548328,0.4694488049,-1.635588408,1.344184299,0.5190649674,-2,0.6679996848,0.5950106978,0.01043107081,0.6664207647,0.6048829345,0,0.367853069,0.01444857375,0.181124747,0.04250770435,0.003944746219,-0.006682632957,0.02170479363,-0.03368541408,-0.00829823872,0.7275227519,0,0,0,1,0,0,0
22.63047123,20.61045671,rate,circle,1.347712159,0.478628695,-1.635620356,1.350819519,0.525114707,-2,0.6640230417,0.6001820564,0.01065083407,0.6636983819,0.6078687835,0,0.3673460633,0.01313892854,0.1643686707,0.04095616192,0.002879997715,-0.007415404543,0.06001438062,0.0213148187,-0.009768733867,0.727533223,0,0,0,1,0,0,0
22.64049935,20.62048483,rate,circle,1.353308916,0.4832690954,-1.635648251,1.357461392,0.531225487,-2,0.6620029807,0.6027663946,0.01082150452,0.6609485308,0.6108576263,0,0.3675176946,0.01355303857,0.1585161847,0.04185338318,0.003315639449,-0.006997543853,0.04277378714,-0.0006669681993,-0.009066479253,0.7275811045,0,0,0,1,0,0,0
22.65047073,20.63045621,rate,circle,1.358882427,0.4879327714,-1.635671735,1.364038273,0.5373313466,-2,0.6599971056,0.6053196788,0.01092864573,0.658200894,0.6138172229,0,0.3676980919,0.01395958197,0.1612337062,0.04234615713,0.00228480529,-0.007482906338,0.02961597652,-0.01786853806,-0.00849931641,0.7276143243,0,0,0,1,0,0,0
22.66045117,20.64043665,rate,circle,1.369958997,0.4973297715,-1.635707498,1.370593629,0.5434722437,-2,0.6558051109,0.6105018854,0.01105001755,0.6554374904,0.6167671329,0,0.3672037007,0.01270792504,0.1554736208,0.04098891467,-0.0005847770954,-0.007418428548,0.06443535105,0.03620366781,-0.009762446848,0.7275975733,0,0,0,1,0,0,0
22.67045355,20.65043902,rate,circle,1.375457644,0.50205791,-1.63572073,1.377135654,0.5496561131,-2,0.6537598968,0.6131051779,0.01112177316,0.6526547491,0.6197110443,0,0.3673796284,0.01298278326,0.14246453,0.04052839428,-0.001518981648,-0.007074135356,0.04614206814,0.01248654029,-0.008977725739,0.7276249042,0,0,0,1,0,0,0
22.68047428,20.66045976,rate,circle,1.386488795,0.5116041899,-1.635737538,1.383661709,0.5558807965,-2,0.6495194435,0.6182946563,0.01136838272,0.6498536416,0.6226477693,0,0.3669544267,0.0121779065,0.1823919287,0.03925867751,-0.001663801842,-0.007679930888,0.07725233181,0.06198977337,-0.01007389826,0.7276468663,0,0,0,1,0,0,0
22.6904552,20.67044067,rate,circle,1.386488795,0.5116041899,-1.635737538,1.390133867,0.5621099373,-2,0.6495194435,0.6182946563,0.01136838272,0.6470505282,0.62556024,0,0.3677652214,0.01371584397,0.1415653407,0.03925867751,-0.001663801842,-0.007679930888,0.01103976283,-0.03410253462,-0.007460491098,0.7277087076,0,0,0,1,0,0,0
22.7004416,20.68042707,rate,circle,1.397421956,0.5212426186,-1.635738969,1.396581514,0.5683715304,-2,0.645121336,0.6234160662,0.01162665244,0.6442328113,0.6284616813,0,0.3672981616,0.01270538291,0.1355104059,0.04059071466,0.002366357483,-0.008187709376,0.04822050528,0.02583508659,-0.008806906944,0.7277384101,0,0,0,1,0,0,0
22.71046996,20.69045544,rate,circle,1.402887702,0.5260909796,-1.635743976,1.403027871,0.574688528,-2,0.6428996921,0.6259267926,0.01171305776,0.6413901624,0.6313625421,0,0.3674835951,0.01300083745,0.1217688987,0.04116833583,0.00676566828,-0.008170275949,0.03268201338,0.004347094997,-0.008100689316,0.7277724564,0,0,0,1,0,0,0
22.72038722,20.7003727,rate,circle,1.408327937,0.5309619904,-1.635746002,1.409374711,0.5809640867,-2,0.6406171322,0.6284722686,0.01167452149,0.638566161,0.63421862,0,0.3676714298,0.0131727556,0.1198339455,0.04131387919,0.01191282365,-0.008368549868,0.02047248715,-0.01185868372,-0.007516382138,0.7277745232,0,0,0,1,0,0,0
22.73045301,20.71043849,rate,circle,1.413742661,0.5358556509,-1.635745645,1.415787906,0.5873625362,-2,0.6383515,0.6309888363,0.01161347702,0.6356868587,0.6371045579,0,0.367883647,0.01339310316,0.1321877723,0.04183005542,0.01220843848,-0.007331477012,0.01011147335,-0.02626369938,-0.007036721816,0.7277727787,0,0,0,1,0,0,0
22.74039102,20.72037649,rate,circle,1.429909706,0.5506355762,-1.635755301,1.422091185,0.5937081874,-2,0.6314725876,0.6384541988,0.01158680767,0.6328313157,0.6399410331,0,0.3668658886,0.01176056675,0.2011560344,0.03403905779,0.002613428514,-0.00840061903,0.08925708453,0.1012964043,-0.009845720003,0.7276804722,0,0,0,1,0,0,0
22.75048041,20.73046589,rate,circle,1.429909706,0.5506355762,-1.635755301,1.428461392,0.600179279,-2,0.6314725876,0.6384541988,0.01158680767,0.6299193245,0.6428076265,0,0.3676015196,0.0124747373,0.1053257909,0.03403905779,0.002613428514,-0.00840061903,0.02175101716,-0.004189112722,-0.007179688948,0.727741647,0,0,0,1,0,0,0
22.76047254,20.74045801,rate,circle,1.435262203,0.5556038618,-1.635752797,1.434741162,0.6066164208,-2,0.6291878819,0.6409019232,0.01171924826,0.6270226106,0.6456335228,0,0.367802362,0.01282252762,0.1092494971,0.03092256747,0.0003435555845,-0.008462674916,0.01217294884,-0.01874120559,-0.006686808049,0.7277896533,0,0,0,1,0,0,0
22.77048111,20.75046659,rate,circle,1.440588713,0.5605940819,-1.635746717,1.441002191,0.6130924018,-2,0.6268427372,0.643319726,0.01182420272,0.6241084192,0.6484509859,0,0.3680172529,0.01317642185,0.1217520353,0.02801991254,-0.00304098404,-0.008673635311,0.004095747761,-0.03058585019,-0.006242818234,0.7278320014,0,0,0,1,0,0,0
22.78046989,20.76045537,rate,circle,1.451233625,0.570630312,-1.635719538,1.447221697,0.6195836282,-2,0.6222148538,0.6482168436,0.01200430375,0.6211873673,0.6512497637,0,0.3675769007,0.01242407506,0.1060625542,0.02418013662,-0.007127467543,-0.007762660272,0.0414424126,0.03061161063,-0.007512495887,0.7278532915,0,0,0,1,0,0,0
22.79047823,20.77046371,rate,circle,1.451233625,0.570630312,-1.635719538,1.45342405,0.6261155321,-2,0.6222148538,0.6482168436,0.01200430375,0.6182480106,0.6540408224,0,0.3684883483,0.01391969407,0.1590282337,0.02418013662,-0.007127467543,-0.007762660272,-0.01468132526,-0.06100958976,-0.005237809141,0.7279148138,0,0,0,1,0,0,0
22.80043077,20.78041625,rate,circle,1.461772561,0.5807564855,-1.63568747,1.459562594,0.63263866,-2,0.6174810529,0.65323174,0.01221730188,0.615312603,0.6568031673,0,0.3679949228,0.01291199957,0.09035157559,0.01990253851,-0.007679102477,-0.008449150249,0.02605594425,0.008633333241,-0.006634999067,0.7279439135,0,0,0,1,0,0,0
22.81047797,20.79046345,rate,circle,1.467019796,0.5858414769,-1.635656476,1.465729822,0.639251644,-2,0.6150715351,0.6557151675,0.01233362872,0.6123367602,0.65957842,0,0.36823975,0.0132106817,0.0930069538,0.01866475493,-0.008790446445,-0.009541192092,0.015311874,-0.008108897212,-0.006004413459,0.727997745,0,0,0,1,0,0,0
22.820503,20.80048847,rate,circle,1.477434158,0.5960789323,-1.635586023,1.471853578,0.645877758,-2,0.6102821231,0.6606465578,0.01241918001,0.6093550089,0.6623341099,0,0.3678431898,0.01256755366,0.1200677434,0.0162784718,-0.00860055536,-0.009556706063,0.04867652567,0.05025552311,-0.007002066653,0.7280084065,0,0,0,1,0,0,0
22.83048558,20.81047106,rate,circle,1.482601404,0.6012311578,-1.635547757,1.477921645,0.6525032056,-2,0.6077922583,0.6630911827,0.0123871956,0.6063735575,0.6650647403,0,0.3680708632,0.01262340114,0.1019111449,0.01309839264,-0.01239881106,-0.009249292314,0.03345286758,0.02645676776,-0.006204595873,0.728026422,0,0,0,1,0,0,0
22.84047532,20.8204608,rate,circle,1.487743616,0.6064042449,-1.635492563,1.483964205,0.6591606215,-2,0.6052941084,0.6655550003,0.01245180424,0.6033777203,0.6677838921,0,0.3683248439,0.01279405842,0.08697635905,0.01072115079,-0.01283416431,-0.00908040721,0.02182832418,0.008241729942,-0.005558088401,0.7280749239,0,0,0,1,0,0,0
22.85048437,20.83046985,rate,circle,1.492858768,0.6115999222,-1.635435224,1.48998837,0.665858082,-2,0.6027697921,0.6680929661,0.01253054477,0.6003638631,0.6704947665,0,0.3685914585,0.01298351616,0.07631807701,0.01051035523,-0.01161719579,-0.008307447657,0.01267243983,-0.005500926884,-0.005037958771,0.7281272125,0,0,0,1,0,0,0
22.8605051,20.84049058,rate,circle,1.497947097,0.61681813,-1.635387897,1.495989287,0.6725904725,-2,0.6002691984,0.670553863,0.01262676436,0.5973342874,0.6731951791,0,0.3688582011,0.01322971773,0.07146315875,0.01149377972,-0.009066400118,-0.007967207581,0.005624128219,-0.01721704045,-0.004617675201,0.7281811449,0,0,0,1,0,0,0
22.87048435,20.85046983,rate,circle,1.508053541,0.6273176074,-1.635287642,1.50193513,0.6793218158,-2,0.5953598619,0.6756240726,0.01271889731,0.5943051829,0.6758708084,0,0.3684521358,0.01276493538,0.1346780602,0.01398634259,0.003793333657,-0.008414769545,0.04056768568,0.04736477095,-0.005708749704,0.7281996794,0,0,0,1,0,0,0
22.8804512,20.86043668,rate,circle,1.518056393,0.6378916502,-1.635181189,1.507843354,0.6860713797,-2,0.590349257,0.6806740761,0.01270338427,0.5912678791,0.6785295094,0,0.368128181,0.01291584317,0.2373944537,0.01585677452,0.01085857395,-0.007609611377,0.06678276933,0.09874791722,-0.006419506465,0.7281925445,0,0,0,1,0,0,0
22.8904748,20.87046027,rate,circle,1.518056393,0.6378916502,-1.635181189,1.513754624,0.6928860273,-2,0.590349257,0.6806740761,0.01270338427,0.5882012877,0.6811895809,0,0.3689656514,0.01289400982,0.08342727893,0.01585677452,0.01085857395,-0.007609611377,0.01049926745,-0.006790557741,-0.004223602392,0.7282574141,0,0,0,1,0,0,0
22.90049601,20.88048148,rate,circle,1.527957439,0.6485617757,-1.635069251,1.519633701,0.6997256385,-2,0.585339129,0.6856404543,0.0127150258,0.5851234627,0.6838351654,0,0.3685939188,0.01284435523,0.1732043822,0.01824339293,0.01469699759,-0.008076937869,0.04265433356,0.05536261217,-0.005245491505,0.7282596722,0,0,0,1,0,0,0
22.91047907,20.89046454,rate,circle,1.532870293,0.6539328694,-1.635011077,1.525459671,0.7065655056,-2,0.5827756524,0.688107729,0.01271855179,0.5820455225,0.6864568521,0,0.3688387529,0.01284601276,0.1390540763,0.01932624355,0.02115217969,-0.007547537331,0.02966850153,0.0317726144,-0.004632890265,0.7282929446,0,0,0,1,0,0,0
22.92043257,20.90041804,rate,circle,1.537756801,0.6593258977,-1.63494873,1.531237739,0.7134111047,-2,0.5801904798,0.6905443072,0.01260914281,0.5789650029,0.6890569827,0,0.3690936699,0.01275556389,0.1034573367,0.02195686288,0.02806168236,-0.008477210067,0.01939435647,0.01269887784,-0.004112010249,0.728298961,0,0,0,1,0,0,0
22.93047333,20.9104588,rate,circle,1.542616725,0.6647408009,-1.634885907,1.537035338,0.7203428701,-2,0.5776280761,0.6930319667,0.01247616392,0.5758457085,0.691665902,0,0.3693657304,0.01267665701,0.0713648903,0.02314300649,0.02979433909,-0.008273143321,0.01117511812,-0.003007839469,-0.003684185795,0.7282992506,0,0,0,1,0,0,0
22.9405129,20.92049837,rate,circle,1.547450542,0.6701777577,-1.634822488,1.542800874,0.7272999325,-2,0.575027287,0.6954925656,0.01239708718,0.5727150304,0.6942603935,0,0.3696473693,0.01267093325,0.05317289028,0.02282553166,0.02874391899,-0.008496291935,0.004311304674,-0.01595485717,-0.003305638994,0.7283131659,0,0,0,1,0,0,0
22.95048785,20.93047333,rate,circle,1.552264333,0.6756312251,-1.63476193,1.54849812,0.7342379481,-2,0.5724446774,0.6979420781,0.0124389613,0.5695929233,0.6968241541,0,0.3699294263,0.01281054306,0.06180555151,0.02180490084,0.02810985781,-0.007815438323,-0.0007333518384,-0.02629741676,-0.003016814969,0.7283563182,0,0,0,1,0,0,0
22.96049452,20.94047999,rate,circle,1.561806202,0.6865900755,-1.634636164,1.554182128,0.7412236442,-2,0.5671964884,0.7026492357,0.01249557082,0.5664493601,0.6993819575,0,0.3695046498,0.0129372562,0.07700602801,0.02026553266,0.02441029251,-0.008069362491,0.02953288351,0.03738210349,-0.004002322309,0.7283753004,0,0,0,1,0,0,0
22.97049069,20.95047617,rate,circle,1.566537261,0.6921010017,-1.634571075,1.559828712,0.7482275009,-2,0.5645290017,0.7049729228,0.01247199904,0.5632976246,0.7019229204,0,0.3697749146,0.01289843264,0.05183078354,0.01967122965,0.02117328718,-0.008177511394,0.01811339007,0.01476764961,-0.003475304351,0.728403762,0,0,0,1,0,0,0
22.9805131,20.96049857,rate,circle,1.571245313,0.6976207495,-1.634512186,1.565458424,0.7552751616,-2,0.5618851781,0.7072972655,0.01241675392,0.5601261773,0.7044562907,0,0.3700525118,0.01285849912,0.04731118469,0.01850842312,0.01682797074,-0.008845448494,0.00940569653,-0.003290719591,-0.00303605413,0.728422229,0,0,0,1,0,0,0
22.99050713,20.9704926,rate,circle,1.580582023,0.7087230086,-1.634389997,1.571040491,0.762328083,-2,0.5566083193,0.711907208,0.01245598868,0.5569523627,0.7069682212,0,0.3696420153,0.0134038655,0.1058783081,0.01237271074,0.005621844437,-0.007294778246,0.03715136322,0.05769222483,-0.003920132296,0.728435701,0,0,0,1,0,0,0
23.00050807,20.98049355,rate,circle,1.585211396,0.7143053412,-1.634326577,1.576594612,0.7694109426,-2,0.5539397001,0.7142395377,0.01246072166,0.5537650758,0.7094675756,0,0.3699025931,0.01334435089,0.08110915823,0.01012288686,0.001131959027,-0.007835608907,0.02492778299,0.03258674512,-0.003355444665,0.728470251,0,0,0,1,0,0,0
23.01053095,20.99051642,rate,circle,1.589827895,0.7199180126,-1.634273052,1.582128878,0.7765343426,-2,0.5512824655,0.7165434957,0.01239341497,0.5505595458,0.7119579949,0,0.3701633208,0.01323427991,0.05834877445,0.008534288034,0.00158464245,-0.008048229851,0.01581802951,0.01269184829,-0.002903562911,0.7284833761,0,0,0,1,0,0,0
23.02057076,21.00055623,rate,circle,1.594414473,0.7255449891,-1.634218931,1.587640223,0.7836947251,-2,0.5485644937,0.7188263535,0.01234984118,0.5473373737,0.7144381004,0,0.3704363273,0.01316363043,0.04117402764,0.008326794021,0.003056184622,-0.006709279027,0.008198889004,-0.003309946438,-0.002542660169,0.7285026747,0,0,0,1,0,0,0
23.0304997,21.01048517,rate,circle,1.6035074,0.7368596196,-1.634107709,1.593058839,0.7908004565,-2,0.5430719256,0.7233777642,0.01216634084,0.5441397946,0.7168764775,0,0.3699945337,0.01383571187,0.129226214,0.01092650555,0.01813016459,-0.007073121145,0.03481441997,0.06016626016,-0.003432419224,0.7284532053,0,0,0,1,0,0,0
23.04047942,21.0204649,rate,circle,1.612524629,0.7483024597,-1.634049654,1.598473122,0.797966856,-2,0.5376044512,0.7278623581,0.01193038747,0.5409149148,0.7193129047,0,0.3695722566,0.0150461446,0.2232835622,0.01371474005,0.03022130579,-0.007310938556,0.05538194149,0.1092183801,-0.003987043121,0.728372307,0,0,0,1,0,0,0
23.0504849,21.03047037,rate,circle,1.612524629,0.7483024597,-1.634049654,1.603869011,0.8051760822,-2,0.5376044512,0.7278623581,0.01193038747,0.537670763,0.7217410551,0,0.3704445767,0.01340928383,0.05999384085,0.01371474005,0.03022130579,-0.007310938556,0.008218782888,-0.001925674242,-0.002310889896,0.7284350138,0,0,0,1,0,0,0
23.06048274,21.04046822,rate,circle,1.616993308,0.7540528178,-1.634018898,1.60922831,0.8124040052,-2,0.5349426866,0.7300849557,0.01182152145,0.5344181977,0.7241527394,0,0.370684938,0.013236867,0.0392835396,0.01312618796,0.030335702,-0.008355717175,0.00352852972,-0.01525311425,-0.002046840707,0.7284291629,0,0,0,1,0,0,0
23.07048917,21.05047464,rate,circle,1.625881791,0.765647769,-1.633981347,1.614559594,0.8196622026,-2,0.529512167,0.734469831,0.01158255152,0.5311520088,0.7265518175,0,0.3701559205,0.01412584577,0.1081222671,0.01510395389,0.03267733008,-0.007397849578,0.03072798016,0.04892259179,-0.002855992938,0.7283406001,0,0,0,1,0,0,0
23.08050227,21.06048775,rate,circle,1.630300879,0.7714911699,-1.633973837,1.619861666,0.8269491988,-2,0.5268394947,0.7366366386,0.01155016012,0.5278728606,0.7289377498,0,0.3703508097,0.01391930074,0.07228443451,0.0161767751,0.03371239454,-0.00705968868,0.02126764872,0.02431408891,-0.00242562378,0.7283456822,0,0,0,1,0,0,0
23.09048796,21.07047343,rate,circle,1.634690404,0.7773461938,-1.6339643,1.625116467,0.8342399604,-2,0.5241442323,0.7387784719,0.01151145995,0.5245920178,0.73130241,0,0.370554577,0.01373337994,0.04615207069,0.01548415888,0.03085475415,-0.007432166953,0.01382502888,0.004854023093,-0.002059932295,0.7283495968,0,0,0,1,0,0,0
23.1004765,21.08046198,rate,circle,1.643404841,0.7891458273,-1.633990884,1.630339944,0.8415563601,-2,0.5187001228,0.7430927157,0.01129421405,0.5212996379,0.7336529748,0,0.369973281,0.01494742313,0.1275409116,0.01347600669,0.02717874385,-0.006527416408,0.03853288718,0.0663162568,-0.002800875664,0.728243557,0,0,0,1,0,0,0
23.11048651,21.09047198,rate,circle,1.647729635,0.7950896025,-1.634013176,1.635541598,0.8489119572,-2,0.5159736276,0.7452431917,0.01116708852,0.5179896192,0.735993719,0,0.370123965,0.01463970064,0.09313353367,0.01442104671,0.0305052083,-0.00605210755,0.02757847523,0.03859324964,-0.002363933805,0.7282129631,0,0,0,1,0,0,0
23.12047052,21.100456,rate,circle,1.652027607,0.801050663,-1.634032965,1.64069669,0.8562717234,-2,0.5132514834,0.7473897338,0.01106674783,0.5146777245,0.7383135106,0,0.3702831702,0.01438349395,0.06357080389,0.01433682721,0.03188784793,-0.006320475135,0.01926591547,0.01685806947,-0.002014185822,0.7281897848,0,0,0,1,0,0,0
23.13048339,21.11046886,rate,circle,1.656298757,0.8070290089,-1.634050012,1.645833417,0.863675942,-2,0.510466814,0.7495543957,0.01103562582,0.5113458261,0.7406250375,0,0.3704561949,0.01422290889,0.04737074765,0.01454480272,0.03134844825,-0.00629568845,0.01220462559,-0.0004645408909,-0.001711157273,0.7281846349,0,0,0,1,0,0,0
23.14044881,21.12043428,rate,circle,1.660556674,0.8130462766,-1.634096503,1.650912626,0.8710679825,-2,0.5077434778,0.7516217828,0.01098423265,0.5080194079,0.7429106819,0,0.3706007217,0.01402186805,0.0580425319,0.01478447765,0.0285306368,-0.006371959578,0.007439201428,-0.01464177398,-0.001486277783,0.7281641836,0,0,0,1,0,0,0
23.15048838,21.13047385,rate,circle,1.668992639,0.8251297474,-1.634179354,1.655996056,0.8785379804,-2,0.5022909045,0.7558016181,0.01087362319,0.5046579088,0.7451982254,0,0.3699271493,0.01537108741,0.08256667925,0.01598700136,0.0297530368,-0.005656039808,0.03229046862,0.05054237631,-0.002177791975,0.7280657023,0,0,0,1,0,0,0
23.16048193,21.14046741,rate,circle,1.673167706,0.8311895728,-1.634231448,1.66102262,0.8859964736,-2,0.4995289147,0.7578493953,0.01078800485,0.5013015869,0.7474601789,0,0.3700512572,0.01508175166,0.05716606912,0.0163199231,0.02977761999,-0.006182829849,0.02274751231,0.02514406925,-0.001776200751,0.7280343991,0,0,0,1,0,0,0
23.17047906,21.15046453,rate,circle,1.677345157,0.8372877836,-1.634301186,1.666017371,0.8934801773,-2,0.4968266189,0.7598539591,0.01081325207,0.4979339202,0.7497078172,0,0.3701641888,0.01486932186,0.05310741653,0.01454550494,0.02730051801,-0.005023581907,0.01623224335,0.004975099598,-0.001544757004,0.7280253201,0,0,0,1,0,0,0
23.1804297,21.16041517,rate,circle,1.681495547,0.8434011936,-1.634366393,1.670955413,0.9009513165,-2,0.4940701723,0.7618227005,0.01081155147,0.4945719076,0.7519299357,0,0.3702850869,0.01466315718,0.06927477677,0.01418176759,0.02401344292,-0.004805968143,0.01087730643,-0.01087186892,-0.001343729605,0.7280105822,0,0,0,1,0,0,0
23.19048524,21.17047071,rate,circle,1.685618877,0.8495298028,-1.634427547,1.675911477,0.9085236055,-2,0.4912785888,0.7637838721,0.01078432333,0.4911643775,0.7541601649,0,0.3704291031,0.01445442546,0.09843954078,0.01454852894,0.02690932527,-0.005495050922,0.006087362404,-0.02478592118,-0.001141688987,0.7279911583,0,0,0,1,0,0,0
23.20049691,21.18048239,rate,circle,1.693784475,0.8618324995,-1.634537339,1.68081183,0.9160850619,-2,0.4858006835,0.7677246928,0.01078729983,0.4877617221,0.7563653234,0,0.3696952617,0.01578755155,0.05907319276,0.01633273065,0.03175126016,-0.004528442398,0.03024563239,0.04166414132,-0.001875287771,0.7279131753,0,0,0,1,0,0,0
23.21049356,21.19047904,rate,circle,1.697858572,0.868042767,-1.63460207,1.685670791,0.9236571251,-2,0.4830477834,0.7696540356,0.01072519179,0.4843542937,0.758551856,0,0.3698069039,0.01549177525,0.06350827895,0.01617770456,0.03163377568,-0.00563193718,0.02210237439,0.01683138365,-0.001546560374,0.7278833863,0,0,0,1,0,0,0
23.2204771,21.20046258,rate,circle,1.709913373,0.886751771,-1.634794116,1.690489334,0.9312409942,-2,0.4746904075,0.7753130198,0.01055493485,0.4809415526,0.7607202002,0,0.3684181347,0.01906394103,0.234138142,0.01210710034,0.01019678079,-0.004883171525,0.06886729968,0.1555691071,-0.002662367921,0.7276850831,0,0,0,1,0,0,0
23.23049283,21.21047831,rate,circle,1.709913373,0.886751771,-1.634794116,1.695289126,0.9388709888,-2,0.4746904075,0.7753130198,0.01055493485,0.477508055,0.7628801068,0,0.3691959089,0.01655062269,0.07943985956,0.01210710034,0.01019678079,-0.004883171525,0.02649522293,0.03011033748,-0.00140425547,0.7277417944,0,0,0,1,0,0,0
23.24045181,21.22043729,rate,circle,1.71391952,0.8930335641,-1.634868145,1.70002758,0.9464791289,-2,0.4719268382,0.7771986723,0.01048220042,0.474084392,0.7650124112,0,0.369284018,0.01621840078,0.06691881265,0.0104255639,0.003432342317,-0.005193851888,0.02066396723,0.01121976303,-0.001169503348,0.7277058659,0,0,0,1,0,0,0
23.25047731,21.23046279,rate,circle,1.717897534,0.8993290663,-1.634938121,1.704763197,0.9541594571,-2,0.4691289067,0.7791019678,0.01044031233,0.4706282443,0.7671434388,0,0.3693901165,0.01594536142,0.06124324034,0.01031218842,0.002881687135,-0.005045430735,0.0157807087,-0.003935799774,-0.0009521197668,0.7276792992,0,0,0,1,0,0,0
23.26039529,21.24038076,rate,circle,1.729698539,0.9183186889,-1.635145545,1.709413882,0.961778357,-2,0.4608556926,0.784842968,0.01036327798,0.4671997393,0.7692362469,0,0.3679931839,0.01977913551,0.2767432881,0.01239890046,0.01888579689,-0.004089001101,0.06541044273,0.1465267403,-0.002176470831,0.7274979112,0,0,0,1,0,0,0
23.27047944,21.25046492,rate,circle,1.729698539,0.9183186889,-1.635145545,1.714107579,0.9695461155,-2,0.4608556926,0.784842968,0.01036327798,0.463704248,0.7713484105,0,0.3687629328,0.01725151821,0.1147478104,0.01239890046,0.01888579689,-0.004089001101,0.02601176351,0.02389562454,-0.001058387733,0.7275554915,0,0,0,1,0,0,0
23.2805028,21.26048827,rate,circle,1.733599424,0.9246881008,-1.635215759,1.718737999,0.9772880707,-2,0.4580581188,0.786691308,0.01037618704,0.4602203682,0.7734320996,0,0.3688565589,0.01697489875,0.09117863166,0.01434830669,0.02151475102,-0.004900149535,0.02078698758,0.006484507913,-0.0008218517736,0.7275430523,0,0,0,1,0,0,0
23.290483,21.27046847,rate,circle,1.737471819,0.9310706258,-1.635281801,1.723313742,0.9850173671,-2,0.455288887,0.7885116339,0.01038796082,0.4567421848,0.7754911841,0,0.3689580824,0.01671986593,0.07623086533,0.0136104431,0.02175663039,-0.004779223353,0.01713733231,-0.007414250508,-0.0006347696344,0.7275318486,0,0,0,1,0,0,0
23.30049205,21.28047752,rate,circle,1.74515903,0.9438770413,-1.635436773,1.727867802,0.9927895665,-2,0.449717015,0.7921698689,0.01035183016,0.4532446951,0.7775405111,0,0.368236022,0.01826535042,0.1578914516,0.01354646217,0.0176477395,-0.00380121381,0.03915435437,0.06150041669,-0.001165119563,0.7274290324,0,0,0,1,0,0,0
23.31047535,21.29046082,rate,circle,1.7489748,0.9503068328,-1.635525107,1.732375229,1.000562125,-2,0.4469174445,0.7939664125,0.01034140866,0.4497470436,0.7795688531,0,0.368297553,0.01795107464,0.1322860958,0.01470074896,0.0187620502,-0.003325615311,0.03171536153,0.03640025996,-0.0009329757021,0.7274041025,0,0,0,1,0,0,0
23.32049155,21.30047703,rate,circle,1.752762079,0.9567493796,-1.635608673,1.736862374,1.008380571,-2,0.444114536,0.7957596779,0.01042538602,0.4462287431,0.7815880685,0,0.3683742929,0.01771984925,0.109738498,0.01450909488,0.01698052138,-0.005119131412,0.02592196347,0.01653804518,-0.0006994413632,0.7274049213,0,0,0,1,0,0,0
23.33048701,21.31047249,rate,circle,1.756520867,0.9632045627,-1.635686517,1.741305051,1.016202908,-2,0.4412785769,0.7975361943,0.01060479414,0.4427086913,0.7835872732,0,0.3684625622,0.01758065094,0.09252088818,0.01362276077,0.01474527176,-0.005228562746,0.02127555272,0.001007028892,-0.0004937159782,0.727431695,0,0,0,1,0,0,0
23.34041429,21.32039976,rate,circle,1.767686963,0.982670188,-1.636077642,1.745682552,1.023991584,-2,0.4328603446,0.8027908206,0.01077606156,0.4392037874,0.7855571482,0,0.3669211553,0.02129230452,0.3167475681,0.01600461453,0.01817991398,-0.003742490895,0.06528032716,0.1515784993,-0.001504810582,0.727249662,0,0,0,1,0,0,0
23.35048485,21.33047032,rate,circle,1.767686963,0.982670188,-1.636077642,1.75008764,1.031912581,-2,0.4328603446,0.8027908206,0.01077606156,0.4356393387,0.7875394381,0,0.3676602123,0.01887990937,0.1550444584,0.01600461453,0.01817991398,-0.003742490895,0.02983379256,0.02786277236,-0.0005950167703,0.7273064497,0,0,0,1,0,0,0
23.36044574,21.34043121,rate,circle,1.771351933,0.9891830683,-1.636195898,1.7544094,1.039766873,-2,0.4299979806,0.8045110703,0.01080813631,0.432104907,0.78948423,0,0.3676944321,0.01862956999,0.129645998,0.01676320657,0.01995295286,-0.002662079409,0.02479111507,0.01095781465,-0.0004452867368,0.7272812165,0,0,0,1,0,0,0
23.37048626,21.35047174,rate,circle,1.775008798,0.9956967235,-1.636345387,1.758730036,1.047703481,-2,0.4271238744,0.8062315583,0.01089943387,0.4285334335,0.7914285163,0,0.3677150783,0.01843677218,0.1069438256,0.01725172438,0.01939925924,-0.002738776151,0.02079655613,-0.003368330624,-0.0003232974126,0.7272602333,0,0,0,1,0,0,0
23.38048553,21.36047101,rate,circle,1.78223598,1.008760333,-1.636625528,1.762997241,1.055626807,-2,0.4213901162,0.809597075,0.01084943023,0.424967937,0.7933487584,0,0.3668890869,0.01986249553,0.1872025148,0.01963746361,0.02922456339,-0.002704925835,0.0391962713,0.06487913207,-0.0008269549517,0.7271100433,0,0,0,1,0,0,0
23.39048457,21.37047005,rate,circle,1.78223598,1.008760333,-1.636625528,1.76722865,1.063569063,-2,0.4213901162,0.809597075,0.01084943023,0.4213939216,0.7952528924,0,0.3677910052,0.01798515289,0.08563095227,0.01963746361,0.02922456339,-0.002704925835,0.01092493785,-0.04149654852,-9.816577639e-05,0.7271660164,0,0,0,1,0,0,0
23.40041852,21.380404,rate,circle,1.789371014,1.021851301,-1.636913061,1.771397084,1.071478395,-2,0.4156064391,0.8127388358,0.01082038879,0.4178347224,0.7971286877,0,0.3669033057,0.01912387993,0.1208901962,0.0205997508,0.03454462811,-0.00403683586,0.03071029708,0.03257199778,-0.0005828203434,0.7270193553,0,0,0,1,0,0,0
23.41048002,21.3904655,rate,circle,1.792906761,1.028403997,-1.637062907,1.775582958,1.079508197,-2,0.4127437472,0.8142753839,0.01082080975,0.4142213114,0.799012331,0,0.3669265412,0.01876789556,0.09701214591,0.02071148716,0.03000530973,-0.00397263281,0.02534753576,0.01025835328,-0.0004339072642,0.7269763687,0,0,0,1,0,0,0
23.4204855,21.40047097,rate,circle,1.796413302,1.034968138,-1.637206674,1.779709427,1.087511997,-2,0.4097898602,0.8157917261,0.01080858614,0.4106196013,0.8008692422,0,0.3669589545,0.01844436314,0.08549050018,0.01976329461,0.0219736062,-0.003146548755,0.02057717137,-0.006811321567,-0.000320740401,0.7269314278,0,0,0,1,0,0,0
23.43048716,21.41047263,rate,circle,1.803364873,1.048112273,-1.637516975,1.783798265,1.095531233,-2,0.4038824737,0.8187748194,0.01096062548,0.4070109449,0.8027092193,0,0.3660947324,0.01969837937,0.1474548556,0.01656937599,-1.286870884e-05,-0.002789183054,0.0363037933,0.06061748848,-0.0007463746546,0.7268233827,0,0,0,1,0,0,0
23.44049191,21.42047739,rate,circle,1.80680871,1.054687023,-1.637682676,1.78785222,1.103571285,-2,0.4009658098,0.8202694654,0.01099636499,0.4033929218,0.8045334988,0,0.366091331,0.01935023416,0.1294456419,0.01404301077,-0.01096627209,-0.002942238236,0.02995877722,0.03500999184,-0.0005976497643,0.726782967,0,0,0,1,0,0,0
23.45049191,21.43047738,rate,circle,1.810223341,1.061272979,-1.637841582,1.791868029,1.111625661,-2,0.3980606198,0.8217328787,0.01101269666,0.3997684524,0.8063406132,0,0.3661024851,0.01900310544,0.1131567784,0.01407348644,-0.01279795729,-0.003603868885,0.02523631501,0.01509636646,-0.000508020033,0.7267403985,0,0,0,1,0,0,0
23.46051264,21.44049811,rate,circle,1.816965103,1.074479222,-1.638134837,1.795855771,1.11971479,-2,0.3921864629,0.824708581,0.01091882586,0.3961283445,0.8081350968,0,0.3652920155,0.02023461307,0.2197205466,0.01444771234,0.0003638164781,-0.002675493713,0.03984407389,0.08056244874,-0.0009559549626,0.7265753054,0,0,0,1,0,0,0
23.47050261,21.45048809,rate,circle,1.820301771,1.081076384,-1.638322353,1.799794924,1.127796909,-2,0.3892821372,0.8262262344,0.01088363212,0.392491391,0.8099077157,0,0.3652588922,0.01987578456,0.1904843535,0.01598901488,0.0136482995,-0.002443916164,0.03321374964,0.05148525152,-0.0008463976552,0.7265093921,0,0,0,1,0,0,0
23.48040652,21.460392,rate,circle,1.826887488,1.094305992,-1.638676167,1.803664235,1.135826796,-2,0.3832575381,0.8291056156,0.01088673063,0.3888779419,0.8116489058,0,0.3644423264,0.02132713204,0.2801097398,0.01830006018,0.03126645833,-0.002474153414,0.04417133689,0.1083628911,-0.001196773319,0.7263471232,0,0,0,1,0,0,0
23.49049377,21.47047925,rate,circle,1.826887488,1.094305992,-1.638676167,1.807568349,1.144022977,-2,0.3832575381,0.8291056156,0.01088673063,0.3851896601,0.8134057571,0,0.3652395384,0.01920259243,0.1217062957,0.01830006018,0.03126645833,-0.002474153414,0.01901697916,-0.006792414559,-0.0006122678335,0.7264034836,0,0,0,1,0,0,0
23.50049472,21.48048019,rate,circle,1.830135822,1.100938082,-1.638842821,1.811402291,1.152166444,-2,0.3802301288,0.8305460215,0.01094726007,0.3815251002,0.8151310311,0,0.3652530604,0.01895102587,0.09237777925,0.01920678467,0.03409940749,-0.002770055085,0.01592552138,-0.01888231005,-0.0005911776318,0.7263688901,0,0,0,1,0,0,0
23.51048422,21.49046969,rate,circle,1.836561441,1.114201188,-1.639246702,1.815195222,1.160317734,-2,0.3742847145,0.8332751393,0.01111314632,0.3778570196,0.8168378497,0,0.364316062,0.02016055244,0.1560334982,0.02068055607,0.03640804812,-0.000805733609,0.0300372497,0.04879343769,-0.001142632835,0.7262318225,0,0,0,1,0,0,0
23.52047634,21.50046182,rate,circle,1.839730501,1.120845795,-1.639436364,1.818952453,1.168488139,-2,0.3713393807,0.8345173001,0.01121730078,0.3741803374,0.8185286037,0,0.3642906199,0.01973669893,0.117937696,0.02097004093,0.03572915494,-0.001231887727,0.02479650182,0.02242027775,-0.001158812705,0.7262013959,0,0,0,1,0,0,0
23.53048229,21.51046777,rate,circle,1.842870474,1.127500653,-1.63961792,1.822678031,1.176686698,-2,0.3683055341,0.8357631564,0.01135705132,0.3704909861,0.8202051141,0,0.3642831939,0.01938585813,0.08732640722,0.02123478241,0.03046073392,-0.001699325978,0.01993184955,0.001635140377,-0.001169510062,0.7261821194,0,0,0,1,0,0,0
23.5404315,21.52041698,rate,circle,1.845985889,1.13415134,-1.63982892,1.826345843,1.184855313,-2,0.3652522564,0.8369886279,0.01148854569,0.3668151093,0.8218556294,0,0.3642524275,0.0190640194,0.07262007076,0.01901067793,0.02558271214,-0.001989055891,0.01619333722,-0.01476484662,-0.001194544043,0.7261496898,0,0,0,1,0,0,0
23.55048513,21.53047061,rate,circle,1.852129221,1.147484183,-1.640224934,1.830014965,1.193126263,-2,0.3592444956,0.8394943476,0.01175344363,0.3630931818,0.8235067342,0,0.3633322696,0.02021285735,0.1188974459,0.01864314638,0.02786363848,-0.001781294821,0.02789138617,0.04964782768,-0.001697137549,0.726041942,0,0,0,1,0,0,0
23.56041861,21.54040408,rate,circle,1.855157614,1.154166222,-1.640410066,1.833603446,1.201314578,-2,0.3562306464,0.840720892,0.01193085592,0.3594084401,0.8251215505,0,0.3633076802,0.0198942994,0.08844280745,0.01864686236,0.0282940641,-0.001675247098,0.02256160628,0.0230515575,-0.001696320349,0.7260303963,0,0,0,1,0,0,0
23.57049346,21.55047894,rate,circle,1.858159781,1.160854101,-1.640613914,1.837205577,1.209635736,-2,0.3532098532,0.8419291973,0.01210284606,0.3556639187,0.8267425095,0,0.3632865064,0.01957388075,0.0693990022,0.019150557,0.02791107632,-0.001453743782,0.01817629978,0.0005786034613,-0.001723157023,0.7260113879,0,0,0,1,0,0,0
23.58042836,21.56041384,rate,circle,1.861132264,1.167546034,-1.640827775,1.840720691,1.217857213,-2,0.3501664996,0.8430447578,0.01222775597,0.3519642539,0.8283243109,0,0.3632527141,0.01922086096,0.07406041589,0.01792787947,0.0244445093,-0.001253444701,0.01476837672,-0.01699479471,-0.001777475737,0.7259762605,0,0,0,1,0,0,0
23.59052801,21.57051349,rate,circle,1.866990089,1.180957317,-1.641228437,1.844256384,1.226231048,-2,0.3439692855,0.8452339172,0.01252826583,0.3481960286,0.8299153726,0,0.3623307414,0.02023562727,0.08616424563,0.01809720509,0.02433284372,-0.001647043275,0.02333666551,0.04494955139,-0.002270998694,0.7258763919,0,0,0,1,0,0,0
23.60049391,21.58047938,rate,circle,1.86987257,1.187661409,-1.641437411,1.847707912,1.234509652,-2,0.3409048021,0.8463227153,0.01273414399,0.3444706567,0.8314685602,0,0.3622887797,0.0198876762,0.06512303646,0.01725317538,0.02475387603,-0.001390695106,0.01827649564,0.01739928427,-0.002313681723,0.7258634571,0,0,0,1,0,0,0
23.61049438,21.59047985,rate,circle,1.87272656,1.194374919,-1.641636252,1.851134058,1.242832449,-2,0.3378310204,0.8473620415,0.01305312943,0.3407253979,0.833010326,0,0.3622691596,0.01961462072,0.0681184555,0.01697429083,0.02351279557,-0.0002549904748,0.01416807129,-0.005034930286,-0.002414905548,0.7258830553,0,0,0,1,0,0,0
23.62048221,21.60046768,rate,circle,1.88113296,1.214552522,-1.642191887,1.854518457,1.251160035,-2,0.3285466135,0.850407064,0.01379874069,0.3369779841,0.8345333056,0,0.3606592403,0.02265986451,0.2027200317,0.01644692197,0.02672946639,-0.0008926662267,0.03240587464,0.1330629848,-0.003325056519,0.7257995612,0,0,0,1,0,0,0
23.63049555,21.61048102,rate,circle,1.88113296,1.214552522,-1.642191887,1.857873894,1.259524077,-2,0.3285466135,0.850407064,0.01379874069,0.3332141656,0.8360432524,0,0.3613724819,0.020457526,0.06438823525,0.01644692197,0.02672946639,-0.0008926662267,0.01438933972,0.008930432167,-0.002936064587,0.7258508454,0,0,0,1,0,0,0
23.64049649,21.62048197,rate,circle,1.883888483,1.22128582,-1.642358303,1.861187525,1.267892769,-2,0.3254230022,0.8514211178,0.01402967889,0.329448254,0.8375343861,0,0.3613794745,0.0201463609,0.06687269385,0.01585103199,0.02754278481,-0.000753527449,0.01084246584,-0.01149611041,-0.003029630532,0.7258594272,0,0,0,1,0,0,0
23.65048671,21.63047218,rate,circle,1.886614323,1.228021741,-1.642515898,1.864459965,1.276267288,-2,0.3222780526,0.8523312807,0.01427428797,0.3256797206,0.8390069842,0,0.3614046647,0.01982078501,0.09397864689,0.01477843896,0.02583894879,-0.000263472728,0.007848633128,-0.02880202109,-0.003145788198,0.7258747998,0,0,0,1,0,0,0
23.66049862,21.64048409,rate,circle,1.8919909,1.241511345,-1.642814755,1.867701708,1.284674668,-2,0.3159704804,0.8541301489,0.01481736638,0.3218963994,0.8404657685,0,0.3606027402,0.02100919209,0.06718953038,0.01263239235,0.01747266017,-0.002013545716,0.01466949063,0.0347273707,-0.003654229415,0.7258742003,0,0,0,1,0,0,0
23.6704824,21.65046787,rate,circle,1.894641399,1.248264551,-1.642955899,1.87089659,1.293072883,-2,0.3128347397,0.8550263643,0.01513138413,0.3181172028,0.8419034655,0,0.3606273595,0.02071409364,0.06857754665,0.01174381096,0.01155300532,6.736129581e-05,0.01093174745,0.008206920677,-0.0037933753,0.725913101,0,0,0,1,0,0,0
23.68040156,21.66038704,rate,circle,1.897263169,1.255026221,-1.643087745,1.874033399,1.301430878,-2,0.3097252548,0.8559363484,0.01547020767,0.3143561049,0.8433150297,0,0.3606651804,0.02049560404,0.08585848716,0.009782097302,0.006824421696,-0.001036500093,0.008469188213,-0.0118324719,-0.003924492336,0.7259614404,0,0,0,1,0,0,0
23.69048548,21.67047095,rate,circle,1.899855971,1.261796117,-1.643210292,1.877184034,1.309941957,-2,0.3065873682,0.8568361402,0.01585209742,0.3105261193,0.8447328153,0,0.3607366553,0.02032961449,0.1117524236,0.008552809246,0.002445304301,-0.001161772874,0.006263320169,-0.02897749448,-0.004052644372,0.7260247775,0,0,0,1,0,0,0
23.70050454,21.68049002,rate,circle,1.904978871,1.275347114,-1.643449068,1.880276125,1.318412374,-2,0.3002867103,0.8585690856,0.01642851345,0.3067144317,0.8461242565,0,0.3599908462,0.02158901177,0.07975377951,0.005666933488,-0.00327644567,-0.0003147104289,0.01304120698,0.03668475674,-0.004581458864,0.7260542157,0,0,0,1,0,0,0
23.71049237,21.69047785,rate,circle,1.907496691,1.282134771,-1.643555641,1.883320536,1.326870176,-2,0.2971633971,0.8594498038,0.01670805179,0.3029084208,0.847494241,0,0.3600532236,0.02133306761,0.07895410505,0.005081395619,-0.002598424209,-0.001048031496,0.01037420412,0.01081026303,-0.004689276816,0.726097095,0,0,0,1,0,0,0
23.72040296,21.70038843,rate,circle,1.909985542,1.288924456,-1.64365387,1.886303796,1.335276005,-2,0.2940013111,0.8603041172,0.01706312224,0.2991257979,0.8488367081,0,0.360127555,0.02118754297,0.08903044439,0.004024968017,-0.003222088329,-0.00037647516,0.00816507913,-0.008988583705,-0.004821120653,0.7261616576,0,0,0,1,0,0,0
23.73050404,21.71048951,rate,circle,1.912445784,1.295722127,-1.643743157,1.889305792,1.34385701,-2,0.2909040749,0.8611400127,0.01738714427,0.2952643457,0.8501876065,0,0.360237927,0.02100666442,0.1090850957,0.003936229274,-0.003597542178,-0.001021453179,0.006978454084,-0.02642579846,-0.004992544915,0.7262232274,0,0,0,1,0,0,0
23.74048543,21.72047091,rate,circle,1.917334199,1.309303761,-1.643906593,1.892233874,1.352349657,-2,0.2846946418,0.8628403544,0.01782068796,0.2914426543,0.8515052432,0,0.359562915,0.02217199444,0.1009480531,0.003079046961,0.00202638004,-0.001280590892,0.01412250003,0.03940818347,-0.005515370668,0.7262434583,0,0,0,1,0,0,0
23.7505126,21.73049808,rate,circle,1.919734836,1.316106796,-1.643977165,1.895136946,1.360894409,-2,0.2815422416,0.8636513352,0.0180197712,0.2875975158,0.8528116257,0,0.3596710238,0.0218832768,0.09635101984,0.002436451381,0.004951249342,-0.0004549573059,0.01173663462,0.01218761763,-0.005666996054,0.7262796184,0,0,0,1,0,0,0
23.76052499,21.74051046,rate,circle,1.922106385,1.322918057,-1.644030333,1.897997238,1.369439548,-2,0.2783557475,0.8645085692,0.01829530299,0.2837522032,0.8540987573,0,0.3598053699,0.02173025611,0.1038599213,0.001492312877,0.003945540637,-0.0005950416671,0.009838587422,-0.008586746804,-0.005820632042,0.7263409246,0,0,0,1,0,0,0
23.77050662,21.7504921,rate,circle,1.924476981,1.329735279,-1.644080639,1.900810392,1.37797118,-2,0.2752525806,0.8653011322,0.01856022701,0.2799129688,0.8553646766,0,0.3599519429,0.02156233741,0.1203782685,0.001277224976,0.0001985156268,-0.001500258688,0.009512734849,-0.02531363259,-0.005981853065,0.7264016232,0,0,0,1,0,0,0
23.78051138,21.76049685,rate,circle,1.926818252,1.336560607,-1.644123673,1.903591581,1.386535173,-2,0.2721406221,0.8661901355,0.01881994307,0.2760591722,0.8566162113,0,0.3601178908,0.02147569128,0.1416428835,-0.0003202334046,-0.0006337396917,-0.001702346141,0.009536707361,-0.03807648267,-0.006138526337,0.7264633152,0,0,0,1,0,0,0
23.79050803,21.77049351,rate,circle,1.931414127,1.350230336,-1.644189715,1.906331978,1.395104646,-2,0.2659125924,0.8678877354,0.0192692019,0.2722029094,0.8578493901,0,0.3595049047,0.0226194298,0.1169849732,0.0004949587747,0.001512757852,-0.0007134197513,0.0158425999,0.03069099135,-0.006552787844,0.7265215618,0,0,0,1,0,0,0
23.80042338,21.78040886,rate,circle,1.93591702,1.3639189,-1.644239068,1.909011981,1.403616518,-2,0.2598654628,0.8695424795,0.0196373947,0.2683725671,0.8590553912,0,0.3589785824,0.02383227046,0.1811001075,0.0004791998945,-0.001847230014,-0.001410790021,0.02201439237,0.08679553497,-0.007034563425,0.7265658644,0,0,0,1,0,0,0
23.81050348,21.79048896,rate,circle,1.93591702,1.3639189,-1.644239068,1.911697554,1.412281987,-2,0.2598654628,0.8695424795,0.0196373947,0.2644731059,0.8602638992,0,0.3598491509,0.02220247056,0.1343601102,0.0004791998945,-0.001847230014,-0.001410790021,0.01437203256,-0.02826109184,-0.006928814008,0.7266216145,0,0,0,1,0,0,0
23.82042503,21.80041051,rate,circle,1.94030571,1.377639771,-1.644252539,1.914302475,1.420822968,-2,0.2536568344,0.8712348342,0.02004608884,0.2606296644,0.8614361137,0,0.3593010061,0.02337693221,0.1526810957,0.00259184395,-0.003328435356,-0.0009932228131,0.01928912592,0.04189165099,-0.007370037529,0.7266873214,0,0,0,1,0,0,0
23.83049583,21.81048131,rate,circle,1.942454457,1.38451457,-1.644253135,1.916907558,1.429504237,-2,0.2505422533,0.872130096,0.02019953541,0.2567230932,0.862608401,0,0.3594892855,0.02317081546,0.1436059504,0.002449237974,0.004751064349,-0.002390026813,0.017932327,0.01619540318,-0.007491409207,0.7267375909,0,0,0,1,0,0,0
23.84047461,21.82046008,rate,circle,1.944574833,1.391397953,-1.644248605,1.919450004,1.438117732,-2,0.2474461943,0.873036921,0.02028245106,0.2528470206,0.8637525017,0,0.3596846535,0.02295097358,0.1422219731,0.002694691066,0.01358770858,-0.002406576183,0.0173297237,-0.003640410224,-0.007623137818,0.7267714391,0,0,0,1,0,0,0
23.85049796,21.83048344,rate,circle,1.946666718,1.39828968,-1.644239068,1.921964845,1.446781117,-2,0.2443340719,0.8738828897,0.02033554763,0.2489484975,0.8648841805,0,0.3598992117,0.02271132295,0.1497712152,0.005710531026,0.01785810106,-0.001801982871,0.01671986843,-0.02060965679,-0.007767423794,0.7267999077,0,0,0,1,0,0,0
23.86050677,21.84049225,rate,circle,1.948731065,1.405183315,-1.644225597,1.924437022,1.455443162,-2,0.2412693501,0.8746765256,0.02036351711,0.2450505772,0.8659966597,0,0.3601273084,0.02245686042,0.1665470425,0.005944381468,0.01578243636,-0.001571748406,0.01678523789,-0.03473111085,-0.007928054553,0.7268239111,0,0,0,1,0,0,0
23.8705101,21.85049558,rate,circle,1.952782154,1.419005394,-1.644167662,1.926868837,1.464111499,-2,0.2350769937,0.8763183951,0.02061449736,0.2411498256,0.8670909766,0,0.3596146739,0.02338764722,0.1566975954,0.005461128429,0.009035713039,-0.002433856018,0.01997280062,0.03413069317,-0.008232729312,0.7268752391,0,0,0,1,0,0,0
23.88044477,21.86043024,rate,circle,1.95476532,1.425927877,-1.644130111,1.929245316,1.472731083,-2,0.2319734991,0.8770717382,0.02076969855,0.2372710129,0.8681603921,0,0.3598405045,0.02321327465,0.1573749461,0.005481351167,0.006063667126,-0.00221507228,0.01908895812,0.009588881171,-0.008385240078,0.7269394649,0,0,0,1,0,0,0
23.89049911,21.87048459,rate,circle,1.956720591,1.432857394,-1.644087553,1.931611167,1.481465238,-2,0.2288746238,0.8778313398,0.02098269761,0.233340643,0.8692250251,0,0.3600928707,0.02311466156,0.1645358782,0.006974251475,0.001891164808,-0.001632927801,0.01850970208,-0.01040705801,-0.008553854709,0.7270208746,0,0,0,1,0,0,0
23.90042067,21.88040614,rate,circle,1.958658576,1.439783335,-1.644028664,1.933907008,1.490094438,-2,0.2258168608,0.8785959482,0.02117316425,0.2294575031,0.8702581538,0,0.3603601524,0.02304508574,0.1765147479,0.006657291204,-0.001214593649,-0.001636316651,0.01874270608,-0.02510937324,-0.008731261233,0.7271022317,0,0,0,1,0,0,0
23.91049433,21.8904798,rate,circle,1.962450981,1.453658342,-1.64389801,1.936198608,1.498866333,-2,0.2196466625,0.8801878691,0.02148039639,0.2255101502,0.8712893734,0,0.3599188473,0.02397855589,0.1731448673,0.008166722022,0.00658266386,-0.002982104663,0.02059840577,0.04188837103,-0.008985817355,0.7271940977,0,0,0,1,0,0,0
23.92044044,21.90042591,rate,circle,1.964305639,1.46060729,-1.643826365,1.938422155,1.507537262,-2,0.2165766954,0.8809642792,0.02159820125,0.2216082323,0.8722899698,0,0.3601833351,0.02381265008,0.1702431196,0.008172408678,0.0106603317,-0.003017671406,0.02026862271,0.01615051043,-0.009112004581,0.7272614886,0,0,0,1,0,0,0
23.93050146,21.91048694,rate,circle,1.966153026,1.467556238,-1.643732548,1.940631887,1.51631841,-2,0.21349971,0.8817231655,0.02175951749,0.2176567153,0.873284349,0,0.3604935166,0.0237059258,0.1750257474,0.00825470034,0.0119215427,-0.001761127613,0.02028584006,-0.005323248212,-0.009271321545,0.7273488212,0,0,0,1,0,0,0
23.940516,21.92050147,rate,circle,1.967972398,1.474512815,-1.643618584,1.942791904,1.525068828,-2,0.2104327381,0.8825065494,0.02190899849,0.2137190273,0.8742563568,0,0.3608291585,0.02364042278,0.1857958476,0.00931812264,0.008556155488,-0.003335036803,0.02054312525,-0.02164436674,-0.00941786619,0.7274401553,0,0,0,1,0,0,0
23.95051026,21.93049574,rate,circle,1.97152698,1.488448501,-1.64338243,1.944908214,1.533811155,-2,0.2042139769,0.884013474,0.02210834436,0.2097849804,0.8752086962,0,0.36047527,0.02444052132,0.1831656379,0.009580955841,0.01143540908,-0.002417603275,0.02074888139,0.04533083585,-0.009608624763,0.7275419549,0,0,0,1,0,0,0
23.9604845,21.94046998,rate,circle,1.975005984,1.502433658,-1.64311707,1.946981062,1.542545364,-2,0.1979703456,0.8855361938,0.02232877351,0.2058545863,0.8761414779,0,0.3602218356,0.02547540117,0.2329694013,0.01028433349,0.01290015131,-0.002667595632,0.0202425842,0.09954614219,-0.009786046482,0.7276592974,0,0,0,1,0,0,0
23.97050309,21.95048857,rate,circle,1.975005984,1.502433658,-1.64311707,1.949023641,1.551327683,-2,0.1979703456,0.8855361938,0.02232877351,0.2019025428,0.8770606383,0,0.3611525072,0.02420477934,0.1836134294,0.01028433349,0.01290015131,-0.002667595632,0.02050202451,-0.01780080517,-0.009910979253,0.7277172631,0,0,0,1,0,0,0
23.98049116,21.96047664,rate,circle,1.980011463,1.523463249,-1.642702103,1.951020564,1.560092328,-2,0.1886193752,0.8876330853,0.02253871784,0.1979584524,0.8779592537,0,0.3603386589,0.02624490774,0.284580531,0.01136678737,0.01268857624,-0.00365352165,0.01855403667,0.12993326,-0.009978881508,0.7278402064,0,0,0,1,0,0,0
23.99049807,21.97048354,rate,circle,1.980011463,1.523463249,-1.642702103,1.952981727,1.568882413,-2,0.1886193752,0.8876330853,0.02253871784,0.1940029142,0.8788417772,0,0.3611859556,0.02478433762,0.1892527509,0.01136678737,0.01268857624,-0.00365352165,0.0199301821,0.007246156348,-0.01012559724,0.7278982231,0,0,0,1,0,0,0
24.00041819,21.98040366,rate,circle,1.981653929,1.53047967,-1.642563939,1.954886794,1.577604896,-2,0.1855047792,0.8883151412,0.02258314751,0.190077797,0.8796990571,0,0.3615215126,0.02459975503,0.1852221666,0.01154542807,0.01467423979,-0.003890989115,0.02038073932,-0.009396649499,-0.01021287344,0.7279712376,0,0,0,1,0,0,0
24.01050043,21.99048591,rate,circle,1.983267903,1.537503004,-1.642423868,1.956783078,1.586478554,-2,0.1824349612,0.889026165,0.02263443917,0.1860846507,0.880552385,0,0.3618849824,0.02444264752,0.1889584654,0.01190587413,0.01320447214,-0.003116763197,0.02129743807,-0.02388855759,-0.01035885069,0.7280478095,0,0,0,1,0,0,0
24.02041912,22.0004046,rate,circle,1.987965465,1.558614135,-1.641980052,1.958609296,1.59521657,-2,0.1730278581,0.8910748363,0.02274836041,0.1821525435,0.8813741832,0,0.3610814396,0.0263600162,0.2939665889,0.01109540928,0.004891529679,-0.004284210969,0.01705552719,0.1283783284,-0.01035502093,0.7281557913,0,0,0,1,0,0,0
24.03050399,22.01048946,rate,circle,1.987965465,1.558614135,-1.641980052,1.960426105,1.60410925,-2,0.1730278581,0.8910748363,0.02274836041,0.1781508377,0.8821917473,0,0.3619482076,0.02495279725,0.1958671886,0.01109540928,0.004891529679,-0.004284210969,0.02037545895,0.00632116609,-0.01053311279,0.7282148027,0,0,0,1,0,0,0
24.04045105,22.02043653,rate,circle,1.989492297,1.565665603,-1.641819835,1.962178537,1.612888402,-2,0.1699587256,0.89173913,0.02287472412,0.1742002192,0.8829803416,0,0.36231073,0.02485879414,0.1921378193,0.01145026926,0.001832907437,-0.003878757358,0.02152884498,-0.008916412934,-0.0106396628,0.72831713,0,0,0,1,0,0,0
24.05050111,22.03048658,rate,circle,1.9909904,1.572723389,-1.641657948,1.963909187,1.621766334,-2,0.1668382287,0.8924024105,0.02293135971,0.1702051495,0.8837591341,0,0.3626949524,0.02473640316,0.192034419,0.01116508804,-0.0008049120079,-0.004726259504,0.02225156749,-0.02178080369,-0.01070465626,0.7284026613,0,0,0,1,0,0,0
24.06049371,22.04047918,rate,circle,1.992459536,1.579787731,-1.641476154,1.965590118,1.63060118,-2,0.1636612713,0.893085897,0.02291311324,0.1662294691,0.884515553,0,0.3631023548,0.02459791034,0.1959190945,0.01101555768,-0.0001823796774,-0.00401679147,0.02255700205,-0.03150803678,-0.01077211286,0.7284756286,0,0,0,1,0,0,0
24.07049656,22.05048203,rate,circle,1.995354891,1.593940735,-1.641090989,1.967232968,1.63945257,-2,0.1574338675,0.8944868445,0.02301968075,0.1622463436,0.8852548356,0,0.3628744242,0.025264513,0.2092547661,0.01163122803,0.007305209059,-0.004539679736,0.02038252662,0.0416710929,-0.01070380374,0.7286069349,0,0,0,1,0,0,0
24.08049178,22.06047726,rate,circle,1.998133898,1.608114958,-1.640705466,1.968834752,1.648304506,-2,0.1511014998,0.8958730698,0.02282942273,0.1582629724,0.8859756382,0,0.3627205559,0.02589263183,0.2733879802,0.0110608656,0.005778126419,-0.005045034923,0.01708008654,0.1002183597,-0.01066851117,0.7286618639,0,0,0,1,0,0,0
24.09049582,22.0704813,rate,circle,1.998133898,1.608114958,-1.640705466,1.970398065,1.657171378,-2,0.1511014998,0.8958730698,0.02282942273,0.1542728797,0.8866791294,0,0.3636871881,0.02481468781,0.196671521,0.0110608656,0.005778126419,-0.005045034923,0.02302143751,-0.01534340084,-0.01089996794,0.7287220596,0,0,0,1,0,0,0
24.10050845,22.08049393,rate,circle,2.000854492,1.622329116,-1.640314221,1.971922736,1.666052815,-2,0.144891724,0.8973072767,0.02274657972,0.1502762331,0.8873652313,0,0.3634868192,0.02540165533,0.2400794675,0.01147603802,0.003377721645,-0.005317351781,0.02048204121,0.05672642147,-0.01083488421,0.7288070828,0,0,0,1,0,0,0
24.11050153,22.090487,rate,circle,2.002171278,1.629446268,-1.640119195,1.973404515,1.674923671,-2,0.1418169886,0.8979961276,0.02261249349,0.1462843483,0.8880320318,0,0.3638817316,0.02511106071,0.2254680829,0.01096785255,0.008780809119,-0.005351069849,0.02257422138,0.03214588722,-0.01090289703,0.728856368,0,0,0,1,0,0,0
24.12041354,22.10039902,rate,circle,2.004730463,1.643715978,-1.639758587,1.974834852,1.683729061,-2,0.1355327666,0.8993495107,0.02219753899,0.1423219226,0.8886756835,0,0.3636875996,0.02554905014,0.2952760978,0.01223050617,0.01148497965,-0.005843749736,0.01860064575,0.0957293517,-0.0107593893,0.7288448574,0,0,0,1,0,0,0
24.13050961,22.11049509,rate,circle,2.004730463,1.643715978,-1.639758587,1.976251359,1.692704429,-2,0.1355327666,0.8993495107,0.02219753899,0.138283007,0.8893131113,0,0.3646708152,0.0245157882,0.2048993108,0.01223050617,0.01148497965,-0.005843749736,0.02596402178,-0.01786624891,-0.01101557359,0.7289063885,0,0,0,1,0,0,0
24.1404984,22.12048388,rate,circle,2.007187128,1.658015609,-1.639404893,1.977612668,1.701590661,-2,0.1292574853,0.9007157087,0.02192629687,0.1342842027,0.8899257008,0,0.3644204509,0.02494904115,0.2511898553,0.01427591033,0.01660366729,-0.006818675902,0.02118569017,0.05551614462,-0.01080455262,0.7289291034,0,0,0,1,0,0,0
24.15050077,22.13048625,rate,circle,2.007187128,1.658015609,-1.639404893,1.978935792,1.710495024,-2,0.1292574853,0.9007157087,0.02192629687,0.1302772393,0.8905211064,0,0.3654874255,0.02420190716,0.2020241812,0.01427591033,0.01660366729,-0.006818675902,0.02894635907,-0.04969108337,-0.01107226912,0.7289902908,0,0,0,1,0,0,0
24.16041374,22.14039922,rate,circle,2.009541988,1.672365546,-1.639058828,1.980207532,1.719325582,-2,0.1229631081,0.9020832181,0.0216705557,0.1263034882,0.8910933895,0,0.3651633671,0.02452646438,0.2176235473,0.01280668657,0.01983097941,-0.005968011916,0.023256823,0.0310287814,-0.01081558304,0.7290133423,0,0,0,1,0,0,0
24.17050815,22.15049362,rate,circle,2.010682821,1.679561973,-1.63888967,1.981462056,1.728323503,-2,0.1197720543,0.9026939869,0.02154153213,0.1222544234,0.8916579254,0,0.3655573965,0.02433093538,0.2064568291,0.01226624008,0.01630442962,-0.005626991391,0.02469793792,0.01092027843,-0.01083485719,0.7290544103,0,0,0,1,0,0,0
24.18044519,22.16043067,rate,circle,2.01179409,1.686763525,-1.638700366,1.98265709,1.737186638,-2,0.1166407987,0.9032940865,0.02135852352,0.118266013,0.8921956905,0,0.3659629498,0.02412472261,0.2011452464,0.01298456732,0.008713346906,-0.006820911542,0.02637634933,-0.003425146083,-0.01081704423,0.7290885818,0,0,0,1,0,0,0
24.19050479,22.17049026,rate,circle,2.01393342,1.701197982,-1.638331413,1.98382648,1.746164427,-2,0.1103228852,0.9044799805,0.02102168649,0.1142260077,0.8927219159,0,0.3656946482,0.02440077356,0.2506236786,0.01516417228,-0.0131224012,-0.007421376184,0.02007039304,0.06777629533,-0.01046616306,0.7290994745,0,0,0,1,0,0,0
24.20047688,22.18046236,rate,circle,2.014961004,1.708431005,-1.638151646,1.984945574,1.755069261,-2,0.1071167141,0.9050970674,0.02077199519,0.1102188324,0.8932255085,0,0.3660741516,0.02412535662,0.2409634079,0.01527587976,-0.01664858125,-0.006697635166,0.02192341809,0.04419390359,-0.01044777979,0.7291123729,0,0,0,1,0,0,0
24.21050477,22.19049025,rate,circle,2.015960455,1.715663195,-1.637974381,1.986030623,1.764028888,-2,0.10393022,0.9057115912,0.02047209628,0.1061870005,0.8937137802,0,0.3664663472,0.0238358397,0.2311862323,0.01591234468,-0.01598565094,-0.007145155687,0.02372388207,0.0255636629,-0.01040718855,0.7291123373,0,0,0,1,0,0,0
24.22050977,22.20049524,rate,circle,2.017870665,1.730163693,-1.637635827,1.987072891,1.772972853,-2,0.09753025323,0.9071244597,0.0197627563,0.1021622161,0.894182801,0,0.3661815408,0.02407297547,0.3203616207,0.01546792965,0.002653163159,-0.007479265798,0.01618352425,0.09594409011,-0.01005727759,0.7290139549,0,0,0,1,0,0,0
24.23049951,22.21048498,rate,circle,2.018781662,1.737432003,-1.637474179,1.988073384,1.781907769,-2,0.09435705841,0.9077757001,0.01949407533,0.09814150385,0.8946330227,0,0.3665324854,0.02381325199,0.2965323829,0.01442911476,0.01820115186,-0.006365025882,0.01909927922,0.06724713006,-0.01007225577,0.7290162786,0,0,0,1,0,0,0
24.24043274,22.22041821,rate,circle,2.019663811,1.7447052,-1.63732934,1.989028382,1.790796517,-2,0.09110723436,0.9084206223,0.01919527352,0.09414156739,0.8950627717,0,0.3668691138,0.02358172759,0.2700513998,0.01370248757,0.03055078723,-0.007225447334,0.02088471721,0.04477365469,-0.01002628697,0.7290041519,0,0,0,1,0,0,0
24.25050616,22.23049164,rate,circle,2.020516872,1.751983404,-1.637186408,1.98995627,1.799814982,-2,0.08792094141,0.9090733528,0.01885876805,0.09008325824,0.8954803217,0,0.3672267865,0.02334736046,0.2424393226,0.01228418574,0.0372264795,-0.00796241127,0.02323198757,0.02544612375,-0.009959085826,0.7289831435,0,0,0,1,0,0,0
24.2604928,22.24047828,rate,circle,2.022120953,1.766568184,-1.636908054,1.990835802,1.808759812,-2,0.08147638291,0.9102925062,0.01835739799,0.0860580847,0.8958761109,0,0.3668714422,0.02378693983,0.3036499919,0.01462696027,0.04410461336,-0.008130063303,0.01375413655,0.09181155009,-0.009476723188,0.7289173577,0,0,0,1,0,0,0
24.27050376,22.25048923,rate,circle,2.022120953,1.766568184,-1.636908054,1.991677122,1.8177303,-2,0.08147638291,0.9102925062,0.01835739799,0.08202136506,0.8962547047,0,0.3679404163,0.02311603206,0.1972275237,0.01462696027,0.04410461336,-0.008130063303,0.02792594863,-0.01894370463,-0.009836057799,0.7289800735,0,0,0,1,0,0,0
24.28042006,22.26040554,rate,circle,2.023596287,1.781178713,-1.63663578,1.992470638,1.826619621,-2,0.07501378655,0.9113700986,0.0180874411,0.07802117074,0.8966117872,0,0.3675149497,0.02353736691,0.2373033378,0.0134322606,0.0455535911,-0.007621868048,0.01657979826,0.05624755692,-0.009262983987,0.7289703991,0,0,0,1,0,0,0
24.290519,22.27050447,rate,circle,2.024291992,1.788486958,-1.636500716,1.993237991,1.835676203,-2,0.07178180665,0.9119279981,0.0179010313,0.07394570856,0.8969570961,0,0.3678626173,0.02343623903,0.207666928,0.01424229611,0.04630427063,-0.008725378662,0.0192234855,0.0324053632,-0.009189216134,0.7289839682,0,0,0,1,0,0,0
24.3004396,22.28042507,rate,circle,2.024947166,1.795824289,-1.636379361,1.993951712,1.844576161,-2,0.06852673739,0.9124510884,0.01764038019,0.06994072753,0.8972782705,0,0.3681812491,0.02331087271,0.1842835389,0.01379007753,0.05083457008,-0.008111190982,0.02097140085,0.01461063991,-0.009104561726,0.7289721885,0,0,0,1,0,0,0
24.3105104,22.29049587,rate,circle,2.025573969,1.80316484,-1.63625896,1.994635593,1.853614037,-2,0.06526757032,0.9129279852,0.01741390862,0.06587368342,0.897586017,0,0.3685238784,0.02321610596,0.1688049647,0.01322027482,0.04910624772,-0.006576898973,0.02264844887,-0.001459946577,-0.009040695299,0.7289694714,0,0,0,1,0,0,0
24.3204298,22.30041528,rate,circle,2.026743889,1.817855239,-1.636023045,1.995269147,1.862518985,-2,0.05879357457,0.9137554765,0.01679217815,0.06186645681,0.8978711163,0,0.3680553404,0.02331807775,0.2003263608,0.01331886835,0.03446655348,-0.00761737721,0.01074056526,0.06812883037,-0.008496761353,0.7288586644,0,0,0,1,0,0,0
24.33051658,22.31050205,rate,circle,2.027292013,1.825220346,-1.63591516,1.995872624,1.871576994,-2,0.05553722382,0.9141219258,0.01650454476,0.0577903528,0.8981426808,0,0.3683665123,0.02308273942,0.1777346432,0.01366121415,0.02875897288,-0.007064858917,0.0143650492,0.04073908636,-0.008453464309,0.7288359754,0,0,0,1,0,0,0
24.34050679,22.32049227,rate,circle,2.028770208,1.847321987,-1.635597467,1.996429792,1.8805509,-2,0.04579305276,0.9151529074,0.01588016003,0.05375209498,0.8983934062,0,0.3673408076,0.02442143967,0.3661054872,0.01250037365,0.01813154109,-0.008198628202,-0.01176127415,0.1838117838,-0.007482264854,0.7287063613,0,0,0,1,0,0,0
24.3505106,22.33049607,rate,circle,2.028770208,1.847321987,-1.635597467,1.996947286,1.889539433,-2,0.04579305276,0.9151529074,0.01588016003,0.04970725532,0.8986262787,0,0.3682176216,0.02325144984,0.2179759985,0.01250037365,0.01813154109,-0.008198628202,0.01040157059,0.05339275765,-0.007851367201,0.728765274,0,0,0,1,0,0,0
24.36050272,22.3404882,rate,circle,2.029220343,1.854716182,-1.635495186,1.997423778,1.898519703,-2,0.04254473001,0.9154955149,0.01570829749,0.04566613364,0.8988407001,0,0.3685017361,0.02310577037,0.195579955,0.01296533737,0.01703008823,-0.007803422399,0.01371889942,0.03283652547,-0.007785366405,0.7287691919,0,0,0,1,0,0,0
24.3705318,22.35051727,rate,circle,2.029642582,1.862111926,-1.6353935,1.997861424,1.907535249,-2,0.03931369632,0.915846467,0.01549802814,0.04160913797,0.8990376408,0,0.36879699,0.02297813235,0.1735654407,0.01268486585,0.02038417757,-0.008881688118,0.0167199601,0.01623855397,-0.007661902582,0.728763542,0,0,0,1,0,0,0
24.38053465,22.36052012,rate,circle,2.030036449,1.86950922,-1.635292649,1.998257393,1.916529095,-2,0.03598308936,0.9161861539,0.015291024,0.0375619071,0.8992158268,0,0.3690965033,0.02289759993,0.1531645841,0.01163875777,0.02693139017,-0.008324557915,0.01842417176,0.002858648826,-0.007525567008,0.7287574956,0,0,0,1,0,0,0
24.39051318,22.37049866,rate,circle,2.030745506,1.884332299,-1.635097504,1.998612059,1.925502761,-2,0.02945199981,0.916863203,0.01494950708,0.03352375741,0.8993754264,0,0.3686209398,0.02336427406,0.2142281415,0.008133475669,0.03763755038,-0.008327657357,0.004838660627,0.07345584012,-0.006943128243,0.7287035286,0,0,0,1,0,0,0
24.40043092,22.38041639,rate,circle,2.031349659,1.899182916,-1.634908795,1.998924633,1.934423242,-2,0.0230445005,0.9174271822,0.01461311523,0.02950954123,0.8995160849,0,0.3682184821,0.02400306845,0.2932605019,0.007063149475,0.04000793025,-0.007997191511,-0.005835408506,0.1291694307,-0.006428058474,0.7286505356,0,0,0,1,0,0,0
24.41050649,22.39049196,rate,circle,2.031349659,1.899182916,-1.634908795,1.999201411,1.943487021,-2,0.0230445005,0.9174271822,0.01461311523,0.02543084045,0.8996406351,0,0.3691719807,0.02314301217,0.1544252483,0.007063149475,0.04000793025,-0.007997191511,0.01748774914,0.01066021445,-0.006780585457,0.7287085586,0,0,0,1,0,0,0
24.42050886,22.40049434,rate,circle,2.031611919,1.906602859,-1.634802699,1.999435528,1.952486106,-2,0.01976240426,0.9176140428,0.0144388983,0.02138125231,0.8997459875,0,0.3694721384,0.02302976012,0.1325261568,0.005878271069,0.03812623397,-0.007397131994,0.01980465939,-0.002867302239,-0.00664831442,0.728713188,0,0,0,1,0,0,0
24.43051457,22.41050005,rate,circle,2.032043457,1.921496987,-1.634576559,1.999629194,1.961489157,-2,0.01319221035,0.9180122614,0.01399643812,0.01732987941,0.8998331375,0,0.3690316372,0.02331311073,0.1851340495,0.004886770155,0.04475164041,-0.008437080309,0.004589785648,0.06665049741,-0.006069134251,0.7286461948,0,0,0,1,0,0,0
24.4404428,22.42042828,rate,circle,2.032217264,1.928943396,-1.634466529,1.999781292,1.970423259,-2,0.009944097139,0.9182010293,0.01365927234,0.0133095336,0.8999015815,0,0.3693066339,0.0230818473,0.1506876527,0.004391684197,0.05382874981,-0.008253561333,0.009878119198,0.04099843308,-0.005974907349,0.728610693,0,0,0,1,0,0,0
24.45053601,22.43052149,rate,circle,2.032363415,1.936389327,-1.634358883,1.999895001,1.97950643,-2,0.006692426745,0.9183552265,0.01335979253,0.009222106471,0.8999527503,0,0.3696034483,0.02288087558,0.1212545705,0.002475931309,0.05687020347,-0.007856411859,0.01458255663,0.01870256092,-0.00587625987,0.7285845829,0,0,0,1,0,0,0
24.46047401,22.44045949,rate,circle,2.032568216,1.951347828,-1.634127855,1.999966651,1.988450337,-2,0.0001845225197,0.9185435772,0.01297550369,0.005197348311,0.899984993,0,0.3691908511,0.02319295511,0.1664849202,0.001747869188,0.05525238812,-0.008755906485,-8.542418415e-05,0.08166236432,-0.005281370024,0.7285361138,0,0,0,1,0,0,0
24.47052598,22.45051146,rate,circle,2.032568216,1.951347828,-1.634127855,1.999998434,1.997497043,-2,0.0001845225197,0.9185435772,0.01297550369,0.001126330791,0.8999992952,0,0.3702066545,0.0226526178,0.1130344019,0.001747869188,0.05525238812,-0.008755906485,0.02494799493,-0.02836355531,-0.005636764828,0.7285904144,0,0,0,1,0,0,0
24.48050833,22.4604938,rate,circle,2.032672405,1.973782659,-1.633791447,1.999989499,2.006481143,-2,-0.009551412426,0.9184628129,0.01262204256,-0.002916514543,0.8999952744,0,0.36911525,0.02333211963,0.1876408561,0.002113583963,0.04839889333,-0.008486868814,-0.01104953847,0.1203317634,-0.00456751547,0.728546252,0,0,0,1,0,0,0
24.49050689,22.47049236,rate,circle,2.032672405,1.973782659,-1.633791447,1.999940094,2.015479704,-2,-0.009551412426,0.9184628129,0.01262204256,-0.006965866878,0.8999730422,0,0.3700253401,0.02253602947,0.0941887005,0.002113583963,0.04839889333,-0.008486868814,0.01712800733,0.001903684888,-0.004916019139,0.7285983643,0,0,0,1,0,0,0
24.50053668,22.48052216,rate,circle,2.032655478,1.981264234,-1.633677363,1.999849858,2.024506059,-2,-0.01273557078,0.9183722734,0.01253671199,-0.01102772654,0.8999324359,0,0.3703219387,0.02236321728,0.1061175759,0.002996294294,0.04088334739,-0.00746841915,0.02113334613,-0.01344644405,-0.004816482556,0.7286282983,0,0,0,1,0,0,0
24.51050735,22.49049282,rate,circle,2.032541275,1.996217608,-1.633453131,1.999719774,2.033478707,-2,-0.0191066023,0.918142736,0.0122297341,-0.01506541816,0.8998738985,0,0.3698949145,0.02235280716,0.1012611633,0.005645549856,0.01804660261,-0.00777879497,0.004705844429,0.05471935693,-0.004271628354,0.7285999674,0,0,0,1,0,0,0
24.52043581,22.50042129,rate,circle,2.032320023,2.011164427,-1.633227229,1.99955024,2.04241271,-2,-0.02547931485,0.917904675,0.01198315155,-0.01908571931,0.899797608,0,0.3695572747,0.0226349257,0.1921427947,0.008132291958,0.002755233785,-0.008251057006,-0.009682325609,0.1116799224,-0.003784333182,0.7285870029,0,0,0,1,0,0,0
24.53051639,22.51050186,rate,circle,2.032320023,2.011164427,-1.633227229,1.999337273,2.05148272,-2,-0.02547931485,0.917904675,0.01198315155,-0.02316722409,0.8997017727,0,0.3704533601,0.02191545889,0.0863664313,0.008132291958,0.002755233785,-0.008251057006,0.0198896054,-0.003960246803,-0.004126186928,0.7286394237,0,0,0,1,0,0,0
24.54050159,22.52048707,rate,circle,2.031991005,2.026104212,-1.633015275,1.99908576,2.06046588,-2,-0.03192030638,0.9176411629,0.01174466778,-0.02720964603,0.8995885922,0,0.370055763,0.02204592595,0.1484943204,0.006721341982,0.003356599715,-0.008609129116,0.001589855401,0.06590969212,-0.003548518872,0.7286228171,0,0,0,1,0,0,0
24.5505197,22.53050518,rate,circle,2.031991005,2.026104212,-1.633015275,1.998792858,2.069477413,-2,-0.03192030638,0.9176411629,0.01174466778,-0.03126483577,0.8994567861,0,0.3710271417,0.02165729489,0.09984535499,0.006721341982,0.003356599715,-0.008609129116,0.02967005055,-0.03932757033,-0.003899926121,0.72867566,0,0,0,1,0,0,0
24.56050515,22.54049063,rate,circle,2.031563282,2.041038752,-1.632807374,1.998460487,2.078458159,-2,-0.03825548291,0.9174662232,0.01135848928,-0.03530617163,0.8993072191,0,0.370575811,0.02162089611,0.1054802656,0.00544445077,0.01814039983,-0.007550866343,0.01047161994,0.03750326598,-0.003308542969,0.7286208553,0,0,0,1,0,0,0
24.57054877,22.55053425,rate,circle,2.031313419,2.048504353,-1.632704973,1.998085475,2.087489628,-2,-0.04145759717,0.9172667265,0.01115184743,-0.03937033261,0.8991384637,0,0.3708498142,0.02138584313,0.08899669052,0.005214680918,0.02081717551,-0.00719278492,0.01610534298,0.01660428385,-0.003249004935,0.7286160943,0,0,0,1,0,0,0
24.58051729,22.56050277,rate,circle,2.030733109,2.063423395,-1.632506371,1.997672909,2.096451797,-2,-0.04783763364,0.9168710113,0.01064216625,-0.04340330854,0.898952809,0,0.3704529927,0.02130682787,0.1657261488,0.008142246865,0.007206234615,-0.007168313023,-0.001807642255,0.08075696142,-0.002783290555,0.7285263993,0,0,0,1,0,0,0
24.59052491,22.57051039,rate,circle,2.030395985,2.070884466,-1.632410645,1.997218289,2.105447166,-2,-0.05103333667,0.9166381955,0.01039245818,-0.04745122482,0.8987482302,0,0.3706983589,0.02099727534,0.1471469402,0.01012131106,-0.003451667493,-0.007123437244,0.005823855252,0.05310378986,-0.002743906731,0.7285078181,0,0,0,1,0,0,0
24.60055614,22.58054161,rate,circle,2.030032396,2.078341246,-1.632327795,1.996721949,2.114461606,-2,-0.05424520373,0.9164831638,0.01018120721,-0.05150772248,0.898524877,0,0.3709408533,0.02082428513,0.1332709508,0.009940200485,-0.009610687383,-0.007215373218,0.01192211356,0.03267383335,-0.002680968386,0.7284942568,0,0,0,1,0,0,0
24.61052752,22.59051299,rate,circle,2.029641628,2.085794449,-1.632246614,1.996188246,2.123419956,-2,-0.05745856464,0.9163176417,0.009921401739,-0.05553898035,0.8982847108,0,0.3711837293,0.02067137185,0.1212074689,0.01015023328,-0.008943512104,-0.007994541898,0.01672493421,0.01733231642,-0.002580651463,0.7284676224,0,0,0,1,0,0,0
24.6205132,22.60049868,rate,circle,2.028776884,2.100702524,-1.632098436,1.9956135,2.132388669,-2,-0.06396026164,0.9159829021,0.009397026151,-0.05957490086,0.8980260749,0,0.370749757,0.02073603461,0.2301387224,0.009353461675,0.006534009706,-0.006529895123,-0.004117008734,0.08545332396,-0.002127785129,0.7283529593,0,0,0,1,0,0,0
24.63053203,22.6105175,rate,circle,2.028305054,2.108151913,-1.63203156,1.99499635,2.141384459,-2,-0.06721559912,0.9157853723,0.009189706296,-0.06362300663,0.8977483573,0,0.3709644792,0.02055945844,0.2020195248,0.008408395573,0.01741282269,-0.00674798293,0.003537796172,0.05841882296,-0.002078960039,0.7283347423,0,0,0,1,0,0,0
24.64055848,22.62054396,rate,circle,2.02780652,2.115597248,-1.631966114,1.994338132,2.150384223,-2,-0.07047830522,0.9155830741,0.008999723941,-0.06767290034,0.8974521595,0,0.3711862172,0.0204351509,0.171261089,0.007152304519,0.02526016906,-0.006834371015,0.009690877104,0.03685257377,-0.002041285091,0.7283205388,0,0,0,1,0,0,0
24.65051866,22.63050413,rate,circle,2.027280807,2.12303853,-1.631901622,1.993644068,2.159321463,-2,-0.07372112572,0.9153884649,0.008846492507,-0.07169465821,0.8971398308,0,0.3714085317,0.02038086476,0.141679696,0.006183782127,0.02896900289,-0.007124166004,0.01474895254,0.02021176213,-0.001981196077,0.7283151036,0,0,0,1,0,0,0
24.66043282,22.64041829,rate,circle,2.026731014,2.130500078,-1.631848097,1.992913438,2.168214235,-2,-0.07694762945,0.9151810408,0.008607494645,-0.07569640586,0.8968110471,0,0.3716205187,0.02032513697,0.1157986123,0.005180776119,0.02980099991,-0.006303432863,0.01912990038,0.007323369794,-0.001932912038,0.7282838147,0,0,0,1,0,0,0
24.67051888,22.65050435,rate,circle,2.025550842,2.145409584,-1.631743073,1.992129435,2.177257761,-2,-0.08338295668,0.9147433043,0.008415618911,-0.07976599255,0.8964582458,0,0.3711394088,0.02045112306,0.1961812084,0.003462798195,0.03446636721,-0.00619610399,-0.002154290669,0.07300329563,-0.001544823704,0.7282400058,0,0,0,1,0,0,0
24.68041706,22.66040254,rate,circle,2.024279356,2.160322666,-1.631642103,1.991320137,2.186129284,-2,-0.08986116946,0.9141728282,0.008308093995,-0.08375817768,0.8960940618,0,0.3707287846,0.02081136054,0.28787824,0.003989852965,0.03561013192,-0.005190077703,-0.02114043244,0.1267403787,-0.001256257458,0.7282158265,0,0,0,1,0,0,0
24.69051886,22.67050433,rate,circle,2.024279356,2.160322666,-1.631642103,1.990453458,2.195179488,-2,-0.08986116946,0.9141728282,0.008308093995,-0.08783076966,0.895704056,0,0.371546403,0.0203529481,0.1285303322,0.003989852965,0.03561013192,-0.005190077703,0.01703143998,0.01264817931,-0.001562720084,0.7282699896,0,0,0,1,0,0,0
24.70044374,22.68042922,rate,circle,2.023614168,2.167777061,-1.631593704,1.989561898,2.204067275,-2,-0.09302618355,0.9138308167,0.008255996741,-0.09183027372,0.8953028542,0,0.3717522501,0.02031937688,0.1006812628,0.004669094924,0.03531194478,-0.005240261089,0.02157916276,0.0003582620968,-0.001516132202,0.728284874,0,0,0,1,0,0,0
24.71052361,22.69050908,rate,circle,2.022922516,2.175225735,-1.631545544,1.988615798,2.213089673,-2,-0.09624066204,0.9135448933,0.008137782104,-0.09589035273,0.894877109,0,0.3719802617,0.02036743437,0.08065163556,0.002762535121,0.03786119819,-0.005603910424,0.02569484792,-0.0107253445,-0.001484595949,0.7282831849,0,0,0,1,0,0,0
24.7204299,22.70041537,rate,circle,2.021471024,2.190134525,-1.631454229,1.987646124,2.22195244,-2,-0.1026413292,0.912887156,0.008022225462,-0.099878598,0.8944407558,0,0.3714599421,0.02030414896,0.1349855432,0.0002050676849,0.04636193812,-0.005521356128,0.001993633575,0.05826335528,-0.001113119195,0.7282548025,0,0,0,1,0,0,0
24.73051667,22.71050215,rate,circle,2.020711184,2.197593689,-1.631411195,1.986618199,2.230972145,-2,-0.1058294475,0.9125105739,0.007898886688,-0.1039374653,0.8939781895,0,0.3716640422,0.02023416116,0.1003047287,6.013427992e-05,0.04511492327,-0.00468249945,0.01081855885,0.03333255003,-0.001124836809,0.7282502572,0,0,0,1,0,0,0
24.74047256,22.72045803,rate,circle,2.019924402,2.205046415,-1.631368399,1.985563476,2.23987014,-2,-0.1090394408,0.91209203,0.007826517336,-0.1079415628,0.8935035641,0,0.371863715,0.02019878157,0.07827432743,0.001455787802,0.03965323418,-0.004147232976,0.01732342849,0.01451290405,-0.001131539298,0.7282574935,0,0,0,1,0,0,0
24.75051379,22.73049927,rate,circle,2.018272638,2.219940424,-1.631274343,1.984459343,2.248839541,-2,-0.1153447405,0.9110971689,0.007555232849,-0.1119777936,0.8930067042,0,0.3713988535,0.01989177691,0.1488183517,0.003422212787,0.01955506764,-0.004885673523,-0.004341819542,0.07526094008,-0.000844089621,0.7281929986,0,0,0,1,0,0,0
24.76050663,22.74049211,rate,circle,2.016520023,2.234809637,-1.631173372,1.983320307,2.257760667,-2,-0.1216731444,0.9100823402,0.007364763878,-0.1159922999,0.892494138,0,0.3710283712,0.01989614533,0.2533623725,0.006336397491,0.01379104331,-0.004234923515,-0.02319843895,0.1254867321,-0.0006517415455,0.728150858,0,0,0,1,0,0,0
24.7705152,22.75050068,rate,circle,2.016520023,2.234809637,-1.631173372,1.982139278,2.266690615,-2,-0.1216731444,0.9100823402,0.007364763878,-0.1200107769,0.8919626749,0,0.3717949889,0.01962970923,0.1035444666,0.006336397491,0.01379104331,-0.004234923515,0.01886920549,0.01213326538,-0.0009071337428,0.7282022637,0,0,0,1,0,0,0
24.78042054,22.76040602,rate,circle,2.013695717,2.257056952,-1.630985498,1.980930843,2.275523129,-2,-0.1312862635,0.9085528851,0.00697645871,-0.1239854079,0.8914188794,0,0.3709261908,0.01988837893,0.3156580827,0.003568347311,0.04074604064,-0.003864046186,-0.0364367586,0.1529250709,-0.0005634012686,0.7281002297,0,0,0,1,0,0,0
24.7905283,22.77051377,rate,circle,2.013695717,2.257056952,-1.630985498,1.979657142,2.284530492,-2,-0.1312862635,0.9085528851,0.00697645871,-0.1280387213,0.8908457138,0,0.3715980656,0.0193070303,0.1510907471,0.003568347311,0.04074604064,-0.003864046186,0.008875816905,0.03464820083,-0.0007618043682,0.7281515624,0,0,0,1,0,0,0
24.80044699,22.78043246,rate,circle,2.012701988,2.264460802,-1.630921006,1.97836745,2.29336365,-2,-0.1344597191,0.9080082774,0.00683425786,-0.1320136427,0.8902653527,0,0.3717977122,0.01917033513,0.1121665226,0.0001910839492,0.0503517203,-0.004328392446,0.01543033313,0.01665010454,-0.0007642471369,0.7281491901,0,0,0,1,0,0,0
24.81051993,22.79050541,rate,circle,2.011681557,2.271857023,-1.630858302,1.977017364,2.302328201,-2,-0.1376326233,0.9074148536,0.006591521204,-0.1360476905,0.8896578139,0,0.3720157148,0.01900717286,0.07745941895,-0.001108971192,0.05467647687,-0.003803721396,0.02148125852,7.403212847e-05,-0.0007740741197,0.7281212807,0,0,0,1,0,0,0
24.82045555,22.80044103,rate,circle,2.009564877,2.286640882,-1.630737066,1.975645891,2.31116445,-2,-0.14389503,0.9061191678,0.00624492811,-0.1400240023,0.8890406508,0,0.3716275248,0.01859192636,0.1314127175,-0.0002554406237,0.04501591995,-0.003599891672,-0.003769643613,0.06143073214,-0.0005905589858,0.7280490455,0,0,0,1,0,0,0
24.83052254,22.81050801,rate,circle,2.00846839,2.294027567,-1.630677342,1.974216004,2.320111186,-2,-0.1470424831,0.9053986669,0.006193298846,-0.1440500337,0.8883972016,0,0.3718236229,0.01834016154,0.09316118698,0.001555219642,0.03921660408,-0.002942526713,0.006286859367,0.03454769108,-0.0006249807351,0.7280682667,0,0,0,1,0,0,0
24.84050012,22.82048559,rate,circle,2.007349253,2.301400661,-1.630623698,1.972758838,2.328971983,-2,-0.150194034,0.9046893716,0.006180345081,-0.1480373924,0.8877414773,0,0.3720154927,0.01816807338,0.0671286338,0.0007073492743,0.03308803961,-0.003245597472,0.01416145651,0.01430949315,-0.0006394127366,0.7280944668,0,0,0,1,0,0,0
24.85052323,22.83050871,rate,circle,2.006203175,2.308764696,-1.630570412,1.971254981,2.337866543,-2,-0.1533460915,0.9039154649,0.006110046059,-0.1520399445,0.8870647413,0,0.3722183694,0.01797179923,0.06015118852,0.00264024362,0.02583929151,-0.002861730056,0.02065203489,-0.002400335461,-0.0006905064236,0.7281061145,0,0,0,1,0,0,0
24.86064291,22.84062839,rate,circle,2.005044699,2.316138268,-1.630518198,1.969695951,2.346839817,-2,-0.1564337164,0.9031741619,0.00604687212,-0.1560779178,0.8863631781,0,0.3724364659,0.01786897955,0.07673779791,0.003736239159,0.02051014453,-0.003023136873,0.02707655524,-0.01595378527,-0.0007368427567,0.7281203024,0,0,0,1,0,0,0
24.87051654,22.85050201,rate,circle,2.002647638,2.330857277,-1.630414605,1.968135459,2.355587986,-2,-0.1626637131,0.9015782475,0.005985985976,-0.1600145936,0.8856609565,0,0.3720162128,0.01721075295,0.08426811091,0.003090873128,0.01987543888,-0.002601018175,-0.0007525112803,0.0491717391,-0.0006468291418,0.7281142899,0,0,0,1,0,0,0
24.88051701,22.86050248,rate,circle,2.001409769,2.338202715,-1.630363464,1.966515314,2.364441379,-2,-0.1657114625,0.9007568955,0.005932715256,-0.1639986204,0.8849318914,0,0.3722059362,0.01698710372,0.06564312366,0.003341895062,0.02153816074,-0.002169740619,0.01002856721,0.02493582763,-0.0007152710045,0.7281302583,0,0,0,1,0,0,0
24.89053082,22.8705163,rate,circle,2.000160694,2.345550776,-1.630319476,1.964853101,2.373299196,-2,-0.1687845588,0.8999479413,0.005888659507,-0.1679846383,0.8841838956,0,0.3723980272,0.01684699734,0.0656072955,0.003535612021,0.02024188451,-0.002620487707,0.01872178181,0.006064300719,-0.0007620742756,0.7281459687,0,0,0,1,0,0,0
24.90043592,22.8804214,rate,circle,1.998884916,2.352889061,-1.630271435,1.963169684,2.382053389,-2,-0.171874091,0.8991212845,0.005846166983,-0.1719240249,0.8834263578,0,0.3725927371,0.01674845919,0.08092300316,0.004969733302,0.01661639661,-0.003177010687,0.02523220314,-0.008044353571,-0.0007809629927,0.72816288,0,0,0,1,0,0,0
24.91051149,22.89049697,rate,circle,1.996257424,2.367532015,-1.630177855,1.961417279,2.390950455,-2,-0.1781200618,0.8974723816,0.005589922424,-0.1759277045,0.8826377755,0,0.3721970951,0.01600372457,0.08679717424,0.005132623948,0.01595120504,-0.001509120106,-0.002043614151,0.05262509047,-0.0007319530084,0.7281046081,0,0,0,1,0,0,0
24.9204278,22.90041327,rate,circle,1.993561506,2.382163048,-1.63006711,1.959653204,2.399699039,-2,-0.1842032373,0.8957580328,0.005432878155,-0.1798645675,0.8818439416,0,0.371897334,0.01555448984,0.173845139,0.004395431839,0.01934078149,-0.002641820116,-0.0238430358,0.1021785783,-0.0007663352141,0.7280785984,0,0,0,1,0,0,0
24.93051887,22.91050434,rate,circle,1.993561506,2.382163048,-1.63006711,1.95781798,2.408593633,-2,-0.1842032373,0.8957580328,0.005432878155,-0.1838671349,0.881018091,0,0.3725943083,0.01571289323,0.070158394,0.004395431839,0.01934078149,-0.002641820116,0.02507313749,-0.005055830239,-0.0008912425541,0.7281275255,0,0,0,1,0,0,0
24.94053054,22.92051601,rate,circle,1.992173791,2.389463663,-1.630012989,1.955957299,2.417409922,-2,-0.1872539371,0.8948935866,0.0053736954,-0.1878344647,0.8801807848,0,0.3728042595,0.0156741875,0.08686161998,0.003916360438,0.01968222857,-0.002631135751,0.03117748599,-0.01712377455,-0.0009408633442,0.7281433845,0,0,0,1,0,0,0
24.95053291,22.93051839,rate,circle,1.989330173,2.404057026,-1.629900455,1.954058702,2.426209562,-2,-0.1933777332,0.8931703568,0.005264990963,-0.1917943027,0.8793264158,0,0.3724358795,0.01489570691,0.08438990336,0.001222319552,0.02694293298,-0.001682379749,0.002750145408,0.0453786379,-0.0009331096522,0.7281302331,0,0,0,1,0,0,0
24.96051049,22.94049597,rate,circle,1.986392498,2.418632269,-1.629780293,1.952125369,2.434978785,-2,-0.19943887,0.8913820386,0.00510765845,-0.1957404532,0.8784564161,0,0.3721613582,0.01438186977,0.1579386186,0.004346712027,0.02476465516,-0.001164394664,-0.02038205161,0.094678903,-0.0009904294231,0.728108313,0,0,0,1,0,0,0
24.9705255,22.95051098,rate,circle,1.986392498,2.418632269,-1.629780293,1.950145208,2.443772088,-2,-0.19943887,0.8913820386,0.00510765845,-0.1996974398,0.8775653438,0,0.372838448,0.01473282354,0.08043773488,0.004346712027,0.02476465516,-0.001164394664,0.02943539666,-0.01022968611,-0.001087724059,0.7281565067,0,0,0,1,0,0,0
24.9804225,22.96040797,rate,circle,1.981804967,2.440433979,-1.629587889,1.94814947,2.452452917,-2,-0.2085008472,0.8885874152,0.004888339899,-0.2036038127,0.8766672615,0,0.3721320727,0.01378284723,0.2143459941,0.002235730877,0.02833840996,-0.001777453581,-0.03516290722,0.1241461914,-0.001152040516,0.7281081551,0,0,0,1,0,0,0
24.99051714,22.97050261,rate,circle,1.981804967,2.440433979,-1.629587889,1.946074069,2.461297861,-2,-0.2085008472,0.8885874152,0.004888339899,-0.2075840376,0.8757333312,0,0.3727158848,0.0137827386,0.07923523085,0.002235730877,0.02833840996,-0.001777453581,0.01832282231,0.01378110616,-0.001182727375,0.7281564373,0,0,0,1,0,0,0
25.00051498,22.98050046,rate,circle,1.980223894,2.447684765,-1.629522562,1.943978988,2.470048609,-2,-0.2114862651,0.8876222372,0.00474824803,-0.211521874,0.8747905445,0,0.3729173726,0.01368208552,0.07743549616,-0.0005309288972,0.03561094403,-0.001379889785,0.02658148639,-0.002560369628,-0.001260009237,0.7281561371,0,0,0,1,0,0,0
25.01051903,22.9905045,rate,circle,1.978616714,2.454924345,-1.62945962,1.941843222,2.478795259,-2,-0.2145594805,0.8866312504,0.00448515173,-0.2154578666,0.87382945,0,0.3731250244,0.01359447593,0.09674141515,0.0001489654969,0.03575517237,-0.001003683195,0.03278540548,-0.01608443423,-0.001342403196,0.7281229617,0,0,0,1,0,0,0
25.02051902,23.00050449,rate,circle,1.976991653,2.462148428,-1.629392147,1.939668992,2.487528668,-2,-0.2175672203,0.8856076002,0.004316390492,-0.2193879006,0.8728510463,0,0.3733461106,0.01358954636,0.1284807047,0.001637655892,0.03299288824,-0.001632269588,0.03857741092,-0.02750437088,-0.001403800225,0.7281158081,0,0,0,1,0,0,0
25.03052139,23.01050687,rate,circle,1.973662972,2.4765625,-1.62926209,1.937454951,2.496254283,-2,-0.223591283,0.8835388422,0.004157376941,-0.2233144274,0.8718547279,0,0.3730219635,0.01240479583,0.07254743873,0.00435951259,0.02183889411,-0.00188342575,0.007217455705,0.03356273291,-0.001407889033,0.7280974444,0,0,0,1,0,0,0
25.04053807,23.02052355,rate,circle,1.971959352,2.483752489,-1.62919867,1.935198407,2.504982302,-2,-0.2266378701,0.8824578524,0.004153620917,-0.2272420358,0.8708392832,0,0.373223389,0.01235349069,0.08547925426,0.006288202945,0.01531831827,-0.001395635656,0.01781866158,0.01164120331,-0.001473971027,0.7281302431,0,0,0,1,0,0,0
25.05051875,23.03050423,rate,circle,1.970234275,2.490926504,-1.629135966,1.932910867,2.513668746,-2,-0.2296568453,0.8813412786,0.004203931894,-0.2311509358,0.8698098901,0,0.3734305529,0.01236439526,0.1075044287,0.007216663565,0.008564915508,-0.001005252474,0.02639506358,-0.005355155645,-0.001548319636,0.7281766145,0,0,0,1,0,0,0
25.06044722,23.04043269,rate,circle,1.964903712,2.512320518,-1.628916025,1.930596609,2.522299468,-2,-0.2386447489,0.8778766394,0.004205543548,-0.2350347605,0.868768474,0,0.3728000445,0.01066195526,0.1928036719,0.01242244989,0.0030852817,-0.00214136648,-0.04329162638,0.1220457409,-0.001759996207,0.7281934042,0,0,0,1,0,0,0
25.07052135,23.05050683,rate,circle,1.964903712,2.512320518,-1.628916025,1.928209006,2.531046165,-2,-0.2386447489,0.8778766394,0.004205543548,-0.2389707742,0.8676940527,0,0.3733637204,0.01102170405,0.0729192343,0.01242244989,0.0030852817,-0.00214136648,0.01520636816,0.01323261975,-0.001729201088,0.7282421813,0,0,0,1,0,0,0
25.08050728,23.06049275,rate,circle,1.963074803,2.519429207,-1.628821254,1.925803202,2.539705501,-2,-0.2417416126,0.8766943216,0.004244813696,-0.2428674753,0.8666114409,0,0.3735959877,0.01099774953,0.07616619573,0.01171884034,0.007264466025,-9.616668831e-05,0.02266000383,-0.003170038265,-0.001853232365,0.7282967267,0,0,0,1,0,0,0
25.09052634,23.07051182,rate,circle,1.961218238,2.526512146,-1.628721595,1.923350332,2.548382621,-2,-0.2448046952,0.8755072951,0.004265331663,-0.2467721796,0.8655076495,0,0.3738448209,0.01104793923,0.09229271615,0.01071408205,0.009889164008,0.0001454464073,0.0291829259,-0.01680481565,-0.00198106349,0.7283487727,0,0,0,1,0,0,0
25.10052156,23.08050704,rate,circle,1.959335804,2.533584356,-1.628624201,1.920864343,2.557027986,-2,-0.2478156984,0.8743847609,0.004099766724,-0.2506625938,0.8643889542,0,0.374098438,0.01117269227,0.1186248045,0.008624543436,0.01859290898,-0.001093902159,0.03521885221,-0.02762431174,-0.002074990305,0.7283532521,0,0,0,1,0,0,0
25.11052418,23.09050965,rate,circle,1.955493093,2.547696352,-1.628437996,1.918337611,2.565668462,-2,-0.2538994849,0.8721260428,0.003773689736,-0.2545508081,0.863251925,0,0.3738473611,0.00966513957,0.06353479728,0.002508152509,0.02951449156,-0.0006097897422,0.0009362203701,0.03089607532,-0.002245663301,0.7283103505,0,0,0,1,0,0,0
25.12048697,23.10047245,rate,circle,1.953526258,2.554708719,-1.628347635,1.915782303,2.574263153,-2,-0.2568947375,0.8708716631,0.00355110853,-0.2584184187,0.8621020362,0,0.3740754767,0.009583231783,0.07780170079,0.00261012651,0.02627707459,-0.0001044702003,0.01294597796,0.008045037738,-0.002354026367,0.72829731,0,0,0,1,0,0,0
25.13053226,23.11051774,rate,circle,1.951534271,2.561709881,-1.628260136,1.91316685,2.582917321,-2,-0.2598969042,0.869592905,0.003400842892,-0.2623127944,0.8609250826,0,0.3743158309,0.009619428428,0.1072386608,0.00380786811,0.01932295226,-2.95715854e-05,0.02278359642,-0.01051388295,-0.002502540797,0.7283018509,0,0,0,1,0,0,0
25.1404469,23.12043238,rate,circle,1.945380092,2.582643032,-1.627977133,1.910547081,2.59144725,-2,-0.2690138519,0.8657768965,0.002948363079,-0.2661512626,0.8597461866,0,0.3737537513,0.007297720434,0.1691500833,0.005204062443,0.007686180994,0.0006570541882,-0.05300580718,0.1117390288,-0.003047019333,0.7282213576,0,0,0,1,0,0,0
25.15052938,23.13051486,rate,circle,1.945380092,2.582643032,-1.627977133,1.90784396,2.600109509,-2,-0.2690138519,0.8657768965,0.002948363079,-0.2700492793,0.8585297821,0,0.3743194528,0.007892124008,0.06474158814,0.005204062443,0.007686180994,0.0006570541882,0.01031331813,0.006238582655,-0.00293092258,0.7282712287,0,0,0,1,0,0,0
25.1605103,23.14049578,rate,circle,1.941117287,2.596539974,-1.627788901,1.905129387,2.608672342,-2,-0.2751269042,0.863196671,0.002801727736,-0.273902554,0.857308224,0,0.3741435891,0.006634946887,0.1089954136,0.005280815065,0.007923429832,7.907598047e-05,-0.02324582943,0.0572544897,-0.003259356245,0.7282720277,0,0,0,1,0,0,0
25.17052674,23.15051222,rate,circle,1.941117287,2.596539974,-1.627788901,1.902366514,2.617253308,-2,-0.2751269042,0.863196671,0.002801727736,-0.2777639884,0.8560649314,0,0.374795633,0.008103431456,0.1061929904,0.005280815065,0.007923429832,7.907598047e-05,0.03426555712,-0.03588174736,-0.003197423959,0.7283221734,0,0,0,1,0,0,0
25.18050981,23.16049528,rate,circle,1.934476256,2.617301941,-1.627490401,1.899574392,2.6257932,-2,-0.2844059467,0.8593640327,0.002815334825,-0.2816069401,0.8548084764,0,0.374237415,0.006042651909,0.1808800526,0.004804074299,0.004939506296,0.0004280413268,-0.04939153883,0.09174858375,-0.00371483857,0.7283608066,0,0,0,1,0,0,0
25.19068789,23.17067337,rate,circle,1.934476256,2.617301941,-1.627490401,1.896688257,2.634486923,-2,-0.2844059467,0.8593640327,0.002815334825,-0.2855191153,0.8535097157,0,0.3748154981,0.00659077252,0.06591961165,0.004804074299,0.004939506296,0.0004280413268,0.01403334047,-0.007893432354,-0.003570586257,0.7284124531,0,0,0,1,0,0,0
25.20070219,23.18068767,rate,circle,1.929910898,2.631082773,-1.62726903,1.893809735,2.64302775,-2,-0.2905261815,0.8567535877,0.002599111293,-0.2893624875,0.8522143808,0,0.3746656546,0.005358541097,0.1210169186,0.002675331198,0.005532999057,0.0009943955811,-0.02233875159,0.04626528035,-0.003962758285,0.7284059625,0,0,0,1,0,0,0
25.21064496,23.19063044,rate,circle,1.929910898,2.631082773,-1.62726903,1.890913724,2.651494657,-2,-0.2905261815,0.8567535877,0.002599111293,-0.2931725956,0.8509111758,0,0.3753209305,0.006920452584,0.1004811112,0.002675331198,0.005532999057,0.0009943955811,0.03581379438,-0.04293646568,-0.003874095783,0.7284570117,0,0,0,1,0,0,0
25.22052765,23.20051312,rate,circle,1.927567601,2.637975216,-1.627144217,1.887997701,2.659897477,-2,-0.2936699688,0.8554649353,0.00253217225,-0.2969538646,0.8495989656,0,0.375589932,0.007183694603,0.1219323919,0.004442832433,0.0008323123329,-0.0001581067045,0.03720746887,-0.04610728499,-0.004016638138,0.7284935725,0,0,0,1,0,0,0
25.23051906,23.21050453,rate,circle,1.922807693,2.651725054,-1.626903057,1.885011641,2.668379468,-2,-0.2998269498,0.852893889,0.002429181477,-0.3007707604,0.8482552385,0,0.3753761312,0.005320599491,0.07830037507,0.006219059695,-0.009050974622,0.0003351344494,-0.005389056803,0.01792119918,-0.00433014288,0.7285214858,0,0,0,1,0,0,0
25.24051547,23.22050095,rate,circle,1.917916656,2.665447235,-1.626660943,1.88198595,2.676852187,-2,-0.3060140908,0.8503542542,0.002367366105,-0.3045834843,0.8468936776,0,0.3752374448,0.004430197307,0.1748092927,0.0110271452,-0.01898133568,4.164705388e-05,-0.041023008,0.07047353261,-0.004627523876,0.7285582039,0,0,0,1,0,0,0
25.25051808,23.23050356,rate,circle,1.917916656,2.665447235,-1.626660943,1.878920265,2.685316452,-2,-0.3060140908,0.8503542542,0.002367366105,-0.3083924033,0.8455141191,0,0.3758956713,0.005889626539,0.08137980582,0.0110271452,-0.01898133568,4.164705388e-05,0.02232189318,-0.0224615957,-0.004507852175,0.7286119959,0,0,0,1,0,0,0
25.26050091,23.24048638,rate,circle,1.915423989,2.672296524,-1.626540661,1.875822689,2.693750127,-2,-0.3090759814,0.849103272,0.002376617864,-0.3121875573,0.8441202101,0,0.3761653866,0.006337280366,0.08931620516,0.01191822439,-0.02457620017,0.001137104118,0.02675993869,-0.02762150255,-0.004650304953,0.7286675381,0,0,0,1,0,0,0
25.27052212,23.25050759,rate,circle,1.910366893,2.68596077,-1.626308203,1.872675129,2.70220215,-2,-0.3153109252,0.8466694951,0.00219345931,-0.3159909676,0.8427038082,0,0.3759388392,0.004582618651,0.1400042573,0.01112443767,-0.02029869519,0.0001157761435,-0.01678067783,0.03670935805,-0.00496193459,0.728668416,0,0,0,1,0,0,0
25.28043914,23.26042461,rate,circle,1.905177236,2.69961071,-1.626076579,1.869522803,2.710552241,-2,-0.3216120005,0.8442124724,0.002032449003,-0.3197485086,0.8412852615,0,0.3757787652,0.004021444348,0.2637222326,0.00724917138,-0.01471901871,-8.507023449e-05,-0.0539489055,0.08924267789,-0.00529094154,0.7286713998,0,0,0,1,0,0,0
25.29075336,23.27073884,rate,circle,1.905177236,2.69961071,-1.626076579,1.86620472,2.719221763,-2,-0.3216120005,0.8442124724,0.002032449003,-0.3236497934,0.8397921238,0,0.3764600578,0.005274744618,0.1161125243,0.00724917138,-0.01471901871,-8.507023449e-05,0.01309090667,-0.005446296952,-0.005151433771,0.7287303994,0,0,0,1,0,0,0
25.30055428,23.28053975,rate,circle,1.902546287,2.706418514,-1.625964999,1.863014517,2.727445469,-2,-0.3247707188,0.8430184722,0.001961822854,-0.3273504611,0.8383565325,0,0.3767055554,0.005677807762,0.1107790999,0.008460749872,-0.01441685576,0.0001764471381,0.01714939943,-0.01045210623,-0.005269615468,0.7287607819,0,0,0,1,0,0,0
25.31067014,23.29065561,rate,circle,1.897210956,2.720000029,-1.625749946,1.859683793,2.735918602,-2,-0.3312031627,0.8406792283,0.001814964809,-0.3311633708,0.836857707,0,0.3764635335,0.004230804341,0.2109310194,0.005041812081,-0.006130544003,-0.0002238978923,-0.0270201638,0.05076034176,-0.005500161579,0.7287607364,0,0,0,1,0,0,0
25.32081532,23.3008008,rate,circle,1.894499063,2.726794481,-1.625655293,1.856304711,2.744400981,-2,-0.3342629969,0.8395619392,0.001699541812,-0.3349804416,0.8353371198,0,0.3766998231,0.004610018283,0.1898570802,0.001398451626,-0.001331942738,0.0004498863709,-0.01208280757,0.03256749673,-0.005587634541,0.7287765873,0,0,0,1,0,0,0
25.33052707,23.31051254,rate,circle,1.891769171,2.733573914,-1.625563622,1.85303375,2.752506426,-2,-0.3374083042,0.8383643627,0.001607315848,-0.3386278916,0.8338651876,0,0.3769104328,0.004930865496,0.1748053257,0.0003922136966,0.001249321853,0.0008365596295,-0.003139208889,0.02076442806,-0.005689570946,0.7287940369,0,0,0,1,0,0,0
25.34044337,23.32042885,rate,circle,1.886236429,2.747098207,-1.625388384,1.849657374,2.760767768,-2,-0.3437465131,0.8360455036,0.001326156198,-0.3423454957,0.8323458185,0,0.3766414038,0.004172434547,0.2835582475,-0.002874237718,0.006934120785,-0.0009547510999,-0.04461886869,0.07786502297,-0.005983011664,0.7287444897,0,0,0,1,0,0,0
25.35052729,23.33051276,rate,circle,1.883409142,2.753857136,-1.625311494,1.84618616,2.76915321,-2,-0.3468631506,0.8349614143,0.001229014597,-0.3461189446,0.8307837722,0,0.3768434647,0.004417806369,0.2560362542,-0.006862923037,0.01372723654,-0.000908510352,-0.02699240445,0.0553246516,-0.006021562672,0.7287578904,0,0,0,1,0,0,0
25.36049247,23.34047794,rate,circle,1.880558372,2.760605097,-1.625236869,1.842718471,2.77742436,-2,-0.349996388,0.8338800073,0.00114976184,-0.349840962,0.8292233121,0,0.3770439631,0.004799054013,0.2288240831,-0.009799107909,0.02024469152,3.327299419e-05,-0.0136584377,0.03837114296,-0.006088368221,0.7287743115,0,0,0,1,0,0,0
25.37053037,23.35051584,rate,circle,1.877683997,2.767342091,-1.625164509,1.839188016,2.78574006,-2,-0.3531232178,0.8326988816,0.001000074553,-0.3535830271,0.8276346071,0,0.3772559759,0.00518251386,0.1984600354,-0.0138860764,0.02542086691,-0.0003131863486,-0.002345239492,0.02343803796,-0.006148407497,0.7287725292,0,0,0,1,0,0,0
25.38055158,23.36053705,rate,circle,1.874786258,2.774067879,-1.625085354,1.835625997,2.794025943,-2,-0.3561726511,0.8315351605,0.0009362528799,-0.3573116743,0.8260316988,0,0.3774822409,0.005697546342,0.1688655637,-0.01779643074,0.03119544126,-0.0004984252155,0.007683314593,0.01138508933,-0.006205996958,0.728795548,0,0,0,1,0,0,0
25.39053392,23.3705194,rate,circle,1.868871927,2.787480831,-1.624931574,1.83204068,2.802263639,-2,-0.3624366224,0.8291195631,0.0008748095133,-0.3610186377,0.824418306,0,0.3771622946,0.004987764109,0.2366389808,-0.02504945546,0.04316648468,-0.0007170385215,-0.03491209657,0.06536656357,-0.006476708907,0.7287957306,0,0,0,1,0,0,0
25.40052247,23.38050795,rate,circle,1.862876892,2.800838709,-1.624787569,1.828416134,2.810490248,-2,-0.3685899079,0.8265441656,0.0005536365788,-0.3647206115,0.8227872602,0,0.3769151953,0.005421467162,0.3064225142,-0.02707254328,0.04245120287,-0.0003839975689,-0.06772608818,0.1057835977,-0.006772276336,0.728729017,0,0,0,1,0,0,0
25.41053057,23.39051604,rate,circle,1.862876892,2.800838709,-1.624787569,1.824747444,2.818716535,-2,-0.3685899079,0.8265441656,0.0005536365788,-0.3684224407,0.8211363499,0,0.3775683247,0.005438660605,0.1630184972,-0.02707254328,0.04245120287,-0.0003839975689,0.005953911168,0.01163231389,-0.006470116344,0.7287858728,0,0,0,1,0,0,0
25.42045164,23.40043712,rate,circle,1.859818101,2.807504177,-1.624713778,1.821074125,2.826854903,-2,-0.3716930747,0.8252578378,0.000387238164,-0.3720847064,0.8194833563,0,0.3777767784,0.005800686602,0.1386620068,-0.02581794001,0.04000184312,-0.001553867944,0.01379847821,0.001075832218,-0.006510416492,0.7287787384,0,0,0,1,0,0,0
25.43052721,23.41051269,rate,circle,1.853633523,2.820798635,-1.624574184,1.817306455,2.835103137,-2,-0.3777470887,0.8225708008,0.0001678430854,-0.3757964117,0.8177879046,0,0.3774504175,0.00516811451,0.1885502007,-0.02715657651,0.04146419466,-0.0009166327072,-0.02815493929,0.05287766719,-0.006787483502,0.7287366714,0,0,0,1,0,0,0
25.44049406,23.42047954,rate,circle,1.850507975,2.827426672,-1.624525905,1.813542682,2.84324548,-2,-0.3808023632,0.8211653829,7.768820069e-05,-0.379460466,0.816094207,0,0.3776207937,0.005246288955,0.1566850453,-0.0273312442,0.04169094563,-0.0003727874719,-0.01196965129,0.03156168496,-0.006800900631,0.728739882,0,0,0,1,0,0,0
25.45054412,23.43052959,rate,circle,1.847327352,2.834053278,-1.62448895,1.809710549,2.851438623,-2,-0.3837717474,0.8197613358,-5.987843178e-05,-0.3831473803,0.8143697471,0,0.3777907131,0.005427950728,0.133852009,-0.02651163191,0.0394525975,-0.001843466773,0.001954459339,0.01426722839,-0.006781481449,0.7287275523,0,0,0,1,0,0,0
25.46047616,23.44046164,rate,circle,1.844125867,2.840666533,-1.624453545,1.805887051,2.859518446,-2,-0.3867233098,0.8182908893,-0.0001240507263,-0.3867833006,0.812649173,0,0.3779586509,0.005643398799,0.1263333984,-0.02570814639,0.03462112695,-0.001013490488,0.01277139059,0.0008007094136,-0.006787593895,0.7287323999,0,0,0,1,0,0,0
25.4705286,23.45051408,rate,circle,1.840903282,2.847266436,-1.624419451,1.801980471,2.867678733,-2,-0.3896847665,0.8168715239,-0.0002556397812,-0.3904554298,0.8108912118,0,0.3781433539,0.006035180725,0.1341093195,-0.02317878045,0.03135424107,-0.001065372373,0.02236339818,-0.0103422462,-0.006796492933,0.7287201693,0,0,0,1,0,0,0
25.48048043,23.46046591,rate,circle,1.831071854,2.866984844,-1.624345422,1.798076668,2.875739857,-2,-0.3984349072,0.8124223351,-0.0005603918689,-0.3940829355,0.8091345005,0,0.3772024584,0.005483024104,0.2168933461,-0.02187768742,0.02998228371,-0.001818312798,-0.07415992262,0.1035929557,-0.007375102239,0.7285901777,0,0,0,1,0,0,0
25.49052954,23.47051501,rate,circle,1.831071854,2.866984844,-1.624345422,1.794098116,2.883861952,-2,-0.3984349072,0.8124223351,-0.0005603918689,-0.3977378784,0.8073441522,0,0.3778468687,0.005156338853,0.1287646575,-0.02187768742,0.02998228371,-0.001818312798,0.005663285164,0.009486856894,-0.006946981831,0.7286423597,0,0,0,1,0,0,0
25.5005157,23.48050117,rate,circle,1.821001172,2.886592388,-1.624278307,1.790108139,2.89191527,-2,-0.4070517123,0.807862401,-0.0008393521421,-0.4013618716,0.8055486627,0,0.3770271915,0.006199369623,0.2654485609,-0.01381135173,0.01533487625,-0.002147219144,-0.08895103635,0.1191250607,-0.007623393799,0.7285183633,0,0,0,1,0,0,0
25.51052785,23.49051332,rate,circle,1.821001172,2.886592388,-1.624278307,1.786071489,2.899971464,-2,-0.4070517123,0.807862401,-0.0008393521421,-0.4049871589,0.80373217,0,0.3775789627,0.004693154661,0.1431403195,-0.01381135173,0.01533487625,-0.002147219144,-0.005940169139,0.02307185581,-0.007090800737,0.728569596,0,0,0,1,0,0,0
25.52048039,23.50046587,rate,circle,1.814150929,2.899603605,-1.624238491,1.782022937,2.907961592,-2,-0.4127170146,0.8048257232,-0.001014791313,-0.4085827165,0.8019103215,0,0.3772250992,0.005159630636,0.2143839246,-0.007885511965,0.006158343516,-0.002099118195,-0.04745254509,0.07130624668,-0.007356705969,0.7285049008,0,0,0,1,0,0,0
25.53053999,23.51052547,rate,circle,1.814150929,2.899603605,-1.624238491,1.777894515,2.916019155,-2,-0.4127170146,0.8048257232,-0.001014791313,-0.4122086197,0.8000525319,0,0.3778633476,0.00490628387,0.1339834842,-0.007885511965,0.006158343516,-0.002099118195,0.02724627654,-0.01365040703,-0.006924633911,0.728556646,0,0,0,1,0,0,0
25.54048085,23.52046633,rate,circle,1.807200551,2.912556648,-1.624195457,1.773779031,2.923963175,-2,-0.4184175432,0.8017756939,-0.001236174488,-0.4157834289,0.7982005639,0,0.377460146,0.004609581282,0.1730118224,-0.007563856896,0.007012394723,-0.003017251613,-0.02224166653,0.04277498378,-0.007192804467,0.7284807611,0,0,0,1,0,0,0
25.55054021,23.53052568,rate,circle,1.803679824,2.919014692,-1.624171615,1.769578358,2.931983066,-2,-0.4212073982,0.8002421856,-0.001396394335,-0.4193923796,0.7963102611,0,0.3775951058,0.004550191179,0.1554089439,-0.007342229132,0.01070191339,-0.002340709092,-0.005990337665,0.02497689518,-0.007108535057,0.7284577418,0,0,0,1,0,0,0
25.56052041,23.54050589,rate,circle,1.800140142,2.925458908,-1.624139428,1.765374905,2.939920977,-2,-0.4239960611,0.7986636758,-0.001523684245,-0.4229644397,0.7944187075,0,0.3777418995,0.004626619977,0.1425283374,-0.009609978646,0.01521074027,-0.002276414074,0.006628371691,0.01094356142,-0.007050140628,0.7284456728,0,0,0,1,0,0,0
25.57053709,23.55052257,rate,circle,1.796581507,2.93188858,-1.624109507,1.761120286,2.947868839,-2,-0.426795274,0.7970577478,-0.001676339773,-0.4265409777,0.7925041289,0,0.3778975124,0.004859035618,0.1369495534,-0.009929864667,0.01683567278,-0.001779913553,0.01702832623,-0.000723139692,-0.007018438221,0.7284264286,0,0,0,1,0,0,0
25.5804987,23.56048417,rate,circle,1.793003678,2.938304186,-1.624081373,1.756853573,2.955753903,-2,-0.4295834899,0.7954979539,-0.001781512168,-0.4300892561,0.790584108,0,0.3780557322,0.0052512348,0.1400869774,-0.008254639804,0.0139634423,-0.002491291612,0.02535077108,-0.009222541646,-0.006977415204,0.728418471,0,0,0,1,0,0,0
25.59052658,23.57051206,rate,circle,1.78572166,2.951097727,-1.624009371,1.752522815,2.963672031,-2,-0.4351654649,0.792399168,-0.001834262977,-0.4336524141,0.7886352666,0,0.3776628519,0.004452055384,0.1599167045,-0.006430329289,0.0114659816,-0.002336895093,-0.02351308895,0.04386998701,-0.007234100663,0.7283962653,0,0,0,1,0,0,0
25.60051489,23.58050036,rate,circle,1.778371334,2.963831186,-1.62394321,1.748173673,2.971539402,-2,-0.4407151639,0.7891849279,-0.001862760633,-0.4371927311,0.7866781527,0,0.3773460281,0.00470758246,0.237364559,-0.006197325885,0.008348669857,-0.002773184096,-0.06322345097,0.08557947109,-0.007467636499,0.7283779366,0,0,0,1,0,0,0
25.61053348,23.59051895,rate,circle,1.778371334,2.963831186,-1.62394321,1.743775868,2.979410906,-2,-0.4407151639,0.7891849279,-0.001862760633,-0.4407349077,0.7846991405,0,0.377965982,0.00485721686,0.1388598056,-0.006197325885,0.008348669857,-0.002773184096,0.01739139929,0.0001665719949,-0.00690955287,0.7284298958,0,0,0,1,0,0,0
25.62049341,23.60047889,rate,circle,1.774653792,2.970169544,-1.62387681,1.739368677,2.987216596,-2,-0.443451941,0.7875810266,-0.001875735703,-0.4442474681,0.7827159044,0,0.3781590874,0.005274529472,0.1390769131,-0.006284289993,0.007821595296,-0.001531057176,0.02524383232,-0.007654490984,-0.00690172633,0.7284590921,0,0,0,1,0,0,0
25.6305275,23.61051297,rate,circle,1.767164707,2.982803822,-1.623750687,1.734893344,2.995060343,-2,-0.4489060342,0.784317255,-0.001987379743,-0.4477771542,0.7807020047,0,0.3778296031,0.004277158306,0.1681820052,-0.009380511008,0.01606159471,-0.003083147341,-0.02388353294,0.04350060046,-0.007188981194,0.7284419881,0,0,0,1,0,0,0
25.64044571,23.62043118,rate,circle,1.759583235,2.995364189,-1.623603106,1.73043493,3.002793575,-2,-0.4543026984,0.7809924483,-0.002110768808,-0.4512571087,0.7786957184,0,0.3775969301,0.004359579083,0.2404309393,-0.009891248308,0.01868448965,-0.002994642127,-0.06432210227,0.08387946403,-0.007458334287,0.7284295922,0,0,0,1,0,0,0
25.65053821,23.63052368,rate,circle,1.759583235,2.995364189,-1.623603106,1.725862788,3.01064219,-2,-0.4543026984,0.7809924483,-0.002110768808,-0.4547889855,0.7766382547,0,0.3782130458,0.004863211115,0.1381745363,-0.009891248308,0.01868448965,-0.002994642127,0.01769922061,4.179195312e-05,-0.006840858913,0.7284818469,0,0,0,1,0,0,0
25.66047382,23.6404593,rate,circle,1.748046398,3.014074087,-1.623357534,1.721326944,3.018348444,-2,-0.4624912441,0.7759484649,-0.002381518018,-0.4582567996,0.7745971247,0,0.3776132231,0.005042644984,0.3020293342,-0.009103982709,0.01425348222,-0.002138705226,-0.09081476849,0.1073964437,-0.007695348189,0.7284235441,0,0,0,1,0,0,0
25.6705339,23.65051937,rate,circle,1.748046398,3.014074087,-1.623357534,1.716699225,3.026130485,-2,-0.4624912441,0.7759484649,-0.002381518018,-0.4617587181,0.7725146512,0,0.3781369446,0.004242558072,0.1651172,-0.009103982709,0.01425348222,-0.002138705226,-0.003282054946,0.01981377483,-0.006940447166,0.7284754664,0,0,0,1,0,0,0
25.68047881,23.66046429,rate,circle,1.744157314,3.020258665,-1.623247981,1.712089898,3.033802777,-2,-0.4652167261,0.7742346525,-0.002409773413,-0.4652112496,0.7704404541,0,0.3783567707,0.00449477248,0.1469438228,-0.01032815222,0.01599428058,-0.003000954865,0.007923622431,0.007765408739,-0.006836505422,0.7285159366,0,0,0,1,0,0,0
25.69053268,23.67051816,rate,circle,1.740249991,3.026429176,-1.623142004,1.707395217,3.041538081,-2,-0.4679295719,0.7725523114,-0.002496236004,-0.4686921363,0.7683278476,0,0.3785890441,0.004965762087,0.1354055492,-0.008418337442,0.0158445891,-0.002572435653,0.01785059725,-0.002231619361,-0.006778552749,0.7285411145,0,0,0,1,0,0,0
25.70050263,23.68048811,rate,circle,1.736324668,3.032586336,-1.623039722,1.702705212,3.049187763,-2,-0.4706350863,0.7708768845,-0.002540644025,-0.4721344932,0.7662173454,0,0.3788204404,0.005514924977,0.1323360018,-0.007128579542,0.01342736185,-0.00329811126,0.02559263632,-0.009624828326,-0.006715870237,0.7285752643,0,0,0,1,0,0,0
25.7105298,23.69051528,rate,circle,1.732381344,3.038729668,-1.62294054,1.697953721,3.056860047,-2,-0.4732978642,0.7691528797,-0.002537866589,-0.4755870213,0.7640791746,0,0.3790617469,0.006117474185,0.1372493755,-0.00701443525,0.01324417721,-0.003968616948,0.03282679496,-0.01645674839,-0.006637845547,0.7286207882,0,0,0,1,0,0,0
25.72050071,23.70048618,rate,circle,1.720369697,3.057049036,-1.622572899,1.693194613,3.064467943,-2,-0.4813101292,0.7639662027,-0.002550139558,-0.4790105744,0.761937576,0,0.3784768712,0.00398829421,0.2476338002,-0.004076147452,0.009040609002,-0.004020793829,-0.0806725079,0.09038948319,-0.007450811904,0.7286721374,0,0,0,1,0,0,0
25.73055792,23.71054339,rate,circle,1.720369697,3.057049036,-1.622572899,1.688359779,3.072119982,-2,-0.4813101292,0.7639662027,-0.002550139558,-0.4824539921,0.7597619006,0,0.3790817655,0.005048543441,0.1333595279,-0.004076147452,0.009040609002,-0.004020793829,0.007066106106,0.007479888624,-0.006683922328,0.7287243285,0,0,0,1,0,0,0
25.74049711,23.72048259,rate,circle,1.708153009,3.075238943,-1.622149467,1.683547704,3.079660654,-2,-0.4894496202,0.7587161064,-0.002498151036,-0.4858472944,0.7575964668,0,0.3786766398,0.004524500272,0.3311902234,0.000751827436,-0.0005528285983,-0.005002357997,-0.1060425687,0.1109606664,-0.007551083523,0.728809445,0,0,0,1,0,0,0
25.7505424,23.73052788,rate,circle,1.708153009,3.075238943,-1.622149467,1.678650043,3.087259874,-2,-0.4894496202,0.7587161064,-0.002498151036,-0.4892669432,0.7553925193,0,0.3791911823,0.004161773725,0.1822270173,0.000751827436,-0.0005528285983,-0.005002357997,-0.01358493008,0.02549158412,-0.006651032292,0.7288621658,0,0,0,1,0,0,0
25.76053762,23.7405231,rate,circle,1.704040408,3.081272364,-1.622008681,1.673742748,3.094799166,-2,-0.4921351373,0.7570051551,-0.002586182905,-0.4926596249,0.7531842364,0,0.3794448045,0.004643581433,0.1631637808,-0.002121781232,0.004605658352,-0.004125700332,-0.0008550780504,0.01409827994,-0.006505197442,0.7288991128,0,0,0,1,0,0,0
25.77053142,23.75051689,rate,circle,1.699910522,3.087291956,-1.621872425,1.668802301,3.102315236,-2,-0.4947755635,0.7552981377,-0.002650841605,-0.4960418563,0.7509610355,0,0.3797023614,0.005238407599,0.1453578559,-0.004954172298,0.01011302229,-0.003191273892,0.009931542702,0.004887106286,-0.00640457558,0.728940844,0,0,0,1,0,0,0
25.78050256,23.76048803,rate,circle,1.695739865,3.093296051,-1.621726513,1.663839415,3.109792053,-2,-0.4973940551,0.7535939813,-0.002762930002,-0.4994064241,0.7487277366,0,0.3799744569,0.005946742622,0.1310128718,-0.00640357472,0.01451426372,-0.004224244971,0.01868817952,-0.002541782566,-0.00629304658,0.728973979,0,0,0,1,0,0,0
25.7905426,23.77052808,rate,circle,1.68734777,3.105262518,-1.621448755,1.658808387,3.117297961,-2,-0.5027012229,0.7500494719,-0.002790122293,-0.5027840825,0.7464637743,0,0.3798162623,0.00454410331,0.1895255851,-0.01018035784,0.01871106029,-0.004519930109,-0.0346846176,0.04420426749,-0.006645249089,0.7290318625,0,0,0,1,0,0,0
25.80052543,23.7805109,rate,circle,1.68312633,3.111224413,-1.621327758,1.653772461,3.124738479,-2,-0.5053324699,0.7482430339,-0.002800212475,-0.5061323155,0.7441976076,0,0.3800486108,0.004984618009,0.1621145909,-0.01171250641,0.01848376356,-0.005666668527,-0.01642894597,0.02740646882,-0.006379649383,0.7290816182,0,0,0,1,0,0,0
25.81052661,23.79051208,rate,circle,1.678858042,3.117171764,-1.621188521,1.648693808,3.132169919,-2,-0.5079447031,0.7464612126,-0.002833220176,-0.5094764637,0.7419122138,0,0.3803064054,0.005573761551,0.1396779405,-0.01061607711,0.01562101953,-0.005333538633,-0.001960212369,0.01452878218,-0.006160996389,0.7291321582,0,0,0,1,0,0,0
25.82052088,23.80050635,rate,circle,1.665974259,3.13492012,-1.620798826,1.643585307,3.139573314,-2,-0.5156716704,0.7410465479,-0.003126222873,-0.5128079913,0.7396133882,0,0.3798900467,0.004475251289,0.3380310254,-0.01510630827,0.01802183688,-0.004819344729,-0.1125980589,0.1106910415,-0.007106302216,0.7291205997,0,0,0,1,0,0,0
25.83053684,23.81052232,rate,circle,1.665974259,3.13492012,-1.620798826,1.638432363,3.146969655,-2,-0.5156716704,0.7410465479,-0.003126222873,-0.5161363449,0.7372945635,0,0.3803909535,0.004905769905,0.1838462845,-0.01510630827,0.01802183688,-0.004819344729,-0.016925076,0.02788046647,-0.006049472739,0.729172873,0,0,0,1,0,0,0
25.84051394,23.82049942,rate,circle,1.657266498,3.146685362,-1.620527983,1.633266322,3.154314134,-2,-0.520786643,0.7374000549,-0.003290924942,-0.5194413603,0.7349698451,0,0.3803067426,0.004306494215,0.2678769898,-0.01744296588,0.02101004124,-0.003252710216,-0.0644075955,0.06811853439,-0.006504506865,0.7291947013,0,0,0,1,0,0,0
25.85051799,23.83050346,rate,circle,1.657266498,3.146685362,-1.620527983,1.628053276,3.161655083,-2,-0.520786643,0.7374000549,-0.003290924942,-0.5227447872,0.7326239741,0,0.3808891135,0.006121720649,0.132139815,-0.01744296588,0.02101004124,-0.003252710216,0.02144122787,-0.0048936547,-0.005599621083,0.7292466688,0,0,0,1,0,0,0
25.86044765,23.84043312,rate,circle,1.648458958,3.158396721,-1.620214224,1.622846364,3.168918166,-2,-0.5258253217,0.7336959243,-0.003705763025,-0.5260131749,0.7302808637,0,0.3807938308,0.005042876897,0.1902343099,-0.027452657,0.03436798975,-0.005121356342,-0.03342750772,0.04093636518,-0.006046628005,0.7292210945,0,0,0,1,0,0,0
25.87053299,23.85051847,rate,circle,1.648458958,3.158396721,-1.620214224,1.617524645,3.176271237,-2,-0.5258253217,0.7336959243,-0.003705763025,-0.5293220566,0.7278860902,0,0.3814625352,0.007727483833,0.1101052016,-0.027452657,0.03436798975,-0.005121356342,0.04729331295,-0.02652141844,-0.005233392863,0.72927276,0,0,0,1,0,0,0
25.88051796,23.86050344,rate,circle,1.63957274,3.170058727,-1.619876027,1.61222307,3.183527259,-2,-0.5307899117,0.7299438715,-0.004111619666,-0.5325872667,0.7255003813,0,0.3813445169,0.006315101416,0.1198816837,-0.03151674569,0.035574615,-0.004381435458,-0.01039000613,0.02155547703,-0.00567184493,0.7292591216,0,0,0,1,0,0,0
25.89053583,23.87052131,rate,circle,1.635104656,3.175869226,-1.619693041,1.606871315,3.190783179,-2,-0.5332149267,0.7280190587,-0.004348006565,-0.5358524303,0.7230920916,0,0.3816450324,0.007080719706,0.1049929414,-0.02917091176,0.02936656587,-0.00289638387,0.006187514213,0.008146745688,-0.005481757244,0.7292744794,0,0,0,1,0,0,0
25.90055156,23.88053703,rate,circle,1.626125693,3.187444448,-1.619347811,1.601488061,3.198013352,-2,-0.5379186869,0.7241911888,-0.004801352508,-0.5391060083,0.7206696274,0,0.3815950784,0.006071582408,0.1510715144,-0.01746767014,0.009169208817,-0.003534488147,-0.04131073801,0.04933683732,-0.005928737692,0.7292540139,0,0,0,1,0,0,0
25.91053319,23.89051867,rate,circle,1.621593595,3.193231106,-1.619149804,1.596090766,3.205194701,-2,-0.5402354598,0.7222855687,-0.005017136689,-0.5423376156,0.7182408445,0,0.3818905519,0.006778680827,0.1325684809,-0.01045841072,0.002314228099,-0.004665319808,-0.01854216483,0.03234424628,-0.00560323878,0.7292803481,0,0,0,1,0,0,0
25.92047858,23.90046406,rate,circle,1.612488151,3.204757214,-1.618799686,1.590681039,3.212325795,-2,-0.5449548364,0.7184198499,-0.005355835892,-0.5455466078,0.7158064674,0,0.3818985633,0.005988734386,0.2200842281,-0.006686428562,0.001326000434,-0.004218300339,-0.06444171064,0.07109400263,-0.00602257899,0.7292897957,0,0,0,1,0,0,0
25.93052888,23.91051435,rate,circle,1.612488151,3.204757214,-1.618799686,1.585181884,3.219507439,-2,-0.5449548364,0.7184198499,-0.005355835892,-0.5487783477,0.7133318478,0,0.3824616065,0.008318171824,0.1155588761,-0.006686428562,0.001326000434,-0.004218300339,0.02512243823,-0.0007802638767,-0.004998630075,0.7293395731,0,0,0,1,0,0,0
25.94048262,23.92046809,rate,circle,1.603281736,3.216244221,-1.6184448,1.579703605,3.2265955,-2,-0.5497437119,0.7146852016,-0.005722524133,-0.551967975,0.7108666222,0,0.3824231264,0.007230226633,0.173526341,-0.007425758988,0.008651133627,-0.004841499962,-0.0310763082,0.04623260388,-0.005460832609,0.7293434375,0,0,0,1,0,0,0
25.95053959,23.93052506,rate,circle,1.598635674,3.221975565,-1.618261695,1.57413632,3.23373208,-2,-0.5521137118,0.7127770185,-0.005865382031,-0.5551794362,0.708361344,0,0.3827042821,0.007956101698,0.1493532182,-0.009824596345,0.01556767803,-0.005161592271,-0.01120792034,0.03076436977,-0.005121737645,0.7293829963,0,0,0,1,0,0,0
25.96048355,23.94046903,rate,circle,1.593982339,3.227688789,-1.618085504,1.568599895,3.240763623,-2,-0.5544655323,0.7109003067,-0.005983458366,-0.5583436305,0.7058699528,0,0.3829802897,0.00872616068,0.1287774725,-0.01370198745,0.02296497859,-0.005612508859,0.004347519808,0.01913838522,-0.00482474815,0.7294261538,0,0,0,1,0,0,0
25.97053242,23.95051789,rate,circle,1.58931601,3.233386517,-1.617915988,1.562973156,3.247844106,-2,-0.5567198992,0.7090215087,-0.00617963681,-0.5615298478,0.7033379202,0,0.3832638257,0.009676088791,0.1169292493,-0.01563687064,0.02451953851,-0.00433096895,0.0186703297,0.009215429132,-0.004600077157,0.7294482911,0,0,0,1,0,0,0
25.98048997,23.96047544,rate,circle,1.5751127,3.250426292,-1.617353797,1.557366021,3.254835079,-2,-0.5636715293,0.7032458782,-0.006697149947,-0.5646757857,0.7008147095,0,0.3830828875,0.007195201839,0.2771136364,-0.01232937165,0.02028300054,-0.004827782046,-0.1000410927,0.1013918959,-0.005801484771,0.7294507309,0,0,0,1,0,0,0
25.9905293,23.97051477,rate,circle,1.5751127,3.250426292,-1.617353797,1.551681182,3.26185796,-2,-0.5636715293,0.7032458782,-0.006697149947,-0.5678360819,0.6982565317,0,0.3835333568,0.009332143084,0.1380735359,-0.01232937165,0.02028300054,-0.004827782046,-0.001579583965,0.02542055919,-0.004505654527,0.7294996184,0,0,0,1,0,0,0
26.00045228,23.98043776,rate,circle,1.565551162,3.26170516,-1.616971254,1.546031104,3.268774143,-2,-0.5682530403,0.6993435621,-0.006897766609,-0.5709483644,0.6957139967,0,0.3835909582,0.008247284457,0.2151232136,-0.008285400458,0.01814890653,-0.004120747559,-0.05349155015,0.06484699717,-0.0050196414,0.7295570047,0,0,0,1,0,0,0
26.01054263,23.99052811,rate,circle,1.565551162,3.26170516,-1.616971254,1.540254116,3.275781038,-2,-0.5682530403,0.6993435621,-0.006897766609,-0.5741014671,0.6931143524,0,0.3841211929,0.01098118086,0.1125216246,-0.008285400458,0.01814890653,-0.004120747559,0.03559163745,-0.002594822715,-0.003890494032,0.7296061139,0,0,0,1,0,0,0
26.0204885,24.00047398,rate,circle,1.560737133,3.267320633,-1.616769195,1.534528771,3.282661862,-2,-0.5705039501,0.6973901391,-0.007019136101,-0.5771978379,0.6905379468,0,0.384432155,0.0118755608,0.1143143304,-0.008530692197,0.01780133508,-0.004677665886,0.04170257167,-0.006530676129,-0.003722880055,0.7296578302,0,0,0,1,0,0,0
26.03054523,24.01053071,rate,circle,1.555910945,3.272919416,-1.616574407,1.528708351,3.28959326,-2,-0.572820127,0.6954238415,-0.007141689304,-0.580316967,0.6879187581,0,0.3847508074,0.01278798702,0.1262962817,-0.01114452258,0.01990558021,-0.00418007141,0.0475737388,-0.01059006979,-0.003572349769,0.7297067026,0,0,0,1,0,0,0
26.04053164,24.02051711,rate,circle,1.541312933,3.289617062,-1.615941048,1.522897657,3.296450048,-2,-0.5796580315,0.6895834804,-0.00768611161,-0.5834025214,0.6853039457,0,0.3845609067,0.009560958818,0.2118767612,-0.005992725026,0.01887926646,-0.003995227162,-0.07880846866,0.08326733666,-0.004911681236,0.7297293263,0,0,0,1,0,0,0
26.05055308,24.03053856,rate,circle,1.541312933,3.289617062,-1.615941048,1.517035653,3.303304579,-2,-0.5796580315,0.6895834804,-0.00768611161,-0.5864870607,0.682666044,0,0.3850688423,0.01239204899,0.1077536593,-0.005992725026,0.01887926646,-0.003995227162,0.01740849419,0.01268950151,-0.00361254447,0.7297777118,0,0,0,1,0,0,0
26.0605514,24.04053688,rate,circle,1.536412001,3.295150757,-1.615730405,1.511156432,3.310116879,-2,-0.5819158554,0.6875721216,-0.007858648896,-0.5895525957,0.6800203944,0,0.385389349,0.01330814596,0.1082510062,-0.0007646910381,0.01426346973,-0.004038167186,0.02784189561,0.005086951085,-0.003394384301,0.7298196008,0,0,0,1,0,0,0
26.07055426,24.05053973,rate,circle,1.531499147,3.300667763,-1.615527868,1.505243936,3.316905727,-2,-0.5841602087,0.6855752468,-0.008056902327,-0.5926075771,0.6773597711,0,0.3857095121,0.01427465411,0.1163072259,0.004465296865,0.008919565007,-0.003838740522,0.03639051268,-0.0005474891197,-0.003202547465,0.7298523322,0,0,0,1,0,0,0
26.08048201,24.06046748,rate,circle,1.516576052,3.317153692,-1.614855528,1.499345675,3.323617221,-2,-0.5909511447,0.6795826554,-0.008615312167,-0.5956277495,0.6747055535,0,0.3855838787,0.01094898896,0.260790294,0.01466679666,-0.0001997237123,-0.003616645932,-0.09448483989,0.09338933005,-0.00463566611,0.7298826399,0,0,0,1,0,0,0
26.09054184,24.07052732,rate,circle,1.516576052,3.317153692,-1.614855528,1.493338416,3.330391061,-2,-0.5909511447,0.6795826554,-0.008615312167,-0.5986759775,0.6720022872,0,0.3860718587,0.01383324359,0.1252011166,0.01466679666,-0.0001997237123,-0.003616645932,0.005310374543,0.02273307154,-0.003220282906,0.7299328409,0,0,0,1,0,0,0
26.10055423,24.0805397,rate,circle,1.50658083,3.328057289,-1.614425659,1.487329102,3.337105883,-2,-0.595438242,0.6755926609,-0.008973745629,-0.6016976471,0.6692980961,0,0.3861606898,0.01262259126,0.2251454498,0.01749878563,0.001876717783,-0.002804937307,-0.05158794904,0.0631486108,-0.003811342168,0.7299663848,0,0,0,1,0,0,0
26.11056805,24.09055352,rate,circle,1.501516342,3.333505154,-1.614183545,1.481288731,3.343794514,-2,-0.5976990461,0.673645854,-0.009148272686,-0.6047075313,0.6665799289,0,0.3864833296,0.01351802707,0.2096031193,0.0177713912,0.003410074394,-0.00334938732,-0.03014579395,0.0484974827,-0.00340425877,0.7300192401,0,0,0,1,0,0,0
26.12050104,24.10048652,rate,circle,1.491351843,3.344351053,-1.613727093,1.475267396,3.350402203,-2,-0.602402091,0.6697092056,-0.009563863277,-0.6076809913,0.6638703283,0,0.3866549944,0.01238655548,0.3310183736,0.01183328032,0.01220873278,-0.003409521189,-0.08492725024,0.08519198116,-0.003976415734,0.7300449249,0,0,0,1,0,0,0
26.13054848,24.11053395,rate,circle,1.491351843,3.344351053,-1.613727093,1.469146702,3.357058572,-2,-0.602402091,0.6697092056,-0.009563863277,-0.6106763573,0.661116016,0,0.3871192428,0.01528966548,0.1750306801,0.01183328032,0.01220873278,-0.003409521189,0.0113370078,0.01929831562,-0.002527479315,0.7300972906,0,0,0,1,0,0,0
26.14049578,24.12048125,rate,circle,1.475919485,3.360552788,-1.613052011,1.463057423,3.363621273,-2,-0.6094596982,0.6638486385,-0.01022292022,-0.613629573,0.6583758403,0,0.387173856,0.0123226407,0.4207306733,-0.002130304463,0.0269380752,-0.00369526702,-0.1226053561,0.1088809476,-0.004203773372,0.7300981778,0,0,0,1,0,0,0
26.1505549,24.13054037,rate,circle,1.475919485,3.360552788,-1.613052011,1.456869882,3.370229961,-2,-0.6094596982,0.6638486385,-0.01022292022,-0.6166034824,0.6555914471,0,0.3875374583,0.01495737143,0.2542064084,-0.002130304463,0.0269380752,-0.00369526702,-0.01910099093,0.03910978373,-0.002499536812,0.73015079,0,0,0,1,0,0,0
26.16052651,24.14051199,rate,circle,1.470735908,3.365928888,-1.612836838,1.450706701,3.376753452,-2,-0.6118217111,0.6619231701,-0.01040850766,-0.6195390533,0.6528180155,0,0.3878319926,0.01583661085,0.2260968795,-0.004808441736,0.02904097922,-0.003765206784,-0.00705462098,0.03108773278,-0.002186274131,0.7301913062,0,0,0,1,0,0,0
26.17055273,24.15053821,rate,circle,1.465546727,3.371286392,-1.612630725,1.444480324,3.383284712,-2,-0.6141325235,0.6599091887,-0.01058825757,-0.6224781202,0.6500161458,0,0.3881271806,0.01672221519,0.1956317591,-0.006542416289,0.02918545157,-0.003357589012,0.003677309061,0.02364211236,-0.001905262462,0.7302304548,0,0,0,1,0,0,0
26.18047667,24.16046214,rate,circle,1.449781418,3.387369394,-1.611958981,1.438288509,3.389721615,-2,-0.6210916638,0.6537547112,-0.01122499723,-0.6253747266,0.6472298288,0,0.3882183054,0.01367184254,0.4393794044,-0.008222287521,0.02611977048,-0.003330559004,-0.1305308394,0.1098711924,-0.00376454252,0.7302365408,0,0,0,1,0,0,0
26.19056726,24.17055273,rate,circle,1.449781418,3.387369394,-1.611958981,1.431963303,3.396238196,-2,-0.6210916638,0.6537547112,-0.01122499723,-0.6283071881,0.6443834863,0,0.388551121,0.01630595622,0.269729961,-0.008222287521,0.02611977048,-0.003330559004,-0.02497995408,0.04123932606,-0.001898518009,0.7302889381,0,0,0,1,0,0,0
26.20053434,24.18051982,rate,circle,1.439179301,3.39804244,-1.611532331,1.425686527,3.402646758,-2,-0.6256461143,0.6496449113,-0.01164773479,-0.6311910409,0.6415589372,0,0.3887291923,0.0152249438,0.3776745778,-0.00903447438,0.02705670707,-0.0040858672,-0.08257156851,0.07822243603,-0.002603322057,0.7303042276,0,0,0,1,0,0,0
26.2105608,24.19054627,rate,circle,1.439179301,3.39804244,-1.611532331,1.419343428,3.409065021,-2,-0.6256461143,0.6496449113,-0.01164773479,-0.6340792592,0.6387045428,0,0.3891299132,0.01806873877,0.2112793169,-0.00903447438,0.02705670707,-0.0040858672,0.01287011377,0.01725718582,-0.000942602059,0.7303562416,0,0,0,1,0,0,0
26.2205689,24.20055437,rate,circle,1.42849803,3.408683538,-1.611104608,1.412983129,3.415442926,-2,-0.6302032471,0.6455993056,-0.01217207871,-0.6369493166,0.6358424082,0,0.3892634425,0.01699605844,0.3124056137,-0.01657758653,0.03278079629,-0.00360059645,-0.05180293297,0.05950221222,-0.001763420702,0.730347229,0,0,0,1,0,0,0
26.2305603,24.21054578,rate,circle,1.423140883,3.413975716,-1.610905409,1.406604849,3.421781558,-2,-0.6325234771,0.6435297728,-0.01246678177,-0.6398017012,0.6329721819,0,0.3895240332,0.01788451616,0.275940154,-0.02155983634,0.03763611987,-0.004154885653,-0.03271668631,0.04710630218,-0.001261492026,0.730354887,0,0,0,1,0,0,0
26.24069595,24.22068143,rate,circle,1.41773808,3.419281006,-1.610699654,1.400105434,3.428182332,-2,-0.6348545551,0.6414633393,-0.01273610257,-0.6426820495,0.6300474452,0,0.3898011076,0.01880958836,0.2359171173,-0.02560090832,0.04175329581,-0.003153519938,-0.01651690045,0.03687353135,-0.0008472963862,0.7303719756,0,0,0,1,0,0,0
26.25057387,24.23055935,rate,circle,1.412324786,3.424566507,-1.610503912,1.393743261,3.434391761,-2,-0.6370703578,0.6393814087,-0.01308093127,-0.6454762923,0.6271844674,0,0.3900628299,0.01976198056,0.1987297097,-0.02652470022,0.04257358611,-0.002664503409,-0.004123774982,0.02963224383,-0.0005172644082,0.7303656279,0,0,0,1,0,0,0
26.2606349,24.24062037,rate,circle,1.406901598,3.429831743,-1.610318184,1.387234845,3.440687157,-2,-0.639246285,0.6372483969,-0.01336705033,-0.6483092207,0.6242556803,0,0.3903287576,0.02072740995,0.1600781027,-0.02560713515,0.03943705931,-0.002476758556,0.007841528666,0.02258743419,-0.0002000543932,0.7303713359,0,0,0,1,0,0,0
26.27057052,24.25055599,rate,circle,1.401468277,3.435076952,-1.610142112,1.380779649,3.446875102,-2,-0.6414628029,0.6350940466,-0.01363473386,-0.6510937961,0.6213508419,0,0.3905846755,0.02162261945,0.1262193408,-0.02578466199,0.03752012923,-0.002836968517,0.01669733187,0.01735744131,6.93332359e-05,0.7303771178,0,0,0,1,0,0,0
26.28054309,24.26052856,rate,circle,1.384982467,3.45077157,-1.609657645,1.374272687,3.453056978,-2,-0.6478460431,0.6286661029,-0.01442446467,-0.6538756403,0.618422709,0,0.3904959365,0.0186908625,0.3393232755,-0.02589037456,0.03487435356,-0.003914311063,-0.1161597453,0.09928042074,-0.002037547338,0.7302873844,0,0,0,1,0,0,0
26.29056287,24.27054834,rate,circle,1.384982467,3.45077157,-1.609657645,1.36770705,3.459238646,-2,-0.6478460431,0.6286661029,-0.01442446467,-0.6566573907,0.6154681724,0,0.3908161784,0.02144505529,0.1744278757,-0.02589037456,0.03487435356,-0.003914311063,-0.009891801301,0.03519071626,7.873753239e-05,0.7303353913,0,0,0,1,0,0,0
26.30050468,24.28049016,rate,circle,1.379469156,3.455961943,-1.609516025,1.361165017,3.465342894,-2,-0.6499579549,0.6264436245,-0.01457278524,-0.6594043022,0.6125242577,0,0.3910252918,0.02225642199,0.1418633498,-0.02270456776,0.03292174637,-0.002847068943,0.003373801698,0.02726878363,0.000461600211,0.7303591137,0,0,0,1,0,0,0
26.31055069,24.29053617,rate,circle,1.368361354,3.466305494,-1.609223604,1.354526752,3.471481321,-2,-0.6541008353,0.6219810247,-0.01515369676,-0.6621665946,0.6095370382,0,0.3910554653,0.02120244793,0.2326289743,-0.01955406182,0.02905550599,-0.002566016279,-0.05570571756,0.06248196265,-0.0004067143246,0.7302913396,0,0,0,1,0,0,0
26.32052279,24.30050826,rate,circle,1.357224822,3.476563454,-1.608968019,1.347909947,3.477544847,-2,-0.6581561565,0.6175206304,-0.01578855142,-0.6648951811,0.6065594762,0,0.391144142,0.02036761417,0.3213222083,-0.02564323321,0.03771281615,-0.002386755776,-0.1025832293,0.0896845446,-0.001149018103,0.7301983827,0,0,0,1,0,0,0
26.330585,24.31057048,rate,circle,1.357224822,3.476563454,-1.608968019,1.341205832,3.483633013,-2,-0.6581561565,0.6175206304,-0.01578855142,-0.6676348557,0.6035426244,0,0.3914238067,0.02311944512,0.1587277394,-0.02564323321,0.03771281615,-0.002386755776,0.00166907217,0.02918860136,0.001020564038,0.730244919,0,0,0,1,0,0,0
26.34058118,24.32056665,rate,circle,1.351610661,3.481682301,-1.608852863,1.33451849,3.4896511,-2,-0.6601814628,0.6152436733,-0.01611874625,-0.6703429951,0.6005333205,0,0.3916014895,0.02407208343,0.123360493,-0.02761282586,0.04086874425,-0.002487308346,0.01369491213,0.02226662263,0.001364621723,0.730213431,0,0,0,1,0,0,0
26.35055447,24.33053994,rate,circle,1.34035778,3.491854906,-1.608647704,1.327819549,3.495625369,-2,-0.6641685963,0.6106603742,-0.01666552201,-0.6730314162,0.597518797,0,0.3915712491,0.02299978804,0.1914461212,-0.03455128893,0.04733468965,-0.002413831651,-0.04652403672,0.0559573204,0.0003362499246,0.7301251871,0,0,0,1,0,0,0
26.36049032,24.3404758,rate,circle,1.334718943,3.496908665,-1.608557582,1.321119156,3.501547261,-2,-0.6661477685,0.6083564162,-0.01698689908,-0.6756962673,0.5945036202,0,0.39170606,0.02390875422,0.1478471617,-0.03712576628,0.04863649607,-0.002714083297,-0.02313645844,0.04236524568,0.0009620924875,0.7300869266,0,0,0,1,0,0,0
26.3705492,24.35053468,rate,circle,1.329071879,3.501940489,-1.608475685,1.314308897,3.507511898,-2,-0.6680936813,0.6060010791,-0.01730966941,-0.6783803541,0.5914390038,0,0.3918421562,0.02484943318,0.1070990799,-0.03575907275,0.04505299032,-0.002374108881,-0.003170068897,0.03082523974,0.001499919151,0.7300455429,0,0,0,1,0,0,0
26.3805213,24.36050677,rate,circle,1.312082529,3.516970634,-1.608247519,1.307530813,3.513394586,-2,-0.6736406684,0.5987688899,-0.01823035255,-0.6810275637,0.5883888659,0,0.3917952437,0.02224088296,0.2918306695,-0.03318879381,0.04116780311,-0.00244684983,-0.1271736688,0.09798773277,-0.0009517972425,0.7298428579,0,0,0,1,0,0,0
26.39053988,24.37052536,rate,circle,1.312082529,3.516970634,-1.608247519,1.300694614,3.519274011,-2,-0.6736406684,0.5987688899,-0.01823035255,-0.6836733049,0.5853125764,0,0.3919247337,0.02478047464,0.1307424861,-0.03318879381,0.04116780311,-0.00244684983,-0.0152312677,0.03682205139,0.001639648986,0.7298844421,0,0,0,1,0,0,0
26.40055108,24.38053656,rate,circle,1.306403875,3.521934986,-1.608180761,1.293837051,3.525118253,-2,-0.6754239202,0.5963757634,-0.01854586415,-0.6863032139,0.5822266729,0,0.3920336389,0.02573917,0.09350549757,-0.03358010948,0.04210350662,-0.001485234359,0.004184856897,0.02664303274,0.002142809002,0.7298397824,0,0,0,1,0,0,0
26.41055012,24.39053559,rate,circle,1.300718904,3.526888609,-1.608123183,1.286961605,3.530924501,-2,-0.677169919,0.593927145,-0.0187858101,-0.6889160252,0.5791327224,0,0.3921389947,0.02664118264,0.07213927352,-0.03291570768,0.04170503467,-0.001277242205,0.02030909025,0.01816773027,0.002562081786,0.729810697,0,0,0,1,0,0,0
26.42052555,24.40051103,rate,circle,1.283618212,3.541608334,-1.607998252,1.280076426,3.536686156,-2,-0.6823384762,0.5863636732,-0.01983378083,-0.6915087704,0.5760343917,0,0.3920486482,0.0241695514,0.2058759027,-0.04133701324,0.04826619104,-0.00105298555,-0.1043658585,0.08180946961,-0.000169933722,0.7295435394,0,0,0,1,0,0,0
26.43054557,24.41053104,rate,circle,1.283618212,3.541608334,-1.607998252,1.273134507,3.54244239,-2,-0.6823384762,0.5863636732,-0.01983378083,-0.6940990757,0.572910528,0,0.3921427983,0.02669602363,0.06888451468,-0.04133701324,0.04826619104,-0.00105298555,0.004843563462,0.02469146789,0.00245539167,0.7295819401,0,0,0,1,0,0,0
26.44056273,24.4205482,rate,circle,1.277902007,3.546470881,-1.607972264,1.266168696,3.548165635,-2,-0.6839846969,0.583799243,-0.02013244852,-0.6966745356,0.5697759134,0,0.3922069458,0.0276224775,0.07247449275,-0.04133816808,0.04705510288,-0.001143707777,0.02320430675,0.01476677686,0.002923573262,0.7295260037,0,0,0,1,0,0,0
26.45053172,24.4305172,rate,circle,1.272185445,3.551308393,-1.607953906,1.259210833,3.553830131,-2,-0.6855652928,0.5811803341,-0.02045886964,-0.6992235591,0.566644875,0,0.3922688357,0.02857259444,0.1087625447,-0.03720519319,0.04324625805,-0.001201745356,0.03857170628,0.006538479311,0.003325783239,0.7294598749,0,0,0,1,0,0,0
26.46051812,24.4405036,rate,circle,1.266461849,3.556121588,-1.60793829,1.252215416,3.559473165,-2,-0.6871376634,0.5785171986,-0.020845728,-0.7017629244,0.563496937,0,0.3923347788,0.02956435172,0.1571753496,-0.03919148818,0.04291016981,-9.217107436e-05,0.05194990122,-0.0006604870134,0.003631944861,0.7293769781,0,0,0,1,0,0,0
26.47054482,24.45053029,rate,circle,1.254990816,3.565679312,-1.607926726,1.245166331,3.565107283,-2,-0.6902000308,0.5732116699,-0.02143967152,-0.7042982774,0.5603248491,0,0.3921967614,0.02871393775,0.1033042702,-0.03900692239,0.04323882237,-0.001844226965,-0.003800091132,0.02637806745,0.002409811402,0.7292139697,0,0,0,1,0,0,0
26.48051524,24.46050072,rate,circle,1.249243498,3.570423841,-1.607930422,1.238131668,3.570678189,-2,-0.6916918755,0.5704656839,-0.0217634663,-0.706805185,0.5571592505,0,0.3922270919,0.02964998755,0.1513856457,-0.03538404778,0.03937520832,-0.0003884497855,0.02025105378,0.0136068198,0.00301550481,0.7291396125,0,0,0,1,0,0,0
26.49054861,24.47053409,rate,circle,1.243489861,3.575143337,-1.607941031,1.231027435,3.576252345,-2,-0.6931119561,0.5677434206,-0.02200921625,-0.7093135552,0.5539623456,0,0.3922585586,0.03060744093,0.2016214321,-0.02906177752,0.03379580379,3.822152576e-05,0.0405766547,0.003616547841,0.003515614437,0.7290831069,0,0,0,1,0,0,0
26.50055218,24.48053765,rate,circle,1.231962562,3.584517241,-1.607978821,1.22391932,3.581777955,-2,-0.6960014701,0.5622467995,-0.02240499482,-0.7118000796,0.5507636941,0,0.392113252,0.02972274488,0.1242955595,-0.01447024476,0.0218835827,0.0002442429541,-0.0130071524,0.02846246186,0.002264372706,0.7289538295,0,0,0,1,0,0,0
26.51054668,24.49053216,rate,circle,1.226188779,3.589171886,-1.608005524,1.216792875,3.58726655,-2,-0.6973713636,0.5595374107,-0.02252315916,-0.7142699473,0.5475567937,0,0.3921116968,0.03060049043,0.1638397048,-0.009871480055,0.018076621,-0.0001466135582,0.01387362283,0.01623777541,0.002984135421,0.7289243391,0,0,0,1,0,0,0
26.52049232,24.50047779,rate,circle,1.214636207,3.598404884,-1.608057261,1.209676847,3.592696433,-2,-0.7001206279,0.5540137291,-0.02288110927,-0.7167133946,0.5443545811,0,0.3920156792,0.02986911801,0.08122209655,0.0004530002188,0.01362399757,0.000936249271,-0.03547629954,0.03882399321,0.001811546494,0.728800607,0,0,0,1,0,0,0
26.53053737,24.51052284,rate,circle,1.214636207,3.598404884,-1.608057261,1.20246509,3.598148212,-2,-0.7001206279,0.5540137291,-0.02288110927,-0.7191666954,0.5411092904,0,0.3921317546,0.03244722467,0.2388523247,0.0004530002188,0.01362399757,0.000936249271,0.06511226494,-0.007324089121,0.004308951683,0.7288350275,0,0,0,1,0,0,0
26.5405457,24.52053118,rate,circle,1.208844781,3.603000641,-1.608094454,1.195255258,3.603547589,-2,-0.7015736103,0.551283896,-0.0229556784,-0.7215964149,0.5378648659,0,0.3921414686,0.03328582646,0.2720818405,0.005336622708,0.01193388738,0.0007622691919,0.074671925,-0.01108980806,0.004536135191,0.7288130346,0,0,0,1,0,0,0
26.55054212,24.53052759,rate,circle,1.197242022,3.612116575,-1.608183146,1.188029812,3.608908066,-2,-0.7043028474,0.5457995534,-0.0231878981,-0.7240086298,0.5346134154,0,0.3919382691,0.03242107591,0.1711421564,0.00900926441,0.008858474903,-0.00091609027,0.01285032692,0.01782978481,0.003151996318,0.7287086207,0,0,0,1,0,0,0
26.560498,24.54048347,rate,circle,1.191431165,3.616636276,-1.608235002,1.180809768,3.61421445,-2,-0.7056104541,0.5429677367,-0.02333014831,-0.7263965027,0.5313643956,0,0.3919164366,0.03333156403,0.2022699367,0.01084721088,0.007836977951,0.0001524639811,0.03399516251,0.008262511456,0.00372703326,0.7286643102,0,0,0,1,0,0,0
26.57053781,24.55052328,rate,circle,1.185601473,3.62115097,-1.608298302,1.173504862,3.619532754,-2,-0.7070019841,0.5401742458,-0.02338989452,-0.7287897391,0.5280771877,0,0.3918917798,0.03417794974,0.2311817777,0.01593156159,0.006089857314,0.001079409267,0.05039405195,0.00134394398,0.004150867199,0.7286372752,0,0,0,1,0,0,0
26.58053136,24.56051683,rate,circle,1.179764986,3.625639915,-1.608365059,1.166209821,3.624793727,-2,-0.7084181309,0.5374043584,-0.02344419435,-0.731157177,0.5247944193,0,0.3918703684,0.03501007041,0.2561945775,0.02225664444,0.003017534735,0.0005720840418,0.06273186024,-0.003424393131,0.004496841977,0.7286106227,0,0,0,1,0,0,0
26.59053326,24.57051873,rate,circle,1.173921824,3.630103111,-1.608435869,1.158885074,3.630026192,-2,-0.7097486854,0.534632206,-0.02355078422,-0.7335117863,0.5214982832,0,0.3918527508,0.03594195783,0.2810962183,0.0257768929,0.001368771773,0.0004706664477,0.07340181652,-0.007065917978,0.004799810672,0.7285700704,0,0,0,1,0,0,0
26.60052776,24.58051324,rate,circle,1.156347036,3.64338994,-1.608685374,1.151542289,3.635221807,-2,-0.7140395045,0.5264464617,-0.02372189239,-0.7358498129,0.5181940301,0,0.3914293555,0.03326440078,0.07535929792,0.03121863678,0.002426253632,0.0003804926237,-0.06500327635,0.05327326789,0.001479991394,0.7283940861,0,0,0,1,0,0,0
26.61053252,24.590518,rate,circle,1.156347036,3.64338994,-1.608685374,1.144168644,3.640389623,-2,-0.7140395045,0.5264464617,-0.02372189239,-0.7381753303,0.5148758896,0,0.3915155827,0.03576512833,0.1810526677,0.03121863678,0.002426253632,0.0003804926237,0.04247542285,0.008091637449,0.004255717954,0.7284340355,0,0,0,1,0,0,0
26.62050128,24.60048676,rate,circle,1.144585252,3.652136564,-1.608873248,1.136798465,3.645505773,-2,-0.71693331,0.5209624767,-0.02381695434,-0.740477598,0.5115593092,0,0.3912604471,0.03478505961,0.08371046737,0.03686152771,-0.0002061999112,0.001026620041,-0.01973952813,0.03442327624,0.002785876609,0.7283250346,0,0,0,1,0,0,0
26.63052249,24.61050797,rate,circle,1.144585252,3.652136564,-1.608873248,1.12936645,3.650615468,-2,-0.71693331,0.5209624767,-0.02381695434,-0.7427769605,0.5082149024,0,0.3914256784,0.03738505361,0.2177214603,0.03686152771,-0.0002061999112,0.001026620041,0.07787195213,-0.005522025548,0.005259109687,0.7283669412,0,0,0,1,0,0,0
26.6405015,24.62048697,rate,circle,1.132791519,3.660791874,-1.609099507,1.121942909,3.65567029,-2,-0.7199298739,0.5154078007,-0.02390546352,-0.7450516304,0.5048743092,0,0.3910845409,0.03624263061,0.1011703513,0.0439462401,-0.00430927705,0.0007041961071,0.006137976206,0.02386197879,0.00356096769,0.7282442842,0,0,0,1,0,0,0
26.65053821,24.63052368,rate,circle,1.126881838,3.665086985,-1.609229922,1.114453627,3.660720661,-2,-0.7214769721,0.5126637816,-0.02397492155,-0.7473242975,0.501504132,0,0.3909920445,0.03697862722,0.111427063,0.04493054003,-0.004992479458,0.001007057028,0.02313934393,0.01752489601,0.004063309658,0.7281919199,0,0,0,1,0,0,0
26.66054392,24.64052939,rate,circle,1.115049839,3.673600674,-1.609497786,1.106964843,3.665721716,-2,-0.7246071696,0.5071172714,-0.02400328964,-0.7495747723,0.4981341794,0,0.3906653614,0.03578037225,0.1198623935,0.04798992723,-0.002829185221,0.002489754232,-0.04016904497,0.04212900054,0.00250610665,0.7280657663,0,0,0,1,0,0,0
26.67052841,24.65051389,rate,circle,1.109122753,3.677822351,-1.609636068,1.099469571,3.670678504,-2,-0.7262352109,0.5043584108,-0.02411741018,-0.7518053267,0.4947613069,0,0.3905486111,0.03643603572,0.1156264833,0.05094541237,-0.003385460703,0.001787642366,-0.01689641899,0.03290944901,0.00318407627,0.7279983571,0,0,0,1,0,0,0
26.68050599,24.66049147,rate,circle,1.097239256,3.686189175,-1.609919429,1.091957317,3.675598167,-2,-0.7295386195,0.498888731,-0.0241848249,-0.7540191753,0.4913807925,0,0.3902600676,0.03522176186,0.2438031953,0.04649624974,0.0004314598336,0.001215177705,-0.07651642753,0.0552704875,0.001716416682,0.7278525082,0,0,0,1,0,0,0
26.69053769,24.67052317,rate,circle,1.097239256,3.686189175,-1.609919429,1.084382122,3.680510462,-2,-0.7295386195,0.498888731,-0.0241848249,-0.756229708,0.4879719548,0,0.3903337107,0.0376363649,0.107163415,0.04649624974,0.0004314598336,0.001215177705,0.0289828159,0.01553302678,0.004542411964,0.7279030478,0,0,0,1,0,0,0
26.70054054,24.68052602,rate,circle,1.091282606,3.690335035,-1.610053658,1.076806708,3.685374532,-2,-0.7311838269,0.4961671531,-0.0241984576,-0.7584185394,0.4845630187,0,0.3902464702,0.03823546583,0.1021553205,0.04223154113,0.004797435366,0.00162595138,0.03634080109,0.01307627169,0.004745525267,0.7278638025,0,0,0,1,0,0,0
26.71057391,24.69055939,rate,circle,1.085320592,3.694461346,-1.610186338,1.069186266,3.690219137,-2,-0.7328866124,0.4934392273,-0.02422497608,-0.7605986115,0.4811338195,0,0.3901704801,0.03881014583,0.09665556006,0.03675228357,0.0104515506,0.001907481928,0.04235844375,0.01093285757,0.004895777131,0.7278220469,0,0,0,1,0,0,0
26.72051907,24.70050454,rate,circle,1.067375779,3.706688643,-1.610596895,1.061611313,3.694987144,-2,-0.7380798459,0.4851031303,-0.02416499332,-0.762744215,0.477725091,0,0.3896215242,0.03530882989,0.319315895,0.02136831544,0.01645258814,0.002795901615,-0.1080338793,0.06256121656,0.0008015394988,0.7276181442,0,0,0,1,0,0,0
26.73054624,24.71053171,rate,circle,1.067375779,3.706688643,-1.610596895,1.053952366,3.699760104,-2,-0.7380798459,0.4851031303,-0.02416499332,-0.7648920467,0.4742785646,0,0.3896959978,0.03768304973,0.1592079407,0.02136831544,0.01645258814,0.002795901615,0.003343003524,0.02305541474,0.003891481785,0.7276724406,0,0,0,1,0,0,0
26.74053621,24.72052169,rate,circle,1.049338222,3.718702793,-1.611021161,1.046300488,3.704480944,-2,-0.7432240844,0.4766592383,-0.02397078089,-0.7670164249,0.4708352195,0,0.3892505953,0.03427233576,0.4237976387,0.02387296595,0.01200329699,0.002666403307,-0.1400054336,0.07015034695,-0.0001257818113,0.7274938866,0,0,0,1,0,0,0
26.75053287,24.73051834,rate,circle,1.049338222,3.718702793,-1.611021161,1.03862233,3.709170458,-2,-0.7432240844,0.4766592383,-0.02397078089,-0.7691267062,0.4673800486,0,0.3892431539,0.03649174583,0.2558000178,0.02387296595,0.01200329699,0.002666403307,-0.02368265303,0.03033262145,0.003202094253,0.7275497055,0,0,0,1,0,0,0
26.76051903,24.7405045,rate,circle,1.037243366,3.726588964,-1.611289024,1.030931245,3.713820518,-2,-0.746799171,0.471013993,-0.02372317389,-0.7712192331,0.4639190603,0,0.3889718482,0.03477738464,0.3865021309,0.02374754846,0.01111512445,0.002963547828,-0.08837843055,0.05028331605,0.001348187045,0.7274817249,0,0,0,1,0,0,0
26.7705276,24.75051308,rate,circle,1.037243366,3.726588964,-1.611289024,1.023202011,3.718446288,-2,-0.746799171,0.471013993,-0.02372317389,-0.7733008296,0.4604409049,0,0.389049721,0.0371068334,0.2197086748,0.02374754846,0.01111512445,0.002963547828,0.01635983031,0.01580632242,0.004303025515,0.7275390835,0,0,0,1,0,0,0
26.78051519,24.76050067,rate,circle,1.018993497,3.738234043,-1.61169672,1.015468289,3.723027613,-2,-0.7522827387,0.4624903798,-0.02338923328,-0.7753624257,0.45696073,0,0.3886169062,0.03332124269,0.4844136567,0.004035578575,0.02048266493,0.00352766132,-0.1358016068,0.06208468903,-0.000207229333,0.7273951388,0,0,0,1,0,0,0
26.79052353,24.770509,rate,circle,1.018993497,3.738234043,-1.61169672,1.007697929,3.727583539,-2,-0.7522827387,0.4624903798,-0.02338923328,-0.7774125924,0.4534640682,0,0.3886135101,0.03549704329,0.3137601706,0.004035578575,0.02048266493,0.00352766132,-0.02201810823,0.02603742486,0.003115912353,0.7274535968,0,0,0,1,0,0,0
26.80049682,24.78048229,rate,circle,1.006771445,3.745842457,-1.611968398,0.9999344476,3.732088653,-2,-0.7559337616,0.4567185044,-0.0232706219,-0.7794398937,0.4499705014,0,0.388335468,0.03375789736,0.4230831804,-0.002803887473,0.02168474719,0.002766469261,-0.08823067579,0.04403842924,0.001047012256,0.7273500622,0,0,0,1,0,0,0
26.81054568,24.79053116,rate,circle,1.006771445,3.745842457,-1.611968398,0.9920917635,3.736592621,-2,-0.7559337616,0.4567185044,-0.0232706219,-0.7814666796,0.4464412936,0,0.3884193309,0.03604265266,0.2524718858,-0.002803887473,0.02168474719,0.002766469261,0.0156897539,0.01254231092,0.004045749707,0.7274092529,0,0,0,1,0,0,0
26.82053208,24.80051756,rate,circle,1.000642538,3.749608278,-1.612094283,0.9842777328,3.741033413,-2,-0.7577316165,0.4537869394,-0.02317241766,-0.7834650358,0.4429249798,0,0.3883454395,0.03629258843,0.2221332356,-0.002232948784,0.01992524229,0.003571039764,0.02046524521,0.01025880954,0.004048876723,0.7274003168,0,0,0,1,0,0,0
26.83052421,24.81050968,rate,circle,0.9883520007,3.757045269,-1.612336993,0.9764393304,3.745441558,-2,-0.7612408996,0.4479127824,-0.02282085828,-0.7854487013,0.4393976987,0,0.3880195416,0.03434116903,0.327113513,-0.005499664228,0.01870307513,0.00324862753,-0.05273411011,0.02979637163,0.001742571347,0.7273660366,0,0,0,1,0,0,0
26.84049916,24.82048464,rate,circle,0.9760158062,3.764363527,-1.612572432,0.9685947031,3.749806933,-2,-0.7647874951,0.442043215,-0.02256032825,-0.7874131196,0.4358676164,0,0.3877719536,0.03254266913,0.4286982782,-0.01317952387,0.02054816298,0.003749493044,-0.1110991082,0.044314825,-0.0001767439294,0.727311189,0,0,0,1,0,0,0
26.8505311,24.83051658,rate,circle,0.9760158062,3.764363527,-1.612572432,0.9606855801,3.754161685,-2,-0.7647874951,0.442043215,-0.02256032825,-0.7893727581,0.4323085111,0,0.3878649433,0.03475871155,0.2567971084,-0.01317952387,0.02054816298,0.003749493044,-0.001455182748,0.01391143227,0.003065894962,0.7273707522,0,0,0,1,0,0,0
26.86054587,24.84053135,rate,circle,0.9636306763,3.771568298,-1.612802386,0.9527704627,3.758473328,-2,-0.7682765722,0.4360257387,-0.02218484692,-0.7913129976,0.4287467082,0,0.3875711735,0.03279982642,0.3531151727,-0.01751800813,0.02054652199,0.003914829809,-0.06971653497,0.02982141877,0.0007757861078,0.7273464918,0,0,0,1,0,0,0
26.87054205,24.85052752,rate,circle,0.9574267268,3.775126934,-1.612914443,0.9448507461,3.76274135,-2,-0.7700141668,0.4330735803,-0.02201876603,-0.7932336076,0.4251828358,0,0.3874877887,0.032958039,0.3131219456,-0.02236401848,0.02155056223,0.003665239317,-0.04579941367,0.02287361156,0.001360559494,0.7273600915,0,0,0,1,0,0,0
26.88050961,24.86049509,rate,circle,0.9449845552,3.782167673,-1.61315763,0.93693466,3.766961642,-2,-0.7733653188,0.4270909727,-0.02172911167,-0.7951327387,0.421620597,0,0.3872247971,0.03123939619,0.3972731179,-0.03223055601,0.02260494605,0.004520457704,-0.1032305212,0.03601979857,-0.0006809205642,0.7273112788,0,0,0,1,0,0,0
26.89053202,24.87051749,rate,circle,0.9449845552,3.782167673,-1.61315763,0.9289560182,3.771169308,-2,-0.7733653188,0.4270909727,-0.02172911167,-0.7970261884,0.4180302082,0,0.3873304756,0.03337796427,0.2245072019,-0.03223055601,0.02260494605,0.004520457704,0.005555375553,0.008542658624,0.002584932721,0.7273698787,0,0,0,1,0,0,0
26.90054154,24.88052702,rate,circle,0.9387469292,3.785650015,-1.613280296,0.9209687663,3.775335611,-2,-0.7749581337,0.4240770936,-0.0216283612,-0.7989010249,0.4144359448,0,0.3872655151,0.03367491348,0.1780345546,-0.03310900554,0.02087001689,0.003526732791,0.01617368146,0.005607514895,0.002709570701,0.7273634281,0,0,0,1,0,0,0
26.91053295,24.89051843,rate,circle,0.9262262583,3.792523623,-1.613532782,0.9129773388,3.779458451,-2,-0.7782587409,0.4180369675,-0.02134463936,-0.8007563029,0.4108398025,0,0.3869149047,0.0318360348,0.2576638128,-0.03619254008,0.01767363027,0.003260295372,-0.05218268233,0.02126486174,0.0003355118282,0.7273094723,0,0,0,1,0,0,0
26.92051792,24.9005034,rate,circle,0.9136632085,3.79929471,-1.613786221,0.9049726219,3.783542697,-2,-0.7813369632,0.4119143188,-0.02098487504,-0.8025942139,0.4072376798,0,0.3866325589,0.03023419651,0.3367471548,-0.03320391476,0.01359088905,0.003842819482,-0.1047438342,0.0323059904,-0.001555183015,0.727275783,0,0,0,1,0,0,0
26.93052936,24.91051483,rate,circle,0.9136632085,3.79929471,-1.613786221,0.8969283458,3.787601617,-2,-0.7813369632,0.4119143188,-0.02098487504,-0.8044207278,0.4036177556,0,0.3867529799,0.03228092519,0.1638556349,-0.03320391476,0.01359088905,0.003842819482,0.006487548403,0.006743750761,0.001821760314,0.7273324778,0,0,0,1,0,0,0
26.94052005,24.92050552,rate,circle,0.8947618008,3.809221745,-1.614145041,0.8888825886,3.791615959,-2,-0.7857362628,0.4026933014,-0.02058490179,-0.8062271815,0.3999971648,0,0.3863011501,0.02916993455,0.3722445022,-0.03259958327,0.01125722565,0.003293675138,-0.1337294597,0.0367812242,-0.002879858297,0.7272268568,0,0,0,1,0,0,0
26.95052886,24.93051434,rate,circle,0.8947618008,3.809221745,-1.614145041,0.8808042238,3.79560127,-2,-0.7857362628,0.4026933014,-0.02058490179,-0.8080205713,0.3963619007,0,0.3863474874,0.03099056668,0.1988699323,-0.03259958327,0.01125722565,0.003293675138,-0.0161505091,0.0111313664,0.0007412579426,0.7272825381,0,0,0,1,0,0,0
26.96049976,24.94048524,rate,circle,0.8884418607,3.812479973,-1.614265203,0.8727386895,3.799535268,-2,-0.7871764302,0.3996194601,-0.02040492371,-0.8097908705,0.3927324103,0,0.3862712625,0.03122827686,0.1529193653,-0.03274588659,0.01139560901,0.003459223313,0.0008533964509,0.007370073136,0.001077823777,0.7272960611,0,0,0,1,0,0,0
26.97055411,24.95053959,rate,circle,0.8820971847,3.815696239,-1.614366889,0.8645878637,3.803465505,-2,-0.7886334062,0.3965914547,-0.02025227807,-0.811559477,0.3890645387,0,0.3862241105,0.0315026024,0.1071149802,-0.03160615265,0.01142199989,0.00397456577,0.01528593632,0.004545684843,0.001313290797,0.7273096001,0,0,0,1,0,0,0
26.98052955,24.96051502,rate,circle,0.869378686,3.822054863,-1.614573836,0.8564835224,3.807328408,-2,-0.7915266752,0.3904512525,-0.02019044757,-0.8132977838,0.3854175851,0,0.3859228956,0.03011599488,0.183792125,-0.03895332292,0.01215752121,0.003995920066,-0.04947492399,0.01732319084,-0.0009889427372,0.7272174838,0,0,0,1,0,0,0
26.99053359,24.97051907,rate,circle,0.8630051613,3.825195789,-1.614679337,0.8483386046,3.811165816,-2,-0.7929081917,0.3872627616,-0.02008067816,-0.8150246171,0.3817523721,0,0.3858548454,0.03037654194,0.1340080229,-0.03961808607,0.01067592949,0.004128973931,-0.02308269915,0.0109920483,-0.0003556894914,0.7272175647,0,0,0,1,0,0,0
27.00052118,24.98050666,rate,circle,0.850200057,3.831374168,-1.614899516,0.8401899299,3.814960298,-2,-0.7955486774,0.3810601234,-0.01992598549,-0.8167321339,0.3780854685,0,0.3855800831,0.02923409477,0.2107921436,-0.03379201144,0.008335214108,0.003938491922,-0.07801659006,0.0208574396,-0.002331775671,0.7271452339,0,0,0,1,0,0,0
27.01053262,24.99051809,rate,circle,0.850200057,3.831374168,-1.614899516,0.8320047709,3.818727044,-2,-0.7955486774,0.3810601234,-0.01992598549,-0.8184271699,0.3744021469,0,0.3857374766,0.03106121319,0.04175257406,-0.03379201144,0.008335214108,0.003938491922,0.03095496653,0.000670139276,0.0009882359666,0.7271985839,0,0,0,1,0,0,0
27.02053666,25.00052214,rate,circle,0.8309044242,3.840447664,-1.615234017,0.8238087867,3.822454137,-2,-0.7993843555,0.3717509806,-0.01943872496,-0.8201043618,0.370713954,0,0.3852518351,0.02842988064,0.2522489225,-0.02432704344,0.005085357465,0.003300526878,-0.1120296822,0.02585915341,-0.003761095401,0.7271268947,0,0,0,1,0,0,0
27.03055096,25.01053643,rate,circle,0.8309044242,3.840447664,-1.615234017,0.8155876821,3.826148059,-2,-0.7993843555,0.3717509806,-0.01943872496,-0.8217666265,0.3670144569,0,0.3853361425,0.03002107156,0.08078830331,-0.02432704344,0.005085357465,0.003300526878,0.004356253731,0.005486358806,-0.0001673478827,0.727179575,0,0,0,1,0,0,0
27.04051328,25.02049875,rate,circle,0.8244324923,3.843417168,-1.615345597,0.8073928114,3.829786012,-2,-0.8006265163,0.3686400056,-0.01927200705,-0.8234037052,0.3633267651,0,0.3852728497,0.03030579338,0.04484737087,-0.02164945565,0.003649654333,0.003680637106,0.0194748162,0.00296400553,0.0001570971605,0.7271915356,0,0,0,0,0,0,0
